-- MySQL dump 10.16  Distrib 10.2.8-MariaDB, for Linux (x86_64)
--
-- Host: localhost    Database: application
-- ------------------------------------------------------
-- Server version	10.2.8-MariaDB

/*!40101 SET @OLD_CHARACTER_SET_CLIENT=@@CHARACTER_SET_CLIENT */;
/*!40101 SET @OLD_CHARACTER_SET_RESULTS=@@CHARACTER_SET_RESULTS */;
/*!40101 SET @OLD_COLLATION_CONNECTION=@@COLLATION_CONNECTION */;
/*!40101 SET NAMES utf8 */;
/*!40103 SET @OLD_TIME_ZONE=@@TIME_ZONE */;
/*!40103 SET TIME_ZONE='+00:00' */;
/*!40014 SET @OLD_UNIQUE_CHECKS=@@UNIQUE_CHECKS, UNIQUE_CHECKS=0 */;
/*!40014 SET @OLD_FOREIGN_KEY_CHECKS=@@FOREIGN_KEY_CHECKS, FOREIGN_KEY_CHECKS=0 */;
/*!40101 SET @OLD_SQL_MODE=@@SQL_MODE, SQL_MODE='NO_AUTO_VALUE_ON_ZERO' */;
/*!40111 SET @OLD_SQL_NOTES=@@SQL_NOTES, SQL_NOTES=0 */;

--
-- Table structure for table `armor`
--

DROP TABLE IF EXISTS `armor`;
/*!40101 SET @saved_cs_client     = @@character_set_client */;
/*!40101 SET character_set_client = utf8 */;
CREATE TABLE `armor` (
  `id` int(10) unsigned NOT NULL AUTO_INCREMENT,
  `name` varchar(64) COLLATE utf8_unicode_ci NOT NULL,
  `slug` varchar(64) COLLATE utf8_unicode_ci NOT NULL,
  `type` varchar(32) COLLATE utf8_unicode_ci NOT NULL,
  `attributes` longtext CHARACTER SET utf8mb4 COLLATE utf8mb4_bin NOT NULL,
  PRIMARY KEY (`id`),
  UNIQUE KEY `UNIQ_BF27FEFC5E237E06` (`name`),
  UNIQUE KEY `UNIQ_BF27FEFC989D9B62` (`slug`),
  KEY `type_idx` (`type`)
) ENGINE=InnoDB AUTO_INCREMENT=640 DEFAULT CHARSET=utf8 COLLATE=utf8_unicode_ci;
/*!40101 SET character_set_client = @saved_cs_client */;

--
-- Dumping data for table `armor`
--

LOCK TABLES `armor` WRITE;
/*!40000 ALTER TABLE `armor` DISABLE KEYS */;
INSERT INTO `armor` VALUES (1,'Leather Headgear','leather-headgear','head','{\"defense\":2,\"resistFire\":2}'),(2,'Leather Mail','leather-mail','chest','{\"defense\":2,\"resistFire\":2}'),(3,'Leather Gloves','leather-gloves','gloves','{\"defense\":2,\"resistFire\":2}'),(4,'Leather Belt','leather-belt','waist','{\"defense\":2,\"resistFire\":2}'),(5,'Leather Trousers','leather-trousers','legs','{\"defense\":2,\"resistFire\":2}'),(6,'Chainmail Headgear','chainmail-headgear','head','{\"defense\":2,\"resistWater\":2}'),(7,'Chainmail Vest','chainmail-vest','chest','{\"defense\":2,\"resistWater\":2}'),(8,'Chainmail Gloves','chainmail-gloves','gloves','{\"defense\":2,\"resistWater\":2}'),(9,'Chainmail Belt','chainmail-belt','waist','{\"defense\":2,\"resistWater\":2}'),(10,'Chainmail Trousers','chainmail-trousers','legs','{\"defense\":2,\"resistWater\":2}'),(11,'Hunter\'s Headgear','hunters-headgear','head','{\"defense\":6,\"resistFire\":2,\"resistWater\":2}'),(12,'Hunter\'s Mail','hunters-mail','chest','{\"defense\":6,\"resistFire\":2,\"resistWater\":2}'),(13,'Hunter\'s Vambraces','hunters-vambraces','gloves','{\"defense\":6,\"resistFire\":2,\"resistWater\":2}'),(14,'Hunter\'s Coil','hunters-coil','waist','{\"defense\":6,\"resistFire\":2,\"resistWater\":2}'),(15,'Hunter\'s Greaves','hunters-greaves','legs','{\"defense\":6,\"resistFire\":2,\"resistWater\":2}'),(16,'Bone Helm','bone-helm','head','{\"defense\":6,\"resistFire\":2,\"resistThunder\":2,\"resistDragon\":2}'),(17,'Bone Mail','bone-mail','chest','{\"defense\":6,\"resistFire\":2,\"resistThunder\":2,\"resistDragon\":2}'),(18,'Bone Vambraces','bone-vambraces','gloves','{\"defense\":6,\"resistFire\":2,\"resistThunder\":2,\"resistDragon\":2}'),(19,'Bone Coil','bone-coil','waist','{\"defense\":6,\"resistFire\":2,\"resistThunder\":2,\"resistDragon\":2}'),(20,'Bone Greaves','bone-greaves','legs','{\"defense\":6,\"resistFire\":2,\"resistThunder\":2,\"resistDragon\":2}'),(21,'Vespoid Helm','vespoid-helm','head','{\"defense\":8,\"resistFire\":-2,\"resistWater\":1,\"resistThunder\":1,\"resistIce\":1,\"resistDragon\":2}'),(22,'Vespoid Mail','vespoid-mail','chest','{\"defense\":8,\"resistFire\":-2,\"resistWater\":1,\"resistThunder\":1,\"resistIce\":1,\"resistDragon\":2}'),(23,'Vespoid Vambraces','vespoid-vambraces','gloves','{\"defense\":8,\"resistFire\":-2,\"resistWater\":1,\"resistThunder\":1,\"resistIce\":1,\"resistDragon\":2}'),(24,'Vespoid Coil','vespoid-coil','waist','{\"defense\":8,\"resistFire\":-2,\"resistWater\":1,\"resistThunder\":1,\"resistIce\":1,\"resistDragon\":2}'),(25,'Vespoid Greaves','vespoid-greaves','legs','{\"defense\":8,\"resistFire\":-2,\"resistWater\":1,\"resistThunder\":1,\"resistIce\":1,\"resistDragon\":2}'),(26,'Kestodon Guards','kestodon-guards','gloves','{\"defense\":12,\"resistFire\":4}'),(27,'Gajau Boots','gajau-boots','legs','{\"defense\":12,\"resistWater\":5}'),(28,'Jagras Helm','jagras-helm','head','{\"defense\":8,\"resistFire\":-2,\"resistWater\":2,\"resistThunder\":-1,\"resistIce\":-1,\"resistDragon\":1}'),(29,'Jagras Mail','jagras-mail','chest','{\"defense\":8,\"resistFire\":-2,\"resistWater\":2,\"resistThunder\":-1,\"resistIce\":-1,\"resistDragon\":1}'),(30,'Jagras Vambraces','jagras-vambraces','gloves','{\"defense\":8,\"resistFire\":-2,\"resistWater\":2,\"resistThunder\":-1,\"resistIce\":-1,\"resistDragon\":1}'),(31,'Jagras Coil','jagras-coil','waist','{\"defense\":8,\"resistFire\":-2,\"resistWater\":2,\"resistThunder\":-1,\"resistIce\":-1,\"resistDragon\":1}'),(32,'Jagras Greaves','jagras-greaves','legs','{\"defense\":8,\"resistFire\":-2,\"resistWater\":2,\"resistThunder\":-1,\"resistIce\":-1,\"resistDragon\":1}'),(33,'Kulu Headpiece','kulu-headpiece','head','{\"defense\":10,\"resistWater\":-3,\"resistIce\":1}'),(34,'Kulu Mail','kulu-mail','chest','{\"defense\":10,\"resistWater\":-3,\"resistIce\":1}'),(35,'Kulu Vambraces','kulu-vambraces','gloves','{\"defense\":10,\"resistWater\":-3,\"resistIce\":1}'),(36,'Kulu Coil','kulu-coil','waist','{\"defense\":10,\"resistWater\":-3,\"resistIce\":1}'),(37,'Kulu Greaves','kulu-greaves','legs','{\"defense\":10,\"resistWater\":-3,\"resistIce\":1}'),(38,'Alloy Helm','alloy-helm','head','{\"defense\":8,\"resistFire\":-2,\"resistWater\":1,\"resistThunder\":-2,\"resistIce\":-2,\"resistDragon\":1}'),(39,'Alloy Mail','alloy-mail','chest','{\"defense\":8,\"resistFire\":-2,\"resistWater\":1,\"resistThunder\":-2,\"resistIce\":-2,\"resistDragon\":1}'),(40,'Alloy Vambraces','alloy-vambraces','gloves','{\"defense\":8,\"resistFire\":-2,\"resistWater\":1,\"resistThunder\":-2,\"resistIce\":-2,\"resistDragon\":1}'),(41,'Alloy Coil','alloy-coil','waist','{\"defense\":8,\"resistFire\":-2,\"resistWater\":1,\"resistThunder\":-2,\"resistIce\":-2,\"resistDragon\":1}'),(42,'Alloy Greaves','alloy-greaves','legs','{\"defense\":8,\"resistFire\":-2,\"resistWater\":1,\"resistThunder\":-2,\"resistIce\":-2,\"resistDragon\":1}'),(43,'Pukei Hood','pukei-hood','head','{\"defense\":12,\"resistWater\":3,\"resistThunder\":-3,\"resistDragon\":1}'),(44,'Pukei Mail','pukei-mail','chest','{\"defense\":12,\"resistWater\":3,\"resistThunder\":-3,\"resistDragon\":1}'),(45,'Pukei Vambraces','pukei-vambraces','gloves','{\"defense\":12,\"resistWater\":3,\"resistThunder\":-3,\"resistDragon\":1}'),(46,'Pukei Coil','pukei-coil','waist','{\"defense\":12,\"resistWater\":3,\"resistThunder\":-3,\"resistDragon\":1}'),(47,'Pukei Greaves','pukei-greaves','legs','{\"defense\":12,\"resistWater\":3,\"resistThunder\":-3,\"resistDragon\":1}'),(48,'Barroth Helm','barroth-helm','head','{\"defense\":14,\"resistFire\":-3,\"resistWater\":-1,\"resistThunder\":3,\"resistIce\":-1}'),(49,'Barroth Mail','barroth-mail','chest','{\"defense\":14,\"resistFire\":-3,\"resistWater\":-1,\"resistThunder\":3,\"resistIce\":-1}'),(50,'Barroth Vambraces','barroth-vambraces','gloves','{\"defense\":14,\"resistFire\":-3,\"resistWater\":-1,\"resistThunder\":3,\"resistIce\":-1}'),(51,'Barroth Coil','barroth-coil','waist','{\"defense\":14,\"resistFire\":-3,\"resistWater\":-1,\"resistThunder\":3,\"resistIce\":-1}'),(52,'Barroth Greaves','barroth-greaves','legs','{\"defense\":14,\"resistFire\":-3,\"resistWater\":-1,\"resistThunder\":3,\"resistIce\":-1}'),(53,'Jyura Helm','jyura-helm','head','{\"defense\":14,\"resistFire\":-1,\"resistWater\":2,\"resistThunder\":-3}'),(54,'Jyura Mail','jyura-mail','chest','{\"defense\":14,\"resistFire\":-1,\"resistWater\":2,\"resistThunder\":-3}'),(55,'Jyura Vambraces','jyura-vambraces','gloves','{\"defense\":14,\"resistFire\":-1,\"resistWater\":2,\"resistThunder\":-3}'),(56,'Jyura Coil','jyura-coil','waist','{\"defense\":14,\"resistFire\":-1,\"resistWater\":2,\"resistThunder\":-3}'),(57,'Jyura Greaves','jyura-greaves','legs','{\"defense\":14,\"resistFire\":-1,\"resistWater\":2,\"resistThunder\":-3}'),(58,'Kadachi Helm','kadachi-helm','head','{\"defense\":16,\"resistWater\":-3,\"resistThunder\":3}'),(59,'Kadachi Mail','kadachi-mail','chest','{\"defense\":16,\"resistWater\":-3,\"resistThunder\":3}'),(60,'Kadachi Vambraces','kadachi-vambraces','gloves','{\"defense\":16,\"resistWater\":-3,\"resistThunder\":3}'),(61,'Kadachi Coil','kadachi-coil','waist','{\"defense\":16,\"resistWater\":-3,\"resistThunder\":3}'),(62,'Kadachi Greaves','kadachi-greaves','legs','{\"defense\":16,\"resistWater\":-3,\"resistThunder\":3}'),(63,'High Metal Helm','high-metal-helm','head','{\"defense\":18,\"resistWater\":-1,\"resistThunder\":-2,\"resistIce\":3}'),(64,'High Metal Mail','high-metal-mail','chest','{\"defense\":18,\"resistWater\":-1,\"resistThunder\":-2,\"resistIce\":3}'),(65,'High Metal Braces','high-metal-braces','gloves','{\"defense\":18,\"resistWater\":-1,\"resistThunder\":-2,\"resistIce\":3}'),(66,'High Metal Coil','high-metal-coil','waist','{\"defense\":18,\"resistWater\":-1,\"resistThunder\":-2,\"resistIce\":3}'),(67,'High Metal Greaves','high-metal-greaves','legs','{\"defense\":18,\"resistWater\":-1,\"resistThunder\":-2,\"resistIce\":3}'),(68,'King Beetle Vertex','king-beetle-vertex','head','{\"defense\":22,\"requiredGender\":\"male\",\"resistFire\":-1,\"resistWater\":-1,\"resistThunder\":2,\"resistDragon\":2}'),(69,'King Beetle Thorax','king-beetle-thorax','chest','{\"defense\":22,\"requiredGender\":\"male\",\"resistFire\":-1,\"resistWater\":-1,\"resistThunder\":2,\"resistDragon\":2}'),(70,'King Beetle Brachia','king-beetle-brachia','gloves','{\"defense\":22,\"requiredGender\":\"male\",\"resistFire\":-1,\"resistWater\":-1,\"resistThunder\":2,\"resistDragon\":2}'),(71,'King Beetle Elytra','king-beetle-elytra','waist','{\"defense\":22,\"requiredGender\":\"male\",\"resistFire\":-1,\"resistWater\":-1,\"resistThunder\":2,\"resistDragon\":2}'),(72,'King Beetle Crura','king-beetle-crura','legs','{\"defense\":22,\"requiredGender\":\"male\",\"resistFire\":-1,\"resistWater\":-1,\"resistThunder\":2,\"resistDragon\":2}'),(73,'Butterfly Vertex','butterfly-vertex','head','{\"defense\":22,\"requiredGender\":\"female\",\"resistFire\":-1,\"resistWater\":-1,\"resistThunder\":2,\"resistDragon\":2}'),(74,'Butterfly Thorax','butterfly-thorax','chest','{\"defense\":22,\"requiredGender\":\"female\",\"resistFire\":-1,\"resistWater\":-1,\"resistThunder\":2,\"resistDragon\":2}'),(75,'Butterfly Brachia','butterfly-brachia','gloves','{\"defense\":22,\"requiredGender\":\"female\",\"resistFire\":-1,\"resistWater\":-1,\"resistThunder\":2,\"resistDragon\":2}'),(76,'Butterfly Elytra','butterfly-elytra','waist','{\"defense\":22,\"requiredGender\":\"female\",\"resistFire\":-1,\"resistWater\":-1,\"resistThunder\":2,\"resistDragon\":2}'),(77,'Butterfly Crura','butterfly-crura','legs','{\"defense\":22,\"requiredGender\":\"female\",\"resistFire\":-1,\"resistWater\":-1,\"resistThunder\":2,\"resistDragon\":2}'),(78,'Shamos Goggles','shamos-goggles','head','{\"defense\":22,\"resistFire\":2,\"resistWater\":2,\"resistIce\":-3}'),(79,'Hornetaur Helm','hornetaur-helm','head','{\"defense\":18,\"resistFire\":-1,\"resistWater\":-1,\"resistDragon\":2}'),(80,'Hornetaur Mail','hornetaur-mail','chest','{\"defense\":18,\"resistFire\":-1,\"resistWater\":-1,\"resistDragon\":2}'),(81,'Hornetaur Vambraces','hornetaur-vambraces','gloves','{\"defense\":18,\"resistFire\":-1,\"resistWater\":-1,\"resistDragon\":2}'),(82,'Hornetaur Coil','hornetaur-coil','waist','{\"defense\":18,\"resistFire\":-1,\"resistWater\":-1,\"resistDragon\":2}'),(83,'Hornetaur Greaves','hornetaur-greaves','legs','{\"defense\":18,\"resistFire\":-1,\"resistWater\":-1,\"resistDragon\":2}'),(84,'Anja Helm','anja-helm','head','{\"defense\":20,\"resistFire\":3,\"resistWater\":-3,\"resistThunder\":-1,\"resistIce\":-1}'),(85,'Anja Mail','anja-mail','chest','{\"defense\":20,\"resistFire\":3,\"resistWater\":-3,\"resistThunder\":-1,\"resistIce\":-1}'),(86,'Anja Vambraces','anja-vambraces','gloves','{\"defense\":20,\"resistFire\":3,\"resistWater\":-3,\"resistThunder\":-1,\"resistIce\":-1}'),(87,'Anja Coil','anja-coil','waist','{\"defense\":20,\"resistFire\":3,\"resistWater\":-3,\"resistThunder\":-1,\"resistIce\":-1}'),(88,'Anja Greaves','anja-greaves','legs','{\"defense\":20,\"resistFire\":3,\"resistWater\":-3,\"resistThunder\":-1,\"resistIce\":-1}'),(89,'Rathian Helm','rathian-helm','head','{\"defense\":22,\"resistFire\":2,\"resistThunder\":-2,\"resistDragon\":-3}'),(90,'Rathian Mail','rathian-mail','chest','{\"defense\":22,\"resistFire\":2,\"resistThunder\":-2,\"resistDragon\":-3}'),(91,'Rathian Vambraces','rathian-vambraces','gloves','{\"defense\":22,\"resistFire\":2,\"resistThunder\":-2,\"resistDragon\":-3}'),(92,'Rathian Coil','rathian-coil','waist','{\"defense\":22,\"resistFire\":2,\"resistThunder\":-2,\"resistDragon\":-3}'),(93,'Rathian Greaves','rathian-greaves','legs','{\"defense\":22,\"resistFire\":2,\"resistThunder\":-2,\"resistDragon\":-3}'),(94,'Tzitzi Headgear','tzitzi-headgear','head','{\"defense\":18,\"resistThunder\":-3,\"resistIce\":-2}'),(95,'Tzitzi Mail','tzitzi-mail','chest','{\"defense\":18,\"resistThunder\":-3,\"resistIce\":-2}'),(96,'Tzitzi Vambraces','tzitzi-vambraces','gloves','{\"defense\":18,\"resistThunder\":-3,\"resistIce\":-2}'),(97,'Tzitzi Coil','tzitzi-coil','waist','{\"defense\":18,\"resistThunder\":-3,\"resistIce\":-2}'),(98,'Tzitzi Greaves','tzitzi-greaves','legs','{\"defense\":18,\"resistThunder\":-3,\"resistIce\":-2}'),(99,'Lumu Hat','lumu-hat','head','{\"defense\":20,\"resistFire\":-3,\"resistWater\":2,\"resistIce\":1}'),(100,'Lumu Mail','lumu-mail','chest','{\"defense\":20,\"resistFire\":-3,\"resistWater\":2,\"resistIce\":1}'),(101,'Lumu Vambraces','lumu-vambraces','gloves','{\"defense\":20,\"resistFire\":-3,\"resistWater\":2,\"resistIce\":1}'),(102,'Lumu Coil','lumu-coil','waist','{\"defense\":20,\"resistFire\":-3,\"resistWater\":2,\"resistIce\":1}'),(103,'Lumu Greaves','lumu-greaves','legs','{\"defense\":20,\"resistFire\":-3,\"resistWater\":2,\"resistIce\":1}'),(104,'Girros Mask','girros-mask','head','{\"defense\":20,\"resistWater\":-3,\"resistThunder\":2,\"resistDragon\":1}'),(105,'Girros Mail','girros-mail','chest','{\"defense\":20,\"resistWater\":-3,\"resistThunder\":2,\"resistDragon\":1}'),(106,'Girros Vambraces','girros-vambraces','gloves','{\"defense\":20,\"resistWater\":-3,\"resistThunder\":2,\"resistDragon\":1}'),(107,'Girros Coil','girros-coil','waist','{\"defense\":20,\"resistWater\":-3,\"resistThunder\":2,\"resistDragon\":1}'),(108,'Girros Greaves','girros-greaves','legs','{\"defense\":20,\"resistWater\":-3,\"resistThunder\":2,\"resistDragon\":1}'),(109,'Baan Helm','baan-helm','head','{\"defense\":24,\"resistWater\":2,\"resistIce\":-1,\"resistDragon\":-2}'),(110,'Baan Mail','baan-mail','chest','{\"defense\":24,\"resistWater\":2,\"resistIce\":-1,\"resistDragon\":-2}'),(111,'Baan Vambraces','baan-vambraces','gloves','{\"defense\":24,\"resistWater\":2,\"resistIce\":-1,\"resistDragon\":-2}'),(112,'Baan Coil','baan-coil','waist','{\"defense\":24,\"resistWater\":2,\"resistIce\":-1,\"resistDragon\":-2}'),(113,'Baan Greaves','baan-greaves','legs','{\"defense\":24,\"resistWater\":2,\"resistIce\":-1,\"resistDragon\":-2}'),(114,'Ingot Helm','ingot-helm','head','{\"defense\":28,\"resistFire\":-2,\"resistThunder\":3,\"resistIce\":-1}'),(115,'Ingot Mail','ingot-mail','chest','{\"defense\":28,\"resistFire\":-2,\"resistThunder\":3,\"resistIce\":-1}'),(116,'Ingot Vambraces','ingot-vambraces','gloves','{\"defense\":28,\"resistFire\":-2,\"resistThunder\":3,\"resistIce\":-1}'),(117,'Ingot Coil','ingot-coil','waist','{\"defense\":28,\"resistFire\":-2,\"resistThunder\":3,\"resistIce\":-1}'),(118,'Ingot Greaves','ingot-greaves','legs','{\"defense\":28,\"resistFire\":-2,\"resistThunder\":3,\"resistIce\":-1}'),(119,'Death Stench Brain','death-stench-brain','head','{\"defense\":32,\"resistFire\":3,\"resistWater\":2,\"resistThunder\":-2,\"resistIce\":3,\"resistDragon\":-4}'),(120,'Death Stench Muscle','death-stench-muscle','chest','{\"defense\":32,\"resistFire\":3,\"resistWater\":2,\"resistThunder\":-2,\"resistIce\":3,\"resistDragon\":-4}'),(121,'Death Stench Grip','death-stench-grip','gloves','{\"defense\":32,\"resistFire\":3,\"resistWater\":2,\"resistThunder\":-2,\"resistIce\":3,\"resistDragon\":-4}'),(122,'Death Stench Bowels','death-stench-bowels','waist','{\"defense\":32,\"resistFire\":3,\"resistWater\":2,\"resistThunder\":-2,\"resistIce\":3,\"resistDragon\":-4}'),(123,'Death Stench Heels','death-stench-heels','legs','{\"defense\":32,\"resistFire\":3,\"resistWater\":2,\"resistThunder\":-2,\"resistIce\":3,\"resistDragon\":-4}'),(124,'Brigade Lobos','brigade-lobos','head','{\"defense\":28,\"resistFire\":1,\"resistThunder\":2,\"resistDragon\":2}'),(125,'Brigade Suit','brigade-suit','chest','{\"defense\":28,\"resistFire\":1,\"resistThunder\":2,\"resistDragon\":2}'),(126,'Brigade Vambraces','brigade-vambraces','gloves','{\"defense\":28,\"resistFire\":1,\"resistThunder\":2,\"resistDragon\":2}'),(127,'Brigade Coil','brigade-coil','waist','{\"defense\":28,\"resistFire\":1,\"resistThunder\":2,\"resistDragon\":2}'),(128,'Brigade Boots','brigade-boots','legs','{\"defense\":28,\"resistFire\":1,\"resistThunder\":2,\"resistDragon\":2}'),(129,'Legiana Helm','legiana-helm','head','{\"defense\":30,\"resistFire\":-1,\"resistWater\":2,\"resistThunder\":-3,\"resistIce\":3}'),(130,'Legiana Mail','legiana-mail','chest','{\"defense\":30,\"resistFire\":-1,\"resistWater\":2,\"resistThunder\":-3,\"resistIce\":3}'),(131,'Legiana Vambraces','legiana-vambraces','gloves','{\"defense\":30,\"resistFire\":-1,\"resistWater\":2,\"resistThunder\":-3,\"resistIce\":3}'),(132,'Legiana Coil','legiana-coil','waist','{\"defense\":30,\"resistFire\":-1,\"resistWater\":2,\"resistThunder\":-3,\"resistIce\":3}'),(133,'Legiana Greaves','legiana-greaves','legs','{\"defense\":30,\"resistFire\":-1,\"resistWater\":2,\"resistThunder\":-3,\"resistIce\":3}'),(134,'Odogaron Helm','odogaron-helm','head','{\"defense\":30,\"resistFire\":2,\"resistWater\":2,\"resistThunder\":-2,\"resistIce\":-3}'),(135,'Odogaron Mail','odogaron-mail','chest','{\"defense\":30,\"resistFire\":2,\"resistWater\":2,\"resistThunder\":-2,\"resistIce\":-3}'),(136,'Odogaron Vambraces','odogaron-vambraces','gloves','{\"defense\":30,\"resistFire\":2,\"resistWater\":2,\"resistThunder\":-2,\"resistIce\":-3}'),(137,'Odogaron Coil','odogaron-coil','waist','{\"defense\":30,\"resistFire\":2,\"resistWater\":2,\"resistThunder\":-2,\"resistIce\":-3}'),(138,'Odogaron Greaves','odogaron-greaves','legs','{\"defense\":30,\"resistFire\":2,\"resistWater\":2,\"resistThunder\":-2,\"resistIce\":-3}'),(139,'Rathalos Helm','rathalos-helm','head','{\"defense\":30,\"resistFire\":3,\"resistWater\":1,\"resistThunder\":-2,\"resistIce\":1,\"resistDragon\":-3}'),(140,'Rathalos Mail','rathalos-mail','chest','{\"defense\":30,\"resistFire\":3,\"resistWater\":1,\"resistThunder\":-2,\"resistIce\":1,\"resistDragon\":-3}'),(141,'Rathalos Vambraces','rathalos-vambraces','gloves','{\"defense\":30,\"resistFire\":3,\"resistWater\":1,\"resistThunder\":-2,\"resistIce\":1,\"resistDragon\":-3}'),(142,'Rathalos Coil','rathalos-coil','waist','{\"defense\":30,\"resistFire\":3,\"resistWater\":1,\"resistThunder\":-2,\"resistIce\":1,\"resistDragon\":-3}'),(143,'Rathalos Greaves','rathalos-greaves','legs','{\"defense\":30,\"resistFire\":3,\"resistWater\":1,\"resistThunder\":-2,\"resistIce\":1,\"resistDragon\":-3}'),(144,'Diablos Helm','diablos-helm','head','{\"defense\":32,\"resistFire\":3,\"resistWater\":-2,\"resistIce\":-3,\"resistDragon\":2}'),(145,'Diablos Mail','diablos-mail','chest','{\"defense\":32,\"resistFire\":3,\"resistWater\":-2,\"resistIce\":-3,\"resistDragon\":2}'),(146,'Diablos Vambraces','diablos-vambraces','gloves','{\"defense\":32,\"resistFire\":3,\"resistWater\":-2,\"resistIce\":-3,\"resistDragon\":2}'),(147,'Diablos Coil','diablos-coil','waist','{\"defense\":32,\"resistFire\":3,\"resistWater\":-2,\"resistIce\":-3,\"resistDragon\":2}'),(148,'Diablos Greaves','diablos-greaves','legs','{\"defense\":32,\"resistFire\":3,\"resistWater\":-2,\"resistIce\":-3,\"resistDragon\":2}'),(149,'Kirin Horn','kirin-horn','head','{\"defense\":34,\"resistFire\":-3,\"resistWater\":-2,\"resistThunder\":4,\"resistIce\":-2,\"resistDragon\":3}'),(150,'Kirin Jacket','kirin-jacket','chest','{\"defense\":34,\"resistFire\":-3,\"resistWater\":-2,\"resistThunder\":4,\"resistIce\":-2,\"resistDragon\":3}'),(151,'Kirin Longarms','kirin-longarms','gloves','{\"defense\":34,\"resistFire\":-3,\"resistWater\":-2,\"resistThunder\":4,\"resistIce\":-2,\"resistDragon\":3}'),(152,'Kirin Hoop','kirin-hoop','waist','{\"defense\":34,\"resistFire\":-3,\"resistWater\":-2,\"resistThunder\":4,\"resistIce\":-2,\"resistDragon\":3}'),(153,'Kirin Leg Guards','kirin-leg-guards','gloves','{\"defense\":34,\"resistFire\":-3,\"resistWater\":-2,\"resistThunder\":4,\"resistIce\":-2,\"resistDragon\":3}'),(154,'Leather Headgear α','leather-headgear-α','head','{\"defense\":32,\"resistFire\":2}'),(155,'Leather Mail α','leather-mail-α','chest','{\"defense\":32,\"resistFire\":2}'),(156,'Leather Gloves α','leather-gloves-α','gloves','{\"defense\":32,\"resistFire\":2}'),(157,'Leather Belt α','leather-belt-α','waist','{\"defense\":32,\"resistFire\":2}'),(158,'Leather Trousers α','leather-trousers-α','legs','{\"defense\":32,\"resistFire\":2}'),(159,'Leather Headgear β','leather-headgear-β','head','{\"defense\":32,\"slotsRank1\":1,\"resistFire\":2}'),(160,'Leather Mail β','leather-mail-β','chest','{\"defense\":32,\"slotsRank1\":1,\"resistFire\":2}'),(161,'Leather Gloves β','leather-gloves-β','gloves','{\"defense\":32,\"slotsRank1\":1,\"resistFire\":2}'),(162,'Leather Belt β','leather-belt-β','waist','{\"defense\":32,\"slotsRank1\":1,\"resistFire\":2}'),(163,'Leather Trousers β','leather-trousers-β','legs','{\"defense\":32,\"slotsRank1\":1,\"resistFire\":2}'),(164,'Chainmail Headgear α','chainmail-headgear-α','head','{\"defense\":32,\"resistWater\":2}'),(165,'Chainmail Armor α','chainmail-armor-α','chest','{\"defense\":32,\"resistWater\":2}'),(166,'Chainmail Gloves α','chainmail-gloves-α','gloves','{\"defense\":32,\"resistWater\":2}'),(167,'Chainmail Belt α','chainmail-belt-α','waist','{\"defense\":32,\"resistWater\":2}'),(168,'Chainmail Trousers α','chainmail-trousers-α','legs','{\"defense\":32,\"resistWater\":2}'),(169,'Chainmail Headgear β','chainmail-headgear-β','head','{\"defense\":32,\"slotsRank1\":1,\"resistWater\":2}'),(170,'Chainmail Armor β','chainmail-armor-β','chest','{\"defense\":32,\"slotsRank1\":1,\"resistWater\":2}'),(171,'Chainmail Gloves β','chainmail-gloves-β','gloves','{\"defense\":32,\"slotsRank1\":1,\"resistWater\":2}'),(172,'Chainmail Belt β','chainmail-belt-β','waist','{\"defense\":32,\"slotsRank1\":1,\"resistWater\":2}'),(173,'Chainmail Trousers β','chainmail-trousers-β','legs','{\"defense\":32,\"slotsRank1\":1,\"resistWater\":2}'),(174,'Hunter\'s Headgear α','hunters-headgear-α','head','{\"defense\":36,\"resistFire\":2,\"resistWater\":2}'),(175,'Hunter\'s Mail α','hunters-mail-α','chest','{\"defense\":36,\"resistFire\":2,\"resistWater\":2}'),(176,'Hunter\'s Vambraces α','hunters-vambraces-α','gloves','{\"defense\":36,\"resistFire\":2,\"resistWater\":2}'),(177,'Hunter\'s Coil α','hunters-coil-α','waist','{\"defense\":36,\"resistFire\":2,\"resistWater\":2}'),(178,'Hunter\'s Greaves α','hunters-greaves-α','legs','{\"defense\":36,\"resistFire\":2,\"resistWater\":2}'),(179,'Hunter\'s Headgear β','hunters-headgear-β','head','{\"defense\":36,\"slotsRank1\":1,\"resistFire\":2,\"resistWater\":2}'),(180,'Hunter\'s Mail β','hunters-mail-β','chest','{\"defense\":36,\"slotsRank1\":1,\"resistFire\":2,\"resistWater\":2}'),(181,'Hunter\'s Vambraces β','hunters-vambraces-β','gloves','{\"defense\":36,\"slotsRank1\":1,\"resistFire\":2,\"resistWater\":2}'),(182,'Hunter\'s Coil β','hunters-coil-β','waist','{\"defense\":36,\"slotsRank1\":1,\"resistFire\":2,\"resistWater\":2}'),(183,'Hunter\'s Greaves β','hunters-greaves-β','legs','{\"defense\":36,\"slotsRank1\":1,\"resistFire\":2,\"resistWater\":2}'),(184,'Bone Helm α','bone-helm-α','head','{\"defense\":36,\"resistFire\":2,\"resistThunder\":2,\"resistDragon\":2}'),(185,'Bone Mail α','bone-mail-α','chest','{\"defense\":36,\"resistFire\":2,\"resistThunder\":2,\"resistDragon\":2}'),(186,'Bone Vambraces α','bone-vambraces-α','gloves','{\"defense\":36,\"resistFire\":2,\"resistThunder\":2,\"resistDragon\":2}'),(187,'Bone Coil α','bone-coil-α','waist','{\"defense\":36,\"resistFire\":2,\"resistThunder\":2,\"resistDragon\":2}'),(188,'Bone Greaves α','bone-greaves-α','legs','{\"defense\":36,\"resistFire\":2,\"resistThunder\":2,\"resistDragon\":2}'),(189,'Bone Helm β','bone-helm-β','head','{\"defense\":36,\"slotsRank1\":1,\"resistFire\":2,\"resistThunder\":2,\"resistDragon\":2}'),(190,'Bone Mail β','bone-mail-β','chest','{\"defense\":36,\"slotsRank1\":1,\"resistFire\":2,\"resistThunder\":2,\"resistDragon\":2}'),(191,'Bone Vambraces β','bone-vambraces-β','gloves','{\"defense\":36,\"slotsRank1\":1,\"resistFire\":2,\"resistThunder\":2,\"resistDragon\":2}'),(192,'Bone Coil β','bone-coil-β','waist','{\"defense\":36,\"slotsRank1\":1,\"resistFire\":2,\"resistThunder\":2,\"resistDragon\":2}'),(193,'Bone Greaves β','bone-greaves-β','legs','{\"defense\":36,\"slotsRank1\":1,\"resistFire\":2,\"resistThunder\":2,\"resistDragon\":2}'),(194,'Alloy Helm α','alloy-helm-α','head','{\"defense\":36,\"resistFire\":-2,\"resistThunder\":-2,\"resistIce\":-2}'),(195,'Alloy Mail α','alloy-mail-α','chest','{\"defense\":36,\"resistFire\":-2,\"resistThunder\":-2,\"resistIce\":-2}'),(196,'Alloy Vambraces α','alloy-vambraces-α','gloves','{\"defense\":36,\"resistFire\":-2,\"resistThunder\":-2,\"resistIce\":-2}'),(197,'Alloy Coil α','alloy-coil-α','waist','{\"defense\":36,\"resistFire\":-2,\"resistThunder\":-2,\"resistIce\":-2}'),(198,'Alloy Greaves α','alloy-greaves-α','legs','{\"defense\":36,\"resistFire\":-2,\"resistThunder\":-2,\"resistIce\":-2}'),(199,'Alloy Helm β','alloy-helm-β','head','{\"defense\":36,\"slotsRank1\":1,\"resistFire\":-2,\"resistThunder\":-2,\"resistIce\":-2}'),(200,'Alloy Mail β','alloy-mail-β','chest','{\"defense\":36,\"slotsRank1\":1,\"resistFire\":-2,\"resistThunder\":-2,\"resistIce\":-2}'),(201,'Alloy Vambraces β','alloy-vambraces-β','gloves','{\"defense\":36,\"slotsRank1\":1,\"resistFire\":-2,\"resistThunder\":-2,\"resistIce\":-2}'),(202,'Alloy Coil β','alloy-coil-β','waist','{\"defense\":36,\"slotsRank1\":1,\"resistFire\":-2,\"resistThunder\":-2,\"resistIce\":-2}'),(203,'Alloy Greaves β','alloy-greaves-β','legs','{\"defense\":36,\"slotsRank1\":1,\"resistFire\":-2,\"resistThunder\":-2,\"resistIce\":-2}'),(204,'King Beetle Vertex α','king-beetle-vertex-α','head','{\"defense\":42,\"requiredGender\":\"male\",\"resistFire\":-1,\"resistWater\":-1,\"resistThunder\":2,\"resistDragon\":2}'),(205,'King Beetle Thorax α','king-beetle-thorax-α','chest','{\"defense\":42,\"requiredGender\":\"male\",\"resistFire\":-1,\"resistWater\":-1,\"resistThunder\":2,\"resistDragon\":2}'),(206,'King Beetle Brachia α','king-beetle-brachia-α','gloves','{\"defense\":42,\"slotsRank1\":1,\"requiredGender\":\"male\",\"resistFire\":-1,\"resistWater\":-1,\"resistThunder\":2,\"resistDragon\":2}'),(207,'King Beetle Elytra α','king-beetle-elytra-α','waist','{\"defense\":42,\"slotsRank1\":1,\"requiredGender\":\"male\",\"resistFire\":-1,\"resistWater\":-1,\"resistThunder\":2,\"resistDragon\":2}'),(208,'King Beetle Crura α','king-beetle-crura-α','legs','{\"defense\":42,\"slotsRank1\":1,\"requiredGender\":\"male\",\"resistFire\":-1,\"resistWater\":-1,\"resistThunder\":2,\"resistDragon\":2}'),(209,'King Beetle Vertex β','king-beetle-vertex-β','head','{\"defense\":42,\"slotsRank1\":1,\"requiredGender\":\"male\",\"resistFire\":-1,\"resistWater\":-1,\"resistThunder\":2,\"resistDragon\":2}'),(210,'King Beetle Thorax β','king-beetle-thorax-β','chest','{\"defense\":42,\"slotsRank1\":1,\"requiredGender\":\"male\",\"resistFire\":-1,\"resistWater\":-1,\"resistThunder\":2,\"resistDragon\":2}'),(211,'King Beetle Brachia β','king-beetle-brachia-β','gloves','{\"defense\":42,\"slotsRank2\":1,\"slotsRank1\":1,\"requiredGender\":\"male\",\"resistFire\":-1,\"resistWater\":-1,\"resistThunder\":2,\"resistDragon\":2}'),(212,'King Beetle Elytra β','king-beetle-elytra-β','waist','{\"defense\":42,\"slotsRank2\":1,\"slotsRank1\":1,\"requiredGender\":\"male\",\"resistFire\":-1,\"resistWater\":-1,\"resistThunder\":2,\"resistDragon\":2}'),(213,'King Beetle Crura β','king-beetle-crura-β','legs','{\"defense\":42,\"slotsRank2\":1,\"slotsRank1\":1,\"requiredGender\":\"male\",\"resistFire\":-1,\"resistWater\":-1,\"resistThunder\":2,\"resistDragon\":2}'),(214,'Butterfly Vertex α','butterfly-vertex-α','head','{\"defense\":42,\"requiredGender\":\"female\",\"resistFire\":-1,\"resistWater\":-1,\"resistThunder\":2,\"resistDragon\":2}'),(215,'Butterfly Thorax α','butterfly-thorax-α','chest','{\"defense\":42,\"requiredGender\":\"female\",\"resistFire\":-1,\"resistWater\":-1,\"resistThunder\":2,\"resistDragon\":2}'),(216,'Butterfly Brachia α','butterfly-brachia-α','gloves','{\"defense\":42,\"requiredGender\":\"female\",\"resistFire\":-1,\"resistWater\":-1,\"resistThunder\":2,\"resistDragon\":2}'),(217,'Butterfly Elytra α','butterfly-elytra-α','waist','{\"defense\":42,\"requiredGender\":\"female\",\"resistFire\":-1,\"resistWater\":-1,\"resistThunder\":2,\"resistDragon\":2}'),(218,'Butterfly Crura α','butterfly-crura-α','legs','{\"defense\":42,\"requiredGender\":\"female\",\"resistFire\":-1,\"resistWater\":-1,\"resistThunder\":2,\"resistDragon\":2}'),(219,'Butterfly Vertex β','butterfly-vertex-β','head','{\"defense\":42,\"slotsRank1\":1,\"requiredGender\":\"female\",\"resistFire\":-1,\"resistWater\":-1,\"resistThunder\":2,\"resistDragon\":2}'),(220,'Butterfly Thorax β','butterfly-thorax-β','chest','{\"defense\":42,\"slotsRank1\":1,\"requiredGender\":\"female\",\"resistFire\":-1,\"resistWater\":-1,\"resistThunder\":2,\"resistDragon\":2}'),(221,'Butterfly Brachia β','butterfly-brachia-β','gloves','{\"defense\":42,\"slotsRank2\":1,\"slotsRank1\":1,\"requiredGender\":\"female\",\"resistFire\":-1,\"resistWater\":-1,\"resistThunder\":2,\"resistDragon\":2}'),(222,'Butterfly Elytra β','butterfly-elytra-β','waist','{\"defense\":42,\"slotsRank2\":1,\"slotsRank1\":1,\"requiredGender\":\"female\",\"resistFire\":-1,\"resistWater\":-1,\"resistThunder\":2,\"resistDragon\":2}'),(223,'Butterfly Crura β','butterfly-crura-β','legs','{\"defense\":42,\"slotsRank2\":1,\"slotsRank1\":1,\"requiredGender\":\"female\",\"resistFire\":-1,\"resistWater\":-1,\"resistThunder\":2,\"resistDragon\":2}'),(224,'Vespoid Helm α','vespoid-helm-α','head','{\"defense\":38,\"resistFire\":-2,\"resistWater\":1,\"resistThunder\":1,\"resistIce\":1,\"resistDragon\":2}'),(225,'Vespoid Mail α','vespoid-mail-α','chest','{\"defense\":38,\"resistFire\":-2,\"resistWater\":1,\"resistThunder\":1,\"resistIce\":1,\"resistDragon\":2}'),(226,'Vespoid Vambraces α','vespoid-vambraces-α','gloves','{\"defense\":38,\"resistFire\":-2,\"resistWater\":1,\"resistThunder\":1,\"resistIce\":1,\"resistDragon\":2}'),(227,'Vespoid Coil α','vespoid-coil-α','waist','{\"defense\":38,\"resistFire\":-2,\"resistWater\":1,\"resistThunder\":1,\"resistIce\":1,\"resistDragon\":2}'),(228,'Vespoid Greaves α','vespoid-greaves-α','legs','{\"defense\":38,\"resistFire\":-2,\"resistWater\":1,\"resistThunder\":1,\"resistIce\":1,\"resistDragon\":2}'),(229,'Vespoid Helm β','vespoid-helm-β','head','{\"defense\":38,\"slotsRank1\":1,\"resistFire\":-2,\"resistWater\":1,\"resistThunder\":1,\"resistIce\":1,\"resistDragon\":2}'),(230,'Vespoid Mail β','vespoid-mail-β','chest','{\"defense\":38,\"slotsRank1\":1,\"resistFire\":-2,\"resistWater\":1,\"resistThunder\":1,\"resistIce\":1,\"resistDragon\":2}'),(231,'Vespoid Vambraces β','vespoid-vambraces-β','gloves','{\"defense\":38,\"slotsRank1\":1,\"resistFire\":-2,\"resistWater\":1,\"resistThunder\":1,\"resistIce\":1,\"resistDragon\":2}'),(232,'Vespoid Coil β','vespoid-coil-β','waist','{\"defense\":38,\"slotsRank1\":1,\"resistFire\":-2,\"resistWater\":1,\"resistThunder\":1,\"resistIce\":1,\"resistDragon\":2}'),(233,'Vespoid Greaves β','vespoid-greaves-β','legs','{\"defense\":38,\"slotsRank1\":1,\"resistFire\":-2,\"resistWater\":1,\"resistThunder\":1,\"resistIce\":1,\"resistDragon\":2}'),(234,'Hornetaur Helm α','hornetaur-helm-α','head','{\"defense\":38,\"resistFire\":-1,\"resistWater\":-1,\"resistDragon\":2}'),(235,'Hornetaur Mail α','hornetaur-mail-α','chest','{\"defense\":38,\"resistFire\":-1,\"resistWater\":-1,\"resistDragon\":2}'),(236,'Hornetaur Vambraces α','hornetaur-vambraces-α','gloves','{\"defense\":38,\"resistFire\":-1,\"resistWater\":-1,\"resistDragon\":2}'),(237,'Hornetaur Coil α','hornetaur-coil-α','waist','{\"defense\":38,\"resistFire\":-1,\"resistWater\":-1,\"resistDragon\":2}'),(238,'Hornetaur Greaves α','hornetaur-greaves-α','legs','{\"defense\":38,\"resistFire\":-1,\"resistWater\":-1,\"resistDragon\":2}'),(239,'Hornetaur Helm β','hornetaur-helm-β','head','{\"defense\":38,\"slotsRank1\":1,\"resistFire\":-1,\"resistWater\":-1,\"resistDragon\":2}'),(240,'Hornetaur Mail β','hornetaur-mail-β','chest','{\"defense\":38,\"slotsRank1\":1,\"resistFire\":-1,\"resistWater\":-1,\"resistDragon\":2}'),(241,'Hornetaur Vambraces β','hornetaur-vambraces-β','gloves','{\"defense\":38,\"slotsRank1\":1,\"resistFire\":-1,\"resistWater\":-1,\"resistDragon\":2}'),(242,'Hornetaur Coil β','hornetaur-coil-β','waist','{\"defense\":38,\"slotsRank1\":1,\"resistFire\":-1,\"resistWater\":-1,\"resistDragon\":2}'),(243,'Hornetaur Greaves β','hornetaur-greaves-β','legs','{\"defense\":38,\"slotsRank1\":1,\"resistFire\":-1,\"resistWater\":-1,\"resistDragon\":2}'),(244,'Mossswine Mask α','mossswine-mask-α','head','{\"defense\":40,\"resistFire\":2,\"resistWater\":2,\"resistThunder\":2,\"resistIce\":2,\"resistDragon\":2}'),(245,'Kestodon Guards α','kestodon-guards-α','gloves','{\"defense\":40,\"resistFire\":4}'),(246,'Kestodon Guards β','kestodon-guards-β','gloves','{\"defense\":40,\"slotsRank1\":1,\"resistFire\":4}'),(247,'Gajau Boots α','gajau-boots-α','legs','{\"defense\":40,\"resistWater\":5}'),(248,'Gajau Boots β','gajau-boots-β','legs','{\"defense\":40,\"slotsRank1\":1,\"resistWater\":5}'),(249,'Shamos Goggles α','shamos-goggles-α','head','{\"defense\":40,\"resistFire\":2,\"resistWater\":2,\"resistIce\":-3}'),(250,'Shamos Goggles β','shamos-goggles-β','head','{\"defense\":40,\"slotsRank1\":1,\"resistFire\":2,\"resistWater\":2,\"resistIce\":-3}'),(251,'Jagras Helm α','jagras-helm-α','head','{\"defense\":40,\"resistFire\":-2,\"resistWater\":2,\"resistThunder\":-1,\"resistIce\":-1,\"resistDragon\":1}'),(252,'Jagras Mail α','jagras-mail-α','chest','{\"defense\":40,\"resistFire\":-2,\"resistWater\":2,\"resistThunder\":-1,\"resistIce\":-1,\"resistDragon\":1}'),(253,'Jagras Vambraces α','jagras-vambraces-α','gloves','{\"defense\":40,\"resistFire\":-2,\"resistWater\":2,\"resistThunder\":-1,\"resistIce\":-1,\"resistDragon\":1}'),(254,'Jagras Coil α','jagras-coil-α','waist','{\"defense\":40,\"resistFire\":-2,\"resistWater\":2,\"resistThunder\":-1,\"resistIce\":-1,\"resistDragon\":1}'),(255,'Jagras Greaves α','jagras-greaves-α','legs','{\"defense\":40,\"resistFire\":-2,\"resistWater\":2,\"resistThunder\":-1,\"resistIce\":-1,\"resistDragon\":1}'),(256,'Jagras Helm β','jagras-helm-β','head','{\"defense\":40,\"slotsRank1\":1,\"resistFire\":-2,\"resistWater\":2,\"resistThunder\":-1,\"resistIce\":-1,\"resistDragon\":1}'),(257,'Jagras Mail β','jagras-mail-β','chest','{\"defense\":40,\"slotsRank1\":1,\"resistFire\":-2,\"resistWater\":2,\"resistThunder\":-1,\"resistIce\":-1,\"resistDragon\":1}'),(258,'Jagras Vambraces β','jagras-vambraces-β','gloves','{\"defense\":40,\"slotsRank1\":1,\"resistFire\":-2,\"resistWater\":2,\"resistThunder\":-1,\"resistIce\":-1,\"resistDragon\":1}'),(259,'Jagras Coil β','jagras-coil-β','waist','{\"defense\":40,\"slotsRank1\":1,\"resistFire\":-2,\"resistWater\":2,\"resistThunder\":-1,\"resistIce\":-1,\"resistDragon\":1}'),(260,'Jagras Greaves β','jagras-greaves-β','legs','{\"defense\":40,\"slotsRank1\":1,\"resistFire\":-2,\"resistWater\":2,\"resistThunder\":-1,\"resistIce\":-1,\"resistDragon\":1}'),(261,'Kulu Headpiece α','kulu-headpiece-α','head','{\"defense\":40,\"resistWater\":-3,\"resistIce\":1}'),(262,'Kulu Mail α','kulu-mail-α','chest','{\"defense\":40,\"resistWater\":-3,\"resistIce\":1}'),(263,'Kulu Vambraces α','kulu-vambraces-α','gloves','{\"defense\":40,\"resistWater\":-3,\"resistIce\":1}'),(264,'Kulu Coil α','kulu-coil-α','waist','{\"defense\":40,\"resistWater\":-3,\"resistIce\":1}'),(265,'Kulu Greaves α','kulu-greaves-α','legs','{\"defense\":40,\"resistWater\":-3,\"resistIce\":1}'),(266,'Kulu Headpiece β','kulu-headpiece-β','head','{\"defense\":40,\"slotsRank1\":2,\"resistWater\":-3,\"resistIce\":1}'),(267,'Kulu Mail β','kulu-mail-β','chest','{\"defense\":40,\"slotsRank1\":1,\"resistWater\":-3,\"resistIce\":1}'),(268,'Kulu Vambraces β','kulu-vambraces-β','gloves','{\"defense\":40,\"slotsRank2\":1,\"resistWater\":-3,\"resistIce\":1}'),(269,'Kulu Coil β','kulu-coil-β','waist','{\"defense\":40,\"slotsRank2\":1,\"resistWater\":-3,\"resistIce\":1}'),(270,'Kulu Greaves β','kulu-greaves-β','legs','{\"defense\":40,\"slotsRank1\":1,\"resistWater\":-3,\"resistIce\":1}'),(271,'Tzitzi Headgear α','tzitzi-headgear-α','head','{\"defense\":40,\"resistThunder\":-3,\"resistIce\":-2}'),(272,'Tzitzi Mail α','tzitzi-mail-α','chest','{\"defense\":40,\"resistThunder\":-3,\"resistIce\":-2}'),(273,'Tzitzi Vambraces α','tzitzi-vambraces-α','gloves','{\"defense\":40,\"resistThunder\":-3,\"resistIce\":-2}'),(274,'Tzitzi Coil α','tzitzi-coil-α','waist','{\"defense\":40,\"resistThunder\":-3,\"resistIce\":-2}'),(275,'Tzitzi Greaves α','tzitzi-greaves-α','legs','{\"defense\":40,\"resistThunder\":-3,\"resistIce\":-2}'),(276,'Tzitzi Headgear β','tzitzi-headgear-β','head','{\"defense\":40,\"slotsRank1\":1,\"resistThunder\":-3,\"resistIce\":-2}'),(277,'Tzitzi Mail β','tzitzi-mail-β','chest','{\"defense\":40,\"slotsRank1\":2,\"resistThunder\":-3,\"resistIce\":-2}'),(278,'Tzitzi Vambraces β','tzitzi-vambraces-β','gloves','{\"defense\":40,\"slotsRank1\":1,\"resistThunder\":-3,\"resistIce\":-2}'),(279,'Tzitzi Coil β','tzitzi-coil-β','waist','{\"defense\":40,\"slotsRank2\":1,\"resistThunder\":-3,\"resistIce\":-2}'),(280,'Tzitzi Greaves β','tzitzi-greaves-β','legs','{\"defense\":40,\"slotsRank1\":1,\"resistThunder\":-3,\"resistIce\":-2}'),(281,'Girros Mask α','girros-mask-α','head','{\"defense\":40,\"resistWater\":-3,\"resistThunder\":2,\"resistDragon\":1}'),(282,'Girros Mail α','girros-mail-α','chest','{\"defense\":40,\"resistWater\":-3,\"resistThunder\":2,\"resistDragon\":1}'),(283,'Girros Vambraces α','girros-vambraces-α','gloves','{\"defense\":40,\"resistWater\":-3,\"resistThunder\":2,\"resistDragon\":1}'),(284,'Girros Coil α','girros-coil-α','waist','{\"defense\":40,\"resistWater\":-3,\"resistThunder\":2,\"resistDragon\":1}'),(285,'Girros Greaves α','girros-greaves-α','legs','{\"defense\":40,\"resistWater\":-3,\"resistThunder\":2,\"resistDragon\":1}'),(286,'Girros Mask β','girros-mask-β','head','{\"defense\":40,\"slotsRank1\":1,\"resistWater\":-3,\"resistThunder\":2,\"resistDragon\":1}'),(287,'Girros Mail β','girros-mail-β','chest','{\"defense\":40,\"slotsRank1\":1,\"resistWater\":-3,\"resistThunder\":2,\"resistDragon\":1}'),(288,'Girros Vambraces β','girros-vambraces-β','gloves','{\"defense\":40,\"slotsRank1\":1,\"resistWater\":-3,\"resistThunder\":2,\"resistDragon\":1}'),(289,'Girros Coil β','girros-coil-β','waist','{\"defense\":40,\"slotsRank1\":1,\"resistWater\":-3,\"resistThunder\":2,\"resistDragon\":1}'),(290,'Girros Greaves β','girros-greaves-β','legs','{\"defense\":40,\"slotsRank1\":1,\"resistWater\":-3,\"resistThunder\":2,\"resistDragon\":1}'),(291,'Pukei Hood α','pukei-hood-α','head','{\"defense\":42,\"resistWater\":3,\"resistThunder\":-3,\"resistDragon\":1}'),(292,'Pukei Mail α','pukei-mail-α','chest','{\"defense\":42,\"resistWater\":3,\"resistThunder\":-3,\"resistDragon\":1}'),(293,'Pukei Vambraces α','pukei-vambraces-α','gloves','{\"defense\":42,\"resistWater\":3,\"resistThunder\":-3,\"resistDragon\":1}'),(294,'Pukei Coil α','pukei-coil-α','waist','{\"defense\":42,\"resistWater\":3,\"resistThunder\":-3,\"resistDragon\":1}'),(295,'Pukei Greaves α','pukei-greaves-α','legs','{\"defense\":42,\"resistWater\":3,\"resistThunder\":-3,\"resistDragon\":1}'),(296,'Pukei Hood β','pukei-hood-β','head','{\"defense\":42,\"slotsRank1\":2,\"resistWater\":3,\"resistThunder\":-3,\"resistDragon\":1}'),(297,'Pukei Mail β','pukei-mail-β','chest','{\"defense\":42,\"slotsRank1\":1,\"resistWater\":3,\"resistThunder\":-3,\"resistDragon\":1}'),(298,'Pukei Vambraces β','pukei-vambraces-β','gloves','{\"defense\":42,\"slotsRank1\":2,\"resistWater\":3,\"resistThunder\":-3,\"resistDragon\":1}'),(299,'Pukei Coil β','pukei-coil-β','waist','{\"defense\":42,\"slotsRank1\":1,\"resistWater\":3,\"resistThunder\":-3,\"resistDragon\":1}'),(300,'Pukei Greaves β','pukei-greaves-β','legs','{\"defense\":42,\"slotsRank2\":1,\"resistWater\":3,\"resistThunder\":-3,\"resistDragon\":1}'),(301,'Barroth Helm α','barroth-helm-α','head','{\"defense\":42,\"resistFire\":-3,\"resistWater\":-1,\"resistThunder\":3,\"resistIce\":-1}'),(302,'Barroth Mail α','barroth-mail-α','chest','{\"defense\":42,\"resistFire\":-3,\"resistWater\":-1,\"resistThunder\":3,\"resistIce\":-1}'),(303,'Barroth Vambraces α','barroth-vambraces-α','gloves','{\"defense\":42,\"resistFire\":-3,\"resistWater\":-1,\"resistThunder\":3,\"resistIce\":-1}'),(304,'Barroth Coil α','barroth-coil-α','waist','{\"defense\":42,\"resistFire\":-3,\"resistWater\":-1,\"resistThunder\":3,\"resistIce\":-1}'),(305,'Barroth Greaves α','barroth-greaves-α','legs','{\"defense\":42,\"resistFire\":-3,\"resistWater\":-1,\"resistThunder\":3,\"resistIce\":-1}'),(306,'Barroth Helm β','barroth-helm-β','head','{\"defense\":42,\"slotsRank1\":1,\"resistFire\":-3,\"resistWater\":-1,\"resistThunder\":3,\"resistIce\":-1}'),(307,'Barroth Mail β','barroth-mail-β','chest','{\"defense\":42,\"slotsRank1\":1,\"resistFire\":-3,\"resistWater\":-1,\"resistThunder\":3,\"resistIce\":-1}'),(308,'Barroth Vambraces β','barroth-vambraces-β','gloves','{\"defense\":42,\"slotsRank1\":1,\"resistFire\":-3,\"resistWater\":-1,\"resistThunder\":3,\"resistIce\":-1}'),(309,'Barroth Coil β','barroth-coil-β','waist','{\"defense\":42,\"slotsRank2\":1,\"resistFire\":-3,\"resistWater\":-1,\"resistThunder\":3,\"resistIce\":-1}'),(310,'Barroth Greaves β','barroth-greaves-β','legs','{\"defense\":42,\"slotsRank1\":2,\"resistFire\":-3,\"resistWater\":-1,\"resistThunder\":3,\"resistIce\":-1}'),(311,'Anja Helm α','anja-helm-α','head','{\"defense\":44,\"resistFire\":3,\"resistWater\":-3,\"resistThunder\":-1,\"resistIce\":-1}'),(312,'Anja Mail α','anja-mail-α','chest','{\"defense\":44,\"resistFire\":3,\"resistWater\":-3,\"resistThunder\":-1,\"resistIce\":-1}'),(313,'Anja Vambraces α','anja-vambraces-α','gloves','{\"defense\":44,\"resistFire\":3,\"resistWater\":-3,\"resistThunder\":-1,\"resistIce\":-1}'),(314,'Anja Coil α','anja-coil-α','waist','{\"defense\":44,\"resistFire\":3,\"resistWater\":-3,\"resistThunder\":-1,\"resistIce\":-1}'),(315,'Anja Greaves α','anja-greaves-α','legs','{\"defense\":44,\"resistFire\":3,\"resistWater\":-3,\"resistThunder\":-1,\"resistIce\":-1}'),(316,'Anja Helm β','anja-helm-β','head','{\"defense\":44,\"slotsRank2\":1,\"resistFire\":3,\"resistWater\":-3,\"resistThunder\":-1,\"resistIce\":-1}'),(317,'Anja Mail β','anja-mail-β','chest','{\"defense\":44,\"slotsRank1\":2,\"resistFire\":3,\"resistWater\":-3,\"resistThunder\":-1,\"resistIce\":-1}'),(318,'Anja Vambraces β','anja-vambraces-β','gloves','{\"defense\":44,\"slotsRank1\":1,\"resistFire\":3,\"resistWater\":-3,\"resistThunder\":-1,\"resistIce\":-1}'),(319,'Anja Coil β','anja-coil-β','waist','{\"defense\":44,\"slotsRank2\":1,\"resistFire\":3,\"resistWater\":-3,\"resistThunder\":-1,\"resistIce\":-1}'),(320,'Anja Greaves β','anja-greaves-β','legs','{\"defense\":44,\"slotsRank1\":1,\"resistFire\":3,\"resistWater\":-3,\"resistThunder\":-1,\"resistIce\":-1}'),(321,'Jyura Helm α','jyura-helm-α','head','{\"defense\":44,\"resistFire\":-1,\"resistWater\":2,\"resistThunder\":-3}'),(322,'Jyura Mail α','jyura-mail-α','chest','{\"defense\":44,\"resistFire\":-1,\"resistWater\":2,\"resistThunder\":-3}'),(323,'Jyura Vambraces α','jyura-vambraces-α','gloves','{\"defense\":44,\"resistFire\":-1,\"resistWater\":2,\"resistThunder\":-3}'),(324,'Jyura Coil α','jyura-coil-α','waist','{\"defense\":44,\"resistFire\":-1,\"resistWater\":2,\"resistThunder\":-3}'),(325,'Jyura Greaves α','jyura-greaves-α','legs','{\"defense\":44,\"resistFire\":-1,\"resistWater\":2,\"resistThunder\":-3}'),(326,'Jyura Helm β','jyura-helm-β','head','{\"defense\":44,\"slotsRank1\":1,\"resistFire\":-1,\"resistWater\":2,\"resistThunder\":-3}'),(327,'Jyura Mail β','jyura-mail-β','chest','{\"defense\":44,\"slotsRank1\":1,\"resistFire\":-1,\"resistWater\":2,\"resistThunder\":-3}'),(328,'Jyura Vambraces β','jyura-vambraces-β','gloves','{\"defense\":44,\"slotsRank1\":1,\"resistFire\":-1,\"resistWater\":2,\"resistThunder\":-3}'),(329,'Jyura Coil β','jyura-coil-β','waist','{\"defense\":44,\"slotsRank1\":1,\"resistFire\":-1,\"resistWater\":2,\"resistThunder\":-3}'),(330,'Jyura Greaves β','jyura-greaves-β','legs','{\"defense\":44,\"slotsRank2\":1,\"resistFire\":-1,\"resistWater\":2,\"resistThunder\":-3}'),(331,'Kadachi Helm α','kadachi-helm-α','head','{\"defense\":44,\"resistWater\":-3,\"resistThunder\":3}'),(332,'Kadachi Mail α','kadachi-mail-α','chest','{\"defense\":44,\"resistWater\":-3,\"resistThunder\":3}'),(333,'Kadachi Vambraces α','kadachi-vambraces-α','gloves','{\"defense\":44,\"resistWater\":-3,\"resistThunder\":3}'),(334,'Kadachi Coil α','kadachi-coil-α','waist','{\"defense\":44,\"resistWater\":-3,\"resistThunder\":3}'),(335,'Kadachi Greaves α','kadachi-greaves-α','legs','{\"defense\":44,\"resistWater\":-3,\"resistThunder\":3}'),(336,'Kadachi Helm β','kadachi-helm-β','head','{\"defense\":44,\"slotsRank2\":1,\"resistWater\":-3,\"resistThunder\":3}'),(337,'Kadachi Mail β','kadachi-mail-β','chest','{\"defense\":44,\"slotsRank2\":1,\"resistWater\":-3,\"resistThunder\":3}'),(338,'Kadachi Vambraces β','kadachi-vambraces-β','gloves','{\"defense\":44,\"slotsRank2\":1,\"resistWater\":-3,\"resistThunder\":3}'),(339,'Kadachi Coil β','kadachi-coil-β','waist','{\"defense\":44,\"slotsRank1\":2,\"resistWater\":-3,\"resistThunder\":3}'),(340,'Kadachi Greaves β','kadachi-greaves-β','legs','{\"defense\":44,\"slotsRank1\":2,\"resistWater\":-3,\"resistThunder\":3}'),(341,'Lumu Hat α','lumu-hat-α','head','{\"defense\":44,\"resistFire\":-3,\"resistWater\":2,\"resistIce\":1}'),(342,'Lumu Mail α','lumu-mail-α','chest','{\"defense\":44,\"resistFire\":-3,\"resistWater\":2,\"resistIce\":1}'),(343,'Lumu Vambraces α','lumu-vambraces-α','gloves','{\"defense\":44,\"resistFire\":-3,\"resistWater\":2,\"resistIce\":1}'),(344,'Lumu Coil α','lumu-coil-α','waist','{\"defense\":44,\"resistFire\":-3,\"resistWater\":2,\"resistIce\":1}'),(345,'Lumu Greaves α','lumu-greaves-α','legs','{\"defense\":44,\"resistFire\":-3,\"resistWater\":2,\"resistIce\":1}'),(346,'Lumu Hat β','lumu-hat-β','head','{\"defense\":44,\"slotsRank2\":1,\"resistFire\":-3,\"resistWater\":2,\"resistIce\":1}'),(347,'Lumu Mail β','lumu-mail-β','chest','{\"defense\":44,\"slotsRank1\":1,\"resistFire\":-3,\"resistWater\":2,\"resistIce\":1}'),(348,'Lumu Vambraces β','lumu-vambraces-β','gloves','{\"defense\":44,\"slotsRank1\":1,\"resistFire\":-3,\"resistWater\":2,\"resistIce\":1}'),(349,'Lumu Coil β','lumu-coil-β','waist','{\"defense\":44,\"slotsRank1\":1,\"resistFire\":-3,\"resistWater\":2,\"resistIce\":1}'),(350,'Lumu Greaves β','lumu-greaves-β','legs','{\"defense\":44,\"slotsRank1\":2,\"resistFire\":-3,\"resistWater\":2,\"resistIce\":1}'),(351,'Rathian Helm α','rathian-helm-α','head','{\"defense\":46,\"resistFire\":2,\"resistThunder\":-2,\"resistDragon\":-3}'),(352,'Rathian Mail α','rathian-mail-α','chest','{\"defense\":46,\"resistFire\":2,\"resistThunder\":-2,\"resistDragon\":-3}'),(353,'Rathian Vambraces α','rathian-vambraces-α','gloves','{\"defense\":46,\"resistFire\":2,\"resistThunder\":-2,\"resistDragon\":-3}'),(354,'Rathian Coil α','rathian-coil-α','waist','{\"defense\":46,\"resistFire\":2,\"resistThunder\":-2,\"resistDragon\":-3}'),(355,'Rathian Greaves α','rathian-greaves-α','legs','{\"defense\":46,\"resistFire\":2,\"resistThunder\":-2,\"resistDragon\":-3}'),(356,'Rathian Helm β','rathian-helm-β','head','{\"defense\":46,\"slotsRank1\":1,\"resistFire\":2,\"resistThunder\":-2,\"resistDragon\":-3}'),(357,'Rathian Mail β','rathian-mail-β','chest','{\"defense\":46,\"slotsRank1\":1,\"resistFire\":2,\"resistThunder\":-2,\"resistDragon\":-3}'),(358,'Rathian Vambraces β','rathian-vambraces-β','gloves','{\"defense\":46,\"slotsRank1\":1,\"resistFire\":2,\"resistThunder\":-2,\"resistDragon\":-3}'),(359,'Rathian Coil β','rathian-coil-β','waist','{\"defense\":46,\"slotsRank1\":1,\"resistFire\":2,\"resistThunder\":-2,\"resistDragon\":-3}'),(360,'Rathian Greaves β','rathian-greaves-β','legs','{\"defense\":46,\"slotsRank1\":1,\"resistFire\":2,\"resistThunder\":-2,\"resistDragon\":-3}'),(361,'Rath Heart Helm α','rath-heart-helm-α','head','{\"defense\":52,\"resistFire\":3,\"resistThunder\":-3,\"resistDragon\":-4}'),(362,'Rath Heart Mail α','rath-heart-mail-α','chest','{\"defense\":52,\"resistFire\":3,\"resistThunder\":-3,\"resistDragon\":-4}'),(363,'Rath Heart Braces α','rath-heart-braces-α','gloves','{\"defense\":52,\"resistFire\":3,\"resistThunder\":-3,\"resistDragon\":-4}'),(364,'Rath Heart Coil α','rath-heart-coil-α','waist','{\"defense\":52,\"resistFire\":3,\"resistThunder\":-3,\"resistDragon\":-4}'),(365,'Rath Heart Greaves α','rath-heart-greaves-α','legs','{\"defense\":52,\"resistFire\":3,\"resistThunder\":-3,\"resistDragon\":-4}'),(366,'Rath Heart Helm β','rath-heart-helm-β','head','{\"defense\":52,\"slotsRank2\":1,\"resistFire\":3,\"resistThunder\":-3,\"resistDragon\":-4}'),(367,'Rath Heart Mail β','rath-heart-mail-β','chest','{\"defense\":52,\"slotsRank1\":2,\"resistFire\":3,\"resistThunder\":-3,\"resistDragon\":-4}'),(368,'Rath Heart Braces β','rath-heart-braces-β','gloves','{\"defense\":52,\"slotsRank2\":1,\"resistFire\":3,\"resistThunder\":-3,\"resistDragon\":-4}'),(369,'Rath Heart Coil β','rath-heart-coil-β','waist','{\"defense\":52,\"slotsRank1\":1,\"resistFire\":3,\"resistThunder\":-3,\"resistDragon\":-4}'),(370,'Rath Heart Greaves β','rath-heart-greaves-β','legs','{\"defense\":52,\"slotsRank2\":1,\"resistFire\":3,\"resistThunder\":-3,\"resistDragon\":-4}'),(371,'Baan Helm α','baan-helm-α','head','{\"defense\":46,\"resistWater\":2,\"resistIce\":-1,\"resistDragon\":-2}'),(372,'Baan Mail α','baan-mail-α','chest','{\"defense\":46,\"resistWater\":2,\"resistIce\":-1,\"resistDragon\":-2}'),(373,'Baan Vambraces α','baan-vambraces-α','gloves','{\"defense\":46,\"resistWater\":2,\"resistIce\":-1,\"resistDragon\":-2}'),(374,'Baan Coil α','baan-coil-α','waist','{\"defense\":46,\"resistWater\":2,\"resistIce\":-1,\"resistDragon\":-2}'),(375,'Baan Greaves α','baan-greaves-α','legs','{\"defense\":46,\"resistWater\":2,\"resistIce\":-1,\"resistDragon\":-2}'),(376,'Baan Helm β','baan-helm-β','head','{\"defense\":46,\"slotsRank2\":1,\"resistWater\":2,\"resistIce\":-1,\"resistDragon\":-2}'),(377,'Baan Mail β','baan-mail-β','chest','{\"defense\":46,\"slotsRank1\":1,\"resistWater\":2,\"resistIce\":-1,\"resistDragon\":-2}'),(378,'Baan Vambraces β','baan-vambraces-β','gloves','{\"defense\":46,\"slotsRank1\":1,\"resistWater\":2,\"resistIce\":-1,\"resistDragon\":-2}'),(379,'Baan Coil β','baan-coil-β','waist','{\"defense\":46,\"slotsRank2\":1,\"resistWater\":2,\"resistIce\":-1,\"resistDragon\":-2}'),(380,'Baan Greaves β','baan-greaves-β','legs','{\"defense\":46,\"slotsRank1\":1,\"resistWater\":2,\"resistIce\":-1,\"resistDragon\":-2}'),(381,'Gastodon Horn α','gastodon-horn-α','head','{\"defense\":48,\"resistFire\":3}'),(382,'Gastodon Horn β','gastodon-horn-β','head','{\"defense\":48,\"slotsRank1\":1,\"resistFire\":3}'),(383,'Barnos Jacket α','barnos-jacket-α','chest','{\"defense\":48,\"resistFire\":1,\"resistWater\":1,\"resistIce\":1,\"resistDragon\":-2}'),(384,'Barnos Jacket β','barnos-jacket-β','chest','{\"defense\":48,\"slotsRank1\":1,\"resistFire\":1,\"resistWater\":1,\"resistIce\":1,\"resistDragon\":-2}'),(385,'Dodogama Helm α','dodogama-helm-α','head','{\"defense\":48,\"resistFire\":2,\"resistThunder\":-3,\"resistDragon\":2}'),(386,'Dodogama Mail α','dodogama-mail-α','chest','{\"defense\":48,\"resistFire\":2,\"resistThunder\":-3,\"resistDragon\":2}'),(387,'Dodogama Vambraces α','dodogama-vambraces-α','gloves','{\"defense\":48,\"resistFire\":2,\"resistThunder\":-3,\"resistDragon\":2}'),(388,'Dodogama Coil α','dodogama-coil-α','waist','{\"defense\":48,\"resistFire\":2,\"resistThunder\":-3,\"resistDragon\":2}'),(389,'Dodogame Greaves α','dodogame-greaves-α','legs','{\"defense\":48,\"resistFire\":2,\"resistThunder\":-3,\"resistDragon\":2}'),(390,'Dodogama Helm β','dodogama-helm-β','head','{\"defense\":48,\"slotsRank1\":1,\"resistFire\":2,\"resistThunder\":-3,\"resistDragon\":2}'),(391,'Dodogama Mail β','dodogama-mail-β','chest','{\"defense\":48,\"slotsRank1\":1,\"resistFire\":2,\"resistThunder\":-3,\"resistDragon\":2}'),(392,'Dodogama Vambraces β','dodogama-vambraces-β','gloves','{\"defense\":48,\"slotsRank1\":1,\"resistFire\":2,\"resistThunder\":-3,\"resistDragon\":2}'),(393,'Dodogama Coil β','dodogama-coil-β','waist','{\"defense\":48,\"slotsRank1\":1,\"resistFire\":2,\"resistThunder\":-3,\"resistDragon\":2}'),(394,'Dodogama Greaves β','dodogama-greaves-β','legs','{\"defense\":48,\"slotsRank1\":1,\"resistFire\":2,\"resistThunder\":-3,\"resistDragon\":2}'),(395,'Zorah Headgear α','zorah-headgear-α','head','{\"defense\":44,\"resistFire\":4,\"resistWater\":-3,\"resistThunder\":-1,\"resistIce\":-2,\"resistDragon\":-3}'),(396,'Zorah Hide α','zorah-hide-α','chest','{\"defense\":44,\"resistFire\":4,\"resistWater\":-3,\"resistThunder\":-1,\"resistIce\":-2,\"resistDragon\":-3}'),(397,'Zorah Claws α','zorah-claws-α','gloves','{\"defense\":44,\"resistFire\":4,\"resistWater\":-3,\"resistThunder\":-1,\"resistIce\":-2,\"resistDragon\":-3}'),(398,'Zorah Spine α','zorah-spine-α','waist','{\"defense\":44,\"resistFire\":4,\"resistWater\":-3,\"resistThunder\":-1,\"resistIce\":-2,\"resistDragon\":-3}'),(399,'Zorah Spurs α','zorah-spurs-α','legs','{\"defense\":44,\"resistFire\":4,\"resistWater\":-3,\"resistThunder\":-1,\"resistIce\":-2,\"resistDragon\":-3}'),(400,'Zorah Headgear β','zorah-headgear-β','head','{\"defense\":44,\"slotsRank1\":1,\"resistFire\":4,\"resistWater\":-3,\"resistThunder\":-1,\"resistIce\":-2,\"resistDragon\":-3}'),(401,'Zorah Hide β','zorah-hide-β','chest','{\"defense\":44,\"slotsRank2\":1,\"resistFire\":4,\"resistWater\":-3,\"resistThunder\":-1,\"resistIce\":-2,\"resistDragon\":-3}'),(402,'Zorah Claws β','zorah-claws-β','gloves','{\"defense\":44,\"slotsRank1\":1,\"resistFire\":4,\"resistWater\":-3,\"resistThunder\":-1,\"resistIce\":-2,\"resistDragon\":-3}'),(403,'Zorah Spine β','zorah-spine-β','waist','{\"defense\":44,\"slotsRank2\":1,\"resistFire\":4,\"resistWater\":-3,\"resistThunder\":-1,\"resistIce\":-2,\"resistDragon\":-3}'),(404,'Zorah Spurs β','zorah-spurs-β','legs','{\"defense\":44,\"slotsRank2\":1,\"resistFire\":4,\"resistWater\":-3,\"resistThunder\":-1,\"resistIce\":-2,\"resistDragon\":-3}'),(405,'High Metal Helm α','high-metal-helm-α','head','{\"defense\":50,\"resistWater\":-1,\"resistThunder\":-2,\"resistIce\":3}'),(406,'High Metal Mail α','high-metal-mail-α','chest','{\"defense\":50,\"resistWater\":-1,\"resistThunder\":-2,\"resistIce\":3}'),(407,'High Metal Braces α','high-metal-braces-α','gloves','{\"defense\":50,\"resistWater\":-1,\"resistThunder\":-2,\"resistIce\":3}'),(408,'High Metal Coil α','high-metal-coil-α','waist','{\"defense\":50,\"resistWater\":-1,\"resistThunder\":-2,\"resistIce\":3}'),(409,'High Metal Greaves α','high-metal-greaves-α','legs','{\"defense\":50,\"resistWater\":-1,\"resistThunder\":-2,\"resistIce\":3}'),(410,'High Metal Helm β','high-metal-helm-β','head','{\"defense\":50,\"slotsRank2\":1,\"resistWater\":-1,\"resistThunder\":-2,\"resistIce\":3}'),(411,'High Metal Mail β','high-metal-mail-β','chest','{\"defense\":50,\"slotsRank2\":1,\"resistWater\":-1,\"resistThunder\":-2,\"resistIce\":3}'),(412,'High Metal Braces β','high-metal-braces-β','gloves','{\"defense\":50,\"slotsRank1\":1,\"resistWater\":-1,\"resistThunder\":-2,\"resistIce\":3}'),(413,'High Metal Coil β','high-metal-coil-β','waist','{\"defense\":50,\"slotsRank1\":1,\"resistWater\":-1,\"resistThunder\":-2,\"resistIce\":3}'),(414,'High Metal Greaves β','high-metal-greaves-β','legs','{\"defense\":50,\"slotsRank1\":1,\"resistWater\":-1,\"resistThunder\":-2,\"resistIce\":3}'),(415,'Ingot Helm α','ingot-helm-α','head','{\"defense\":50,\"resistFire\":-2,\"resistThunder\":3,\"resistIce\":-1}'),(416,'Ingot Mail α','ingot-mail-α','chest','{\"defense\":50,\"resistFire\":-2,\"resistThunder\":3,\"resistIce\":-1}'),(417,'Ingot Vambraces α','ingot-vambraces-α','gloves','{\"defense\":50,\"resistFire\":-2,\"resistThunder\":3,\"resistIce\":-1}'),(418,'Ingot Coil α','ingot-coil-α','waist','{\"defense\":50,\"resistFire\":-2,\"resistThunder\":3,\"resistIce\":-1}'),(419,'Ingot Greaves α','ingot-greaves-α','legs','{\"defense\":50,\"resistFire\":-2,\"resistThunder\":3,\"resistIce\":-1}'),(420,'Ingot Helm β','ingot-helm-β','head','{\"defense\":50,\"slotsRank1\":1,\"resistFire\":-2,\"resistThunder\":3,\"resistIce\":-1}'),(421,'Ingot Mail β','ingot-mail-β','chest','{\"defense\":50,\"slotsRank1\":1,\"resistFire\":-2,\"resistThunder\":3,\"resistIce\":-1}'),(422,'Ingot Vambraces β','ingot-vambraces-β','gloves','{\"defense\":50,\"slotsRank1\":1,\"resistFire\":-2,\"resistThunder\":3,\"resistIce\":-1}'),(423,'Ingot Coil β','ingot-coil-β','waist','{\"defense\":50,\"slotsRank3\":1,\"resistFire\":-2,\"resistThunder\":3,\"resistIce\":-1}'),(424,'Ingot Greaves β','ingot-greaves-β','legs','{\"defense\":50,\"slotsRank2\":1,\"resistFire\":-2,\"resistThunder\":3,\"resistIce\":-1}'),(425,'Brigade Lobos α','brigade-lobos-α','head','{\"defense\":52,\"resistFire\":1,\"resistThunder\":2,\"resistDragon\":2}'),(426,'Brigade Suit α','brigade-suit-α','chest','{\"defense\":52,\"slotsRank2\":1,\"resistFire\":1,\"resistThunder\":2,\"resistDragon\":2}'),(427,'Brigade Vambraces α','brigade-vambraces-α','gloves','{\"defense\":52,\"resistFire\":1,\"resistThunder\":2,\"resistDragon\":2}'),(428,'Brigade Coil α','brigade-coil-α','waist','{\"defense\":52,\"resistFire\":1,\"resistThunder\":2,\"resistDragon\":2}'),(429,'Brigade Boots α','brigade-boots-α','legs','{\"defense\":52,\"slotsRank1\":1,\"resistFire\":1,\"resistThunder\":2,\"resistDragon\":2}'),(430,'Brigade Lobos β','brigade-lobos-β','head','{\"defense\":52,\"slotsRank1\":1,\"resistFire\":1,\"resistThunder\":2,\"resistDragon\":2}'),(431,'Brigade Suit β','brigade-suit-β','chest','{\"defense\":52,\"slotsRank2\":2,\"resistFire\":1,\"resistThunder\":2,\"resistDragon\":2}'),(432,'Brigade Vambraces β','brigade-vambraces-β','gloves','{\"defense\":52,\"slotsRank1\":1,\"resistFire\":1,\"resistThunder\":2,\"resistDragon\":2}'),(433,'Brigade Coil β','brigade-coil-β','waist','{\"defense\":52,\"slotsRank1\":1,\"resistFire\":1,\"resistThunder\":2,\"resistDragon\":2}'),(434,'Brigade Boots β','brigade-boots-β','legs','{\"defense\":52,\"slotsRank3\":1,\"resistFire\":1,\"resistThunder\":2,\"resistDragon\":2}'),(435,'Faux Felyne α','faux-felyne-α','head','{\"defense\":56,\"resistFire\":2,\"resistWater\":2,\"resistThunder\":2,\"resistIce\":2,\"resistDragon\":2}'),(436,'Strategist Spectacles α','strategist-spectacles-α','head','{\"defense\":56,\"slotsRank1\":1,\"resistFire\":2,\"resistWater\":2,\"resistThunder\":2,\"resistIce\":2,\"resistDragon\":2}'),(437,'Lavasioth Helm α','lavasioth-helm-α','head','{\"defense\":56,\"resistFire\":3,\"resistWater\":-3,\"resistThunder\":1,\"resistIce\":-2,\"resistDragon\":2}'),(438,'Lavasioth Mail α','lavasioth-mail-α','chest','{\"defense\":56,\"resistFire\":3,\"resistWater\":-3,\"resistThunder\":1,\"resistIce\":-2,\"resistDragon\":2}'),(439,'Lavasioth Vambraces α','lavasioth-vambraces-α','gloves','{\"defense\":56,\"slotsRank2\":1,\"resistFire\":3,\"resistWater\":-3,\"resistThunder\":1,\"resistIce\":-2,\"resistDragon\":2}'),(440,'Lavasioth Coil α','lavasioth-coil-α','waist','{\"defense\":56,\"resistFire\":3,\"resistWater\":-3,\"resistThunder\":1,\"resistIce\":-2,\"resistDragon\":2}'),(441,'Lavasioth Greaves α','lavasioth-greaves-α','legs','{\"defense\":56,\"slotsRank1\":1,\"resistFire\":3,\"resistWater\":-3,\"resistThunder\":1,\"resistIce\":-2,\"resistDragon\":2}'),(442,'Lavasioth Helm β','lavasioth-helm-β','head','{\"defense\":56,\"slotsRank1\":2,\"resistFire\":3,\"resistWater\":-3,\"resistThunder\":1,\"resistIce\":-2,\"resistDragon\":2}'),(443,'Lavasioth Mail β','lavasioth-mail-β','chest','{\"defense\":56,\"slotsRank1\":2,\"resistFire\":3,\"resistWater\":-3,\"resistThunder\":1,\"resistIce\":-2,\"resistDragon\":2}'),(444,'Lavasioth Vambraces β','lavasioth-vambraces-β','gloves','{\"defense\":56,\"slotsRank3\":1,\"resistFire\":3,\"resistWater\":-3,\"resistThunder\":1,\"resistIce\":-2,\"resistDragon\":2}'),(445,'Lavasioth Coil β','lavasioth-coil-β','waist','{\"defense\":56,\"slotsRank1\":1,\"resistFire\":3,\"resistWater\":-3,\"resistThunder\":1,\"resistIce\":-2,\"resistDragon\":2}'),(446,'Lavasioth Greaves β','lavasioth-greaves-β','legs','{\"defense\":56,\"slotsRank2\":1,\"resistFire\":3,\"resistWater\":-3,\"resistThunder\":1,\"resistIce\":-2,\"resistDragon\":2}'),(447,'Legiana Helm α','legiana-helm-α','head','{\"defense\":54,\"resistFire\":-1,\"resistWater\":2,\"resistThunder\":-3,\"resistIce\":3}'),(448,'Legiana Mail α','legiana-mail-α','chest','{\"defense\":54,\"resistFire\":-1,\"resistWater\":2,\"resistThunder\":-3,\"resistIce\":3}'),(449,'Legiana Vambraces α','legiana-vambraces-α','gloves','{\"defense\":54,\"resistFire\":-1,\"resistWater\":2,\"resistThunder\":-3,\"resistIce\":3}'),(450,'Legiana Coil α','legiana-coil-α','waist','{\"defense\":54,\"resistFire\":-1,\"resistWater\":2,\"resistThunder\":-3,\"resistIce\":3}'),(451,'Legiana Greaves α','legiana-greaves-α','legs','{\"defense\":54,\"resistFire\":-1,\"resistWater\":2,\"resistThunder\":-3,\"resistIce\":3}'),(452,'Legiana Helm β','legiana-helm-β','head','{\"defense\":54,\"slotsRank1\":1,\"resistFire\":-1,\"resistWater\":2,\"resistThunder\":-3,\"resistIce\":3}'),(453,'Legiana Mail β','legiana-mail-β','chest','{\"defense\":54,\"slotsRank1\":1,\"resistFire\":-1,\"resistWater\":2,\"resistThunder\":-3,\"resistIce\":3}'),(454,'Legiana Vambraces β','legiana-vambraces-β','gloves','{\"defense\":54,\"slotsRank3\":1,\"resistFire\":-1,\"resistWater\":2,\"resistThunder\":-3,\"resistIce\":3}'),(455,'Legiana Coil β','legiana-coil-β','waist','{\"defense\":54,\"slotsRank2\":1,\"resistFire\":-1,\"resistWater\":2,\"resistThunder\":-3,\"resistIce\":3}'),(456,'Legiana Greaves β','legiana-greaves-β','legs','{\"defense\":54,\"slotsRank3\":1,\"resistFire\":-1,\"resistWater\":2,\"resistThunder\":-3,\"resistIce\":3}'),(457,'Odogaron Helm α','odogaron-helm-α','head','{\"defense\":54,\"resistFire\":2,\"resistWater\":2,\"resistThunder\":-2,\"resistIce\":-3}'),(458,'Odogaron Mail α','odogaron-mail-α','chest','{\"defense\":54,\"resistFire\":2,\"resistWater\":2,\"resistThunder\":-2,\"resistIce\":-3}'),(459,'Odogaron Vambraces α','odogaron-vambraces-α','gloves','{\"defense\":54,\"resistFire\":2,\"resistWater\":2,\"resistThunder\":-2,\"resistIce\":-3}'),(460,'Odogaron Coil α','odogaron-coil-α','waist','{\"defense\":54,\"resistFire\":2,\"resistWater\":2,\"resistThunder\":-2,\"resistIce\":-3}'),(461,'Odogaron Greaves α','odogaron-greaves-α','legs','{\"defense\":54,\"resistFire\":2,\"resistWater\":2,\"resistThunder\":-2,\"resistIce\":-3}'),(462,'Odogaron Helm β','odogaron-helm-β','head','{\"defense\":54,\"slotsRank2\":1,\"resistFire\":2,\"resistWater\":2,\"resistThunder\":-2,\"resistIce\":-3}'),(463,'Odogaron Mail β','odogaron-mail-β','chest','{\"defense\":54,\"slotsRank1\":1,\"resistFire\":2,\"resistWater\":2,\"resistThunder\":-2,\"resistIce\":-3}'),(464,'Odogaron Vambraces β','odogaron-vambraces-β','gloves','{\"defense\":54,\"slotsRank1\":1,\"resistFire\":2,\"resistWater\":2,\"resistThunder\":-2,\"resistIce\":-3}'),(465,'Odogaron Coil β','odogaron-coil-β','waist','{\"defense\":54,\"slotsRank2\":1,\"resistFire\":2,\"resistWater\":2,\"resistThunder\":-2,\"resistIce\":-3}'),(466,'Odogaron Greaves β','odogaron-greaves-β','legs','{\"defense\":54,\"slotsRank1\":1,\"resistFire\":2,\"resistWater\":2,\"resistThunder\":-2,\"resistIce\":-3}'),(467,'Rathalos Helm α','rathalos-helm-α','head','{\"defense\":54,\"resistFire\":3,\"resistWater\":1,\"resistThunder\":-2,\"resistIce\":1,\"resistDragon\":-3}'),(468,'Rathalos Mail α','rathalos-mail-α','chest','{\"defense\":54,\"resistFire\":3,\"resistWater\":1,\"resistThunder\":-2,\"resistIce\":1,\"resistDragon\":-3}'),(469,'Rathalos Vambraces α','rathalos-vambraces-α','gloves','{\"defense\":54,\"resistFire\":3,\"resistWater\":1,\"resistThunder\":-2,\"resistIce\":1,\"resistDragon\":-3}'),(470,'Rathalos Coil α','rathalos-coil-α','waist','{\"defense\":54,\"resistFire\":3,\"resistWater\":1,\"resistThunder\":-2,\"resistIce\":1,\"resistDragon\":-3}'),(471,'Rathalos Greaves α','rathalos-greaves-α','legs','{\"defense\":54,\"resistFire\":3,\"resistWater\":1,\"resistThunder\":-2,\"resistIce\":1,\"resistDragon\":-3}'),(472,'Rathalos Helm β','rathalos-helm-β','head','{\"defense\":54,\"slotsRank1\":1,\"resistFire\":3,\"resistWater\":1,\"resistThunder\":-2,\"resistIce\":1,\"resistDragon\":-3}'),(473,'Rathalos Mail β','rathalos-mail-β','chest','{\"defense\":54,\"slotsRank1\":1,\"resistFire\":3,\"resistWater\":1,\"resistThunder\":-2,\"resistIce\":1,\"resistDragon\":-3}'),(474,'Rathalos Vambraces β','rathalos-vambraces-β','gloves','{\"defense\":54,\"slotsRank1\":1,\"resistFire\":3,\"resistWater\":1,\"resistThunder\":-2,\"resistIce\":1,\"resistDragon\":-3}'),(475,'Rathalos Coil β','rathalos-coil-β','waist','{\"defense\":54,\"slotsRank2\":1,\"resistFire\":3,\"resistWater\":1,\"resistThunder\":-2,\"resistIce\":1,\"resistDragon\":-3}'),(476,'Rathalos Greaves β','rathalos-greaves-β','legs','{\"defense\":54,\"slotsRank3\":1,\"resistFire\":3,\"resistWater\":1,\"resistThunder\":-2,\"resistIce\":1,\"resistDragon\":-3}'),(477,'Rath Soul Helm α','rath-soul-helm-α','head','{\"defense\":56,\"resistFire\":3,\"resistWater\":2,\"resistThunder\":2,\"resistIce\":-3,\"resistDragon\":-4}'),(478,'Rath Soul Mail α','rath-soul-mail-α','chest','{\"defense\":56,\"slotsRank1\":1,\"resistFire\":3,\"resistWater\":2,\"resistThunder\":2,\"resistIce\":-3,\"resistDragon\":-4}'),(479,'Rath Soul Braces α','rath-soul-braces-α','gloves','{\"defense\":56,\"slotsRank1\":1,\"resistFire\":3,\"resistWater\":2,\"resistThunder\":2,\"resistIce\":-3,\"resistDragon\":-4}'),(480,'Rath Soul Coil α','rath-soul-coil-α','waist','{\"defense\":56,\"resistFire\":3,\"resistWater\":2,\"resistThunder\":2,\"resistIce\":-3,\"resistDragon\":-4}'),(481,'Rath Soul Greaves α','rath-soul-greaves-α','legs','{\"defense\":56,\"resistFire\":3,\"resistWater\":2,\"resistThunder\":2,\"resistIce\":-3,\"resistDragon\":-4}'),(482,'Rath Soul Helm β','rath-soul-helm-β','head','{\"defense\":56,\"slotsRank1\":2,\"resistFire\":3,\"resistWater\":2,\"resistThunder\":2,\"resistIce\":-3,\"resistDragon\":-4}'),(483,'Rath Soul Mail β','rath-soul-mail-β','chest','{\"defense\":56,\"slotsRank2\":1,\"resistFire\":3,\"resistWater\":2,\"resistThunder\":2,\"resistIce\":-3,\"resistDragon\":-4}'),(484,'Rath Soul Braces β','rath-soul-braces-β','gloves','{\"defense\":56,\"slotsRank2\":1,\"resistFire\":3,\"resistWater\":2,\"resistThunder\":2,\"resistIce\":-3,\"resistDragon\":-4}'),(485,'Rath Soul Coil β','rath-soul-coil-β','waist','{\"defense\":56,\"slotsRank3\":1,\"resistFire\":3,\"resistWater\":2,\"resistThunder\":2,\"resistIce\":-3,\"resistDragon\":-4}'),(486,'Rath Soul Greaves β','rath-soul-greaves-β','legs','{\"defense\":56,\"slotsRank1\":1,\"resistFire\":3,\"resistWater\":2,\"resistThunder\":2,\"resistIce\":-3,\"resistDragon\":-4}'),(487,'Diablos Helm α','diablos-helm-α','head','{\"defense\":54,\"resistFire\":3,\"resistWater\":-2,\"resistIce\":-3,\"resistDragon\":2}'),(488,'Diablos Mail α','diablos-mail-α','chest','{\"defense\":54,\"resistFire\":3,\"resistWater\":-2,\"resistIce\":-3,\"resistDragon\":2}'),(489,'Diablos Vambraces α','diablos-vambraces-α','gloves','{\"defense\":54,\"resistFire\":3,\"resistWater\":-2,\"resistIce\":-3,\"resistDragon\":2}'),(490,'Diablos Coil α','diablos-coil-α','waist','{\"defense\":54,\"resistFire\":3,\"resistWater\":-2,\"resistIce\":-3,\"resistDragon\":2}'),(491,'Diablos Greaves α','diablos-greaves-α','legs','{\"defense\":54,\"resistFire\":3,\"resistWater\":-2,\"resistIce\":-3,\"resistDragon\":2}'),(492,'Diablos Helm β','diablos-helm-β','head','{\"defense\":54,\"slotsRank2\":1,\"resistFire\":3,\"resistWater\":-2,\"resistIce\":-3,\"resistDragon\":2}'),(493,'Diablos Mail β','diablos-mail-β','chest','{\"defense\":54,\"slotsRank2\":1,\"resistFire\":3,\"resistWater\":-2,\"resistIce\":-3,\"resistDragon\":2}'),(494,'Diablos Vambraces β','diablos-vambraces-β','gloves','{\"defense\":54,\"slotsRank2\":1,\"resistFire\":3,\"resistWater\":-2,\"resistIce\":-3,\"resistDragon\":2}'),(495,'Diablos Coil β','diablos-coil-β','waist','{\"defense\":54,\"slotsRank2\":1,\"resistFire\":3,\"resistWater\":-2,\"resistIce\":-3,\"resistDragon\":2}'),(496,'Diablos Greaves β','diablos-greaves-β','legs','{\"defense\":54,\"slotsRank1\":2,\"resistFire\":3,\"resistWater\":-2,\"resistIce\":-3,\"resistDragon\":2}'),(497,'Diablos Nero Helm α','diablos-nero-helm-α','head','{\"defense\":56,\"slotsRank1\":1,\"resistFire\":2,\"resistWater\":-3,\"resistIce\":-4,\"resistDragon\":2}'),(498,'Diablos Nero Mail α','diablos-nero-mail-α','chest','{\"defense\":56,\"slotsRank1\":1,\"resistFire\":2,\"resistWater\":-3,\"resistIce\":-4,\"resistDragon\":2}'),(499,'Diablos Nero Braces α','diablos-nero-braces-α','gloves','{\"defense\":56,\"resistFire\":2,\"resistWater\":-3,\"resistIce\":-4,\"resistDragon\":2}'),(500,'Diablos Nero Coil α','diablos-nero-coil-α','waist','{\"defense\":56,\"resistFire\":2,\"resistWater\":-3,\"resistIce\":-4,\"resistDragon\":2}'),(501,'Diablos Nero Greaves α','diablos-nero-greaves-α','legs','{\"defense\":56,\"slotsRank1\":1,\"resistFire\":2,\"resistWater\":-3,\"resistIce\":-4,\"resistDragon\":2}'),(502,'Diablos Nero Helm β','diablos-nero-helm-β','head','{\"defense\":56,\"slotsRank3\":1,\"resistFire\":2,\"resistWater\":-3,\"resistIce\":-4,\"resistDragon\":2}'),(503,'Diablos Nero Mail β','diablos-nero-mail-β','chest','{\"defense\":56,\"slotsRank2\":1,\"slotsRank1\":1,\"resistFire\":2,\"resistWater\":-3,\"resistIce\":-4,\"resistDragon\":2}'),(504,'Diablos Nero Braces β','diablos-nero-braces-β','gloves','{\"defense\":56,\"slotsRank2\":1,\"slotsRank1\":1,\"resistFire\":2,\"resistWater\":-3,\"resistIce\":-4,\"resistDragon\":2}'),(505,'Diablos Nero Coil β','diablos-nero-coil-β','waist','{\"defense\":56,\"slotsRank2\":1,\"resistFire\":2,\"resistWater\":-3,\"resistIce\":-4,\"resistDragon\":2}'),(506,'Diablos Nero Greaves β','diablos-nero-greaves-β','legs','{\"defense\":56,\"slotsRank2\":1,\"resistFire\":2,\"resistWater\":-3,\"resistIce\":-4,\"resistDragon\":2}'),(507,'Uragaan Helm α','uragaan-helm-α','head','{\"defense\":60,\"slotsRank3\":1,\"resistFire\":4,\"resistWater\":-3,\"resistThunder\":1,\"resistIce\":-2,\"resistDragon\":-2}'),(508,'Uragaan Mail α','uragaan-mail-α','chest','{\"defense\":60,\"slotsRank1\":1,\"resistFire\":4,\"resistWater\":-3,\"resistThunder\":1,\"resistIce\":-2,\"resistDragon\":-2}'),(509,'Uragaan Vambraces α','uragaan-vambraces-α','gloves','{\"defense\":60,\"slotsRank1\":1,\"resistFire\":4,\"resistWater\":-3,\"resistThunder\":1,\"resistIce\":-2,\"resistDragon\":-2}'),(510,'Uragaan Coil α','uragaan-coil-α','waist','{\"defense\":60,\"slotsRank1\":2,\"resistFire\":4,\"resistWater\":-3,\"resistThunder\":1,\"resistIce\":-2,\"resistDragon\":-2}'),(511,'Uragaan Greaves α','uragaan-greaves-α','legs','{\"defense\":60,\"slotsRank1\":1,\"resistFire\":4,\"resistWater\":-3,\"resistThunder\":1,\"resistIce\":-2,\"resistDragon\":-2}'),(512,'Uragaan Helm β','uragaan-helm-β','head','{\"defense\":60,\"slotsRank3\":1,\"slotsRank1\":1,\"resistFire\":4,\"resistWater\":-3,\"resistThunder\":1,\"resistIce\":-2,\"resistDragon\":-2}'),(513,'Uragaan Mail β','uragaan-mail-β','chest','{\"defense\":60,\"slotsRank3\":1,\"resistFire\":4,\"resistWater\":-3,\"resistThunder\":1,\"resistIce\":-2,\"resistDragon\":-2}'),(514,'Uragaan Vambraces β','uragaan-vambraces-β','gloves','{\"defense\":60,\"slotsRank2\":1,\"resistFire\":4,\"resistWater\":-3,\"resistThunder\":1,\"resistIce\":-2,\"resistDragon\":-2}'),(515,'Uragaan Coil β','uragaan-coil-β','waist','{\"defense\":60,\"slotsRank2\":1,\"slotsRank1\":1,\"resistFire\":4,\"resistWater\":-3,\"resistThunder\":1,\"resistIce\":-2,\"resistDragon\":-2}'),(516,'Uragaan Greaves β','uragaan-greaves-β','legs','{\"defense\":60,\"slotsRank3\":1,\"resistFire\":4,\"resistWater\":-3,\"resistThunder\":1,\"resistIce\":-2,\"resistDragon\":-2}'),(517,'Bazel Helm α','bazel-helm-α','head','{\"defense\":58,\"slotsRank2\":1,\"resistFire\":3,\"resistWater\":1,\"resistThunder\":-4,\"resistIce\":-2,\"resistDragon\":-2}'),(518,'Bazel Mail α','bazel-mail-α','chest','{\"defense\":58,\"resistFire\":3,\"resistWater\":1,\"resistThunder\":-4,\"resistIce\":-2,\"resistDragon\":-2}'),(519,'Bazel Vambraces α','bazel-vambraces-α','gloves','{\"defense\":58,\"resistFire\":3,\"resistWater\":1,\"resistThunder\":-4,\"resistIce\":-2,\"resistDragon\":-2}'),(520,'Bazel Coil α','bazel-coil-α','waist','{\"defense\":58,\"slotsRank1\":1,\"resistFire\":3,\"resistWater\":1,\"resistThunder\":-4,\"resistIce\":-2,\"resistDragon\":-2}'),(521,'Bazel Greaves α','bazel-greaves-α','legs','{\"defense\":58,\"slotsRank1\":1,\"resistFire\":3,\"resistWater\":1,\"resistThunder\":-4,\"resistIce\":-2,\"resistDragon\":-2}'),(522,'Bazel Helm β','bazel-helm-β','head','{\"defense\":58,\"slotsRank3\":1,\"slotsRank1\":1,\"resistFire\":3,\"resistWater\":1,\"resistThunder\":-4,\"resistIce\":-2,\"resistDragon\":-2}'),(523,'Bazel Mail β','bazel-mail-β','chest','{\"defense\":58,\"slotsRank1\":2,\"resistFire\":3,\"resistWater\":1,\"resistThunder\":-4,\"resistIce\":-2,\"resistDragon\":-2}'),(524,'Bazel Vambraces β','bazel-vambraces-β','gloves','{\"defense\":58,\"slotsRank3\":1,\"resistFire\":3,\"resistWater\":1,\"resistThunder\":-4,\"resistIce\":-2,\"resistDragon\":-2}'),(525,'Bazel Coil β','bazel-coil-β','waist','{\"defense\":58,\"slotsRank3\":1,\"resistFire\":3,\"resistWater\":1,\"resistThunder\":-4,\"resistIce\":-2,\"resistDragon\":-2}'),(526,'Bazel Greaves β','bazel-greaves-β','legs','{\"defense\":58,\"slotsRank3\":1,\"resistFire\":3,\"resistWater\":1,\"resistThunder\":-4,\"resistIce\":-2,\"resistDragon\":-2}'),(527,'Damascus Helm α','damascus-helm-α','head','{\"defense\":60,\"slotsRank1\":1,\"resistFire\":4,\"resistWater\":-2}'),(528,'Damascus Mail α','damascus-mail-α','chest','{\"defense\":60,\"slotsRank1\":1,\"resistFire\":4,\"resistWater\":-2}'),(529,'Damascus Vambraces α','damascus-vambraces-α','gloves','{\"defense\":60,\"resistFire\":4,\"resistWater\":-2}'),(530,'Damascus Coil α','damascus-coil-α','waist','{\"defense\":60,\"slotsRank1\":1,\"resistFire\":4,\"resistWater\":-2}'),(531,'Damascus Greaves α','damascus-greaves-α','legs','{\"defense\":60,\"slotsRank1\":1,\"resistFire\":4,\"resistWater\":-2}'),(532,'Damascus Helm β','damascus-helm-β','head','{\"defense\":60,\"slotsRank3\":1,\"resistFire\":4,\"resistWater\":-2}'),(533,'Damascus Mail β','damascus-mail-β','chest','{\"defense\":60,\"slotsRank1\":3,\"resistFire\":4,\"resistWater\":-2}'),(534,'Damascus Vambraces β','damascus-vambraces-β','gloves','{\"defense\":60,\"slotsRank1\":1,\"resistFire\":4,\"resistWater\":-2}'),(535,'Damascus Coil β','damascus-coil-β','waist','{\"defense\":60,\"slotsRank1\":3,\"resistFire\":4,\"resistWater\":-2}'),(536,'Damascus Greaves β','damascus-greaves-β','legs','{\"defense\":60,\"slotsRank3\":1,\"resistFire\":4,\"resistWater\":-2}'),(537,'Dober Helm α','dober-helm-α','head','{\"defense\":60,\"resistFire\":-2,\"resistThunder\":-1,\"resistIce\":-1,\"resistDragon\":4}'),(538,'Dober Mail α','dober-mail-α','chest','{\"defense\":60,\"slotsRank1\":1,\"resistFire\":-2,\"resistThunder\":-1,\"resistIce\":-1,\"resistDragon\":4}'),(539,'Dober Vambraces α','dober-vambraces-α','gloves','{\"defense\":60,\"resistFire\":-2,\"resistThunder\":-1,\"resistIce\":-1,\"resistDragon\":4}'),(540,'Dober Coil α','dober-coil-α','waist','{\"defense\":60,\"slotsRank2\":1,\"resistFire\":-2,\"resistThunder\":-1,\"resistIce\":-1,\"resistDragon\":4}'),(541,'Dober Greaves α','dober-greaves-α','legs','{\"defense\":60,\"resistFire\":-2,\"resistThunder\":-1,\"resistIce\":-1,\"resistDragon\":4}'),(542,'Dober Helm β','dober-helm-β','head','{\"defense\":60,\"slotsRank1\":1,\"resistFire\":-2,\"resistThunder\":-1,\"resistIce\":-1,\"resistDragon\":4}'),(543,'Dober Mail β','dober-mail-β','chest','{\"defense\":60,\"slotsRank2\":1,\"resistFire\":-2,\"resistThunder\":-1,\"resistIce\":-1,\"resistDragon\":4}'),(544,'Dober Vambraces β','dober-vambraces-β','gloves','{\"defense\":60,\"slotsRank1\":2,\"resistFire\":-2,\"resistThunder\":-1,\"resistIce\":-1,\"resistDragon\":4}'),(545,'Dober Coil β','dober-coil-β','waist','{\"defense\":60,\"slotsRank3\":1,\"resistFire\":-2,\"resistThunder\":-1,\"resistIce\":-1,\"resistDragon\":4}'),(546,'Dober Greaves β','dober-greaves-β','legs','{\"defense\":60,\"slotsRank1\":1,\"resistFire\":-2,\"resistThunder\":-1,\"resistIce\":-1,\"resistDragon\":4}'),(547,'Death Stench Brain α','death-stench-brain-α','head','{\"defense\":62,\"slotsRank2\":1,\"resistFire\":3,\"resistWater\":2,\"resistThunder\":-2,\"resistIce\":3,\"resistDragon\":-4}'),(548,'Death Stench Muscle α','death-stench-muscle-α','chest','{\"defense\":62,\"resistFire\":3,\"resistWater\":2,\"resistThunder\":-2,\"resistIce\":3,\"resistDragon\":-4}'),(549,'Death Stench Grip α','death-stench-grip-α','gloves','{\"defense\":62,\"slotsRank1\":1,\"resistFire\":3,\"resistWater\":2,\"resistThunder\":-2,\"resistIce\":3,\"resistDragon\":-4}'),(550,'Death Stench Bowels α','death-stench-bowels-α','waist','{\"defense\":62,\"resistFire\":3,\"resistWater\":2,\"resistThunder\":-2,\"resistIce\":3,\"resistDragon\":-4}'),(551,'Death Stench Heel α','death-stench-heel-α','legs','{\"defense\":62,\"resistFire\":3,\"resistWater\":2,\"resistThunder\":-2,\"resistIce\":3,\"resistDragon\":-4}'),(552,'Death Stench Brain β','death-stench-brain-β','head','{\"defense\":62,\"slotsRank3\":1,\"resistFire\":3,\"resistWater\":2,\"resistThunder\":-2,\"resistIce\":3,\"resistDragon\":-4}'),(553,'Death Stench Muscle β','death-stench-muscle-β','chest','{\"defense\":62,\"slotsRank3\":1,\"resistFire\":3,\"resistWater\":2,\"resistThunder\":-2,\"resistIce\":3,\"resistDragon\":-4}'),(554,'Death Stench Grip β','death-stench-grip-β','gloves','{\"defense\":62,\"slotsRank1\":2,\"resistFire\":3,\"resistWater\":2,\"resistThunder\":-2,\"resistIce\":3,\"resistDragon\":-4}'),(555,'Death Stench Bowels β','death-stench-bowels-β','waist','{\"defense\":62,\"slotsRank1\":2,\"resistFire\":3,\"resistWater\":2,\"resistThunder\":-2,\"resistIce\":3,\"resistDragon\":-4}'),(556,'Death Stench Heel β','death-stench-heel-β','legs','{\"defense\":62,\"slotsRank1\":2,\"resistFire\":3,\"resistWater\":2,\"resistThunder\":-2,\"resistIce\":3,\"resistDragon\":-4}'),(557,'Skull Mask α','skull-mask-α','head','{\"defense\":64,\"slotsRank2\":1,\"resistFire\":-3,\"resistWater\":-1,\"resistThunder\":-1,\"resistIce\":-1,\"resistDragon\":2}'),(558,'Nergigante Helm α','nergigante-helm-α','head','{\"defense\":64,\"slotsRank1\":1,\"resistFire\":1,\"resistWater\":1,\"resistThunder\":-3,\"resistIce\":1,\"resistDragon\":-3}'),(559,'Nergigante Mail α','nergigante-mail-α','chest','{\"defense\":64,\"slotsRank1\":1,\"resistFire\":1,\"resistWater\":1,\"resistThunder\":-3,\"resistIce\":1,\"resistDragon\":-3}'),(560,'Nergigante Vambraces α','nergigante-vambraces-α','gloves','{\"defense\":64,\"resistFire\":1,\"resistWater\":1,\"resistThunder\":-3,\"resistIce\":1,\"resistDragon\":-3}'),(561,'Nergigante Coil α','nergigante-coil-α','waist','{\"defense\":64,\"resistFire\":1,\"resistWater\":1,\"resistThunder\":-3,\"resistIce\":1,\"resistDragon\":-3}'),(562,'Nergigante Greaves α','nergigante-greaves-α','legs','{\"defense\":64,\"slotsRank1\":1,\"resistFire\":1,\"resistWater\":1,\"resistThunder\":-3,\"resistIce\":1,\"resistDragon\":-3}'),(563,'Nergigante Helm β','nergigante-helm-β','head','{\"defense\":64,\"slotsRank1\":2,\"resistFire\":1,\"resistWater\":1,\"resistThunder\":-3,\"resistIce\":1,\"resistDragon\":-3}'),(564,'Nergigante Mail β','nergigante-mail-β','chest','{\"defense\":64,\"slotsRank2\":1,\"slotsRank1\":1,\"resistFire\":1,\"resistWater\":1,\"resistThunder\":-3,\"resistIce\":1,\"resistDragon\":-3}'),(565,'Nergigante Vambraces β','nergigante-vambraces-β','gloves','{\"defense\":64,\"slotsRank1\":1,\"resistFire\":1,\"resistWater\":1,\"resistThunder\":-3,\"resistIce\":1,\"resistDragon\":-3}'),(566,'Nergigante Coil β','nergigante-coil-β','waist','{\"defense\":64,\"slotsRank2\":1,\"resistFire\":1,\"resistWater\":1,\"resistThunder\":-3,\"resistIce\":1,\"resistDragon\":-3}'),(567,'Nergigante Greaves β','nergigante-greaves-β','legs','{\"defense\":64,\"slotsRank2\":1,\"resistFire\":1,\"resistWater\":1,\"resistThunder\":-3,\"resistIce\":1,\"resistDragon\":-3}'),(568,'Kaiser Crown α','kaiser-crown-α','head','{\"defense\":64,\"resistFire\":3,\"resistWater\":-3,\"resistThunder\":1,\"resistIce\":-3,\"resistDragon\":1}'),(569,'Kaiser Mail α','kaiser-mail-α','chest','{\"defense\":64,\"resistFire\":3,\"resistWater\":-3,\"resistThunder\":1,\"resistIce\":-3,\"resistDragon\":1}'),(570,'Kaiser Vambraces α','kaiser-vambraces-α','gloves','{\"defense\":64,\"slotsRank1\":1,\"resistFire\":3,\"resistWater\":-3,\"resistThunder\":1,\"resistIce\":-3,\"resistDragon\":1}'),(571,'Kaiser Coil α','kaiser-coil-α','waist','{\"defense\":64,\"resistFire\":3,\"resistWater\":-3,\"resistThunder\":1,\"resistIce\":-3,\"resistDragon\":1}'),(572,'Kaiser Greaves α','kaiser-greaves-α','legs','{\"defense\":64,\"resistFire\":3,\"resistWater\":-3,\"resistThunder\":1,\"resistIce\":-3,\"resistDragon\":1}'),(573,'Kaiser Crown β','kaiser-crown-β','head','{\"defense\":64,\"slotsRank2\":1,\"resistFire\":3,\"resistWater\":-3,\"resistThunder\":1,\"resistIce\":-3,\"resistDragon\":1}'),(574,'Kaiser Mail β','kaiser-mail-β','chest','{\"defense\":64,\"slotsRank1\":2,\"resistFire\":3,\"resistWater\":-3,\"resistThunder\":1,\"resistIce\":-3,\"resistDragon\":1}'),(575,'Kaiser Vambraces β','kaiser-vambraces-β','gloves','{\"defense\":64,\"slotsRank3\":1,\"resistFire\":3,\"resistWater\":-3,\"resistThunder\":1,\"resistIce\":-3,\"resistDragon\":1}'),(576,'Kaiser Coil β','kaiser-coil-β','waist','{\"defense\":64,\"slotsRank2\":1,\"resistFire\":3,\"resistWater\":-3,\"resistThunder\":1,\"resistIce\":-3,\"resistDragon\":1}'),(577,'Kaiser Greaves β','kaiser-greaves-β','legs','{\"defense\":64,\"slotsRank1\":1,\"resistFire\":3,\"resistWater\":-3,\"resistThunder\":1,\"resistIce\":-3,\"resistDragon\":1}'),(578,'Kushala Glare α','kushala-glare-α','head','{\"defense\":64,\"resistWater\":2,\"resistThunder\":-3,\"resistIce\":4,\"resistDragon\":-2}'),(579,'Kushala Cista α','kushala-cista-α','chest','{\"defense\":64,\"resistWater\":2,\"resistThunder\":-3,\"resistIce\":4,\"resistDragon\":-2}'),(580,'Kushala Grip α','kushala-grip-α','gloves','{\"defense\":64,\"resistWater\":2,\"resistThunder\":-3,\"resistIce\":4,\"resistDragon\":-2}'),(581,'Kushala Cocoon α','kushala-cocoon-α','waist','{\"defense\":64,\"resistWater\":2,\"resistThunder\":-3,\"resistIce\":4,\"resistDragon\":-2}'),(582,'Kushala Crus α','kushala-crus-α','legs','{\"defense\":64,\"resistWater\":2,\"resistThunder\":-3,\"resistIce\":4,\"resistDragon\":-2}'),(583,'Kushala Glare β','kushala-glare-β','head','{\"defense\":64,\"slotsRank1\":3,\"resistWater\":2,\"resistThunder\":-3,\"resistIce\":4,\"resistDragon\":-2}'),(584,'Kushala Cista β','kushala-cista-β','chest','{\"defense\":64,\"slotsRank2\":1,\"resistWater\":2,\"resistThunder\":-3,\"resistIce\":4,\"resistDragon\":-2}'),(585,'Kushala Grip β','kushala-grip-β','gloves','{\"defense\":64,\"slotsRank3\":1,\"resistWater\":2,\"resistThunder\":-3,\"resistIce\":4,\"resistDragon\":-2}'),(586,'Kushala Cocoon β','kushala-cocoon-β','waist','{\"defense\":64,\"slotsRank1\":2,\"resistWater\":2,\"resistThunder\":-3,\"resistIce\":4,\"resistDragon\":-2}'),(587,'Kushala Crus β','kushala-crus-β','legs','{\"defense\":64,\"slotsRank3\":1,\"resistWater\":2,\"resistThunder\":-3,\"resistIce\":4,\"resistDragon\":-2}'),(588,'Vaal Hazak Helm α','vaal-hazak-helm-α','head','{\"defense\":64,\"resistFire\":-4,\"resistWater\":4,\"resistThunder\":1,\"resistIce\":-1,\"resistDragon\":-3}'),(589,'Vaal Hazak Mail α','vaal-hazak-mail-α','chest','{\"defense\":64,\"slotsRank1\":1,\"resistFire\":-4,\"resistWater\":4,\"resistThunder\":1,\"resistIce\":-1,\"resistDragon\":-3}'),(590,'Vaal Hazak Braces α','vaal-hazak-braces-α','gloves','{\"defense\":64,\"slotsRank1\":1,\"resistFire\":-4,\"resistWater\":4,\"resistThunder\":1,\"resistIce\":-1,\"resistDragon\":-3}'),(591,'Vaal Hazak Coil α','vaal-hazak-coil-α','waist','{\"defense\":64,\"slotsRank1\":1,\"resistFire\":-4,\"resistWater\":4,\"resistThunder\":1,\"resistIce\":-1,\"resistDragon\":-3}'),(592,'Vaal Hazak Greaves α','vaal-hazak-greaves-α','legs','{\"defense\":64,\"slotsRank1\":1,\"resistFire\":-4,\"resistWater\":4,\"resistThunder\":1,\"resistIce\":-1,\"resistDragon\":-3}'),(593,'Vaal Hazak Helm β','vaal-hazak-helm-β','head','{\"defense\":64,\"slotsRank1\":1,\"resistFire\":-4,\"resistWater\":4,\"resistThunder\":1,\"resistIce\":-1,\"resistDragon\":-3}'),(594,'Vaal Hazak Mail β','vaal-hazak-mail-β','chest','{\"defense\":64,\"slotsRank1\":2,\"resistFire\":-4,\"resistWater\":4,\"resistThunder\":1,\"resistIce\":-1,\"resistDragon\":-3}'),(595,'Vaal Hazak Braces β','vaal-hazak-braces-β','gloves','{\"defense\":64,\"slotsRank1\":3,\"resistFire\":-4,\"resistWater\":4,\"resistThunder\":1,\"resistIce\":-1,\"resistDragon\":-3}'),(596,'Vaal Hazak Coil β','vaal-hazak-coil-β','waist','{\"defense\":64,\"slotsRank1\":2,\"resistFire\":-4,\"resistWater\":4,\"resistThunder\":1,\"resistIce\":-1,\"resistDragon\":-3}'),(597,'Vaal Hazak Greaves β','vaal-hazak-greaves-β','legs','{\"defense\":64,\"slotsRank1\":2,\"resistFire\":-4,\"resistWater\":4,\"resistThunder\":1,\"resistIce\":-1,\"resistDragon\":-3}'),(598,'Kirin Horn α','kirin-horn-α','head','{\"defense\":64,\"resistFire\":-3,\"resistWater\":-2,\"resistThunder\":4,\"resistIce\":-2,\"resistDragon\":2}'),(599,'Kirin Jacket α','kirin-jacket-α','chest','{\"defense\":64,\"resistFire\":-3,\"resistWater\":-2,\"resistThunder\":4,\"resistIce\":-2,\"resistDragon\":2}'),(600,'Kirin Longarms α','kirin-longarms-α','gloves','{\"defense\":64,\"resistFire\":-3,\"resistWater\":-2,\"resistThunder\":4,\"resistIce\":-2,\"resistDragon\":2}'),(601,'Kirin Hoop α','kirin-hoop-α','waist','{\"defense\":64,\"resistFire\":-3,\"resistWater\":-2,\"resistThunder\":4,\"resistIce\":-2,\"resistDragon\":2}'),(602,'Kirin Leg Guards α','kirin-leg-guards-α','gloves','{\"defense\":64,\"resistFire\":-3,\"resistWater\":-2,\"resistThunder\":4,\"resistIce\":-2,\"resistDragon\":2}'),(603,'Kirin Horn β','kirin-horn-β','head','{\"defense\":64,\"slotsRank1\":1,\"resistFire\":-3,\"resistWater\":-2,\"resistThunder\":4,\"resistIce\":-2,\"resistDragon\":2}'),(604,'Kirin Jacket β','kirin-jacket-β','chest','{\"defense\":64,\"slotsRank1\":1,\"resistFire\":-3,\"resistWater\":-2,\"resistThunder\":4,\"resistIce\":-2,\"resistDragon\":2}'),(605,'Kirin Longarms β','kirin-longarms-β','gloves','{\"defense\":64,\"slotsRank1\":2,\"resistFire\":-3,\"resistWater\":-2,\"resistThunder\":4,\"resistIce\":-2,\"resistDragon\":2}'),(606,'Kirin Hoop β','kirin-hoop-β','waist','{\"defense\":64,\"slotsRank1\":3,\"resistFire\":-3,\"resistWater\":-2,\"resistThunder\":4,\"resistIce\":-2,\"resistDragon\":2}'),(607,'Kirin Leg Guards β','kirin-leg-guards-β','gloves','{\"defense\":64,\"slotsRank1\":2,\"resistFire\":-3,\"resistWater\":-2,\"resistThunder\":4,\"resistIce\":-2,\"resistDragon\":2}'),(608,'Xeno\'jiiva Headgear α','xenojiiva-headgear-α','head','{\"defense\":72,\"slotsRank1\":1,\"resistFire\":-3,\"resistWater\":2,\"resistThunder\":2,\"resistIce\":2,\"resistDragon\":-4}'),(609,'Xeno\'jiiva Hide α','xenojiiva-hide-α','chest','{\"defense\":72,\"slotsRank1\":1,\"resistFire\":-3,\"resistWater\":2,\"resistThunder\":2,\"resistIce\":2,\"resistDragon\":-4}'),(610,'Xeno\'jiiva Claws α','xenojiiva-claws-α','gloves','{\"defense\":72,\"slotsRank1\":1,\"resistFire\":-3,\"resistWater\":2,\"resistThunder\":2,\"resistIce\":2,\"resistDragon\":-4}'),(611,'Xeno\'jiiva Spine α','xenojiiva-spine-α','waist','{\"defense\":72,\"slotsRank3\":1,\"resistFire\":-3,\"resistWater\":2,\"resistThunder\":2,\"resistIce\":2,\"resistDragon\":-4}'),(612,'Xeno\'jiiva Spurs α','xenojiiva-spurs-α','legs','{\"defense\":72,\"slotsRank1\":1,\"resistFire\":-3,\"resistWater\":2,\"resistThunder\":2,\"resistIce\":2,\"resistDragon\":-4}'),(613,'Xeno\'jiiva Headgear β','xenojiiva-headgear-β','head','{\"defense\":72,\"slotsRank2\":1,\"resistFire\":-3,\"resistWater\":2,\"resistThunder\":2,\"resistIce\":2,\"resistDragon\":-4}'),(614,'Xeno\'jiiva Hide β','xenojiiva-hide-β','chest','{\"defense\":72,\"slotsRank1\":2,\"resistFire\":-3,\"resistWater\":2,\"resistThunder\":2,\"resistIce\":2,\"resistDragon\":-4}'),(615,'Xeno\'jiiva Claws β','xenojiiva-claws-β','gloves','{\"defense\":72,\"slotsRank3\":1,\"resistFire\":-3,\"resistWater\":2,\"resistThunder\":2,\"resistIce\":2,\"resistDragon\":-4}'),(616,'Xeno\'jiiva Spine β','xenojiiva-spine-β','waist','{\"defense\":72,\"slotsRank2\":1,\"slotsRank1\":1,\"resistFire\":-3,\"resistWater\":2,\"resistThunder\":2,\"resistIce\":2,\"resistDragon\":-4}'),(617,'Xeno\'jiiva Spurs β','xenojiiva-spurs-β','legs','{\"defense\":72,\"slotsRank1\":2,\"resistFire\":-3,\"resistWater\":2,\"resistThunder\":2,\"resistIce\":2,\"resistDragon\":-4}'),(618,'Guild Cross Circlet α','guild-cross-circlet-α','head','{\"defense\":62,\"slotsRank1\":1}'),(619,'Guild Cross Suit α','guild-cross-suit-α','chest','{\"defense\":62,\"slotsRank1\":1}'),(620,'Guild Cross Vambraces α','guild-cross-vambraces-α','gloves','{\"defense\":62,\"slotsRank1\":1}'),(621,'Guild Cross Coil α','guild-cross-coil-α','waist','{\"defense\":62,\"slotsRank1\":1}'),(622,'Guild Cross Boots α','guild-cross-boots-α','legs','{\"defense\":62,\"slotsRank1\":1}'),(623,'Guild Cross Circlet β','guild-cross-circlet-β','head','{\"defense\":62,\"slotsRank1\":3}'),(624,'Guild Cross Suit β','guild-cross-suit-β','chest','{\"defense\":62,\"slotsRank3\":1}'),(625,'Guild Cross Vambraces β','guild-cross-vambraces-β','gloves','{\"defense\":62,\"slotsRank3\":1}'),(626,'Guild Cross Coil β','guild-cross-coil-β','waist','{\"defense\":62,\"slotsRank1\":3}'),(627,'Guild Cross Boots β','guild-cross-boots-β','legs','{\"defense\":62,\"slotsRank3\":1}'),(628,'Dragonking Eyepatch α','dragonking-eyepatch-α','head','{\"defense\":70,\"slotsRank3\":1}'),(629,'Commission Gorget α','commission-gorget-α','head','{\"defense\":70,\"slotsRank1\":1,\"resistFire\":2,\"resistWater\":2,\"resistThunder\":2,\"resistIce\":2,\"resistDragon\":2}'),(630,'Commission Jacket α','commission-jacket-α','chest','{\"defense\":70,\"resistFire\":2,\"resistWater\":2,\"resistThunder\":2,\"resistIce\":2,\"resistDragon\":2}'),(631,'Commission Vambraces α','commission-vambraces-α','gloves','{\"defense\":70,\"slotsRank1\":1,\"resistFire\":2,\"resistWater\":2,\"resistThunder\":2,\"resistIce\":2,\"resistDragon\":2}'),(632,'Commission Belt α','commission-belt-α','waist','{\"defense\":70,\"slotsRank1\":1,\"resistFire\":2,\"resistWater\":2,\"resistThunder\":2,\"resistIce\":2,\"resistDragon\":2}'),(633,'Commission Pants α','commission-pants-α','legs','{\"defense\":70,\"resistFire\":2,\"resistWater\":2,\"resistThunder\":2,\"resistIce\":2,\"resistDragon\":2}'),(634,'Commission Gorget β','commission-gorget-β','head','{\"defense\":70,\"slotsRank2\":1,\"resistFire\":2,\"resistWater\":2,\"resistThunder\":2,\"resistIce\":2,\"resistDragon\":2}'),(635,'Commission Jacket β','commission-jacket-β','chest','{\"defense\":70,\"slotsRank1\":1,\"resistFire\":2,\"resistWater\":2,\"resistThunder\":2,\"resistIce\":2,\"resistDragon\":2}'),(636,'Commission Vambraces β','commission-vambraces-β','gloves','{\"defense\":70,\"slotsRank2\":1,\"resistFire\":2,\"resistWater\":2,\"resistThunder\":2,\"resistIce\":2,\"resistDragon\":2}'),(637,'Commission Belt β','commission-belt-β','waist','{\"defense\":70,\"slotsRank2\":1,\"resistFire\":2,\"resistWater\":2,\"resistThunder\":2,\"resistIce\":2,\"resistDragon\":2}'),(638,'Commission Pants β','commission-pants-β','legs','{\"defense\":70,\"slotsRank2\":1,\"resistFire\":2,\"resistWater\":2,\"resistThunder\":2,\"resistIce\":2,\"resistDragon\":2}'),(639,'Sealed Eyepatch α','sealed-eyepatch-α','head','{\"defense\":46,\"slotsRank2\":1,\"slotsRank1\":1,\"resistFire\":3,\"resistWater\":2,\"resistIce\":2}');
/*!40000 ALTER TABLE `armor` ENABLE KEYS */;
UNLOCK TABLES;

--
-- Table structure for table `armor_skill_ranks`
--

DROP TABLE IF EXISTS `armor_skill_ranks`;
/*!40101 SET @saved_cs_client     = @@character_set_client */;
/*!40101 SET character_set_client = utf8 */;
CREATE TABLE `armor_skill_ranks` (
  `armor_id` int(10) unsigned NOT NULL,
  `skill_rank_id` int(10) unsigned NOT NULL,
  PRIMARY KEY (`armor_id`,`skill_rank_id`),
  KEY `IDX_101D79CCF5AA3663` (`armor_id`),
  KEY `IDX_101D79CC6CE3F9A6` (`skill_rank_id`),
  CONSTRAINT `FK_101D79CC6CE3F9A6` FOREIGN KEY (`skill_rank_id`) REFERENCES `skill_ranks` (`id`),
  CONSTRAINT `FK_101D79CCF5AA3663` FOREIGN KEY (`armor_id`) REFERENCES `armor` (`id`)
) ENGINE=InnoDB DEFAULT CHARSET=utf8 COLLATE=utf8_unicode_ci;
/*!40101 SET character_set_client = @saved_cs_client */;

--
-- Dumping data for table `armor_skill_ranks`
--

LOCK TABLES `armor_skill_ranks` WRITE;
/*!40000 ALTER TABLE `armor_skill_ranks` DISABLE KEYS */;
INSERT INTO `armor_skill_ranks` VALUES (1,207),(6,249),(11,279),(12,270),(13,273),(14,297),(15,300),(16,53),(17,39),(18,153),(19,186),(20,291),(21,223),(22,28),(23,108),(24,4),(25,250),(26,304),(27,285),(28,235),(29,305),(30,255),(31,179),(32,280),(33,62),(34,204),(35,248),(36,231),(37,123),(38,28),(39,65),(40,46),(41,1),(42,238),(43,282),(44,231),(45,1),(46,105),(47,260),(48,218),(49,156),(50,195),(51,13),(52,10),(53,285),(54,13),(55,85),(56,68),(57,136),(58,198),(59,281),(60,215),(61,95),(62,71),(63,68),(64,23),(65,46),(66,187),(67,193),(68,210),(69,223),(70,203),(71,250),(72,298),(73,210),(74,223),(75,203),(76,250),(77,298),(78,299),(79,36),(80,37),(81,234),(82,251),(83,142),(84,80),(85,195),(86,188),(87,62),(88,190),(89,53),(90,260),(91,105),(92,1),(93,56),(94,289),(95,198),(96,10),(97,226),(98,7),(99,204),(100,159),(101,190),(102,252),(103,28),(104,186),(105,4),(106,255),(107,37),(108,108),(109,153),(110,7),(111,111),(112,218),(113,17),(114,95),(115,71),(116,53),(117,28),(118,46),(119,185),(120,179),(121,136),(122,100),(123,142),(124,59),(125,252),(126,193),(127,264),(128,290),(129,252),(130,210),(131,160),(132,90),(133,68),(134,17),(135,238),(136,198),(137,123),(138,223),(139,39),(140,133),(141,62),(142,80),(143,281),(144,147),(145,153),(146,174),(147,195),(148,33),(149,195),(150,252),(151,77),(152,95),(153,71),(154,208),(155,62),(156,59),(157,204),(158,288),(159,207),(164,218),(164,249),(165,65),(166,59),(167,223),(168,56),(169,249),(174,279),(174,290),(175,271),(176,274),(177,249),(177,273),(178,270),(178,297),(179,279),(180,270),(181,273),(182,249),(183,297),(184,53),(184,291),(185,39),(186,39),(186,153),(187,186),(187,247),(188,292),(189,53),(190,39),(191,153),(192,186),(193,291),(194,28),(194,46),(195,66),(196,46),(196,238),(197,1),(197,65),(198,239),(199,28),(200,65),(201,46),(202,1),(203,238),(204,211),(204,260),(205,224),(205,260),(206,203),(206,261),(207,223),(207,250),(208,210),(208,298),(209,211),(210,224),(211,261),(212,250),(213,298),(214,211),(214,260),(215,224),(215,260),(216,203),(216,261),(217,223),(217,250),(218,210),(218,298),(219,211),(220,224),(221,261),(222,250),(223,298),(224,108),(224,223),(225,28),(226,108),(227,5),(228,4),(228,250),(229,223),(230,28),(231,108),(232,4),(233,250),(234,36),(234,100),(235,37),(235,207),(236,207),(236,234),(237,207),(237,251),(238,100),(238,142),(239,36),(240,37),(241,234),(242,251),(243,142),(244,245),(245,136),(245,304),(246,304),(247,85),(247,286),(248,85),(248,285),(249,264),(249,299),(250,299),(251,236),(252,306),(253,255),(253,305),(254,179),(254,235),(255,234),(255,280),(256,235),(257,305),(258,255),(259,179),(260,280),(261,62),(261,133),(262,123),(262,204),(263,123),(263,248),(264,232),(265,123),(265,231),(266,62),(267,204),(268,248),(269,231),(270,123),(271,10),(271,289),(272,86),(272,198),(273,11),(273,226),(274,85),(274,227),(275,8),(276,289),(277,198),(278,11),(279,226),(280,7),(281,4),(281,186),(282,5),(283,256),(284,37),(284,108),(285,109),(286,186),(287,4),(288,255),(289,37),(290,108),(291,283),(292,231),(292,260),(293,2),(293,105),(294,106),(295,261),(295,282),(296,282),(297,231),(298,1),(299,105),(300,260),(301,219),(302,157),(303,156),(303,195),(304,13),(304,218),(305,11),(305,195),(306,218),(307,156),(308,195),(309,13),(310,10),(311,62),(311,81),(312,188),(312,195),(313,80),(313,188),(314,63),(314,190),(315,191),(316,81),(317,195),(318,188),(319,63),(320,190),(321,286),(322,13),(322,85),(323,86),(323,285),(324,69),(325,137),(326,285),(327,13),(328,86),(329,68),(330,136),(331,199),(332,215),(332,281),(333,216),(334,71),(334,96),(335,72),(335,198),(336,198),(337,281),(338,215),(339,95),(340,71),(341,205),(342,159),(342,190),(343,191),(344,253),(345,28),(345,204),(346,204),(347,159),(348,190),(349,252),(350,28),(351,54),(351,105),(352,56),(352,261),(353,106),(354,2),(354,53),(355,57),(356,53),(356,105),(357,56),(357,260),(358,105),(359,1),(359,53),(360,56),(361,105),(361,215),(362,302),(363,29),(364,1),(364,142),(365,28),(365,301),(366,215),(367,301),(368,28),(369,142),(370,301),(371,34),(372,17),(372,111),(373,112),(373,218),(374,219),(375,18),(376,33),(377,111),(378,111),(378,218),(379,218),(380,17),(381,14),(381,276),(382,276),(383,20),(383,38),(384,38),(385,15),(386,115),(387,242),(388,14),(388,191),(389,114),(389,187),(390,14),(391,114),(392,241),(393,191),(394,187),(395,114),(395,142),(396,28),(396,115),(397,120),(397,241),(398,33),(398,179),(399,23),(399,242),(400,142),(401,115),(402,120),(403,179),(404,242),(405,23),(405,69),(406,24),(406,90),(407,47),(407,90),(408,46),(408,187),(409,68),(409,193),(410,69),(411,23),(411,90),(412,47),(413,187),(414,193),(415,96),(416,72),(417,54),(417,95),(418,29),(419,28),(419,47),(420,95),(421,71),(422,54),(423,28),(424,47),(425,60),(425,186),(426,253),(427,194),(427,252),(428,59),(428,265),(429,264),(429,290),(430,60),(431,252),(432,194),(433,265),(434,290),(435,257),(436,124),(437,81),(437,223),(438,38),(438,81),(439,226),(439,304),(440,56),(440,224),(441,80),(441,119),(442,80),(442,223),(443,81),(444,304),(445,224),(446,119),(447,90),(447,253),(448,211),(448,252),(449,160),(449,210),(450,28),(450,91),(451,69),(451,147),(452,253),(453,211),(454,160),(455,91),(456,69),(457,18),(457,123),(458,17),(458,239),(459,123),(459,198),(460,124),(460,238),(461,123),(461,223),(462,18),(463,239),(464,198),(465,124),(466,223),(467,40),(467,80),(468,80),(468,134),(469,39),(469,63),(470,81),(470,136),(471,133),(471,281),(472,40),(473,134),(474,63),(475,81),(476,281),(477,130),(477,306),(478,120),(478,305),(479,28),(479,136),(480,29),(480,118),(481,136),(481,288),(482,130),(483,120),(484,136),(485,28),(486,136),(487,148),(487,174),(488,154),(488,174),(489,33),(489,175),(490,147),(490,196),(491,34),(491,153),(492,148),(493,154),(494,175),(495,196),(496,34),(497,137),(498,181),(499,136),(499,195),(500,150),(500,180),(501,117),(501,174),(502,136),(503,180),(504,136),(505,180),(506,117),(507,72),(508,151),(509,46),(509,218),(510,71),(510,150),(511,219),(512,71),(513,150),(514,218),(515,150),(516,218),(517,24),(517,114),(518,15),(518,219),(519,23),(519,148),(520,24),(520,281),(521,147),(521,242),(522,24),(523,219),(524,148),(525,24),(526,242),(527,47),(527,238),(528,47),(528,137),(529,142),(529,238),(530,21),(530,136),(531,20),(531,47),(532,47),(533,137),(534,142),(535,136),(536,47),(537,74),(537,120),(538,40),(538,244),(539,205),(539,244),(540,39),(540,75),(541,40),(541,204),(542,120),(543,40),(544,204),(544,244),(545,75),(546,40),(547,123),(547,185),(548,120),(548,179),(549,100),(549,137),(550,101),(550,136),(551,101),(551,143),(552,185),(553,179),(554,137),(555,101),(556,143),(557,142),(558,39),(558,268),(559,166),(559,205),(560,39),(560,167),(561,40),(561,204),(562,166),(562,267),(563,268),(564,205),(565,167),(566,40),(567,267),(568,162),(569,161),(569,189),(570,134),(571,115),(571,133),(572,114),(572,162),(573,161),(574,189),(575,133),(576,115),(577,162),(578,91),(578,142),(579,136),(579,143),(580,142),(580,211),(581,91),(581,215),(582,142),(582,216),(583,91),(584,143),(585,211),(586,91),(587,216),(588,101),(588,171),(589,60),(589,100),(590,59),(590,171),(591,171),(591,294),(592,100),(592,295),(593,171),(594,60),(595,171),(596,171),(597,295),(598,196),(598,252),(599,95),(599,253),(600,96),(600,195),(601,77),(601,120),(602,72),(602,121),(603,196),(604,253),(605,96),(606,77),(607,121),(608,188),(608,276),(609,77),(609,140),(610,130),(610,276),(611,78),(611,188),(612,139),(612,276),(613,276),(614,140),(615,276),(616,78),(617,276),(618,72),(618,253),(619,69),(619,185),(620,66),(620,301),(621,75),(621,179),(622,63),(622,160),(623,253),(624,185),(625,301),(626,179),(627,160),(628,134),(629,249),(629,301),(630,227),(630,288),(631,251),(631,289),(632,244),(632,248),(633,274),(633,304),(634,301),(635,227),(636,289),(637,244),(638,274),(639,62);
/*!40000 ALTER TABLE `armor_skill_ranks` ENABLE KEYS */;
UNLOCK TABLES;

--
-- Table structure for table `charms`
--

DROP TABLE IF EXISTS `charms`;
/*!40101 SET @saved_cs_client     = @@character_set_client */;
/*!40101 SET character_set_client = utf8 */;
CREATE TABLE `charms` (
  `id` int(10) unsigned NOT NULL AUTO_INCREMENT,
  `name` varchar(64) COLLATE utf8_unicode_ci NOT NULL,
  `slug` varchar(64) COLLATE utf8_unicode_ci NOT NULL,
  PRIMARY KEY (`id`),
  UNIQUE KEY `UNIQ_5B50F9EF5E237E06` (`name`),
  UNIQUE KEY `UNIQ_5B50F9EF989D9B62` (`slug`)
) ENGINE=InnoDB AUTO_INCREMENT=234 DEFAULT CHARSET=utf8 COLLATE=utf8_unicode_ci;
/*!40101 SET character_set_client = @saved_cs_client */;

--
-- Dumping data for table `charms`
--

LOCK TABLES `charms` WRITE;
/*!40000 ALTER TABLE `charms` DISABLE KEYS */;
INSERT INTO `charms` VALUES (1,'Poison Charm 1','poison-charm-1'),(2,'Poison Charm 2','poison-charm-2'),(3,'Poison Charm 3','poison-charm-3'),(4,'Attack Charm 1','attack-charm-1'),(5,'Attack Charm 2','attack-charm-2'),(6,'Attack Charm 3','attack-charm-3'),(7,'Defense Charm 1','defense-charm-1'),(8,'Defense Charm 2','defense-charm-2'),(9,'Defense Charm 3','defense-charm-3'),(10,'Paralysis Charm 1','paralysis-charm-1'),(11,'Paralysis Charm 2','paralysis-charm-2'),(12,'Paralysis Charm 3','paralysis-charm-3'),(13,'Sleep Charm 1','sleep-charm-1'),(14,'Sleep Charm 2','sleep-charm-2'),(15,'Sleep Charm 3','sleep-charm-3'),(16,'Stun Charm 1','stun-charm-1'),(17,'Stun Charm 2','stun-charm-2'),(18,'Stun Charm 3','stun-charm-3'),(19,'Windproof Charm 1','windproof-charm-1'),(20,'Windproof Charm 2','windproof-charm-2'),(21,'Windproof Charm 3','windproof-charm-3'),(22,'Health Charm 1','health-charm-1'),(23,'Health Charm 2','health-charm-2'),(24,'Health Charm 3','health-charm-3'),(25,'Recovery Charm 1','recovery-charm-1'),(26,'Recovery Charm 2','recovery-charm-2'),(27,'Recovery Charm 3','recovery-charm-3'),(28,'Fire Charm 1','fire-charm-1'),(29,'Fire Charm 2','fire-charm-2'),(30,'Fire Charm 3','fire-charm-3'),(31,'Water Charm 1','water-charm-1'),(32,'Water Charm 2','water-charm-2'),(33,'Water Charm 3','water-charm-3'),(34,'Thunder Charm 1','thunder-charm-1'),(35,'Thunder Charm 2','thunder-charm-2'),(36,'Thunder Charm 3','thunder-charm-3'),(37,'Blaze Charm 1','blaze-charm-1'),(38,'Blaze Charm 2','blaze-charm-2'),(39,'Blaze Charm 3','blaze-charm-3'),(40,'Flood Charm 1','flood-charm-1'),(41,'Flood Charm 2','flood-charm-2'),(42,'Flood Charm 3','flood-charm-3'),(43,'Shock Charm 1','shock-charm-1'),(44,'Shock Charm 2','shock-charm-2'),(45,'Shock Charm 3','shock-charm-3'),(46,'Venom Charm 1','venom-charm-1'),(47,'Venom Charm 2','venom-charm-2'),(48,'Venom Charm 3','venom-charm-3'),(49,'Immobilize Charm 1','immobilize-charm-1'),(50,'Immobilize Charm 2','immobilize-charm-2'),(51,'Immobilize Charm 3','immobilize-charm-3'),(52,'Tranq Charm 1','tranq-charm-1'),(53,'Tranq Charm 2','tranq-charm-2'),(54,'Tranq Charm 3','tranq-charm-3'),(55,'KO Charm 1','ko-charm-1'),(56,'KO Charm 2','ko-charm-2'),(57,'KO Charm 3','ko-charm-3'),(58,'Enervate Charm 1','enervate-charm-1'),(59,'Enervate Charm 2','enervate-charm-2'),(60,'Enervate Charm 3','enervate-charm-3'),(61,'Artillery Charm 1','artillery-charm-1'),(62,'Artillery Charm 2','artillery-charm-2'),(63,'Artillery Charm 3','artillery-charm-3'),(64,'Hungerless Charm 1','hungerless-charm-1'),(65,'Hungerless Charm 2','hungerless-charm-2'),(66,'Hungerless Charm 3','hungerless-charm-3'),(67,'Ironside Charm 1','ironside-charm-1'),(68,'Ironside Charm 2','ironside-charm-2'),(69,'Ironside Charm 3','ironside-charm-3'),(70,'Friendship Charm 1','friendship-charm-1'),(71,'Friendship Charm 2','friendship-charm-2'),(72,'Friendship Charm 3','friendship-charm-3'),(73,'Extension Charm 1','extension-charm-1'),(74,'Extension Charm 2','extension-charm-2'),(75,'Extension Charm 3','extension-charm-3'),(76,'Glutton\'s Charm 1','gluttons-charm-1'),(77,'Glutton\'s Charm 2','gluttons-charm-2'),(78,'Glutton\'s Charm 3','gluttons-charm-3'),(79,'Blessing Charm 1','blessing-charm-1'),(80,'Blessing Charm 2','blessing-charm-2'),(81,'Blessing Charm 3','blessing-charm-3'),(82,'Rally Charm 1','rally-charm-1'),(83,'Rally Charm 2','rally-charm-2'),(84,'Rally Charm 3','rally-charm-3'),(85,'Botany Charm 1','botany-charm-1'),(86,'Botany Charm 2','botany-charm-2'),(87,'Botany Charm 3','botany-charm-3'),(88,'Geology Charm 1','geology-charm-1'),(89,'Geology Charm 2','geology-charm-2'),(90,'Geology Charm 3','geology-charm-3'),(91,'Slinger Charm 1','slinger-charm-1'),(92,'Slinger Charm 2','slinger-charm-2'),(93,'Slinger Charm 3','slinger-charm-3'),(94,'Stealth Charm 1','stealth-charm-1'),(95,'Stealth Charm 2','stealth-charm-2'),(96,'Stealth Charm 3','stealth-charm-3'),(97,'Smoke Charm 1','smoke-charm-1'),(98,'Smoke Charm 2','smoke-charm-2'),(99,'Smoke Charm 3','smoke-charm-3'),(100,'Mirewalker Charm 1','mirewalker-charm-1'),(101,'Mirewalker Charm 2','mirewalker-charm-2'),(102,'Mirewalker Charm 3','mirewalker-charm-3'),(103,'Insect Charm 1','insect-charm-1'),(104,'Insect Charm 2','insect-charm-2'),(105,'Insect Charm 3','insect-charm-3'),(106,'Intimidator Charm 1','intimidator-charm-1'),(107,'Intimidator Charm 2','intimidator-charm-2'),(108,'Intimidator Charm 3','intimidator-charm-3'),(109,'Heavy Artillery Charm 1','heavy-artillery-charm-1'),(110,'Heavy Artillery Charm 2','heavy-artillery-charm-2'),(111,'Light Eater\'s Charm','light-eaters-charm'),(112,'Tracker Charm','tracker-charm'),(113,'Fortification Charm','fortification-charm'),(114,'Performer\'s Charm','performers-charm'),(115,'Capacity Charm','capacity-charm'),(116,'Bleed Charm 1','bleed-charm-1'),(117,'Bleed Charm 2','bleed-charm-2'),(118,'Bleed Charm 3','bleed-charm-3'),(119,'Speed Heal Charm 1','speed-heal-charm-1'),(120,'Speed Heal Charm 2','speed-heal-charm-2'),(121,'Speed Heal Charm 3','speed-heal-charm-3'),(122,'Ice Charm 1','ice-charm-1'),(123,'Ice Charm 2','ice-charm-2'),(124,'Ice Charm 3','ice-charm-3'),(125,'Blight Charm 1','blight-charm-1'),(126,'Blight Charm 2','blight-charm-2'),(127,'Blight Charm 3','blight-charm-3'),(128,'Frost Charm 1','frost-charm-1'),(129,'Frost Charm 2','frost-charm-2'),(130,'Frost Charm 3','frost-charm-3'),(131,'Master\'s Charm 1','masters-charm-1'),(132,'Master\'s Charm 2','masters-charm-2'),(133,'Master\'s Charm 3','masters-charm-3'),(134,'Evasion Charm 1','evasion-charm-1'),(135,'Evasion Charm 2','evasion-charm-2'),(136,'Evasion Charm 3','evasion-charm-3'),(137,'Sheath Charm 1','sheath-charm-1'),(138,'Sheath Charm 2','sheath-charm-2'),(139,'Sheath Charm 3','sheath-charm-3'),(140,'Whetstone Charm 1','whetstone-charm-1'),(141,'Whetstone Charm 2','whetstone-charm-2'),(142,'Whetstone Charm 3','whetstone-charm-3'),(143,'Blast Charm 1','blast-charm-1'),(144,'Blast Charm 2','blast-charm-2'),(145,'Blast Charm 3','blast-charm-3'),(146,'Dragon Charm 1','dragon-charm-1'),(147,'Dragon Charm 2','dragon-charm-2'),(148,'Dragon Charm 3','dragon-charm-3'),(149,'Wyrmsbane Charm 1','wyrmsbane-charm-1'),(150,'Wyrmsbane Charm 2','wyrmsbane-charm-2'),(151,'Wyrmsbane Charm 3','wyrmsbane-charm-3'),(152,'Demolition Charm 1','demolition-charm-1'),(153,'Demolition Charm 2','demolition-charm-2'),(154,'Demolition Charm 3','demolition-charm-3'),(155,'Draw Charm 1','draw-charm-1'),(156,'Draw Charm 2','draw-charm-2'),(157,'Trickshot Charm 1','trickshot-charm-1'),(158,'Trickshot Charm 2','trickshot-charm-2'),(159,'Marathon Charm 1','marathon-charm-1'),(160,'Marathon Charm 2','marathon-charm-2'),(161,'Fitness Charm 1','fitness-charm-1'),(162,'Fitness Charm 2','fitness-charm-2'),(163,'Fitness Charm 3','fitness-charm-3'),(164,'Surge Charm 1','surge-charm-1'),(165,'Surge Charm 2','surge-charm-2'),(166,'Leaping Charm 1','leaping-charm-1'),(167,'Leaping Charm 2','leaping-charm-2'),(168,'Bombardier Charm 1','bombardier-charm-1'),(169,'Bombardier Charm 2','bombardier-charm-2'),(170,'Bombardier Charm 3','bombardier-charm-3'),(171,'Mushroom Charm 1','mushroom-charm-1'),(172,'Mushroom Charm 2','mushroom-charm-2'),(173,'Awakening Charm 1','awakening-charm-1'),(174,'Awakening Charm 2','awakening-charm-2'),(175,'Handicraft Charm 1','handicraft-charm-1'),(176,'Handicraft Charm 2','handicraft-charm-2'),(177,'Handicraft Charm 3','handicraft-charm-3'),(178,'Mud Puppy Charm','mud-puppy-charm'),(179,'Trickshot Charm','trickshot-charm'),(180,'Hunter\'s Life Charm','hunters-life-charm'),(181,'Procurer\'s Charm','procurers-charm'),(182,'Gatherer\'s Charm','gatherers-charm'),(183,'Guard Charm 1','guard-charm-1'),(184,'Guard Charm 2','guard-charm-2'),(185,'Guard Charm 3','guard-charm-3'),(186,'Earplugs Charm 1','earplugs-charm-1'),(187,'Earplugs Charm 2','earplugs-charm-2'),(188,'Earplugs Charm 3','earplugs-charm-3'),(189,'Tremor Charm 1','tremor-charm-1'),(190,'Tremor Charm 2','tremor-charm-2'),(191,'Exploiter Charm 1','exploiter-charm-1'),(192,'Exploiter Charm 2','exploiter-charm-2'),(193,'Focus Charm 1','focus-charm-1'),(194,'Focus Charm 2','focus-charm-2'),(195,'Breaker Charm 1','breaker-charm-1'),(196,'Breaker Charm 2','breaker-charm-2'),(197,'Fury Charm 1','fury-charm-1'),(198,'Fury Charm 2','fury-charm-2'),(199,'Grit Charm 1','grit-charm-1'),(200,'Grit Charm 2','grit-charm-2'),(201,'Maintenance Charm 1','maintenance-charm-1'),(202,'Maintenance Charm 2','maintenance-charm-2'),(203,'Maintenance Charm 3','maintenance-charm-3'),(204,'Power Charm 1','power-charm-1'),(205,'Challenger Charm 1','challenger-charm-1'),(206,'Challenger Charm 2','challenger-charm-2'),(207,'Unscathed Charm 1','unscathed-charm-1'),(208,'Unscathed Charm 2','unscathed-charm-2'),(209,'Mighty Charm 1','mighty-charm-1'),(210,'Mighty Charm 2','mighty-charm-2'),(211,'Impact Charm 1','impact-charm-1'),(212,'Impact Charm 2','impact-charm-2'),(213,'Miasma Charm 1','miasma-charm-1'),(214,'Miasma Charm 2','miasma-charm-2'),(215,'Miasma Charm 3','miasma-charm-3'),(216,'Normal Shots Charm','normal-shots-charm'),(217,'Clearmind Charm','clearmind-charm'),(218,'Rider\'s Charm','riders-charm'),(219,'Surveyor\'s Charm','surveyors-charm'),(220,'Critical Charm 1','critical-charm-1'),(221,'Invigorate Charm 1','invigorate-charm-1'),(222,'Invigorate Charm 2','invigorate-charm-2'),(223,'Penetration Charm','penetration-charm'),(224,'Dispersal Charm','dispersal-charm'),(225,'Poison Coating Charm','poison-coating-charm'),(226,'Para Coating Charm','para-coating-charm'),(227,'Sleep Coating Charm','sleep-coating-charm'),(228,'Blast Coating Charm','blast-coating-charm'),(229,'Geomancy Charm','geomancy-charm'),(230,'Gale Charm','gale-charm'),(231,'Wyrmslayer Charm','wyrmslayer-charm'),(232,'Bulwark Charm','bulwark-charm'),(233,'Fair Wind Charm','fair-wind-charm');
/*!40000 ALTER TABLE `charms` ENABLE KEYS */;
UNLOCK TABLES;

--
-- Table structure for table `charms_skill_ranks`
--

DROP TABLE IF EXISTS `charms_skill_ranks`;
/*!40101 SET @saved_cs_client     = @@character_set_client */;
/*!40101 SET character_set_client = utf8 */;
CREATE TABLE `charms_skill_ranks` (
  `charm_id` int(10) unsigned NOT NULL,
  `skill_rank_id` int(10) unsigned NOT NULL,
  PRIMARY KEY (`charm_id`,`skill_rank_id`),
  KEY `IDX_31EF1D4593E9261F` (`charm_id`),
  KEY `IDX_31EF1D456CE3F9A6` (`skill_rank_id`),
  CONSTRAINT `FK_31EF1D456CE3F9A6` FOREIGN KEY (`skill_rank_id`) REFERENCES `skill_ranks` (`id`),
  CONSTRAINT `FK_31EF1D4593E9261F` FOREIGN KEY (`charm_id`) REFERENCES `charms` (`id`)
) ENGINE=InnoDB DEFAULT CHARSET=utf8 COLLATE=utf8_unicode_ci;
/*!40101 SET character_set_client = @saved_cs_client */;

--
-- Dumping data for table `charms_skill_ranks`
--

LOCK TABLES `charms_skill_ranks` WRITE;
/*!40000 ALTER TABLE `charms_skill_ranks` DISABLE KEYS */;
INSERT INTO `charms_skill_ranks` VALUES (1,1),(2,2),(3,3),(4,39),(5,40),(6,41),(7,46),(8,47),(9,48),(10,4),(11,5),(12,6),(13,7),(14,8),(15,9),(16,10),(17,11),(18,12),(19,28),(20,29),(21,30),(22,53),(23,54),(24,55),(25,56),(26,57),(27,58),(28,62),(29,63),(30,64),(31,65),(32,66),(33,67),(34,71),(35,72),(36,73),(37,80),(38,81),(39,82),(40,85),(41,86),(42,87),(43,95),(44,96),(45,97),(46,105),(47,106),(48,107),(49,108),(50,109),(51,110),(52,111),(53,112),(54,113),(55,153),(56,154),(57,155),(58,156),(59,157),(60,158),(61,190),(62,191),(63,192),(64,207),(65,208),(66,209),(67,218),(68,219),(69,220),(70,226),(71,227),(72,228),(73,231),(74,232),(75,233),(76,235),(77,236),(78,237),(79,252),(80,253),(81,254),(82,255),(83,256),(84,257),(85,260),(86,261),(87,262),(88,264),(89,265),(90,266),(91,270),(92,271),(93,272),(94,273),(95,274),(96,275),(97,282),(98,283),(99,284),(100,285),(101,286),(102,287),(103,291),(104,292),(105,293),(106,305),(107,306),(108,307),(109,193),(110,194),(111,234),(112,297),(113,179),(114,186),(115,187),(116,17),(117,18),(118,19),(119,59),(120,60),(121,61),(122,68),(123,69),(124,70),(125,77),(126,78),(127,79),(128,90),(129,91),(130,92),(131,123),(132,124),(133,125),(134,210),(135,211),(136,212),(137,223),(138,224),(139,225),(140,238),(141,239),(142,240),(143,14),(144,15),(145,16),(146,74),(147,75),(148,76),(149,100),(150,101),(151,102),(152,114),(153,115),(154,116),(155,147),(156,148),(157,188),(158,189),(159,195),(160,196),(161,198),(162,199),(163,200),(164,204),(165,205),(166,215),(167,216),(168,241),(169,242),(170,243),(171,244),(172,245),(173,120),(174,121),(175,142),(176,143),(177,144),(178,13),(178,203),(179,36),(179,289),(180,247),(180,300),(181,248),(181,250),(182,249),(182,251),(183,20),(184,21),(185,22),(186,23),(187,24),(188,25),(189,33),(190,34),(191,133),(192,134),(193,136),(194,137),(195,150),(196,151),(197,180),(198,181),(199,174),(200,175),(201,301),(202,302),(203,303),(204,161),(204,162),(205,166),(206,167),(207,171),(208,172),(209,267),(210,268),(211,276),(212,277),(213,294),(214,295),(215,296),(216,117),(217,37),(217,38),(218,159),(218,281),(219,279),(219,290),(220,130),(221,139),(222,140),(223,118),(224,119),(225,328),(226,329),(227,330),(228,331),(229,298),(229,299),(230,160),(230,304),(231,100),(231,332),(232,185),(232,318),(233,39),(233,252);
/*!40000 ALTER TABLE `charms_skill_ranks` ENABLE KEYS */;
UNLOCK TABLES;

--
-- Table structure for table `migration_versions`
--

DROP TABLE IF EXISTS `migration_versions`;
/*!40101 SET @saved_cs_client     = @@character_set_client */;
/*!40101 SET character_set_client = utf8 */;
CREATE TABLE `migration_versions` (
  `version` varchar(255) COLLATE utf8_unicode_ci NOT NULL,
  PRIMARY KEY (`version`)
) ENGINE=InnoDB DEFAULT CHARSET=utf8 COLLATE=utf8_unicode_ci;
/*!40101 SET character_set_client = @saved_cs_client */;

--
-- Dumping data for table `migration_versions`
--

LOCK TABLES `migration_versions` WRITE;
/*!40000 ALTER TABLE `migration_versions` DISABLE KEYS */;
INSERT INTO `migration_versions` VALUES ('20180305182815');
/*!40000 ALTER TABLE `migration_versions` ENABLE KEYS */;
UNLOCK TABLES;

--
-- Table structure for table `skill_ranks`
--

DROP TABLE IF EXISTS `skill_ranks`;
/*!40101 SET @saved_cs_client     = @@character_set_client */;
/*!40101 SET character_set_client = utf8 */;
CREATE TABLE `skill_ranks` (
  `id` int(10) unsigned NOT NULL AUTO_INCREMENT,
  `skill_id` int(10) unsigned NOT NULL,
  `level` smallint(5) unsigned NOT NULL,
  `description` longtext COLLATE utf8_unicode_ci NOT NULL,
  `modifiers` longtext CHARACTER SET utf8mb4 COLLATE utf8mb4_bin NOT NULL,
  `slug` varchar(64) COLLATE utf8_unicode_ci NOT NULL,
  PRIMARY KEY (`id`),
  UNIQUE KEY `UNIQ_EECE3328989D9B62` (`slug`),
  UNIQUE KEY `skill_level_idx` (`skill_id`,`level`),
  KEY `IDX_EECE33285585C142` (`skill_id`),
  CONSTRAINT `FK_EECE33285585C142` FOREIGN KEY (`skill_id`) REFERENCES `skills` (`id`)
) ENGINE=InnoDB AUTO_INCREMENT=333 DEFAULT CHARSET=utf8 COLLATE=utf8_unicode_ci;
/*!40101 SET character_set_client = @saved_cs_client */;

--
-- Dumping data for table `skill_ranks`
--

LOCK TABLES `skill_ranks` WRITE;
/*!40000 ALTER TABLE `skill_ranks` DISABLE KEYS */;
INSERT INTO `skill_ranks` VALUES (1,1,1,'Reduces the duration of poison by 30%.','[]','poison-resistance-rank-1'),(2,1,2,'Reduces the duration of poison by 60%.','[]','poison-resistance-rank-2'),(3,1,3,'Prevents poison.','[]','poison-resistance-rank-3'),(4,2,1,'Reduces the duration of paralysis by 30%.','[]','paralysis-resistance-rank-1'),(5,2,2,'Reduces the duration of paralysis by 60%.','[]','paralysis-resistance-rank-2'),(6,2,3,'Prevents paralysis.','[]','paralysis-resistance-rank-3'),(7,3,1,'Reduces the duration of sleep by 30%.','[]','sleep-resistance-rank-1'),(8,3,2,'Reduces the duration of sleep by 60%.','[]','sleep-resistance-rank-2'),(9,3,3,'Prevents sleep.','[]','sleep-resistance-rank-3'),(10,4,1,'Reduces the duration of stun by 30%.','[]','stun-resistance-rank-1'),(11,4,2,'Reduces the duration of stun by 60%.','[]','stun-resistance-rank-2'),(12,4,3,'Prevents stun.','[]','stun-resistance-rank-3'),(13,5,1,'Reduces limits on movement speed and evasion.','[]','muck-resistance-rank-1'),(14,6,1,'Delays blastblight and reduces blast damage.','[]','blast-resistance-rank-1'),(15,6,2,'Greatly delays blastblight and greatly reduces blast damage.','[]','blast-resistance-rank-2'),(16,6,3,'Prevents blastblight.','[]','blast-resistance-rank-3'),(17,7,1,'Reduces damage while bleeding.','[]','bleeding-resistance-rank-1'),(18,7,2,'Greatly reduces damage while bleeding.','[]','bleeding-resistance-rank-2'),(19,7,3,'Prevents bleeding.','[]','bleeding-resistance-rank-3'),(20,8,1,'Reduces the duration of Defense Down by 30%.','[]','iron-skin-rank-1'),(21,8,2,'Reduces the duration of Defense Down by 60%.','[]','iron-skin-rank-2'),(22,8,3,'Prevents Defense Down.','[]','iron-skin-rank-3'),(23,9,1,'Slightly reduces the effects of weak monster roars.','[]','earplugs-rank-1'),(24,9,2,'Reduces the effects of weak monster roars.','[]','earplugs-rank-2'),(25,9,3,'Nullifies weak monster roars.','[]','earplugs-rank-3'),(26,9,4,'Nullifies weak monster roars and reduces the effects of strong monster roars.','[]','earplugs-rank-4'),(27,9,5,'Nullifies weak and strong monster roars.','[]','earplugs-rank-5'),(28,10,1,'Slightly reduces the effects of minor wind pressure.','[]','windproof-rank-1'),(29,10,2,'Reduces the effects of minor wind pressure.','[]','windproof-rank-2'),(30,10,3,'Negates minor wind pressure.','[]','windproof-rank-3'),(31,10,4,'Negates minor wind pressure and reduces the effects of major wind pressure.','[]','windproof-rank-4'),(32,10,5,'Negates minor and major wind pressure.','[]','windproof-rank-5'),(33,11,1,'Nullifies minor ground tremors.','[]','tremor-resistance-rank-1'),(34,11,2,'Nullifies minor ground tremors and reduces the effects of major ground tremors.','[]','tremor-resistance-rank-2'),(35,11,3,'Nullifies minor and major ground tremors.','[]','tremor-resistance-rank-3'),(36,12,1,'Makes slinger dung pods more effective at making monsters run away.','[]','dungmaster-rank-1'),(37,13,1,'Nullifies damage from effluvia and reduces damage from acids.','[]','effluvial-expert-rank-1'),(38,14,1,'Nullfies heat damage.','[]','heat-guard-rank-1'),(39,15,1,'Attack +3','{\"attack\":\"3\"}','attack-boost-rank-1'),(40,15,2,'Attack +6','{\"attack\":\"6\"}','attack-boost-rank-2'),(41,15,3,'Attack +9','{\"attack\":\"9\"}','attack-boost-rank-3'),(42,15,4,'Attack +12 Affinity +5%','{\"attack\":\"12\",\"affinity\":\"5%\"}','attack-boost-rank-4'),(43,15,5,'Attack +15 Affinity +5%','{\"attack\":\"15\",\"affinity\":\"5%\"}','attack-boost-rank-5'),(44,15,6,'Attack +18 Affinity +5%','{\"attack\":\"18\",\"affinity\":\"5%\"}','attack-boost-rank-6'),(45,15,7,'Attack +21 Affinity +5%','{\"attack\":\"21\",\"affinity\":\"5%\"}','attack-boost-rank-7'),(46,16,1,'Defense +5','{\"defense\":\"5\"}','defense-boost-rank-1'),(47,16,2,'Defense +10','{\"defense\":\"10\"}','defense-boost-rank-2'),(48,16,3,'Defense +15','{\"defense\":\"15\"}','defense-boost-rank-3'),(49,16,4,'Defense +20 All Elemental Resistances +3','{\"defense\":\"20\",\"resistAll\":\"3\"}','defense-boost-rank-4'),(50,16,5,'Defense +25 All Elemental Resistances +3','{\"defense\":\"25\",\"resistAll\":\"3\"}','defense-boost-rank-5'),(51,16,6,'Defense +30 All Elemental Resistances +3','{\"defense\":\"30\",\"resistAll\":\"3\"}','defense-boost-rank-6'),(52,16,7,'Defense +35 All Elemental Resistances +3','{\"defense\":\"35\",\"resistAll\":\"3\"}','defense-boost-rank-7'),(53,17,1,'Health +15','{\"health\":\"15\"}','health-boost-rank-1'),(54,17,2,'Health +30','{\"health\":\"30\"}','health-boost-rank-2'),(55,17,3,'Health +50','{\"health\":\"50\"}','health-boost-rank-3'),(56,18,1,'Recovery +10%','[]','recovery-up-rank-1'),(57,18,2,'Recovery +20%','[]','recovery-up-rank-2'),(58,18,3,'Recovery +30%','[]','recovery-up-rank-3'),(59,19,1,'Doubles the speed at which you heal recoverable damage.','[]','recovery-speed-rank-1'),(60,19,2,'Triples the speed at which you heal recoverable damage.','[]','recovery-speed-rank-2'),(61,19,3,'Quadruples the speed at which you heal recoverable damage.','[]','recovery-speed-rank-3'),(62,20,1,'Fire resistance +6','{\"resistFire\":\"6\"}','fire-resistance-rank-1'),(63,20,2,'Fire resistance +12','{\"resistFire\":\"12\"}','fire-resistance-rank-2'),(64,20,3,'Fire resistance +20 Defense +10','{\"defense\":\"10\",\"resistFire\":\"20\"}','fire-resistance-rank-3'),(65,21,1,'Water resistance +6','{\"resistWater\":\"6\"}','water-resistance-rank-1'),(66,21,2,'Water resistance +12','{\"resistWater\":\"12\"}','water-resistance-rank-2'),(67,21,3,'Water resistance +20 Defense +10','{\"defense\":\"10\",\"resistWater\":\"20\"}','water-resistance-rank-3'),(68,22,1,'Ice resistance +6','{\"resistIce\":\"6\"}','ice-resistance-rank-1'),(69,22,2,'Ice resistance +12','{\"resistIce\":\"12\"}','ice-resistance-rank-2'),(70,22,3,'Ice resistance +20 Defense +10','{\"defense\":\"10\",\"resistIce\":\"20\"}','ice-resistance-rank-3'),(71,23,1,'Thunder resistance +6','{\"resistThunder\":\"6\"}','thunder-resistance-rank-1'),(72,23,2,'Thunder resistance +12','{\"resistThunder\":\"12\"}','thunder-resistance-rank-2'),(73,23,3,'Thunder resistance +20 Defense +10','{\"defense\":\"10\",\"resistThunder\":\"20\"}','thunder-resistance-rank-3'),(74,24,1,'Dragon resistance +6','[]','dragon-resistance-rank-1'),(75,24,2,'Dragon resistance +12','[]','dragon-resistance-rank-2'),(76,24,3,'Dragon resistance +20 Defense +10','{\"defense\":\"10\"}','dragon-resistance-rank-3'),(77,25,1,'Reduces the duration of all elemental blights by 30%.','[]','blight-resistance-rank-1'),(78,25,2,'Reduces the duration of all elemental blights by 60%.','[]','blight-resistance-rank-2'),(79,25,3,'Nullifies all elemental blights.','[]','blight-resistance-rank-3'),(80,26,1,'Fire attack +30','{\"damageFire\":\"30\"}','fire-attack-rank-1'),(81,26,2,'Fire attack +60','{\"damageFire\":\"60\"}','fire-attack-rank-2'),(82,26,3,'Fire attack +100','{\"damageFire\":\"100\"}','fire-attack-rank-3'),(83,26,4,'Fire attack +5% Bonus: +100','{\"damageFire\":\"100+5%\"}','fire-attack-rank-4'),(84,26,5,'Fire attack +10% Bonus: +100','{\"damageFire\":\"100+10%\"}','fire-attack-rank-5'),(85,27,1,'Water attack +30','{\"damageWater\":\"30\"}','water-attack-rank-1'),(86,27,2,'Water attack +60','{\"damageWater\":\"60\"}','water-attack-rank-2'),(87,27,3,'Water attack +100','{\"damageWater\":\"100\"}','water-attack-rank-3'),(88,27,4,'Water attack +5% Bonus: +100','{\"damageWater\":\"100+5%\"}','water-attack-rank-4'),(89,27,5,'Water attack +10% Bonus: +100','{\"damageWater\":\"100+10%\"}','water-attack-rank-5'),(90,28,1,'Ice attack +30','{\"damageIce\":\"30\"}','ice-attack-rank-1'),(91,28,2,'Ice attack +60','{\"damageIce\":\"60\"}','ice-attack-rank-2'),(92,28,3,'Ice attack +100','{\"damageIce\":\"100\"}','ice-attack-rank-3'),(93,28,4,'Ice attack +5% Bonus: +100','{\"damageIce\":\"100+5%\"}','ice-attack-rank-4'),(94,28,5,'Ice attack +10% Bonus: +100','{\"damageIce\":\"100+10%\"}','ice-attack-rank-5'),(95,29,1,'Thunder attack +30','{\"damageThunder\":\"30\"}','thunder-attack-rank-1'),(96,29,2,'Thunder attack +60','{\"damageThunder\":\"60\"}','thunder-attack-rank-2'),(97,29,3,'Thunder attack +100','{\"damageThunder\":\"100\"}','thunder-attack-rank-3'),(98,29,4,'Thunder attack +5% Bonus: +100','{\"damageThunder\":\"100+5%\"}','thunder-attack-rank-4'),(99,29,5,'Thunder attack +10% Bonus: +100','{\"damageThunder\":\"100+10%\"}','thunder-attack-rank-5'),(100,30,1,'Dragon attack +30','[]','dragon-attack-rank-1'),(101,30,2,'Dragon attack +60','[]','dragon-attack-rank-2'),(102,30,3,'Dragon attack +100','[]','dragon-attack-rank-3'),(103,30,4,'Dragon attack +5% Bonus: +100','[]','dragon-attack-rank-4'),(104,30,5,'Dragon attack +10% Bonus: +100','[]','dragon-attack-rank-5'),(105,31,1,'Poison buildup +5% Bonus: +10','[]','poison-attack-rank-1'),(106,31,2,'Poison buildup +10% Bonus: +10','[]','poison-attack-rank-2'),(107,31,3,'Poison buildup +20% Bonus: +10','[]','poison-attack-rank-3'),(108,32,1,'Paralysis buildup +5% Bonus: +10','[]','paralysis-attack-rank-1'),(109,32,2,'Paralysis buildup +10% Bonus: +10','[]','paralysis-attack-rank-2'),(110,32,3,'Paralysis buildup +20% Bonus: +10','[]','paralysis-attack-rank-3'),(111,33,1,'Sleep buildup +5% Bonus: +10','[]','sleep-attack-rank-1'),(112,33,2,'Sleep buildup +10% Bonus: +10','[]','sleep-attack-rank-2'),(113,33,3,'Sleep buildup +20% Bonus: +10','[]','sleep-attack-rank-3'),(114,34,1,'Blast buildup +5% Bonus: +10','[]','blast-attack-rank-1'),(115,34,2,'Blast buildup +10% Bonus: +10','[]','blast-attack-rank-2'),(116,34,3,'Blast buildup +20% Bonus: +10','[]','blast-attack-rank-3'),(117,35,1,'Increases the power of normal ammo and normal arrows.','[]','normal-shots-rank-1'),(118,36,1,'Increases the power of piercing ammo and Dragon Piercer.','[]','piercing-shots-rank-1'),(119,37,1,'Increases the power of spread ammo and power shot arrows.','[]','spread/power-shots-rank-1'),(120,38,1,'Draws out 33% of hidden element and expands clip size for some ammo.','[]','free-elem/ammo-up-rank-1'),(121,38,2,'Draws out 66% of hidden element and expands clip size for some ammo.','[]','free-elem/ammo-up-rank-2'),(122,38,3,'Draws out 100% of hidden element and expands clip size for some ammo.','[]','free-elem/ammo-up-rank-3'),(123,39,1,'Affinity +3%','{\"affinity\":\"3%\"}','critical-eye-rank-1'),(124,39,2,'Affinity +6%','{\"affinity\":\"6%\"}','critical-eye-rank-2'),(125,39,3,'Affinity +10%','{\"affinity\":\"10%\"}','critical-eye-rank-3'),(126,39,4,'Affinity +15%','{\"affinity\":\"15%\"}','critical-eye-rank-4'),(127,39,5,'Affinity +20%','{\"affinity\":\"20%\"}','critical-eye-rank-5'),(128,39,6,'Affinity +25%','{\"affinity\":\"25%\"}','critical-eye-rank-6'),(129,39,7,'Affinity +30%','{\"affinity\":\"30%\"}','critical-eye-rank-7'),(130,40,1,'Increases damage dealt by critical hits by 30%.','[]','critical-boost-rank-1'),(131,40,2,'Increases damage dealt by critical hits by 35%.','[]','critical-boost-rank-2'),(132,40,3,'Increases damage dealt by critical hits by 40%.','[]','critical-boost-rank-3'),(133,41,1,'Attacks that hit weak spots have 15% increased affinity.','[]','weakness-exploit-rank-1'),(134,41,2,'Attacks that hit weak spots have 30% increased affinity.','[]','weakness-exploit-rank-2'),(135,41,3,'Attacks that hit weak spots have 50% increased affinity.','[]','weakness-exploit-rank-3'),(136,42,1,'Increases gauge fill rate by 5% and reduces charge times by 5%.','[]','focus-rank-1'),(137,42,2,'Increases gauge fill rate by 10% and reduces charge times by 10%.','[]','focus-rank-2'),(138,42,3,'Increases gauge fill rate by 20% and reduces charge times by 20%.','[]','focus-rank-3'),(139,43,1,'Bonus duration +10%','[]','power-prolonger-rank-1'),(140,43,2,'Bonus duration +20%','[]','power-prolonger-rank-2'),(141,43,3,'Bonus duration +30%','[]','power-prolonger-rank-3'),(142,44,1,'Weapon sharpness +10','{\"sharpnessBonus\":\"10\"}','handicraft-rank-1'),(143,44,2,'Weapon sharpness +20','{\"sharpnessBonus\":\"20\"}','handicraft-rank-2'),(144,44,3,'Weapon sharpness +30','{\"sharpnessBonus\":\"30\"}','handicraft-rank-3'),(145,44,4,'Weapon sharpness +40','{\"sharpnessBonus\":\"40\"}','handicraft-rank-4'),(146,44,5,'Weapon sharpness +50','{\"sharpnessBonus\":\"50\"}','handicraft-rank-5'),(147,45,1,'Draw attack affinity +30%','[]','critical-draw-rank-1'),(148,45,2,'Draw attack affinity +60%','[]','critical-draw-rank-2'),(149,45,3,'Draw attack affinity +100%','[]','critical-draw-rank-3'),(150,46,1,'Part damage +10%','[]','partbreaker-rank-1'),(151,46,2,'Part damage +20%','[]','partbreaker-rank-2'),(152,46,3,'Part damage +30%','[]','partbreaker-rank-3'),(153,47,1,'Stun power +10%','[]','slugger-rank-1'),(154,47,2,'Stun power +20%','[]','slugger-rank-2'),(155,47,3,'Stun power +30%','[]','slugger-rank-3'),(156,48,1,'Exhaust power +10%','[]','stamina-thief-rank-1'),(157,48,2,'Exhaust power +20%','[]','stamina-thief-rank-2'),(158,48,3,'Exhaust power +30%','[]','stamina-thief-rank-3'),(159,49,1,'Makes it easier to mount monsters and down mounted monsters.','[]','master-mounter-rank-1'),(160,50,1,'Jumping attack power +10%','[]','airborne-rank-1'),(161,51,1,'While active, increases affinity by 10% and reduces stamina depletion by 10%.','[]','latent-power-rank-1'),(162,51,2,'While active, increases affinity by 20% and reduces stamina depletion by 10%.','[]','latent-power-rank-2'),(163,51,3,'While active, increases affinity by 30% and reduces stamina depletion by 30%.','[]','latent-power-rank-3'),(164,51,4,'While active, increases affinity by 40% and reduces stamina depletion by 30%.','[]','latent-power-rank-4'),(165,51,5,'While active, increases affinity by 50% and reduces stamina depletion by 50%.','[]','latent-power-rank-5'),(166,52,1,'While active, grants attack +4 and increases affinity by 3%.','[]','agitator-rank-1'),(167,52,2,'While active, grants attack +8 and increases affinity by 6%.','[]','agitator-rank-2'),(168,52,3,'While active, grants attack +12 and increases affinity by 9%.','[]','agitator-rank-3'),(169,52,4,'While active, grants attack +16 and increases affinity by 12%.','[]','agitator-rank-4'),(170,52,5,'While active, grants attack +20 and increases affinity by 15%.','[]','agitator-rank-5'),(171,53,1,'While active, grants attack +5.','[]','peak-performance-rank-1'),(172,53,2,'While active, grants attack +10.','[]','peak-performance-rank-2'),(173,53,3,'While active, grants attack +20.','[]','peak-performance-rank-3'),(174,54,1,'While active, increases attack power by 5% and increases defense by 15 points.','[]','heroics-rank-1'),(175,54,2,'While active, increases attack power by 10% and increases defense by 20 points.','[]','heroics-rank-2'),(176,54,3,'While active, increases attack power by 15% and increases defense by 25 points.','[]','heroics-rank-3'),(177,54,4,'While active, increases attack power by 20% and increases defense by 30 points.','[]','heroics-rank-4'),(178,54,5,'While active, increases attack power by 30% and increases defense by 40 points.','[]','heroics-rank-5'),(179,55,1,'Increases attack by 10% and defense by 15% with each use.','[]','fortify-rank-1'),(180,56,1,'While active, grants attack +5.','[]','resentment-rank-1'),(181,56,2,'While active, grants attack +10.','[]','resentment-rank-2'),(182,56,3,'While active, grants attack +15.','[]','resentment-rank-3'),(183,56,4,'While active, grants attack +20.','[]','resentment-rank-4'),(184,56,5,'While active, grants attack +25.','[]','resentment-rank-5'),(185,57,1,'While active, greatly improves evasion invulnerability time and reduces stamina depletion.','[]','resuscitate-rank-1'),(186,58,1,'Extends melody effect duration and increases health recovery.','[]','horn-maestro-rank-1'),(187,59,1,'Loading capacity +1','[]','capacity-boost-rank-1'),(188,60,1,'Increases the power of bowgun special ammo and Dragon Piercer by 10%.','[]','special-ammo-boost-rank-1'),(189,60,2,'Increases the power of bowgun special ammo and Dragon Piercer by 20%.','[]','special-ammo-boost-rank-2'),(190,61,1,'Increases power of each attack by 10% and reduces Wyvern\'s Fire cooldown by 15%.','[]','artillery-rank-1'),(191,61,2,'Increases power of each attack by 20% and reduces Wyvern\'s Fire cooldown by 30%.','[]','artillery-rank-2'),(192,61,3,'Increases power of each attack by 30% and reduces Wyvern\'s Fire cooldown by 50%.','[]','artillery-rank-3'),(193,62,1,'Firepower +10%','[]','heavy-artillery-rank-1'),(194,62,2,'Firepower +20%','[]','heavy-artillery-rank-2'),(195,63,1,'Reduces continuous stamina depletion by 15%.','[]','marathon-runner-rank-1'),(196,63,2,'Reduces continuous stamina depletion by 30%.','[]','marathon-runner-rank-2'),(197,63,3,'Reduces continuous stamina depletion by 50%.','[]','marathon-runner-rank-3'),(198,64,1,'Reduces fixed stamina depletion by 10%.','[]','constitution-rank-1'),(199,64,2,'Reduces fixed stamina depletion by 20%.','[]','constitution-rank-2'),(200,64,3,'Reduces fixed stamina depletion by 30%.','[]','constitution-rank-3'),(201,64,4,'Reduces fixed stamina depletion by 40%.','[]','constitution-rank-4'),(202,64,5,'Reduces fixed stamina depletion by 50%.','[]','constitution-rank-5'),(203,65,1,'Enables Leap of Faith.','[]','leap-of-faith-rank-1'),(204,66,1,'Stamina recovery speed +10%','[]','stamina-surge-rank-1'),(205,66,2,'Stamina recovery speed +20%','[]','stamina-surge-rank-2'),(206,66,3,'Stamina recovery speed +30%','[]','stamina-surge-rank-3'),(207,67,1,'Extends the time until your stamina cap decreases by 30%.','[]','hunger-resistance-rank-1'),(208,67,2,'Extends the time until your stamina cap decreases by 60%.','[]','hunger-resistance-rank-2'),(209,67,3,'Prevents your stamina cap from decreasing.','[]','hunger-resistance-rank-3'),(210,68,1,'Very slightly increases invulnerability window.','[]','evade-window-rank-1'),(211,68,2,'Slightly increases invulnerability window.','[]','evade-window-rank-2'),(212,68,3,'Increases invulnerability window.','[]','evade-window-rank-3'),(213,68,4,'Greatly increases invulnerability window.','[]','evade-window-rank-4'),(214,68,5,'Massively increases invulnerability window.','[]','evade-window-rank-5'),(215,69,1,'Slightly extends evasion distance.','[]','evade-extender-rank-1'),(216,69,2,'Extends evasion distance.','[]','evade-extender-rank-2'),(217,69,3,'Greatly extends evasion distance.','[]','evade-extender-rank-3'),(218,70,1,'Very slightly decreases the impact of attacks.','[]','guard-rank-1'),(219,70,2,'Slightly decreases the impact of attacks and reduces stamina depletion by 15%.','[]','guard-rank-2'),(220,70,3,'Greatly decreases the impact of attacks and redcues stamina depletion by 15%.','[]','guard-rank-3'),(221,70,4,'Greatly decreases the impact of attacks and redcues stamina depletion by 30%.','[]','guard-rank-4'),(222,70,5,'Greatly decreases the impact of attacks and redcues stamina depletion by 50%.','[]','guard-rank-5'),(223,71,1,'Slightly increases sheathing speed.','[]','quick-sheath-rank-1'),(224,71,2,'Moderately increases sheathing speed.','[]','quick-sheath-rank-2'),(225,71,3,'Greatly increases sheathing speed.','[]','quick-sheath-rank-3'),(226,72,1,'Items affect nearby allies with 33% of their efficacy.','[]','wide-range-rank-1'),(227,72,2,'Items affect nearby allies in a wider radius with 33% of their efficacy.','[]','wide-range-rank-2'),(228,72,3,'Items affect nearby allies in a wider radius with 66% of their efficacy.','[]','wide-range-rank-3'),(229,72,4,'Items affect nearby allies in a much wider radius with 66% of their efficacy.','[]','wide-range-rank-4'),(230,72,5,'Items affect nearby allies in a wider radius with full efficacy.','[]','wide-range-rank-5'),(231,73,1,'Item effect duration +10%','[]','item-prolonger-rank-1'),(232,73,2,'Item effect duration +25%','[]','item-prolonger-rank-2'),(233,73,3,'Item effect duration +50%','[]','item-prolonger-rank-3'),(234,74,1,'Activates 25% of the time.','[]','free-meal-rank-1'),(235,75,1,'Slightly increases item use speed.','[]','speed-eating-rank-1'),(236,75,2,'Moderately increases item use speed.','[]','speed-eating-rank-2'),(237,75,3,'Greatly increases item use speed.','[]','speed-eating-rank-3'),(238,76,1,'Removes one cycle from the sharpening process.','[]','speed-sharpening-rank-1'),(239,76,2,'Removes two cycles from the sharpening process.','[]','speed-sharpening-rank-2'),(240,76,3,'Removes three cycles from the sharpening process.','[]','speed-sharpening-rank-3'),(241,77,1,'Explosive power +10%','[]','bombardier-rank-1'),(242,77,2,'Explosive power +20%','[]','bombardier-rank-2'),(243,77,3,'Explosive power +30%','[]','bombardier-rank-3'),(244,78,1,'Lets you digest blue mushrooms and toadstools.','[]','mushroomancer-rank-1'),(245,78,2,'Additionally lets you digest nitroshrooms and parashrooms.','[]','mushroomancer-rank-2'),(246,78,3,'Additionally lets you digest mandragoras, devil\'s blight, and exciteshrooms.','[]','mushroomancer-rank-3'),(247,79,1,'Increases the time window for reeling in fish, and makes it easier to catch large fish.','[]','master-fisher-rank-1'),(248,80,1,'Increases movement speed while transporting and reduces downtime on landings.','[]','pro-transporter-rank-1'),(249,81,1,'Speeds up gathering and prevents knockbacks while gathering.','[]','master-gatherer-rank-1'),(250,82,1,'One extra honey per gather.','[]','honey-hunter-rank-1'),(251,83,1,'Prevents knockback while carving.','[]','carving-pro-rank-1'),(252,84,1,'While active, reduces damage taken by 15%.','[]','divine-blessing-rank-1'),(253,84,2,'While active, reduces damage taken by 30%.','[]','divine-blessing-rank-2'),(254,84,3,'While active, reduces damage taken by 50%.','[]','divine-blessing-rank-3'),(255,85,1,'Increases Palico attack power and defense by 5%.','[]','palico-rally-rank-1'),(256,85,2,'Increases Palico attack power and defense by 10%.','[]','palico-rally-rank-2'),(257,85,3,'Increases Palico attack power and defense by 15%.','[]','palico-rally-rank-3'),(258,85,4,'Increases Palico attack power and defense by 20%.','[]','palico-rally-rank-4'),(259,85,5,'Increases Palico attack power and defense by 25%.','[]','palico-rally-rank-5'),(260,86,1,'One extra consumable herb item per gather.','[]','botanist-rank-1'),(261,86,2,'One extra consumable herb, fruit, nut, or seed item per gather.','[]','botanist-rank-2'),(262,86,3,'One extra consumable herb, fruit, nut, seed, or insect item per gather.','[]','botanist-rank-3'),(263,86,4,'One extra consumable herb, fruit, nut, seed, insect or mushroom item per gather.','[]','botanist-rank-4'),(264,87,1,'Allows you to gather one extra time from bonepiles.','[]','geologist-rank-1'),(265,87,2,'Allows you to gather one extra time from bonepiles and special item gathering points.','[]','geologist-rank-2'),(266,87,3,'Allows you to gather one extra time from bonepiles, gathering points, and mining outcrops.','[]','geologist-rank-3'),(267,88,1,'While active, increases affinity by 10%.','[]','maximum-might-rank-1'),(268,88,2,'While active, increases affinity by 20%.','[]','maximum-might-rank-2'),(269,88,3,'While active, increases affinity by 30%.','[]','maximum-might-rank-3'),(270,89,1,'Increases the loading capacity for slinger ammo collected from the ground or plants.','[]','slinger-capacity-rank-1'),(271,89,2,'In addition, increases the loading capacity for some slinger ammo dropped by monsters.','[]','slinger-capacity-rank-2'),(272,89,3,'In addition, increases the loading capacity for all slinger ammo dropped by monsters.','[]','slinger-capacity-rank-3'),(273,90,1,'Makes it slightly easier for monsters to lose sight of you.','[]','stealth-rank-1'),(274,90,2,'Makes it moderately easier for monsters to lose sight of you.','[]','stealth-rank-2'),(275,90,3,'Makes it much easier for monsters to lose sight of you.','[]','stealth-rank-3'),(276,91,1,'Prevents knockbacks.','[]','flinch-free-rank-1'),(277,91,2,'Prevents standard knockbacks. Tripping is reduced to a knockback instead.','[]','flinch-free-rank-2'),(278,91,3,'Prevents knockbacks and tripping.','[]','flinch-free-rank-3'),(279,92,1,'Expands your scoutflies\' detection range.','[]','scoutfly-range-up-rank-1'),(280,93,1,'Increases movement speed while crouching.','[]','speed-crawler-rank-1'),(281,94,1,'Negates knockback during jumps.','[]','jump-master-rank-1'),(282,95,1,'Sporepuffs restore 20 health.','[]','sporepuff-expert-rank-1'),(283,95,2,'Sporepuffs restore 35 health.','[]','sporepuff-expert-rank-2'),(284,95,3,'Sporepuffs restore 60 health.','[]','sporepuff-expert-rank-3'),(285,96,1,'Prevents water from slowing movement.','[]','aquatic-expert-rank-1'),(286,96,2,'Prevents water from slowing movement and improves evasion while in water.','[]','aquatic-expert-rank-2'),(287,96,3,'Prevents water from slowing movement and greatly improves evasion while in water.','[]','aquatic-expert-rank-3'),(288,97,1,'Reduces stamina depletion while climbing by 25%.','[]','cliffhanger-rank-1'),(289,98,1,'Increases the success rate of flash effects.','[]','blindsider-rank-1'),(290,99,1,'Speeds up progress on research levels and special investigations.','[]','scholar-rank-1'),(291,100,1,'Increases the chances of a corpse being left behind.','[]','entomologist-rank-1'),(292,100,2,'Greatly increases the chances of a corpse being left behind.','[]','entomologist-rank-2'),(293,100,3,'Makes it so corpses will always be left behind.','[]','entomologist-rank-3'),(294,101,1,'Reduces effluvial buildup.','[]','effluvia-resistance-rank-1'),(295,101,2,'Greatly reduces effluvial buildup.','[]','effluvia-resistance-rank-2'),(296,101,3,'Prevents effluvial buildup.','[]','effluvia-resistance-rank-3'),(297,102,1,'Increases gauge fill rate by 50%.','[]','scenthound-rank-1'),(298,103,1,'Increases the likelihood of rare gathering points respawning.','[]','foragers-luck-rank-1'),(299,104,1,'Marks rare sites on the wildlife map.','[]','detector-rank-1'),(300,105,1,'Makes it easier to cook well-done steaks.','[]','bbq-master-rank-1'),(301,106,1,'Shortens time until reuse by 5%.','[]','tool-specialist-rank-1'),(302,106,2,'Shortens time until reuse by 10%.','[]','tool-specialist-rank-2'),(303,106,3,'Shortens time until reuse by 20%.','[]','tool-specialist-rank-3'),(304,107,1,'Increases affinity by 30% for a short time after sliding.','[]','affinity-sliding-rank-1'),(305,108,1,'Discourages monsters from engaging you even if you\'ve been spotted.','[]','intimidator-rank-1'),(306,108,2,'Highly discourages monsters from engaging you even if you\'ve been spotted.','[]','intimidator-rank-2'),(307,108,3,'Prevents monsters from engaging you even if you\'ve been spotted.','[]','intimidator-rank-3'),(308,109,1,'Regenerates your health as you continually attack a monster. Recovery varies by weapon.','[]','hasten-recovery-rank-1'),(309,110,1,'Allows recovery to exceed the red portion of the health gauge.','[]','super-recovery-rank-1'),(310,111,1,'Extends the duration of your poison\'s effect on monsters.','[]','poison-duration-up-rank-1'),(311,112,1,'Temporarily reduces stamina depletion when health is at 40% or lower.','[]','adrenaline-rank-1'),(312,113,1,'Increases stamina cap.','[]','stamina-cap-up-rank-1'),(313,114,1,'Increases elemental damage (fire, water, thunder, ice, dragon) when landing critical hits.','[]','critical-element-rank-1'),(314,115,1,'Prevents attacks from being deflected. Also shortens the distance before ammo and arrows reach maximum power.','[]','minds-eye/ballistics-rank-1'),(315,116,1,'Raises attack as your weapon loses sharpness. Also boosts ranged weapon melee attacks and odds of stunning.','[]','bludgeoner-rank-1'),(316,117,1,'Powers up non-elemental weapons you have equipped.','[]','non-elemental-boost-rank-1'),(317,118,1,'High chance of increased capture rewards. (No effect when joining mid-quest.)','[]','capture-master-rank-1'),(318,119,1,'Allows you to guard against ordinarily unblockable attacks.','[]','guard-up-rank-1'),(319,120,1,'Above a certain health threshold, you withstand an attack that would normally cart you (once only).','[]','guts-rank-1'),(320,121,1,'Prevents your weapon from losing sharpness during critical hits.','[]','masters-touch-rank-1'),(321,122,1,'Negates all wind pressure.','[]','nullify-wind-pressure-rank-1'),(322,123,1,'Halves sharpness loss. For bows and bowguns, shots have a chance not to expend coatings or ammo.','[]','razor-sharp/spare-shot-rank-1'),(323,124,1,'Increases abnormal status effect damage (paralysis, poison, sleep, blast) when landing critical hits.','[]','critical-status-rank-1'),(324,125,1,'Good chance of increased quest rewards. (No effect when joining mid-quest.)','[]','good-luck-rank-1'),(325,126,1,'Increases max bow charge level by one.','[]','bow-charge-plus-rank-1'),(326,127,1,'Adds a stun effect to draw attacks and slightly increases attack power.','[]','punishing-draw-rank-1'),(327,128,1,'Weapon sharpness does not decrease for a set time after sharpening.','[]','protective-polish-rank-1'),(328,129,1,'Lets you use poison coating.','[]','poison-functionality-rank-1'),(329,130,1,'Lets you use paralysis coating.','[]','para-functionality-rank-1'),(330,131,1,'Lets you use sleep coating.','[]','sleep-functionality-rank-1'),(331,132,1,'Lets you use blast coating.','[]','blast-functionality-rank-1'),(332,133,1,'Boosts Elderseal one level.','[]','elderseal-boost-rank-1');
/*!40000 ALTER TABLE `skill_ranks` ENABLE KEYS */;
UNLOCK TABLES;

--
-- Table structure for table `skills`
--

DROP TABLE IF EXISTS `skills`;
/*!40101 SET @saved_cs_client     = @@character_set_client */;
/*!40101 SET character_set_client = utf8 */;
CREATE TABLE `skills` (
  `id` int(10) unsigned NOT NULL AUTO_INCREMENT,
  `name` varchar(64) COLLATE utf8_unicode_ci NOT NULL,
  `slug` varchar(64) COLLATE utf8_unicode_ci NOT NULL,
  PRIMARY KEY (`id`),
  UNIQUE KEY `UNIQ_D53116705E237E06` (`name`),
  UNIQUE KEY `UNIQ_D5311670989D9B62` (`slug`)
) ENGINE=InnoDB AUTO_INCREMENT=134 DEFAULT CHARSET=utf8 COLLATE=utf8_unicode_ci;
/*!40101 SET character_set_client = @saved_cs_client */;

--
-- Dumping data for table `skills`
--

LOCK TABLES `skills` WRITE;
/*!40000 ALTER TABLE `skills` DISABLE KEYS */;
INSERT INTO `skills` VALUES (1,'Poison Resistance','poison-resistance'),(2,'Paralysis Resistance','paralysis-resistance'),(3,'Sleep Resistance','sleep-resistance'),(4,'Stun Resistance','stun-resistance'),(5,'Muck Resistance','muck-resistance'),(6,'Blast Resistance','blast-resistance'),(7,'Bleeding Resistance','bleeding-resistance'),(8,'Iron Skin','iron-skin'),(9,'Earplugs','earplugs'),(10,'Windproof','windproof'),(11,'Tremor Resistance','tremor-resistance'),(12,'Dungmaster','dungmaster'),(13,'Effluvial Expert','effluvial-expert'),(14,'Heat Guard','heat-guard'),(15,'Attack Boost','attack-boost'),(16,'Defense Boost','defense-boost'),(17,'Health Boost','health-boost'),(18,'Recovery Up','recovery-up'),(19,'Recovery Speed','recovery-speed'),(20,'Fire Resistance','fire-resistance'),(21,'Water Resistance','water-resistance'),(22,'Ice Resistance','ice-resistance'),(23,'Thunder Resistance','thunder-resistance'),(24,'Dragon Resistance','dragon-resistance'),(25,'Blight Resistance','blight-resistance'),(26,'Fire Attack','fire-attack'),(27,'Water Attack','water-attack'),(28,'Ice Attack','ice-attack'),(29,'Thunder Attack','thunder-attack'),(30,'Dragon Attack','dragon-attack'),(31,'Poison Attack','poison-attack'),(32,'Paralysis Attack','paralysis-attack'),(33,'Sleep Attack','sleep-attack'),(34,'Blast Attack','blast-attack'),(35,'Normal Shots','normal-shots'),(36,'Piercing Shots','piercing-shots'),(37,'Spread/Power Shots','spread/power-shots'),(38,'Free Elem/Ammo Up','free-elem/ammo-up'),(39,'Critical Eye','critical-eye'),(40,'Critical Boost','critical-boost'),(41,'Weakness Exploit','weakness-exploit'),(42,'Focus','focus'),(43,'Power Prolonger','power-prolonger'),(44,'Handicraft','handicraft'),(45,'Critical Draw','critical-draw'),(46,'Partbreaker','partbreaker'),(47,'Slugger','slugger'),(48,'Stamina Thief','stamina-thief'),(49,'Master Mounter','master-mounter'),(50,'Airborne','airborne'),(51,'Latent Power','latent-power'),(52,'Agitator','agitator'),(53,'Peak Performance','peak-performance'),(54,'Heroics','heroics'),(55,'Fortify','fortify'),(56,'Resentment','resentment'),(57,'Resuscitate','resuscitate'),(58,'Horn Maestro','horn-maestro'),(59,'Capacity Boost','capacity-boost'),(60,'Special Ammo Boost','special-ammo-boost'),(61,'Artillery','artillery'),(62,'Heavy Artillery','heavy-artillery'),(63,'Marathon Runner','marathon-runner'),(64,'Constitution','constitution'),(65,'Leap of Faith','leap-of-faith'),(66,'Stamina Surge','stamina-surge'),(67,'Hunger Resistance','hunger-resistance'),(68,'Evade Window','evade-window'),(69,'Evade Extender','evade-extender'),(70,'Guard','guard'),(71,'Quick Sheath','quick-sheath'),(72,'Wide-Range','wide-range'),(73,'Item Prolonger','item-prolonger'),(74,'Free Meal','free-meal'),(75,'Speed Eating','speed-eating'),(76,'Speed Sharpening','speed-sharpening'),(77,'Bombardier','bombardier'),(78,'Mushroomancer','mushroomancer'),(79,'Master Fisher','master-fisher'),(80,'Pro Transporter','pro-transporter'),(81,'Master Gatherer','master-gatherer'),(82,'Honey Hunter','honey-hunter'),(83,'Carving Pro','carving-pro'),(84,'Divine Blessing','divine-blessing'),(85,'Palico Rally','palico-rally'),(86,'Botanist','botanist'),(87,'Geologist','geologist'),(88,'Maximum Might','maximum-might'),(89,'Slinger Capacity','slinger-capacity'),(90,'Stealth','stealth'),(91,'Flinch Free','flinch-free'),(92,'Scoutfly Range Up','scoutfly-range-up'),(93,'Speed Crawler','speed-crawler'),(94,'Jump Master','jump-master'),(95,'Sporepuff Expert','sporepuff-expert'),(96,'Aquatic Expert','aquatic-expert'),(97,'Cliffhanger','cliffhanger'),(98,'Blindsider','blindsider'),(99,'Scholar','scholar'),(100,'Entomologist','entomologist'),(101,'Effluvia Resistance','effluvia-resistance'),(102,'Scenthound','scenthound'),(103,'Forager\'s Luck','foragers-luck'),(104,'Detector','detector'),(105,'BBQ Master','bbq-master'),(106,'Tool Specialist','tool-specialist'),(107,'Affinity Sliding','affinity-sliding'),(108,'Intimidator','intimidator'),(109,'Hasten Recovery','hasten-recovery'),(110,'Super Recovery','super-recovery'),(111,'Poison Duration Up','poison-duration-up'),(112,'Adrenaline','adrenaline'),(113,'Stamina Cap Up','stamina-cap-up'),(114,'Critical Element','critical-element'),(115,'Mind\'s Eye/Ballistics','minds-eye/ballistics'),(116,'Bludgeoner','bludgeoner'),(117,'Non-elemental Boost','non-elemental-boost'),(118,'Capture Master','capture-master'),(119,'Guard Up','guard-up'),(120,'Guts','guts'),(121,'Master\'s Touch','masters-touch'),(122,'Nullify Wind Pressure','nullify-wind-pressure'),(123,'Razor Sharp/Spare Shot','razor-sharp/spare-shot'),(124,'Critical Status','critical-status'),(125,'Good Luck','good-luck'),(126,'Bow Charge Plus','bow-charge-plus'),(127,'Punishing Draw','punishing-draw'),(128,'Protective Polish','protective-polish'),(129,'Poison Functionality','poison-functionality'),(130,'Para Functionality','para-functionality'),(131,'Sleep Functionality','sleep-functionality'),(132,'Blast Functionality','blast-functionality'),(133,'Elderseal Boost','elderseal-boost');
/*!40000 ALTER TABLE `skills` ENABLE KEYS */;
UNLOCK TABLES;

--
-- Table structure for table `weapons`
--

DROP TABLE IF EXISTS `weapons`;
/*!40101 SET @saved_cs_client     = @@character_set_client */;
/*!40101 SET character_set_client = utf8 */;
CREATE TABLE `weapons` (
  `id` int(10) unsigned NOT NULL AUTO_INCREMENT,
  `name` varchar(64) COLLATE utf8_unicode_ci NOT NULL,
  `type` varchar(32) COLLATE utf8_unicode_ci NOT NULL,
  `rarity` smallint(5) unsigned NOT NULL,
  `slug` varchar(64) COLLATE utf8_unicode_ci NOT NULL,
  `attributes` longtext CHARACTER SET utf8mb4 COLLATE utf8mb4_bin NOT NULL,
  PRIMARY KEY (`id`),
  UNIQUE KEY `UNIQ_520EBBE15E237E06` (`name`),
  UNIQUE KEY `UNIQ_520EBBE1989D9B62` (`slug`),
  KEY `type_idx` (`type`)
) ENGINE=InnoDB AUTO_INCREMENT=1150 DEFAULT CHARSET=utf8 COLLATE=utf8_unicode_ci;
/*!40101 SET character_set_client = @saved_cs_client */;

--
-- Dumping data for table `weapons`
--

LOCK TABLES `weapons` WRITE;
/*!40000 ALTER TABLE `weapons` DISABLE KEYS */;
INSERT INTO `weapons` VALUES (1,'Buster Sword 1','great-sword',1,'buster-sword-1','{\"attack\":384,\"sharpnessRed\":25,\"sharpnessOrange\":12,\"sharpnessYellow\":13}'),(2,'Buster Sword 2','great-sword',1,'buster-sword-2','{\"attack\":432,\"sharpnessRed\":17,\"sharpnessOrange\":18,\"sharpnessYellow\":7,\"sharpnessGreen\":8}'),(3,'Buster Sword 3','great-sword',2,'buster-sword-3','{\"attack\":480,\"sharpnessRed\":15,\"sharpnessOrange\":17,\"sharpnessYellow\":8,\"sharpnessGreen\":10}'),(4,'Buster Blade 1','great-sword',3,'buster-blade-1','{\"attack\":576,\"sharpnessRed\":17,\"sharpnessOrange\":13,\"sharpnessYellow\":20,\"sharpnessGreen\":12}'),(5,'Buster Blade 2','great-sword',4,'buster-blade-2','{\"attack\":624,\"sharpnessRed\":15,\"sharpnessOrange\":12,\"sharpnessYellow\":20,\"sharpnessGreen\":15}'),(6,'Buster Blade 3','great-sword',5,'buster-blade-3','{\"attack\":672,\"elementType\":\"Poison\",\"elementDamage\":240,\"elementHidden\":true,\"sharpnessRed\":25,\"sharpnessOrange\":12,\"sharpnessYellow\":13,\"sharpnessGreen\":20,\"sharpnessBlue\":5}'),(7,'Chrome Razor 1','great-sword',6,'chrome-razor-1','{\"attack\":720,\"elementType\":\"Poison\",\"elementDamage\":330,\"elementHidden\":true,\"sharpnessRed\":22,\"sharpnessOrange\":13,\"sharpnessYellow\":12,\"sharpnessGreen\":20,\"sharpnessBlue\":8,\"slotsRank1\":1}'),(8,'Chrome Razor 2','great-sword',6,'chrome-razor-2','{\"attack\":864,\"elementType\":\"Poison\",\"elementDamage\":420,\"elementHidden\":true,\"sharpnessRed\":15,\"sharpnessOrange\":15,\"sharpnessYellow\":5,\"sharpnessGreen\":37,\"sharpnessBlue\":15,\"slotsRank1\":2}'),(9,'Nergal Judicator','great-sword',7,'nergal-judicator','{\"attack\":912,\"elementType\":\"Dragon\",\"elementDamage\":120,\"elementHidden\":false,\"sharpnessRed\":30,\"sharpnessOrange\":30,\"sharpnessYellow\":10,\"sharpnessGreen\":12,\"sharpnessBlue\":18,\"slotsRank1\":1}'),(10,'Purgation\'s Atrocity','great-sword',8,'purgations-atrocity','{\"attack\":1008,\"elementType\":\"Dragon\",\"elementDamage\":150,\"elementHidden\":false,\"sharpnessRed\":27,\"sharpnessOrange\":30,\"sharpnessYellow\":10,\"sharpnessGreen\":13,\"sharpnessBlue\":20,\"slotsRank1\":1}'),(11,'Thunder Blade 1','great-sword',3,'thunder-blade-1','{\"attack\":528,\"elementType\":\"Thunder\",\"elementDamage\":120,\"elementHidden\":false,\"sharpnessRed\":17,\"sharpnessOrange\":13,\"sharpnessYellow\":20,\"sharpnessGreen\":12}'),(12,'Thunder Blade 2','great-sword',4,'thunder-blade-2','{\"attack\":624,\"elementType\":\"Thunder\",\"elementDamage\":150,\"elementHidden\":false,\"sharpnessRed\":15,\"sharpnessOrange\":12,\"sharpnessYellow\":20,\"sharpnessGreen\":15}'),(13,'Lightning Punisher 1','great-sword',5,'lightning-punisher-1','{\"attack\":672,\"elementType\":\"Thunder\",\"elementDamage\":180,\"elementHidden\":false,\"sharpnessRed\":25,\"sharpnessOrange\":12,\"sharpnessYellow\":20,\"sharpnessGreen\":18,\"slotsRank2\":1}'),(14,'Lightning Punisher 2','great-sword',6,'lightning-punisher-2','{\"attack\":816,\"elementType\":\"Thunder\",\"elementDamage\":210,\"elementHidden\":false,\"sharpnessRed\":25,\"sharpnessOrange\":12,\"sharpnessYellow\":13,\"sharpnessGreen\":20,\"sharpnessBlue\":5,\"slotsRank2\":1}'),(15,'Lightning Punisher 3','great-sword',6,'lightning-punisher-3','{\"attack\":912,\"elementType\":\"Thunder\",\"elementDamage\":240,\"elementHidden\":false,\"sharpnessRed\":25,\"sharpnessOrange\":30,\"sharpnessYellow\":10,\"sharpnessGreen\":12,\"sharpnessBlue\":10,\"slotsRank2\":1}'),(16,'Freeze Blade 1','great-sword',4,'freeze-blade-1','{\"attack\":576,\"elementType\":\"Ice\",\"elementDamage\":240,\"elementHidden\":false,\"sharpnessRed\":15,\"sharpnessOrange\":12,\"sharpnessYellow\":20,\"sharpnessGreen\":15}'),(17,'Freeze Blade 2','great-sword',5,'freeze-blade-2','{\"attack\":624,\"elementType\":\"Ice\",\"elementDamage\":270,\"elementHidden\":false,\"sharpnessRed\":25,\"sharpnessOrange\":12,\"sharpnessYellow\":20,\"sharpnessGreen\":18,\"slotsRank1\":1}'),(18,'Frost Blaze 1','great-sword',6,'frost-blaze-1','{\"attack\":720,\"elementType\":\"Ice\",\"elementDamage\":330,\"elementHidden\":false,\"sharpnessRed\":22,\"sharpnessOrange\":13,\"sharpnessYellow\":12,\"sharpnessGreen\":20,\"sharpnessBlue\":8,\"slotsRank2\":1}'),(19,'Frost Blaze 2','great-sword',6,'frost-blaze-2','{\"attack\":768,\"elementType\":\"Ice\",\"elementDamage\":390,\"elementHidden\":false,\"sharpnessRed\":20,\"sharpnessOrange\":15,\"sharpnessYellow\":20,\"sharpnessGreen\":20,\"sharpnessBlue\":12,\"slotsRank3\":1}'),(20,'Jagras Blade 1','great-sword',2,'jagras-blade-1','{\"attack\":528,\"sharpnessRed\":20,\"sharpnessOrange\":17,\"sharpnessYellow\":8,\"sharpnessGreen\":5}'),(21,'Jagras Blade 2','great-sword',3,'jagras-blade-2','{\"attack\":576,\"sharpnessRed\":20,\"sharpnessOrange\":12,\"sharpnessYellow\":20,\"sharpnessGreen\":10}'),(22,'Jagras Blade 3','great-sword',4,'jagras-blade-3','{\"attack\":672,\"sharpnessRed\":15,\"sharpnessOrange\":12,\"sharpnessYellow\":20,\"sharpnessGreen\":15}'),(23,'Jagras Hacker 1','great-sword',5,'jagras-hacker-1','{\"attack\":816,\"elementType\":\"Ice\",\"elementDamage\":210,\"elementHidden\":true,\"sharpnessRed\":25,\"sharpnessOrange\":12,\"sharpnessYellow\":20,\"sharpnessGreen\":18,\"slotsRank1\":2}'),(24,'Jagras Hacker 2','great-sword',6,'jagras-hacker-2','{\"attack\":864,\"elementType\":\"Ice\",\"elementDamage\":240,\"elementHidden\":true,\"sharpnessRed\":27,\"sharpnessOrange\":13,\"sharpnessYellow\":12,\"sharpnessGreen\":20,\"sharpnessBlue\":3,\"slotsRank2\":2}'),(25,'Jagras Hacker 3','great-sword',6,'jagras-hacker-3','{\"attack\":912,\"elementType\":\"Ice\",\"elementDamage\":300,\"elementHidden\":true,\"sharpnessRed\":27,\"sharpnessOrange\":30,\"sharpnessYellow\":10,\"sharpnessGreen\":13,\"sharpnessBlue\":7,\"slotsRank3\":2}'),(26,'Girros Blade 1','great-sword',3,'girros-blade-1','{\"attack\":528,\"elementType\":\"Paralysis\",\"elementDamage\":210,\"elementHidden\":false,\"sharpnessRed\":20,\"sharpnessOrange\":12,\"sharpnessYellow\":20,\"sharpnessGreen\":10}'),(27,'Girros Blade 2','great-sword',4,'girros-blade-2','{\"attack\":624,\"elementType\":\"Paralysis\",\"elementDamage\":240,\"elementHidden\":false,\"sharpnessRed\":15,\"sharpnessOrange\":12,\"sharpnessYellow\":20,\"sharpnessGreen\":15}'),(28,'Malady\'s Kiss 1','great-sword',5,'maladys-kiss-1','{\"attack\":672,\"elementType\":\"Paralysis\",\"elementDamage\":270,\"elementHidden\":false,\"sharpnessRed\":27,\"sharpnessOrange\":13,\"sharpnessYellow\":12,\"sharpnessGreen\":20,\"sharpnessBlue\":3}'),(29,'Malady\'s Kiss 2','great-sword',6,'maladys-kiss-2','{\"attack\":720,\"elementType\":\"Paralysis\",\"elementDamage\":360,\"elementHidden\":false,\"sharpnessRed\":25,\"sharpnessOrange\":12,\"sharpnessYellow\":13,\"sharpnessGreen\":20,\"sharpnessBlue\":5}'),(30,'Malady\'s Kiss 3','great-sword',6,'maladys-kiss-3','{\"attack\":768,\"elementType\":\"Paralysis\",\"elementDamage\":450,\"elementHidden\":false,\"sharpnessRed\":20,\"sharpnessOrange\":15,\"sharpnessYellow\":15,\"sharpnessGreen\":25,\"sharpnessBlue\":12}'),(31,'Lava Blaze 1','great-sword',6,'lava-blaze-1','{\"attack\":768,\"elementType\":\"Fire\",\"elementDamage\":270,\"elementHidden\":false,\"sharpnessRed\":25,\"sharpnessOrange\":12,\"sharpnessYellow\":13,\"sharpnessGreen\":20,\"sharpnessBlue\":5,\"slotsRank2\":1,\"slotsRank1\":1}'),(32,'Lava Blaze 2','great-sword',7,'lava-blaze-2','{\"attack\":864,\"elementType\":\"Fire\",\"elementDamage\":330,\"elementHidden\":false,\"sharpnessRed\":22,\"sharpnessOrange\":15,\"sharpnessYellow\":15,\"sharpnessGreen\":25,\"sharpnessBlue\":10,\"slotsRank2\":2}'),(33,'Blooming Blade 1','great-sword',2,'blooming-blade-1','{\"attack\":528,\"elementType\":\"Poison\",\"elementDamage\":240,\"elementHidden\":false,\"sharpnessRed\":15,\"sharpnessOrange\":17,\"sharpnessYellow\":8,\"sharpnessGreen\":10}'),(34,'Blooming Blade 2','great-sword',3,'blooming-blade-2','{\"attack\":576,\"elementType\":\"Poison\",\"elementDamage\":300,\"elementHidden\":false,\"sharpnessRed\":17,\"sharpnessOrange\":13,\"sharpnessYellow\":20,\"sharpnessGreen\":12}'),(35,'Blooming Blade 3','great-sword',4,'blooming-blade-3','{\"attack\":624,\"elementType\":\"Poison\",\"elementDamage\":360,\"elementHidden\":false,\"sharpnessRed\":15,\"sharpnessOrange\":12,\"sharpnessYellow\":20,\"sharpnessGreen\":15}'),(36,'Datura Blaze 1','great-sword',5,'datura-blaze-1','{\"attack\":720,\"elementType\":\"Poison\",\"elementDamage\":420,\"elementHidden\":false,\"sharpnessRed\":27,\"sharpnessOrange\":13,\"sharpnessYellow\":12,\"sharpnessGreen\":20,\"sharpnessBlue\":3,\"slotsRank1\":2}'),(37,'Datura Blaze 2','great-sword',6,'datura-blaze-2','{\"attack\":768,\"elementType\":\"Poison\",\"elementDamage\":480,\"elementHidden\":false,\"sharpnessRed\":25,\"sharpnessOrange\":12,\"sharpnessYellow\":13,\"sharpnessGreen\":20,\"sharpnessBlue\":5,\"slotsRank1\":2}'),(38,'Datura Blaze 3','great-sword',6,'datura-blaze-3','{\"attack\":816,\"elementType\":\"Poison\",\"elementDamage\":540,\"elementHidden\":false,\"sharpnessRed\":27,\"sharpnessOrange\":30,\"sharpnessYellow\":10,\"sharpnessGreen\":13,\"sharpnessBlue\":7,\"slotsRank2\":1,\"slotsRank1\":1}'),(39,'Flame Blade 1','great-sword',4,'flame-blade-1','{\"attack\":672,\"elementType\":\"Fire\",\"elementDamage\":120,\"elementHidden\":false,\"sharpnessRed\":17,\"sharpnessOrange\":13,\"sharpnessYellow\":20,\"sharpnessGreen\":12}'),(40,'Flame Blade 2','great-sword',5,'flame-blade-2','{\"attack\":720,\"elementType\":\"Fire\",\"elementDamage\":150,\"elementHidden\":false,\"sharpnessRed\":25,\"sharpnessOrange\":12,\"sharpnessYellow\":20,\"sharpnessGreen\":18}'),(41,'Red Wing','great-sword',6,'red-wing','{\"attack\":768,\"elementType\":\"Fire\",\"elementDamage\":180,\"elementHidden\":false,\"sharpnessRed\":25,\"sharpnessOrange\":12,\"sharpnessYellow\":13,\"sharpnessGreen\":20,\"sharpnessBlue\":5,\"slotsRank1\":1}'),(42,'Blue Wing','great-sword',7,'blue-wing','{\"attack\":816,\"elementType\":\"Fire\",\"elementDamage\":210,\"elementHidden\":false,\"sharpnessRed\":27,\"sharpnessOrange\":30,\"sharpnessYellow\":10,\"sharpnessGreen\":13,\"sharpnessBlue\":7,\"slotsRank1\":1}'),(43,'Rathalos Glinsword','great-sword',8,'rathalos-glinsword','{\"attack\":912,\"elementType\":\"Fire\",\"elementDamage\":240,\"elementHidden\":false,\"sharpnessRed\":22,\"sharpnessOrange\":15,\"sharpnessYellow\":15,\"sharpnessGreen\":25,\"sharpnessBlue\":10,\"slotsRank1\":1}'),(44,'Bone Blade 1','great-sword',1,'bone-blade-1','{\"attack\":480,\"sharpnessRed\":25,\"sharpnessOrange\":15,\"sharpnessYellow\":10}'),(45,'Bone Blade 2','great-sword',1,'bone-blade-2','{\"attack\":528,\"sharpnessRed\":22,\"sharpnessOrange\":15,\"sharpnessYellow\":13}'),(46,'Bone Blade 3','great-sword',2,'bone-blade-3','{\"attack\":576,\"sharpnessRed\":22,\"sharpnessOrange\":13,\"sharpnessYellow\":12,\"sharpnessGreen\":3}'),(47,'Bone Slasher 1','great-sword',3,'bone-slasher-1','{\"attack\":672,\"sharpnessRed\":32,\"sharpnessOrange\":18,\"sharpnessYellow\":7,\"sharpnessGreen\":5}'),(48,'Bone Slasher 2','great-sword',4,'bone-slasher-2','{\"attack\":720,\"sharpnessRed\":30,\"sharpnessOrange\":17,\"sharpnessYellow\":8,\"sharpnessGreen\":7}'),(49,'Bone Slasher 3','great-sword',5,'bone-slasher-3','{\"attack\":768,\"elementType\":\"Ice\",\"elementDamage\":180,\"elementHidden\":true,\"sharpnessRed\":30,\"sharpnessOrange\":15,\"sharpnessYellow\":20,\"sharpnessGreen\":10,\"slotsRank2\":1}'),(50,'Giant Jawblade 1','great-sword',6,'giant-jawblade-1','{\"attack\":816,\"elementType\":\"Ice\",\"elementDamage\":240,\"elementHidden\":true,\"sharpnessRed\":27,\"sharpnessOrange\":25,\"sharpnessYellow\":10,\"sharpnessGreen\":10,\"sharpnessBlue\":3,\"slotsRank2\":1}'),(51,'Giant Jawblade 2','great-sword',6,'giant-jawblade-2','{\"attack\":912,\"elementType\":\"Ice\",\"elementDamage\":300,\"elementHidden\":false,\"sharpnessRed\":27,\"sharpnessOrange\":30,\"sharpnessYellow\":10,\"sharpnessGreen\":13,\"sharpnessBlue\":7,\"slotsRank3\":1}'),(52,'Hazak Kys','great-sword',7,'hazak-kys','{\"attack\":912,\"elementType\":\"Dragon\",\"elementDamage\":300,\"elementHidden\":false,\"sharpnessRed\":27,\"sharpnessOrange\":15,\"sharpnessYellow\":20,\"sharpnessGreen\":20,\"sharpnessBlue\":5,\"slotsRank2\":1}'),(53,'Leviathan\'s Fury','great-sword',8,'leviathans-fury','{\"attack\":960,\"elementType\":\"Dragon\",\"elementDamage\":300,\"elementHidden\":false,\"sharpnessRed\":50,\"sharpnessOrange\":17,\"sharpnessYellow\":5,\"sharpnessGreen\":5,\"sharpnessBlue\":10,\"slotsRank2\":1}'),(54,'Flammenzahn','great-sword',3,'flammenzahn','{\"attack\":720,\"elementType\":\"Fire\",\"elementDamage\":240,\"elementHidden\":false,\"affinity\":\"-30%\",\"sharpnessRed\":30,\"sharpnessOrange\":17,\"sharpnessYellow\":8,\"sharpnessGreen\":7}'),(55,'Flammenzahn+','great-sword',5,'flammenzahn+','{\"attack\":864,\"elementType\":\"Fire\",\"elementDamage\":300,\"elementHidden\":false,\"affinity\":\"-30%\",\"sharpnessRed\":27,\"sharpnessOrange\":25,\"sharpnessYellow\":10,\"sharpnessGreen\":10,\"sharpnessBlue\":3}'),(56,'Gnshing Flammenzahn','great-sword',7,'gnshing-flammenzahn','{\"attack\":1008,\"elementType\":\"Fire\",\"elementDamage\":360,\"elementHidden\":false,\"affinity\":\"-30%\",\"sharpnessRed\":30,\"sharpnessOrange\":30,\"sharpnessYellow\":10,\"sharpnessGreen\":12,\"sharpnessBlue\":5}'),(57,'Aqua Slasher 1','great-sword',2,'aqua-slasher-1','{\"attack\":576,\"elementType\":\"Water\",\"elementDamage\":120,\"elementHidden\":false,\"sharpnessRed\":22,\"sharpnessOrange\":18,\"sharpnessYellow\":7,\"sharpnessGreen\":3}'),(58,'Aqua Slasher 2','great-sword',3,'aqua-slasher-2','{\"attack\":624,\"elementType\":\"Water\",\"elementDamage\":150,\"elementHidden\":false,\"sharpnessRed\":32,\"sharpnessOrange\":18,\"sharpnessYellow\":7,\"sharpnessGreen\":5}'),(59,'Aqua Slasher 3','great-sword',4,'aqua-slasher-3','{\"attack\":672,\"elementType\":\"Water\",\"elementDamage\":180,\"elementHidden\":false,\"sharpnessRed\":30,\"sharpnessOrange\":17,\"sharpnessYellow\":8,\"sharpnessGreen\":7}'),(60,'Water Golum 1','great-sword',5,'water-golum-1','{\"attack\":768,\"elementType\":\"Water\",\"elementDamage\":240,\"elementHidden\":false,\"sharpnessRed\":35,\"sharpnessOrange\":17,\"sharpnessYellow\":8,\"sharpnessGreen\":15,\"slotsRank2\":1}'),(61,'Water Golum 2','great-sword',6,'water-golum-2','{\"attack\":816,\"elementType\":\"Water\",\"elementDamage\":270,\"elementHidden\":false,\"sharpnessRed\":32,\"sharpnessOrange\":18,\"sharpnessYellow\":7,\"sharpnessGreen\":18,\"slotsRank2\":1}'),(62,'Water Golum 3','great-sword',6,'water-golum-3','{\"attack\":912,\"elementType\":\"Water\",\"elementDamage\":300,\"elementHidden\":false,\"sharpnessRed\":47,\"sharpnessOrange\":18,\"sharpnessYellow\":5,\"sharpnessGreen\":12,\"sharpnessBlue\":5,\"slotsRank2\":1}'),(63,'Carapace Buster 1','great-sword',2,'carapace-buster-1','{\"attack\":624,\"affinity\":\"-20%\",\"sharpnessRed\":20,\"sharpnessOrange\":17,\"sharpnessYellow\":8,\"sharpnessGreen\":5}'),(64,'Carapace Buster 2','great-sword',3,'carapace-buster-2','{\"attack\":672,\"affinity\":\"-20%\",\"sharpnessRed\":30,\"sharpnessOrange\":17,\"sharpnessYellow\":8,\"sharpnessGreen\":7}'),(65,'Carapace Buster 3','great-sword',4,'carapace-buster-3','{\"attack\":720,\"affinity\":\"-20%\",\"sharpnessRed\":27,\"sharpnessOrange\":18,\"sharpnessYellow\":7,\"sharpnessGreen\":10}'),(66,'Barroth Shredder 1','great-sword',5,'barroth-shredder-1','{\"attack\":816,\"elementType\":\"Paralysis\",\"elementDamage\":270,\"elementHidden\":true,\"affinity\":\"-20%\",\"sharpnessRed\":27,\"sharpnessOrange\":25,\"sharpnessYellow\":10,\"sharpnessGreen\":10,\"sharpnessBlue\":3,\"slotsRank1\":1}'),(67,'Barroth Shredder 2','great-sword',6,'barroth-shredder-2','{\"attack\":864,\"elementType\":\"Paralysis\",\"elementDamage\":330,\"elementHidden\":true,\"affinity\":\"-20%\",\"sharpnessRed\":25,\"sharpnessOrange\":25,\"sharpnessYellow\":10,\"sharpnessGreen\":10,\"sharpnessBlue\":5,\"slotsRank1\":2}'),(68,'Barroth Shredder 3','great-sword',6,'barroth-shredder-3','{\"attack\":960,\"elementType\":\"Paralysis\",\"elementDamage\":390,\"elementHidden\":true,\"affinity\":\"-20%\",\"sharpnessRed\":27,\"sharpnessOrange\":30,\"sharpnessYellow\":10,\"sharpnessGreen\":13,\"sharpnessBlue\":7,\"slotsRank2\":1,\"slotsRank1\":1}'),(69,'Spiked Blade 1','great-sword',3,'spiked-blade-1','{\"attack\":624,\"elementType\":\"Sleep\",\"elementDamage\":150,\"elementHidden\":false,\"sharpnessRed\":30,\"sharpnessOrange\":17,\"sharpnessYellow\":8,\"sharpnessGreen\":7}'),(70,'Spiked Blade 2','great-sword',4,'spiked-blade-2','{\"attack\":672,\"elementType\":\"Sleep\",\"elementDamage\":180,\"elementHidden\":false,\"sharpnessRed\":27,\"sharpnessOrange\":18,\"sharpnessYellow\":7,\"sharpnessGreen\":10}'),(71,'Radobaan Slab 1','great-sword',5,'radobaan-slab-1','{\"attack\":768,\"elementType\":\"Sleep\",\"elementDamage\":210,\"elementHidden\":false,\"sharpnessRed\":35,\"sharpnessOrange\":17,\"sharpnessYellow\":8,\"sharpnessGreen\":15}'),(72,'Radobaan Slab 2','great-sword',6,'radobaan-slab-2','{\"attack\":816,\"elementType\":\"Sleep\",\"elementDamage\":240,\"elementHidden\":false,\"sharpnessRed\":27,\"sharpnessOrange\":25,\"sharpnessYellow\":10,\"sharpnessGreen\":10,\"sharpnessBlue\":3}'),(73,'Radobaan Slab 3','great-sword',6,'radobaan-slab-3','{\"attack\":912,\"elementType\":\"Sleep\",\"elementDamage\":270,\"elementHidden\":false,\"sharpnessRed\":27,\"sharpnessOrange\":30,\"sharpnessYellow\":10,\"sharpnessGreen\":13,\"sharpnessBlue\":7}'),(74,'Dragonbone Cleaver 1','great-sword',3,'dragonbone-cleaver-1','{\"attack\":480,\"elementType\":\"Dragon\",\"elementDamage\":270,\"elementHidden\":false,\"sharpnessRed\":27,\"sharpnessOrange\":18,\"sharpnessYellow\":7,\"sharpnessGreen\":10}'),(75,'Dragonbone Cleaver 2','great-sword',4,'dragonbone-cleaver-2','{\"attack\":576,\"elementType\":\"Dragon\",\"elementDamage\":330,\"elementHidden\":false,\"sharpnessRed\":25,\"sharpnessOrange\":17,\"sharpnessYellow\":8,\"sharpnessGreen\":12}'),(76,'Dragonbone Cleaver 3','great-sword',6,'dragonbone-cleaver-3','{\"attack\":768,\"elementType\":\"Dragon\",\"elementDamage\":420,\"elementHidden\":false,\"sharpnessRed\":30,\"sharpnessOrange\":27,\"sharpnessYellow\":10,\"sharpnessGreen\":10,\"sharpnessBlue\":10,\"slotsRank1\":2}'),(77,'Thundersword','great-sword',4,'thundersword','{\"attack\":528,\"elementType\":\"Thunder\",\"elementDamage\":390,\"elementHidden\":false,\"sharpnessRed\":15,\"sharpnessOrange\":12,\"sharpnessYellow\":20,\"sharpnessGreen\":15}'),(78,'Kirin Thundersword','great-sword',7,'kirin-thundersword','{\"attack\":720,\"elementType\":\"Thunder\",\"elementDamage\":480,\"elementHidden\":false,\"sharpnessRed\":27,\"sharpnessOrange\":5,\"sharpnessYellow\":5,\"sharpnessGreen\":40,\"sharpnessBlue\":10}'),(79,'King Thundersword','great-sword',8,'king-thundersword','{\"attack\":768,\"elementType\":\"Thunder\",\"elementDamage\":540,\"elementHidden\":false,\"sharpnessRed\":27,\"sharpnessOrange\":5,\"sharpnessYellow\":5,\"sharpnessGreen\":38,\"sharpnessBlue\":12}'),(80,'Magda Potestas 1','great-sword',5,'magda-potestas-1','{\"attack\":768,\"elementType\":\"Blast\",\"elementDamage\":330,\"elementHidden\":false,\"affinity\":\"-20%\",\"sharpnessRed\":27,\"sharpnessOrange\":13,\"sharpnessYellow\":20,\"sharpnessGreen\":15,\"slotsRank2\":1}'),(81,'Magda Potestas 2','great-sword',7,'magda-potestas-2','{\"attack\":1056,\"elementType\":\"Blast\",\"elementDamage\":420,\"elementHidden\":false,\"affinity\":\"-20%\",\"sharpnessRed\":52,\"sharpnessOrange\":8,\"sharpnessYellow\":10,\"sharpnessGreen\":17,\"slotsRank2\":1}'),(82,'Blacksteel Chopper 1','great-sword',5,'blacksteel-chopper-1','{\"attack\":480,\"elementType\":\"Dragon\",\"elementDamage\":90,\"elementHidden\":false,\"sharpnessRed\":37,\"sharpnessOrange\":28,\"sharpnessYellow\":10}'),(83,'Blacksteel Chopper 2','great-sword',6,'blacksteel-chopper-2','{\"attack\":576,\"elementType\":\"Dragon\",\"elementDamage\":120,\"elementHidden\":false,\"sharpnessRed\":35,\"sharpnessOrange\":27,\"sharpnessYellow\":10,\"sharpnessGreen\":3}'),(84,'Icesteel Edge','great-sword',7,'icesteel-edge','{\"attack\":816,\"elementType\":\"Ice\",\"elementDamage\":210,\"elementHidden\":false,\"sharpnessRed\":27,\"sharpnessOrange\":15,\"sharpnessYellow\":20,\"sharpnessGreen\":20,\"sharpnessBlue\":5,\"slotsRank2\":1}'),(85,'Daora\'s Decimator','great-sword',8,'daoras-decimator','{\"attack\":864,\"elementType\":\"Ice\",\"elementDamage\":270,\"elementHidden\":false,\"sharpnessRed\":22,\"sharpnessOrange\":15,\"sharpnessYellow\":20,\"sharpnessGreen\":20,\"sharpnessBlue\":10,\"slotsRank2\":1}'),(86,'Xeno Maliq','great-sword',8,'xeno-maliq','{\"attack\":816,\"elementType\":\"Dragon\",\"elementDamage\":210,\"elementHidden\":false,\"sharpnessRed\":32,\"sharpnessOrange\":8,\"sharpnessYellow\":15,\"sharpnessGreen\":20,\"sharpnessBlue\":10,\"sharpnessWhite\":2,\"slotsRank3\":2}'),(87,'Wyvern Jawblade','great-sword',6,'wyvern-jawblade','{\"attack\":864,\"elementType\":\"Blast\",\"elementDamage\":240,\"elementHidden\":true,\"sharpnessRed\":30,\"sharpnessOrange\":30,\"sharpnessYellow\":10,\"sharpnessGreen\":12,\"sharpnessBlue\":5,\"slotsRank3\":1}'),(88,'Great Wyvern Jawblade','great-sword',8,'great-wyvern-jawblade','{\"attack\":960,\"elementType\":\"Blast\",\"elementDamage\":330,\"elementHidden\":true,\"sharpnessRed\":27,\"sharpnessOrange\":30,\"sharpnessYellow\":10,\"sharpnessGreen\":13,\"sharpnessBlue\":7,\"slotsRank3\":1}'),(89,'Iron Katana 1','long-sword',1,'iron-katana-1','{\"attack\":264,\"sharpnessRed\":25,\"sharpnessOrange\":12,\"sharpnessYellow\":13}'),(90,'Iron Katana 2','long-sword',1,'iron-katana-2','{\"attack\":297,\"sharpnessRed\":20,\"sharpnessOrange\":17,\"sharpnessYellow\":8,\"sharpnessGreen\":5}'),(91,'Iron Katana 3','long-sword',2,'iron-katana-3','{\"attack\":330,\"sharpnessRed\":15,\"sharpnessOrange\":17,\"sharpnessYellow\":8,\"sharpnessGreen\":10}'),(92,'Iron Grace 1','long-sword',3,'iron-grace-1','{\"attack\":363,\"sharpnessRed\":20,\"sharpnessOrange\":12,\"sharpnessYellow\":20,\"sharpnessGreen\":10}'),(93,'Iron Grace 2','long-sword',4,'iron-grace-2','{\"attack\":429,\"sharpnessRed\":17,\"sharpnessOrange\":13,\"sharpnessYellow\":20,\"sharpnessGreen\":12}'),(94,'Iron Grace 3','long-sword',5,'iron-grace-3','{\"attack\":462,\"elementType\":\"Water\",\"elementDamage\":120,\"elementHidden\":true,\"sharpnessRed\":22,\"sharpnessOrange\":13,\"sharpnessYellow\":12,\"sharpnessGreen\":20,\"sharpnessBlue\":8,\"slotsRank1\":1}'),(95,'Iron Gospel 1','long-sword',6,'iron-gospel-1','{\"attack\":528,\"elementType\":\"Water\",\"elementDamage\":150,\"elementHidden\":true,\"sharpnessRed\":17,\"sharpnessOrange\":13,\"sharpnessYellow\":12,\"sharpnessGreen\":20,\"sharpnessBlue\":13,\"slotsRank1\":1}'),(96,'Iron Gospel 2','long-sword',6,'iron-gospel-2','{\"attack\":594,\"elementType\":\"Water\",\"elementDamage\":180,\"elementHidden\":true,\"sharpnessRed\":12,\"sharpnessOrange\":15,\"sharpnessYellow\":5,\"sharpnessGreen\":38,\"sharpnessBlue\":17,\"slotsRank1\":2}'),(97,'Nergal Reaver','long-sword',7,'nergal-reaver','{\"attack\":627,\"elementType\":\"Dragon\",\"elementDamage\":90,\"elementHidden\":false,\"sharpnessRed\":30,\"sharpnessOrange\":30,\"sharpnessYellow\":10,\"sharpnessGreen\":12,\"sharpnessBlue\":18,\"slotsRank1\":1}'),(98,'Extermination\'s Edge','long-sword',8,'exterminations-edge','{\"attack\":693,\"elementType\":\"Dragon\",\"elementDamage\":120,\"elementHidden\":false,\"sharpnessRed\":27,\"sharpnessOrange\":30,\"sharpnessYellow\":10,\"sharpnessGreen\":13,\"sharpnessBlue\":20,\"slotsRank1\":1}'),(99,'Flickering Glow 1','long-sword',3,'flickering-glow-1','{\"attack\":429,\"sharpnessRed\":17,\"sharpnessOrange\":13,\"sharpnessYellow\":20,\"sharpnessGreen\":12}'),(100,'Flickering Glow 2','long-sword',4,'flickering-glow-2','{\"attack\":462,\"sharpnessRed\":15,\"sharpnessOrange\":12,\"sharpnessYellow\":20,\"sharpnessGreen\":15}'),(101,'Dazzling Flash 1','long-sword',5,'dazzling-flash-1','{\"attack\":528,\"elementType\":\"Thunder\",\"elementDamage\":240,\"elementHidden\":true,\"sharpnessRed\":25,\"sharpnessOrange\":12,\"sharpnessYellow\":13,\"sharpnessGreen\":20,\"sharpnessBlue\":5,\"slotsRank2\":1}'),(102,'Dazzling Flash 2','long-sword',6,'dazzling-flash-2','{\"attack\":561,\"elementType\":\"Thunder\",\"elementDamage\":300,\"elementHidden\":true,\"sharpnessRed\":22,\"sharpnessOrange\":13,\"sharpnessYellow\":12,\"sharpnessGreen\":20,\"sharpnessBlue\":8,\"slotsRank3\":1}'),(103,'Dazzling Flash 3','long-sword',6,'dazzling-flash-3','{\"attack\":594,\"elementType\":\"Thunder\",\"elementDamage\":360,\"elementHidden\":true,\"sharpnessRed\":20,\"sharpnessOrange\":12,\"sharpnessYellow\":15,\"sharpnessGreen\":30,\"sharpnessBlue\":10,\"slotsRank3\":1}'),(104,'First Dance 1','long-sword',2,'first-dance-1','{\"attack\":330,\"sharpnessRed\":17,\"sharpnessOrange\":18,\"sharpnessYellow\":7,\"sharpnessGreen\":8}'),(105,'First Dance 2','long-sword',3,'first-dance-2','{\"attack\":363,\"sharpnessRed\":20,\"sharpnessOrange\":12,\"sharpnessYellow\":20,\"sharpnessGreen\":10}'),(106,'First Dance 3','long-sword',4,'first-dance-3','{\"attack\":429,\"sharpnessRed\":15,\"sharpnessOrange\":12,\"sharpnessYellow\":20,\"sharpnessGreen\":15}'),(107,'Last Dance 1','long-sword',5,'last-dance-1','{\"attack\":495,\"elementType\":\"Sleep\",\"elementDamage\":210,\"elementHidden\":true,\"sharpnessRed\":27,\"sharpnessOrange\":13,\"sharpnessYellow\":12,\"sharpnessGreen\":20,\"sharpnessBlue\":3}'),(108,'Last Dance 2','long-sword',6,'last-dance-2','{\"attack\":528,\"elementType\":\"Sleep\",\"elementDamage\":240,\"elementHidden\":true,\"sharpnessRed\":20,\"sharpnessOrange\":12,\"sharpnessYellow\":13,\"sharpnessGreen\":20,\"sharpnessBlue\":10}'),(109,'Last Dance 3','long-sword',6,'last-dance-3','{\"attack\":561,\"elementType\":\"Sleep\",\"elementDamage\":270,\"elementHidden\":true,\"sharpnessRed\":20,\"sharpnessOrange\":15,\"sharpnessYellow\":20,\"sharpnessGreen\":20,\"sharpnessBlue\":12}'),(110,'Brazenridge 1','long-sword',6,'brazenridge-1','{\"attack\":594,\"elementType\":\"Fire\",\"elementDamage\":90,\"elementHidden\":false,\"affinity\":\"-10%\",\"sharpnessRed\":25,\"sharpnessOrange\":12,\"sharpnessYellow\":13,\"sharpnessGreen\":20,\"sharpnessBlue\":5,\"slotsRank3\":1}'),(111,'Brazenridge 2','long-sword',7,'brazenridge-2','{\"attack\":660,\"elementType\":\"Fire\",\"elementDamage\":120,\"elementHidden\":false,\"affinity\":\"-10%\",\"sharpnessRed\":22,\"sharpnessOrange\":13,\"sharpnessYellow\":12,\"sharpnessGreen\":20,\"sharpnessBlue\":20,\"slotsRank3\":1,\"slotsRank1\":1}'),(112,'Wyvern Blade \"Leaf\"','long-sword',3,'wyvern-blade-leaf','{\"attack\":363,\"elementType\":\"Poison\",\"elementDamage\":240,\"elementHidden\":false,\"sharpnessRed\":22,\"sharpnessOrange\":13,\"sharpnessYellow\":20,\"sharpnessGreen\":7}'),(113,'Wyvern Blade \"Verde\"','long-sword',5,'wyvern-blade-verde','{\"attack\":495,\"elementType\":\"Poison\",\"elementDamage\":270,\"elementHidden\":false,\"sharpnessRed\":27,\"sharpnessOrange\":13,\"sharpnessYellow\":12,\"sharpnessGreen\":20,\"sharpnessBlue\":3,\"slotsRank1\":1}'),(114,'Wyvern Blade \"Holly\"','long-sword',7,'wyvern-blade-holly','{\"attack\":627,\"elementType\":\"Poison\",\"elementDamage\":330,\"elementHidden\":false,\"sharpnessRed\":20,\"sharpnessOrange\":15,\"sharpnessYellow\":15,\"sharpnessGreen\":25,\"sharpnessBlue\":12,\"slotsRank1\":1}'),(115,'Wyvern Blade \"Fall\"','long-sword',4,'wyvern-blade-fall','{\"attack\":396,\"elementType\":\"Fire\",\"elementDamage\":150,\"elementHidden\":false,\"sharpnessRed\":20,\"sharpnessOrange\":12,\"sharpnessYellow\":20,\"sharpnessGreen\":10}'),(116,'Wyvern Blade \"Blood\"','long-sword',6,'wyvern-blade-blood','{\"attack\":528,\"elementType\":\"Fire\",\"elementDamage\":180,\"elementHidden\":false,\"sharpnessRed\":27,\"sharpnessOrange\":13,\"sharpnessYellow\":12,\"sharpnessGreen\":20,\"sharpnessBlue\":3,\"slotsRank1\":1}'),(117,'Wyvern Blade \"Azure\"','long-sword',7,'wyvern-blade-azure','{\"attack\":561,\"elementType\":\"Fire\",\"elementDamage\":210,\"elementHidden\":false,\"sharpnessRed\":25,\"sharpnessOrange\":15,\"sharpnessYellow\":20,\"sharpnessGreen\":20,\"sharpnessBlue\":7,\"slotsRank1\":1}'),(118,'Wyvern Blade \"Indigo\"','long-sword',8,'wyvern-blade-indigo','{\"attack\":627,\"elementType\":\"Fire\",\"elementDamage\":240,\"elementHidden\":false,\"sharpnessRed\":17,\"sharpnessOrange\":13,\"sharpnessYellow\":15,\"sharpnessGreen\":30,\"sharpnessBlue\":12,\"slotsRank1\":1}'),(119,'Bone Shotel 1','long-sword',1,'bone-shotel-1','{\"attack\":297,\"sharpnessRed\":25,\"sharpnessOrange\":15,\"sharpnessYellow\":10}'),(120,'Bone Shotel 2','long-sword',1,'bone-shotel-2','{\"attack\":330,\"sharpnessRed\":22,\"sharpnessOrange\":13,\"sharpnessYellow\":15}'),(121,'Bone Shotel 3','long-sword',2,'bone-shotel-3','{\"attack\":396,\"sharpnessRed\":17,\"sharpnessOrange\":15,\"sharpnessYellow\":15,\"sharpnessGreen\":3}'),(122,'Hard Bone Shotel 1','long-sword',3,'hard-bone-shotel-1','{\"attack\":429,\"sharpnessRed\":32,\"sharpnessOrange\":18,\"sharpnessYellow\":7,\"sharpnessGreen\":5}'),(123,'Hard Bone Shotel 2','long-sword',4,'hard-bone-shotel-2','{\"attack\":495,\"sharpnessRed\":27,\"sharpnessOrange\":18,\"sharpnessYellow\":7,\"sharpnessGreen\":10}'),(124,'Hard Bone Shotel 3','long-sword',5,'hard-bone-shotel-3','{\"attack\":528,\"elementType\":\"Sleep\",\"elementDamage\":210,\"elementHidden\":true,\"sharpnessRed\":35,\"sharpnessOrange\":17,\"sharpnessYellow\":8,\"sharpnessGreen\":15,\"slotsRank1\":1}'),(125,'Bone Reaper 1','long-sword',6,'bone-reaper-1','{\"attack\":561,\"elementType\":\"Sleep\",\"elementDamage\":240,\"elementHidden\":true,\"sharpnessRed\":25,\"sharpnessOrange\":25,\"sharpnessYellow\":10,\"sharpnessGreen\":10,\"sharpnessBlue\":5,\"slotsRank2\":1}'),(126,'Bone Reaper 2','long-sword',6,'bone-reaper-2','{\"attack\":627,\"elementType\":\"Sleep\",\"elementDamage\":270,\"elementHidden\":true,\"sharpnessRed\":25,\"sharpnessOrange\":30,\"sharpnessYellow\":10,\"sharpnessGreen\":12,\"sharpnessBlue\":10,\"slotsRank3\":1}'),(127,'Rookslayer Long Sword','long-sword',6,'rookslayer-long-sword','{\"attack\":561,\"elementType\":\"Blast\",\"elementDamage\":150,\"elementHidden\":false,\"affinity\":\"-10%\",\"sharpnessRed\":25,\"sharpnessOrange\":25,\"sharpnessYellow\":10,\"sharpnessGreen\":10,\"sharpnessBlue\":5,\"slotsRank1\":2}'),(128,'Bazel Varga Rookslayer','long-sword',8,'bazel-varga-rookslayer','{\"attack\":660,\"elementType\":\"Blast\",\"elementDamage\":210,\"elementHidden\":false,\"affinity\":\"-10%\",\"sharpnessRed\":15,\"sharpnessOrange\":30,\"sharpnessYellow\":20,\"sharpnessGreen\":15,\"sharpnessBlue\":7,\"slotsRank1\":2}'),(129,'Blazing Shotel 1','long-sword',3,'blazing-shotel-1','{\"attack\":462,\"elementType\":\"Fire\",\"elementDamage\":150,\"elementHidden\":false,\"affinity\":\"-20%\",\"sharpnessRed\":32,\"sharpnessOrange\":18,\"sharpnessYellow\":7,\"sharpnessGreen\":5}'),(130,'Blazing Shotel 2','long-sword',4,'blazing-shotel-2','{\"attack\":528,\"elementType\":\"Fire\",\"elementDamage\":210,\"elementHidden\":false,\"affinity\":\"-20%\",\"sharpnessRed\":30,\"sharpnessOrange\":17,\"sharpnessYellow\":8,\"sharpnessGreen\":7}'),(131,'Anja Scimitar 1','long-sword',5,'anja-scimitar-1','{\"attack\":594,\"elementType\":\"Fire\",\"elementDamage\":270,\"elementHidden\":false,\"affinity\":\"-20%\",\"sharpnessRed\":35,\"sharpnessOrange\":17,\"sharpnessYellow\":8,\"sharpnessGreen\":15}'),(132,'Anja Scimitar 2','long-sword',6,'anja-scimitar-2','{\"attack\":660,\"elementType\":\"Fire\",\"elementDamage\":330,\"elementHidden\":false,\"affinity\":\"-20%\",\"sharpnessRed\":25,\"sharpnessOrange\":25,\"sharpnessYellow\":10,\"sharpnessGreen\":10,\"sharpnessBlue\":5}'),(133,'Anja Scimitar 3','long-sword',6,'anja-scimitar-3','{\"attack\":693,\"elementType\":\"Fire\",\"elementDamage\":390,\"elementHidden\":false,\"affinity\":\"-20%\",\"sharpnessRed\":27,\"sharpnessOrange\":30,\"sharpnessYellow\":10,\"sharpnessGreen\":13,\"sharpnessBlue\":7}'),(134,'Jyura Shotel 1','long-sword',2,'jyura-shotel-1','{\"attack\":396,\"elementType\":\"Water\",\"elementDamage\":150,\"elementHidden\":false,\"sharpnessRed\":20,\"sharpnessOrange\":17,\"sharpnessYellow\":8,\"sharpnessGreen\":5}'),(135,'Jyura Shotel 2','long-sword',3,'jyura-shotel-2','{\"attack\":429,\"elementType\":\"Water\",\"elementDamage\":180,\"elementHidden\":false,\"sharpnessRed\":30,\"sharpnessOrange\":17,\"sharpnessYellow\":8,\"sharpnessGreen\":7}'),(136,'Jyura Shotel 3','long-sword',4,'jyura-shotel-3','{\"attack\":462,\"elementType\":\"Water\",\"elementDamage\":210,\"elementHidden\":false,\"sharpnessRed\":27,\"sharpnessOrange\":18,\"sharpnessYellow\":7,\"sharpnessGreen\":10}'),(137,'Dipterus 1','long-sword',5,'dipterus-1','{\"attack\":495,\"elementType\":\"Water\",\"elementDamage\":240,\"elementHidden\":false,\"sharpnessRed\":35,\"sharpnessOrange\":17,\"sharpnessYellow\":8,\"sharpnessGreen\":15,\"slotsRank1\":1}'),(138,'Dipterus 2','long-sword',6,'dipterus-2','{\"attack\":561,\"elementType\":\"Water\",\"elementDamage\":300,\"elementHidden\":false,\"sharpnessRed\":27,\"sharpnessOrange\":25,\"sharpnessYellow\":10,\"sharpnessGreen\":10,\"sharpnessBlue\":3,\"slotsRank2\":1}'),(139,'Dipterus 3','long-sword',6,'dipterus-3','{\"attack\":627,\"elementType\":\"Water\",\"elementDamage\":360,\"elementHidden\":false,\"sharpnessRed\":42,\"sharpnessOrange\":25,\"sharpnessYellow\":8,\"sharpnessGreen\":7,\"sharpnessBlue\":5,\"slotsRank3\":1}'),(140,'Hazak Grosser 1','long-sword',7,'hazak-grosser-1','{\"attack\":627,\"elementType\":\"Dragon\",\"elementDamage\":210,\"elementHidden\":false,\"sharpnessRed\":40,\"sharpnessOrange\":25,\"sharpnessYellow\":7,\"sharpnessGreen\":8,\"sharpnessBlue\":7,\"slotsRank2\":1}'),(141,'Hazak Grosser 2','long-sword',7,'hazak-grosser-2','{\"attack\":660,\"elementType\":\"Dragon\",\"elementDamage\":270,\"elementHidden\":false,\"sharpnessRed\":50,\"sharpnessOrange\":17,\"sharpnessYellow\":5,\"sharpnessGreen\":5,\"sharpnessBlue\":10,\"slotsRank2\":1}'),(142,'Pulsar Shotel 1','long-sword',3,'pulsar-shotel-1','{\"attack\":363,\"elementType\":\"Thunder\",\"elementDamage\":120,\"elementHidden\":false,\"sharpnessRed\":15,\"sharpnessOrange\":17,\"sharpnessYellow\":8,\"sharpnessGreen\":10}'),(143,'Pulsar Shotel 2','long-sword',3,'pulsar-shotel-2','{\"attack\":396,\"elementType\":\"Thunder\",\"elementDamage\":150,\"elementHidden\":false,\"sharpnessRed\":25,\"sharpnessOrange\":17,\"sharpnessYellow\":8,\"sharpnessGreen\":12}'),(144,'Pulsar Shotel 3','long-sword',4,'pulsar-shotel-3','{\"attack\":462,\"elementType\":\"Thunder\",\"elementDamage\":180,\"elementHidden\":false,\"sharpnessRed\":22,\"sharpnessOrange\":18,\"sharpnessYellow\":7,\"sharpnessGreen\":15}'),(145,'Kadachi Fang 1','long-sword',5,'kadachi-fang-1','{\"attack\":528,\"elementType\":\"Thunder\",\"elementDamage\":210,\"elementHidden\":false,\"sharpnessRed\":25,\"sharpnessOrange\":25,\"sharpnessYellow\":10,\"sharpnessGreen\":10,\"sharpnessBlue\":5,\"slotsRank1\":1}'),(146,'Kadachi Fang 2','long-sword',6,'kadachi-fang-2','{\"attack\":561,\"elementType\":\"Thunder\",\"elementDamage\":240,\"elementHidden\":false,\"sharpnessRed\":22,\"sharpnessOrange\":25,\"sharpnessYellow\":10,\"sharpnessGreen\":10,\"sharpnessBlue\":8,\"slotsRank1\":1}'),(147,'Kadachi Fang 3','long-sword',6,'kadachi-fang-3','{\"attack\":594,\"elementType\":\"Thunder\",\"elementDamage\":270,\"elementHidden\":false,\"sharpnessRed\":37,\"sharpnessOrange\":25,\"sharpnessYellow\":8,\"sharpnessGreen\":7,\"sharpnessBlue\":10,\"slotsRank1\":1}'),(148,'Glacial Shotel 1','long-sword',4,'glacial-shotel-1','{\"attack\":429,\"elementType\":\"Ice\",\"elementDamage\":210,\"elementHidden\":false,\"sharpnessRed\":22,\"sharpnessOrange\":18,\"sharpnessYellow\":7,\"sharpnessGreen\":15}'),(149,'Glacial Shotel 2','long-sword',5,'glacial-shotel-2','{\"attack\":462,\"elementType\":\"Ice\",\"elementDamage\":240,\"elementHidden\":false,\"sharpnessRed\":22,\"sharpnessOrange\":25,\"sharpnessYellow\":10,\"sharpnessGreen\":10,\"sharpnessBlue\":8}'),(150,'Stealer','long-sword',6,'stealer','{\"attack\":495,\"elementType\":\"Ice\",\"elementDamage\":300,\"elementHidden\":false,\"sharpnessRed\":20,\"sharpnessOrange\":25,\"sharpnessYellow\":10,\"sharpnessGreen\":10,\"sharpnessBlue\":10}'),(151,'Legia Stealer','long-sword',8,'legia-stealer','{\"attack\":528,\"elementType\":\"Ice\",\"elementDamage\":360,\"elementHidden\":false,\"sharpnessRed\":60,\"sharpnessOrange\":5,\"sharpnessYellow\":5,\"sharpnessGreen\":5,\"sharpnessBlue\":7,\"sharpnessWhite\":5}'),(152,'Dark Shotel 1','long-sword',3,'dark-shotel-1','{\"attack\":396,\"sharpnessRed\":20,\"sharpnessOrange\":17,\"sharpnessYellow\":8,\"sharpnessGreen\":17}'),(153,'Dark Shotel 2','long-sword',4,'dark-shotel-2','{\"attack\":429,\"sharpnessRed\":17,\"sharpnessOrange\":18,\"sharpnessYellow\":7,\"sharpnessGreen\":20}'),(154,'Dark Scimitar 1','long-sword',5,'dark-scimitar-1','{\"attack\":462,\"elementType\":\"Paralysis\",\"elementDamage\":180,\"elementHidden\":true,\"sharpnessRed\":25,\"sharpnessOrange\":25,\"sharpnessYellow\":10,\"sharpnessGreen\":10,\"sharpnessBlue\":5,\"slotsRank2\":1}'),(155,'Dark Scimitar 2','long-sword',6,'dark-scimitar-2','{\"attack\":495,\"elementType\":\"Paralysis\",\"elementDamage\":210,\"elementHidden\":true,\"sharpnessRed\":20,\"sharpnessOrange\":25,\"sharpnessYellow\":10,\"sharpnessGreen\":10,\"sharpnessBlue\":10,\"slotsRank2\":1}'),(156,'Dark Scimitar 3','long-sword',6,'dark-scimitar-3','{\"attack\":528,\"elementType\":\"Paralysis\",\"elementDamage\":240,\"elementHidden\":true,\"sharpnessRed\":27,\"sharpnessOrange\":8,\"sharpnessYellow\":15,\"sharpnessGreen\":20,\"sharpnessBlue\":10,\"sharpnessWhite\":7,\"slotsRank2\":1}'),(157,'Dragonbone Stabber 1','long-sword',3,'dragonbone-stabber-1','{\"attack\":330,\"elementType\":\"Dragon\",\"elementDamage\":270,\"elementHidden\":false,\"sharpnessRed\":27,\"sharpnessOrange\":18,\"sharpnessYellow\":7,\"sharpnessGreen\":10}'),(158,'Dragonbone Stabber 2','long-sword',4,'dragonbone-stabber-2','{\"attack\":363,\"elementType\":\"Dragon\",\"elementDamage\":330,\"elementHidden\":false,\"sharpnessRed\":25,\"sharpnessOrange\":17,\"sharpnessYellow\":8,\"sharpnessGreen\":12}'),(159,'Dragonbone Stabber 3','long-sword',6,'dragonbone-stabber-3','{\"attack\":528,\"elementType\":\"Dragon\",\"elementDamage\":420,\"elementHidden\":false,\"sharpnessRed\":37,\"sharpnessOrange\":25,\"sharpnessYellow\":8,\"sharpnessGreen\":7,\"sharpnessBlue\":10,\"slotsRank1\":1}'),(160,'Magda Facultas 1','long-sword',5,'magda-facultas-1','{\"attack\":528,\"elementType\":\"Blast\",\"elementDamage\":300,\"elementHidden\":false,\"affinity\":\"-20%\",\"sharpnessRed\":27,\"sharpnessOrange\":13,\"sharpnessYellow\":20,\"sharpnessGreen\":15,\"slotsRank2\":1}'),(161,'Magda Facultas 2','long-sword',7,'magda-facultas-2','{\"attack\":726,\"elementType\":\"Blast\",\"elementDamage\":360,\"elementHidden\":false,\"affinity\":\"-20%\",\"sharpnessRed\":52,\"sharpnessOrange\":8,\"sharpnessYellow\":10,\"sharpnessGreen\":17,\"slotsRank2\":1}'),(162,'Blacksteel Long Sword 1','long-sword',5,'blacksteel-long-sword-1','{\"attack\":330,\"elementType\":\"Dragon\",\"elementDamage\":120,\"elementHidden\":false,\"sharpnessRed\":37,\"sharpnessOrange\":28,\"sharpnessYellow\":10}'),(163,'Blacksteel Long Sword 2','long-sword',6,'blacksteel-long-sword-2','{\"attack\":363,\"elementType\":\"Dragon\",\"elementDamage\":150,\"elementHidden\":false,\"sharpnessRed\":35,\"sharpnessOrange\":27,\"sharpnessYellow\":10,\"sharpnessGreen\":3}'),(164,'Imperial Saber','long-sword',7,'imperial-saber','{\"attack\":561,\"elementType\":\"Blast\",\"elementDamage\":300,\"elementHidden\":false,\"sharpnessRed\":25,\"sharpnessOrange\":15,\"sharpnessYellow\":20,\"sharpnessGreen\":20,\"sharpnessBlue\":7}'),(165,'Imperial Shimmer','long-sword',8,'imperial-shimmer','{\"attack\":627,\"elementType\":\"Blast\",\"elementDamage\":300,\"elementHidden\":false,\"sharpnessRed\":17,\"sharpnessOrange\":13,\"sharpnessYellow\":15,\"sharpnessGreen\":30,\"sharpnessBlue\":12}'),(166,'Xeno Cypher','long-sword',8,'xeno-cypher','{\"attack\":594,\"elementType\":\"Dragon\",\"elementDamage\":180,\"elementHidden\":false,\"sharpnessRed\":32,\"sharpnessOrange\":8,\"sharpnessYellow\":15,\"sharpnessGreen\":20,\"sharpnessBlue\":10,\"sharpnessWhite\":2,\"slotsRank3\":2}'),(167,'Supermacy Blade','long-sword',6,'supermacy-blade','{\"attack\":561,\"elementType\":\"Dragon\",\"elementDamage\":120,\"elementHidden\":true,\"sharpnessRed\":25,\"sharpnessOrange\":12,\"sharpnessYellow\":13,\"sharpnessGreen\":20,\"sharpnessBlue\":5,\"slotsRank3\":1}'),(168,'Divine Slasher','long-sword',8,'divine-slasher','{\"attack\":693,\"elementType\":\"Dragon\",\"elementDamage\":150,\"elementHidden\":true,\"sharpnessRed\":25,\"sharpnessOrange\":15,\"sharpnessYellow\":15,\"sharpnessGreen\":25,\"sharpnessBlue\":7,\"slotsRank3\":1}'),(169,'Azure Star Blade','long-sword',3,'azure-star-blade','{\"attack\":363,\"elementType\":\"Water\",\"elementDamage\":120,\"elementHidden\":false,\"sharpnessRed\":25,\"sharpnessOrange\":17,\"sharpnessYellow\":8,\"sharpnessGreen\":13}'),(170,'Hunter\'s Knife 1','sword-and-shield',1,'hunters-knife-1','{\"attack\":112,\"sharpnessRed\":22,\"sharpnessOrange\":13,\"sharpnessYellow\":15}'),(171,'Hunter\'s Knife 2','sword-and-shield',1,'hunters-knife-2','{\"attack\":126,\"sharpnessRed\":17,\"sharpnessOrange\":18,\"sharpnessYellow\":7,\"sharpnessGreen\":8}'),(172,'Hunter\'s Knife 3','sword-and-shield',2,'hunters-knife-3','{\"attack\":140,\"sharpnessRed\":12,\"sharpnessOrange\":18,\"sharpnessYellow\":7,\"sharpnessGreen\":13}'),(173,'Steel Knife 1','sword-and-shield',3,'steel-knife-1','{\"attack\":168,\"sharpnessRed\":17,\"sharpnessOrange\":13,\"sharpnessYellow\":20,\"sharpnessGreen\":12}'),(174,'Steel Knife 2','sword-and-shield',4,'steel-knife-2','{\"attack\":182,\"sharpnessRed\":12,\"sharpnessOrange\":13,\"sharpnessYellow\":20,\"sharpnessGreen\":17}'),(175,'Steel Knife 3','sword-and-shield',5,'steel-knife-3','{\"attack\":196,\"elementType\":\"Sleep\",\"elementDamage\":120,\"elementHidden\":true,\"sharpnessRed\":25,\"sharpnessOrange\":12,\"sharpnessYellow\":13,\"sharpnessGreen\":20,\"sharpnessBlue\":5,\"slotsRank1\":1}'),(176,'Chrome Slicer 1','sword-and-shield',6,'chrome-slicer-1','{\"attack\":224,\"elementType\":\"Sleep\",\"elementDamage\":150,\"elementHidden\":true,\"sharpnessRed\":20,\"sharpnessOrange\":12,\"sharpnessYellow\":13,\"sharpnessGreen\":20,\"sharpnessBlue\":10,\"slotsRank1\":1}'),(177,'Chrome Slicer 2','sword-and-shield',6,'chrome-slicer-2','{\"attack\":252,\"elementType\":\"Sleep\",\"elementDamage\":240,\"elementHidden\":true,\"sharpnessRed\":12,\"sharpnessOrange\":15,\"sharpnessYellow\":5,\"sharpnessGreen\":38,\"sharpnessBlue\":17,\"slotsRank1\":2}'),(178,'Nergal Jack','sword-and-shield',7,'nergal-jack','{\"attack\":280,\"elementType\":\"Dragon\",\"elementDamage\":120,\"elementHidden\":false,\"sharpnessRed\":27,\"sharpnessOrange\":30,\"sharpnessYellow\":10,\"sharpnessGreen\":13,\"sharpnessBlue\":20,\"slotsRank1\":1}'),(179,'Eradication Vanguard','sword-and-shield',8,'eradication-vanguard','{\"attack\":294,\"elementType\":\"Dragon\",\"elementDamage\":150,\"elementHidden\":false,\"sharpnessRed\":22,\"sharpnessOrange\":30,\"sharpnessYellow\":10,\"sharpnessGreen\":13,\"sharpnessBlue\":25,\"slotsRank1\":1}'),(180,'Flame Knife 1','sword-and-shield',4,'flame-knife-1','{\"attack\":182,\"elementType\":\"Fire\",\"elementDamage\":120,\"elementHidden\":false,\"sharpnessRed\":15,\"sharpnessOrange\":12,\"sharpnessYellow\":20,\"sharpnessGreen\":15}'),(181,'Flame Knife 2','sword-and-shield',5,'flame-knife-2','{\"attack\":196,\"elementType\":\"Fire\",\"elementDamage\":120,\"elementHidden\":false,\"sharpnessRed\":25,\"sharpnessOrange\":12,\"sharpnessYellow\":20,\"sharpnessGreen\":18,\"slotsRank1\":1}'),(182,'Heat Edge','sword-and-shield',6,'heat-edge','{\"attack\":224,\"elementType\":\"Fire\",\"elementDamage\":150,\"elementHidden\":false,\"sharpnessRed\":22,\"sharpnessOrange\":13,\"sharpnessYellow\":12,\"sharpnessGreen\":20,\"sharpnessBlue\":8,\"slotsRank1\":1}'),(183,'Corona','sword-and-shield',7,'corona','{\"attack\":266,\"elementType\":\"Fire\",\"elementDamage\":180,\"elementHidden\":false,\"sharpnessRed\":22,\"sharpnessOrange\":15,\"sharpnessYellow\":15,\"sharpnessGreen\":25,\"sharpnessBlue\":10,\"slotsRank1\":1}'),(184,'Heavy Bang','sword-and-shield',4,'heavy-bang','{\"attack\":210,\"sharpnessRed\":10,\"sharpnessOrange\":12,\"sharpnessYellow\":20,\"sharpnessGreen\":20}'),(185,'Heavy Bang+','sword-and-shield',6,'heavy-bang+','{\"attack\":252,\"elementType\":\"Thunder\",\"elementDamage\":270,\"elementHidden\":true,\"sharpnessRed\":20,\"sharpnessOrange\":12,\"sharpnessYellow\":13,\"sharpnessGreen\":20,\"sharpnessBlue\":10,\"slotsRank2\":1}'),(186,'Master Bang','sword-and-shield',7,'master-bang','{\"attack\":280,\"elementType\":\"Thunder\",\"elementDamage\":330,\"elementHidden\":true,\"sharpnessRed\":22,\"sharpnessOrange\":30,\"sharpnessYellow\":10,\"sharpnessGreen\":13,\"sharpnessBlue\":12,\"slotsRank3\":1}'),(187,'Aqua Messer 1','sword-and-shield',2,'aqua-messer-1','{\"attack\":140,\"elementType\":\"Water\",\"elementDamage\":90,\"elementHidden\":false,\"sharpnessRed\":17,\"sharpnessOrange\":18,\"sharpnessYellow\":7,\"sharpnessGreen\":8}'),(188,'Aqua Messer 2','sword-and-shield',3,'aqua-messer-2','{\"attack\":168,\"elementType\":\"Water\",\"elementDamage\":120,\"elementHidden\":false,\"sharpnessRed\":20,\"sharpnessOrange\":12,\"sharpnessYellow\":20,\"sharpnessGreen\":10}'),(189,'Aqua Messer 3','sword-and-shield',4,'aqua-messer-3','{\"attack\":196,\"elementType\":\"Water\",\"elementDamage\":150,\"elementHidden\":false,\"sharpnessRed\":17,\"sharpnessOrange\":13,\"sharpnessYellow\":20,\"sharpnessGreen\":12}'),(190,'Rogue Wave 1','sword-and-shield',5,'rogue-wave-1','{\"attack\":210,\"elementType\":\"Water\",\"elementDamage\":180,\"elementHidden\":false,\"sharpnessRed\":25,\"sharpnessOrange\":12,\"sharpnessYellow\":20,\"sharpnessGreen\":18,\"slotsRank2\":1}'),(191,'Rogue Wave 2','sword-and-shield',6,'rogue-wave-2','{\"attack\":224,\"elementType\":\"Water\",\"elementDamage\":210,\"elementHidden\":false,\"sharpnessRed\":25,\"sharpnessOrange\":12,\"sharpnessYellow\":13,\"sharpnessGreen\":20,\"sharpnessBlue\":5,\"slotsRank2\":1}'),(192,'Rogue Wave 3','sword-and-shield',6,'rogue-wave-3','{\"attack\":252,\"elementType\":\"Water\",\"elementDamage\":240,\"elementHidden\":false,\"sharpnessRed\":25,\"sharpnessOrange\":15,\"sharpnessYellow\":15,\"sharpnessGreen\":25,\"sharpnessBlue\":7,\"slotsRank2\":1}'),(193,'Glacial Grace 1','sword-and-shield',4,'glacial-grace-1','{\"attack\":182,\"elementType\":\"Ice\",\"elementDamage\":210,\"elementHidden\":false,\"sharpnessRed\":15,\"sharpnessOrange\":12,\"sharpnessYellow\":20,\"sharpnessGreen\":15}'),(194,'Glacial Grace 2','sword-and-shield',5,'glacial-grace-2','{\"attack\":196,\"elementType\":\"Ice\",\"elementDamage\":240,\"elementHidden\":false,\"sharpnessRed\":25,\"sharpnessOrange\":12,\"sharpnessYellow\":13,\"sharpnessGreen\":20,\"sharpnessBlue\":5,\"slotsRank1\":1}'),(195,'Rimespire','sword-and-shield',6,'rimespire','{\"attack\":210,\"elementType\":\"Ice\",\"elementDamage\":300,\"elementHidden\":false,\"sharpnessRed\":20,\"sharpnessOrange\":12,\"sharpnessYellow\":13,\"sharpnessGreen\":20,\"sharpnessBlue\":10,\"slotsRank1\":1}'),(196,'Legia Rimespire','sword-and-shield',8,'legia-rimespire','{\"attack\":224,\"elementType\":\"Ice\",\"elementDamage\":330,\"elementHidden\":false,\"sharpnessRed\":30,\"sharpnessOrange\":7,\"sharpnessYellow\":15,\"sharpnessGreen\":20,\"sharpnessBlue\":10,\"sharpnessWhite\":5,\"slotsRank1\":1}'),(197,'Princess Rapier','sword-and-shield',3,'princess-rapier','{\"attack\":168,\"elementType\":\"Poison\",\"elementDamage\":150,\"elementHidden\":false,\"sharpnessRed\":15,\"sharpnessOrange\":12,\"sharpnessYellow\":20,\"sharpnessGreen\":15}'),(198,'Queen Rapier','sword-and-shield',5,'queen-rapier','{\"attack\":210,\"elementType\":\"Poison\",\"elementDamage\":180,\"elementHidden\":false,\"sharpnessRed\":27,\"sharpnessOrange\":13,\"sharpnessYellow\":12,\"sharpnessGreen\":20,\"sharpnessBlue\":3,\"slotsRank1\":1}'),(199,'Queen Rose','sword-and-shield',6,'queen-rose','{\"attack\":238,\"elementType\":\"Poison\",\"elementDamage\":210,\"elementHidden\":false,\"sharpnessRed\":25,\"sharpnessOrange\":12,\"sharpnessYellow\":13,\"sharpnessGreen\":20,\"sharpnessBlue\":5,\"slotsRank1\":1}'),(200,'Royal Rose','sword-and-shield',7,'royal-rose','{\"attack\":266,\"elementType\":\"Poison\",\"elementDamage\":240,\"elementHidden\":false,\"sharpnessRed\":22,\"sharpnessOrange\":15,\"sharpnessYellow\":15,\"sharpnessGreen\":25,\"sharpnessBlue\":10,\"slotsRank1\":1}'),(201,'Lumu Knife 1','sword-and-shield',3,'lumu-knife-1','{\"attack\":168,\"sharpnessRed\":17,\"sharpnessOrange\":13,\"sharpnessYellow\":20,\"sharpnessGreen\":12}'),(202,'Lumu Knife 2','sword-and-shield',4,'lumu-knife-2','{\"attack\":182,\"sharpnessRed\":15,\"sharpnessOrange\":12,\"sharpnessYellow\":20,\"sharpnessGreen\":15}'),(203,'Lumu Tabar 1','sword-and-shield',5,'lumu-tabar-1','{\"attack\":210,\"elementType\":\"Blast\",\"elementDamage\":270,\"elementHidden\":true,\"sharpnessRed\":25,\"sharpnessOrange\":12,\"sharpnessYellow\":13,\"sharpnessGreen\":20,\"sharpnessBlue\":5,\"slotsRank1\":2}'),(204,'Lumu Tabar 2','sword-and-shield',6,'lumu-tabar-2','{\"attack\":224,\"elementType\":\"Blast\",\"elementDamage\":300,\"elementHidden\":true,\"sharpnessRed\":22,\"sharpnessOrange\":13,\"sharpnessYellow\":12,\"sharpnessGreen\":20,\"sharpnessBlue\":8,\"slotsRank2\":1,\"slotsRank1\":1}'),(205,'Lumu Tabar 3','sword-and-shield',6,'lumu-tabar-3','{\"attack\":238,\"elementType\":\"Blast\",\"elementDamage\":330,\"elementHidden\":true,\"sharpnessRed\":20,\"sharpnessOrange\":12,\"sharpnessYellow\":15,\"sharpnessGreen\":30,\"sharpnessBlue\":10,\"slotsRank2\":1,\"slotsRank1\":1}'),(206,'Blooming Knife 1','sword-and-shield',2,'blooming-knife-1','{\"attack\":154,\"elementType\":\"Poison\",\"elementDamage\":210,\"elementHidden\":false,\"sharpnessRed\":15,\"sharpnessOrange\":17,\"sharpnessYellow\":8,\"sharpnessGreen\":10}'),(207,'Blooming Knife 2','sword-and-shield',3,'blooming-knife-2','{\"attack\":182,\"elementType\":\"Poison\",\"elementDamage\":240,\"elementHidden\":false,\"sharpnessRed\":15,\"sharpnessOrange\":12,\"sharpnessYellow\":20,\"sharpnessGreen\":15}'),(208,'Blooming Knife 3','sword-and-shield',4,'blooming-knife-3','{\"attack\":196,\"elementType\":\"Poison\",\"elementDamage\":270,\"elementHidden\":false,\"sharpnessRed\":10,\"sharpnessOrange\":12,\"sharpnessYellow\":20,\"sharpnessGreen\":20}'),(209,'Datura Blossom 1','sword-and-shield',5,'datura-blossom-1','{\"attack\":210,\"elementType\":\"Poison\",\"elementDamage\":330,\"elementHidden\":false,\"sharpnessRed\":22,\"sharpnessOrange\":13,\"sharpnessYellow\":12,\"sharpnessGreen\":20,\"sharpnessBlue\":8,\"slotsRank2\":1,\"slotsRank1\":1}'),(210,'Datura Blossom 2','sword-and-shield',6,'datura-blossom-2','{\"attack\":224,\"elementType\":\"Poison\",\"elementDamage\":360,\"elementHidden\":false,\"sharpnessRed\":20,\"sharpnessOrange\":12,\"sharpnessYellow\":13,\"sharpnessGreen\":20,\"sharpnessBlue\":10,\"slotsRank2\":1,\"slotsRank1\":1}'),(211,'Datura Blossom 3','sword-and-shield',6,'datura-blossom-3','{\"attack\":238,\"elementType\":\"Poison\",\"elementDamage\":390,\"elementHidden\":false,\"sharpnessRed\":22,\"sharpnessOrange\":30,\"sharpnessYellow\":10,\"sharpnessGreen\":13,\"sharpnessBlue\":12,\"slotsRank2\":1,\"slotsRank1\":1}'),(212,'Girros Knife 1','sword-and-shield',3,'girros-knife-1','{\"attack\":168,\"elementType\":\"Paralysis\",\"elementDamage\":120,\"elementHidden\":false,\"sharpnessRed\":17,\"sharpnessOrange\":13,\"sharpnessYellow\":20,\"sharpnessGreen\":12}'),(213,'Girros Knife 2','sword-and-shield',4,'girros-knife-2','{\"attack\":182,\"elementType\":\"Paralysis\",\"elementDamage\":150,\"elementHidden\":false,\"sharpnessRed\":12,\"sharpnessOrange\":13,\"sharpnessYellow\":20,\"sharpnessGreen\":17}'),(214,'Malady\'s Tabar 1','sword-and-shield',5,'maladys-tabar-1','{\"attack\":196,\"elementType\":\"Paralysis\",\"elementDamage\":180,\"elementHidden\":false,\"sharpnessRed\":25,\"sharpnessOrange\":12,\"sharpnessYellow\":13,\"sharpnessGreen\":20,\"sharpnessBlue\":5}'),(215,'Malady\'s Tabar 2','sword-and-shield',6,'maladys-tabar-2','{\"attack\":210,\"elementType\":\"Paralysis\",\"elementDamage\":210,\"elementHidden\":false,\"sharpnessRed\":22,\"sharpnessOrange\":13,\"sharpnessYellow\":12,\"sharpnessGreen\":20,\"sharpnessBlue\":8}'),(216,'Malady\'s Tabar 3','sword-and-shield',6,'maladys-tabar-3','{\"attack\":224,\"elementType\":\"Paralysis\",\"elementDamage\":240,\"elementHidden\":false,\"sharpnessRed\":20,\"sharpnessOrange\":12,\"sharpnessYellow\":15,\"sharpnessGreen\":30,\"sharpnessBlue\":10}'),(217,'Bone Kukri 1','sword-and-shield',1,'bone-kukri-1','{\"attack\":140,\"sharpnessRed\":22,\"sharpnessOrange\":15,\"sharpnessYellow\":13}'),(218,'Bone Kukri 2','sword-and-shield',1,'bone-kukri-2','{\"attack\":154,\"sharpnessRed\":20,\"sharpnessOrange\":12,\"sharpnessYellow\":18}'),(219,'Bone Kukri 3','sword-and-shield',2,'bone-kukri-3','{\"attack\":168,\"sharpnessRed\":20,\"sharpnessOrange\":12,\"sharpnessYellow\":13,\"sharpnessGreen\":5}'),(220,'Chief Kukri 1','sword-and-shield',3,'chief-kukri-1','{\"attack\":196,\"sharpnessRed\":27,\"sharpnessOrange\":18,\"sharpnessYellow\":7,\"sharpnessGreen\":10}'),(221,'Chief Kukri 2','sword-and-shield',4,'chief-kukri-2','{\"attack\":210,\"sharpnessRed\":25,\"sharpnessOrange\":17,\"sharpnessYellow\":8,\"sharpnessGreen\":12}'),(222,'Chief Kukri 3','sword-and-shield',5,'chief-kukri-3','{\"attack\":224,\"elementType\":\"Paralysis\",\"elementDamage\":180,\"elementHidden\":true,\"sharpnessRed\":32,\"sharpnessOrange\":18,\"sharpnessYellow\":7,\"sharpnessGreen\":18,\"slotsRank2\":1}'),(223,'Grand Barong 1','sword-and-shield',6,'grand-barong-1','{\"attack\":238,\"elementType\":\"Paralysis\",\"elementDamage\":240,\"elementHidden\":true,\"sharpnessRed\":25,\"sharpnessOrange\":25,\"sharpnessYellow\":10,\"sharpnessGreen\":10,\"sharpnessBlue\":5,\"slotsRank2\":1}'),(224,'Grand Barong 2','sword-and-shield',6,'grand-barong-2','{\"attack\":266,\"elementType\":\"Paralysis\",\"elementDamage\":300,\"elementHidden\":true,\"sharpnessRed\":22,\"sharpnessOrange\":30,\"sharpnessYellow\":10,\"sharpnessGreen\":13,\"sharpnessBlue\":12,\"slotsRank3\":1}'),(225,'Spiked Edge 1','sword-and-shield',3,'spiked-edge-1','{\"attack\":182,\"elementType\":\"Sleep\",\"elementDamage\":120,\"elementHidden\":false,\"sharpnessRed\":30,\"sharpnessOrange\":17,\"sharpnessYellow\":8,\"sharpnessGreen\":7}'),(226,'Spiked Edge 2','sword-and-shield',4,'spiked-edge-2','{\"attack\":196,\"elementType\":\"Sleep\",\"elementDamage\":120,\"elementHidden\":false,\"sharpnessRed\":27,\"sharpnessOrange\":18,\"sharpnessYellow\":7,\"sharpnessGreen\":10}'),(227,'Baan Claw 1','sword-and-shield',5,'baan-claw-1','{\"attack\":238,\"elementType\":\"Sleep\",\"elementDamage\":150,\"elementHidden\":false,\"sharpnessRed\":35,\"sharpnessOrange\":17,\"sharpnessYellow\":8,\"sharpnessGreen\":15}'),(228,'Baan Claw 2','sword-and-shield',6,'baan-claw-2','{\"attack\":252,\"elementType\":\"Sleep\",\"elementDamage\":180,\"elementHidden\":false,\"sharpnessRed\":25,\"sharpnessOrange\":25,\"sharpnessYellow\":10,\"sharpnessGreen\":10,\"sharpnessBlue\":5}'),(229,'Baan Claw 3','sword-and-shield',6,'baan-claw-3','{\"attack\":266,\"elementType\":\"Sleep\",\"elementDamage\":210,\"elementHidden\":false,\"sharpnessRed\":25,\"sharpnessOrange\":30,\"sharpnessYellow\":10,\"sharpnessGreen\":12,\"sharpnessBlue\":10}'),(230,'Jagras Edge 1','sword-and-shield',2,'jagras-edge-1','{\"attack\":168,\"sharpnessRed\":17,\"sharpnessOrange\":13,\"sharpnessYellow\":12,\"sharpnessGreen\":8}'),(231,'Jagras Edge 2','sword-and-shield',3,'jagras-edge-2','{\"attack\":196,\"sharpnessRed\":25,\"sharpnessOrange\":17,\"sharpnessYellow\":8,\"sharpnessGreen\":12}'),(232,'Jagras Edge 3','sword-and-shield',4,'jagras-edge-3','{\"attack\":210,\"sharpnessRed\":20,\"sharpnessOrange\":17,\"sharpnessYellow\":8,\"sharpnessGreen\":17}'),(233,'Jagras Garotte 1','sword-and-shield',5,'jagras-garotte-1','{\"attack\":238,\"elementType\":\"Water\",\"elementDamage\":300,\"elementHidden\":true,\"sharpnessRed\":25,\"sharpnessOrange\":25,\"sharpnessYellow\":10,\"sharpnessGreen\":10,\"sharpnessBlue\":5,\"slotsRank2\":1,\"slotsRank1\":1}'),(234,'Jagras Garotte 2','sword-and-shield',6,'jagras-garotte-2','{\"attack\":252,\"elementType\":\"Water\",\"elementDamage\":330,\"elementHidden\":true,\"sharpnessRed\":22,\"sharpnessOrange\":25,\"sharpnessYellow\":10,\"sharpnessGreen\":10,\"sharpnessBlue\":8,\"slotsRank2\":2}'),(235,'Jagras Garotte 3','sword-and-shield',6,'jagras-garotte-3','{\"attack\":266,\"elementType\":\"Water\",\"elementDamage\":360,\"elementHidden\":true,\"sharpnessRed\":22,\"sharpnessOrange\":30,\"sharpnessYellow\":10,\"sharpnessGreen\":13,\"sharpnessBlue\":12,\"slotsRank3\":1,\"slotsRank2\":1}'),(236,'Thunder Edge 1','sword-and-shield',3,'thunder-edge-1','{\"attack\":182,\"elementType\":\"Thunder\",\"elementDamage\":90,\"elementHidden\":false,\"sharpnessRed\":27,\"sharpnessOrange\":18,\"sharpnessYellow\":7,\"sharpnessGreen\":10}'),(237,'Thunder Edge 2','sword-and-shield',4,'thunder-edge-2','{\"attack\":210,\"elementType\":\"Thunder\",\"elementDamage\":120,\"elementHidden\":false,\"sharpnessRed\":25,\"sharpnessOrange\":17,\"sharpnessYellow\":8,\"sharpnessGreen\":12}'),(238,'Lightning Nemesis 1','sword-and-shield',5,'lightning-nemesis-1','{\"attack\":224,\"elementType\":\"Thunder\",\"elementDamage\":150,\"elementHidden\":false,\"sharpnessRed\":35,\"sharpnessOrange\":17,\"sharpnessYellow\":8,\"sharpnessGreen\":15,\"slotsRank2\":1}'),(239,'Lightning Nemesis 2','sword-and-shield',6,'lightning-nemesis-2','{\"attack\":252,\"elementType\":\"Thunder\",\"elementDamage\":180,\"elementHidden\":false,\"sharpnessRed\":25,\"sharpnessOrange\":25,\"sharpnessYellow\":10,\"sharpnessGreen\":10,\"sharpnessBlue\":5,\"slotsRank2\":1}'),(240,'Lightning Nemesis 3','sword-and-shield',6,'lightning-nemesis-3','{\"attack\":266,\"elementType\":\"Thunder\",\"elementDamage\":210,\"elementHidden\":false,\"sharpnessRed\":25,\"sharpnessOrange\":30,\"sharpnessYellow\":10,\"sharpnessGreen\":12,\"sharpnessBlue\":10,\"slotsRank2\":1}'),(241,'Carapace Edge 1','sword-and-shield',2,'carapace-edge-1','{\"attack\":182,\"sharpnessRed\":20,\"sharpnessOrange\":12,\"sharpnessYellow\":13,\"sharpnessGreen\":5}'),(242,'Carapace Edge 2','sword-and-shield',3,'carapace-edge-2','{\"attack\":196,\"sharpnessRed\":30,\"sharpnessOrange\":17,\"sharpnessYellow\":8,\"sharpnessGreen\":7}'),(243,'Carapace Edge 3','sword-and-shield',4,'carapace-edge-3','{\"attack\":224,\"sharpnessRed\":27,\"sharpnessOrange\":18,\"sharpnessYellow\":7,\"sharpnessGreen\":10}'),(244,'Barroth Club 1','sword-and-shield',5,'barroth-club-1','{\"attack\":252,\"elementType\":\"Paralysis\",\"elementDamage\":120,\"elementHidden\":true,\"sharpnessRed\":35,\"sharpnessOrange\":17,\"sharpnessYellow\":8,\"sharpnessGreen\":15,\"slotsRank1\":1}'),(245,'Barroth Club 2','sword-and-shield',6,'barroth-club-2','{\"attack\":266,\"elementType\":\"Paralysis\",\"elementDamage\":150,\"elementHidden\":true,\"sharpnessRed\":27,\"sharpnessOrange\":25,\"sharpnessYellow\":10,\"sharpnessGreen\":10,\"sharpnessBlue\":3,\"slotsRank1\":2}'),(246,'Barroth Club 3','sword-and-shield',6,'barroth-club-3','{\"attack\":294,\"elementType\":\"Paralysis\",\"elementDamage\":180,\"elementHidden\":true,\"sharpnessRed\":25,\"sharpnessOrange\":30,\"sharpnessYellow\":10,\"sharpnessGreen\":12,\"sharpnessBlue\":10,\"slotsRank1\":2}'),(247,'Blazing Edge 1','sword-and-shield',3,'blazing-edge-1','{\"attack\":196,\"elementType\":\"Fire\",\"elementDamage\":150,\"elementHidden\":false,\"affinity\":\"-20%\",\"sharpnessRed\":30,\"sharpnessOrange\":17,\"sharpnessYellow\":8,\"sharpnessGreen\":7}'),(248,'Blazing Edge 2','sword-and-shield',4,'blazing-edge-2','{\"attack\":224,\"elementType\":\"Fire\",\"elementDamage\":180,\"elementHidden\":false,\"affinity\":\"-20%\",\"sharpnessRed\":25,\"sharpnessOrange\":17,\"sharpnessYellow\":8,\"sharpnessGreen\":12}'),(249,'Flammensucher','sword-and-shield',5,'flammensucher','{\"attack\":266,\"elementType\":\"Fire\",\"elementDamage\":210,\"elementHidden\":false,\"affinity\":\"-20%\",\"sharpnessRed\":25,\"sharpnessOrange\":25,\"sharpnessYellow\":10,\"sharpnessGreen\":10,\"sharpnessBlue\":5}'),(250,'Gnashing Flammensucher','sword-and-shield',7,'gnashing-flammensucher','{\"attack\":294,\"elementType\":\"Fire\",\"elementDamage\":240,\"elementHidden\":false,\"affinity\":\"-20%\",\"sharpnessRed\":25,\"sharpnessOrange\":30,\"sharpnessYellow\":10,\"sharpnessGreen\":12,\"sharpnessBlue\":10}'),(251,'Dragonbone Sword 1','sword-and-shield',3,'dragonbone-sword-1','{\"attack\":140,\"elementType\":\"Dragon\",\"elementDamage\":270,\"elementHidden\":false,\"sharpnessRed\":27,\"sharpnessOrange\":18,\"sharpnessYellow\":7,\"sharpnessGreen\":10}'),(252,'Dragonbone Sword 2','sword-and-shield',4,'dragonbone-sword-2','{\"attack\":154,\"elementType\":\"Dragon\",\"elementDamage\":330,\"elementHidden\":false,\"sharpnessRed\":17,\"sharpnessOrange\":18,\"sharpnessYellow\":7,\"sharpnessGreen\":20}'),(253,'Dragonbone Sword 3','sword-and-shield',6,'dragonbone-sword-3','{\"attack\":196,\"elementType\":\"Dragon\",\"elementDamage\":450,\"elementHidden\":false,\"sharpnessRed\":37,\"sharpnessOrange\":25,\"sharpnessYellow\":8,\"sharpnessGreen\":7,\"sharpnessBlue\":10,\"slotsRank1\":1}'),(254,'Fulminator','sword-and-shield',4,'fulminator','{\"attack\":154,\"elementType\":\"Thunder\",\"elementDamage\":270,\"elementHidden\":false,\"sharpnessRed\":10,\"sharpnessOrange\":12,\"sharpnessYellow\":20,\"sharpnessGreen\":20}'),(255,'Thunderbolt Sword 1','sword-and-shield',6,'thunderbolt-sword-1','{\"attack\":210,\"elementType\":\"Thunder\",\"elementDamage\":300,\"elementHidden\":false,\"sharpnessRed\":27,\"sharpnessOrange\":5,\"sharpnessYellow\":5,\"sharpnessGreen\":38,\"sharpnessBlue\":12}'),(256,'Thunderbolt Sword 2','sword-and-shield',7,'thunderbolt-sword-2','{\"attack\":224,\"elementType\":\"Thunder\",\"elementDamage\":360,\"elementHidden\":false,\"sharpnessRed\":27,\"sharpnessOrange\":5,\"sharpnessYellow\":5,\"sharpnessGreen\":33,\"sharpnessBlue\":17}'),(257,'Blacksteel Sword 1','sword-and-shield',5,'blacksteel-sword-1','{\"attack\":140,\"elementType\":\"Dragon\",\"elementDamage\":120,\"elementHidden\":false,\"sharpnessRed\":37,\"sharpnessOrange\":28,\"sharpnessYellow\":10}'),(258,'Blacksteel Sword 2','sword-and-shield',6,'blacksteel-sword-2','{\"attack\":154,\"elementType\":\"Dragon\",\"elementDamage\":150,\"elementHidden\":false,\"sharpnessRed\":35,\"sharpnessOrange\":27,\"sharpnessYellow\":10,\"sharpnessGreen\":3}'),(259,'Teostra\'s Spada','sword-and-shield',7,'teostras-spada','{\"attack\":252,\"elementType\":\"Blast\",\"elementDamage\":210,\"elementHidden\":false,\"sharpnessRed\":25,\"sharpnessOrange\":15,\"sharpnessYellow\":15,\"sharpnessGreen\":25,\"sharpnessBlue\":7}'),(260,'Teostra\'s Emblem','sword-and-shield',8,'teostras-emblem','{\"attack\":266,\"elementType\":\"Blast\",\"elementDamage\":240,\"elementHidden\":false,\"sharpnessRed\":17,\"sharpnessOrange\":13,\"sharpnessYellow\":15,\"sharpnessGreen\":30,\"sharpnessBlue\":12}'),(261,'Xeno Mabura','sword-and-shield',8,'xeno-mabura','{\"attack\":238,\"elementType\":\"Dragon\",\"elementDamage\":270,\"elementHidden\":false,\"sharpnessRed\":32,\"sharpnessOrange\":8,\"sharpnessYellow\":15,\"sharpnessGreen\":20,\"sharpnessBlue\":10,\"sharpnessWhite\":2,\"slotsRank3\":2}'),(262,'Matched Slicers 1','dual-blades',1,'matched-slicers-1','{\"attack\":112,\"sharpnessRed\":22,\"sharpnessOrange\":13,\"sharpnessYellow\":15}'),(263,'Matched Slicers 2','dual-blades',1,'matched-slicers-2','{\"attack\":126,\"sharpnessRed\":17,\"sharpnessOrange\":18,\"sharpnessYellow\":7,\"sharpnessGreen\":8}'),(264,'Matched Slicers 3','dual-blades',2,'matched-slicers-3','{\"attack\":140,\"sharpnessRed\":12,\"sharpnessOrange\":18,\"sharpnessYellow\":7,\"sharpnessGreen\":13}'),(265,'Dual Slicers 1','dual-blades',3,'dual-slicers-1','{\"attack\":154,\"sharpnessRed\":15,\"sharpnessOrange\":12,\"sharpnessYellow\":20,\"sharpnessGreen\":15}'),(266,'Dual Slicers 2','dual-blades',4,'dual-slicers-2','{\"attack\":182,\"sharpnessRed\":12,\"sharpnessOrange\":13,\"sharpnessYellow\":20,\"sharpnessGreen\":17}'),(267,'Dual Slicers 3','dual-blades',5,'dual-slicers-3','{\"attack\":196,\"elementType\":\"Poison\",\"elementDamage\":210,\"elementHidden\":true,\"sharpnessRed\":22,\"sharpnessOrange\":13,\"sharpnessYellow\":12,\"sharpnessGreen\":20,\"sharpnessBlue\":8,\"slotsRank1\":1}'),(268,'Chrome Slicers 1','dual-blades',6,'chrome-slicers-1','{\"attack\":224,\"elementType\":\"Poison\",\"elementDamage\":240,\"elementHidden\":true,\"sharpnessRed\":20,\"sharpnessOrange\":12,\"sharpnessYellow\":13,\"sharpnessGreen\":20,\"sharpnessBlue\":10,\"slotsRank1\":1}'),(269,'Chrome Slicers 2','dual-blades',6,'chrome-slicers-2','{\"attack\":252,\"elementType\":\"Poison\",\"elementDamage\":270,\"elementHidden\":true,\"sharpnessRed\":15,\"sharpnessOrange\":15,\"sharpnessYellow\":5,\"sharpnessGreen\":37,\"sharpnessBlue\":15,\"slotsRank1\":2}'),(270,'Nergal Gouge','dual-blades',7,'nergal-gouge','{\"attack\":280,\"elementType\":\"Dragon\",\"elementDamage\":90,\"elementHidden\":false,\"sharpnessRed\":27,\"sharpnessOrange\":30,\"sharpnessYellow\":10,\"sharpnessGreen\":13,\"sharpnessBlue\":20,\"slotsRank1\":1}'),(271,'Decimation Claws','dual-blades',8,'decimation-claws','{\"attack\":294,\"elementType\":\"Dragon\",\"elementDamage\":120,\"elementHidden\":false,\"sharpnessRed\":22,\"sharpnessOrange\":30,\"sharpnessYellow\":10,\"sharpnessGreen\":13,\"sharpnessBlue\":25,\"slotsRank1\":1}'),(272,'Luminous Daggers 1','dual-blades',3,'luminous-daggers-1','{\"attack\":168,\"sharpnessRed\":17,\"sharpnessOrange\":13,\"sharpnessYellow\":20,\"sharpnessGreen\":12}'),(273,'Luminous Daggers 2','dual-blades',4,'luminous-daggers-2','{\"attack\":196,\"sharpnessRed\":15,\"sharpnessOrange\":12,\"sharpnessYellow\":20,\"sharpnessGreen\":15}'),(274,'Dual Destroyers 1','dual-blades',5,'dual-destroyers-1','{\"attack\":224,\"elementType\":\"Thunder\",\"elementDamage\":120,\"elementHidden\":true,\"sharpnessRed\":25,\"sharpnessOrange\":12,\"sharpnessYellow\":13,\"sharpnessGreen\":20,\"sharpnessBlue\":5,\"slotsRank1\":1}'),(275,'Dual Destroyers 2','dual-blades',6,'dual-destroyers-2','{\"attack\":238,\"elementType\":\"Thunder\",\"elementDamage\":150,\"elementHidden\":true,\"sharpnessRed\":22,\"sharpnessOrange\":13,\"sharpnessYellow\":12,\"sharpnessGreen\":20,\"sharpnessBlue\":8,\"slotsRank2\":1}'),(276,'Dual Destroyers 3','dual-blades',6,'dual-destroyers-3','{\"attack\":252,\"elementType\":\"Thunder\",\"elementDamage\":210,\"elementHidden\":true,\"sharpnessRed\":20,\"sharpnessOrange\":12,\"sharpnessYellow\":15,\"sharpnessGreen\":30,\"sharpnessBlue\":10,\"slotsRank3\":1}'),(277,'Rookslayer Handaxes','dual-blades',6,'rookslayer-handaxes','{\"attack\":252,\"elementType\":\"Blast\",\"elementDamage\":120,\"elementHidden\":false,\"affinity\":\"-10%\",\"sharpnessRed\":25,\"sharpnessOrange\":12,\"sharpnessYellow\":13,\"sharpnessGreen\":20,\"sharpnessBlue\":5,\"slotsRank1\":1}'),(278,'Bazelhawk Rookslayer','dual-blades',8,'bazelhawk-rookslayer','{\"attack\":280,\"elementType\":\"Blast\",\"elementDamage\":150,\"elementHidden\":false,\"affinity\":\"-10%\",\"sharpnessRed\":15,\"sharpnessOrange\":30,\"sharpnessYellow\":20,\"sharpnessGreen\":15,\"sharpnessBlue\":7,\"slotsRank1\":1}'),(279,'Freeze Daggers 1','dual-blades',4,'freeze-daggers-1','{\"attack\":182,\"elementType\":\"Ice\",\"elementDamage\":60,\"elementHidden\":false,\"sharpnessRed\":12,\"sharpnessOrange\":13,\"sharpnessYellow\":20,\"sharpnessGreen\":17}'),(280,'Freeze Daggers 2','dual-blades',5,'freeze-daggers-2','{\"attack\":210,\"elementType\":\"Ice\",\"elementDamage\":60,\"elementHidden\":false,\"sharpnessRed\":25,\"sharpnessOrange\":12,\"sharpnessYellow\":13,\"sharpnessGreen\":20,\"sharpnessBlue\":5,\"slotsRank2\":1}'),(281,'Freeze Chain 1','dual-blades',6,'freeze-chain-1','{\"attack\":238,\"elementType\":\"Ice\",\"elementDamage\":120,\"elementHidden\":false,\"sharpnessRed\":22,\"sharpnessOrange\":13,\"sharpnessYellow\":12,\"sharpnessGreen\":20,\"sharpnessBlue\":8,\"slotsRank2\":1}'),(282,'Freeze Chain 2','dual-blades',6,'freeze-chain-2','{\"attack\":252,\"elementType\":\"Ice\",\"elementDamage\":150,\"elementHidden\":false,\"sharpnessRed\":20,\"sharpnessOrange\":12,\"sharpnessYellow\":15,\"sharpnessGreen\":30,\"sharpnessBlue\":10,\"slotsRank2\":1}'),(283,'Rending Beaks 1','dual-blades',2,'rending-beaks-1','{\"attack\":154,\"sharpnessRed\":15,\"sharpnessOrange\":17,\"sharpnessYellow\":8,\"sharpnessGreen\":10}'),(284,'Rending Beaks 2','dual-blades',3,'rending-beaks-2','{\"attack\":168,\"sharpnessRed\":15,\"sharpnessOrange\":12,\"sharpnessYellow\":20,\"sharpnessGreen\":15}'),(285,'Rending Beaks 3','dual-blades',4,'rending-beaks-3','{\"attack\":182,\"sharpnessRed\":12,\"sharpnessOrange\":13,\"sharpnessYellow\":20,\"sharpnessGreen\":17}'),(286,'Arcanaria 1','dual-blades',5,'arcanaria-1','{\"attack\":210,\"elementType\":\"Sleep\",\"elementDamage\":90,\"elementHidden\":true,\"sharpnessRed\":22,\"sharpnessOrange\":13,\"sharpnessYellow\":12,\"sharpnessGreen\":20,\"sharpnessBlue\":8}'),(287,'Arcanaria 2','dual-blades',6,'arcanaria-2','{\"attack\":224,\"elementType\":\"Sleep\",\"elementDamage\":90,\"elementHidden\":true,\"sharpnessRed\":20,\"sharpnessOrange\":12,\"sharpnessYellow\":13,\"sharpnessGreen\":20,\"sharpnessBlue\":10}'),(288,'Arcanaria 3','dual-blades',6,'arcanaria-3','{\"attack\":238,\"elementType\":\"Sleep\",\"elementDamage\":120,\"elementHidden\":true,\"sharpnessRed\":20,\"sharpnessOrange\":15,\"sharpnessYellow\":15,\"sharpnessGreen\":25,\"sharpnessBlue\":12}'),(289,'Sworn Rapiers','dual-blades',3,'sworn-rapiers','{\"attack\":182,\"elementType\":\"Water\",\"elementDamage\":90,\"elementHidden\":false,\"sharpnessRed\":12,\"sharpnessOrange\":13,\"sharpnessYellow\":20,\"sharpnessGreen\":17}'),(290,'Sworn Rapiers+','dual-blades',5,'sworn-rapiers+','{\"attack\":210,\"elementType\":\"Water\",\"elementDamage\":90,\"elementHidden\":false,\"sharpnessRed\":22,\"sharpnessOrange\":13,\"sharpnessYellow\":12,\"sharpnessGreen\":20,\"sharpnessBlue\":8,\"slotsRank2\":1}'),(291,'Holy Sabers','dual-blades',252,'holy-sabers','{\"attack\":252,\"elementType\":\"Water\",\"elementDamage\":120,\"elementHidden\":false,\"sharpnessRed\":15,\"sharpnessOrange\":12,\"sharpnessYellow\":15,\"sharpnessGreen\":30,\"sharpnessBlue\":15,\"slotsRank3\":1}'),(292,'Bone Hachets 1','dual-blades',1,'bone-hachets-1','{\"attack\":140,\"sharpnessRed\":25,\"sharpnessOrange\":15,\"sharpnessYellow\":10}'),(293,'Bone Hachets 2','dual-blades',1,'bone-hachets-2','{\"attack\":154,\"sharpnessRed\":22,\"sharpnessOrange\":13,\"sharpnessYellow\":15}'),(294,'Bone Hachets 3','dual-blades',2,'bone-hachets-3','{\"attack\":168,\"sharpnessRed\":20,\"sharpnessOrange\":17,\"sharpnessYellow\":8,\"sharpnessGreen\":5}'),(295,'Wild Hachets 1','dual-blades',3,'wild-hachets-1','{\"attack\":196,\"sharpnessRed\":27,\"sharpnessOrange\":18,\"sharpnessYellow\":7,\"sharpnessGreen\":10}'),(296,'Wild Hachets 2','dual-blades',4,'wild-hachets-2','{\"attack\":210,\"sharpnessRed\":22,\"sharpnessOrange\":18,\"sharpnessYellow\":7,\"sharpnessGreen\":15}'),(297,'Wild Hachets 3','dual-blades',5,'wild-hachets-3','{\"attack\":224,\"elementType\":\"Blast\",\"elementDamage\":120,\"elementHidden\":true,\"sharpnessRed\":30,\"sharpnessOrange\":17,\"sharpnessYellow\":8,\"sharpnessGreen\":20,\"slotsRank2\":1}'),(298,'Strong Hatchets 1','dual-blades',6,'strong-hatchets-1','{\"attack\":238,\"elementType\":\"Blast\",\"elementDamage\":150,\"elementHidden\":true,\"sharpnessRed\":15,\"sharpnessOrange\":15,\"sharpnessYellow\":15,\"sharpnessGreen\":25,\"sharpnessBlue\":5,\"slotsRank2\":1}'),(299,'Strong Hatchets 2','dual-blades',6,'strong-hatchets-2','{\"attack\":266,\"elementType\":\"Blast\",\"elementDamage\":180,\"elementHidden\":true,\"sharpnessRed\":27,\"sharpnessOrange\":13,\"sharpnessYellow\":12,\"sharpnessGreen\":20,\"sharpnessBlue\":15,\"slotsRank3\":1}'),(300,'Blazing Hachets 1','dual-blades',3,'blazing-hachets-1','{\"attack\":196,\"elementType\":\"Fire\",\"elementDamage\":90,\"elementHidden\":false,\"affinity\":\"-20%\",\"sharpnessRed\":30,\"sharpnessOrange\":17,\"sharpnessYellow\":8,\"sharpnessGreen\":7}'),(301,'Blazing Hachets 2','dual-blades',4,'blazing-hachets-2','{\"attack\":210,\"elementType\":\"Fire\",\"elementDamage\":120,\"elementHidden\":false,\"affinity\":\"-20%\",\"sharpnessRed\":25,\"sharpnessOrange\":17,\"sharpnessYellow\":8,\"sharpnessGreen\":12}'),(302,'Anja Cyclone 1','dual-blades',5,'anja-cyclone-1','{\"attack\":238,\"elementType\":\"Fire\",\"elementDamage\":150,\"elementHidden\":false,\"affinity\":\"-20%\",\"sharpnessRed\":35,\"sharpnessOrange\":17,\"sharpnessYellow\":8,\"sharpnessGreen\":15}'),(303,'Anja Cyclone 2','dual-blades',6,'anja-cyclone-2','{\"attack\":266,\"elementType\":\"Fire\",\"elementDamage\":180,\"elementHidden\":false,\"affinity\":\"-20%\",\"sharpnessRed\":32,\"sharpnessOrange\":18,\"sharpnessYellow\":7,\"sharpnessGreen\":18}'),(304,'Anja Cyclone 3','dual-blades',7,'anja-cyclone-3','{\"attack\":294,\"elementType\":\"Fire\",\"elementDamage\":210,\"elementHidden\":false,\"affinity\":\"-20%\",\"sharpnessRed\":25,\"sharpnessOrange\":30,\"sharpnessYellow\":10,\"sharpnessGreen\":12,\"sharpnessBlue\":10}'),(305,'Diablos Hachets 1','dual-blades',4,'diablos-hachets-1','{\"attack\":224,\"affinity\":\"-10%\",\"sharpnessRed\":27,\"sharpnessOrange\":18,\"sharpnessYellow\":7,\"sharpnessGreen\":10}'),(306,'Diablos Hachets 2','dual-blades',5,'diablos-hachets-2','{\"attack\":266,\"elementType\":\"Ice\",\"elementDamage\":90,\"elementHidden\":true,\"affinity\":\"-10%\",\"sharpnessRed\":35,\"sharpnessOrange\":17,\"sharpnessYellow\":8,\"sharpnessGreen\":15,\"slotsRank2\":1}'),(307,'Diablos Clubs 1','dual-blades',6,'diablos-clubs-1','{\"attack\":294,\"elementType\":\"Ice\",\"elementDamage\":90,\"elementHidden\":true,\"affinity\":\"-10%\",\"sharpnessRed\":25,\"sharpnessOrange\":25,\"sharpnessYellow\":10,\"sharpnessGreen\":10,\"sharpnessBlue\":5,\"slotsRank2\":1}'),(308,'Diablos Clubs 2','dual-blades',7,'diablos-clubs-2','{\"attack\":322,\"elementType\":\"Ice\",\"elementDamage\":90,\"elementHidden\":true,\"affinity\":\"-10%\",\"sharpnessRed\":22,\"sharpnessOrange\":13,\"sharpnessYellow\":15,\"sharpnessGreen\":30,\"sharpnessBlue\":7,\"slotsRank2\":1}'),(309,'Madness Pangas 1','dual-blades',2,'madness-pangas-1','{\"attack\":154,\"elementType\":\"Water\",\"elementDamage\":90,\"elementHidden\":false,\"sharpnessRed\":20,\"sharpnessOrange\":12,\"sharpnessYellow\":13,\"sharpnessGreen\":5}'),(310,'Madness Pangas 2','dual-blades',3,'madness-pangas-2','{\"attack\":182,\"elementType\":\"Water\",\"elementDamage\":90,\"elementHidden\":false,\"sharpnessRed\":30,\"sharpnessOrange\":17,\"sharpnessYellow\":8,\"sharpnessGreen\":7}'),(311,'Madness Pangas 3','dual-blades',4,'madness-pangas-3','{\"attack\":210,\"elementType\":\"Water\",\"elementDamage\":120,\"elementHidden\":false,\"sharpnessRed\":27,\"sharpnessOrange\":18,\"sharpnessYellow\":7,\"sharpnessGreen\":10}'),(312,'Jyura Hatchets 1','dual-blades',5,'jyura-hatchets-1','{\"attack\":238,\"elementType\":\"Water\",\"elementDamage\":150,\"elementHidden\":false,\"sharpnessRed\":35,\"sharpnessOrange\":17,\"sharpnessYellow\":8,\"sharpnessGreen\":15,\"slotsRank1\":1}'),(313,'Jyura Hatchets 2','dual-blades',6,'jyura-hatchets-2','{\"attack\":252,\"elementType\":\"Water\",\"elementDamage\":180,\"elementHidden\":false,\"sharpnessRed\":25,\"sharpnessOrange\":25,\"sharpnessYellow\":10,\"sharpnessGreen\":10,\"sharpnessBlue\":5,\"slotsRank1\":1}'),(314,'Jyura Hatchets 3','dual-blades',6,'jyura-hatchets-3','{\"attack\":266,\"elementType\":\"Water\",\"elementDamage\":210,\"elementHidden\":false,\"sharpnessRed\":40,\"sharpnessOrange\":25,\"sharpnessYellow\":7,\"sharpnessGreen\":8,\"sharpnessBlue\":7,\"slotsRank1\":1}'),(315,'Lava Cyclone 1','dual-blades',6,'lava-cyclone-1','{\"attack\":252,\"elementType\":\"Fire\",\"elementDamage\":120,\"elementHidden\":false,\"sharpnessRed\":25,\"sharpnessOrange\":25,\"sharpnessYellow\":10,\"sharpnessGreen\":10,\"sharpnessBlue\":5,\"slotsRank2\":2}'),(316,'Lava Cyclone 2','dual-blades',7,'lava-cyclone-2','{\"attack\":252,\"elementType\":\"Fire\",\"elementDamage\":150,\"elementHidden\":false,\"sharpnessRed\":50,\"sharpnessOrange\":17,\"sharpnessYellow\":5,\"sharpnessGreen\":5,\"sharpnessBlue\":10,\"slotsRank2\":2}'),(317,'Taurus Pangas 1','dual-blades',3,'taurus-pangas-1','{\"attack\":168,\"sharpnessRed\":25,\"sharpnessOrange\":17,\"sharpnessYellow\":8,\"sharpnessGreen\":12}'),(318,'Taurus Pangas 2','dual-blades',4,'taurus-pangas-2','{\"attack\":182,\"sharpnessRed\":20,\"sharpnessOrange\":17,\"sharpnessYellow\":8,\"sharpnessGreen\":17}'),(319,'Dark Ripper 1','dual-blades',5,'dark-ripper-1','{\"attack\":196,\"elementType\":\"Paralysis\",\"elementDamage\":90,\"elementHidden\":true,\"sharpnessRed\":22,\"sharpnessOrange\":25,\"sharpnessYellow\":10,\"sharpnessGreen\":10,\"sharpnessBlue\":8,\"slotsRank2\":1}'),(320,'Dark Ripper 2','dual-blades',6,'dark-ripper-2','{\"attack\":210,\"elementType\":\"Paralysis\",\"elementDamage\":90,\"elementHidden\":true,\"sharpnessRed\":20,\"sharpnessOrange\":25,\"sharpnessYellow\":10,\"sharpnessGreen\":10,\"sharpnessBlue\":10,\"slotsRank2\":1}'),(321,'Dark Ripper 3','dual-blades',6,'dark-ripper-3','{\"attack\":224,\"elementType\":\"Paralysis\",\"elementDamage\":90,\"elementHidden\":true,\"sharpnessRed\":27,\"sharpnessOrange\":8,\"sharpnessYellow\":15,\"sharpnessGreen\":20,\"sharpnessBlue\":10,\"sharpnessWhite\":7,\"slotsRank2\":1}'),(322,'Pulsar Hachets 1','dual-blades',2,'pulsar-hachets-1','{\"attack\":154,\"elementType\":\"Thunder\",\"elementDamage\":60,\"elementHidden\":false,\"sharpnessRed\":17,\"sharpnessOrange\":13,\"sharpnessYellow\":12,\"sharpnessGreen\":8}'),(323,'Pulsar Hachets 2','dual-blades',3,'pulsar-hachets-2','{\"attack\":168,\"elementType\":\"Thunder\",\"elementDamage\":60,\"elementHidden\":false,\"sharpnessRed\":25,\"sharpnessOrange\":17,\"sharpnessYellow\":8,\"sharpnessGreen\":12}'),(324,'Pulsar Hachets 3','dual-blades',4,'pulsar-hachets-3','{\"attack\":196,\"elementType\":\"Thunder\",\"elementDamage\":60,\"elementHidden\":false,\"sharpnessRed\":22,\"sharpnessOrange\":18,\"sharpnessYellow\":7,\"sharpnessGreen\":15}'),(325,'Kadachi Claws 1','dual-blades',5,'kadachi-claws-1','{\"attack\":224,\"elementType\":\"Thunder\",\"elementDamage\":90,\"elementHidden\":false,\"sharpnessRed\":25,\"sharpnessOrange\":25,\"sharpnessYellow\":10,\"sharpnessGreen\":10,\"sharpnessBlue\":5,\"slotsRank1\":1}'),(326,'Kadachi Claws 2','dual-blades',6,'kadachi-claws-2','{\"attack\":238,\"elementType\":\"Thunder\",\"elementDamage\":120,\"elementHidden\":false,\"sharpnessRed\":22,\"sharpnessOrange\":25,\"sharpnessYellow\":10,\"sharpnessGreen\":10,\"sharpnessBlue\":8,\"slotsRank1\":1}'),(327,'Kadachi Claws 3','dual-blades',6,'kadachi-claws-3','{\"attack\":252,\"elementType\":\"Thunder\",\"elementDamage\":150,\"elementHidden\":false,\"sharpnessRed\":50,\"sharpnessOrange\":17,\"sharpnessYellow\":5,\"sharpnessGreen\":5,\"sharpnessBlue\":10,\"slotsRank1\":1}'),(328,'Garon Hatchets 1','dual-blades',4,'garon-hatchets-1','{\"attack\":182,\"sharpnessRed\":20,\"sharpnessOrange\":17,\"sharpnessYellow\":8,\"sharpnessGreen\":17}'),(329,'Garon Hatchets 2','dual-blades',5,'garon-hatchets-2','{\"attack\":196,\"elementType\":\"Fire\",\"elementDamage\":180,\"elementHidden\":true,\"sharpnessRed\":22,\"sharpnessOrange\":25,\"sharpnessYellow\":10,\"sharpnessGreen\":10,\"sharpnessBlue\":8}'),(330,'Blood-drinker Chainblade','dual-blades',6,'blood-drinker-chainblade','{\"attack\":210,\"elementType\":\"Fire\",\"elementDamage\":180,\"elementHidden\":true,\"sharpnessRed\":20,\"sharpnessOrange\":25,\"sharpnessYellow\":10,\"sharpnessGreen\":10,\"sharpnessBlue\":10}'),(331,'Sin','dual-blades',8,'sin','{\"attack\":224,\"elementType\":\"Fire\",\"elementDamage\":180,\"elementHidden\":true,\"sharpnessRed\":50,\"sharpnessOrange\":17,\"sharpnessYellow\":5,\"sharpnessGreen\":5,\"sharpnessBlue\":13,\"sharpnessWhite\":10}'),(332,'Dragonbone Twinblades 1','dual-blades',3,'dragonbone-twinblades-1','{\"attack\":140,\"elementType\":\"Dragon\",\"elementDamage\":120,\"elementHidden\":false,\"sharpnessRed\":27,\"sharpnessOrange\":18,\"sharpnessYellow\":7,\"sharpnessGreen\":10}'),(333,'Dragonbone Twinblades 2','dual-blades',4,'dragonbone-twinblades-2','{\"attack\":168,\"elementType\":\"Dragon\",\"elementDamage\":120,\"elementHidden\":false,\"sharpnessRed\":17,\"sharpnessOrange\":18,\"sharpnessYellow\":7,\"sharpnessGreen\":20}'),(334,'Enduring Schism','dual-blades',7,'enduring-schism','{\"attack\":196,\"elementType\":\"Dragon\",\"elementDamage\":270,\"elementHidden\":false,\"sharpnessRed\":27,\"sharpnessOrange\":28,\"sharpnessYellow\":10,\"sharpnessGreen\":10,\"sharpnessBlue\":12,\"slotsRank1\":2}'),(335,'Kirin Bolts','dual-blades',4,'kirin-bolts','{\"attack\":154,\"elementType\":\"Thunder\",\"elementDamage\":210,\"elementHidden\":false,\"sharpnessRed\":17,\"sharpnessOrange\":18,\"sharpnessYellow\":7,\"sharpnessGreen\":20}'),(336,'Kirin Bolts+','dual-blades',7,'kirin-bolts+','{\"attack\":196,\"elementType\":\"Thunder\",\"elementDamage\":240,\"elementHidden\":false,\"sharpnessRed\":27,\"sharpnessOrange\":5,\"sharpnessYellow\":5,\"sharpnessGreen\":35,\"sharpnessBlue\":15}'),(337,'Monarch','dual-blades',8,'monarch','{\"attack\":224,\"elementType\":\"Thunder\",\"elementDamage\":270,\"elementHidden\":false,\"sharpnessRed\":27,\"sharpnessOrange\":5,\"sharpnessYellow\":5,\"sharpnessGreen\":30,\"sharpnessBlue\":20}'),(338,'Magda Ungulae 1','dual-blades',5,'magda-ungulae-1','{\"attack\":224,\"elementType\":\"Blast\",\"elementDamage\":180,\"elementHidden\":false,\"affinity\":\"-20%\",\"sharpnessRed\":27,\"sharpnessOrange\":13,\"sharpnessYellow\":20,\"sharpnessGreen\":15,\"slotsRank2\":1}'),(339,'Magda Ungulae 2','dual-blades',7,'magda-ungulae-2','{\"attack\":308,\"elementType\":\"Blast\",\"elementDamage\":210,\"elementHidden\":false,\"affinity\":\"-20%\",\"sharpnessRed\":45,\"sharpnessOrange\":7,\"sharpnessYellow\":15,\"sharpnessGreen\":20,\"slotsRank2\":1}'),(340,'Blacksteel Twins 1','dual-blades',5,'blacksteel-twins-1','{\"attack\":140,\"elementType\":\"Dragon\",\"elementDamage\":90,\"elementHidden\":false,\"sharpnessRed\":37,\"sharpnessOrange\":28,\"sharpnessYellow\":10}'),(341,'Blacksteel Twins 2','dual-blades',6,'blacksteel-twins-2','{\"attack\":154,\"elementType\":\"Dragon\",\"elementDamage\":120,\"elementHidden\":false,\"sharpnessRed\":35,\"sharpnessOrange\":27,\"sharpnessYellow\":10,\"sharpnessGreen\":3}'),(342,'Twin Nails','dual-blades',7,'twin-nails','{\"attack\":238,\"elementType\":\"Ice\",\"elementDamage\":210,\"elementHidden\":false,\"sharpnessRed\":25,\"sharpnessOrange\":15,\"sharpnessYellow\":20,\"sharpnessGreen\":20,\"sharpnessBlue\":7,\"slotsRank2\":1}'),(343,'Fire and Ice','dual-blades',8,'fire-and-ice','{\"attack\":252,\"elementType\":\"Ice\",\"elementDamage\":240,\"elementHidden\":false,\"sharpnessRed\":15,\"sharpnessOrange\":12,\"sharpnessYellow\":15,\"sharpnessGreen\":30,\"sharpnessBlue\":15,\"slotsRank2\":1}'),(344,'Xeno Raqs','dual-blades',8,'xeno-raqs','{\"attack\":238,\"elementType\":\"Dragon\",\"elementDamage\":150,\"elementHidden\":false,\"sharpnessRed\":30,\"sharpnessOrange\":7,\"sharpnessYellow\":15,\"sharpnessGreen\":20,\"sharpnessBlue\":10,\"sharpnessWhite\":5,\"slotsRank3\":2}'),(345,'Iron Hammer 1','hammer',1,'iron-hammer-1','{\"attack\":416,\"sharpnessRed\":25,\"sharpnessOrange\":12,\"sharpnessYellow\":13}'),(346,'Iron Hammer 2','hammer',1,'iron-hammer-2','{\"attack\":468,\"sharpnessRed\":20,\"sharpnessOrange\":17,\"sharpnessYellow\":8,\"sharpnessGreen\":5}'),(347,'Iron Hammer 3','hammer',2,'iron-hammer-3','{\"attack\":520,\"sharpnessRed\":15,\"sharpnessOrange\":17,\"sharpnessYellow\":8,\"sharpnessGreen\":10}'),(348,'Iron Demon 1','hammer',3,'iron-demon-1','{\"attack\":572,\"sharpnessRed\":17,\"sharpnessOrange\":13,\"sharpnessYellow\":20,\"sharpnessGreen\":12}'),(349,'Iron Demon 2','hammer',4,'iron-demon-2','{\"attack\":676,\"sharpnessRed\":15,\"sharpnessOrange\":12,\"sharpnessYellow\":20,\"sharpnessGreen\":15}'),(350,'Iron Demon 3','hammer',5,'iron-demon-3','{\"attack\":728,\"elementType\":\"Blast\",\"elementDamage\":210,\"elementHidden\":true,\"sharpnessRed\":25,\"sharpnessOrange\":12,\"sharpnessYellow\":13,\"sharpnessGreen\":20,\"sharpnessBlue\":5,\"slotsRank1\":1}'),(351,'Iron Archdemon 1','hammer',6,'iron-archdemon-1','{\"attack\":832,\"elementType\":\"Blast\",\"elementDamage\":240,\"elementHidden\":true,\"sharpnessRed\":22,\"sharpnessOrange\":13,\"sharpnessYellow\":12,\"sharpnessGreen\":20,\"sharpnessBlue\":8,\"slotsRank1\":1}'),(352,'Iron Archdemon 2','hammer',6,'iron-archdemon-2','{\"attack\":936,\"elementType\":\"Blast\",\"elementDamage\":270,\"elementHidden\":true,\"sharpnessRed\":15,\"sharpnessOrange\":15,\"sharpnessYellow\":5,\"sharpnessGreen\":37,\"sharpnessBlue\":15,\"slotsRank1\":2}'),(353,'Nergal Crusher','hammer',7,'nergal-crusher','{\"attack\":1040,\"elementType\":\"Dragon\",\"elementDamage\":90,\"elementHidden\":false,\"sharpnessRed\":30,\"sharpnessOrange\":30,\"sharpnessYellow\":10,\"sharpnessGreen\":12,\"sharpnessBlue\":18,\"slotsRank1\":1}'),(354,'Obliteration\'s Footfall','hammer',8,'obliterations-footfall','{\"attack\":1092,\"elementType\":\"Dragon\",\"elementDamage\":120,\"elementHidden\":false,\"sharpnessRed\":27,\"sharpnessOrange\":30,\"sharpnessYellow\":10,\"sharpnessGreen\":13,\"sharpnessBlue\":20,\"slotsRank1\":1}'),(355,'Frozen Core','hammer',4,'frozen-core','{\"attack\":624,\"elementType\":\"Ice\",\"elementDamage\":270,\"elementHidden\":false,\"sharpnessRed\":12,\"sharpnessOrange\":13,\"sharpnessYellow\":20,\"sharpnessGreen\":17}'),(356,'Frozen Core+','hammer',6,'frozen-core+','{\"attack\":832,\"elementType\":\"Ice\",\"elementDamage\":390,\"elementHidden\":false,\"sharpnessRed\":22,\"sharpnessOrange\":13,\"sharpnessYellow\":12,\"sharpnessGreen\":20,\"sharpnessBlue\":8,\"slotsRank2\":1}'),(357,'Cocytus','hammer',7,'cocytus','{\"attack\":936,\"elementType\":\"Ice\",\"elementDamage\":450,\"elementHidden\":false,\"sharpnessRed\":27,\"sharpnessOrange\":30,\"sharpnessYellow\":10,\"sharpnessGreen\":13,\"sharpnessBlue\":7,\"slotsRank3\":1}'),(358,'Aqua Hammer 1','hammer',2,'aqua-hammer-1','{\"attack\":572,\"elementType\":\"Water\",\"elementDamage\":90,\"elementHidden\":false,\"sharpnessRed\":20,\"sharpnessOrange\":17,\"sharpnessYellow\":8,\"sharpnessGreen\":5}'),(359,'Aqua Hammer 2','hammer',3,'aqua-hammer-2','{\"attack\":624,\"elementType\":\"Water\",\"elementDamage\":120,\"elementHidden\":false,\"sharpnessRed\":22,\"sharpnessOrange\":13,\"sharpnessYellow\":20,\"sharpnessGreen\":7}'),(360,'Aqua Hammer 3','hammer',4,'aqua-hammer-3','{\"attack\":676,\"elementType\":\"Water\",\"elementDamage\":150,\"elementHidden\":false,\"sharpnessRed\":20,\"sharpnessOrange\":12,\"sharpnessYellow\":20,\"sharpnessGreen\":10}'),(361,'Water Basher 1','hammer',5,'water-basher-1','{\"attack\":780,\"elementType\":\"Water\",\"elementDamage\":180,\"elementHidden\":false,\"sharpnessRed\":27,\"sharpnessOrange\":15,\"sharpnessYellow\":20,\"sharpnessGreen\":13,\"slotsRank2\":1}'),(362,'Water Basher 2','hammer',6,'water-basher-2','{\"attack\":832,\"elementType\":\"Water\",\"elementDamage\":210,\"elementHidden\":false,\"sharpnessRed\":25,\"sharpnessOrange\":12,\"sharpnessYellow\":13,\"sharpnessGreen\":20,\"sharpnessBlue\":5,\"slotsRank2\":1}'),(363,'Water Basher 3','hammer',6,'water-basher-3','{\"attack\":936,\"elementType\":\"Water\",\"elementDamage\":240,\"elementHidden\":false,\"sharpnessRed\":22,\"sharpnessOrange\":15,\"sharpnessYellow\":20,\"sharpnessGreen\":20,\"sharpnessBlue\":10,\"slotsRank2\":1}'),(364,'Girros Hammer 1','hammer',3,'girros-hammer-1','{\"attack\":624,\"elementType\":\"Paralysis\",\"elementDamage\":210,\"elementHidden\":false,\"sharpnessRed\":20,\"sharpnessOrange\":12,\"sharpnessYellow\":20,\"sharpnessGreen\":10}'),(365,'Girros Hammer 2','hammer',4,'girros-hammer-2','{\"attack\":676,\"elementType\":\"Paralysis\",\"elementDamage\":270,\"elementHidden\":false,\"sharpnessRed\":17,\"sharpnessOrange\":13,\"sharpnessYellow\":20,\"sharpnessGreen\":12}'),(366,'Malady\'s Fist 1','hammer',5,'maladys-fist-1','{\"attack\":728,\"elementType\":\"Paralysis\",\"elementDamage\":330,\"elementHidden\":false,\"sharpnessRed\":15,\"sharpnessOrange\":12,\"sharpnessYellow\":20,\"sharpnessGreen\":28}'),(367,'Malady\'s Fist 2','hammer',6,'maladys-fist-2','{\"attack\":780,\"elementType\":\"Paralysis\",\"elementDamage\":360,\"elementHidden\":false,\"sharpnessRed\":22,\"sharpnessOrange\":13,\"sharpnessYellow\":12,\"sharpnessGreen\":20,\"sharpnessBlue\":8}'),(368,'Malady\'s Fist 3','hammer',6,'maladys-fist-3','{\"attack\":832,\"elementType\":\"Paralysis\",\"elementDamage\":390,\"elementHidden\":false,\"sharpnessRed\":22,\"sharpnessOrange\":15,\"sharpnessYellow\":15,\"sharpnessGreen\":25,\"sharpnessBlue\":10}'),(369,'Blooming Hammer 1','hammer',2,'blooming-hammer-1','{\"attack\":520,\"elementType\":\"Poison\",\"elementDamage\":300,\"elementHidden\":false,\"sharpnessRed\":17,\"sharpnessOrange\":18,\"sharpnessYellow\":7,\"sharpnessGreen\":8}'),(370,'Blooming Hammer 2','hammer',3,'blooming-hammer-2','{\"attack\":624,\"elementType\":\"Poison\",\"elementDamage\":360,\"elementHidden\":false,\"sharpnessRed\":17,\"sharpnessOrange\":13,\"sharpnessYellow\":20,\"sharpnessGreen\":12}'),(371,'Blooming Hammer 3','hammer',4,'blooming-hammer-3','{\"attack\":728,\"elementType\":\"Poison\",\"elementDamage\":420,\"elementHidden\":false,\"sharpnessRed\":12,\"sharpnessOrange\":13,\"sharpnessYellow\":20,\"sharpnessGreen\":17}'),(372,'Buon Fiore','hammer',5,'buon-fiore','{\"attack\":780,\"elementType\":\"Poison\",\"elementDamage\":480,\"elementHidden\":false,\"sharpnessRed\":25,\"sharpnessOrange\":12,\"sharpnessYellow\":20,\"sharpnessGreen\":18,\"slotsRank1\":2}'),(373,'Buona Flora','hammer',7,'buona-flora','{\"attack\":936,\"elementType\":\"Poison\",\"elementDamage\":540,\"elementHidden\":false,\"sharpnessRed\":25,\"sharpnessOrange\":30,\"sharpnessYellow\":10,\"sharpnessGreen\":12,\"sharpnessBlue\":10,\"slotsRank2\":2}'),(374,'Thunder Hammer 1','hammer',3,'thunder-hammer-1','{\"attack\":676,\"elementType\":\"Thunder\",\"elementDamage\":180,\"elementHidden\":false,\"sharpnessRed\":20,\"sharpnessOrange\":12,\"sharpnessYellow\":20,\"sharpnessGreen\":10}'),(375,'Thunder Hammer 2','hammer',4,'thunder-hammer-2','{\"attack\":780,\"elementType\":\"Thunder\",\"elementDamage\":210,\"elementHidden\":false,\"sharpnessRed\":17,\"sharpnessOrange\":13,\"sharpnessYellow\":20,\"sharpnessGreen\":12}'),(376,'Lightning Bash 1','hammer',5,'lightning-bash-1','{\"attack\":832,\"elementType\":\"Thunder\",\"elementDamage\":832,\"elementHidden\":false,\"sharpnessRed\":27,\"sharpnessOrange\":13,\"sharpnessYellow\":20,\"sharpnessGreen\":15,\"slotsRank2\":1}'),(377,'Lightning Bash 2','hammer',6,'lightning-bash-2','{\"attack\":884,\"elementType\":\"Thunder\",\"elementDamage\":270,\"elementHidden\":false,\"sharpnessRed\":25,\"sharpnessOrange\":25,\"sharpnessYellow\":10,\"sharpnessGreen\":10,\"sharpnessBlue\":5,\"slotsRank2\":1}'),(378,'Lightning Bash 3','hammer',6,'lightning-bash-3','{\"attack\":988,\"elementType\":\"Thunder\",\"elementDamage\":300,\"elementHidden\":false,\"sharpnessRed\":37,\"sharpnessOrange\":25,\"sharpnessYellow\":8,\"sharpnessGreen\":7,\"sharpnessBlue\":10,\"slotsRank2\":1}'),(379,'Bone Bludgeon 1','hammer',1,'bone-bludgeon-1','{\"attack\":520,\"sharpnessRed\":27,\"sharpnessOrange\":15,\"sharpnessYellow\":8}'),(380,'Bone Bludgeon 2','hammer',1,'bone-bludgeon-2','{\"attack\":572,\"sharpnessRed\":22,\"sharpnessOrange\":15,\"sharpnessYellow\":13}'),(381,'Bone Bludgeon 3','hammer',2,'bone-bludgeon-3','{\"attack\":624,\"sharpnessRed\":22,\"sharpnessOrange\":13,\"sharpnessYellow\":12,\"sharpnessGreen\":3}'),(382,'Fossil Bludgeon 1','hammer',3,'fossil-bludgeon-1','{\"attack\":728,\"sharpnessRed\":32,\"sharpnessOrange\":18,\"sharpnessYellow\":7,\"sharpnessGreen\":5}'),(383,'Fossil Bludgeon 2','hammer',4,'fossil-bludgeon-2','{\"attack\":780,\"sharpnessRed\":30,\"sharpnessOrange\":17,\"sharpnessYellow\":8,\"sharpnessGreen\":7}'),(384,'Fossil Bludgeon 3','hammer',5,'fossil-bludgeon-3','{\"attack\":832,\"elementType\":\"Thunder\",\"elementDamage\":360,\"elementHidden\":true,\"sharpnessRed\":27,\"sharpnessOrange\":18,\"sharpnessYellow\":7,\"sharpnessGreen\":23,\"slotsRank2\":1}'),(385,'Grandrock 1','hammer',6,'grandrock-1','{\"attack\":884,\"elementType\":\"Thunder\",\"elementDamage\":390,\"elementHidden\":true,\"sharpnessRed\":27,\"sharpnessOrange\":25,\"sharpnessYellow\":10,\"sharpnessGreen\":10,\"sharpnessBlue\":3,\"slotsRank2\":1}'),(386,'Grandrock 2','hammer',6,'grandrock-2','{\"attack\":988,\"elementType\":\"Thunder\",\"elementDamage\":420,\"elementHidden\":true,\"sharpnessRed\":27,\"sharpnessOrange\":30,\"sharpnessYellow\":10,\"sharpnessGreen\":13,\"sharpnessBlue\":7,\"slotsRank3\":1}'),(387,'Hazak Vlafos','hammer',7,'hazak-vlafos','{\"attack\":988,\"elementType\":\"Dragon\",\"elementDamage\":210,\"elementHidden\":false,\"sharpnessRed\":35,\"sharpnessOrange\":27,\"sharpnessYellow\":10,\"sharpnessGreen\":10,\"sharpnessBlue\":5,\"slotsRank2\":1}'),(388,'Pandemonium\'s Root','hammer',8,'pandemoniums-root','{\"attack\":1040,\"elementType\":\"Dragon\",\"elementDamage\":270,\"elementHidden\":false,\"sharpnessRed\":50,\"sharpnessOrange\":17,\"sharpnessYellow\":5,\"sharpnessGreen\":5,\"sharpnessBlue\":10,\"slotsRank2\":1}'),(389,'Bone Spike 1','hammer',3,'bone-spike-1','{\"attack\":676,\"elementType\":\"Sleep\",\"elementDamage\":150,\"elementHidden\":false,\"sharpnessRed\":30,\"sharpnessOrange\":17,\"sharpnessYellow\":8,\"sharpnessGreen\":7}'),(390,'Bone Spike 2','hammer',4,'bone-spike-2','{\"attack\":728,\"elementType\":\"Sleep\",\"elementDamage\":180,\"elementHidden\":false,\"sharpnessRed\":27,\"sharpnessOrange\":18,\"sharpnessYellow\":7,\"sharpnessGreen\":10}'),(391,'Baan Strike 1','hammer',5,'baan-strike-1','{\"attack\":780,\"elementType\":\"Sleep\",\"elementDamage\":210,\"elementHidden\":false,\"sharpnessRed\":27,\"sharpnessOrange\":25,\"sharpnessYellow\":10,\"sharpnessGreen\":10,\"sharpnessBlue\":3}'),(392,'Baan Strike 2','hammer',6,'baan-strike-2','{\"attack\":884,\"elementType\":\"Sleep\",\"elementDamage\":240,\"elementHidden\":false,\"sharpnessRed\":25,\"sharpnessOrange\":25,\"sharpnessYellow\":10,\"sharpnessGreen\":10,\"sharpnessBlue\":5}'),(393,'Baan Strike 3','hammer',6,'baan-strike-3','{\"attack\":988,\"elementType\":\"Sleep\",\"elementDamage\":270,\"elementHidden\":false,\"sharpnessRed\":27,\"sharpnessOrange\":30,\"sharpnessYellow\":10,\"sharpnessGreen\":13,\"sharpnessBlue\":7}'),(394,'Brazenbreak 1','hammer',6,'brazenbreak-1','{\"attack\":988,\"elementType\":\"Fire\",\"elementDamage\":120,\"elementHidden\":false,\"sharpnessRed\":27,\"sharpnessOrange\":25,\"sharpnessYellow\":10,\"sharpnessGreen\":10,\"sharpnessBlue\":3,\"slotsRank3\":1}'),(395,'Brazenbreak 2','hammer',7,'brazenbreak-2','{\"attack\":1092,\"elementType\":\"Fire\",\"elementDamage\":120,\"elementHidden\":false,\"sharpnessRed\":30,\"sharpnessOrange\":30,\"sharpnessYellow\":10,\"sharpnessGreen\":12,\"sharpnessBlue\":5,\"slotsRank3\":1}'),(396,'Kulu Beak 1','hammer',2,'kulu-beak-1','{\"attack\":624,\"sharpnessRed\":15,\"sharpnessOrange\":17,\"sharpnessYellow\":8,\"sharpnessGreen\":10}'),(397,'Kulu Beak 2','hammer',3,'kulu-beak-2','{\"attack\":676,\"sharpnessRed\":27,\"sharpnessOrange\":18,\"sharpnessYellow\":7,\"sharpnessGreen\":10}'),(398,'Kulu Beak 3','hammer',4,'kulu-beak-3','{\"attack\":728,\"sharpnessRed\":25,\"sharpnessOrange\":17,\"sharpnessYellow\":8,\"sharpnessGreen\":12}'),(399,'Crushing Beak 1','hammer',5,'crushing-beak-1','{\"attack\":780,\"elementType\":\"Sleep\",\"elementDamage\":240,\"elementHidden\":true,\"sharpnessRed\":35,\"sharpnessOrange\":17,\"sharpnessYellow\":8,\"sharpnessGreen\":15}'),(400,'Crushing Beak 2','hammer',6,'crushing-beak-2','{\"attack\":832,\"elementType\":\"Sleep\",\"elementDamage\":300,\"elementHidden\":true,\"sharpnessRed\":32,\"sharpnessOrange\":18,\"sharpnessYellow\":7,\"sharpnessGreen\":18}'),(401,'Crushing Beak 3','hammer',6,'crushing-beak-3','{\"attack\":884,\"elementType\":\"Sleep\",\"elementDamage\":360,\"elementHidden\":true,\"sharpnessRed\":30,\"sharpnessOrange\":27,\"sharpnessYellow\":10,\"sharpnessGreen\":10,\"sharpnessBlue\":10}'),(402,'Diablos Sledge 1','hammer',4,'diablos-sledge-1','{\"attack\":884,\"affinity\":\"-25%\",\"sharpnessRed\":22,\"sharpnessOrange\":18,\"sharpnessYellow\":7,\"sharpnessGreen\":15}'),(403,'Diablos Sledge 2','hammer',5,'diablos-sledge-2','{\"attack\":988,\"elementType\":\"Ice\",\"elementDamage\":120,\"elementHidden\":true,\"affinity\":\"-25%\",\"sharpnessRed\":32,\"sharpnessOrange\":18,\"sharpnessYellow\":7,\"sharpnessGreen\":18,\"slotsRank1\":1}'),(404,'Diablos Shatterer 1','hammer',6,'diablos-shatterer-1','{\"attack\":1092,\"elementType\":\"Ice\",\"elementDamage\":150,\"elementHidden\":true,\"affinity\":\"-25%\",\"sharpnessRed\":30,\"sharpnessOrange\":17,\"sharpnessYellow\":8,\"sharpnessGreen\":20,\"slotsRank2\":1}'),(405,'Diablos Shatterer 2','hammer',7,'diablos-shatterer-2','{\"attack\":1196,\"elementType\":\"Ice\",\"elementDamage\":150,\"elementHidden\":true,\"affinity\":\"-25%\",\"sharpnessRed\":25,\"sharpnessOrange\":12,\"sharpnessYellow\":15,\"sharpnessGreen\":30,\"sharpnessBlue\":5,\"slotsRank2\":1}'),(406,'Carapace Sledge 1','hammer',2,'carapace-sledge-1','{\"attack\":676,\"affinity\":\"-10%\",\"sharpnessRed\":17,\"sharpnessOrange\":13,\"sharpnessYellow\":12,\"sharpnessGreen\":8}'),(407,'Carapace Sledge 2','hammer',3,'carapace-sledge-2','{\"attack\":728,\"affinity\":\"-10%\",\"sharpnessRed\":27,\"sharpnessOrange\":18,\"sharpnessYellow\":7,\"sharpnessGreen\":10}'),(408,'Carapace Sledge 3','hammer',4,'carapace-sledge-3','{\"attack\":832,\"affinity\":\"-10%\",\"sharpnessRed\":25,\"sharpnessOrange\":17,\"sharpnessYellow\":8,\"sharpnessGreen\":12}'),(409,'Barroth Breaker 1','hammer',5,'barroth-breaker-1','{\"attack\":936,\"elementType\":\"Paralysis\",\"elementDamage\":270,\"elementHidden\":true,\"affinity\":\"-10%\",\"sharpnessRed\":32,\"sharpnessOrange\":18,\"sharpnessYellow\":7,\"sharpnessGreen\":18,\"slotsRank1\":1}'),(410,'Barroth Breaker 2','hammer',6,'barroth-breaker-2','{\"attack\":988,\"elementType\":\"Paralysis\",\"elementDamage\":330,\"elementHidden\":true,\"affinity\":\"-10%\",\"sharpnessRed\":27,\"sharpnessOrange\":18,\"sharpnessYellow\":7,\"sharpnessGreen\":23,\"slotsRank1\":2}'),(411,'Barroth Breaker 3','hammer',6,'barroth-breaker-3','{\"attack\":1040,\"elementType\":\"Paralysis\",\"elementDamage\":390,\"elementHidden\":true,\"affinity\":\"-10%\",\"sharpnessRed\":27,\"sharpnessOrange\":30,\"sharpnessYellow\":10,\"sharpnessGreen\":13,\"sharpnessBlue\":7,\"slotsRank2\":1,\"slotsRank1\":1}'),(412,'Blazing Hammer 1','hammer',3,'blazing-hammer-1','{\"attack\":780,\"elementType\":\"Fire\",\"elementDamage\":210,\"elementHidden\":false,\"affinity\":\"-20%\",\"sharpnessRed\":30,\"sharpnessOrange\":17,\"sharpnessYellow\":8,\"sharpnessGreen\":7}'),(413,'Blazing Hammer 2','hammer',4,'blazing-hammer-2','{\"attack\":832,\"elementType\":\"Fire\",\"elementDamage\":270,\"elementHidden\":false,\"affinity\":\"-20%\",\"sharpnessRed\":27,\"sharpnessOrange\":18,\"sharpnessYellow\":7,\"sharpnessGreen\":10}'),(414,'Anja Striker 1','hammer',5,'anja-striker-1','{\"attack\":884,\"elementType\":\"Fire\",\"elementDamage\":330,\"elementHidden\":false,\"affinity\":\"-20%\",\"sharpnessRed\":27,\"sharpnessOrange\":15,\"sharpnessYellow\":20,\"sharpnessGreen\":13}'),(415,'Anja Striker 2','hammer',6,'anja-striker-2','{\"attack\":988,\"elementType\":\"Fire\",\"elementDamage\":360,\"elementHidden\":false,\"affinity\":\"-20%\",\"sharpnessRed\":27,\"sharpnessOrange\":25,\"sharpnessYellow\":10,\"sharpnessGreen\":10,\"sharpnessBlue\":3}'),(416,'Anja Striker 3','hammer',6,'anja-striker-3','{\"attack\":1092,\"elementType\":\"Fire\",\"elementDamage\":390,\"elementHidden\":false,\"affinity\":\"-20%\",\"sharpnessRed\":30,\"sharpnessOrange\":30,\"sharpnessYellow\":10,\"sharpnessGreen\":12,\"sharpnessBlue\":5}'),(417,'Dragonbone Basher 1','hammer',3,'dragonbone-basher-1','{\"attack\":520,\"elementType\":\"Dragon\",\"elementDamage\":300,\"elementHidden\":false,\"sharpnessRed\":27,\"sharpnessOrange\":18,\"sharpnessYellow\":7,\"sharpnessGreen\":10}'),(418,'Dragonbone Basher 2','hammer',4,'dragonbone-basher-2','{\"attack\":572,\"elementType\":\"Dragon\",\"elementDamage\":360,\"elementHidden\":false,\"sharpnessRed\":17,\"sharpnessOrange\":18,\"sharpnessYellow\":7,\"sharpnessGreen\":20}'),(419,'Dragonbone Basher 3','hammer',6,'dragonbone-basher-3','{\"attack\":832,\"elementType\":\"Dragon\",\"elementDamage\":420,\"elementHidden\":false,\"sharpnessRed\":30,\"sharpnessOrange\":27,\"sharpnessYellow\":10,\"sharpnessGreen\":10,\"sharpnessBlue\":10}'),(420,'Magda Floga','hammer',5,'magda-floga','{\"attack\":832,\"elementType\":\"Blast\",\"elementDamage\":330,\"elementHidden\":false,\"affinity\":\"-20%\",\"sharpnessRed\":27,\"sharpnessOrange\":13,\"sharpnessYellow\":20,\"sharpnessGreen\":15,\"slotsRank2\":1}'),(421,'Ragefire Magda Floga','hammer',8,'ragefire-magda-floga','{\"attack\":1144,\"elementType\":\"Blast\",\"elementDamage\":420,\"elementHidden\":false,\"affinity\":\"-20%\",\"sharpnessRed\":47,\"sharpnessOrange\":8,\"sharpnessYellow\":15,\"sharpnessGreen\":17,\"slotsRank2\":1}'),(422,'Blacksteel Hammer 1','hammer',5,'blacksteel-hammer-1','{\"attack\":520,\"elementType\":\"Dragon\",\"elementDamage\":120,\"elementHidden\":false,\"sharpnessRed\":37,\"sharpnessOrange\":28,\"sharpnessYellow\":10}'),(423,'Blacksteel Hammer 2','hammer',6,'blacksteel-hammer-2','{\"attack\":572,\"elementType\":\"Dragon\",\"elementDamage\":150,\"elementHidden\":false,\"sharpnessRed\":35,\"sharpnessOrange\":27,\"sharpnessYellow\":10,\"sharpnessGreen\":3}'),(424,'Icesteel Hammer','hammer',7,'icesteel-hammer','{\"attack\":988,\"elementType\":\"Ice\",\"elementDamage\":120,\"elementHidden\":false,\"sharpnessRed\":27,\"sharpnessOrange\":15,\"sharpnessYellow\":20,\"sharpnessGreen\":20,\"sharpnessBlue\":5,\"slotsRank2\":1}'),(425,'Daora\'s Colossus','hammer',8,'daoras-colossus','{\"attack\":1040,\"elementType\":\"Ice\",\"elementDamage\":150,\"elementHidden\":false,\"sharpnessRed\":22,\"sharpnessOrange\":15,\"sharpnessYellow\":20,\"sharpnessGreen\":20,\"sharpnessBlue\":10,\"slotsRank2\":1}'),(426,'Xeno Maph\'agarna','hammer',8,'xeno-maphagarna','{\"attack\":884,\"elementType\":\"Dragon\",\"elementDamage\":180,\"elementHidden\":false,\"sharpnessRed\":32,\"sharpnessOrange\":8,\"sharpnessYellow\":15,\"sharpnessGreen\":20,\"sharpnessBlue\":10,\"sharpnessWhite\":2,\"slotsRank3\":2}'),(427,'Jail Hammer','hammer',6,'jail-hammer','{\"attack\":832,\"elementType\":\"Paralysis\",\"elementDamage\":180,\"elementHidden\":false,\"sharpnessRed\":30,\"sharpnessOrange\":30,\"sharpnessYellow\":10,\"sharpnessGreen\":12,\"sharpnessBlue\":5,\"slotsRank2\":1}'),(428,'Binder Mace','hammer',8,'binder-mace','{\"attack\":936,\"elementType\":\"Paralysis\",\"elementDamage\":210,\"elementHidden\":false,\"sharpnessRed\":40,\"sharpnessOrange\":25,\"sharpnessYellow\":7,\"sharpnessGreen\":8,\"sharpnessBlue\":7,\"slotsRank3\":1}'),(429,'Metal Bagpipe 1','hunting-horn',1,'metal-bagpipe-1','{\"attack\":336,\"sharpnessRed\":25,\"sharpnessOrange\":12,\"sharpnessYellow\":13}'),(430,'Metal Bagpipe 2','hunting-horn',1,'metal-bagpipe-2','{\"attack\":378,\"sharpnessRed\":20,\"sharpnessOrange\":17,\"sharpnessYellow\":8,\"sharpnessGreen\":5}'),(431,'Metal Bagpipe 3','hunting-horn',2,'metal-bagpipe-3','{\"attack\":420,\"sharpnessRed\":15,\"sharpnessOrange\":17,\"sharpnessYellow\":8,\"sharpnessGreen\":10}'),(432,'Great Bagpipe 1','hunting-horn',3,'great-bagpipe-1','{\"attack\":462,\"sharpnessRed\":17,\"sharpnessOrange\":13,\"sharpnessYellow\":20,\"sharpnessGreen\":12}'),(433,'Great Bagpipe 2','hunting-horn',4,'great-bagpipe-2','{\"attack\":546,\"sharpnessRed\":15,\"sharpnessOrange\":12,\"sharpnessYellow\":20,\"sharpnessGreen\":15}'),(434,'Great Bagpipe 3','hunting-horn',5,'great-bagpipe-3','{\"attack\":588,\"elementType\":\"Paralysis\",\"elementDamage\":210,\"elementHidden\":true,\"sharpnessRed\":25,\"sharpnessOrange\":12,\"sharpnessYellow\":13,\"sharpnessGreen\":20,\"sharpnessBlue\":5,\"slotsRank1\":1}'),(435,'Fortissimo 1','hunting-horn',6,'fortissimo-1','{\"attack\":672,\"elementType\":\"Paralysis\",\"elementDamage\":240,\"elementHidden\":true,\"sharpnessRed\":22,\"sharpnessOrange\":13,\"sharpnessYellow\":12,\"sharpnessGreen\":20,\"sharpnessBlue\":8,\"slotsRank1\":1}'),(436,'Fortissimo 2','hunting-horn',6,'fortissimo-2','{\"attack\":756,\"elementType\":\"Paralysis\",\"elementDamage\":270,\"elementHidden\":true,\"sharpnessRed\":15,\"sharpnessOrange\":15,\"sharpnessYellow\":5,\"sharpnessGreen\":37,\"sharpnessBlue\":15,\"slotsRank1\":2}'),(437,'Nergal Groove','hunting-horn',7,'nergal-groove','{\"attack\":840,\"elementType\":\"Dragon\",\"elementDamage\":120,\"elementHidden\":false,\"sharpnessRed\":30,\"sharpnessOrange\":30,\"sharpnessYellow\":10,\"sharpnessGreen\":12,\"sharpnessBlue\":18,\"slotsRank1\":1}'),(438,'Desolation\'s Overture','hunting-horn',8,'desolations-overture','{\"attack\":882,\"elementType\":\"Dragon\",\"elementDamage\":150,\"elementHidden\":false,\"sharpnessRed\":27,\"sharpnessOrange\":30,\"sharpnessYellow\":10,\"sharpnessGreen\":13,\"sharpnessBlue\":20,\"slotsRank1\":1}'),(439,'Thunder Gaida 1','hunting-horn',3,'thunder-gaida-1','{\"attack\":504,\"elementType\":\"Thunder\",\"elementDamage\":120,\"elementHidden\":false,\"sharpnessRed\":20,\"sharpnessOrange\":12,\"sharpnessYellow\":20,\"sharpnessGreen\":10}'),(440,'Thunder Gaida 2','hunting-horn',4,'thunder-gaida-2','{\"attack\":546,\"elementType\":\"Thunder\",\"elementDamage\":150,\"elementHidden\":false,\"sharpnessRed\":17,\"sharpnessOrange\":13,\"sharpnessYellow\":20,\"sharpnessGreen\":12}'),(441,'Lightning Drum 1','hunting-horn',5,'lightning-drum-1','{\"attack\":630,\"elementType\":\"Thunder\",\"elementDamage\":180,\"elementHidden\":false,\"sharpnessRed\":27,\"sharpnessOrange\":13,\"sharpnessYellow\":20,\"sharpnessGreen\":15,\"slotsRank3\":1}'),(442,'Lightning Drum 2','hunting-horn',6,'lightning-drum-2','{\"attack\":714,\"elementType\":\"Thunder\",\"elementDamage\":210,\"elementHidden\":false,\"sharpnessRed\":25,\"sharpnessOrange\":12,\"sharpnessYellow\":13,\"sharpnessGreen\":20,\"sharpnessBlue\":5,\"slotsRank3\":1}'),(443,'Lightning Drum 3','hunting-horn',6,'lightning-drum-3','{\"attack\":756,\"elementType\":\"Thunder\",\"elementDamage\":240,\"elementHidden\":false,\"sharpnessRed\":22,\"sharpnessOrange\":15,\"sharpnessYellow\":20,\"sharpnessGreen\":20,\"sharpnessBlue\":10,\"slotsRank3\":1}'),(444,'Kulu Duda 1','hunting-horn',2,'kulu-duda-1','{\"attack\":420,\"sharpnessRed\":17,\"sharpnessOrange\":18,\"sharpnessYellow\":7,\"sharpnessGreen\":8}'),(445,'Kulu Duda 2','hunting-horn',3,'kulu-duda-2','{\"attack\":504,\"sharpnessRed\":20,\"sharpnessOrange\":12,\"sharpnessYellow\":20,\"sharpnessGreen\":10}'),(446,'Kulu Duda 3','hunting-horn',4,'kulu-duda-3','{\"attack\":588,\"sharpnessRed\":17,\"sharpnessOrange\":13,\"sharpnessYellow\":20,\"sharpnessGreen\":12}'),(447,'Dancing Davul 1','hunting-horn',5,'dancing-davul-1','{\"attack\":630,\"elementType\":\"Sleep\",\"elementDamage\":240,\"elementHidden\":true,\"sharpnessRed\":27,\"sharpnessOrange\":13,\"sharpnessYellow\":20,\"sharpnessGreen\":15}'),(448,'Dancing Davul 2','hunting-horn',6,'dancing-davul-2','{\"attack\":672,\"elementType\":\"Sleep\",\"elementDamage\":300,\"elementHidden\":true,\"sharpnessRed\":25,\"sharpnessOrange\":12,\"sharpnessYellow\":13,\"sharpnessGreen\":20,\"sharpnessBlue\":5}'),(449,'Dancing Davul 3','hunting-horn',6,'dancing-davul-3','{\"attack\":714,\"elementType\":\"Sleep\",\"elementDamage\":360,\"elementHidden\":true,\"sharpnessRed\":22,\"sharpnessOrange\":15,\"sharpnessYellow\":20,\"sharpnessGreen\":20,\"sharpnessBlue\":10}'),(450,'Valkyrie Chordmaker','hunting-horn',3,'valkyrie-chordmaker','{\"attack\":462,\"elementType\":\"Fire\",\"elementDamage\":150,\"elementHidden\":false,\"sharpnessRed\":15,\"sharpnessOrange\":12,\"sharpnessYellow\":20,\"sharpnessGreen\":15}'),(451,'Queen Chordmaker','hunting-horn',5,'queen-chordmaker','{\"attack\":630,\"elementType\":\"Fire\",\"elementDamage\":180,\"elementHidden\":false,\"sharpnessRed\":25,\"sharpnessOrange\":12,\"sharpnessYellow\":13,\"sharpnessGreen\":20,\"sharpnessBlue\":5,\"slotsRank2\":1}'),(452,'Coral Chordmaker','hunting-horn',6,'coral-chordmaker','{\"attack\":714,\"elementType\":\"Fire\",\"elementDamage\":210,\"elementHidden\":false,\"sharpnessRed\":20,\"sharpnessOrange\":12,\"sharpnessYellow\":13,\"sharpnessGreen\":20,\"sharpnessBlue\":10,\"slotsRank2\":1}'),(453,'Royal Chordmaker','hunting-horn',7,'royal-chordmaker','{\"attack\":798,\"elementType\":\"Fire\",\"elementDamage\":240,\"elementHidden\":false,\"sharpnessRed\":17,\"sharpnessOrange\":13,\"sharpnessYellow\":15,\"sharpnessGreen\":30,\"sharpnessBlue\":12,\"slotsRank2\":1}'),(454,'Aqua Bagpipe 1','hunting-horn',2,'aqua-bagpipe-1','{\"attack\":420,\"elementType\":\"Water\",\"elementDamage\":120,\"elementHidden\":false,\"sharpnessRed\":15,\"sharpnessOrange\":17,\"sharpnessYellow\":8,\"sharpnessGreen\":10}'),(455,'Aqua Bagpipe 2','hunting-horn',3,'aqua-bagpipe-2','{\"attack\":504,\"elementType\":\"Water\",\"elementDamage\":150,\"elementHidden\":false,\"sharpnessRed\":17,\"sharpnessOrange\":13,\"sharpnessYellow\":20,\"sharpnessGreen\":12}'),(456,'Aqua Bagpipe 3','hunting-horn',4,'aqua-bagpipe-3','{\"attack\":546,\"elementType\":\"Water\",\"elementDamage\":180,\"elementHidden\":false,\"sharpnessRed\":15,\"sharpnessOrange\":12,\"sharpnessYellow\":20,\"sharpnessGreen\":15}'),(457,'Water Tamtam 1','hunting-horn',5,'water-tamtam-1','{\"attack\":588,\"elementType\":\"Water\",\"elementDamage\":210,\"elementHidden\":false,\"sharpnessRed\":25,\"sharpnessOrange\":12,\"sharpnessYellow\":20,\"sharpnessGreen\":18,\"slotsRank2\":1}'),(458,'Water Tamtam 2','hunting-horn',6,'water-tamtam-2','{\"attack\":672,\"elementType\":\"Water\",\"elementDamage\":240,\"elementHidden\":false,\"sharpnessRed\":22,\"sharpnessOrange\":13,\"sharpnessYellow\":12,\"sharpnessGreen\":20,\"sharpnessBlue\":8,\"slotsRank2\":1}'),(459,'Water Tamtam 3','hunting-horn',6,'water-tamtam-3','{\"attack\":756,\"elementType\":\"Water\",\"elementDamage\":270,\"elementHidden\":false,\"sharpnessRed\":22,\"sharpnessOrange\":15,\"sharpnessYellow\":20,\"sharpnessGreen\":20,\"sharpnessBlue\":10,\"slotsRank2\":1}'),(460,'Glacial Bagpipe 1','hunting-horn',4,'glacial-bagpipe-1','{\"attack\":546,\"elementType\":\"Ice\",\"elementDamage\":240,\"elementHidden\":false,\"sharpnessRed\":12,\"sharpnessOrange\":13,\"sharpnessYellow\":20,\"sharpnessGreen\":17}'),(461,'Glacial Bagpipe 2','hunting-horn',5,'glacial-bagpipe-2','{\"attack\":588,\"elementType\":\"Ice\",\"elementDamage\":300,\"elementHidden\":false,\"sharpnessRed\":27,\"sharpnessOrange\":13,\"sharpnessYellow\":12,\"sharpnessGreen\":20,\"sharpnessBlue\":3}'),(462,'Sectored','hunting-horn',6,'sectored','{\"attack\":630,\"elementType\":\"Ice\",\"elementDamage\":330,\"elementHidden\":false,\"sharpnessRed\":25,\"sharpnessOrange\":12,\"sharpnessYellow\":13,\"sharpnessGreen\":20,\"sharpnessBlue\":5}'),(463,'Legia Sectored','hunting-horn',7,'legia-sectored','{\"attack\":672,\"elementType\":\"Ice\",\"elementDamage\":360,\"elementHidden\":false,\"sharpnessRed\":32,\"sharpnessOrange\":8,\"sharpnessYellow\":15,\"sharpnessGreen\":20,\"sharpnessBlue\":10,\"sharpnessWhite\":2}'),(464,'Bone Horn 1','hunting-horn',1,'bone-horn-1','{\"attack\":420,\"sharpnessRed\":27,\"sharpnessOrange\":15,\"sharpnessYellow\":8}'),(465,'Bone Horn 2','hunting-horn',1,'bone-horn-2','{\"attack\":462,\"sharpnessRed\":22,\"sharpnessOrange\":15,\"sharpnessYellow\":13}'),(466,'Bone Horn 3','hunting-horn',2,'bone-horn-3','{\"attack\":504,\"sharpnessRed\":20,\"sharpnessOrange\":12,\"sharpnessYellow\":13,\"sharpnessGreen\":5}'),(467,'Hard Bone Horn 1','hunting-horn',3,'hard-bone-horn-1','{\"attack\":588,\"sharpnessRed\":30,\"sharpnessOrange\":17,\"sharpnessYellow\":8,\"sharpnessGreen\":7}'),(468,'Hard Bone Horn 2','hunting-horn',4,'hard-bone-horn-2','{\"attack\":630,\"sharpnessRed\":27,\"sharpnessOrange\":18,\"sharpnessYellow\":7,\"sharpnessGreen\":10}'),(469,'Hard Bone Horn 3','hunting-horn',5,'hard-bone-horn-3','{\"attack\":672,\"elementType\":\"Ice\",\"elementDamage\":180,\"elementHidden\":true,\"sharpnessRed\":35,\"sharpnessOrange\":17,\"sharpnessYellow\":8,\"sharpnessGreen\":15,\"slotsRank2\":1}'),(470,'Heavy Bone Horn 1','hunting-horn',6,'heavy-bone-horn-1','{\"attack\":714,\"elementType\":\"Ice\",\"elementDamage\":210,\"elementHidden\":true,\"sharpnessRed\":27,\"sharpnessOrange\":25,\"sharpnessYellow\":10,\"sharpnessGreen\":10,\"sharpnessBlue\":3,\"slotsRank2\":1}'),(471,'Heavy Bone Horn 2','hunting-horn',6,'heavy-bone-horn-2','{\"attack\":798,\"elementType\":\"Ice\",\"elementDamage\":240,\"elementHidden\":true,\"sharpnessRed\":27,\"sharpnessOrange\":30,\"sharpnessYellow\":10,\"sharpnessGreen\":13,\"sharpnessBlue\":7,\"slotsRank3\":1}'),(472,'Gama Horn 1','hunting-horn',6,'gama-horn-1','{\"attack\":756,\"elementType\":\"Blast\",\"elementDamage\":120,\"elementHidden\":false,\"sharpnessRed\":25,\"sharpnessOrange\":25,\"sharpnessYellow\":10,\"sharpnessGreen\":10,\"sharpnessBlue\":5,\"slotsRank2\":1}'),(473,'Gama Horn 2','hunting-horn',7,'gama-horn-2','{\"attack\":798,\"elementType\":\"Blast\",\"elementDamage\":150,\"elementHidden\":false,\"sharpnessRed\":30,\"sharpnessOrange\":27,\"sharpnessYellow\":10,\"sharpnessGreen\":10,\"sharpnessBlue\":10,\"slotsRank2\":1}'),(474,'Blazing Horn 1','hunting-horn',3,'blazing-horn-1','{\"attack\":546,\"elementType\":\"Fire\",\"elementDamage\":210,\"elementHidden\":false,\"affinity\":\"-20%\",\"sharpnessRed\":32,\"sharpnessOrange\":18,\"sharpnessYellow\":7,\"sharpnessGreen\":5}'),(475,'Blazing Horn 2','hunting-horn',4,'blazing-horn-2','{\"attack\":630,\"elementType\":\"Fire\",\"elementDamage\":240,\"elementHidden\":false,\"affinity\":\"-20%\",\"sharpnessRed\":30,\"sharpnessOrange\":17,\"sharpnessYellow\":8,\"sharpnessGreen\":7}'),(476,'Anja Barone 1','hunting-horn',5,'anja-barone-1','{\"attack\":672,\"elementType\":\"Fire\",\"elementDamage\":270,\"elementHidden\":false,\"affinity\":\"-20%\",\"sharpnessRed\":35,\"sharpnessOrange\":17,\"sharpnessYellow\":8,\"sharpnessGreen\":15}'),(477,'Anja Barone 2','hunting-horn',6,'anja-barone-2','{\"attack\":798,\"elementType\":\"Fire\",\"elementDamage\":330,\"elementHidden\":false,\"affinity\":\"-20%\",\"sharpnessRed\":32,\"sharpnessOrange\":18,\"sharpnessYellow\":7,\"sharpnessGreen\":18}'),(478,'Anja Barone 3','hunting-horn',6,'anja-barone-3','{\"attack\":882,\"elementType\":\"Fire\",\"elementDamage\":450,\"elementHidden\":false,\"affinity\":\"-20%\",\"sharpnessRed\":30,\"sharpnessOrange\":30,\"sharpnessYellow\":10,\"sharpnessGreen\":12,\"sharpnessBlue\":5}'),(479,'Blooming Horn 1','hunting-horn',2,'blooming-horn-1','{\"attack\":504,\"elementType\":\"Poison\",\"elementDamage\":240,\"elementHidden\":false,\"sharpnessRed\":17,\"sharpnessOrange\":13,\"sharpnessYellow\":12,\"sharpnessGreen\":8}'),(480,'Blooming Horn 2','hunting-horn',3,'blooming-horn-2','{\"attack\":546,\"elementType\":\"Poison\",\"elementDamage\":300,\"elementHidden\":false,\"sharpnessRed\":27,\"sharpnessOrange\":18,\"sharpnessYellow\":7,\"sharpnessGreen\":10}'),(481,'Blooming Horn 3','hunting-horn',4,'blooming-horn-3','{\"attack\":588,\"elementType\":\"Poison\",\"elementDamage\":360,\"elementHidden\":false,\"sharpnessRed\":25,\"sharpnessOrange\":17,\"sharpnessYellow\":8,\"sharpnessGreen\":12}'),(482,'Datura Horn 1','hunting-horn',5,'datura-horn-1','{\"attack\":630,\"elementType\":\"Poison\",\"elementDamage\":420,\"elementHidden\":false,\"sharpnessRed\":27,\"sharpnessOrange\":25,\"sharpnessYellow\":10,\"sharpnessGreen\":10,\"sharpnessBlue\":3,\"slotsRank1\":2}'),(483,'Datura Horn 2','hunting-horn',6,'datura-horn-2','{\"attack\":672,\"elementType\":\"Poison\",\"elementDamage\":480,\"elementHidden\":false,\"sharpnessRed\":25,\"sharpnessOrange\":25,\"sharpnessYellow\":10,\"sharpnessGreen\":10,\"sharpnessBlue\":5,\"slotsRank1\":2}'),(484,'Datura Horn 3','hunting-horn',6,'datura-horn-3','{\"attack\":714,\"elementType\":\"Poison\",\"elementDamage\":540,\"elementHidden\":false,\"sharpnessRed\":27,\"sharpnessOrange\":30,\"sharpnessYellow\":10,\"sharpnessGreen\":13,\"sharpnessBlue\":7,\"slotsRank2\":1,\"slotsRank1\":1}'),(485,'Lumu Horn 1','hunting-horn',3,'lumu-horn-1','{\"attack\":546,\"sharpnessRed\":30,\"sharpnessOrange\":17,\"sharpnessYellow\":8,\"sharpnessGreen\":7}'),(486,'Lumu Horn 2','hunting-horn',4,'lumu-horn-2','{\"attack\":588,\"sharpnessRed\":25,\"sharpnessOrange\":17,\"sharpnessYellow\":8,\"sharpnessGreen\":12}'),(487,'Lumu Barone 1','hunting-horn',5,'lumu-barone-1','{\"attack\":630,\"elementType\":\"Water\",\"elementDamage\":420,\"elementHidden\":false,\"sharpnessRed\":27,\"sharpnessOrange\":25,\"sharpnessYellow\":10,\"sharpnessGreen\":10,\"sharpnessBlue\":3,\"slotsRank1\":2}'),(488,'Lumu Barone 2','hunting-horn',6,'lumu-barone-2','{\"attack\":672,\"elementType\":\"Water\",\"elementDamage\":480,\"elementHidden\":false,\"sharpnessRed\":22,\"sharpnessOrange\":25,\"sharpnessYellow\":10,\"sharpnessGreen\":10,\"sharpnessBlue\":8,\"slotsRank2\":1,\"slotsRank1\":1}'),(489,'Lumu Barone 3','hunting-horn',6,'lumu-barone-3','{\"attack\":714,\"elementType\":\"Water\",\"elementDamage\":570,\"elementHidden\":false,\"sharpnessRed\":20,\"sharpnessOrange\":12,\"sharpnessYellow\":15,\"sharpnessGreen\":30,\"sharpnessBlue\":10,\"slotsRank3\":1,\"slotsRank1\":1}'),(490,'Rookslayer Drum','hunting-horn',6,'rookslayer-drum','{\"attack\":756,\"elementType\":\"Blast\",\"elementDamage\":180,\"elementHidden\":false,\"affinity\":\"-10%\",\"sharpnessRed\":27,\"sharpnessOrange\":25,\"sharpnessYellow\":10,\"sharpnessGreen\":10,\"sharpnessBlue\":3,\"slotsRank2\":2}'),(491,'Bazelreid Rookslayer','hunting-horn',8,'bazelreid-rookslayer','{\"attack\":840,\"elementType\":\"Blast\",\"elementDamage\":210,\"elementHidden\":false,\"affinity\":\"-10%\",\"sharpnessRed\":17,\"sharpnessOrange\":30,\"sharpnessYellow\":20,\"sharpnessGreen\":15,\"sharpnessBlue\":5,\"slotsRank2\":2}'),(492,'Sonic Horn 1','hunting-horn',2,'sonic-horn-1','{\"attack\":462,\"elementType\":\"Paralysis\",\"elementDamage\":120,\"elementHidden\":false,\"sharpnessRed\":15,\"sharpnessOrange\":17,\"sharpnessYellow\":8,\"sharpnessGreen\":10}'),(493,'Sonic Horn 2','hunting-horn',3,'sonic-horn-2','{\"attack\":504,\"elementType\":\"Paralysis\",\"elementDamage\":150,\"elementHidden\":false,\"sharpnessRed\":25,\"sharpnessOrange\":17,\"sharpnessYellow\":8,\"sharpnessGreen\":12}'),(494,'Sonic Horn 3','hunting-horn',4,'sonic-horn-3','{\"attack\":546,\"elementType\":\"Paralysis\",\"elementDamage\":180,\"elementHidden\":false,\"sharpnessRed\":20,\"sharpnessOrange\":17,\"sharpnessYellow\":8,\"sharpnessGreen\":17}'),(495,'Glass Royale','hunting-horn',5,'glass-royale','{\"attack\":588,\"elementType\":\"Paralysis\",\"elementDamage\":240,\"elementHidden\":false,\"sharpnessRed\":22,\"sharpnessOrange\":25,\"sharpnessYellow\":10,\"sharpnessGreen\":10,\"sharpnessBlue\":8,\"slotsRank1\":2}'),(496,'Glass Royale+','hunting-horn',6,'glass-royale+','{\"attack\":630,\"elementType\":\"Paralysis\",\"elementDamage\":270,\"elementHidden\":false,\"sharpnessRed\":20,\"sharpnessOrange\":25,\"sharpnessYellow\":10,\"sharpnessGreen\":10,\"sharpnessBlue\":10,\"slotsRank1\":2}'),(497,'Queen Vespoid Horn','hunting-horn',7,'queen-vespoid-horn','{\"attack\":672,\"elementType\":\"Paralysis\",\"elementDamage\":300,\"elementHidden\":false,\"sharpnessRed\":27,\"sharpnessOrange\":8,\"sharpnessYellow\":15,\"sharpnessGreen\":20,\"sharpnessBlue\":10,\"sharpnessWhite\":7,\"slotsRank1\":2}'),(498,'Spiked Horn 1','hunting-horn',3,'spiked-horn-1','{\"attack\":546,\"elementType\":\"Sleep\",\"elementDamage\":150,\"elementHidden\":false,\"sharpnessRed\":27,\"sharpnessOrange\":18,\"sharpnessYellow\":7,\"sharpnessGreen\":10}'),(499,'Spiked Horn 2','hunting-horn',4,'spiked-horn-2','{\"attack\":588,\"elementType\":\"Sleep\",\"elementDamage\":180,\"elementHidden\":false,\"sharpnessRed\":22,\"sharpnessOrange\":18,\"sharpnessYellow\":7,\"sharpnessGreen\":15}'),(500,'Baan Horn 1','hunting-horn',5,'baan-horn-1','{\"attack\":672,\"elementType\":\"Sleep\",\"elementDamage\":210,\"elementHidden\":false,\"sharpnessRed\":27,\"sharpnessOrange\":25,\"sharpnessYellow\":10,\"sharpnessGreen\":10,\"sharpnessBlue\":3}'),(501,'Baan Horn 2','hunting-horn',6,'baan-horn-2','{\"attack\":756,\"elementType\":\"Sleep\",\"elementDamage\":240,\"elementHidden\":false,\"sharpnessRed\":25,\"sharpnessOrange\":25,\"sharpnessYellow\":10,\"sharpnessGreen\":10,\"sharpnessBlue\":5}'),(502,'Baan Horn 3','hunting-horn',6,'baan-horn-3','{\"attack\":798,\"elementType\":\"Sleep\",\"elementDamage\":270,\"elementHidden\":false,\"sharpnessRed\":27,\"sharpnessOrange\":30,\"sharpnessYellow\":10,\"sharpnessGreen\":13,\"sharpnessBlue\":7}'),(503,'Dragonbone Auldhorn 1','hunting-horn',3,'dragonbone-auldhorn-1','{\"attack\":420,\"elementType\":\"Dragon\",\"elementDamage\":300,\"elementHidden\":false,\"sharpnessRed\":27,\"sharpnessOrange\":18,\"sharpnessYellow\":7,\"sharpnessGreen\":10}'),(504,'Dragonbone Auldhorn 2','hunting-horn',4,'dragonbone-auldhorn-2','{\"attack\":462,\"elementType\":\"Dragon\",\"elementDamage\":360,\"elementHidden\":false,\"sharpnessRed\":17,\"sharpnessOrange\":18,\"sharpnessYellow\":7,\"sharpnessGreen\":20}'),(505,'Dragonbone Auldhorn 3','hunting-horn',6,'dragonbone-auldhorn-3','{\"attack\":672,\"elementType\":\"Dragon\",\"elementDamage\":420,\"elementHidden\":false,\"sharpnessRed\":30,\"sharpnessOrange\":27,\"sharpnessYellow\":10,\"sharpnessGreen\":10,\"sharpnessBlue\":10,\"slotsRank1\":2}'),(506,'Thundercry Horn','hunting-horn',4,'thundercry-horn','{\"attack\":504,\"elementType\":\"Thunder\",\"elementDamage\":390,\"elementHidden\":false,\"sharpnessRed\":15,\"sharpnessOrange\":12,\"sharpnessYellow\":20,\"sharpnessGreen\":15}'),(507,'Thunderbolt Horn 1','hunting-horn',6,'thunderbolt-horn-1','{\"attack\":588,\"elementType\":\"Thunder\",\"elementDamage\":480,\"elementHidden\":false,\"sharpnessRed\":27,\"sharpnessOrange\":5,\"sharpnessYellow\":5,\"sharpnessGreen\":38,\"sharpnessBlue\":12}'),(508,'Thunderbolt Horn 2','hunting-horn',7,'thunderbolt-horn-2','{\"attack\":672,\"elementType\":\"Thunder\",\"elementDamage\":540,\"elementHidden\":false,\"sharpnessRed\":27,\"sharpnessOrange\":5,\"sharpnessYellow\":5,\"sharpnessGreen\":35,\"sharpnessBlue\":15}'),(509,'Blacksteel Dragonhorn 1','hunting-horn',5,'blacksteel-dragonhorn-1','{\"attack\":420,\"elementType\":\"Dragon\",\"elementDamage\":120,\"elementHidden\":false,\"sharpnessRed\":37,\"sharpnessOrange\":28,\"sharpnessYellow\":10}'),(510,'Blacksteel Dragonhorn 2','hunting-horn',6,'blacksteel-dragonhorn-2','{\"attack\":462,\"elementType\":\"Dragon\",\"elementDamage\":150,\"elementHidden\":false,\"sharpnessRed\":35,\"sharpnessOrange\":27,\"sharpnessYellow\":10,\"sharpnessGreen\":3}'),(511,'Teostra\'s Tiple','hunting-horn',7,'teostras-tiple','{\"attack\":756,\"elementType\":\"Blast\",\"elementDamage\":330,\"elementHidden\":false,\"sharpnessRed\":27,\"sharpnessOrange\":15,\"sharpnessYellow\":20,\"sharpnessGreen\":20,\"sharpnessBlue\":5}'),(512,'Teostra\'s Orphée','hunting-horn',8,'teostras-orphée','{\"attack\":798,\"elementType\":\"Blast\",\"elementDamage\":390,\"elementHidden\":false,\"sharpnessRed\":22,\"sharpnessOrange\":15,\"sharpnessYellow\":15,\"sharpnessGreen\":25,\"sharpnessBlue\":10}'),(513,'Xeno Manasheena','hunting-horn',8,'xeno-manasheena','{\"attack\":714,\"elementType\":\"Dragon\",\"elementDamage\":180,\"elementHidden\":false,\"sharpnessRed\":32,\"sharpnessOrange\":8,\"sharpnessYellow\":15,\"sharpnessGreen\":20,\"sharpnessBlue\":10,\"sharpnessWhite\":2,\"slotsRank3\":2}'),(514,'Iron Lance 1','lance',1,'iron-lance-1','{\"attack\":184,\"sharpnessRed\":25,\"sharpnessOrange\":12,\"sharpnessYellow\":13}'),(515,'Iron Lance 2','lance',1,'iron-lance-2','{\"attack\":207,\"sharpnessRed\":20,\"sharpnessOrange\":17,\"sharpnessYellow\":8,\"sharpnessGreen\":5}'),(516,'Iron Lance 3','lance',2,'iron-lance-3','{\"attack\":230,\"sharpnessRed\":15,\"sharpnessOrange\":17,\"sharpnessYellow\":8,\"sharpnessGreen\":10}'),(517,'Steel Lance 1','lance',3,'steel-lance-1','{\"attack\":253,\"sharpnessRed\":20,\"sharpnessOrange\":12,\"sharpnessYellow\":20,\"sharpnessGreen\":10}'),(518,'Steel Lance 2','lance',4,'steel-lance-2','{\"attack\":299,\"sharpnessRed\":17,\"sharpnessOrange\":13,\"sharpnessYellow\":20,\"sharpnessGreen\":12}'),(519,'Steel Lance 3','lance',5,'steel-lance-3','{\"attack\":322,\"elementType\":\"Paralysis\",\"elementDamage\":210,\"elementHidden\":true,\"sharpnessRed\":22,\"sharpnessOrange\":13,\"sharpnessYellow\":12,\"sharpnessGreen\":20,\"sharpnessBlue\":8,\"slotsRank1\":1}'),(520,'Chrome Lance 1','lance',6,'chrome-lance-1','{\"attack\":368,\"elementType\":\"Paralysis\",\"elementDamage\":240,\"elementHidden\":true,\"sharpnessRed\":17,\"sharpnessOrange\":13,\"sharpnessYellow\":12,\"sharpnessGreen\":20,\"sharpnessBlue\":13,\"slotsRank1\":1}'),(521,'Chrome Lance 2','lance',6,'chrome-lance-2','{\"attack\":414,\"elementType\":\"Paralysis\",\"elementDamage\":270,\"elementHidden\":true,\"sharpnessRed\":15,\"sharpnessOrange\":15,\"sharpnessYellow\":5,\"sharpnessGreen\":37,\"sharpnessBlue\":15,\"slotsRank1\":2}'),(522,'Nergal Impaler','lance',7,'nergal-impaler','{\"attack\":460,\"elementType\":\"Dragon\",\"elementDamage\":120,\"elementHidden\":false,\"sharpnessRed\":30,\"sharpnessOrange\":30,\"sharpnessYellow\":10,\"sharpnessGreen\":12,\"sharpnessBlue\":18,\"slotsRank1\":1}'),(523,'Perdition\'s Hand','lance',8,'perditions-hand','{\"attack\":483,\"elementType\":\"Dragon\",\"elementDamage\":150,\"elementHidden\":false,\"sharpnessRed\":27,\"sharpnessOrange\":30,\"sharpnessYellow\":10,\"sharpnessGreen\":13,\"sharpnessBlue\":20,\"slotsRank1\":1}'),(524,'Glacial Lance 1','lance',4,'glacial-lance-1','{\"attack\":299,\"elementType\":\"Ice\",\"elementDamage\":270,\"elementHidden\":false,\"sharpnessRed\":25,\"sharpnessOrange\":17,\"sharpnessYellow\":8,\"sharpnessGreen\":12}'),(525,'Glacial Lance 2','lance',5,'glacial-lance-2','{\"attack\":322,\"elementType\":\"Ice\",\"elementDamage\":300,\"elementHidden\":false,\"sharpnessRed\":27,\"sharpnessOrange\":25,\"sharpnessYellow\":10,\"sharpnessGreen\":10,\"sharpnessBlue\":3}'),(526,'Legiana Halberd 1','lance',6,'legiana-halberd-1','{\"attack\":345,\"elementType\":\"Ice\",\"elementDamage\":330,\"elementHidden\":false,\"sharpnessRed\":25,\"sharpnessOrange\":25,\"sharpnessYellow\":10,\"sharpnessGreen\":10,\"sharpnessBlue\":5}'),(527,'Legiana Halberd 2','lance',7,'legiana-halberd-2','{\"attack\":368,\"elementType\":\"Ice\",\"elementDamage\":360,\"elementHidden\":false,\"sharpnessRed\":32,\"sharpnessOrange\":8,\"sharpnessYellow\":15,\"sharpnessGreen\":20,\"sharpnessBlue\":10,\"sharpnessWhite\":2}'),(528,'Kulu Lance 1','lance',2,'kulu-lance-1','{\"attack\":253,\"sharpnessRed\":17,\"sharpnessOrange\":18,\"sharpnessYellow\":7,\"sharpnessGreen\":8}'),(529,'Kulu Lance 2','lance',2,'kulu-lance-2','{\"attack\":276,\"sharpnessRed\":20,\"sharpnessOrange\":12,\"sharpnessYellow\":20,\"sharpnessGreen\":10}'),(530,'Kulu Lance 3','lance',4,'kulu-lance-3','{\"attack\":299,\"sharpnessRed\":15,\"sharpnessOrange\":12,\"sharpnessYellow\":20,\"sharpnessGreen\":15}'),(531,'Kulu Hasta 1','lance',5,'kulu-hasta-1','{\"attack\":345,\"elementType\":\"Sleep\",\"elementDamage\":300,\"elementHidden\":true,\"sharpnessRed\":27,\"sharpnessOrange\":13,\"sharpnessYellow\":12,\"sharpnessGreen\":20,\"sharpnessBlue\":3}'),(532,'Kulu Hasta 2','lance',6,'kulu-hasta-2','{\"attack\":368,\"elementType\":\"Sleep\",\"elementDamage\":330,\"elementHidden\":true,\"sharpnessRed\":22,\"sharpnessOrange\":13,\"sharpnessYellow\":12,\"sharpnessGreen\":20,\"sharpnessBlue\":8}'),(533,'Kulu Hasta 3','lance',6,'kulu-hasta-3','{\"attack\":391,\"elementType\":\"Sleep\",\"elementDamage\":360,\"elementHidden\":true,\"sharpnessRed\":22,\"sharpnessOrange\":15,\"sharpnessYellow\":15,\"sharpnessGreen\":25,\"sharpnessBlue\":10}'),(534,'Gama Pilebunker 1','lance',6,'gama-pilebunker-1','{\"attack\":368,\"elementType\":\"Blast\",\"elementDamage\":180,\"elementHidden\":false,\"sharpnessRed\":25,\"sharpnessOrange\":12,\"sharpnessYellow\":13,\"sharpnessGreen\":20,\"sharpnessBlue\":5,\"slotsRank2\":2}'),(535,'Gama Pilebunker 2','lance',7,'gama-pilebunker-2','{\"attack\":391,\"elementType\":\"Blast\",\"elementDamage\":210,\"elementHidden\":false,\"sharpnessRed\":22,\"sharpnessOrange\":15,\"sharpnessYellow\":20,\"sharpnessGreen\":20,\"sharpnessBlue\":10,\"slotsRank2\":2}'),(536,'Thunder Lance 1','lance',3,'thunder-lance-1','{\"attack\":276,\"elementType\":\"Thunder\",\"elementDamage\":120,\"elementHidden\":false,\"sharpnessRed\":22,\"sharpnessOrange\":13,\"sharpnessYellow\":20,\"sharpnessGreen\":7}'),(537,'Thunder Lance 2','lance',4,'thunder-lance-2','{\"attack\":322,\"elementType\":\"Thunder\",\"elementDamage\":150,\"elementHidden\":false,\"sharpnessRed\":20,\"sharpnessOrange\":12,\"sharpnessYellow\":20,\"sharpnessGreen\":10}'),(538,'Lightning Spire 1','lance',5,'lightning-spire-1','{\"attack\":368,\"elementType\":\"Thunder\",\"elementDamage\":180,\"elementHidden\":false,\"sharpnessRed\":15,\"sharpnessOrange\":12,\"sharpnessYellow\":20,\"sharpnessGreen\":28,\"slotsRank2\":1}'),(539,'Lightning Spire 2','lance',6,'lightning-spire-2','{\"attack\":391,\"elementType\":\"Thunder\",\"elementDamage\":210,\"elementHidden\":false,\"sharpnessRed\":27,\"sharpnessOrange\":13,\"sharpnessYellow\":12,\"sharpnessGreen\":20,\"sharpnessBlue\":3,\"slotsRank2\":1}'),(540,'Lightning Spire 3','lance',6,'lightning-spire-3','{\"attack\":414,\"elementType\":\"Thunder\",\"elementDamage\":240,\"elementHidden\":false,\"sharpnessRed\":22,\"sharpnessOrange\":15,\"sharpnessYellow\":20,\"sharpnessGreen\":20,\"sharpnessBlue\":10,\"slotsRank2\":1}'),(541,'Blooming Lance 1','lance',2,'blooming-lance-1','{\"attack\":230,\"elementType\":\"Poison\",\"elementDamage\":240,\"elementHidden\":false,\"sharpnessRed\":15,\"sharpnessOrange\":17,\"sharpnessYellow\":8,\"sharpnessGreen\":10}'),(542,'Blooming Lance 2','lance',3,'blooming-lance-2','{\"attack\":253,\"elementType\":\"Poison\",\"elementDamage\":300,\"elementHidden\":false,\"sharpnessRed\":17,\"sharpnessOrange\":13,\"sharpnessYellow\":20,\"sharpnessGreen\":12}'),(543,'Blooming Lance 3','lance',4,'blooming-lance-3','{\"attack\":299,\"elementType\":\"Poison\",\"elementDamage\":360,\"elementHidden\":false,\"sharpnessRed\":15,\"sharpnessOrange\":12,\"sharpnessYellow\":20,\"sharpnessGreen\":15}'),(544,'Datura Pike 1','lance',5,'datura-pike-1','{\"attack\":345,\"elementType\":\"Poison\",\"elementDamage\":420,\"elementHidden\":false,\"sharpnessRed\":27,\"sharpnessOrange\":13,\"sharpnessYellow\":12,\"sharpnessGreen\":20,\"sharpnessBlue\":3,\"slotsRank1\":2}'),(545,'Datura Pike 2','lance',6,'datura-pike-2','{\"attack\":368,\"elementType\":\"Poison\",\"elementDamage\":480,\"elementHidden\":false,\"sharpnessRed\":25,\"sharpnessOrange\":12,\"sharpnessYellow\":13,\"sharpnessGreen\":20,\"sharpnessBlue\":5,\"slotsRank2\":1,\"slotsRank1\":1}'),(546,'Datura Pike 3','lance',6,'datura-pike-3','{\"attack\":391,\"elementType\":\"Poison\",\"elementDamage\":540,\"elementHidden\":false,\"sharpnessRed\":25,\"sharpnessOrange\":30,\"sharpnessYellow\":10,\"sharpnessGreen\":12,\"sharpnessBlue\":10,\"slotsRank2\":1,\"slotsRank1\":1}'),(547,'Flame Lance 1','lance',4,'flame-lance-1','{\"attack\":299,\"elementType\":\"Fire\",\"elementDamage\":180,\"elementHidden\":false,\"sharpnessRed\":12,\"sharpnessOrange\":13,\"sharpnessYellow\":20,\"sharpnessGreen\":17}'),(548,'Flame Lance 2','lance',5,'flame-lance-2','{\"attack\":322,\"elementType\":\"Fire\",\"elementDamage\":210,\"elementHidden\":false,\"sharpnessRed\":22,\"sharpnessOrange\":13,\"sharpnessYellow\":20,\"sharpnessGreen\":20,\"slotsRank1\":1}'),(549,'Red Tail','lance',6,'red-tail','{\"attack\":391,\"elementType\":\"Fire\",\"elementDamage\":240,\"elementHidden\":false,\"sharpnessRed\":27,\"sharpnessOrange\":13,\"sharpnessYellow\":12,\"sharpnessGreen\":20,\"sharpnessBlue\":3,\"slotsRank1\":1}'),(550,'Blue Tail','lance',7,'blue-tail','{\"attack\":414,\"elementType\":\"Fire\",\"elementDamage\":210,\"elementHidden\":false,\"sharpnessRed\":27,\"sharpnessOrange\":15,\"sharpnessYellow\":20,\"sharpnessGreen\":20,\"sharpnessBlue\":5,\"slotsRank1\":1}'),(551,'Blue Prominence','lance',8,'blue-prominence','{\"attack\":437,\"elementType\":\"Fire\",\"elementDamage\":300,\"elementHidden\":false,\"sharpnessRed\":22,\"sharpnessOrange\":15,\"sharpnessYellow\":15,\"sharpnessGreen\":25,\"sharpnessBlue\":10,\"slotsRank1\":1}'),(552,'Bone Lance 1','lance',1,'bone-lance-1','{\"attack\":207,\"sharpnessRed\":25,\"sharpnessOrange\":15,\"sharpnessYellow\":10}'),(553,'Bone Lance 2','lance',1,'bone-lance-2','{\"attack\":230,\"sharpnessRed\":22,\"sharpnessOrange\":13,\"sharpnessYellow\":15}'),(554,'Bone Lance 3','lance',2,'bone-lance-3','{\"attack\":253,\"sharpnessRed\":20,\"sharpnessOrange\":12,\"sharpnessYellow\":13,\"sharpnessGreen\":5}'),(555,'Hard Bone Lance 1','lance',3,'hard-bone-lance-1','{\"attack\":322,\"sharpnessRed\":30,\"sharpnessOrange\":17,\"sharpnessYellow\":8,\"sharpnessGreen\":7}'),(556,'Hard Bone Lance 2','lance',4,'hard-bone-lance-2','{\"attack\":345,\"sharpnessRed\":27,\"sharpnessOrange\":18,\"sharpnessYellow\":7,\"sharpnessGreen\":10}'),(557,'Hard Bone Lance 3','lance',5,'hard-bone-lance-3','{\"attack\":368,\"elementType\":\"Poison\",\"elementDamage\":180,\"elementHidden\":true,\"sharpnessRed\":35,\"sharpnessOrange\":17,\"sharpnessYellow\":8,\"sharpnessGreen\":15,\"slotsRank2\":1}'),(558,'Heavy Bone Lance 1','lance',6,'heavy-bone-lance-1','{\"attack\":391,\"elementType\":\"Poison\",\"elementDamage\":210,\"elementHidden\":true,\"sharpnessRed\":25,\"sharpnessOrange\":25,\"sharpnessYellow\":10,\"sharpnessGreen\":10,\"sharpnessBlue\":5,\"slotsRank2\":1}'),(559,'Heavy Bone Lance 2','lance',6,'heavy-bone-lance-2','{\"attack\":437,\"elementType\":\"Poison\",\"elementDamage\":240,\"elementHidden\":true,\"sharpnessRed\":25,\"sharpnessOrange\":30,\"sharpnessYellow\":10,\"sharpnessGreen\":12,\"sharpnessBlue\":10,\"slotsRank3\":1}'),(560,'Hazak Wächter','lance',7,'hazak-wächter','{\"attack\":437,\"elementType\":\"Dragon\",\"elementDamage\":240,\"elementHidden\":false,\"sharpnessRed\":35,\"sharpnessOrange\":27,\"sharpnessYellow\":10,\"sharpnessGreen\":10,\"sharpnessBlue\":5,\"slotsRank2\":1}'),(561,'Love\'s Sorrow','lance',8,'loves-sorrow','{\"attack\":460,\"elementType\":\"Dragon\",\"elementDamage\":270,\"elementHidden\":false,\"sharpnessRed\":50,\"sharpnessOrange\":17,\"sharpnessYellow\":5,\"sharpnessGreen\":5,\"sharpnessBlue\":10,\"slotsRank2\":1}'),(562,'Taurus Lance 1','lance',3,'taurus-lance-1','{\"attack\":276,\"sharpnessRed\":27,\"sharpnessOrange\":18,\"sharpnessYellow\":7,\"sharpnessGreen\":10}'),(563,'Taurus Lance 2','lance',4,'taurus-lance-2','{\"attack\":299,\"sharpnessRed\":25,\"sharpnessOrange\":17,\"sharpnessYellow\":8,\"sharpnessGreen\":12}'),(564,'Dark Stinger 1','lance',5,'dark-stinger-1','{\"attack\":322,\"elementType\":\"Blast\",\"elementDamage\":180,\"elementHidden\":true,\"sharpnessRed\":25,\"sharpnessOrange\":25,\"sharpnessYellow\":10,\"sharpnessGreen\":10,\"sharpnessBlue\":5,\"slotsRank3\":1}'),(565,'Dark Stinger 2','lance',6,'dark-stinger-2','{\"attack\":345,\"elementType\":\"Blast\",\"elementDamage\":210,\"elementHidden\":true,\"sharpnessRed\":22,\"sharpnessOrange\":25,\"sharpnessYellow\":10,\"sharpnessGreen\":10,\"sharpnessBlue\":8,\"slotsRank3\":1}'),(566,'Dark Stinger 3','lance',6,'dark-stinger-3','{\"attack\":368,\"elementType\":\"Blast\",\"elementDamage\":240,\"elementHidden\":true,\"sharpnessRed\":27,\"sharpnessOrange\":8,\"sharpnessYellow\":15,\"sharpnessGreen\":20,\"sharpnessBlue\":10,\"sharpnessWhite\":7,\"slotsRank3\":1}'),(567,'Carapace Lance 1','lance',2,'carapace-lance-1','{\"attack\":253,\"affinity\":\"-20%\",\"sharpnessRed\":17,\"sharpnessOrange\":13,\"sharpnessYellow\":12,\"sharpnessGreen\":8}'),(568,'Carapace Lance 2','lance',3,'carapace-lance-2','{\"attack\":276,\"affinity\":\"-20%\",\"sharpnessRed\":27,\"sharpnessOrange\":18,\"sharpnessYellow\":7,\"sharpnessGreen\":10}'),(569,'Carapace Lance 3','lance',4,'carapace-lance-3','{\"attack\":345,\"affinity\":\"-20%\",\"sharpnessRed\":25,\"sharpnessOrange\":17,\"sharpnessYellow\":8,\"sharpnessGreen\":12}'),(570,'Barroth Stinger 1','lance',5,'barroth-stinger-1','{\"attack\":391,\"elementType\":\"Paralysis\",\"elementDamage\":300,\"elementHidden\":true,\"affinity\":\"-20%\",\"sharpnessRed\":32,\"sharpnessOrange\":18,\"sharpnessYellow\":7,\"sharpnessGreen\":18,\"slotsRank1\":1}'),(571,'Barroth Stinger 2','lance',6,'barroth-stinger-2','{\"attack\":437,\"elementType\":\"Paralysis\",\"elementDamage\":330,\"elementHidden\":true,\"affinity\":\"-20%\",\"sharpnessRed\":27,\"sharpnessOrange\":18,\"sharpnessYellow\":7,\"sharpnessGreen\":23,\"slotsRank1\":2}'),(572,'Barroth Stinger 3','lance',6,'barroth-stinger-3','{\"attack\":460,\"elementType\":\"Paralysis\",\"elementDamage\":390,\"elementHidden\":true,\"affinity\":\"-20%\",\"sharpnessRed\":25,\"sharpnessOrange\":30,\"sharpnessYellow\":10,\"sharpnessGreen\":12,\"sharpnessBlue\":10,\"slotsRank2\":1,\"slotsRank1\":1}'),(573,'Garon Lance 1','lance',4,'garon-lance-1','{\"attack\":299,\"sharpnessRed\":22,\"sharpnessOrange\":18,\"sharpnessYellow\":7,\"sharpnessGreen\":15}'),(574,'Garon Lance 2','lance',5,'garon-lance-2','{\"attack\":322,\"elementType\":\"Fire\",\"elementDamage\":150,\"elementHidden\":true,\"sharpnessRed\":25,\"sharpnessOrange\":25,\"sharpnessYellow\":10,\"sharpnessGreen\":10,\"sharpnessBlue\":5}'),(575,'Garon Dhara 1','lance',6,'garon-dhara-1','{\"attack\":345,\"elementType\":\"Fire\",\"elementDamage\":180,\"elementHidden\":true,\"sharpnessRed\":20,\"sharpnessOrange\":25,\"sharpnessYellow\":10,\"sharpnessGreen\":10,\"sharpnessBlue\":10}'),(576,'Garon Dhara 2','lance',7,'garon-dhara-2','{\"attack\":391,\"elementType\":\"Fire\",\"elementDamage\":210,\"elementHidden\":true,\"sharpnessRed\":42,\"sharpnessOrange\":25,\"sharpnessYellow\":8,\"sharpnessGreen\":7,\"sharpnessBlue\":10,\"sharpnessWhite\":8}'),(577,'Aqua Horn 1','lance',2,'aqua-horn-1','{\"attack\":253,\"elementType\":\"Water\",\"elementDamage\":150,\"elementHidden\":false,\"sharpnessRed\":20,\"sharpnessOrange\":12,\"sharpnessYellow\":13,\"sharpnessGreen\":5}'),(578,'Aqua Horn 2','lance',2,'aqua-horn-2','{\"attack\":276,\"elementType\":\"Water\",\"elementDamage\":180,\"elementHidden\":false,\"sharpnessRed\":30,\"sharpnessOrange\":17,\"sharpnessYellow\":8,\"sharpnessGreen\":7}'),(579,'Aqua Horn 3','lance',4,'aqua-horn-3','{\"attack\":322,\"elementType\":\"Water\",\"elementDamage\":210,\"elementHidden\":false,\"sharpnessRed\":27,\"sharpnessOrange\":18,\"sharpnessYellow\":7,\"sharpnessGreen\":10}'),(580,'Water Spike 1','lance',5,'water-spike-1','{\"attack\":345,\"elementType\":\"Water\",\"elementDamage\":240,\"elementHidden\":false,\"sharpnessRed\":35,\"sharpnessOrange\":17,\"sharpnessYellow\":8,\"sharpnessGreen\":15,\"slotsRank2\":1}'),(581,'Water Spike 2','lance',6,'water-spike-2','{\"attack\":391,\"elementType\":\"Water\",\"elementDamage\":270,\"elementHidden\":false,\"sharpnessRed\":25,\"sharpnessOrange\":25,\"sharpnessYellow\":10,\"sharpnessGreen\":10,\"sharpnessBlue\":5,\"slotsRank2\":1}'),(582,'Water Spike 3','lance',6,'water-spike-3','{\"attack\":437,\"elementType\":\"Water\",\"elementDamage\":300,\"elementHidden\":false,\"sharpnessRed\":27,\"sharpnessOrange\":30,\"sharpnessYellow\":10,\"sharpnessGreen\":13,\"sharpnessBlue\":7,\"slotsRank2\":1}'),(583,'Dragonbone Lance 1','lance',3,'dragonbone-lance-1','{\"attack\":230,\"elementType\":\"Dragon\",\"elementDamage\":300,\"elementHidden\":false,\"sharpnessRed\":27,\"sharpnessOrange\":18,\"sharpnessYellow\":7,\"sharpnessGreen\":10}'),(584,'Dragonbone Lance 2','lance',4,'dragonbone-lance-2','{\"attack\":253,\"elementType\":\"Dragon\",\"elementDamage\":360,\"elementHidden\":false,\"sharpnessRed\":17,\"sharpnessOrange\":18,\"sharpnessYellow\":7,\"sharpnessGreen\":20}'),(585,'Dragonbone Lance 3','lance',6,'dragonbone-lance-3','{\"attack\":368,\"elementType\":\"Dragon\",\"elementDamage\":420,\"elementHidden\":false,\"sharpnessRed\":30,\"sharpnessOrange\":27,\"sharpnessYellow\":10,\"sharpnessGreen\":10,\"sharpnessBlue\":10,\"slotsRank1\":1}'),(586,'Rookslayer Lance','lance',6,'rookslayer-lance','{\"attack\":414,\"elementType\":\"Blast\",\"elementDamage\":180,\"elementHidden\":false,\"affinity\":\"-10%\",\"sharpnessRed\":27,\"sharpnessOrange\":25,\"sharpnessYellow\":10,\"sharpnessGreen\":10,\"sharpnessBlue\":3}'),(587,'Bazel Myniad Rookslayer','lance',8,'bazel-myniad-rookslayer','{\"attack\":460,\"elementType\":\"Blast\",\"elementDamage\":210,\"elementHidden\":false,\"affinity\":\"-10%\",\"sharpnessRed\":17,\"sharpnessOrange\":30,\"sharpnessYellow\":20,\"sharpnessGreen\":15,\"sharpnessBlue\":5}'),(588,'Thunderpike','lance',4,'thunderpike','{\"attack\":253,\"elementType\":\"Thunder\",\"elementDamage\":420,\"elementHidden\":false,\"sharpnessRed\":15,\"sharpnessOrange\":12,\"sharpnessYellow\":20,\"sharpnessGreen\":15}'),(589,'Thunderspear','lance',7,'thunderspear','{\"attack\":345,\"elementType\":\"Thunder\",\"elementDamage\":480,\"elementHidden\":false,\"sharpnessRed\":27,\"sharpnessOrange\":5,\"sharpnessYellow\":5,\"sharpnessGreen\":38,\"sharpnessBlue\":12}'),(590,'Thunderpiercer','lance',8,'thunderpiercer','{\"attack\":368,\"elementType\":\"Thunder\",\"elementDamage\":540,\"elementHidden\":false,\"sharpnessRed\":27,\"sharpnessOrange\":5,\"sharpnessYellow\":5,\"sharpnessGreen\":35,\"sharpnessBlue\":15}'),(591,'Blacksteel Lance 1','lance',5,'blacksteel-lance-1','{\"attack\":230,\"elementType\":\"Dragon\",\"elementDamage\":120,\"elementHidden\":false,\"sharpnessRed\":37,\"sharpnessOrange\":28,\"sharpnessYellow\":10}'),(592,'Blacksteel Lance 2','lance',6,'blacksteel-lance-2','{\"attack\":253,\"elementType\":\"Dragon\",\"elementDamage\":150,\"elementHidden\":false,\"sharpnessRed\":35,\"sharpnessOrange\":27,\"sharpnessYellow\":10,\"sharpnessGreen\":3}'),(593,'Icesteel Spear','lance',7,'icesteel-spear','{\"attack\":391,\"elementType\":\"Ice\",\"elementDamage\":210,\"elementHidden\":false,\"sharpnessRed\":27,\"sharpnessOrange\":15,\"sharpnessYellow\":20,\"sharpnessGreen\":20,\"sharpnessBlue\":5,\"slotsRank2\":1}'),(594,'Daora\'s Fang','lance',8,'daoras-fang','{\"attack\":414,\"elementType\":\"Ice\",\"elementDamage\":240,\"elementHidden\":false,\"sharpnessRed\":22,\"sharpnessOrange\":15,\"sharpnessYellow\":20,\"sharpnessGreen\":20,\"sharpnessBlue\":10,\"slotsRank2\":1}'),(595,'Xeno Zauta','lance',8,'xeno-zauta','{\"attack\":391,\"elementType\":\"Dragon\",\"elementDamage\":180,\"elementHidden\":false,\"sharpnessRed\":32,\"sharpnessOrange\":8,\"sharpnessYellow\":15,\"sharpnessGreen\":20,\"sharpnessBlue\":10,\"sharpnessWhite\":2,\"slotsRank3\":2}'),(596,'Babel Spear','lance',6,'babel-spear','{\"attack\":414,\"elementType\":\"Fire\",\"elementDamage\":270,\"elementHidden\":true,\"sharpnessRed\":30,\"sharpnessOrange\":30,\"sharpnessYellow\":10,\"sharpnessGreen\":12,\"sharpnessBlue\":5,\"slotsRank2\":1}'),(597,'Elder Babel Spear','lance',8,'elder-babel-spear','{\"attack\":460,\"elementType\":\"Fire\",\"elementDamage\":330,\"elementHidden\":true,\"sharpnessRed\":27,\"sharpnessOrange\":30,\"sharpnessYellow\":10,\"sharpnessGreen\":13,\"sharpnessBlue\":7,\"slotsRank3\":1}'),(598,'Iron Gunlance 1','gunlance',1,'iron-gunlance-1','{\"attack\":184,\"shellingType\":\"Normal Lv1\",\"sharpnessRed\":25,\"sharpnessOrange\":12,\"sharpnessYellow\":13}'),(599,'Iron Gunlance 2','gunlance',1,'iron-gunlance-2','{\"attack\":207,\"shellingType\":\"Normal Lv1\",\"sharpnessRed\":17,\"sharpnessOrange\":18,\"sharpnessYellow\":7,\"sharpnessGreen\":8}'),(600,'Iron Gunlance 3','gunlance',2,'iron-gunlance-3','{\"attack\":230,\"shellingType\":\"Normal Lv1\",\"sharpnessRed\":15,\"sharpnessOrange\":17,\"sharpnessYellow\":8,\"sharpnessGreen\":10}'),(601,'Steel Gunlance 1','gunlance',3,'steel-gunlance-1','{\"attack\":253,\"shellingType\":\"Normal Lv2\",\"sharpnessRed\":20,\"sharpnessOrange\":12,\"sharpnessYellow\":20,\"sharpnessGreen\":10}'),(602,'Steel Gunlance 2','gunlance',4,'steel-gunlance-2','{\"attack\":299,\"shellingType\":\"Normal Lv2\",\"sharpnessRed\":17,\"sharpnessOrange\":13,\"sharpnessYellow\":20,\"sharpnessGreen\":12}'),(603,'Steel Gunlance 3','gunlance',5,'steel-gunlance-3','{\"attack\":322,\"shellingType\":\"Normal Lv2\",\"sharpnessRed\":22,\"sharpnessOrange\":13,\"sharpnessYellow\":12,\"sharpnessGreen\":20,\"sharpnessBlue\":8,\"slotsRank1\":1}'),(604,'Chrome Gunlance 1','gunlance',6,'chrome-gunlance-1','{\"attack\":368,\"elementType\":\"Blast\",\"elementDamage\":240,\"elementHidden\":true,\"shellingType\":\"Normal Lv3\",\"sharpnessRed\":17,\"sharpnessOrange\":13,\"sharpnessYellow\":12,\"sharpnessGreen\":20,\"sharpnessBlue\":13,\"slotsRank1\":1}'),(605,'Chrome Gunlance 2','gunlance',6,'chrome-gunlance-2','{\"attack\":414,\"elementType\":\"Blast\",\"elementDamage\":270,\"elementHidden\":true,\"shellingType\":\"Normal Lv3\",\"sharpnessRed\":15,\"sharpnessOrange\":15,\"sharpnessYellow\":5,\"sharpnessGreen\":37,\"sharpnessBlue\":15,\"slotsRank1\":2}'),(606,'Nergal Ram','gunlance',7,'nergal-ram','{\"attack\":460,\"elementType\":\"Dragon\",\"elementDamage\":120,\"elementHidden\":false,\"shellingType\":\"Wide Lv2\",\"sharpnessRed\":30,\"sharpnessOrange\":30,\"sharpnessYellow\":10,\"sharpnessGreen\":12,\"sharpnessBlue\":18,\"slotsRank1\":1}'),(607,'Eradication Flame','gunlance',8,'eradication-flame','{\"attack\":483,\"elementType\":\"Dragon\",\"elementDamage\":150,\"elementHidden\":false,\"shellingType\":\"Wide Lv2\",\"sharpnessRed\":27,\"sharpnessOrange\":30,\"sharpnessYellow\":10,\"sharpnessGreen\":13,\"sharpnessBlue\":20,\"slotsRank2\":1}'),(608,'Pulsar Gunlance 1','gunlance',2,'pulsar-gunlance-1','{\"attack\":230,\"elementType\":\"Thunder\",\"elementDamage\":120,\"elementHidden\":false,\"shellingType\":\"Long Lv1\",\"sharpnessRed\":17,\"sharpnessOrange\":18,\"sharpnessYellow\":7,\"sharpnessGreen\":8}'),(609,'Pulsar Gunlance 2','gunlance',3,'pulsar-gunlance-2','{\"attack\":253,\"elementType\":\"Thunder\",\"elementDamage\":150,\"elementHidden\":false,\"shellingType\":\"Long Lv1\",\"sharpnessRed\":20,\"sharpnessOrange\":12,\"sharpnessYellow\":20,\"sharpnessGreen\":10}'),(610,'Pulsar Gunlance 3','gunlance',4,'pulsar-gunlance-3','{\"attack\":299,\"elementType\":\"Thunder\",\"elementDamage\":180,\"elementHidden\":false,\"shellingType\":\"Long Lv1\",\"sharpnessRed\":17,\"sharpnessOrange\":13,\"sharpnessYellow\":20,\"sharpnessGreen\":12}'),(611,'Kadachi Striker','gunlance',5,'kadachi-striker','{\"attack\":345,\"elementType\":\"Thunder\",\"elementDamage\":210,\"elementHidden\":false,\"shellingType\":\"Long Lv2\",\"sharpnessRed\":27,\"sharpnessOrange\":13,\"sharpnessYellow\":12,\"sharpnessGreen\":20,\"sharpnessBlue\":3,\"slotsRank1\":1}'),(612,'Kadachi Striker+','gunlance',6,'kadachi-striker+','{\"attack\":391,\"elementType\":\"Thunder\",\"elementDamage\":240,\"elementHidden\":false,\"shellingType\":\"Long Lv2\",\"sharpnessRed\":25,\"sharpnessOrange\":12,\"sharpnessYellow\":13,\"sharpnessGreen\":20,\"sharpnessBlue\":5,\"slotsRank1\":1}'),(613,'Mythic Kadachi Striker','gunlance',7,'mythic-kadachi-striker','{\"attack\":414,\"elementType\":\"Thunder\",\"elementDamage\":270,\"elementHidden\":false,\"shellingType\":\"Long Lv3\",\"sharpnessRed\":25,\"sharpnessOrange\":15,\"sharpnessYellow\":15,\"sharpnessGreen\":25,\"sharpnessBlue\":7,\"slotsRank1\":1}'),(614,'Rath Gunlance 1','gunlance',4,'rath-gunlance-1','{\"attack\":276,\"elementType\":\"Fire\",\"elementDamage\":120,\"elementHidden\":false,\"shellingType\":\"Long Lv1\",\"sharpnessRed\":15,\"sharpnessOrange\":12,\"sharpnessYellow\":20,\"sharpnessGreen\":15}'),(615,'Rath Gunlance 2','gunlance',5,'rath-gunlance-2','{\"attack\":322,\"elementType\":\"Fire\",\"elementDamage\":150,\"elementHidden\":false,\"shellingType\":\"Long Lv1\",\"sharpnessRed\":22,\"sharpnessOrange\":13,\"sharpnessYellow\":20,\"sharpnessGreen\":20,\"slotsRank1\":1}'),(616,'Red Rook','gunlance',6,'red-rook','{\"attack\":345,\"elementType\":\"Fire\",\"elementDamage\":180,\"elementHidden\":false,\"shellingType\":\"Long Lv2\",\"sharpnessRed\":27,\"sharpnessOrange\":13,\"sharpnessYellow\":12,\"sharpnessGreen\":20,\"sharpnessBlue\":3,\"slotsRank1\":1}'),(617,'Blue Rook','gunlance',7,'blue-rook','{\"attack\":414,\"elementType\":\"Fire\",\"elementDamage\":210,\"elementHidden\":false,\"shellingType\":\"Long Lv2\",\"sharpnessRed\":27,\"sharpnessOrange\":15,\"sharpnessYellow\":20,\"sharpnessGreen\":20,\"sharpnessBlue\":5,\"slotsRank1\":1}'),(618,'Blue Chariot','gunlance',8,'blue-chariot','{\"attack\":437,\"elementType\":\"Fire\",\"elementDamage\":240,\"elementHidden\":false,\"shellingType\":\"Long Lv3\",\"sharpnessRed\":20,\"sharpnessOrange\":12,\"sharpnessYellow\":15,\"sharpnessGreen\":30,\"sharpnessBlue\":10,\"slotsRank1\":1}'),(619,'Princess Panoply','gunlance',3,'princess-panoply','{\"attack\":276,\"elementType\":\"Poison\",\"elementDamage\":240,\"elementHidden\":false,\"shellingType\":\"Normal Lv2\",\"sharpnessRed\":17,\"sharpnessOrange\":13,\"sharpnessYellow\":20,\"sharpnessGreen\":12}'),(620,'Princess Panoply+','gunlance',5,'princess-panoply+','{\"attack\":345,\"elementType\":\"Poison\",\"elementDamage\":270,\"elementHidden\":false,\"shellingType\":\"Normal Lv2\",\"sharpnessRed\":25,\"sharpnessOrange\":12,\"sharpnessYellow\":13,\"sharpnessGreen\":20,\"sharpnessBlue\":5,\"slotsRank1\":1}'),(621,'Rose Burst','gunlance',6,'rose-burst','{\"attack\":391,\"elementType\":\"Poison\",\"elementDamage\":300,\"elementHidden\":false,\"shellingType\":\"Normal Lv3\",\"sharpnessRed\":22,\"sharpnessOrange\":13,\"sharpnessYellow\":12,\"sharpnessGreen\":20,\"sharpnessBlue\":8,\"slotsRank1\":1}'),(622,'Royal Burst','gunlance',7,'royal-burst','{\"attack\":437,\"elementType\":\"Poison\",\"elementDamage\":330,\"elementHidden\":false,\"shellingType\":\"Normal Lv4\",\"sharpnessRed\":20,\"sharpnessOrange\":15,\"sharpnessYellow\":15,\"sharpnessGreen\":25,\"sharpnessBlue\":12,\"slotsRank1\":1}'),(623,'Madness Gunlance 1','gunlance',2,'madness-gunlance-1','{\"attack\":253,\"elementType\":\"Water\",\"elementDamage\":210,\"elementHidden\":false,\"shellingType\":\"Wide Lv1\",\"sharpnessRed\":15,\"sharpnessOrange\":17,\"sharpnessYellow\":8,\"sharpnessGreen\":10}'),(624,'Madness Gunlance 2','gunlance',3,'madness-gunlance-2','{\"attack\":276,\"elementType\":\"Water\",\"elementDamage\":240,\"elementHidden\":false,\"shellingType\":\"Wide Lv1\",\"sharpnessRed\":17,\"sharpnessOrange\":13,\"sharpnessYellow\":20,\"sharpnessGreen\":12}'),(625,'Madness Gunlance 3','gunlance',4,'madness-gunlance-3','{\"attack\":299,\"elementType\":\"Water\",\"elementDamage\":270,\"elementHidden\":false,\"shellingType\":\"Wide Lv1\",\"sharpnessRed\":15,\"sharpnessOrange\":12,\"sharpnessYellow\":20,\"sharpnessGreen\":15}'),(626,'Jyura Blaster 1','gunlance',5,'jyura-blaster-1','{\"attack\":345,\"elementType\":\"Water\",\"elementDamage\":300,\"elementHidden\":false,\"shellingType\":\"Wide Lv2\",\"sharpnessRed\":25,\"sharpnessOrange\":12,\"sharpnessYellow\":20,\"sharpnessGreen\":18}'),(627,'Jyura Blaster 2','gunlance',6,'jyura-blaster-2','{\"attack\":368,\"elementType\":\"Water\",\"elementDamage\":330,\"elementHidden\":false,\"shellingType\":\"Wide Lv2\",\"sharpnessRed\":27,\"sharpnessOrange\":13,\"sharpnessYellow\":12,\"sharpnessGreen\":20,\"sharpnessBlue\":3}'),(628,'Jyura Blaster 3','gunlance',6,'jyura-blaster-3','{\"attack\":437,\"elementType\":\"Water\",\"elementDamage\":360,\"elementHidden\":false,\"shellingType\":\"Wide Lv3\",\"sharpnessRed\":27,\"sharpnessOrange\":15,\"sharpnessYellow\":20,\"sharpnessGreen\":20,\"sharpnessBlue\":5}'),(629,'Glacial Gunlance 1','gunlance',4,'glacial-gunlance-1','{\"attack\":299,\"elementType\":\"Ice\",\"elementDamage\":180,\"elementHidden\":false,\"shellingType\":\"Normal Lv2\",\"sharpnessRed\":12,\"sharpnessOrange\":13,\"sharpnessYellow\":20,\"sharpnessGreen\":17}'),(630,'Glacial Gunlance 2','gunlance',5,'glacial-gunlance-2','{\"attack\":322,\"elementType\":\"Ice\",\"elementDamage\":240,\"elementHidden\":false,\"shellingType\":\"Normal Lv2\",\"sharpnessRed\":25,\"sharpnessOrange\":12,\"sharpnessYellow\":13,\"sharpnessGreen\":20,\"sharpnessBlue\":5}'),(631,'Legiana Cannon 1','gunlance',6,'legiana-cannon-1','{\"attack\":345,\"elementType\":\"Ice\",\"elementDamage\":300,\"elementHidden\":false,\"shellingType\":\"Normal Lv3\",\"sharpnessRed\":20,\"sharpnessOrange\":12,\"sharpnessYellow\":13,\"sharpnessGreen\":20,\"sharpnessBlue\":10}'),(632,'Legiana Cannon 2','gunlance',7,'legiana-cannon-2','{\"attack\":368,\"elementType\":\"Ice\",\"elementDamage\":360,\"elementHidden\":false,\"shellingType\":\"Normal Lv3\",\"sharpnessRed\":32,\"sharpnessOrange\":8,\"sharpnessYellow\":15,\"sharpnessGreen\":20,\"sharpnessBlue\":10,\"sharpnessWhite\":2}'),(633,'Bone Gunlance 1','gunlance',1,'bone-gunlance-1','{\"attack\":207,\"shellingType\":\"Normal Lv1\",\"sharpnessRed\":25,\"sharpnessOrange\":15,\"sharpnessYellow\":10}'),(634,'Bone Gunlance 2','gunlance',1,'bone-gunlance-2','{\"attack\":230,\"shellingType\":\"Normal Lv1\",\"sharpnessRed\":20,\"sharpnessOrange\":12,\"sharpnessYellow\":18}'),(635,'Bone Gunlance 3','gunlance',2,'bone-gunlance-3','{\"attack\":253,\"shellingType\":\"Normal Lv1\",\"sharpnessRed\":20,\"sharpnessOrange\":12,\"sharpnessYellow\":13,\"sharpnessGreen\":5}'),(636,'Bone Cannon 1','gunlance',3,'bone-cannon-1','{\"attack\":276,\"shellingType\":\"Long Lv1\",\"sharpnessRed\":30,\"sharpnessOrange\":17,\"sharpnessYellow\":8,\"sharpnessGreen\":7}'),(637,'Bone Cannon 2','gunlance',4,'bone-cannon-2','{\"attack\":322,\"shellingType\":\"Long Lv1\",\"sharpnessRed\":27,\"sharpnessOrange\":18,\"sharpnessYellow\":7,\"sharpnessGreen\":10}'),(638,'Bone Cannon 3','gunlance',5,'bone-cannon-3','{\"attack\":368,\"elementType\":\"Thunder\",\"elementDamage\":210,\"elementHidden\":true,\"shellingType\":\"Long Lv1\",\"sharpnessRed\":35,\"sharpnessOrange\":17,\"sharpnessYellow\":8,\"sharpnessGreen\":15,\"slotsRank1\":1}'),(639,'Great Bone Gunlance 1','gunlance',6,'great-bone-gunlance-1','{\"attack\":391,\"elementType\":\"Thunder\",\"elementDamage\":240,\"elementHidden\":true,\"shellingType\":\"Long Lv2\",\"sharpnessRed\":25,\"sharpnessOrange\":25,\"sharpnessYellow\":10,\"sharpnessGreen\":10,\"sharpnessBlue\":5,\"slotsRank2\":1}'),(640,'Great Bone Gunlance 2','gunlance',6,'great-bone-gunlance-2','{\"attack\":437,\"elementType\":\"Thunder\",\"elementDamage\":270,\"elementHidden\":true,\"shellingType\":\"Long Lv2\",\"sharpnessRed\":25,\"sharpnessOrange\":30,\"sharpnessYellow\":10,\"sharpnessGreen\":12,\"sharpnessBlue\":10,\"slotsRank3\":1}'),(641,'Bazel Buster 1','gunlance',6,'bazel-buster-1','{\"attack\":437,\"elementType\":\"Blast\",\"elementDamage\":180,\"elementHidden\":false,\"affinity\":\"-10%\",\"shellingType\":\"Wide Lv3\",\"sharpnessRed\":25,\"sharpnessOrange\":25,\"sharpnessYellow\":10,\"sharpnessGreen\":10,\"sharpnessBlue\":5,\"slotsRank1\":1}'),(642,'Bazel Buster 2','gunlance',7,'bazel-buster-2','{\"attack\":460,\"elementType\":\"Blast\",\"elementDamage\":210,\"elementHidden\":false,\"affinity\":\"-10%\",\"shellingType\":\"Wide Lv3\",\"sharpnessRed\":15,\"sharpnessOrange\":30,\"sharpnessYellow\":20,\"sharpnessGreen\":15,\"sharpnessBlue\":7,\"slotsRank1\":1}'),(643,'Jagras Gunlance 1','gunlance',2,'jagras-gunlance-1','{\"attack\":253,\"shellingType\":\"Normal Lv2\",\"sharpnessRed\":22,\"sharpnessOrange\":13,\"sharpnessYellow\":12,\"sharpnessGreen\":3}'),(644,'Jagras Gunlance 2','gunlance',3,'jagras-gunlance-2','{\"attack\":276,\"shellingType\":\"Normal Lv2\",\"sharpnessRed\":27,\"sharpnessOrange\":18,\"sharpnessYellow\":7,\"sharpnessGreen\":10}'),(645,'Jagras Gunlance 3','gunlance',4,'jagras-gunlance-3','{\"attack\":322,\"shellingType\":\"Normal Lv2\",\"sharpnessRed\":22,\"sharpnessOrange\":18,\"sharpnessYellow\":7,\"sharpnessGreen\":15}'),(646,'Glutton Gunlance 1','gunlance',5,'glutton-gunlance-1','{\"attack\":345,\"elementType\":\"Sleep\",\"elementDamage\":240,\"elementHidden\":true,\"shellingType\":\"Normal Lv3\",\"sharpnessRed\":32,\"sharpnessOrange\":18,\"sharpnessYellow\":7,\"sharpnessGreen\":18,\"slotsRank2\":1,\"slotsRank1\":1}'),(647,'Glutton Gunlance 2','gunlance',6,'glutton-gunlance-2','{\"attack\":437,\"elementType\":\"Sleep\",\"elementDamage\":270,\"elementHidden\":true,\"shellingType\":\"Normal Lv3\",\"sharpnessRed\":27,\"sharpnessOrange\":13,\"sharpnessYellow\":12,\"sharpnessGreen\":20,\"sharpnessBlue\":3,\"slotsRank2\":2}'),(648,'Glutton Gunlance 3','gunlance',6,'glutton-gunlance-3','{\"attack\":437,\"elementType\":\"Sleep\",\"elementDamage\":300,\"elementHidden\":true,\"shellingType\":\"Normal Lv3\",\"sharpnessRed\":22,\"sharpnessOrange\":30,\"sharpnessYellow\":10,\"sharpnessGreen\":13,\"sharpnessBlue\":12,\"slotsRank3\":1,\"slotsRank2\":1}'),(649,'Girros Gunlance 1','gunlance',3,'girros-gunlance-1','{\"attack\":276,\"elementType\":\"Paralysis\",\"elementDamage\":210,\"elementHidden\":false,\"shellingType\":\"Normal Lv2\",\"sharpnessRed\":30,\"sharpnessOrange\":17,\"sharpnessYellow\":8,\"sharpnessGreen\":7}'),(650,'Girros Gunlance 2','gunlance',4,'girros-gunlance-2','{\"attack\":299,\"elementType\":\"Paralysis\",\"elementDamage\":270,\"elementHidden\":false,\"shellingType\":\"Normal Lv2\",\"sharpnessRed\":27,\"sharpnessOrange\":18,\"sharpnessYellow\":7,\"sharpnessGreen\":10}'),(651,'Deathfang Gunlance 1','gunlance',5,'deathfang-gunlance-1','{\"attack\":322,\"elementType\":\"Paralysis\",\"elementDamage\":330,\"elementHidden\":false,\"shellingType\":\"Normal Lv3\",\"sharpnessRed\":35,\"sharpnessOrange\":17,\"sharpnessYellow\":8,\"sharpnessGreen\":15}'),(652,'Deathfang Gunlance 2','gunlance',6,'deathfang-gunlance-2','{\"attack\":345,\"elementType\":\"Paralysis\",\"elementDamage\":390,\"elementHidden\":false,\"shellingType\":\"Normal Lv3\",\"sharpnessRed\":25,\"sharpnessOrange\":25,\"sharpnessYellow\":10,\"sharpnessGreen\":10,\"sharpnessBlue\":5}'),(653,'Deathfang Gunlance 3','gunlance',6,'deathfang-gunlance-3','{\"attack\":368,\"elementType\":\"Paralysis\",\"elementDamage\":450,\"elementHidden\":false,\"shellingType\":\"Normal Lv3\",\"sharpnessRed\":37,\"sharpnessOrange\":25,\"sharpnessYellow\":8,\"sharpnessGreen\":7,\"sharpnessBlue\":10}'),(654,'Hazak Spysa 1','gunlance',7,'hazak-spysa-1','{\"attack\":437,\"elementType\":\"Dragon\",\"elementDamage\":240,\"elementHidden\":false,\"shellingType\":\"Long Lv3\",\"sharpnessRed\":35,\"sharpnessOrange\":27,\"sharpnessYellow\":10,\"sharpnessGreen\":10,\"sharpnessBlue\":5,\"slotsRank1\":1}'),(655,'Hazak Spysa 2','gunlance',7,'hazak-spysa-2','{\"attack\":460,\"elementType\":\"Dragon\",\"elementDamage\":270,\"elementHidden\":false,\"shellingType\":\"Long Lv3\",\"sharpnessRed\":50,\"sharpnessOrange\":17,\"sharpnessYellow\":5,\"sharpnessGreen\":5,\"sharpnessBlue\":10,\"slotsRank2\":1}'),(656,'Carapace Cannon 1','gunlance',2,'carapace-cannon-1','{\"attack\":276,\"affinity\":\"-10%\",\"shellingType\":\"Wide Lv1\",\"sharpnessRed\":20,\"sharpnessOrange\":12,\"sharpnessYellow\":13,\"sharpnessGreen\":5}'),(657,'Carapace Cannon 2','gunlance',3,'carapace-cannon-2','{\"attack\":299,\"affinity\":\"-10%\",\"shellingType\":\"Wide Lv1\",\"sharpnessRed\":27,\"sharpnessOrange\":18,\"sharpnessYellow\":7,\"sharpnessGreen\":10}'),(658,'Carapace Cannon 3','gunlance',4,'carapace-cannon-3','{\"attack\":345,\"affinity\":\"-10%\",\"shellingType\":\"Wide Lv1\",\"sharpnessRed\":22,\"sharpnessOrange\":18,\"sharpnessYellow\":7,\"sharpnessGreen\":15}'),(659,'Barroth Blaster 1','gunlance',5,'barroth-blaster-1','{\"attack\":391,\"elementType\":\"Paralysis\",\"elementDamage\":270,\"elementHidden\":true,\"affinity\":\"-10%\",\"shellingType\":\"Wide Lv2\",\"sharpnessRed\":30,\"sharpnessOrange\":17,\"sharpnessYellow\":8,\"sharpnessGreen\":20}'),(660,'Barroth Blaster 2','gunlance',6,'barroth-blaster-2','{\"attack\":437,\"elementType\":\"Paralysis\",\"elementDamage\":330,\"elementHidden\":true,\"affinity\":\"-10%\",\"shellingType\":\"Wide Lv2\",\"sharpnessRed\":25,\"sharpnessOrange\":12,\"sharpnessYellow\":13,\"sharpnessGreen\":20,\"sharpnessBlue\":5}'),(661,'Barroth Blaster 3','gunlance',6,'barroth-blaster-3','{\"attack\":460,\"elementType\":\"Paralysis\",\"elementDamage\":390,\"elementHidden\":true,\"affinity\":\"-10%\",\"shellingType\":\"Wide Lv3\",\"sharpnessRed\":30,\"sharpnessOrange\":17,\"sharpnessYellow\":8,\"sharpnessGreen\":25,\"sharpnessBlue\":7}'),(662,'Blazing Gunlance 1','gunlance',3,'blazing-gunlance-1','{\"attack\":299,\"elementType\":\"Fire\",\"elementDamage\":210,\"elementHidden\":false,\"affinity\":\"-20%\",\"shellingType\":\"Long Lv1\",\"sharpnessRed\":30,\"sharpnessOrange\":17,\"sharpnessYellow\":8,\"sharpnessGreen\":7}'),(663,'Blazing Gunlance 2','gunlance',4,'blazing-gunlance-2','{\"attack\":322,\"elementType\":\"Fire\",\"elementDamage\":240,\"elementHidden\":false,\"affinity\":\"-20%\",\"shellingType\":\"Long Lv1\",\"sharpnessRed\":27,\"sharpnessOrange\":18,\"sharpnessYellow\":7,\"sharpnessGreen\":10}'),(664,'Anja Cannon 1','gunlance',5,'anja-cannon-1','{\"attack\":368,\"elementType\":\"Fire\",\"elementDamage\":270,\"elementHidden\":false,\"affinity\":\"-20%\",\"shellingType\":\"Long Lv2\",\"sharpnessRed\":35,\"sharpnessOrange\":17,\"sharpnessYellow\":8,\"sharpnessGreen\":15}'),(665,'Anja Cannon 2','gunlance',6,'anja-cannon-2','{\"attack\":414,\"elementType\":\"Fire\",\"elementDamage\":330,\"elementHidden\":false,\"affinity\":\"-20%\",\"shellingType\":\"Long Lv2\",\"sharpnessRed\":32,\"sharpnessOrange\":18,\"sharpnessYellow\":7,\"sharpnessGreen\":18}'),(666,'Anja Cannon 3','gunlance',6,'anja-cannon-3','{\"attack\":483,\"elementType\":\"Fire\",\"elementDamage\":450,\"elementHidden\":false,\"affinity\":\"-20%\",\"shellingType\":\"Long Lv3\",\"sharpnessRed\":32,\"sharpnessOrange\":18,\"sharpnessYellow\":7,\"sharpnessGreen\":25,\"sharpnessBlue\":5}'),(667,'Dragonbone Gunlance 1','gunlance',3,'dragonbone-gunlance-1','{\"attack\":230,\"elementType\":\"Dragon\",\"elementDamage\":360,\"elementHidden\":false,\"shellingType\":\"Normal Lv2\",\"sharpnessRed\":27,\"sharpnessOrange\":18,\"sharpnessYellow\":7,\"sharpnessGreen\":10}'),(668,'Dragonbone Gunlance 2','gunlance',4,'dragonbone-gunlance-2','{\"attack\":253,\"elementType\":\"Dragon\",\"elementDamage\":390,\"elementHidden\":false,\"shellingType\":\"Normal Lv2\",\"sharpnessRed\":17,\"sharpnessOrange\":18,\"sharpnessYellow\":7,\"sharpnessGreen\":20}'),(669,'Dragonbone Gunlance 3','gunlance',6,'dragonbone-gunlance-3','{\"attack\":368,\"elementType\":\"Dragon\",\"elementDamage\":420,\"elementHidden\":false,\"shellingType\":\"Normal Lv3\",\"sharpnessRed\":30,\"sharpnessOrange\":27,\"sharpnessYellow\":10,\"sharpnessGreen\":10,\"sharpnessBlue\":10,\"slotsRank1\":2}'),(670,'Magda Lahat','gunlance',5,'magda-lahat','{\"attack\":368,\"elementType\":\"Blast\",\"elementDamage\":330,\"elementHidden\":false,\"affinity\":\"-10%\",\"shellingType\":\"Long Lv3\",\"sharpnessRed\":27,\"sharpnessOrange\":13,\"sharpnessYellow\":20,\"sharpnessGreen\":15}'),(671,'Earthshaker Magda Lahat','gunlance',8,'earthshaker-magda-lahat','{\"attack\":460,\"elementType\":\"Blast\",\"elementDamage\":420,\"elementHidden\":false,\"affinity\":\"-10%\",\"shellingType\":\"Long Lv4\",\"sharpnessRed\":52,\"sharpnessOrange\":8,\"sharpnessYellow\":10,\"sharpnessGreen\":17}'),(672,'Blacksteel Gunlance 1','gunlance',5,'blacksteel-gunlance-1','{\"attack\":230,\"elementType\":\"Dragon\",\"elementDamage\":120,\"elementHidden\":false,\"shellingType\":\"Normal Lv2\",\"sharpnessRed\":37,\"sharpnessOrange\":28,\"sharpnessYellow\":10}'),(673,'Blacksteel Gunlance 2','gunlance',6,'blacksteel-gunlance-2','{\"attack\":253,\"elementType\":\"Dragon\",\"elementDamage\":150,\"elementHidden\":false,\"shellingType\":\"Normal Lv2\",\"sharpnessRed\":35,\"sharpnessOrange\":27,\"sharpnessYellow\":10,\"sharpnessGreen\":3}'),(674,'Icesteel Gunlance','gunlance',7,'icesteel-gunlance','{\"attack\":391,\"elementType\":\"Ice\",\"elementDamage\":210,\"elementHidden\":false,\"shellingType\":\"Long Lv3\",\"sharpnessRed\":27,\"sharpnessOrange\":15,\"sharpnessYellow\":20,\"sharpnessGreen\":20,\"sharpnessBlue\":5,\"slotsRank3\":1}'),(675,'Daora\'s Brigia','gunlance',8,'daoras-brigia','{\"attack\":414,\"elementType\":\"Ice\",\"elementDamage\":240,\"elementHidden\":false,\"shellingType\":\"Long Lv3\",\"sharpnessRed\":22,\"sharpnessOrange\":15,\"sharpnessYellow\":20,\"sharpnessGreen\":20,\"sharpnessBlue\":10,\"slotsRank3\":1}'),(676,'Xeno Hemta','gunlance',8,'xeno-hemta','{\"attack\":391,\"elementType\":\"Dragon\",\"elementDamage\":180,\"elementHidden\":false,\"shellingType\":\"Long Lv3\",\"sharpnessRed\":32,\"sharpnessOrange\":8,\"sharpnessYellow\":15,\"sharpnessGreen\":20,\"sharpnessBlue\":10,\"sharpnessWhite\":2,\"slotsRank3\":2}'),(677,'Proto Iron Axe 1','switch-axe',1,'proto-iron-axe-1','{\"attack\":280,\"phialType\":\"Power Phial\",\"sharpnessRed\":25,\"sharpnessOrange\":12,\"sharpnessYellow\":13}'),(678,'Proto Iron Axe 2','switch-axe',1,'proto-iron-axe-2','{\"attack\":315,\"phialType\":\"Power Phial\",\"sharpnessRed\":20,\"sharpnessOrange\":17,\"sharpnessYellow\":8,\"sharpnessGreen\":5}'),(679,'Proto Iron Axe 3','switch-axe',2,'proto-iron-axe-3','{\"attack\":350,\"phialType\":\"Power Phial\",\"sharpnessRed\":15,\"sharpnessOrange\":17,\"sharpnessYellow\":8,\"sharpnessGreen\":10}'),(680,'Improved Steel Axe 1','switch-axe',3,'improved-steel-axe-1','{\"attack\":385,\"phialType\":\"Poison Phial 300\",\"sharpnessRed\":17,\"sharpnessOrange\":13,\"sharpnessYellow\":20,\"sharpnessGreen\":12}'),(681,'Improved Steel Axe 2','switch-axe',4,'improved-steel-axe-2','{\"attack\":455,\"phialType\":\"Poison Phial 300\",\"sharpnessRed\":15,\"sharpnessOrange\":12,\"sharpnessYellow\":20,\"sharpnessGreen\":15}'),(682,'Improved Steel Axe 3','switch-axe',5,'improved-steel-axe-3','{\"attack\":490,\"elementType\":\"Poison\",\"elementDamage\":300,\"elementHidden\":true,\"phialType\":\"Poison Phial 300\",\"sharpnessRed\":22,\"sharpnessOrange\":13,\"sharpnessYellow\":12,\"sharpnessGreen\":20,\"sharpnessBlue\":8,\"slotsRank1\":1}'),(683,'Perfected Alloy Axe 1','switch-axe',6,'perfected-alloy-axe-1','{\"attack\":560,\"elementType\":\"Poison\",\"elementDamage\":360,\"elementHidden\":true,\"phialType\":\"Poison Phial 420\",\"sharpnessRed\":17,\"sharpnessOrange\":13,\"sharpnessYellow\":12,\"sharpnessGreen\":20,\"sharpnessBlue\":13,\"slotsRank1\":1}'),(684,'Perfected Alloy Axe 2','switch-axe',6,'perfected-alloy-axe-2','{\"attack\":630,\"elementType\":\"Poison\",\"elementDamage\":420,\"elementHidden\":true,\"phialType\":\"Poison Phial 420\",\"sharpnessRed\":15,\"sharpnessOrange\":15,\"sharpnessYellow\":5,\"sharpnessGreen\":37,\"sharpnessBlue\":15,\"slotsRank1\":2}'),(685,'Nergal Gash','switch-axe',7,'nergal-gash','{\"attack\":665,\"elementType\":\"Dragon\",\"elementDamage\":120,\"elementHidden\":false,\"phialType\":\"Power Phial\",\"sharpnessRed\":30,\"sharpnessOrange\":30,\"sharpnessYellow\":10,\"sharpnessGreen\":12,\"sharpnessBlue\":18,\"slotsRank1\":1}'),(686,'Dying Light','switch-axe',8,'dying-light','{\"attack\":700,\"elementType\":\"Dragon\",\"elementDamage\":150,\"elementHidden\":false,\"phialType\":\"Power Phial\",\"sharpnessRed\":27,\"sharpnessOrange\":30,\"sharpnessYellow\":10,\"sharpnessGreen\":13,\"sharpnessBlue\":20,\"slotsRank1\":1}'),(687,'Glacial Axe 1','switch-axe',4,'glacial-axe-1','{\"attack\":455,\"elementType\":\"Ice\",\"elementDamage\":210,\"elementHidden\":false,\"phialType\":\"Element Phial\",\"sharpnessRed\":15,\"sharpnessOrange\":12,\"sharpnessYellow\":20,\"sharpnessGreen\":15}'),(688,'Glacial Axe 2','switch-axe',5,'glacial-axe-2','{\"attack\":490,\"elementType\":\"Ice\",\"elementDamage\":240,\"elementHidden\":false,\"phialType\":\"Element Phial\",\"sharpnessRed\":25,\"sharpnessOrange\":12,\"sharpnessYellow\":13,\"sharpnessGreen\":20,\"sharpnessBlue\":5}'),(689,'Frostreaver','switch-axe',6,'frostreaver','{\"attack\":525,\"elementType\":\"Ice\",\"elementDamage\":270,\"elementHidden\":false,\"phialType\":\"Element Phial\",\"sharpnessRed\":22,\"sharpnessOrange\":13,\"sharpnessYellow\":12,\"sharpnessGreen\":20,\"sharpnessBlue\":8}'),(690,'Legia Frostreaver','switch-axe',7,'legia-frostreaver','{\"attack\":560,\"elementType\":\"Ice\",\"elementDamage\":300,\"elementHidden\":false,\"phialType\":\"Element Phial\",\"sharpnessRed\":32,\"sharpnessOrange\":8,\"sharpnessYellow\":15,\"sharpnessGreen\":20,\"sharpnessBlue\":10,\"sharpnessWhite\":2}'),(691,'Thunder Axe 1','switch-axe',3,'thunder-axe-1','{\"attack\":420,\"elementType\":\"Thunder\",\"elementDamage\":90,\"elementHidden\":false,\"phialType\":\"Power Phial\",\"sharpnessRed\":22,\"sharpnessOrange\":13,\"sharpnessYellow\":20,\"sharpnessGreen\":7}'),(692,'Thunder Axe 2','switch-axe',4,'thunder-axe-2','{\"attack\":490,\"elementType\":\"Thunder\",\"elementDamage\":90,\"elementHidden\":false,\"phialType\":\"Power Phial\",\"sharpnessRed\":20,\"sharpnessOrange\":12,\"sharpnessYellow\":20,\"sharpnessGreen\":10}'),(693,'Lightning Chopper 1','switch-axe',5,'lightning-chopper-1','{\"attack\":560,\"elementType\":\"Thunder\",\"elementDamage\":120,\"elementHidden\":false,\"phialType\":\"Power Phial\",\"sharpnessRed\":27,\"sharpnessOrange\":13,\"sharpnessYellow\":20,\"sharpnessGreen\":15,\"slotsRank1\":1}'),(694,'Lightning Chopper 2','switch-axe',6,'lightning-chopper-2','{\"attack\":595,\"elementType\":\"Thunder\",\"elementDamage\":150,\"elementHidden\":false,\"phialType\":\"Power Phial\",\"sharpnessRed\":25,\"sharpnessOrange\":12,\"sharpnessYellow\":13,\"sharpnessGreen\":20,\"sharpnessBlue\":5,\"slotsRank2\":1}'),(695,'Lightning Chopper 3','switch-axe',6,'lightning-chopper-3','{\"attack\":630,\"elementType\":\"Thunder\",\"elementDamage\":180,\"elementHidden\":false,\"phialType\":\"Power Phial\",\"sharpnessRed\":22,\"sharpnessOrange\":15,\"sharpnessYellow\":20,\"sharpnessGreen\":20,\"sharpnessBlue\":10,\"slotsRank2\":1}'),(696,'Motor Chopper 1','switch-axe',6,'motor-chopper-1','{\"attack\":630,\"elementType\":\"Fire\",\"elementDamage\":120,\"elementHidden\":false,\"phialType\":\"Power Phial\",\"sharpnessRed\":22,\"sharpnessOrange\":13,\"sharpnessYellow\":12,\"sharpnessGreen\":20,\"sharpnessBlue\":8,\"slotsRank1\":1}'),(697,'Motor Chopper 2','switch-axe',7,'motor-chopper-2','{\"attack\":735,\"elementType\":\"Fire\",\"elementDamage\":120,\"elementHidden\":false,\"phialType\":\"Power Phial\",\"sharpnessRed\":20,\"sharpnessOrange\":12,\"sharpnessYellow\":20,\"sharpnessGreen\":25,\"sharpnessBlue\":10,\"slotsRank1\":1}'),(698,'Jagras Axe 1','switch-axe',2,'jagras-axe-1','{\"attack\":385,\"phialType\":\"Exhaust Phial 120\",\"sharpnessRed\":15,\"sharpnessOrange\":17,\"sharpnessYellow\":8,\"sharpnessGreen\":10}'),(699,'Jagras Axe 2','switch-axe',3,'jagras-axe-2','{\"attack\":420,\"phialType\":\"Exhaust Phial 120\",\"sharpnessRed\":17,\"sharpnessOrange\":13,\"sharpnessYellow\":20,\"sharpnessGreen\":12}'),(700,'Jagras Axe 3','switch-axe',4,'jagras-axe-3','{\"attack\":490,\"phialType\":\"Exhaust Phial 150\",\"sharpnessRed\":12,\"sharpnessOrange\":13,\"sharpnessYellow\":20,\"sharpnessGreen\":17}'),(701,'Jagras Rider 1','switch-axe',5,'jagras-rider-1','{\"attack\":560,\"elementType\":\"Sleep\",\"elementDamage\":180,\"elementHidden\":true,\"phialType\":\"Exhaust Phial 180\",\"sharpnessRed\":27,\"sharpnessOrange\":13,\"sharpnessYellow\":12,\"sharpnessGreen\":20,\"sharpnessBlue\":3,\"slotsRank1\":1}'),(702,'Jagras Rider 2','switch-axe',6,'jagras-rider-2','{\"attack\":630,\"elementType\":\"Sleep\",\"elementDamage\":210,\"elementHidden\":true,\"phialType\":\"Exhaust Phial 180\",\"sharpnessRed\":25,\"sharpnessOrange\":12,\"sharpnessYellow\":13,\"sharpnessGreen\":20,\"sharpnessBlue\":5,\"slotsRank2\":2}'),(703,'Jagras Rider 3','switch-axe',6,'jagras-rider-3','{\"attack\":665,\"elementType\":\"Sleep\",\"elementDamage\":240,\"elementHidden\":true,\"phialType\":\"Exhaust Phial 210\",\"sharpnessRed\":27,\"sharpnessOrange\":30,\"sharpnessYellow\":10,\"sharpnessGreen\":13,\"sharpnessBlue\":7,\"slotsRank3\":1,\"slotsRank2\":1}'),(704,'Bazel Rider 1','switch-axe',6,'bazel-rider-1','{\"attack\":665,\"elementType\":\"Blast\",\"elementDamage\":150,\"elementHidden\":false,\"affinity\":\"-15%\",\"phialType\":\"Power Phial\",\"sharpnessRed\":25,\"sharpnessOrange\":12,\"sharpnessYellow\":13,\"sharpnessGreen\":20,\"sharpnessBlue\":5,\"slotsRank1\":1}'),(705,'Bazel Rider 2','switch-axe',7,'bazel-rider-2','{\"attack\":700,\"elementType\":\"Blast\",\"elementDamage\":180,\"elementHidden\":false,\"affinity\":\"-15%\",\"phialType\":\"Power Phial\",\"sharpnessRed\":17,\"sharpnessOrange\":30,\"sharpnessYellow\":20,\"sharpnessGreen\":15,\"sharpnessBlue\":5,\"slotsRank1\":1}'),(706,'Rathalos Axe 1','switch-axe',4,'rathalos-axe-1','{\"attack\":455,\"elementType\":\"Fire\",\"elementDamage\":120,\"elementHidden\":false,\"phialType\":\"Power Phial\",\"sharpnessRed\":15,\"sharpnessOrange\":12,\"sharpnessYellow\":20,\"sharpnessGreen\":15}'),(707,'Rathalos Axe 2','switch-axe',4,'rathalos-axe-2','{\"attack\":490,\"elementType\":\"Fire\",\"elementDamage\":120,\"elementHidden\":false,\"phialType\":\"Power Phial\",\"sharpnessRed\":25,\"sharpnessOrange\":12,\"sharpnessYellow\":20,\"sharpnessGreen\":18,\"slotsRank1\":1}'),(708,'Rathbringer Axe 1','switch-axe',6,'rathbringer-axe-1','{\"attack\":560,\"elementType\":\"Fire\",\"elementDamage\":150,\"elementHidden\":false,\"phialType\":\"Power Phial\",\"sharpnessRed\":22,\"sharpnessOrange\":13,\"sharpnessYellow\":12,\"sharpnessGreen\":20,\"sharpnessBlue\":8,\"slotsRank1\":1}'),(709,'Rathbringer Axe 2','switch-axe',7,'rathbringer-axe-2','{\"attack\":665,\"elementType\":\"Fire\",\"elementDamage\":150,\"elementHidden\":false,\"phialType\":\"Power Phial\",\"sharpnessRed\":22,\"sharpnessOrange\":15,\"sharpnessYellow\":20,\"sharpnessGreen\":20,\"sharpnessBlue\":10,\"slotsRank1\":1}'),(710,'Bone Axe 1','switch-axe',1,'bone-axe-1','{\"attack\":315,\"phialType\":\"Power Phial\",\"sharpnessRed\":25,\"sharpnessOrange\":15,\"sharpnessYellow\":10}'),(711,'Bone Axe 2','switch-axe',1,'bone-axe-2','{\"attack\":350,\"phialType\":\"Power Phial\",\"sharpnessRed\":22,\"sharpnessOrange\":13,\"sharpnessYellow\":15}'),(712,'Bone Axe 3','switch-axe',2,'bone-axe-3','{\"attack\":385,\"phialType\":\"Power Phial\",\"sharpnessRed\":20,\"sharpnessOrange\":12,\"sharpnessYellow\":13,\"sharpnessGreen\":5}'),(713,'Bone Smasher 1','switch-axe',3,'bone-smasher-1','{\"attack\":490,\"phialType\":\"Power Phial\",\"sharpnessRed\":30,\"sharpnessOrange\":17,\"sharpnessYellow\":8,\"sharpnessGreen\":7}'),(714,'Bone Smasher 2','switch-axe',4,'bone-smasher-2','{\"attack\":525,\"phialType\":\"Power Phial\",\"sharpnessRed\":27,\"sharpnessOrange\":18,\"sharpnessYellow\":7,\"sharpnessGreen\":10}'),(715,'Bone Smasher 3','switch-axe',5,'bone-smasher-3','{\"attack\":560,\"phialType\":\"Power Phial\",\"sharpnessRed\":35,\"sharpnessOrange\":17,\"sharpnessYellow\":8,\"sharpnessGreen\":15,\"slotsRank2\":1}'),(716,'Power Smasher 1','switch-axe',6,'power-smasher-1','{\"attack\":595,\"phialType\":\"Dragon Phial 300\",\"sharpnessRed\":25,\"sharpnessOrange\":25,\"sharpnessYellow\":10,\"sharpnessGreen\":10,\"sharpnessBlue\":5,\"slotsRank2\":1}'),(717,'Power Smasher 2','switch-axe',6,'power-smasher-2','{\"attack\":665,\"phialType\":\"Dragon Phial 420\",\"sharpnessRed\":25,\"sharpnessOrange\":30,\"sharpnessYellow\":10,\"sharpnessGreen\":12,\"sharpnessBlue\":10}'),(718,'Hazak Demios 1','switch-axe',7,'hazak-demios-1','{\"attack\":665,\"elementType\":\"Dragon\",\"elementDamage\":180,\"elementHidden\":false,\"phialType\":\"Element Phial\",\"sharpnessRed\":35,\"sharpnessOrange\":27,\"sharpnessYellow\":10,\"sharpnessGreen\":10,\"sharpnessBlue\":5,\"slotsRank2\":1}'),(719,'Hazak Demios 2','switch-axe',7,'hazak-demios-2','{\"attack\":700,\"elementType\":\"Dragon\",\"elementDamage\":210,\"elementHidden\":false,\"phialType\":\"Element Phial\",\"sharpnessRed\":50,\"sharpnessOrange\":17,\"sharpnessYellow\":5,\"sharpnessGreen\":5,\"sharpnessBlue\":10,\"slotsRank2\":1}'),(720,'Madness Axe 1','switch-axe',2,'madness-axe-1','{\"attack\":385,\"elementType\":\"Water\",\"elementDamage\":150,\"elementHidden\":false,\"phialType\":\"Element Phial\",\"sharpnessRed\":20,\"sharpnessOrange\":12,\"sharpnessYellow\":13,\"sharpnessGreen\":5}'),(721,'Madness Axe 2','switch-axe',3,'madness-axe-2','{\"attack\":420,\"elementType\":\"Water\",\"elementDamage\":180,\"elementHidden\":false,\"phialType\":\"Element Phial\",\"sharpnessRed\":30,\"sharpnessOrange\":17,\"sharpnessYellow\":8,\"sharpnessGreen\":7}'),(722,'Madness Axe 3','switch-axe',4,'madness-axe-3','{\"attack\":490,\"elementType\":\"Water\",\"elementDamage\":210,\"elementHidden\":false,\"phialType\":\"Element Phial\",\"sharpnessRed\":27,\"sharpnessOrange\":18,\"sharpnessYellow\":7,\"sharpnessGreen\":10}'),(723,'Jyura Drought 1','switch-axe',5,'jyura-drought-1','{\"attack\":560,\"elementType\":\"Water\",\"elementDamage\":240,\"elementHidden\":false,\"phialType\":\"Element Phial\",\"sharpnessRed\":27,\"sharpnessOrange\":15,\"sharpnessYellow\":20,\"sharpnessGreen\":13,\"slotsRank1\":1}'),(724,'Jyura Drought 2','switch-axe',6,'jyura-drought-2','{\"attack\":630,\"elementType\":\"Water\",\"elementDamage\":270,\"elementHidden\":false,\"phialType\":\"Element Phial\",\"sharpnessRed\":27,\"sharpnessOrange\":25,\"sharpnessYellow\":10,\"sharpnessGreen\":10,\"sharpnessBlue\":3,\"slotsRank1\":1}'),(725,'Jyura Drought 3','switch-axe',7,'jyura-drought-3','{\"attack\":665,\"elementType\":\"Water\",\"elementDamage\":300,\"elementHidden\":false,\"phialType\":\"Element Phial\",\"sharpnessRed\":35,\"sharpnessOrange\":27,\"sharpnessYellow\":10,\"sharpnessGreen\":10,\"sharpnessBlue\":5,\"slotsRank1\":1}'),(726,'Lumu Axe 1','switch-axe',3,'lumu-axe-1','{\"attack\":420,\"phialType\":\"Power Phial\",\"sharpnessRed\":30,\"sharpnessOrange\":17,\"sharpnessYellow\":8,\"sharpnessGreen\":7}'),(727,'Lumu Axe 2','switch-axe',4,'lumu-axe-2','{\"attack\":490,\"phialType\":\"Power Phial\",\"sharpnessRed\":25,\"sharpnessOrange\":17,\"sharpnessYellow\":8,\"sharpnessGreen\":12}'),(728,'Lumu Smasher 1','switch-axe',5,'lumu-smasher-1','{\"attack\":525,\"elementType\":\"Blast\",\"elementDamage\":360,\"elementHidden\":true,\"phialType\":\"Power Phial\",\"sharpnessRed\":32,\"sharpnessOrange\":18,\"sharpnessYellow\":7,\"sharpnessGreen\":18,\"slotsRank1\":1}'),(729,'Lumu Smasher 2','switch-axe',6,'lumu-smasher-2','{\"attack\":560,\"elementType\":\"Blast\",\"elementDamage\":390,\"elementHidden\":true,\"phialType\":\"Power Phial\",\"sharpnessRed\":22,\"sharpnessOrange\":25,\"sharpnessYellow\":10,\"sharpnessGreen\":10,\"sharpnessBlue\":8,\"slotsRank2\":1}'),(730,'Lumu Smasher 3','switch-axe',7,'lumu-smasher-3','{\"attack\":595,\"elementType\":\"Blast\",\"elementDamage\":420,\"elementHidden\":true,\"phialType\":\"Power Phial\",\"sharpnessRed\":35,\"sharpnessOrange\":25,\"sharpnessYellow\":7,\"sharpnessGreen\":8,\"sharpnessBlue\":12,\"slotsRank3\":1}'),(731,'Carapace Axe 1','switch-axe',2,'carapace-axe-1','{\"attack\":420,\"affinity\":\"-20%\",\"phialType\":\"Para Phial 180\",\"sharpnessRed\":22,\"sharpnessOrange\":13,\"sharpnessYellow\":12,\"sharpnessGreen\":3}'),(732,'Carapace Axe 2','switch-axe',3,'carapace-axe-2','{\"attack\":490,\"affinity\":\"-20%\",\"phialType\":\"Para Phial 180\",\"sharpnessRed\":27,\"sharpnessOrange\":18,\"sharpnessYellow\":7,\"sharpnessGreen\":10}'),(733,'Carapace Axe 3','switch-axe',5,'carapace-axe-3','{\"attack\":560,\"affinity\":\"-20%\",\"phialType\":\"Para Phial 180\",\"sharpnessRed\":22,\"sharpnessOrange\":18,\"sharpnessYellow\":7,\"sharpnessGreen\":15}'),(734,'Barroth Grinder 1','switch-axe',5,'barroth-grinder-1','{\"attack\":595,\"elementType\":\"Paralysis\",\"elementDamage\":240,\"elementHidden\":true,\"affinity\":\"-20%\",\"phialType\":\"Para Phial 210\",\"sharpnessRed\":32,\"sharpnessOrange\":18,\"sharpnessYellow\":7,\"sharpnessGreen\":18,\"slotsRank1\":1}'),(735,'Barroth Grinder 2','switch-axe',6,'barroth-grinder-2','{\"attack\":665,\"elementType\":\"Paralysis\",\"elementDamage\":270,\"elementHidden\":true,\"affinity\":\"-20%\",\"phialType\":\"Para Phial 240\",\"sharpnessRed\":30,\"sharpnessOrange\":17,\"sharpnessYellow\":8,\"sharpnessGreen\":20,\"slotsRank1\":2}'),(736,'Barroth Grinder 3','switch-axe',6,'barroth-grinder-3','{\"attack\":735,\"elementType\":\"Paralysis\",\"elementDamage\":300,\"elementHidden\":true,\"affinity\":\"-20%\",\"phialType\":\"Para Phial 270\",\"sharpnessRed\":30,\"sharpnessOrange\":17,\"sharpnessYellow\":8,\"sharpnessGreen\":25,\"sharpnessBlue\":7,\"slotsRank2\":1,\"slotsRank1\":1}'),(737,'Diablos Axe 1','switch-axe',4,'diablos-axe-1','{\"attack\":595,\"affinity\":\"-30%\",\"phialType\":\"Power Phial\",\"sharpnessRed\":25,\"sharpnessOrange\":17,\"sharpnessYellow\":8,\"sharpnessGreen\":12}'),(738,'Diablos Axe 2','switch-axe',5,'diablos-axe-2','{\"attack\":630,\"elementType\":\"Ice\",\"elementDamage\":90,\"elementHidden\":true,\"affinity\":\"-30%\",\"phialType\":\"Power Phial\",\"sharpnessRed\":35,\"sharpnessOrange\":17,\"sharpnessYellow\":8,\"sharpnessGreen\":15,\"slotsRank1\":1}'),(739,'Axe Semper Tyrannis','switch-axe',6,'axe-semper-tyrannis','{\"attack\":735,\"elementType\":\"Ice\",\"elementDamage\":120,\"elementHidden\":true,\"affinity\":\"-30%\",\"phialType\":\"Power Phial\",\"sharpnessRed\":27,\"sharpnessOrange\":13,\"sharpnessYellow\":12,\"sharpnessGreen\":20,\"sharpnessBlue\":3,\"slotsRank1\":1}'),(740,'Axe of Thanatos','switch-axe',7,'axe-of-thanatos','{\"attack\":770,\"elementType\":\"Ice\",\"elementDamage\":150,\"elementHidden\":true,\"affinity\":\"-30%\",\"phialType\":\"Power Phial\",\"sharpnessRed\":35,\"sharpnessOrange\":27,\"sharpnessYellow\":10,\"sharpnessGreen\":10,\"sharpnessBlue\":5,\"slotsRank1\":1}'),(741,'Axe of Demons','switch-axe',8,'axe-of-demons','{\"attack\":805,\"elementType\":\"Ice\",\"elementDamage\":180,\"elementHidden\":true,\"affinity\":\"-30%\",\"phialType\":\"Power Phial\",\"sharpnessRed\":22,\"sharpnessOrange\":13,\"sharpnessYellow\":15,\"sharpnessGreen\":30,\"sharpnessBlue\":7,\"slotsRank1\":1}'),(742,'Flammenbeil','switch-axe',3,'flammenbeil','{\"attack\":455,\"elementType\":\"Fire\",\"elementDamage\":180,\"elementHidden\":false,\"affinity\":\"-20%\",\"phialType\":\"Element Phial\",\"sharpnessRed\":30,\"sharpnessOrange\":17,\"sharpnessYellow\":8,\"sharpnessGreen\":7}'),(743,'Flammenbeil+','switch-axe',5,'flammenbeil+','{\"attack\":560,\"elementType\":\"Fire\",\"elementDamage\":240,\"elementHidden\":false,\"affinity\":\"-20%\",\"phialType\":\"Element Phial\",\"sharpnessRed\":27,\"sharpnessOrange\":25,\"sharpnessYellow\":10,\"sharpnessGreen\":10,\"sharpnessBlue\":3}'),(744,'Gnashing Flammenbeil','switch-axe',7,'gnashing-flammenbeil','{\"attack\":735,\"elementType\":\"Fire\",\"elementDamage\":300,\"elementHidden\":false,\"affinity\":\"-20%\",\"phialType\":\"Element Phial\",\"sharpnessRed\":27,\"sharpnessOrange\":30,\"sharpnessYellow\":10,\"sharpnessGreen\":13,\"sharpnessBlue\":7}'),(745,'Dragonbone Slicer 1','switch-axe',3,'dragonbone-slicer-1','{\"attack\":350,\"elementType\":\"Dragon\",\"elementDamage\":210,\"elementHidden\":false,\"phialType\":\"Element Phial\",\"sharpnessRed\":27,\"sharpnessOrange\":18,\"sharpnessYellow\":7,\"sharpnessGreen\":10}'),(746,'Dragonbone Slicer 2','switch-axe',4,'dragonbone-slicer-2','{\"attack\":385,\"elementType\":\"Dragon\",\"elementDamage\":270,\"elementHidden\":false,\"phialType\":\"Element Phial\",\"sharpnessRed\":17,\"sharpnessOrange\":18,\"sharpnessYellow\":7,\"sharpnessGreen\":20}'),(747,'Dragonbone Slicer 3','switch-axe',6,'dragonbone-slicer-3','{\"attack\":560,\"elementType\":\"Dragon\",\"elementDamage\":330,\"elementHidden\":false,\"phialType\":\"Element Phial\",\"sharpnessRed\":30,\"sharpnessOrange\":27,\"sharpnessYellow\":10,\"sharpnessGreen\":10,\"sharpnessBlue\":10,\"slotsRank1\":2}'),(748,'Peal','switch-axe',4,'peal','{\"attack\":385,\"elementType\":\"Thunder\",\"elementDamage\":360,\"elementHidden\":false,\"phialType\":\"Element Phial\",\"sharpnessRed\":15,\"sharpnessOrange\":12,\"sharpnessYellow\":20,\"sharpnessGreen\":15}'),(749,'Peal+','switch-axe',7,'peal+','{\"attack\":490,\"elementType\":\"Thunder\",\"elementDamage\":390,\"elementHidden\":false,\"phialType\":\"Element Phial\",\"sharpnessRed\":27,\"sharpnessOrange\":5,\"sharpnessYellow\":5,\"sharpnessGreen\":38,\"sharpnessBlue\":12}'),(750,'Kirin Thunderpeal','switch-axe',8,'kirin-thunderpeal','{\"attack\":560,\"elementType\":\"Thunder\",\"elementDamage\":420,\"elementHidden\":false,\"phialType\":\"Element Phial\",\"sharpnessRed\":27,\"sharpnessOrange\":5,\"sharpnessYellow\":5,\"sharpnessGreen\":35,\"sharpnessBlue\":15}'),(751,'Blacksteel Switch Axe 1','switch-axe',5,'blacksteel-switch-axe-1','{\"attack\":350,\"elementType\":\"Dragon\",\"elementDamage\":120,\"elementHidden\":false,\"phialType\":\"Power Phial\",\"sharpnessRed\":37,\"sharpnessOrange\":28,\"sharpnessYellow\":10}'),(752,'Blacksteel Switch Axe 2','switch-axe',6,'blacksteel-switch-axe-2','{\"attack\":385,\"elementType\":\"Dragon\",\"elementDamage\":150,\"elementHidden\":false,\"phialType\":\"Power Phial\",\"sharpnessRed\":35,\"sharpnessOrange\":27,\"sharpnessYellow\":10,\"sharpnessGreen\":3}'),(753,'Teostra\'s Arx','switch-axe',7,'teostras-arx','{\"attack\":630,\"elementType\":\"Blast\",\"elementDamage\":300,\"elementHidden\":false,\"phialType\":\"Power Phial\",\"sharpnessRed\":27,\"sharpnessOrange\":15,\"sharpnessYellow\":20,\"sharpnessGreen\":20,\"sharpnessBlue\":5}'),(754,'Teostra\'s Castle','switch-axe',8,'teostras-castle','{\"attack\":665,\"elementType\":\"Blast\",\"elementDamage\":300,\"elementHidden\":false,\"phialType\":\"Power Phial\",\"sharpnessRed\":22,\"sharpnessOrange\":15,\"sharpnessYellow\":15,\"sharpnessGreen\":25,\"sharpnessBlue\":10}'),(755,'Xeno Martshu','switch-axe',8,'xeno-martshu','{\"attack\":595,\"elementType\":\"Dragon\",\"elementDamage\":150,\"elementHidden\":false,\"phialType\":\"Power Phial\",\"sharpnessRed\":32,\"sharpnessOrange\":8,\"sharpnessYellow\":15,\"sharpnessGreen\":20,\"sharpnessBlue\":10,\"sharpnessWhite\":2,\"slotsRank3\":2}'),(756,'Proto Commision Axe 1','charge-blade',1,'proto-commision-axe-1','{\"attack\":288,\"phialType\":\"Impact Phial\",\"sharpnessRed\":22,\"sharpnessOrange\":13,\"sharpnessYellow\":15}'),(757,'Proto Commision Axe 2','charge-blade',1,'proto-commision-axe-2','{\"attack\":324,\"phialType\":\"Impact Phial\",\"sharpnessRed\":17,\"sharpnessOrange\":18,\"sharpnessYellow\":7,\"sharpnessGreen\":8}'),(758,'Proto Commision Axe 3','charge-blade',2,'proto-commision-axe-3','{\"attack\":360,\"phialType\":\"Impact Phial\",\"sharpnessRed\":12,\"sharpnessOrange\":18,\"sharpnessYellow\":7,\"sharpnessGreen\":13}'),(759,'Elite Commision Axe 1','charge-blade',3,'elite-commision-axe-1','{\"attack\":396,\"phialType\":\"Impact Phial\",\"sharpnessRed\":17,\"sharpnessOrange\":13,\"sharpnessYellow\":20,\"sharpnessGreen\":12}'),(760,'Elite Commision Axe 2','charge-blade',4,'elite-commision-axe-2','{\"attack\":468,\"phialType\":\"Impact Phial\",\"sharpnessRed\":12,\"sharpnessOrange\":13,\"sharpnessYellow\":20,\"sharpnessGreen\":17}'),(761,'Elite Commision Axe 3','charge-blade',5,'elite-commision-axe-3','{\"attack\":504,\"elementType\":\"Thunder\",\"elementDamage\":120,\"elementHidden\":true,\"phialType\":\"Impact Phial\",\"sharpnessRed\":25,\"sharpnessOrange\":12,\"sharpnessYellow\":13,\"sharpnessGreen\":20,\"sharpnessBlue\":5,\"slotsRank1\":1}'),(762,'Chrome Guardian 1','charge-blade',6,'chrome-guardian-1','{\"attack\":576,\"elementType\":\"Thunder\",\"elementDamage\":150,\"elementHidden\":true,\"phialType\":\"Impact Phial\",\"sharpnessRed\":20,\"sharpnessOrange\":12,\"sharpnessYellow\":13,\"sharpnessGreen\":20,\"sharpnessBlue\":10,\"slotsRank1\":1}'),(763,'Chrome Guardian 2','charge-blade',6,'chrome-guardian-2','{\"attack\":648,\"elementType\":\"Thunder\",\"elementDamage\":270,\"elementHidden\":true,\"phialType\":\"Impact Phial\",\"sharpnessRed\":15,\"sharpnessOrange\":15,\"sharpnessYellow\":5,\"sharpnessGreen\":37,\"sharpnessBlue\":15,\"slotsRank1\":2}'),(764,'Nergal Lacerator','charge-blade',7,'nergal-lacerator','{\"attack\":720,\"elementType\":\"Dragon\",\"elementDamage\":120,\"elementHidden\":false,\"phialType\":\"Impact Phial\",\"sharpnessRed\":27,\"sharpnessOrange\":30,\"sharpnessYellow\":10,\"sharpnessGreen\":13,\"sharpnessBlue\":20,\"slotsRank1\":1}'),(765,'Devastation\'s Thorns','charge-blade',8,'devastations-thorns','{\"attack\":756,\"elementType\":\"Dragon\",\"elementDamage\":150,\"elementHidden\":false,\"phialType\":\"Impact Phial\",\"sharpnessRed\":25,\"sharpnessOrange\":30,\"sharpnessYellow\":10,\"sharpnessGreen\":12,\"sharpnessBlue\":23,\"slotsRank1\":1}'),(766,'Rathsblade 1','charge-blade',4,'rathsblade-1','{\"attack\":432,\"elementType\":\"Fire\",\"elementDamage\":150,\"elementHidden\":false,\"phialType\":\"Element Phial\",\"sharpnessRed\":15,\"sharpnessOrange\":12,\"sharpnessYellow\":20,\"sharpnessGreen\":15}'),(767,'Rathsblade 2','charge-blade',5,'rathsblade-2','{\"attack\":576,\"elementType\":\"Fire\",\"elementDamage\":180,\"elementHidden\":false,\"phialType\":\"Element Phial\",\"sharpnessRed\":25,\"sharpnessOrange\":12,\"sharpnessYellow\":20,\"sharpnessGreen\":18,\"slotsRank1\":1}'),(768,'Axelion Blade','charge-blade',6,'axelion-blade','{\"attack\":612,\"elementType\":\"Fire\",\"elementDamage\":210,\"elementHidden\":false,\"phialType\":\"Element Phial\",\"sharpnessRed\":22,\"sharpnessOrange\":13,\"sharpnessYellow\":12,\"sharpnessGreen\":20,\"sharpnessBlue\":8,\"slotsRank1\":1}'),(769,'Halberion Blade','charge-blade',7,'halberion-blade','{\"attack\":684,\"elementType\":\"Fire\",\"elementDamage\":240,\"elementHidden\":false,\"phialType\":\"Element Phial\",\"sharpnessRed\":17,\"sharpnessOrange\":13,\"sharpnessYellow\":15,\"sharpnessGreen\":30,\"sharpnessBlue\":12,\"slotsRank1\":1}'),(770,'Mudslide Blade 1','charge-blade',3,'mudslide-blade-1','{\"attack\":396,\"elementType\":\"Water\",\"elementDamage\":120,\"elementHidden\":false,\"phialType\":\"Element Phial\",\"sharpnessRed\":20,\"sharpnessOrange\":17,\"sharpnessYellow\":8,\"sharpnessGreen\":5}'),(771,'Mudslide Blade 2','charge-blade',3,'mudslide-blade-2','{\"attack\":432,\"elementType\":\"Water\",\"elementDamage\":150,\"elementHidden\":false,\"phialType\":\"Element Phial\",\"sharpnessRed\":22,\"sharpnessOrange\":13,\"sharpnessYellow\":20,\"sharpnessGreen\":7}'),(772,'Mudslide Blade 3','charge-blade',5,'mudslide-blade-3','{\"attack\":504,\"elementType\":\"Water\",\"elementDamage\":180,\"elementHidden\":false,\"phialType\":\"Element Phial\",\"sharpnessRed\":20,\"sharpnessOrange\":12,\"sharpnessYellow\":20,\"sharpnessGreen\":10}'),(773,'Jyura Depth 1','charge-blade',5,'jyura-depth-1','{\"attack\":576,\"elementType\":\"Water\",\"elementDamage\":210,\"elementHidden\":false,\"phialType\":\"Element Phial\",\"sharpnessRed\":27,\"sharpnessOrange\":13,\"sharpnessYellow\":20,\"sharpnessGreen\":15,\"slotsRank1\":1}'),(774,'Jyura Depth 2','charge-blade',6,'jyura-depth-2','{\"attack\":648,\"elementType\":\"Water\",\"elementDamage\":240,\"elementHidden\":false,\"phialType\":\"Element Phial\",\"sharpnessRed\":27,\"sharpnessOrange\":13,\"sharpnessYellow\":12,\"sharpnessGreen\":20,\"sharpnessBlue\":3,\"slotsRank1\":1}'),(775,'Jyura Depth 3','charge-blade',6,'jyura-depth-3','{\"attack\":684,\"elementType\":\"Water\",\"elementDamage\":270,\"elementHidden\":false,\"phialType\":\"Element Phial\",\"sharpnessRed\":25,\"sharpnessOrange\":15,\"sharpnessYellow\":15,\"sharpnessGreen\":25,\"sharpnessBlue\":7,\"slotsRank1\":1}'),(776,'Everfrost Blade 1','charge-blade',4,'everfrost-blade-1','{\"attack\":504,\"elementType\":\"Ice\",\"elementDamage\":150,\"elementHidden\":false,\"phialType\":\"Element Phial\",\"sharpnessRed\":17,\"sharpnessOrange\":13,\"sharpnessYellow\":20,\"sharpnessGreen\":12}'),(777,'Everfrost Blade 2','charge-blade',5,'everfrost-blade-2','{\"attack\":540,\"elementType\":\"Ice\",\"elementDamage\":180,\"elementHidden\":false,\"phialType\":\"Element Phial\",\"sharpnessRed\":25,\"sharpnessOrange\":12,\"sharpnessYellow\":20,\"sharpnessGreen\":18,\"slotsRank1\":2}'),(778,'Gigafrost 1','charge-blade',6,'gigafrost-1','{\"attack\":576,\"elementType\":\"Ice\",\"elementDamage\":210,\"elementHidden\":false,\"phialType\":\"Element Phial\",\"sharpnessRed\":25,\"sharpnessOrange\":12,\"sharpnessYellow\":13,\"sharpnessGreen\":20,\"sharpnessBlue\":5,\"slotsRank2\":2}'),(779,'Gigafrost 2','charge-blade',6,'gigafrost-2','{\"attack\":612,\"elementType\":\"Ice\",\"elementDamage\":240,\"elementHidden\":false,\"phialType\":\"Element Phial\",\"sharpnessRed\":22,\"sharpnessOrange\":15,\"sharpnessYellow\":20,\"sharpnessGreen\":20,\"sharpnessBlue\":10,\"slotsRank2\":2}'),(780,'Dear Lutemis','charge-blade',3,'dear-lutemis','{\"attack\":468,\"elementType\":\"Poison\",\"elementDamage\":240,\"elementHidden\":false,\"phialType\":\"Impact Phial\",\"sharpnessRed\":17,\"sharpnessOrange\":13,\"sharpnessYellow\":20,\"sharpnessGreen\":12}'),(781,'Dear Lutemia','charge-blade',5,'dear-lutemia','{\"attack\":540,\"elementType\":\"Poison\",\"elementDamage\":270,\"elementHidden\":false,\"phialType\":\"Impact Phial\",\"sharpnessRed\":25,\"sharpnessOrange\":12,\"sharpnessYellow\":13,\"sharpnessGreen\":20,\"sharpnessBlue\":5,\"slotsRank2\":2}'),(782,'Dear Hecatel','charge-blade',6,'dear-hecatel','{\"attack\":612,\"elementType\":\"Poison\",\"elementDamage\":300,\"elementHidden\":false,\"phialType\":\"Impact Phial\",\"sharpnessRed\":22,\"sharpnessOrange\":13,\"sharpnessYellow\":12,\"sharpnessGreen\":20,\"sharpnessBlue\":8,\"slotsRank2\":2}'),(783,'Dear Hecatelia','charge-blade',7,'dear-hecatelia','{\"attack\":684,\"elementType\":\"Poison\",\"elementDamage\":330,\"elementHidden\":false,\"phialType\":\"Impact Phial\",\"sharpnessRed\":17,\"sharpnessOrange\":13,\"sharpnessYellow\":15,\"sharpnessGreen\":30,\"sharpnessBlue\":12,\"slotsRank2\":2}'),(784,'Bone Strongarm 1','charge-blade',1,'bone-strongarm-1','{\"attack\":324,\"phialType\":\"Impact Phial\",\"sharpnessRed\":22,\"sharpnessOrange\":15,\"sharpnessYellow\":13}'),(785,'Bone Strongarm 2','charge-blade',1,'bone-strongarm-2','{\"attack\":360,\"phialType\":\"Impact Phial\",\"sharpnessRed\":20,\"sharpnessOrange\":12,\"sharpnessYellow\":18}'),(786,'Bone Strongarm 3','charge-blade',2,'bone-strongarm-3','{\"attack\":396,\"phialType\":\"Impact Phial\",\"sharpnessRed\":20,\"sharpnessOrange\":12,\"sharpnessYellow\":13,\"sharpnessGreen\":5}'),(787,'Hard Bone Strongarm 1','charge-blade',3,'hard-bone-strongarm-1','{\"attack\":432,\"phialType\":\"Impact Phial\",\"sharpnessRed\":27,\"sharpnessOrange\":18,\"sharpnessYellow\":7,\"sharpnessGreen\":10}'),(788,'Hard Bone Strongarm 2','charge-blade',4,'hard-bone-strongarm-2','{\"attack\":504,\"phialType\":\"Impact Phial\",\"sharpnessRed\":25,\"sharpnessOrange\":17,\"sharpnessYellow\":8,\"sharpnessGreen\":12}'),(789,'Hard Bone Strongarm 3','charge-blade',5,'hard-bone-strongarm-3','{\"attack\":576,\"elementType\":\"Blast\",\"elementDamage\":180,\"elementHidden\":true,\"phialType\":\"Impact Phial\",\"sharpnessRed\":32,\"sharpnessOrange\":18,\"sharpnessYellow\":7,\"sharpnessGreen\":18}'),(790,'Mighty Strongarm 1','charge-blade',6,'mighty-strongarm-1','{\"attack\":612,\"elementType\":\"Blast\",\"elementDamage\":210,\"elementHidden\":true,\"phialType\":\"Impact Phial\",\"sharpnessRed\":22,\"sharpnessOrange\":25,\"sharpnessYellow\":10,\"sharpnessGreen\":10,\"sharpnessBlue\":8,\"slotsRank2\":1}'),(791,'Mighty Strongarm 2','charge-blade',6,'mighty-strongarm-2','{\"attack\":684,\"elementType\":\"Blast\",\"elementDamage\":240,\"elementHidden\":true,\"phialType\":\"Impact Phial\",\"sharpnessRed\":22,\"sharpnessOrange\":30,\"sharpnessYellow\":10,\"sharpnessGreen\":13,\"sharpnessBlue\":12,\"slotsRank3\":1}'),(792,'Diablos Wall 1','charge-blade',4,'diablos-wall-1','{\"attack\":612,\"affinity\":\"-30%\",\"phialType\":\"Impact Phial\",\"sharpnessRed\":25,\"sharpnessOrange\":17,\"sharpnessYellow\":8,\"sharpnessGreen\":12}'),(793,'Diablos Wall 2','charge-blade',5,'diablos-wall-2','{\"attack\":684,\"elementType\":\"Ice\",\"elementDamage\":90,\"elementHidden\":true,\"affinity\":\"-30%\",\"phialType\":\"Impact Phial\",\"sharpnessRed\":35,\"sharpnessOrange\":17,\"sharpnessYellow\":8,\"sharpnessGreen\":15}'),(794,'Diablos Tyrannis 1','charge-blade',6,'diablos-tyrannis-1','{\"attack\":756,\"elementType\":\"Ice\",\"elementDamage\":120,\"elementHidden\":true,\"affinity\":\"-30%\",\"phialType\":\"Impact Phial\",\"sharpnessRed\":27,\"sharpnessOrange\":25,\"sharpnessYellow\":10,\"sharpnessGreen\":10,\"sharpnessBlue\":3}'),(795,'Diablos Tyrannis 2','charge-blade',7,'diablos-tyrannis-2','{\"attack\":828,\"elementType\":\"Ice\",\"elementDamage\":180,\"elementHidden\":true,\"affinity\":\"-30%\",\"phialType\":\"Impact Phial\",\"sharpnessRed\":22,\"sharpnessOrange\":13,\"sharpnessYellow\":15,\"sharpnessGreen\":30,\"sharpnessBlue\":7}'),(796,'Jagras Strongarm 1','charge-blade',2,'jagras-strongarm-1','{\"attack\":396,\"phialType\":\"Impact Phial\",\"sharpnessRed\":17,\"sharpnessOrange\":13,\"sharpnessYellow\":12,\"sharpnessGreen\":8}'),(797,'Jagras Strongarm 2','charge-blade',3,'jagras-strongarm-2','{\"attack\":432,\"phialType\":\"Impact Phial\",\"sharpnessRed\":25,\"sharpnessOrange\":17,\"sharpnessYellow\":8,\"sharpnessGreen\":12}'),(798,'Jagras Strongarm 3','charge-blade',4,'jagras-strongarm-3','{\"attack\":468,\"phialType\":\"Impact Phial\",\"sharpnessRed\":22,\"sharpnessOrange\":18,\"sharpnessYellow\":7,\"sharpnessGreen\":15}'),(799,'Jagras Escudo 1','charge-blade',5,'jagras-escudo-1','{\"attack\":540,\"elementType\":\"Sleep\",\"elementDamage\":120,\"elementHidden\":true,\"phialType\":\"Impact Phial\",\"sharpnessRed\":32,\"sharpnessOrange\":18,\"sharpnessYellow\":7,\"sharpnessGreen\":18,\"slotsRank2\":1,\"slotsRank1\":1}'),(800,'Jagras Escudo 2','charge-blade',6,'jagras-escudo-2','{\"attack\":648,\"elementType\":\"Sleep\",\"elementDamage\":150,\"elementHidden\":true,\"phialType\":\"Impact Phial\",\"sharpnessRed\":22,\"sharpnessOrange\":25,\"sharpnessYellow\":10,\"sharpnessGreen\":10,\"sharpnessBlue\":8,\"slotsRank2\":2}'),(801,'Jagras Escudo 3','charge-blade',6,'jagras-escudo-3','{\"attack\":684,\"elementType\":\"Sleep\",\"elementDamage\":180,\"elementHidden\":true,\"phialType\":\"Impact Phial\",\"sharpnessRed\":25,\"sharpnessOrange\":30,\"sharpnessYellow\":10,\"sharpnessGreen\":12,\"sharpnessBlue\":10,\"slotsRank3\":1,\"slotsRank2\":1}'),(802,'Gama Silt 1','charge-blade',6,'gama-silt-1','{\"attack\":576,\"elementType\":\"Blast\",\"elementDamage\":150,\"elementHidden\":false,\"phialType\":\"Impact Phial\",\"sharpnessRed\":20,\"sharpnessOrange\":25,\"sharpnessYellow\":10,\"sharpnessGreen\":10,\"sharpnessBlue\":10,\"slotsRank2\":2}'),(803,'Gama Silt 2','charge-blade',7,'gama-silt-2','{\"attack\":612,\"elementType\":\"Blast\",\"elementDamage\":180,\"elementHidden\":false,\"phialType\":\"Impact Phial\",\"sharpnessRed\":27,\"sharpnessOrange\":28,\"sharpnessYellow\":10,\"sharpnessGreen\":10,\"sharpnessBlue\":12,\"slotsRank2\":2}'),(804,'Girros Strongarm 1','charge-blade',3,'girros-strongarm-1','{\"attack\":432,\"elementType\":\"Paralysis\",\"elementDamage\":180,\"elementHidden\":false,\"phialType\":\"Impact Phial\",\"sharpnessRed\":27,\"sharpnessOrange\":18,\"sharpnessYellow\":7,\"sharpnessGreen\":10}'),(805,'Girros Strongarm 2','charge-blade',4,'girros-strongarm-2','{\"attack\":468,\"elementType\":\"Paralysis\",\"elementDamage\":210,\"elementHidden\":false,\"phialType\":\"Impact Phial\",\"sharpnessRed\":25,\"sharpnessOrange\":17,\"sharpnessYellow\":8,\"sharpnessGreen\":12}'),(806,'Girros Nadja 1','charge-blade',5,'girros-nadja-1','{\"attack\":504,\"elementType\":\"Paralysis\",\"elementDamage\":240,\"elementHidden\":false,\"phialType\":\"Impact Phial\",\"sharpnessRed\":27,\"sharpnessOrange\":25,\"sharpnessYellow\":10,\"sharpnessGreen\":10,\"sharpnessBlue\":3}'),(807,'Girros Nadja 2','charge-blade',6,'girros-nadja-2','{\"attack\":540,\"elementType\":\"Paralysis\",\"elementDamage\":270,\"elementHidden\":false,\"phialType\":\"Impact Phial\",\"sharpnessRed\":25,\"sharpnessOrange\":25,\"sharpnessYellow\":10,\"sharpnessGreen\":10,\"sharpnessBlue\":5}'),(808,'Girros Nadja 3','charge-blade',6,'girros-nadja-3','{\"attack\":576,\"elementType\":\"Paralysis\",\"elementDamage\":300,\"elementHidden\":false,\"phialType\":\"Impact Phial\",\"sharpnessRed\":27,\"sharpnessOrange\":28,\"sharpnessYellow\":10,\"sharpnessGreen\":10,\"sharpnessBlue\":12}'),(809,'Hazak Aspida 1','charge-blade',7,'hazak-aspida-1','{\"attack\":648,\"elementType\":\"Dragon\",\"elementDamage\":210,\"elementHidden\":false,\"phialType\":\"Element Phial\",\"sharpnessRed\":32,\"sharpnessOrange\":28,\"sharpnessYellow\":10,\"sharpnessGreen\":10,\"sharpnessBlue\":7,\"slotsRank2\":1}'),(810,'Hazak Aspida 2','charge-blade',7,'hazak-aspida-2','{\"attack\":684,\"elementType\":\"Dragon\",\"elementDamage\":270,\"elementHidden\":false,\"phialType\":\"Element Phial\",\"sharpnessRed\":50,\"sharpnessOrange\":17,\"sharpnessYellow\":5,\"sharpnessGreen\":5,\"sharpnessBlue\":10,\"slotsRank2\":1}'),(811,'Pulsar Strongarm 1','charge-blade',2,'pulsar-strongarm-1','{\"attack\":396,\"elementType\":\"Thunder\",\"elementDamage\":90,\"elementHidden\":false,\"phialType\":\"Element Phial\",\"sharpnessRed\":15,\"sharpnessOrange\":17,\"sharpnessYellow\":8,\"sharpnessGreen\":10}'),(812,'Pulsar Strongarm 2','charge-blade',3,'pulsar-strongarm-2','{\"attack\":432,\"elementType\":\"Thunder\",\"elementDamage\":120,\"elementHidden\":false,\"phialType\":\"Element Phial\",\"sharpnessRed\":25,\"sharpnessOrange\":17,\"sharpnessYellow\":8,\"sharpnessGreen\":12}'),(813,'Pulsar Strongarm 3','charge-blade',4,'pulsar-strongarm-3','{\"attack\":468,\"elementType\":\"Thunder\",\"elementDamage\":120,\"elementHidden\":false,\"phialType\":\"Element Phial\",\"sharpnessRed\":20,\"sharpnessOrange\":17,\"sharpnessYellow\":8,\"sharpnessGreen\":17}'),(814,'Kadachi Kaina 1','charge-blade',5,'kadachi-kaina-1','{\"attack\":504,\"elementType\":\"Thunder\",\"elementDamage\":150,\"elementHidden\":false,\"phialType\":\"Element Phial\",\"sharpnessRed\":22,\"sharpnessOrange\":25,\"sharpnessYellow\":10,\"sharpnessGreen\":10,\"sharpnessBlue\":8,\"slotsRank1\":1}'),(815,'Kadachi Kaina 2','charge-blade',6,'kadachi-kaina-2','{\"attack\":576,\"elementType\":\"Thunder\",\"elementDamage\":180,\"elementHidden\":false,\"phialType\":\"Element Phial\",\"sharpnessRed\":20,\"sharpnessOrange\":25,\"sharpnessYellow\":10,\"sharpnessGreen\":10,\"sharpnessBlue\":10,\"slotsRank1\":1}'),(816,'Kadachi Kaina 3','charge-blade',6,'kadachi-kaina-3','{\"attack\":648,\"elementType\":\"Thunder\",\"elementDamage\":210,\"elementHidden\":false,\"phialType\":\"Element Phial\",\"sharpnessRed\":47,\"sharpnessOrange\":18,\"sharpnessYellow\":5,\"sharpnessGreen\":5,\"sharpnessBlue\":12,\"slotsRank1\":1}'),(817,'Garon Strongarm 1','charge-blade',4,'garon-strongarm-1','{\"attack\":468,\"phialType\":\"Impact Phial\",\"sharpnessRed\":22,\"sharpnessOrange\":18,\"sharpnessYellow\":7,\"sharpnessGreen\":15}'),(818,'Garon Strongarm 2','charge-blade',5,'garon-strongarm-2','{\"attack\":504,\"elementType\":\"Fire\",\"elementDamage\":120,\"elementHidden\":true,\"phialType\":\"Impact Phial\",\"sharpnessRed\":25,\"sharpnessOrange\":25,\"sharpnessYellow\":10,\"sharpnessGreen\":10,\"sharpnessBlue\":5}'),(819,'Hate\'s Undying Flame','charge-blade',6,'hates-undying-flame','{\"attack\":540,\"elementType\":\"Fire\",\"elementDamage\":150,\"elementHidden\":true,\"phialType\":\"Impact Phial\",\"sharpnessRed\":22,\"sharpnessOrange\":25,\"sharpnessYellow\":10,\"sharpnessGreen\":10,\"sharpnessBlue\":8}'),(820,'Odium','charge-blade',8,'odium','{\"attack\":576,\"elementType\":\"Fire\",\"elementDamage\":180,\"elementHidden\":true,\"phialType\":\"Impact Phial\",\"sharpnessRed\":50,\"sharpnessOrange\":17,\"sharpnessYellow\":5,\"sharpnessGreen\":5,\"sharpnessBlue\":13,\"sharpnessWhite\":10}'),(821,'Dragonbone Cutter 1','charge-blade',3,'dragonbone-cutter-1','{\"attack\":360,\"elementType\":\"Dragon\",\"elementDamage\":270,\"elementHidden\":false,\"phialType\":\"Impact Phial\",\"sharpnessRed\":27,\"sharpnessOrange\":18,\"sharpnessYellow\":7,\"sharpnessGreen\":10}'),(822,'Dragonbone Cutter 2','charge-blade',4,'dragonbone-cutter-2','{\"attack\":396,\"elementType\":\"Dragon\",\"elementDamage\":300,\"elementHidden\":false,\"phialType\":\"Impact Phial\",\"sharpnessRed\":17,\"sharpnessOrange\":18,\"sharpnessYellow\":7,\"sharpnessGreen\":20}'),(823,'Dragonbone Cutter 3','charge-blade',6,'dragonbone-cutter-3','{\"attack\":576,\"elementType\":\"Dragon\",\"elementDamage\":360,\"elementHidden\":false,\"phialType\":\"Impact Phial\",\"sharpnessRed\":30,\"sharpnessOrange\":27,\"sharpnessYellow\":10,\"sharpnessGreen\":10,\"sharpnessBlue\":10,\"slotsRank1\":2}'),(824,'Magda Manus','charge-blade',5,'magda-manus','{\"attack\":576,\"elementType\":\"Blast\",\"elementDamage\":180,\"elementHidden\":false,\"affinity\":\"-10%\",\"phialType\":\"Impact Phial\",\"sharpnessRed\":27,\"sharpnessOrange\":13,\"sharpnessYellow\":20,\"sharpnessGreen\":15}'),(825,'Avenging Magda Manus','charge-blade',8,'avenging-magda-manus','{\"attack\":756,\"elementType\":\"Blast\",\"elementDamage\":210,\"elementHidden\":false,\"affinity\":\"-10%\",\"phialType\":\"Impact Phial\",\"sharpnessRed\":52,\"sharpnessOrange\":8,\"sharpnessYellow\":10,\"sharpnessGreen\":17}'),(826,'Blacksteel Charger 1','charge-blade',5,'blacksteel-charger-1','{\"attack\":360,\"elementType\":\"Dragon\",\"elementDamage\":120,\"elementHidden\":false,\"phialType\":\"Impact Phial\",\"sharpnessRed\":37,\"sharpnessOrange\":28,\"sharpnessYellow\":10}'),(827,'Blacksteel Charger 2','charge-blade',6,'blacksteel-charger-2','{\"attack\":396,\"elementType\":\"Dragon\",\"elementDamage\":150,\"elementHidden\":false,\"phialType\":\"Impact Phial\",\"sharpnessRed\":35,\"sharpnessOrange\":27,\"sharpnessYellow\":10,\"sharpnessGreen\":3}'),(828,'Daora\'s Casca','charge-blade',7,'daoras-casca','{\"attack\":612,\"elementType\":\"Ice\",\"elementDamage\":150,\"elementHidden\":false,\"phialType\":\"Impact Phial\",\"sharpnessRed\":27,\"sharpnessOrange\":15,\"sharpnessYellow\":20,\"sharpnessGreen\":20,\"sharpnessBlue\":5,\"slotsRank2\":1}'),(829,'Daora\'s Thwartoise','charge-blade',8,'daoras-thwartoise','{\"attack\":648,\"elementType\":\"Ice\",\"elementDamage\":180,\"elementHidden\":false,\"phialType\":\"Impact Phial\",\"sharpnessRed\":22,\"sharpnessOrange\":15,\"sharpnessYellow\":20,\"sharpnessGreen\":20,\"sharpnessBlue\":10,\"slotsRank2\":1,\"slotsRank1\":1}'),(830,'Xeno Ra\'atz','charge-blade',8,'xeno-raatz','{\"attack\":648,\"elementType\":\"Dragon\",\"elementDamage\":180,\"elementHidden\":false,\"phialType\":\"Impact Phial\",\"sharpnessRed\":32,\"sharpnessOrange\":8,\"sharpnessYellow\":15,\"sharpnessGreen\":20,\"sharpnessBlue\":10,\"sharpnessWhite\":2,\"slotsRank3\":2}'),(831,'Iron Blade 1','insect-glaive',1,'iron-blade-1','{\"attack\":248,\"boostType\":\"Sever Boost\",\"sharpnessRed\":22,\"sharpnessOrange\":13,\"sharpnessYellow\":15}'),(832,'Iron Blade 2','insect-glaive',1,'iron-blade-2','{\"attack\":279,\"boostType\":\"Sever Boost\",\"sharpnessRed\":17,\"sharpnessOrange\":18,\"sharpnessYellow\":7,\"sharpnessGreen\":8}'),(833,'Iron Blade 3','insect-glaive',2,'iron-blade-3','{\"attack\":310,\"boostType\":\"Sever Boost\",\"sharpnessRed\":12,\"sharpnessOrange\":18,\"sharpnessYellow\":7,\"sharpnessGreen\":13}'),(834,'Steel Blade 1','insect-glaive',3,'steel-blade-1','{\"attack\":341,\"boostType\":\"Sever Boost\",\"sharpnessRed\":17,\"sharpnessOrange\":13,\"sharpnessYellow\":20,\"sharpnessGreen\":12}'),(835,'Steel Blade 2','insect-glaive',4,'steel-blade-2','{\"attack\":403,\"boostType\":\"Sever Boost\",\"sharpnessRed\":12,\"sharpnessOrange\":13,\"sharpnessYellow\":20,\"sharpnessGreen\":17}'),(836,'Steel Blade 3','insect-glaive',5,'steel-blade-3','{\"attack\":434,\"elementType\":\"Blast\",\"elementDamage\":210,\"elementHidden\":true,\"boostType\":\"Sever Boost\",\"sharpnessRed\":25,\"sharpnessOrange\":12,\"sharpnessYellow\":13,\"sharpnessGreen\":20,\"sharpnessBlue\":5,\"slotsRank1\":1}'),(837,'Chrome Blade 1','insect-glaive',6,'chrome-blade-1','{\"attack\":496,\"elementType\":\"Blast\",\"elementDamage\":240,\"elementHidden\":true,\"boostType\":\"Sever Boost\",\"sharpnessRed\":20,\"sharpnessOrange\":12,\"sharpnessYellow\":13,\"sharpnessGreen\":20,\"sharpnessBlue\":10,\"slotsRank1\":1}'),(838,'Chrome Blade 2','insect-glaive',6,'chrome-blade-2','{\"attack\":558,\"elementType\":\"Blast\",\"elementDamage\":270,\"elementHidden\":true,\"boostType\":\"Sever Boost\",\"sharpnessRed\":15,\"sharpnessOrange\":15,\"sharpnessYellow\":5,\"sharpnessGreen\":37,\"sharpnessBlue\":15,\"slotsRank1\":2}'),(839,'Nergal Reaper','insect-glaive',7,'nergal-reaper','{\"attack\":620,\"elementType\":\"Dragon\",\"elementDamage\":120,\"elementHidden\":false,\"boostType\":\"Sever Boost\",\"sharpnessRed\":27,\"sharpnessOrange\":30,\"sharpnessYellow\":10,\"sharpnessGreen\":13,\"sharpnessBlue\":20,\"slotsRank1\":1}'),(840,'Catastrophe\'s Light','insect-glaive',8,'catastrophes-light','{\"attack\":651,\"elementType\":\"Dragon\",\"elementDamage\":150,\"elementHidden\":false,\"boostType\":\"Sever Boost\",\"sharpnessRed\":25,\"sharpnessOrange\":30,\"sharpnessYellow\":10,\"sharpnessGreen\":12,\"sharpnessBlue\":23,\"slotsRank1\":1}'),(841,'Flame Glaive 1','insect-glaive',4,'flame-glaive-1','{\"attack\":372,\"elementType\":\"Fire\",\"elementDamage\":90,\"elementHidden\":false,\"boostType\":\"Sever Boost\",\"sharpnessRed\":15,\"sharpnessOrange\":12,\"sharpnessYellow\":20,\"sharpnessGreen\":15}'),(842,'Flame Glaive 2','insect-glaive',5,'flame-glaive-2','{\"attack\":465,\"elementType\":\"Fire\",\"elementDamage\":120,\"elementHidden\":false,\"boostType\":\"Sever Boost\",\"sharpnessRed\":25,\"sharpnessOrange\":12,\"sharpnessYellow\":20,\"sharpnessGreen\":18,\"slotsRank1\":1}'),(843,'Rathmaul','insect-glaive',6,'rathmaul','{\"attack\":527,\"elementType\":\"Fire\",\"elementDamage\":150,\"elementHidden\":false,\"boostType\":\"Sever Boost\",\"sharpnessRed\":22,\"sharpnessOrange\":13,\"sharpnessYellow\":12,\"sharpnessGreen\":20,\"sharpnessBlue\":8,\"slotsRank1\":1}'),(844,'Firedance Rathmaul','insect-glaive',7,'firedance-rathmaul','{\"attack\":589,\"elementType\":\"Fire\",\"elementDamage\":180,\"elementHidden\":false,\"boostType\":\"Sever Boost\",\"sharpnessRed\":22,\"sharpnessOrange\":15,\"sharpnessYellow\":15,\"sharpnessGreen\":25,\"sharpnessBlue\":10,\"slotsRank1\":1}'),(845,'Kulu Blade 1','insect-glaive',2,'kulu-blade-1','{\"attack\":310,\"boostType\":\"Speed Boost\",\"sharpnessRed\":15,\"sharpnessOrange\":17,\"sharpnessYellow\":8,\"sharpnessGreen\":10}'),(846,'Kulu Blade 2','insect-glaive',3,'kulu-blade-2','{\"attack\":341,\"boostType\":\"Speed Boost\",\"sharpnessRed\":15,\"sharpnessOrange\":12,\"sharpnessYellow\":20,\"sharpnessGreen\":15}'),(847,'Kulu Blade 3','insect-glaive',4,'kulu-blade-3','{\"attack\":434,\"boostType\":\"Speed Boost\",\"sharpnessRed\":12,\"sharpnessOrange\":13,\"sharpnessYellow\":20,\"sharpnessGreen\":17}'),(848,'Ya-Ku Wrath 1','insect-glaive',5,'ya-ku-wrath-1','{\"attack\":465,\"elementType\":\"Sleep\",\"elementDamage\":150,\"elementHidden\":true,\"boostType\":\"Speed Boost\",\"sharpnessRed\":22,\"sharpnessOrange\":13,\"sharpnessYellow\":12,\"sharpnessGreen\":20,\"sharpnessBlue\":8}'),(849,'Ya-Ku Wrath 2','insect-glaive',6,'ya-ku-wrath-2','{\"attack\":496,\"elementType\":\"Sleep\",\"elementDamage\":180,\"elementHidden\":true,\"boostType\":\"Speed Boost\",\"sharpnessRed\":20,\"sharpnessOrange\":12,\"sharpnessYellow\":13,\"sharpnessGreen\":20,\"sharpnessBlue\":10}'),(850,'Ya-Ku Wrath 3','insect-glaive',6,'ya-ku-wrath-3','{\"attack\":527,\"elementType\":\"Sleep\",\"elementDamage\":210,\"elementHidden\":true,\"boostType\":\"Speed Boost\",\"sharpnessRed\":20,\"sharpnessOrange\":15,\"sharpnessYellow\":15,\"sharpnessGreen\":25,\"sharpnessBlue\":12}'),(851,'Luminous Blade 1','insect-glaive',3,'luminous-blade-1','{\"attack\":372,\"boostType\":\"Speed Boost\",\"sharpnessRed\":17,\"sharpnessOrange\":13,\"sharpnessYellow\":20,\"sharpnessGreen\":12}'),(852,'Luminous Blade 2','insect-glaive',4,'luminous-blade-2','{\"attack\":434,\"boostType\":\"Speed Boost\",\"sharpnessRed\":15,\"sharpnessOrange\":12,\"sharpnessYellow\":20,\"sharpnessGreen\":15}'),(853,'Destroyer Bo 1','insect-glaive',5,'destroyer-bo-1','{\"attack\":496,\"elementType\":\"Thunder\",\"elementDamage\":240,\"elementHidden\":false,\"boostType\":\"Speed Boost\",\"sharpnessRed\":25,\"sharpnessOrange\":12,\"sharpnessYellow\":13,\"sharpnessGreen\":20,\"sharpnessBlue\":5,\"slotsRank1\":1}'),(854,'Destroyer Bo 2','insect-glaive',6,'destroyer-bo-2','{\"attack\":527,\"elementType\":\"Thunder\",\"elementDamage\":270,\"elementHidden\":false,\"boostType\":\"Speed Boost\",\"sharpnessRed\":22,\"sharpnessOrange\":13,\"sharpnessYellow\":12,\"sharpnessGreen\":20,\"sharpnessBlue\":8,\"slotsRank2\":1}'),(855,'Destroyer Bo 3','insect-glaive',6,'destroyer-bo-3','{\"attack\":558,\"elementType\":\"Thunder\",\"elementDamage\":300,\"elementHidden\":false,\"boostType\":\"Speed Boost\",\"sharpnessRed\":20,\"sharpnessOrange\":12,\"sharpnessYellow\":15,\"sharpnessGreen\":30,\"sharpnessBlue\":10,\"slotsRank3\":1}'),(856,'Frost Blade 1','insect-glaive',4,'frost-blade-1','{\"attack\":434,\"elementType\":\"Ice\",\"elementDamage\":150,\"elementHidden\":false,\"boostType\":\"Element Boost\",\"sharpnessRed\":12,\"sharpnessOrange\":13,\"sharpnessYellow\":20,\"sharpnessGreen\":17}'),(857,'Frost Blade 2','insect-glaive',4,'frost-blade-2','{\"attack\":465,\"elementType\":\"Ice\",\"elementDamage\":180,\"elementHidden\":false,\"boostType\":\"Element Boost\",\"sharpnessRed\":22,\"sharpnessOrange\":13,\"sharpnessYellow\":20,\"sharpnessGreen\":20,\"slotsRank1\":2}'),(858,'Freeze Gale 1','insect-glaive',6,'freeze-gale-1','{\"attack\":496,\"elementType\":\"Ice\",\"elementDamage\":210,\"elementHidden\":false,\"boostType\":\"Element Boost\",\"sharpnessRed\":25,\"sharpnessOrange\":12,\"sharpnessYellow\":13,\"sharpnessGreen\":20,\"sharpnessBlue\":5,\"slotsRank2\":2}'),(859,'Freeze Gale 2','insect-glaive',6,'freeze-gale-2','{\"attack\":527,\"elementType\":\"Ice\",\"elementDamage\":240,\"elementHidden\":false,\"boostType\":\"Element Boost\",\"sharpnessRed\":22,\"sharpnessOrange\":15,\"sharpnessYellow\":20,\"sharpnessGreen\":20,\"sharpnessBlue\":10,\"slotsRank2\":2}'),(860,'Blooming Glaive 1','insect-glaive',2,'blooming-glaive-1','{\"attack\":310,\"elementType\":\"Poison\",\"elementDamage\":240,\"elementHidden\":false,\"boostType\":\"Health Boost\",\"sharpnessRed\":17,\"sharpnessOrange\":18,\"sharpnessYellow\":7,\"sharpnessGreen\":8}'),(861,'Blooming Glaive 2','insect-glaive',3,'blooming-glaive-2','{\"attack\":341,\"elementType\":\"Poison\",\"elementDamage\":270,\"elementHidden\":false,\"boostType\":\"Health Boost\",\"sharpnessRed\":17,\"sharpnessOrange\":13,\"sharpnessYellow\":20,\"sharpnessGreen\":12}'),(862,'Blooming Glaive 3','insect-glaive',4,'blooming-glaive-3','{\"attack\":403,\"elementType\":\"Poison\",\"elementDamage\":300,\"elementHidden\":false,\"boostType\":\"Health Boost\",\"sharpnessRed\":12,\"sharpnessOrange\":13,\"sharpnessYellow\":20,\"sharpnessGreen\":17}'),(863,'Datura Blade 1','insect-glaive',5,'datura-blade-1','{\"attack\":465,\"elementType\":\"Poison\",\"elementDamage\":330,\"elementHidden\":false,\"boostType\":\"Health Boost\",\"sharpnessRed\":22,\"sharpnessOrange\":13,\"sharpnessYellow\":20,\"sharpnessGreen\":20}'),(864,'Datura Blade 2','insect-glaive',6,'datura-blade-2','{\"attack\":496,\"elementType\":\"Poison\",\"elementDamage\":360,\"elementHidden\":false,\"boostType\":\"Health Boost\",\"sharpnessRed\":22,\"sharpnessOrange\":13,\"sharpnessYellow\":12,\"sharpnessGreen\":20,\"sharpnessBlue\":8,\"slotsRank1\":2}'),(865,'Datura Blade 3','insect-glaive',6,'datura-blade-3','{\"attack\":527,\"elementType\":\"Poison\",\"elementDamage\":390,\"elementHidden\":false,\"boostType\":\"Health Boost\",\"sharpnessRed\":22,\"sharpnessOrange\":30,\"sharpnessYellow\":10,\"sharpnessGreen\":13,\"sharpnessBlue\":12,\"slotsRank2\":1,\"slotsRank1\":1}'),(866,'Gama Cane 1','insect-glaive',6,'gama-cane-1','{\"attack\":496,\"elementType\":\"Blast\",\"elementDamage\":120,\"elementHidden\":false,\"boostType\":\"Stamina Boost\",\"sharpnessRed\":25,\"sharpnessOrange\":25,\"sharpnessYellow\":10,\"sharpnessGreen\":10,\"sharpnessBlue\":5,\"slotsRank2\":2}'),(867,'Gama Cane 2','insect-glaive',7,'gama-cane-2','{\"attack\":527,\"elementType\":\"Blast\",\"elementDamage\":150,\"elementHidden\":false,\"boostType\":\"Stamina Boost\",\"sharpnessRed\":32,\"sharpnessOrange\":28,\"sharpnessYellow\":10,\"sharpnessGreen\":10,\"sharpnessBlue\":7,\"slotsRank2\":2}'),(868,'Bone Rod 1','insect-glaive',1,'bone-rod-1','{\"attack\":279,\"boostType\":\"Blunt Boost\",\"sharpnessRed\":22,\"sharpnessOrange\":15,\"sharpnessYellow\":13}'),(869,'Bone Rod 2','insect-glaive',1,'bone-rod-2','{\"attack\":310,\"boostType\":\"Blunt Boost\",\"sharpnessRed\":20,\"sharpnessOrange\":12,\"sharpnessYellow\":18}'),(870,'Bone Rod 3','insect-glaive',2,'bone-rod-3','{\"attack\":341,\"boostType\":\"Blunt Boost\",\"sharpnessRed\":17,\"sharpnessOrange\":13,\"sharpnessYellow\":12,\"sharpnessGreen\":8}'),(871,'Hard Bone Rod 1','insect-glaive',3,'hard-bone-rod-1','{\"attack\":434,\"boostType\":\"Blunt Boost\",\"sharpnessRed\":27,\"sharpnessOrange\":18,\"sharpnessYellow\":7,\"sharpnessGreen\":10}'),(872,'Hard Bone Rod 2','insect-glaive',4,'hard-bone-rod-2','{\"attack\":465,\"boostType\":\"Blunt Boost\",\"sharpnessRed\":25,\"sharpnessOrange\":17,\"sharpnessYellow\":8,\"sharpnessGreen\":12}'),(873,'Hard Bone Rod 3','insect-glaive',5,'hard-bone-rod-3','{\"attack\":496,\"elementType\":\"Paralysis\",\"elementDamage\":180,\"elementHidden\":true,\"boostType\":\"Blunt Boost\",\"sharpnessRed\":32,\"sharpnessOrange\":18,\"sharpnessYellow\":7,\"sharpnessGreen\":18,\"slotsRank2\":1}'),(874,'Aerial Rod 1','insect-glaive',6,'aerial-rod-1','{\"attack\":527,\"elementType\":\"Paralysis\",\"elementDamage\":210,\"elementHidden\":true,\"boostType\":\"Blunt Boost\",\"sharpnessRed\":25,\"sharpnessOrange\":25,\"sharpnessYellow\":10,\"sharpnessGreen\":10,\"sharpnessBlue\":5,\"slotsRank2\":1}'),(875,'Aerial Rod 2','insect-glaive',6,'aerial-rod-2','{\"attack\":589,\"elementType\":\"Paralysis\",\"elementDamage\":210,\"elementHidden\":true,\"boostType\":\"Blunt Boost\",\"sharpnessRed\":22,\"sharpnessOrange\":30,\"sharpnessYellow\":10,\"sharpnessGreen\":13,\"sharpnessBlue\":12,\"slotsRank3\":1}'),(876,'Hazak Entoma 1','insect-glaive',7,'hazak-entoma-1','{\"attack\":589,\"elementType\":\"Dragon\",\"elementDamage\":150,\"elementHidden\":false,\"boostType\":\"Blunt Boost\",\"sharpnessRed\":32,\"sharpnessOrange\":28,\"sharpnessYellow\":10,\"sharpnessGreen\":10,\"sharpnessBlue\":7,\"slotsRank2\":1}'),(877,'Hazak Entoma 2','insect-glaive',7,'hazak-entoma-2','{\"attack\":620,\"elementType\":\"Dragon\",\"elementDamage\":180,\"elementHidden\":false,\"boostType\":\"Blunt Boost\",\"sharpnessRed\":50,\"sharpnessOrange\":17,\"sharpnessYellow\":5,\"sharpnessGreen\":5,\"sharpnessBlue\":10,\"slotsRank2\":1}'),(878,'Flammenkaefer','insect-glaive',3,'flammenkaefer','{\"attack\":403,\"elementType\":\"Fire\",\"elementDamage\":210,\"elementHidden\":false,\"boostType\":\"Blunt Boost\",\"affinity\":\"-20%\",\"sharpnessRed\":30,\"sharpnessOrange\":17,\"sharpnessYellow\":8,\"sharpnessGreen\":7}'),(879,'Flammenkaefer+','insect-glaive',5,'flammenkaefer+','{\"attack\":558,\"elementType\":\"Fire\",\"elementDamage\":240,\"elementHidden\":false,\"boostType\":\"Blunt Boost\",\"affinity\":\"-20%\",\"sharpnessRed\":25,\"sharpnessOrange\":25,\"sharpnessYellow\":10,\"sharpnessGreen\":10,\"sharpnessBlue\":5}'),(880,'Gnashing Flammenkaefer','insect-glaive',7,'gnashing-flammenkaefer','{\"attack\":651,\"elementType\":\"Fire\",\"elementDamage\":270,\"elementHidden\":false,\"boostType\":\"Blunt Boost\",\"affinity\":\"-20%\",\"sharpnessRed\":25,\"sharpnessOrange\":30,\"sharpnessYellow\":10,\"sharpnessGreen\":12,\"sharpnessBlue\":10}'),(881,'Aqua Rod 1','insect-glaive',2,'aqua-rod-1','{\"attack\":341,\"elementType\":\"Water\",\"elementDamage\":60,\"elementHidden\":false,\"boostType\":\"Element Boost\",\"sharpnessRed\":20,\"sharpnessOrange\":12,\"sharpnessYellow\":13,\"sharpnessGreen\":5}'),(882,'Aqua Rod 2','insect-glaive',3,'aqua-rod-2','{\"attack\":372,\"elementType\":\"Water\",\"elementDamage\":90,\"elementHidden\":false,\"boostType\":\"Element Boost\",\"sharpnessRed\":30,\"sharpnessOrange\":17,\"sharpnessYellow\":8,\"sharpnessGreen\":7}'),(883,'Aqua Rod 3','insect-glaive',4,'aqua-rod-3','{\"attack\":434,\"elementType\":\"Water\",\"elementDamage\":120,\"elementHidden\":false,\"boostType\":\"Element Boost\",\"sharpnessRed\":25,\"sharpnessOrange\":17,\"sharpnessYellow\":8,\"sharpnessGreen\":12}'),(884,'Water Glaive 1','insect-glaive',5,'water-glaive-1','{\"attack\":465,\"elementType\":\"Water\",\"elementDamage\":150,\"elementHidden\":false,\"boostType\":\"Element Boost\",\"sharpnessRed\":35,\"sharpnessOrange\":17,\"sharpnessYellow\":8,\"sharpnessGreen\":15,\"slotsRank2\":1}'),(885,'Water Glaive 2','insect-glaive',6,'water-glaive-2','{\"attack\":527,\"elementType\":\"Water\",\"elementDamage\":180,\"elementHidden\":false,\"boostType\":\"Element Boost\",\"sharpnessRed\":25,\"sharpnessOrange\":25,\"sharpnessYellow\":10,\"sharpnessGreen\":10,\"sharpnessBlue\":5,\"slotsRank2\":1}'),(886,'Water Glaive 3','insect-glaive',6,'water-glaive-3','{\"attack\":589,\"elementType\":\"Water\",\"elementDamage\":210,\"elementHidden\":false,\"boostType\":\"Element Boost\",\"sharpnessRed\":27,\"sharpnessOrange\":30,\"sharpnessYellow\":10,\"sharpnessGreen\":13,\"sharpnessBlue\":7,\"slotsRank2\":1}'),(887,'Diablos Rod 1','insect-glaive',4,'diablos-rod-1','{\"attack\":496,\"boostType\":\"Stamina Boost\",\"affinity\":\"-30%\",\"sharpnessRed\":27,\"sharpnessOrange\":18,\"sharpnessYellow\":7,\"sharpnessGreen\":10}'),(888,'Diablos Rod 2','insect-glaive',5,'diablos-rod-2','{\"attack\":620,\"elementType\":\"Ice\",\"elementDamage\":120,\"elementHidden\":true,\"boostType\":\"Stamina Boost\",\"affinity\":\"-30%\",\"sharpnessRed\":27,\"sharpnessOrange\":15,\"sharpnessYellow\":20,\"sharpnessGreen\":13,\"slotsRank2\":1}'),(889,'Tyrannis Glaive 1','insect-glaive',6,'tyrannis-glaive-1','{\"attack\":682,\"elementType\":\"Ice\",\"elementDamage\":150,\"elementHidden\":true,\"boostType\":\"Stamina Boost\",\"affinity\":\"-30%\",\"sharpnessRed\":27,\"sharpnessOrange\":25,\"sharpnessYellow\":10,\"sharpnessGreen\":10,\"sharpnessBlue\":3,\"slotsRank2\":1}'),(890,'Tyrannis Glaive 2','insect-glaive',7,'tyrannis-glaive-2','{\"attack\":713,\"elementType\":\"Ice\",\"elementDamage\":180,\"elementHidden\":true,\"boostType\":\"Stamina Boost\",\"affinity\":\"-30%\",\"sharpnessRed\":22,\"sharpnessOrange\":13,\"sharpnessYellow\":15,\"sharpnessGreen\":30,\"sharpnessBlue\":7,\"slotsRank2\":1}'),(891,'Pulsar Rod 1','insect-glaive',2,'pulsar-rod-1','{\"attack\":341,\"elementType\":\"Thunder\",\"elementDamage\":90,\"elementHidden\":false,\"boostType\":\"Speed Boost\",\"sharpnessRed\":15,\"sharpnessOrange\":17,\"sharpnessYellow\":8,\"sharpnessGreen\":10}'),(892,'Pulsar Rod 2','insect-glaive',3,'pulsar-rod-2','{\"attack\":372,\"elementType\":\"Thunder\",\"elementDamage\":120,\"elementHidden\":false,\"boostType\":\"Speed Boost\",\"sharpnessRed\":25,\"sharpnessOrange\":17,\"sharpnessYellow\":8,\"sharpnessGreen\":12}'),(893,'Pulsar Rod 3','insect-glaive',4,'pulsar-rod-3','{\"attack\":434,\"elementType\":\"Thunder\",\"elementDamage\":150,\"elementHidden\":false,\"boostType\":\"Speed Boost\",\"sharpnessRed\":20,\"sharpnessOrange\":17,\"sharpnessYellow\":8,\"sharpnessGreen\":17}'),(894,'Kadachi Pillar 1','insect-glaive',5,'kadachi-pillar-1','{\"attack\":465,\"elementType\":\"Thunder\",\"elementDamage\":180,\"elementHidden\":false,\"boostType\":\"Speed Boost\",\"sharpnessRed\":22,\"sharpnessOrange\":25,\"sharpnessYellow\":10,\"sharpnessGreen\":10,\"sharpnessBlue\":8,\"slotsRank1\":1}'),(895,'Kadachi Pillar 2','insect-glaive',6,'kadachi-pillar-2','{\"attack\":527,\"elementType\":\"Thunder\",\"elementDamage\":210,\"elementHidden\":false,\"boostType\":\"Speed Boost\",\"sharpnessRed\":20,\"sharpnessOrange\":25,\"sharpnessYellow\":10,\"sharpnessGreen\":10,\"sharpnessBlue\":10,\"slotsRank1\":1}'),(896,'Kadachi Pillar 3','insect-glaive',6,'kadachi-pillar-3','{\"attack\":558,\"elementType\":\"Thunder\",\"elementDamage\":240,\"elementHidden\":false,\"boostType\":\"Speed Boost\",\"sharpnessRed\":47,\"sharpnessOrange\":18,\"sharpnessYellow\":5,\"sharpnessGreen\":5,\"sharpnessBlue\":12,\"slotsRank1\":1}'),(897,'Garon Rod 1','insect-glaive',4,'garon-rod-1','{\"attack\":403,\"boostType\":\"Speed Boost\",\"sharpnessRed\":22,\"sharpnessOrange\":18,\"sharpnessYellow\":7,\"sharpnessGreen\":15}'),(898,'Garon Rod 2','insect-glaive',5,'garon-rod-2','{\"attack\":434,\"elementType\":\"Fire\",\"elementDamage\":90,\"elementHidden\":true,\"boostType\":\"Speed Boost\",\"sharpnessRed\":25,\"sharpnessOrange\":25,\"sharpnessYellow\":10,\"sharpnessGreen\":10,\"sharpnessBlue\":5}'),(899,'Temptation\'s Trident','insect-glaive',6,'temptations-trident','{\"attack\":465,\"elementType\":\"Fire\",\"elementDamage\":120,\"elementHidden\":true,\"boostType\":\"Speed Boost\",\"sharpnessRed\":22,\"sharpnessOrange\":25,\"sharpnessYellow\":10,\"sharpnessGreen\":10,\"sharpnessBlue\":8,\"slotsRank2\":1}'),(900,'Vice','insect-glaive',8,'vice','{\"attack\":496,\"elementType\":\"Fire\",\"elementDamage\":150,\"elementHidden\":true,\"boostType\":\"Speed Boost\",\"sharpnessRed\":50,\"sharpnessOrange\":17,\"sharpnessYellow\":5,\"sharpnessGreen\":5,\"sharpnessBlue\":13,\"sharpnessWhite\":10,\"slotsRank2\":1}'),(901,'Dragonbone Glaive 1','insect-glaive',3,'dragonbone-glaive-1','{\"attack\":310,\"elementType\":\"Dragon\",\"elementDamage\":300,\"elementHidden\":false,\"boostType\":\"Element Boost\",\"sharpnessRed\":27,\"sharpnessOrange\":18,\"sharpnessYellow\":7,\"sharpnessGreen\":10}'),(902,'Dragonbone Glaive 2','insect-glaive',4,'dragonbone-glaive-2','{\"attack\":341,\"elementType\":\"Dragon\",\"elementDamage\":330,\"elementHidden\":false,\"boostType\":\"Element Boost\",\"sharpnessRed\":17,\"sharpnessOrange\":18,\"sharpnessYellow\":7,\"sharpnessGreen\":20}'),(903,'Dragonbone Glaive 3','insect-glaive',6,'dragonbone-glaive-3','{\"attack\":496,\"elementType\":\"Dragon\",\"elementDamage\":390,\"elementHidden\":false,\"boostType\":\"Element Boost\",\"sharpnessRed\":30,\"sharpnessOrange\":27,\"sharpnessYellow\":10,\"sharpnessGreen\":10,\"sharpnessBlue\":10,\"slotsRank1\":2}'),(904,'Indigo Flash','insect-glaive',4,'indigo-flash','{\"attack\":341,\"elementType\":\"Thunder\",\"elementDamage\":300,\"elementHidden\":false,\"boostType\":\"Element Boost\",\"sharpnessRed\":10,\"sharpnessOrange\":12,\"sharpnessYellow\":20,\"sharpnessGreen\":20}'),(905,'Azure Bolt','insect-glaive',7,'azure-bolt','{\"attack\":434,\"elementType\":\"Thunder\",\"elementDamage\":330,\"elementHidden\":false,\"boostType\":\"Element Boost\",\"sharpnessRed\":27,\"sharpnessOrange\":5,\"sharpnessYellow\":5,\"sharpnessGreen\":35,\"sharpnessBlue\":15}'),(906,'Verdant Levin','insect-glaive',8,'verdant-levin','{\"attack\":496,\"elementType\":\"Thunder\",\"elementDamage\":360,\"elementHidden\":false,\"boostType\":\"Element Boost\",\"sharpnessRed\":27,\"sharpnessOrange\":5,\"sharpnessYellow\":5,\"sharpnessGreen\":30,\"sharpnessBlue\":20}'),(907,'Blacksteel Glaive 1','insect-glaive',5,'blacksteel-glaive-1','{\"attack\":310,\"elementType\":\"Dragon\",\"elementDamage\":60,\"elementHidden\":false,\"boostType\":\"Health Boost\",\"sharpnessRed\":37,\"sharpnessOrange\":28,\"sharpnessYellow\":10}'),(908,'Blacksteel Glaive 2','insect-glaive',6,'blacksteel-glaive-2','{\"attack\":341,\"elementType\":\"Dragon\",\"elementDamage\":90,\"elementHidden\":false,\"boostType\":\"Health Boost\",\"sharpnessRed\":35,\"sharpnessOrange\":27,\"sharpnessYellow\":10,\"sharpnessGreen\":3}'),(909,'Daora\'s Entom','insect-glaive',7,'daoras-entom','{\"attack\":527,\"elementType\":\"Ice\",\"elementDamage\":150,\"elementHidden\":false,\"boostType\":\"Health Boost\",\"sharpnessRed\":27,\"sharpnessOrange\":15,\"sharpnessYellow\":20,\"sharpnessGreen\":20,\"sharpnessBlue\":5,\"slotsRank2\":1}'),(910,'Daora\'s Tethidine','insect-glaive',8,'daoras-tethidine','{\"attack\":558,\"elementType\":\"Ice\",\"elementDamage\":180,\"elementHidden\":false,\"boostType\":\"Health Boost\",\"sharpnessRed\":22,\"sharpnessOrange\":15,\"sharpnessYellow\":20,\"sharpnessGreen\":20,\"sharpnessBlue\":10,\"slotsRank2\":1}'),(911,'Xeno Shmaena','insect-glaive',8,'xeno-shmaena','{\"attack\":558,\"elementType\":\"Dragon\",\"elementDamage\":120,\"elementHidden\":false,\"boostType\":\"Stamina Boost\",\"sharpnessRed\":32,\"sharpnessOrange\":8,\"sharpnessYellow\":15,\"sharpnessGreen\":20,\"sharpnessBlue\":10,\"sharpnessWhite\":2,\"slotsRank3\":2}'),(912,'Chain Blitz 1','light-bowgun',1,'chain-blitz-1','{\"attack\":130,\"deviation\":\"Low\",\"specialAmmo\":\"Wyvernblast\",\"ammoCapacities\":{\"normal\":[6,4,3],\"pierce\":[5,3,2],\"spread\":[4,0,0],\"sticky\":[2,0,0],\"cluster\":[0,0,0],\"recover\":[0,0],\"poison\":[5,1],\"paralysis\":[0,0],\"sleep\":[0,0],\"exhaust\":[0,0],\"flaming\":[0],\"water\":[0],\"freeze\":[0],\"thunder\":[0],\"dragon\":[0],\"slicing\":[1],\"wyvern\":[0],\"demon\":[0],\"armor\":[0],\"tranq\":[2]}}'),(913,'Chain Blitz 2','light-bowgun',1,'chain-blitz-2','{\"attack\":143,\"deviation\":\"Low\",\"specialAmmo\":\"Wyvernblast\",\"ammoCapacities\":{\"normal\":[6,4,3],\"pierce\":[5,3,2],\"spread\":[4,0,0],\"sticky\":[2,0,0],\"cluster\":[0,0,0],\"recover\":[0,0],\"poison\":[5,1],\"paralysis\":[0,0],\"sleep\":[0,0],\"exhaust\":[0,0],\"flaming\":[0],\"water\":[0],\"freeze\":[0],\"thunder\":[0],\"dragon\":[0],\"slicing\":[1],\"wyvern\":[0],\"demon\":[0],\"armor\":[0],\"tranq\":[2]}}'),(914,'Chain Blitz 3','light-bowgun',2,'chain-blitz-3','{\"attack\":156,\"deviation\":\"Low\",\"specialAmmo\":\"Wyvernblast\",\"ammoCapacities\":{\"normal\":[6,4,3],\"pierce\":[5,3,2],\"spread\":[4,0,0],\"sticky\":[2,0,0],\"cluster\":[0,0,0],\"recover\":[0,0],\"poison\":[5,1],\"paralysis\":[0,0],\"sleep\":[0,0],\"exhaust\":[0,0],\"flaming\":[0],\"water\":[0],\"freeze\":[0],\"thunder\":[0],\"dragon\":[0],\"slicing\":[1],\"wyvern\":[0],\"demon\":[0],\"armor\":[0],\"tranq\":[2]}}'),(915,'High Chain Blitz 1','light-bowgun',3,'high-chain-blitz-1','{\"attack\":169,\"deviation\":\"Low\",\"specialAmmo\":\"Wyvernblast\",\"ammoCapacities\":{\"normal\":[6,4,3],\"pierce\":[5,3,2],\"spread\":[4,0,0],\"sticky\":[2,0,0],\"cluster\":[0,0,0],\"recover\":[0,0],\"poison\":[5,1],\"paralysis\":[0,0],\"sleep\":[0,0],\"exhaust\":[0,0],\"flaming\":[0],\"water\":[0],\"freeze\":[0],\"thunder\":[0],\"dragon\":[0],\"slicing\":[1],\"wyvern\":[0],\"demon\":[0],\"armor\":[0],\"tranq\":[2]}}'),(916,'High Chain Blitz 2','light-bowgun',4,'high-chain-blitz-2','{\"attack\":182,\"deviation\":\"Low\",\"specialAmmo\":\"Wyvernblast\",\"ammoCapacities\":{\"normal\":[6,4,3],\"pierce\":[5,3,2],\"spread\":[4,0,0],\"sticky\":[2,0,0],\"cluster\":[0,0,0],\"recover\":[0,0],\"poison\":[5,1],\"paralysis\":[0,0],\"sleep\":[0,0],\"exhaust\":[0,0],\"flaming\":[0],\"water\":[0],\"freeze\":[0],\"thunder\":[0],\"dragon\":[0],\"slicing\":[1],\"wyvern\":[0],\"demon\":[0],\"armor\":[0],\"tranq\":[2]}}'),(917,'High Chain Blitz 3','light-bowgun',5,'high-chain-blitz-3','{\"attack\":195,\"deviation\":\"Low\",\"specialAmmo\":\"Wyvernblast\",\"ammoCapacities\":{\"normal\":[6,4,3],\"pierce\":[5,3,2],\"spread\":[4,0,0],\"sticky\":[2,0,0],\"cluster\":[0,0,0],\"recover\":[0,0],\"poison\":[5,1],\"paralysis\":[0,0],\"sleep\":[0,0],\"exhaust\":[0,0],\"flaming\":[0],\"water\":[0],\"freeze\":[0],\"thunder\":[0],\"dragon\":[0],\"slicing\":[1],\"wyvern\":[0],\"demon\":[0],\"armor\":[0],\"tranq\":[2]},\"slotsRank1\":1}'),(918,'Cross Blitz 1','light-bowgun',6,'cross-blitz-1','{\"attack\":208,\"deviation\":\"Low\",\"specialAmmo\":\"Wyvernblast\",\"ammoCapacities\":{\"normal\":[6,4,3],\"pierce\":[5,3,2],\"spread\":[4,0,0],\"sticky\":[2,0,0],\"cluster\":[0,0,0],\"recover\":[0,0],\"poison\":[5,1],\"paralysis\":[0,0],\"sleep\":[0,0],\"exhaust\":[0,0],\"flaming\":[0],\"water\":[0],\"freeze\":[0],\"thunder\":[0],\"dragon\":[0],\"slicing\":[1],\"wyvern\":[0],\"demon\":[0],\"armor\":[0],\"tranq\":[2]},\"slotsRank1\":1}'),(919,'Cross Blitz 2','light-bowgun',6,'cross-blitz-2','{\"attack\":234,\"deviation\":\"Low\",\"specialAmmo\":\"Wyvernblast\",\"ammoCapacities\":{\"normal\":[6,4,3],\"pierce\":[5,3,2],\"spread\":[4,0,0],\"sticky\":[2,0,0],\"cluster\":[0,0,0],\"recover\":[0,0],\"poison\":[5,1],\"paralysis\":[0,0],\"sleep\":[0,0],\"exhaust\":[0,0],\"flaming\":[0],\"water\":[0],\"freeze\":[0],\"thunder\":[0],\"dragon\":[0],\"slicing\":[1],\"wyvern\":[0],\"demon\":[0],\"armor\":[0],\"tranq\":[2]},\"slotsRank1\":2}'),(920,'Nergal Spitter','light-bowgun',7,'nergal-spitter','{\"attack\":247,\"deviation\":\"Average\",\"specialAmmo\":\"Wyvernblast\",\"ammoCapacities\":{\"normal\":[4,3,2],\"pierce\":[5,0,0],\"spread\":[3,2,2],\"sticky\":[2,0,0],\"cluster\":[0,0,0],\"recover\":[3,3],\"poison\":[0,0],\"paralysis\":[0,3],\"sleep\":[0,3],\"exhaust\":[0,0],\"flaming\":[0],\"water\":[4],\"freeze\":[0],\"thunder\":[0],\"dragon\":[1],\"slicing\":[1],\"wyvern\":[0],\"demon\":[1],\"armor\":[1],\"tranq\":[2]},\"slotsRank1\":1}'),(921,'Cataclysm\'s Trigger','light-bowgun',8,'cataclysms-trigger','{\"attack\":260,\"deviation\":\"Average\",\"specialAmmo\":\"Wyvernblast\",\"ammoCapacities\":{\"normal\":[4,3,2],\"pierce\":[5,0,0],\"spread\":[3,2,2],\"sticky\":[2,0,0],\"cluster\":[0,0,0],\"recover\":[3,3],\"poison\":[0,0],\"paralysis\":[0,3],\"sleep\":[0,3],\"exhaust\":[0,0],\"flaming\":[0],\"water\":[4],\"freeze\":[0],\"thunder\":[0],\"dragon\":[1],\"slicing\":[1],\"wyvern\":[0],\"demon\":[1],\"armor\":[1],\"tranq\":[2]},\"slotsRank1\":1}'),(922,'Lumu Blitz 1','light-bowgun',3,'lumu-blitz-1','{\"attack\":169,\"deviation\":\"Low\",\"specialAmmo\":\"Wyvernblast\",\"ammoCapacities\":{\"normal\":[6,4,3],\"pierce\":[5,3,0],\"spread\":[4,3,0],\"sticky\":[2,1,0],\"cluster\":[0,0,0],\"recover\":[3,2],\"poison\":[5,1],\"paralysis\":[1,0],\"sleep\":[5,0],\"exhaust\":[0,0],\"flaming\":[0],\"water\":[4],\"freeze\":[4],\"thunder\":[0],\"dragon\":[0],\"slicing\":[1],\"wyvern\":[0],\"demon\":[0],\"armor\":[0],\"tranq\":[2]}}'),(923,'Lumu Blitz 2','light-bowgun',4,'lumu-blitz-2','{\"attack\":182,\"deviation\":\"Low\",\"specialAmmo\":\"Wyvernblast\",\"ammoCapacities\":{\"normal\":[6,4,3],\"pierce\":[5,3,0],\"spread\":[4,3,0],\"sticky\":[2,1,0],\"cluster\":[0,0,0],\"recover\":[3,2],\"poison\":[5,1],\"paralysis\":[1,0],\"sleep\":[5,0],\"exhaust\":[0,0],\"flaming\":[0],\"water\":[4],\"freeze\":[4],\"thunder\":[0],\"dragon\":[0],\"slicing\":[1],\"wyvern\":[0],\"demon\":[0],\"armor\":[0],\"tranq\":[2]}}'),(924,'Lumu Typhon 1','light-bowgun',5,'lumu-typhon-1','{\"attack\":195,\"deviation\":\"Low\",\"specialAmmo\":\"Wyvernblast\",\"ammoCapacities\":{\"normal\":[6,4,3],\"pierce\":[5,3,0],\"spread\":[4,3,0],\"sticky\":[2,1,0],\"cluster\":[0,0,0],\"recover\":[3,2],\"poison\":[5,1],\"paralysis\":[1,0],\"sleep\":[5,0],\"exhaust\":[0,0],\"flaming\":[0],\"water\":[4],\"freeze\":[4],\"thunder\":[0],\"dragon\":[0],\"slicing\":[1],\"wyvern\":[0],\"demon\":[0],\"armor\":[0],\"tranq\":[2]},\"slotsRank1\":1}'),(925,'Lumu Typhon 2','light-bowgun',6,'lumu-typhon-2','{\"attack\":208,\"deviation\":\"Low\",\"specialAmmo\":\"Wyvernblast\",\"ammoCapacities\":{\"normal\":[6,4,3],\"pierce\":[5,3,0],\"spread\":[4,3,0],\"sticky\":[2,1,0],\"cluster\":[0,0,0],\"recover\":[3,2],\"poison\":[5,1],\"paralysis\":[1,0],\"sleep\":[5,0],\"exhaust\":[0,0],\"flaming\":[0],\"water\":[4],\"freeze\":[4],\"thunder\":[0],\"dragon\":[0],\"slicing\":[1],\"wyvern\":[0],\"demon\":[0],\"armor\":[0],\"tranq\":[2]},\"slotsRank1\":1}'),(926,'Lumu Typhon 3','light-bowgun',7,'lumu-typhon-3','{\"attack\":221,\"deviation\":\"Low\",\"specialAmmo\":\"Wyvernblast\",\"ammoCapacities\":{\"normal\":[6,4,3],\"pierce\":[5,3,0],\"spread\":[4,3,0],\"sticky\":[2,1,0],\"cluster\":[0,0,0],\"recover\":[3,2],\"poison\":[5,1],\"paralysis\":[1,0],\"sleep\":[5,0],\"exhaust\":[0,0],\"flaming\":[0],\"water\":[4],\"freeze\":[4],\"thunder\":[0],\"dragon\":[0],\"slicing\":[1],\"wyvern\":[0],\"demon\":[0],\"armor\":[0],\"tranq\":[2]},\"slotsRank1\":1}'),(927,'Bazel Typhoon 1','light-bowgun',6,'bazel-typhoon-1','{\"attack\":247,\"affinity\":\"-10%\",\"deviation\":\"Average\",\"specialAmmo\":\"Wyvernblast\",\"ammoCapacities\":{\"normal\":[1,1,3],\"pierce\":[1,3,2],\"spread\":[0,0,0],\"sticky\":[2,2,1],\"cluster\":[0,0,0],\"recover\":[0,0],\"poison\":[0,4],\"paralysis\":[0,3],\"sleep\":[0,0],\"exhaust\":[5,4],\"flaming\":[4],\"water\":[0],\"freeze\":[0],\"thunder\":[4],\"dragon\":[1],\"slicing\":[0],\"wyvern\":[0],\"demon\":[1],\"armor\":[0],\"tranq\":[2]},\"slotsRank1\":1}'),(928,'Bazel Typhoon 2','light-bowgun',7,'bazel-typhoon-2','{\"attack\":260,\"affinity\":\"-10%\",\"deviation\":\"Average\",\"specialAmmo\":\"Wyvernblast\",\"ammoCapacities\":{\"normal\":[1,1,3],\"pierce\":[1,3,2],\"spread\":[0,0,0],\"sticky\":[2,2,1],\"cluster\":[0,0,0],\"recover\":[0,0],\"poison\":[0,4],\"paralysis\":[0,3],\"sleep\":[0,0],\"exhaust\":[5,4],\"flaming\":[4],\"water\":[0],\"freeze\":[0],\"thunder\":[4],\"dragon\":[1],\"slicing\":[0],\"wyvern\":[0],\"demon\":[1],\"armor\":[0],\"tranq\":[2]},\"slotsRank1\":1}'),(929,'Jagras Blitz 1','light-bowgun',2,'jagras-blitz-1','{\"attack\":169,\"deviation\":\"Average\",\"specialAmmo\":\"Wyvernblast\",\"ammoCapacities\":{\"normal\":[1,1,3],\"pierce\":[1,3,0],\"spread\":[1,3,0],\"sticky\":[2,0,0],\"cluster\":[0,0,0],\"recover\":[3,2],\"poison\":[1,0],\"paralysis\":[5,0],\"sleep\":[1,0],\"exhaust\":[5,0],\"flaming\":[4],\"water\":[4],\"freeze\":[0],\"thunder\":[0],\"dragon\":[0],\"slicing\":[1],\"wyvern\":[0],\"demon\":[0],\"armor\":[2],\"tranq\":[2]}}'),(930,'Jagras Blitz 2','light-bowgun',3,'jagras-blitz-2','{\"attack\":182,\"deviation\":\"Average\",\"specialAmmo\":\"Wyvernblast\",\"ammoCapacities\":{\"normal\":[1,1,3],\"pierce\":[1,3,0],\"spread\":[1,3,0],\"sticky\":[2,0,0],\"cluster\":[0,0,0],\"recover\":[3,2],\"poison\":[1,0],\"paralysis\":[5,0],\"sleep\":[1,0],\"exhaust\":[5,0],\"flaming\":[4],\"water\":[4],\"freeze\":[0],\"thunder\":[0],\"dragon\":[0],\"slicing\":[1],\"wyvern\":[0],\"demon\":[0],\"armor\":[2],\"tranq\":[2]}}'),(931,'Jagras Blitz 3','light-bowgun',4,'jagras-blitz-3','{\"attack\":195,\"deviation\":\"Average\",\"specialAmmo\":\"Wyvernblast\",\"ammoCapacities\":{\"normal\":[1,1,3],\"pierce\":[1,3,0],\"spread\":[1,3,0],\"sticky\":[2,0,0],\"cluster\":[0,0,0],\"recover\":[3,2],\"poison\":[1,0],\"paralysis\":[5,0],\"sleep\":[1,0],\"exhaust\":[5,0],\"flaming\":[4],\"water\":[4],\"freeze\":[0],\"thunder\":[0],\"dragon\":[0],\"slicing\":[1],\"wyvern\":[0],\"demon\":[0],\"armor\":[2],\"tranq\":[2]}}'),(932,'Jagras Fire 1','light-bowgun',5,'jagras-fire-1','{\"attack\":208,\"deviation\":\"Average\",\"specialAmmo\":\"Wyvernblast\",\"ammoCapacities\":{\"normal\":[1,1,3],\"pierce\":[1,3,0],\"spread\":[1,3,0],\"sticky\":[2,0,0],\"cluster\":[0,0,0],\"recover\":[3,2],\"poison\":[1,0],\"paralysis\":[5,0],\"sleep\":[1,0],\"exhaust\":[5,0],\"flaming\":[4],\"water\":[4],\"freeze\":[0],\"thunder\":[0],\"dragon\":[0],\"slicing\":[1],\"wyvern\":[0],\"demon\":[0],\"armor\":[2],\"tranq\":[2]},\"slotsRank1\":2}'),(933,'Jagras Fire 2','light-bowgun',6,'jagras-fire-2','{\"attack\":234,\"deviation\":\"Average\",\"specialAmmo\":\"Wyvernblast\",\"ammoCapacities\":{\"normal\":[1,1,3],\"pierce\":[1,3,0],\"spread\":[1,3,0],\"sticky\":[2,0,0],\"cluster\":[0,0,0],\"recover\":[3,2],\"poison\":[1,0],\"paralysis\":[5,0],\"sleep\":[1,0],\"exhaust\":[5,0],\"flaming\":[4],\"water\":[4],\"freeze\":[0],\"thunder\":[0],\"dragon\":[0],\"slicing\":[1],\"wyvern\":[0],\"demon\":[0],\"armor\":[2],\"tranq\":[2]},\"slotsRank2\":2}'),(934,'Jagras Fire 3','light-bowgun',6,'jagras-fire-3','{\"attack\":247,\"deviation\":\"Average\",\"specialAmmo\":\"Wyvernblast\",\"ammoCapacities\":{\"normal\":[1,1,3],\"pierce\":[1,3,0],\"spread\":[1,3,0],\"sticky\":[2,0,0],\"cluster\":[0,0,0],\"recover\":[3,2],\"poison\":[1,0],\"paralysis\":[5,0],\"sleep\":[1,0],\"exhaust\":[5,0],\"flaming\":[4],\"water\":[4],\"freeze\":[0],\"thunder\":[0],\"dragon\":[0],\"slicing\":[1],\"wyvern\":[0],\"demon\":[0],\"armor\":[2],\"tranq\":[2]},\"slotsRank3\":1,\"slotsRank2\":1}'),(935,'Flame Blitz 1','light-bowgun',4,'flame-blitz-1','{\"attack\":195,\"deviation\":\"Low\",\"specialAmmo\":\"Wyvernblast\",\"ammoCapacities\":{\"normal\":[4,4,2],\"pierce\":[3,2,2],\"spread\":[3,0,0],\"sticky\":[2,0,0],\"cluster\":[0,0,0],\"recover\":[3,0],\"poison\":[6,5],\"paralysis\":[0,0],\"sleep\":[0,0],\"exhaust\":[0,0],\"flaming\":[3],\"water\":[0],\"freeze\":[0],\"thunder\":[0],\"dragon\":[0],\"slicing\":[2],\"wyvern\":[0],\"demon\":[2],\"armor\":[0],\"tranq\":[2]}}'),(936,'Flame Blitz 2','light-bowgun',5,'flame-blitz-2','{\"attack\":208,\"deviation\":\"Low\",\"specialAmmo\":\"Wyvernblast\",\"ammoCapacities\":{\"normal\":[4,4,2],\"pierce\":[3,2,2],\"spread\":[3,0,0],\"sticky\":[2,0,0],\"cluster\":[0,0,0],\"recover\":[3,0],\"poison\":[6,5],\"paralysis\":[0,0],\"sleep\":[0,0],\"exhaust\":[0,0],\"flaming\":[3],\"water\":[0],\"freeze\":[0],\"thunder\":[0],\"dragon\":[0],\"slicing\":[2],\"wyvern\":[0],\"demon\":[2],\"armor\":[0],\"tranq\":[2]},\"slotsRank1\":1}'),(937,'Rathbuster 1','light-bowgun',6,'rathbuster-1','{\"attack\":221,\"deviation\":\"Low\",\"specialAmmo\":\"Wyvernblast\",\"ammoCapacities\":{\"normal\":[4,4,2],\"pierce\":[3,2,2],\"spread\":[3,0,0],\"sticky\":[2,0,0],\"cluster\":[0,0,0],\"recover\":[3,0],\"poison\":[6,5],\"paralysis\":[0,0],\"sleep\":[0,0],\"exhaust\":[0,0],\"flaming\":[3],\"water\":[0],\"freeze\":[0],\"thunder\":[0],\"dragon\":[0],\"slicing\":[2],\"wyvern\":[0],\"demon\":[2],\"armor\":[0],\"tranq\":[2]},\"slotsRank1\":1}'),(938,'Rathbuster 2','light-bowgun',7,'rathbuster-2','{\"attack\":247,\"deviation\":\"Low\",\"specialAmmo\":\"Wyvernblast\",\"ammoCapacities\":{\"normal\":[4,4,2],\"pierce\":[3,2,2],\"spread\":[3,0,0],\"sticky\":[2,0,0],\"cluster\":[0,0,0],\"recover\":[3,0],\"poison\":[6,5],\"paralysis\":[0,0],\"sleep\":[0,0],\"exhaust\":[0,0],\"flaming\":[3],\"water\":[0],\"freeze\":[0],\"thunder\":[0],\"dragon\":[0],\"slicing\":[2],\"wyvern\":[0],\"demon\":[2],\"armor\":[0],\"tranq\":[2]},\"slotsRank1\":1}'),(939,'Thunder Blitz 1','light-bowgun',3,'thunder-blitz-1','{\"attack\":182,\"deviation\":\"Low\",\"specialAmmo\":\"Wyvernblast\",\"ammoCapacities\":{\"normal\":[3,2,0],\"pierce\":[4,4,0],\"spread\":[3,0,0],\"sticky\":[2,1,0],\"cluster\":[0,0,0],\"recover\":[3,2],\"poison\":[0,5],\"paralysis\":[3,3],\"sleep\":[0,0],\"exhaust\":[0,0],\"flaming\":[0],\"water\":[0],\"freeze\":[0],\"thunder\":[3],\"dragon\":[0],\"slicing\":[2],\"wyvern\":[0],\"demon\":[0],\"armor\":[0],\"tranq\":[2]}}'),(940,'Thunder Blitz 2','light-bowgun',4,'thunder-blitz-2','{\"attack\":195,\"deviation\":\"Low\",\"specialAmmo\":\"Wyvernblast\",\"ammoCapacities\":{\"normal\":[3,2,0],\"pierce\":[4,4,0],\"spread\":[3,0,0],\"sticky\":[2,1,0],\"cluster\":[0,0,0],\"recover\":[3,2],\"poison\":[0,5],\"paralysis\":[3,3],\"sleep\":[0,0],\"exhaust\":[0,0],\"flaming\":[0],\"water\":[0],\"freeze\":[0],\"thunder\":[3],\"dragon\":[0],\"slicing\":[2],\"wyvern\":[0],\"demon\":[0],\"armor\":[0],\"tranq\":[2]}}'),(941,'Lightning Blitz 1','light-bowgun',5,'lightning-blitz-1','{\"attack\":208,\"deviation\":\"Low\",\"specialAmmo\":\"Wyvernblast\",\"ammoCapacities\":{\"normal\":[3,2,0],\"pierce\":[4,4,0],\"spread\":[3,0,0],\"sticky\":[2,1,0],\"cluster\":[0,0,0],\"recover\":[3,2],\"poison\":[0,5],\"paralysis\":[3,3],\"sleep\":[0,0],\"exhaust\":[0,0],\"flaming\":[0],\"water\":[0],\"freeze\":[0],\"thunder\":[3],\"dragon\":[0],\"slicing\":[2],\"wyvern\":[0],\"demon\":[0],\"armor\":[0],\"tranq\":[2]},\"slotsRank1\":1}'),(942,'Lightning Blitz 2','light-bowgun',6,'lightning-blitz-2','{\"attack\":221,\"deviation\":\"Low\",\"specialAmmo\":\"Wyvernblast\",\"ammoCapacities\":{\"normal\":[3,2,0],\"pierce\":[4,4,0],\"spread\":[3,0,0],\"sticky\":[2,1,0],\"cluster\":[0,0,0],\"recover\":[3,2],\"poison\":[0,5],\"paralysis\":[3,3],\"sleep\":[0,0],\"exhaust\":[0,0],\"flaming\":[0],\"water\":[0],\"freeze\":[0],\"thunder\":[3],\"dragon\":[0],\"slicing\":[2],\"wyvern\":[0],\"demon\":[0],\"armor\":[0],\"tranq\":[2]},\"slotsRank1\":1}'),(943,'Lightning Blitz 3','light-bowgun',6,'lightning-blitz-3','{\"attack\":234,\"deviation\":\"Low\",\"specialAmmo\":\"Wyvernblast\",\"ammoCapacities\":{\"normal\":[3,2,0],\"pierce\":[4,4,0],\"spread\":[3,0,0],\"sticky\":[2,1,0],\"cluster\":[0,0,0],\"recover\":[3,2],\"poison\":[0,5],\"paralysis\":[3,3],\"sleep\":[0,0],\"exhaust\":[0,0],\"flaming\":[0],\"water\":[0],\"freeze\":[0],\"thunder\":[3],\"dragon\":[0],\"slicing\":[2],\"wyvern\":[0],\"demon\":[0],\"armor\":[0],\"tranq\":[2]},\"slotsRank1\":1}'),(944,'Snow Blitz 1','light-bowgun',4,'snow-blitz-1','{\"attack\":182,\"deviation\":\"Low\",\"specialAmmo\":\"Wyvernblast\",\"ammoCapacities\":{\"normal\":[1,1,0],\"pierce\":[1,3,0],\"spread\":[1,3,2],\"sticky\":[2,0,0],\"cluster\":[0,0,0],\"recover\":[3,2],\"poison\":[0,0],\"paralysis\":[0,0],\"sleep\":[0,0],\"exhaust\":[0,0],\"flaming\":[0],\"water\":[0],\"freeze\":[4],\"thunder\":[0],\"dragon\":[0],\"slicing\":[1],\"wyvern\":[0],\"demon\":[1],\"armor\":[2],\"tranq\":[2]}}'),(945,'Snow Blitz 2','light-bowgun',5,'snow-blitz-2','{\"attack\":195,\"deviation\":\"Low\",\"specialAmmo\":\"Wyvernblast\",\"ammoCapacities\":{\"normal\":[1,1,0],\"pierce\":[1,3,0],\"spread\":[1,3,2],\"sticky\":[2,0,0],\"cluster\":[0,0,0],\"recover\":[3,2],\"poison\":[0,0],\"paralysis\":[0,0],\"sleep\":[0,0],\"exhaust\":[0,0],\"flaming\":[0],\"water\":[0],\"freeze\":[4],\"thunder\":[0],\"dragon\":[0],\"slicing\":[1],\"wyvern\":[0],\"demon\":[1],\"armor\":[2],\"tranq\":[2]}}'),(946,'Frost Blitz 1','light-bowgun',6,'frost-blitz-1','{\"attack\":221,\"deviation\":\"Low\",\"specialAmmo\":\"Wyvernblast\",\"ammoCapacities\":{\"normal\":[1,1,0],\"pierce\":[1,3,0],\"spread\":[1,3,2],\"sticky\":[2,0,0],\"cluster\":[0,0,0],\"recover\":[3,2],\"poison\":[0,0],\"paralysis\":[0,0],\"sleep\":[0,0],\"exhaust\":[0,0],\"flaming\":[0],\"water\":[0],\"freeze\":[4],\"thunder\":[0],\"dragon\":[0],\"slicing\":[1],\"wyvern\":[0],\"demon\":[1],\"armor\":[2],\"tranq\":[2]}}'),(947,'Frost Blitz 2','light-bowgun',6,'frost-blitz-2','{\"attack\":247,\"deviation\":\"Low\",\"specialAmmo\":\"Wyvernblast\",\"ammoCapacities\":{\"normal\":[1,1,0],\"pierce\":[1,3,0],\"spread\":[1,3,2],\"sticky\":[2,0,0],\"cluster\":[0,0,0],\"recover\":[3,2],\"poison\":[0,0],\"paralysis\":[0,0],\"sleep\":[0,0],\"exhaust\":[0,0],\"flaming\":[0],\"water\":[0],\"freeze\":[4],\"thunder\":[0],\"dragon\":[0],\"slicing\":[1],\"wyvern\":[0],\"demon\":[1],\"armor\":[2],\"tranq\":[2]}}'),(948,'Hunter\'s Rifle 1','light-bowgun',1,'hunters-rifle-1','{\"attack\":143,\"deviation\":\"Average\",\"specialAmmo\":\"Wyvernblast\",\"ammoCapacities\":{\"normal\":[6,4,3],\"pierce\":[5,0,0],\"spread\":[4,3,2],\"sticky\":[2,0,0],\"cluster\":[0,0,0],\"recover\":[3,2],\"poison\":[0,0],\"paralysis\":[1,4],\"sleep\":[0,0],\"exhaust\":[0,0],\"flaming\":[4],\"water\":[0],\"freeze\":[0],\"thunder\":[4],\"dragon\":[1],\"slicing\":[0],\"wyvern\":[0],\"demon\":[2],\"armor\":[2],\"tranq\":[2]}}'),(949,'Hunter\'s Rifle 2','light-bowgun',1,'hunters-rifle-2','{\"attack\":156,\"deviation\":\"Average\",\"specialAmmo\":\"Wyvernblast\",\"ammoCapacities\":{\"normal\":[6,4,3],\"pierce\":[5,0,0],\"spread\":[4,3,2],\"sticky\":[2,0,0],\"cluster\":[0,0,0],\"recover\":[3,2],\"poison\":[0,0],\"paralysis\":[1,4],\"sleep\":[0,0],\"exhaust\":[0,0],\"flaming\":[4],\"water\":[0],\"freeze\":[0],\"thunder\":[4],\"dragon\":[1],\"slicing\":[0],\"wyvern\":[0],\"demon\":[2],\"armor\":[2],\"tranq\":[2]}}'),(950,'Hunter\'s Rifle 3','light-bowgun',2,'hunters-rifle-3','{\"attack\":169,\"deviation\":\"Average\",\"specialAmmo\":\"Wyvernblast\",\"ammoCapacities\":{\"normal\":[6,4,3],\"pierce\":[5,0,0],\"spread\":[4,3,2],\"sticky\":[2,0,0],\"cluster\":[0,0,0],\"recover\":[3,2],\"poison\":[0,0],\"paralysis\":[1,4],\"sleep\":[0,0],\"exhaust\":[0,0],\"flaming\":[4],\"water\":[0],\"freeze\":[0],\"thunder\":[4],\"dragon\":[1],\"slicing\":[0],\"wyvern\":[0],\"demon\":[2],\"armor\":[2],\"tranq\":[2]}}'),(951,'Power Rifle 1','light-bowgun',3,'power-rifle-1','{\"attack\":182,\"deviation\":\"Average\",\"specialAmmo\":\"Wyvernblast\",\"ammoCapacities\":{\"normal\":[6,4,3],\"pierce\":[5,0,0],\"spread\":[4,3,2],\"sticky\":[2,0,0],\"cluster\":[0,0,0],\"recover\":[3,2],\"poison\":[0,0],\"paralysis\":[1,4],\"sleep\":[0,0],\"exhaust\":[0,0],\"flaming\":[4],\"water\":[0],\"freeze\":[0],\"thunder\":[4],\"dragon\":[1],\"slicing\":[0],\"wyvern\":[0],\"demon\":[2],\"armor\":[2],\"tranq\":[2]}}'),(952,'Power Rifle 2','light-bowgun',4,'power-rifle-2','{\"attack\":195,\"deviation\":\"Average\",\"specialAmmo\":\"Wyvernblast\",\"ammoCapacities\":{\"normal\":[6,4,3],\"pierce\":[5,0,0],\"spread\":[4,3,2],\"sticky\":[2,0,0],\"cluster\":[0,0,0],\"recover\":[3,2],\"poison\":[0,0],\"paralysis\":[1,4],\"sleep\":[0,0],\"exhaust\":[0,0],\"flaming\":[4],\"water\":[0],\"freeze\":[0],\"thunder\":[4],\"dragon\":[1],\"slicing\":[0],\"wyvern\":[0],\"demon\":[2],\"armor\":[2],\"tranq\":[2]}}'),(953,'Power Rifle 3','light-bowgun',5,'power-rifle-3','{\"attack\":208,\"deviation\":\"Average\",\"specialAmmo\":\"Wyvernblast\",\"ammoCapacities\":{\"normal\":[6,4,3],\"pierce\":[5,0,0],\"spread\":[4,3,2],\"sticky\":[2,0,0],\"cluster\":[0,0,0],\"recover\":[3,2],\"poison\":[0,0],\"paralysis\":[1,4],\"sleep\":[0,0],\"exhaust\":[0,0],\"flaming\":[4],\"water\":[0],\"freeze\":[0],\"thunder\":[4],\"dragon\":[1],\"slicing\":[0],\"wyvern\":[0],\"demon\":[2],\"armor\":[2],\"tranq\":[2]}}'),(954,'Sniper Shot 1','light-bowgun',6,'sniper-shot-1','{\"attack\":221,\"deviation\":\"Average\",\"specialAmmo\":\"Wyvernblast\",\"ammoCapacities\":{\"normal\":[6,4,3],\"pierce\":[5,0,0],\"spread\":[4,3,2],\"sticky\":[2,0,0],\"cluster\":[0,0,0],\"recover\":[3,2],\"poison\":[0,0],\"paralysis\":[1,4],\"sleep\":[0,0],\"exhaust\":[0,0],\"flaming\":[4],\"water\":[0],\"freeze\":[0],\"thunder\":[4],\"dragon\":[1],\"slicing\":[0],\"wyvern\":[0],\"demon\":[2],\"armor\":[2],\"tranq\":[2]},\"slotsRank2\":1}'),(955,'Sniper Shot 2','light-bowgun',6,'sniper-shot-2','{\"attack\":247,\"deviation\":\"Average\",\"specialAmmo\":\"Wyvernblast\",\"ammoCapacities\":{\"normal\":[6,4,3],\"pierce\":[5,0,0],\"spread\":[4,3,2],\"sticky\":[2,0,0],\"cluster\":[0,0,0],\"recover\":[3,2],\"poison\":[0,0],\"paralysis\":[1,4],\"sleep\":[0,0],\"exhaust\":[0,0],\"flaming\":[4],\"water\":[0],\"freeze\":[0],\"thunder\":[4],\"dragon\":[1],\"slicing\":[0],\"wyvern\":[0],\"demon\":[2],\"armor\":[2],\"tranq\":[2]},\"slotsRank3\":1}'),(956,'Hazak Ereipia','light-bowgun',7,'hazak-ereipia','{\"attack\":247,\"deviation\":\"Low\",\"specialAmmo\":\"Wyvernblast\",\"ammoCapacities\":{\"normal\":[3,2,1],\"pierce\":[4,0,2],\"spread\":[3,0,2],\"sticky\":[2,0,0],\"cluster\":[0,0,0],\"recover\":[0,0],\"poison\":[6,0],\"paralysis\":[3,0],\"sleep\":[5,0],\"exhaust\":[5,5],\"flaming\":[0],\"water\":[0],\"freeze\":[0],\"thunder\":[0],\"dragon\":[3],\"slicing\":[2],\"wyvern\":[0],\"demon\":[2],\"armor\":[0],\"tranq\":[2]},\"slotsRank2\":1}'),(957,'Gulgoleth\'s Wail','light-bowgun',8,'gulgoleths-wail','{\"attack\":260,\"deviation\":\"Low\",\"specialAmmo\":\"Wyvernblast\",\"ammoCapacities\":{\"normal\":[3,2,1],\"pierce\":[4,0,2],\"spread\":[3,0,2],\"sticky\":[2,0,0],\"cluster\":[0,0,0],\"recover\":[0,0],\"poison\":[6,0],\"paralysis\":[3,0],\"sleep\":[5,0],\"exhaust\":[5,5],\"flaming\":[0],\"water\":[0],\"freeze\":[0],\"thunder\":[0],\"dragon\":[3],\"slicing\":[2],\"wyvern\":[0],\"demon\":[2],\"armor\":[0],\"tranq\":[2]},\"slotsRank2\":1}'),(958,'Blazing Rifle 1','light-bowgun',3,'blazing-rifle-1','{\"attack\":195,\"affinity\":\"-30%\",\"deviation\":\"High\",\"specialAmmo\":\"Wyvernblast\",\"ammoCapacities\":{\"normal\":[4,3,2],\"pierce\":[5,2,2],\"spread\":[3,0,0],\"sticky\":[2,1,1],\"cluster\":[0,0,0],\"recover\":[0,0],\"poison\":[5,3],\"paralysis\":[0,0],\"sleep\":[0,0],\"exhaust\":[0,0],\"flaming\":[4],\"water\":[0],\"freeze\":[0],\"thunder\":[0],\"dragon\":[0],\"slicing\":[0],\"wyvern\":[0],\"demon\":[1],\"armor\":[0],\"tranq\":[2]}}'),(959,'Blazing Rifle 2','light-bowgun',4,'blazing-rifle-2','{\"attack\":221,\"affinity\":\"-30%\",\"deviation\":\"High\",\"specialAmmo\":\"Wyvernblast\",\"ammoCapacities\":{\"normal\":[4,3,2],\"pierce\":[5,2,2],\"spread\":[3,0,0],\"sticky\":[2,1,1],\"cluster\":[0,0,0],\"recover\":[0,0],\"poison\":[5,3],\"paralysis\":[0,0],\"sleep\":[0,0],\"exhaust\":[0,0],\"flaming\":[4],\"water\":[0],\"freeze\":[0],\"thunder\":[0],\"dragon\":[0],\"slicing\":[0],\"wyvern\":[0],\"demon\":[1],\"armor\":[0],\"tranq\":[2]}}'),(960,'Anja Buster 1','light-bowgun',5,'anja-buster-1','{\"attack\":234,\"affinity\":\"-30%\",\"deviation\":\"High\",\"specialAmmo\":\"Wyvernblast\",\"ammoCapacities\":{\"normal\":[4,3,2],\"pierce\":[5,2,2],\"spread\":[3,0,0],\"sticky\":[2,1,1],\"cluster\":[0,0,0],\"recover\":[0,0],\"poison\":[5,3],\"paralysis\":[0,0],\"sleep\":[0,0],\"exhaust\":[0,0],\"flaming\":[4],\"water\":[0],\"freeze\":[0],\"thunder\":[0],\"dragon\":[0],\"slicing\":[0],\"wyvern\":[0],\"demon\":[1],\"armor\":[0],\"tranq\":[2]}}'),(961,'Anja Buster 2','light-bowgun',6,'anja-buster-2','{\"attack\":260,\"affinity\":\"-30%\",\"deviation\":\"High\",\"specialAmmo\":\"Wyvernblast\",\"ammoCapacities\":{\"normal\":[4,3,2],\"pierce\":[5,2,2],\"spread\":[3,0,0],\"sticky\":[2,1,1],\"cluster\":[0,0,0],\"recover\":[0,0],\"poison\":[5,3],\"paralysis\":[0,0],\"sleep\":[0,0],\"exhaust\":[0,0],\"flaming\":[4],\"water\":[0],\"freeze\":[0],\"thunder\":[0],\"dragon\":[0],\"slicing\":[0],\"wyvern\":[0],\"demon\":[1],\"armor\":[0],\"tranq\":[2]}}'),(962,'Anja Buster 3','light-bowgun',6,'anja-buster-3','{\"attack\":273,\"affinity\":\"-30%\",\"deviation\":\"High\",\"specialAmmo\":\"Wyvernblast\",\"ammoCapacities\":{\"normal\":[4,3,2],\"pierce\":[5,2,2],\"spread\":[3,0,0],\"sticky\":[2,1,1],\"cluster\":[0,0,0],\"recover\":[0,0],\"poison\":[5,3],\"paralysis\":[0,0],\"sleep\":[0,0],\"exhaust\":[0,0],\"flaming\":[4],\"water\":[0],\"freeze\":[0],\"thunder\":[0],\"dragon\":[0],\"slicing\":[0],\"wyvern\":[0],\"demon\":[1],\"armor\":[0],\"tranq\":[2]}}'),(963,'Madness Rifle 1','light-bowgun',2,'madness-rifle-1','{\"attack\":169,\"deviation\":\"Low\",\"specialAmmo\":\"Wyvernblast\",\"ammoCapacities\":{\"normal\":[3,2,0],\"pierce\":[3,2,0],\"spread\":[4,4,2],\"sticky\":[2,1,1],\"cluster\":[0,0,0],\"recover\":[3,2],\"poison\":[6,5],\"paralysis\":[3,0],\"sleep\":[5,4],\"exhaust\":[0,0],\"flaming\":[0],\"water\":[3],\"freeze\":[0],\"thunder\":[0],\"dragon\":[0],\"slicing\":[0],\"wyvern\":[0],\"demon\":[2],\"armor\":[0],\"tranq\":[2]}}'),(964,'Madness Rifle 2','light-bowgun',3,'madness-rifle-2','{\"attack\":182,\"deviation\":\"Low\",\"specialAmmo\":\"Wyvernblast\",\"ammoCapacities\":{\"normal\":[3,2,0],\"pierce\":[3,2,0],\"spread\":[4,4,2],\"sticky\":[2,1,1],\"cluster\":[0,0,0],\"recover\":[3,2],\"poison\":[6,5],\"paralysis\":[3,0],\"sleep\":[5,4],\"exhaust\":[0,0],\"flaming\":[0],\"water\":[3],\"freeze\":[0],\"thunder\":[0],\"dragon\":[0],\"slicing\":[0],\"wyvern\":[0],\"demon\":[2],\"armor\":[0],\"tranq\":[2]}}'),(965,'Madness Rifle 3','light-bowgun',4,'madness-rifle-3','{\"attack\":195,\"deviation\":\"Low\",\"specialAmmo\":\"Wyvernblast\",\"ammoCapacities\":{\"normal\":[3,2,0],\"pierce\":[3,2,0],\"spread\":[4,4,2],\"sticky\":[2,1,1],\"cluster\":[0,0,0],\"recover\":[3,2],\"poison\":[6,5],\"paralysis\":[3,0],\"sleep\":[5,4],\"exhaust\":[0,0],\"flaming\":[0],\"water\":[3],\"freeze\":[0],\"thunder\":[0],\"dragon\":[0],\"slicing\":[0],\"wyvern\":[0],\"demon\":[2],\"armor\":[0],\"tranq\":[2]}}'),(966,'Jyura Bullet 1','light-bowgun',5,'jyura-bullet-1','{\"attack\":208,\"deviation\":\"Low\",\"specialAmmo\":\"Wyvernblast\",\"ammoCapacities\":{\"normal\":[3,2,0],\"pierce\":[3,2,0],\"spread\":[4,4,2],\"sticky\":[2,1,1],\"cluster\":[0,0,0],\"recover\":[3,2],\"poison\":[6,5],\"paralysis\":[3,0],\"sleep\":[5,4],\"exhaust\":[0,0],\"flaming\":[0],\"water\":[3],\"freeze\":[0],\"thunder\":[0],\"dragon\":[0],\"slicing\":[0],\"wyvern\":[0],\"demon\":[2],\"armor\":[0],\"tranq\":[2]},\"slotsRank1\":2}'),(967,'Jyura Bullet 2','light-bowgun',6,'jyura-bullet-2','{\"attack\":234,\"deviation\":\"Low\",\"specialAmmo\":\"Wyvernblast\",\"ammoCapacities\":{\"normal\":[3,2,0],\"pierce\":[3,2,0],\"spread\":[4,4,2],\"sticky\":[2,1,1],\"cluster\":[0,0,0],\"recover\":[3,2],\"poison\":[6,5],\"paralysis\":[3,0],\"sleep\":[5,4],\"exhaust\":[0,0],\"flaming\":[0],\"water\":[3],\"freeze\":[0],\"thunder\":[0],\"dragon\":[0],\"slicing\":[0],\"wyvern\":[0],\"demon\":[2],\"armor\":[0],\"tranq\":[2]},\"slotsRank1\":2}'),(968,'Jyura Bullet 3','light-bowgun',6,'jyura-bullet-3','{\"attack\":247,\"deviation\":\"Low\",\"specialAmmo\":\"Wyvernblast\",\"ammoCapacities\":{\"normal\":[3,2,0],\"pierce\":[3,2,0],\"spread\":[4,4,2],\"sticky\":[2,1,1],\"cluster\":[0,0,0],\"recover\":[3,2],\"poison\":[6,5],\"paralysis\":[3,0],\"sleep\":[5,4],\"exhaust\":[0,0],\"flaming\":[0],\"water\":[3],\"freeze\":[0],\"thunder\":[0],\"dragon\":[0],\"slicing\":[0],\"wyvern\":[0],\"demon\":[2],\"armor\":[0],\"tranq\":[2]},\"slotsRank1\":2}'),(969,'Lava Bullet 1','light-bowgun',6,'lava-bullet-1','{\"attack\":221,\"deviation\":\"Average\",\"specialAmmo\":\"Wyvernblast\",\"ammoCapacities\":{\"normal\":[4,4,2],\"pierce\":[3,0,0],\"spread\":[0,2,1],\"sticky\":[2,1,1],\"cluster\":[0,0,0],\"recover\":[0,0],\"poison\":[0,0],\"paralysis\":[0,0],\"sleep\":[5,0],\"exhaust\":[0,0],\"flaming\":[3],\"water\":[0],\"freeze\":[0],\"thunder\":[0],\"dragon\":[2],\"slicing\":[0],\"wyvern\":[0],\"demon\":[0],\"armor\":[2],\"tranq\":[2]},\"slotsRank2\":2}'),(970,'Lava Bullet 2','light-bowgun',7,'lava-bullet-2','{\"attack\":234,\"deviation\":\"Average\",\"specialAmmo\":\"Wyvernblast\",\"ammoCapacities\":{\"normal\":[4,4,2],\"pierce\":[3,0,0],\"spread\":[0,2,1],\"sticky\":[2,1,1],\"cluster\":[0,0,0],\"recover\":[0,0],\"poison\":[0,0],\"paralysis\":[0,0],\"sleep\":[5,0],\"exhaust\":[0,0],\"flaming\":[3],\"water\":[0],\"freeze\":[0],\"thunder\":[0],\"dragon\":[2],\"slicing\":[0],\"wyvern\":[0],\"demon\":[0],\"armor\":[2],\"tranq\":[2]},\"slotsRank2\":2}'),(971,'Carapace Rifle 1','light-bowgun',2,'carapace-rifle-1','{\"attack\":169,\"affinity\":\"-20%\",\"deviation\":\"Average\",\"specialAmmo\":\"Wyvernblast\",\"ammoCapacities\":{\"normal\":[4,3,2],\"pierce\":[5,0,0],\"spread\":[3,2,2],\"sticky\":[2,0,0],\"cluster\":[0,0,0],\"recover\":[3,0],\"poison\":[0,0],\"paralysis\":[4,3],\"sleep\":[0,0],\"exhaust\":[0,0],\"flaming\":[0],\"water\":[0],\"freeze\":[0],\"thunder\":[0],\"dragon\":[1],\"slicing\":[0],\"wyvern\":[0],\"demon\":[0],\"armor\":[1],\"tranq\":[2]}}'),(972,'Carapace Rifle 2','light-bowgun',3,'carapace-rifle-2','{\"attack\":182,\"affinity\":\"-20%\",\"deviation\":\"Average\",\"specialAmmo\":\"Wyvernblast\",\"ammoCapacities\":{\"normal\":[4,3,2],\"pierce\":[5,0,0],\"spread\":[3,2,2],\"sticky\":[2,0,0],\"cluster\":[0,0,0],\"recover\":[3,0],\"poison\":[0,0],\"paralysis\":[4,3],\"sleep\":[0,0],\"exhaust\":[0,0],\"flaming\":[0],\"water\":[0],\"freeze\":[0],\"thunder\":[0],\"dragon\":[1],\"slicing\":[0],\"wyvern\":[0],\"demon\":[0],\"armor\":[1],\"tranq\":[2]}}'),(973,'Carapace Rifle 3','light-bowgun',4,'carapace-rifle-3','{\"attack\":208,\"affinity\":\"-20%\",\"deviation\":\"Average\",\"specialAmmo\":\"Wyvernblast\",\"ammoCapacities\":{\"normal\":[4,3,2],\"pierce\":[5,0,0],\"spread\":[3,2,2],\"sticky\":[2,0,0],\"cluster\":[0,0,0],\"recover\":[3,0],\"poison\":[0,0],\"paralysis\":[4,3],\"sleep\":[0,0],\"exhaust\":[0,0],\"flaming\":[0],\"water\":[0],\"freeze\":[0],\"thunder\":[0],\"dragon\":[1],\"slicing\":[0],\"wyvern\":[0],\"demon\":[0],\"armor\":[1],\"tranq\":[2]}}'),(974,'Barroth Shot 1','light-bowgun',5,'barroth-shot-1','{\"attack\":234,\"affinity\":\"-20%\",\"deviation\":\"Average\",\"specialAmmo\":\"Wyvernblast\",\"ammoCapacities\":{\"normal\":[4,3,2],\"pierce\":[5,0,0],\"spread\":[3,2,2],\"sticky\":[2,0,0],\"cluster\":[0,0,0],\"recover\":[3,0],\"poison\":[0,0],\"paralysis\":[4,3],\"sleep\":[0,0],\"exhaust\":[0,0],\"flaming\":[0],\"water\":[0],\"freeze\":[0],\"thunder\":[0],\"dragon\":[1],\"slicing\":[0],\"wyvern\":[0],\"demon\":[0],\"armor\":[1],\"tranq\":[2]},\"slotsRank1\":1}'),(975,'Barroth Shot 2','light-bowgun',6,'barroth-shot-2','{\"attack\":247,\"affinity\":\"-20%\",\"deviation\":\"Average\",\"specialAmmo\":\"Wyvernblast\",\"ammoCapacities\":{\"normal\":[4,3,2],\"pierce\":[5,0,0],\"spread\":[3,2,2],\"sticky\":[2,0,0],\"cluster\":[0,0,0],\"recover\":[3,0],\"poison\":[0,0],\"paralysis\":[4,3],\"sleep\":[0,0],\"exhaust\":[0,0],\"flaming\":[0],\"water\":[0],\"freeze\":[0],\"thunder\":[0],\"dragon\":[1],\"slicing\":[0],\"wyvern\":[0],\"demon\":[0],\"armor\":[1],\"tranq\":[2]},\"slotsRank1\":1}'),(976,'Barroth Shot 3','light-bowgun',6,'barroth-shot-3','{\"attack\":260,\"affinity\":\"-20%\",\"deviation\":\"Average\",\"specialAmmo\":\"Wyvernblast\",\"ammoCapacities\":{\"normal\":[4,3,2],\"pierce\":[5,0,0],\"spread\":[3,2,2],\"sticky\":[2,0,0],\"cluster\":[0,0,0],\"recover\":[3,0],\"poison\":[0,0],\"paralysis\":[4,3],\"sleep\":[0,0],\"exhaust\":[0,0],\"flaming\":[0],\"water\":[0],\"freeze\":[0],\"thunder\":[0],\"dragon\":[1],\"slicing\":[0],\"wyvern\":[0],\"demon\":[0],\"armor\":[1],\"tranq\":[2]},\"slotsRank1\":1}'),(977,'Garon Rifle 1','light-bowgun',4,'garon-rifle-1','{\"attack\":195,\"deviation\":\"None\",\"specialAmmo\":\"Wyvernblast\",\"ammoCapacities\":{\"normal\":[4,3,0],\"pierce\":[5,2,2],\"spread\":[3,2,0],\"sticky\":[2,0,0],\"cluster\":[0,0,0],\"recover\":[0,0],\"poison\":[5,0],\"paralysis\":[4,0],\"sleep\":[5,0],\"exhaust\":[4,0],\"flaming\":[0],\"water\":[0],\"freeze\":[0],\"thunder\":[4],\"dragon\":[0],\"slicing\":[1],\"wyvern\":[0],\"demon\":[1],\"armor\":[0],\"tranq\":[2]}}'),(978,'Garon Rifle 2','light-bowgun',5,'garon-rifle-2','{\"attack\":208,\"deviation\":\"None\",\"specialAmmo\":\"Wyvernblast\",\"ammoCapacities\":{\"normal\":[4,3,0],\"pierce\":[5,2,2],\"spread\":[3,2,0],\"sticky\":[2,0,0],\"cluster\":[0,0,0],\"recover\":[0,0],\"poison\":[5,0],\"paralysis\":[4,0],\"sleep\":[5,0],\"exhaust\":[4,0],\"flaming\":[0],\"water\":[0],\"freeze\":[0],\"thunder\":[4],\"dragon\":[0],\"slicing\":[1],\"wyvern\":[0],\"demon\":[1],\"armor\":[0],\"tranq\":[2]}}'),(979,'Fate\'s Ember','light-bowgun',6,'fates-ember','{\"attack\":221,\"deviation\":\"None\",\"specialAmmo\":\"Wyvernblast\",\"ammoCapacities\":{\"normal\":[4,3,0],\"pierce\":[5,2,2],\"spread\":[3,2,0],\"sticky\":[2,0,0],\"cluster\":[0,0,0],\"recover\":[0,0],\"poison\":[5,0],\"paralysis\":[4,0],\"sleep\":[5,0],\"exhaust\":[4,0],\"flaming\":[0],\"water\":[0],\"freeze\":[0],\"thunder\":[4],\"dragon\":[0],\"slicing\":[1],\"wyvern\":[0],\"demon\":[1],\"armor\":[0],\"tranq\":[2]},\"slotsRank1\":1}'),(980,'Karma','light-bowgun',8,'karma','{\"attack\":234,\"deviation\":\"None\",\"specialAmmo\":\"Wyvernblast\",\"ammoCapacities\":{\"normal\":[4,3,0],\"pierce\":[5,2,2],\"spread\":[3,2,0],\"sticky\":[2,0,0],\"cluster\":[0,0,0],\"recover\":[0,0],\"poison\":[5,0],\"paralysis\":[4,0],\"sleep\":[5,0],\"exhaust\":[4,0],\"flaming\":[0],\"water\":[0],\"freeze\":[0],\"thunder\":[4],\"dragon\":[0],\"slicing\":[1],\"wyvern\":[0],\"demon\":[1],\"armor\":[0],\"tranq\":[2]},\"slotsRank1\":1}'),(981,'Dragonbone Bowgun 1','light-bowgun',3,'dragonbone-bowgun-1','{\"attack\":130,\"deviation\":\"Low\",\"specialAmmo\":\"Wyvernblast\",\"ammoCapacities\":{\"normal\":[3,0,0],\"pierce\":[4,0,0],\"spread\":[3,0,0],\"sticky\":[0,0,0],\"cluster\":[0,0,0],\"recover\":[0,0],\"poison\":[6,0],\"paralysis\":[3,0],\"sleep\":[5,0],\"exhaust\":[5,0],\"flaming\":[5],\"water\":[0],\"freeze\":[0],\"thunder\":[0],\"dragon\":[3],\"slicing\":[0],\"wyvern\":[0],\"demon\":[2],\"armor\":[2],\"tranq\":[2]}}'),(982,'Dragonbone Bowgun 2','light-bowgun',4,'dragonbone-bowgun-2','{\"attack\":143,\"deviation\":\"Low\",\"specialAmmo\":\"Wyvernblast\",\"ammoCapacities\":{\"normal\":[3,0,0],\"pierce\":[4,0,0],\"spread\":[3,0,0],\"sticky\":[0,0,0],\"cluster\":[0,0,0],\"recover\":[0,0],\"poison\":[6,0],\"paralysis\":[3,0],\"sleep\":[5,0],\"exhaust\":[5,0],\"flaming\":[5],\"water\":[0],\"freeze\":[0],\"thunder\":[0],\"dragon\":[3],\"slicing\":[0],\"wyvern\":[0],\"demon\":[2],\"armor\":[2],\"tranq\":[2]}}'),(983,'Dragonbone Bowgun 3','light-bowgun',6,'dragonbone-bowgun-3','{\"attack\":208,\"deviation\":\"Low\",\"specialAmmo\":\"Wyvernblast\",\"ammoCapacities\":{\"normal\":[3,0,0],\"pierce\":[4,0,0],\"spread\":[3,0,0],\"sticky\":[0,0,0],\"cluster\":[0,0,0],\"recover\":[0,0],\"poison\":[6,0],\"paralysis\":[3,0],\"sleep\":[5,0],\"exhaust\":[5,0],\"flaming\":[5],\"water\":[0],\"freeze\":[0],\"thunder\":[0],\"dragon\":[3],\"slicing\":[0],\"wyvern\":[0],\"demon\":[2],\"armor\":[2],\"tranq\":[2]},\"slotsRank1\":1}'),(984,'Onigashima','light-bowgun',7,'onigashima','{\"attack\":208,\"deviation\":\"High\",\"specialAmmo\":\"Wyvernblast\",\"ammoCapacities\":{\"normal\":[1,1,0],\"pierce\":[1,0,0],\"spread\":[1,3,2],\"sticky\":[2,2,1],\"cluster\":[0,0,0],\"recover\":[0,0],\"poison\":[0,0],\"paralysis\":[0,0],\"sleep\":[0,0],\"exhaust\":[0,0],\"flaming\":[0],\"water\":[0],\"freeze\":[0],\"thunder\":[0],\"dragon\":[1],\"slicing\":[1],\"wyvern\":[0],\"demon\":[0],\"armor\":[0],\"tranq\":[2]},\"slotsRank1\":1}'),(985,'Dai-Onigashima','light-bowgun',8,'dai-onigashima','{\"attack\":221,\"deviation\":\"High\",\"specialAmmo\":\"Wyvernblast\",\"ammoCapacities\":{\"normal\":[1,1,0],\"pierce\":[1,0,0],\"spread\":[1,3,2],\"sticky\":[2,2,1],\"cluster\":[0,0,0],\"recover\":[0,0],\"poison\":[0,0],\"paralysis\":[0,0],\"sleep\":[0,0],\"exhaust\":[0,0],\"flaming\":[0],\"water\":[0],\"freeze\":[0],\"thunder\":[0],\"dragon\":[1],\"slicing\":[1],\"wyvern\":[0],\"demon\":[0],\"armor\":[0],\"tranq\":[2]},\"slotsRank1\":1}'),(986,'Mythical Horn','light-bowgun',4,'mythical-horn','{\"attack\":143,\"deviation\":\"Low\",\"specialAmmo\":\"Wyvernblast\",\"ammoCapacities\":{\"normal\":[3,2,1],\"pierce\":[4,4,0],\"spread\":[0,0,0],\"sticky\":[0,0,0],\"cluster\":[0,0,0],\"recover\":[3,0],\"poison\":[0,0],\"paralysis\":[3,3],\"sleep\":[0,0],\"exhaust\":[0,5],\"flaming\":[0],\"water\":[5],\"freeze\":[5],\"thunder\":[3],\"dragon\":[0],\"slicing\":[0],\"wyvern\":[0],\"demon\":[0],\"armor\":[2],\"tranq\":[2]}}'),(987,'Mythical Horn+','light-bowgun',7,'mythical-horn+','{\"attack\":182,\"deviation\":\"Low\",\"specialAmmo\":\"Wyvernblast\",\"ammoCapacities\":{\"normal\":[3,2,1],\"pierce\":[4,4,0],\"spread\":[0,0,0],\"sticky\":[0,0,0],\"cluster\":[0,0,0],\"recover\":[3,0],\"poison\":[0,0],\"paralysis\":[3,3],\"sleep\":[0,0],\"exhaust\":[0,5],\"flaming\":[0],\"water\":[5],\"freeze\":[5],\"thunder\":[3],\"dragon\":[0],\"slicing\":[0],\"wyvern\":[0],\"demon\":[0],\"armor\":[2],\"tranq\":[2]}}'),(988,'Mythical Three-Horn','light-bowgun',8,'mythical-three-horn','{\"attack\":208,\"deviation\":\"Low\",\"specialAmmo\":\"Wyvernblast\",\"ammoCapacities\":{\"normal\":[3,2,1],\"pierce\":[4,4,0],\"spread\":[0,0,0],\"sticky\":[0,0,0],\"cluster\":[0,0,0],\"recover\":[3,0],\"poison\":[0,0],\"paralysis\":[3,3],\"sleep\":[0,0],\"exhaust\":[0,5],\"flaming\":[0],\"water\":[5],\"freeze\":[5],\"thunder\":[3],\"dragon\":[0],\"slicing\":[0],\"wyvern\":[0],\"demon\":[0],\"armor\":[2],\"tranq\":[2]}}'),(989,'Blacksteel Crossbow 1','light-bowgun',5,'blacksteel-crossbow-1','{\"attack\":130,\"deviation\":\"Low\",\"specialAmmo\":\"Wyvernblast\",\"ammoCapacities\":{\"normal\":[3,0,0],\"pierce\":[4,0,0],\"spread\":[3,0,0],\"sticky\":[0,0,0],\"cluster\":[0,0,0],\"recover\":[0,0],\"poison\":[6,0],\"paralysis\":[3,0],\"sleep\":[5,0],\"exhaust\":[5,0],\"flaming\":[5],\"water\":[0],\"freeze\":[0],\"thunder\":[0],\"dragon\":[3],\"slicing\":[0],\"wyvern\":[0],\"demon\":[2],\"armor\":[2],\"tranq\":[2]}}'),(990,'Blacksteel Crossbow 2','light-bowgun',6,'blacksteel-crossbow-2','{\"attack\":143,\"deviation\":\"Low\",\"specialAmmo\":\"Wyvernblast\",\"ammoCapacities\":{\"normal\":[3,0,0],\"pierce\":[4,0,0],\"spread\":[3,0,0],\"sticky\":[0,0,0],\"cluster\":[0,0,0],\"recover\":[0,0],\"poison\":[6,0],\"paralysis\":[3,0],\"sleep\":[5,0],\"exhaust\":[5,0],\"flaming\":[5],\"water\":[0],\"freeze\":[0],\"thunder\":[0],\"dragon\":[3],\"slicing\":[0],\"wyvern\":[0],\"demon\":[2],\"armor\":[2],\"tranq\":[2]}}'),(991,'Icesteel Wasp','light-bowgun',7,'icesteel-wasp','{\"attack\":221,\"deviation\":\"Low\",\"specialAmmo\":\"Wyvernblast\",\"ammoCapacities\":{\"normal\":[3,2,2],\"pierce\":[3,2,1],\"spread\":[4,4,0],\"sticky\":[2,0,0],\"cluster\":[0,0,0],\"recover\":[0,0],\"poison\":[0,0],\"paralysis\":[3,0],\"sleep\":[5,0],\"exhaust\":[5,5],\"flaming\":[0],\"water\":[0],\"freeze\":[3],\"thunder\":[0],\"dragon\":[0],\"slicing\":[2],\"wyvern\":[0],\"demon\":[0],\"armor\":[2],\"tranq\":[2]},\"slotsRank2\":1}'),(992,'Daora\'s Hornet','light-bowgun',8,'daoras-hornet','{\"attack\":234,\"deviation\":\"Low\",\"specialAmmo\":\"Wyvernblast\",\"ammoCapacities\":{\"normal\":[3,2,2],\"pierce\":[3,2,1],\"spread\":[4,4,0],\"sticky\":[2,0,0],\"cluster\":[0,0,0],\"recover\":[0,0],\"poison\":[0,0],\"paralysis\":[3,0],\"sleep\":[5,0],\"exhaust\":[5,5],\"flaming\":[0],\"water\":[0],\"freeze\":[3],\"thunder\":[0],\"dragon\":[0],\"slicing\":[2],\"wyvern\":[0],\"demon\":[0],\"armor\":[2],\"tranq\":[2]},\"slotsRank2\":1}'),(993,'Xeno Neqiina','light-bowgun',8,'xeno-neqiina','{\"attack\":234,\"deviation\":\"Average\",\"specialAmmo\":\"Wyvernblast\",\"ammoCapacities\":{\"normal\":[6,0,3],\"pierce\":[0,3,2],\"spread\":[0,3,2],\"sticky\":[0,0,1],\"cluster\":[0,0,0],\"recover\":[0,0],\"poison\":[0,1],\"paralysis\":[0,4],\"sleep\":[0,1],\"exhaust\":[0,4],\"flaming\":[4],\"water\":[4],\"freeze\":[4],\"thunder\":[4],\"dragon\":[1],\"slicing\":[1],\"wyvern\":[0],\"demon\":[0],\"armor\":[0],\"tranq\":[2]},\"slotsRank3\":2}'),(994,'Cross Bowgun','light-bowgun',6,'cross-bowgun','{\"attack\":234,\"deviation\":\"None\",\"specialAmmo\":\"Wyvernblast\",\"ammoCapacities\":{\"normal\":[6,4,3],\"pierce\":[5,3,0],\"spread\":[4,0,0],\"sticky\":[2,1,0],\"cluster\":[0,0,0],\"recover\":[3,2],\"poison\":[5,1],\"paralysis\":[1,4],\"sleep\":[5,1],\"exhaust\":[0,0],\"flaming\":[0],\"water\":[0],\"freeze\":[0],\"thunder\":[0],\"dragon\":[0],\"slicing\":[0],\"wyvern\":[0],\"demon\":[0],\"armor\":[0],\"tranq\":[2]},\"slotsRank2\":1}'),(995,'Great Bowgun','light-bowgun',8,'great-bowgun','{\"attack\":260,\"deviation\":\"None\",\"specialAmmo\":\"Wyvernblast\",\"ammoCapacities\":{\"normal\":[6,4,3],\"pierce\":[5,3,0],\"spread\":[4,0,0],\"sticky\":[2,1,0],\"cluster\":[0,0,0],\"recover\":[3,2],\"poison\":[5,1],\"paralysis\":[1,4],\"sleep\":[5,1],\"exhaust\":[0,0],\"flaming\":[0],\"water\":[0],\"freeze\":[0],\"thunder\":[0],\"dragon\":[0],\"slicing\":[0],\"wyvern\":[0],\"demon\":[0],\"armor\":[0],\"tranq\":[2]},\"slotsRank3\":1}'),(996,'Iron Assault 1','heavy-bowgun',1,'iron-assault-1','{\"attack\":150,\"deviation\":\"Low\",\"specialAmmo\":\"Wyvernheart\",\"ammoCapacities\":{\"normal\":[9,6,5],\"pierce\":[7,5,4],\"spread\":[6,0,0],\"sticky\":[3,0,0],\"cluster\":[2,0,0],\"recover\":[2,0],\"poison\":[4,3],\"paralysis\":[0,0],\"sleep\":[0,0],\"exhaust\":[0,0],\"flaming\":[0],\"water\":[0],\"freeze\":[0],\"thunder\":[0],\"dragon\":[0],\"slicing\":[3],\"wyvern\":[1],\"demon\":[0],\"armor\":[2],\"tranq\":[3]}}'),(997,'Iron Assault 2','heavy-bowgun',1,'iron-assault-2','{\"attack\":165,\"deviation\":\"Low\",\"specialAmmo\":\"Wyvernheart\",\"ammoCapacities\":{\"normal\":[9,6,5],\"pierce\":[7,5,4],\"spread\":[6,0,0],\"sticky\":[3,0,0],\"cluster\":[2,0,0],\"recover\":[2,0],\"poison\":[4,3],\"paralysis\":[0,0],\"sleep\":[0,0],\"exhaust\":[0,0],\"flaming\":[0],\"water\":[0],\"freeze\":[0],\"thunder\":[0],\"dragon\":[0],\"slicing\":[3],\"wyvern\":[1],\"demon\":[0],\"armor\":[2],\"tranq\":[3]}}'),(998,'Iron Assault 3','heavy-bowgun',2,'iron-assault-3','{\"attack\":180,\"deviation\":\"Low\",\"specialAmmo\":\"Wyvernheart\",\"ammoCapacities\":{\"normal\":[9,6,5],\"pierce\":[7,5,4],\"spread\":[6,0,0],\"sticky\":[3,0,0],\"cluster\":[2,0,0],\"recover\":[2,0],\"poison\":[4,3],\"paralysis\":[0,0],\"sleep\":[0,0],\"exhaust\":[0,0],\"flaming\":[0],\"water\":[0],\"freeze\":[0],\"thunder\":[0],\"dragon\":[0],\"slicing\":[3],\"wyvern\":[1],\"demon\":[0],\"armor\":[2],\"tranq\":[3]}}'),(999,'Steel Assault 1','heavy-bowgun',3,'steel-assault-1','{\"attack\":195,\"deviation\":\"Low\",\"specialAmmo\":\"Wyvernheart\",\"ammoCapacities\":{\"normal\":[9,6,5],\"pierce\":[7,5,4],\"spread\":[6,0,0],\"sticky\":[3,0,0],\"cluster\":[2,0,0],\"recover\":[2,0],\"poison\":[4,3],\"paralysis\":[0,0],\"sleep\":[0,0],\"exhaust\":[0,0],\"flaming\":[0],\"water\":[0],\"freeze\":[0],\"thunder\":[0],\"dragon\":[0],\"slicing\":[3],\"wyvern\":[1],\"demon\":[0],\"armor\":[2],\"tranq\":[3]}}'),(1000,'Steel Assault 2','heavy-bowgun',4,'steel-assault-2','{\"attack\":210,\"deviation\":\"Low\",\"specialAmmo\":\"Wyvernheart\",\"ammoCapacities\":{\"normal\":[9,6,5],\"pierce\":[7,5,4],\"spread\":[6,0,0],\"sticky\":[3,0,0],\"cluster\":[2,0,0],\"recover\":[2,0],\"poison\":[4,3],\"paralysis\":[0,0],\"sleep\":[0,0],\"exhaust\":[0,0],\"flaming\":[0],\"water\":[0],\"freeze\":[0],\"thunder\":[0],\"dragon\":[0],\"slicing\":[3],\"wyvern\":[1],\"demon\":[0],\"armor\":[2],\"tranq\":[3]}}'),(1001,'Steel Assault 3','heavy-bowgun',5,'steel-assault-3','{\"attack\":225,\"deviation\":\"Low\",\"specialAmmo\":\"Wyvernheart\",\"ammoCapacities\":{\"normal\":[9,6,5],\"pierce\":[7,5,4],\"spread\":[6,0,0],\"sticky\":[3,0,0],\"cluster\":[2,0,0],\"recover\":[2,0],\"poison\":[4,3],\"paralysis\":[0,0],\"sleep\":[0,0],\"exhaust\":[0,0],\"flaming\":[0],\"water\":[0],\"freeze\":[0],\"thunder\":[0],\"dragon\":[0],\"slicing\":[3],\"wyvern\":[1],\"demon\":[0],\"armor\":[2],\"tranq\":[3]},\"slotsRank1\":1}'),(1002,'Chrome Assault 1','heavy-bowgun',6,'chrome-assault-1','{\"attack\":240,\"deviation\":\"Low\",\"specialAmmo\":\"Wyvernheart\",\"ammoCapacities\":{\"normal\":[9,6,5],\"pierce\":[7,5,4],\"spread\":[6,0,0],\"sticky\":[3,0,0],\"cluster\":[2,0,0],\"recover\":[2,0],\"poison\":[4,3],\"paralysis\":[0,0],\"sleep\":[0,0],\"exhaust\":[0,0],\"flaming\":[0],\"water\":[0],\"freeze\":[0],\"thunder\":[0],\"dragon\":[0],\"slicing\":[3],\"wyvern\":[1],\"demon\":[0],\"armor\":[2],\"tranq\":[3]},\"slotsRank1\":1}'),(1003,'Chrome Assault 2','heavy-bowgun',6,'chrome-assault-2','{\"attack\":255,\"deviation\":\"Low\",\"specialAmmo\":\"Wyvernheart\",\"ammoCapacities\":{\"normal\":[9,6,5],\"pierce\":[7,5,4],\"spread\":[6,0,0],\"sticky\":[3,0,0],\"cluster\":[2,0,0],\"recover\":[2,0],\"poison\":[4,3],\"paralysis\":[0,0],\"sleep\":[0,0],\"exhaust\":[0,0],\"flaming\":[0],\"water\":[0],\"freeze\":[0],\"thunder\":[0],\"dragon\":[0],\"slicing\":[3],\"wyvern\":[1],\"demon\":[0],\"armor\":[2],\"tranq\":[3]},\"slotsRank1\":2}'),(1004,'Nergal Roar','heavy-bowgun',7,'nergal-roar','{\"attack\":270,\"deviation\":\"Average\",\"specialAmmo\":\"Wyvernheart\",\"ammoCapacities\":{\"normal\":[1,5,3],\"pierce\":[4,0,0],\"spread\":[1,3,3],\"sticky\":[0,2,1],\"cluster\":[0,0,0],\"recover\":[1,1],\"poison\":[0,0],\"paralysis\":[0,1],\"sleep\":[0,1],\"exhaust\":[0,0],\"flaming\":[0],\"water\":[4],\"freeze\":[4],\"thunder\":[0],\"dragon\":[2],\"slicing\":[0],\"wyvern\":[1],\"demon\":[1],\"armor\":[1],\"tranq\":[3]},\"slotsRank1\":1}'),(1005,'Destruction\'s Fusillade','heavy-bowgun',8,'destructions-fusillade','{\"attack\":285,\"deviation\":\"Average\",\"specialAmmo\":\"Wyvernheart\",\"ammoCapacities\":{\"normal\":[1,5,3],\"pierce\":[4,0,0],\"spread\":[1,3,3],\"sticky\":[0,2,1],\"cluster\":[0,0,0],\"recover\":[1,1],\"poison\":[0,0],\"paralysis\":[0,1],\"sleep\":[0,1],\"exhaust\":[0,0],\"flaming\":[0],\"water\":[4],\"freeze\":[4],\"thunder\":[0],\"dragon\":[2],\"slicing\":[0],\"wyvern\":[1],\"demon\":[1],\"armor\":[1],\"tranq\":[3]},\"slotsRank1\":1}'),(1006,'Aqua Assault 1','heavy-bowgun',2,'aqua-assault-1','{\"attack\":180,\"deviation\":\"Low\",\"specialAmmo\":\"Wyvernheart\",\"ammoCapacities\":{\"normal\":[7,6,4],\"pierce\":[6,5,0],\"spread\":[6,3,0],\"sticky\":[4,3,0],\"cluster\":[1,0,0],\"recover\":[0,0],\"poison\":[7,5],\"paralysis\":[1,0],\"sleep\":[0,0],\"exhaust\":[0,0],\"flaming\":[0],\"water\":[7],\"freeze\":[0],\"thunder\":[0],\"dragon\":[0],\"slicing\":[2],\"wyvern\":[1],\"demon\":[0],\"armor\":[0],\"tranq\":[3]}}'),(1007,'Aqua Assault 2','heavy-bowgun',3,'aqua-assault-2','{\"attack\":195,\"deviation\":\"Low\",\"specialAmmo\":\"Wyvernheart\",\"ammoCapacities\":{\"normal\":[7,6,4],\"pierce\":[6,5,0],\"spread\":[6,3,0],\"sticky\":[4,3,0],\"cluster\":[1,0,0],\"recover\":[0,0],\"poison\":[7,5],\"paralysis\":[1,0],\"sleep\":[0,0],\"exhaust\":[0,0],\"flaming\":[0],\"water\":[7],\"freeze\":[0],\"thunder\":[0],\"dragon\":[0],\"slicing\":[2],\"wyvern\":[1],\"demon\":[0],\"armor\":[0],\"tranq\":[3]}}'),(1008,'Aqua Assault 3','heavy-bowgun',4,'aqua-assault-3','{\"attack\":210,\"deviation\":\"Low\",\"specialAmmo\":\"Wyvernheart\",\"ammoCapacities\":{\"normal\":[7,6,4],\"pierce\":[6,5,0],\"spread\":[6,3,0],\"sticky\":[4,3,0],\"cluster\":[1,0,0],\"recover\":[0,0],\"poison\":[7,5],\"paralysis\":[1,0],\"sleep\":[0,0],\"exhaust\":[0,0],\"flaming\":[0],\"water\":[7],\"freeze\":[0],\"thunder\":[0],\"dragon\":[0],\"slicing\":[2],\"wyvern\":[1],\"demon\":[0],\"armor\":[0],\"tranq\":[3]}}'),(1009,'Water Cannon 1','heavy-bowgun',5,'water-cannon-1','{\"attack\":225,\"deviation\":\"Low\",\"specialAmmo\":\"Wyvernheart\",\"ammoCapacities\":{\"normal\":[7,6,4],\"pierce\":[6,5,0],\"spread\":[6,3,0],\"sticky\":[4,3,0],\"cluster\":[1,0,0],\"recover\":[0,0],\"poison\":[7,5],\"paralysis\":[1,0],\"sleep\":[0,0],\"exhaust\":[0,0],\"flaming\":[0],\"water\":[7],\"freeze\":[0],\"thunder\":[0],\"dragon\":[0],\"slicing\":[2],\"wyvern\":[1],\"demon\":[0],\"armor\":[0],\"tranq\":[3]}}'),(1010,'Water Cannon 2','heavy-bowgun',6,'water-cannon-2','{\"attack\":240,\"deviation\":\"Low\",\"specialAmmo\":\"Wyvernheart\",\"ammoCapacities\":{\"normal\":[7,6,4],\"pierce\":[6,5,0],\"spread\":[6,3,0],\"sticky\":[4,3,0],\"cluster\":[1,0,0],\"recover\":[0,0],\"poison\":[7,5],\"paralysis\":[1,0],\"sleep\":[0,0],\"exhaust\":[0,0],\"flaming\":[0],\"water\":[7],\"freeze\":[0],\"thunder\":[0],\"dragon\":[0],\"slicing\":[2],\"wyvern\":[1],\"demon\":[0],\"armor\":[0],\"tranq\":[3]}}'),(1011,'Water Cannon 3','heavy-bowgun',6,'water-cannon-3','{\"attack\":255,\"deviation\":\"Low\",\"specialAmmo\":\"Wyvernheart\",\"ammoCapacities\":{\"normal\":[7,6,4],\"pierce\":[6,5,0],\"spread\":[6,3,0],\"sticky\":[4,3,0],\"cluster\":[1,0,0],\"recover\":[0,0],\"poison\":[7,5],\"paralysis\":[1,0],\"sleep\":[0,0],\"exhaust\":[0,0],\"flaming\":[0],\"water\":[7],\"freeze\":[0],\"thunder\":[0],\"dragon\":[0],\"slicing\":[2],\"wyvern\":[1],\"demon\":[0],\"armor\":[0],\"tranq\":[3]}}'),(1012,'Luminous Assault 1','heavy-bowgun',3,'luminous-assault-1','{\"attack\":195,\"deviation\":\"Low\",\"specialAmmo\":\"Wyvernheart\",\"ammoCapacities\":{\"normal\":[7,6,0],\"pierce\":[6,0,0],\"spread\":[6,3,3],\"sticky\":[4,0,0],\"cluster\":[1,0,0],\"recover\":[2,2],\"poison\":[0,0],\"paralysis\":[1,4],\"sleep\":[5,3],\"exhaust\":[0,0],\"flaming\":[0],\"water\":[0],\"freeze\":[0],\"thunder\":[0],\"dragon\":[0],\"slicing\":[0],\"wyvern\":[1],\"demon\":[0],\"armor\":[0],\"tranq\":[3]}}'),(1013,'Luminous Assault 2','heavy-bowgun',4,'luminous-assault-2','{\"attack\":210,\"deviation\":\"Low\",\"specialAmmo\":\"Wyvernheart\",\"ammoCapacities\":{\"normal\":[7,6,0],\"pierce\":[6,0,0],\"spread\":[6,3,3],\"sticky\":[4,0,0],\"cluster\":[1,0,0],\"recover\":[2,2],\"poison\":[0,0],\"paralysis\":[1,4],\"sleep\":[5,3],\"exhaust\":[0,0],\"flaming\":[0],\"water\":[0],\"freeze\":[0],\"thunder\":[0],\"dragon\":[0],\"slicing\":[0],\"wyvern\":[1],\"demon\":[0],\"armor\":[0],\"tranq\":[3]}}'),(1014,'Arma Destroyer 1','heavy-bowgun',4,'arma-destroyer-1','{\"attack\":225,\"deviation\":\"Low\",\"specialAmmo\":\"Wyvernheart\",\"ammoCapacities\":{\"normal\":[7,6,0],\"pierce\":[6,0,0],\"spread\":[6,3,3],\"sticky\":[4,0,0],\"cluster\":[1,0,0],\"recover\":[2,2],\"poison\":[0,0],\"paralysis\":[1,4],\"sleep\":[5,3],\"exhaust\":[0,0],\"flaming\":[0],\"water\":[0],\"freeze\":[0],\"thunder\":[0],\"dragon\":[0],\"slicing\":[0],\"wyvern\":[1],\"demon\":[0],\"armor\":[0],\"tranq\":[3]},\"slotsRank1\":1}'),(1015,'Arma Destroyer 2','heavy-bowgun',6,'arma-destroyer-2','{\"attack\":240,\"deviation\":\"Low\",\"specialAmmo\":\"Wyvernheart\",\"ammoCapacities\":{\"normal\":[7,6,0],\"pierce\":[6,0,0],\"spread\":[6,3,3],\"sticky\":[4,0,0],\"cluster\":[1,0,0],\"recover\":[2,2],\"poison\":[0,0],\"paralysis\":[1,4],\"sleep\":[5,3],\"exhaust\":[0,0],\"flaming\":[0],\"water\":[0],\"freeze\":[0],\"thunder\":[0],\"dragon\":[0],\"slicing\":[0],\"wyvern\":[1],\"demon\":[0],\"armor\":[0],\"tranq\":[3]},\"slotsRank1\":1}'),(1016,'Arma Destroyer 3','heavy-bowgun',6,'arma-destroyer-3','{\"attack\":255,\"deviation\":\"Low\",\"specialAmmo\":\"Wyvernheart\",\"ammoCapacities\":{\"normal\":[7,6,0],\"pierce\":[6,0,0],\"spread\":[6,3,3],\"sticky\":[4,0,0],\"cluster\":[1,0,0],\"recover\":[2,2],\"poison\":[0,0],\"paralysis\":[1,4],\"sleep\":[5,3],\"exhaust\":[0,0],\"flaming\":[0],\"water\":[0],\"freeze\":[0],\"thunder\":[0],\"dragon\":[0],\"slicing\":[0],\"wyvern\":[1],\"demon\":[0],\"armor\":[0],\"tranq\":[3]},\"slotsRank1\":1}'),(1017,'Shattercryst','heavy-bowgun',4,'shattercryst','{\"attack\":210,\"deviation\":\"None\",\"specialAmmo\":\"Wyvernheart\",\"ammoCapacities\":{\"normal\":[5,4,0],\"pierce\":[10,8,6],\"spread\":[0,0,0],\"sticky\":[2,0,0],\"cluster\":[3,3,0],\"recover\":[1,0],\"poison\":[0,0],\"paralysis\":[0,0],\"sleep\":[2,1],\"exhaust\":[1,4],\"flaming\":[5],\"water\":[0],\"freeze\":[5],\"thunder\":[0],\"dragon\":[0],\"slicing\":[1],\"wyvern\":[1],\"demon\":[0],\"armor\":[1],\"tranq\":[3]}}'),(1018,'Shattercryst+','heavy-bowgun',6,'shattercryst+','{\"attack\":240,\"deviation\":\"None\",\"specialAmmo\":\"Wyvernheart\",\"ammoCapacities\":{\"normal\":[5,4,0],\"pierce\":[10,8,6],\"spread\":[0,0,0],\"sticky\":[2,0,0],\"cluster\":[3,3,0],\"recover\":[1,0],\"poison\":[0,0],\"paralysis\":[0,0],\"sleep\":[2,1],\"exhaust\":[1,4],\"flaming\":[5],\"water\":[0],\"freeze\":[5],\"thunder\":[0],\"dragon\":[0],\"slicing\":[1],\"wyvern\":[1],\"demon\":[0],\"armor\":[1],\"tranq\":[3]},\"slotsRank1\":1}'),(1019,'Legia Shattercryst','heavy-bowgun',7,'legia-shattercryst','{\"attack\":255,\"deviation\":\"None\",\"specialAmmo\":\"Wyvernheart\",\"ammoCapacities\":{\"normal\":[5,4,0],\"pierce\":[10,8,6],\"spread\":[0,0,0],\"sticky\":[2,0,0],\"cluster\":[3,3,0],\"recover\":[1,0],\"poison\":[0,0],\"paralysis\":[0,0],\"sleep\":[2,1],\"exhaust\":[1,4],\"flaming\":[5],\"water\":[0],\"freeze\":[5],\"thunder\":[0],\"dragon\":[0],\"slicing\":[1],\"wyvern\":[1],\"demon\":[0],\"armor\":[1],\"tranq\":[3]},\"slotsRank1\":1}'),(1020,'Jagras Assault 1','heavy-bowgun',2,'jagras-assault-1','{\"attack\":180,\"deviation\":\"Average\",\"specialAmmo\":\"Wyvernheart\",\"ammoCapacities\":{\"normal\":[5,4,0],\"pierce\":[5,0,0],\"spread\":[10,6,0],\"sticky\":[2,0,0],\"cluster\":[1,1,0],\"recover\":[1,1],\"poison\":[0,0],\"paralysis\":[2,0],\"sleep\":[0,0],\"exhaust\":[1,0],\"flaming\":[0],\"water\":[0],\"freeze\":[0],\"thunder\":[0],\"dragon\":[0],\"slicing\":[0],\"wyvern\":[0],\"demon\":[1],\"armor\":[1],\"tranq\":[3]}}'),(1021,'Jagras Assault 2','heavy-bowgun',3,'jagras-assault-2','{\"attack\":195,\"deviation\":\"Average\",\"specialAmmo\":\"Wyvernheart\",\"ammoCapacities\":{\"normal\":[5,4,0],\"pierce\":[5,0,0],\"spread\":[10,6,0],\"sticky\":[2,0,0],\"cluster\":[1,1,0],\"recover\":[1,1],\"poison\":[0,0],\"paralysis\":[2,0],\"sleep\":[0,0],\"exhaust\":[1,0],\"flaming\":[0],\"water\":[0],\"freeze\":[0],\"thunder\":[0],\"dragon\":[0],\"slicing\":[0],\"wyvern\":[0],\"demon\":[1],\"armor\":[1],\"tranq\":[3]}}'),(1022,'Jagras Assault 3','heavy-bowgun',4,'jagras-assault-3','{\"attack\":210,\"deviation\":\"Average\",\"specialAmmo\":\"Wyvernheart\",\"ammoCapacities\":{\"normal\":[5,4,0],\"pierce\":[5,0,0],\"spread\":[10,6,0],\"sticky\":[2,0,0],\"cluster\":[1,1,0],\"recover\":[1,1],\"poison\":[0,0],\"paralysis\":[2,0],\"sleep\":[0,0],\"exhaust\":[1,0],\"flaming\":[0],\"water\":[0],\"freeze\":[0],\"thunder\":[0],\"dragon\":[0],\"slicing\":[0],\"wyvern\":[0],\"demon\":[1],\"armor\":[1],\"tranq\":[3]}}'),(1023,'Jagras Cannon 1','heavy-bowgun',5,'jagras-cannon-1','{\"attack\":240,\"deviation\":\"Average\",\"specialAmmo\":\"Wyvernheart\",\"ammoCapacities\":{\"normal\":[5,4,0],\"pierce\":[5,0,0],\"spread\":[10,6,0],\"sticky\":[2,0,0],\"cluster\":[1,1,0],\"recover\":[1,1],\"poison\":[0,0],\"paralysis\":[2,0],\"sleep\":[0,0],\"exhaust\":[1,0],\"flaming\":[0],\"water\":[0],\"freeze\":[0],\"thunder\":[0],\"dragon\":[0],\"slicing\":[0],\"wyvern\":[0],\"demon\":[1],\"armor\":[1],\"tranq\":[3]},\"slotsRank1\":1}'),(1024,'Jagras Cannon 2','heavy-bowgun',6,'jagras-cannon-2','{\"attack\":255,\"deviation\":\"Average\",\"specialAmmo\":\"Wyvernheart\",\"ammoCapacities\":{\"normal\":[5,4,0],\"pierce\":[5,0,0],\"spread\":[10,6,0],\"sticky\":[2,0,0],\"cluster\":[1,1,0],\"recover\":[1,1],\"poison\":[0,0],\"paralysis\":[2,0],\"sleep\":[0,0],\"exhaust\":[1,0],\"flaming\":[0],\"water\":[0],\"freeze\":[0],\"thunder\":[0],\"dragon\":[0],\"slicing\":[0],\"wyvern\":[0],\"demon\":[1],\"armor\":[1],\"tranq\":[3]},\"slotsRank1\":1}'),(1025,'Jagras Cannon 3','heavy-bowgun',7,'jagras-cannon-3','{\"attack\":270,\"deviation\":\"Average\",\"specialAmmo\":\"Wyvernheart\",\"ammoCapacities\":{\"normal\":[5,4,0],\"pierce\":[5,0,0],\"spread\":[10,6,0],\"sticky\":[2,0,0],\"cluster\":[1,1,0],\"recover\":[1,1],\"poison\":[0,0],\"paralysis\":[2,0],\"sleep\":[0,0],\"exhaust\":[1,0],\"flaming\":[0],\"water\":[0],\"freeze\":[0],\"thunder\":[0],\"dragon\":[0],\"slicing\":[0],\"wyvern\":[0],\"demon\":[1],\"armor\":[1],\"tranq\":[3]},\"slotsRank1\":1}'),(1026,'Blazing Assault 1','heavy-bowgun',3,'blazing-assault-1','{\"attack\":210,\"affinity\":\"-20%\",\"deviation\":\"High\",\"specialAmmo\":\"Wyvernheart\",\"ammoCapacities\":{\"normal\":[10,9,6],\"pierce\":[9,7,0],\"spread\":[9,6,5],\"sticky\":[4,3,0],\"cluster\":[3,2,0],\"recover\":[0,0],\"poison\":[5,5],\"paralysis\":[4,0],\"sleep\":[0,0],\"exhaust\":[0,0],\"flaming\":[7],\"water\":[0],\"freeze\":[0],\"thunder\":[0],\"dragon\":[3],\"slicing\":[0],\"wyvern\":[1],\"demon\":[2],\"armor\":[0],\"tranq\":[3]}}'),(1027,'Blazing Assault 2','heavy-bowgun',4,'blazing-assault-2','{\"attack\":225,\"affinity\":\"-20%\",\"deviation\":\"High\",\"specialAmmo\":\"Wyvernheart\",\"ammoCapacities\":{\"normal\":[10,9,6],\"pierce\":[9,7,0],\"spread\":[9,6,5],\"sticky\":[4,3,0],\"cluster\":[3,2,0],\"recover\":[0,0],\"poison\":[5,5],\"paralysis\":[4,0],\"sleep\":[0,0],\"exhaust\":[0,0],\"flaming\":[7],\"water\":[0],\"freeze\":[0],\"thunder\":[0],\"dragon\":[3],\"slicing\":[0],\"wyvern\":[1],\"demon\":[2],\"armor\":[0],\"tranq\":[3]}}'),(1028,'Flammenkanone','heavy-bowgun',5,'flammenkanone','{\"attack\":255,\"affinity\":\"-20%\",\"deviation\":\"High\",\"specialAmmo\":\"Wyvernheart\",\"ammoCapacities\":{\"normal\":[10,9,6],\"pierce\":[9,7,0],\"spread\":[9,6,5],\"sticky\":[4,3,0],\"cluster\":[3,2,0],\"recover\":[0,0],\"poison\":[5,5],\"paralysis\":[4,0],\"sleep\":[0,0],\"exhaust\":[0,0],\"flaming\":[7],\"water\":[0],\"freeze\":[0],\"thunder\":[0],\"dragon\":[3],\"slicing\":[0],\"wyvern\":[1],\"demon\":[2],\"armor\":[0],\"tranq\":[3]},\"slotsRank1\":1}'),(1029,'Gnashing Flammenkanone','heavy-bowgun',7,'gnashing-flammenkanone','{\"attack\":300,\"affinity\":\"-20%\",\"deviation\":\"High\",\"specialAmmo\":\"Wyvernheart\",\"ammoCapacities\":{\"normal\":[10,9,6],\"pierce\":[9,7,0],\"spread\":[9,6,5],\"sticky\":[4,3,0],\"cluster\":[3,2,0],\"recover\":[0,0],\"poison\":[5,5],\"paralysis\":[4,0],\"sleep\":[0,0],\"exhaust\":[0,0],\"flaming\":[7],\"water\":[0],\"freeze\":[0],\"thunder\":[0],\"dragon\":[3],\"slicing\":[0],\"wyvern\":[1],\"demon\":[2],\"armor\":[0],\"tranq\":[3]}}'),(1030,'Bone Shooter 1','heavy-bowgun',1,'bone-shooter-1','{\"attack\":150,\"deviation\":\"Average\",\"specialAmmo\":\"Wyvernsnipe\",\"ammoCapacities\":{\"normal\":[9,6,5],\"pierce\":[7,0,0],\"spread\":[6,4,0],\"sticky\":[3,0,0],\"cluster\":[2,0,0],\"recover\":[2,0],\"poison\":[4,0],\"paralysis\":[3,0],\"sleep\":[3,0],\"exhaust\":[0,0],\"flaming\":[0],\"water\":[0],\"freeze\":[0],\"thunder\":[0],\"dragon\":[0],\"slicing\":[3],\"wyvern\":[1],\"demon\":[2],\"armor\":[0],\"tranq\":[3]}}'),(1031,'Bone Shooter 2','heavy-bowgun',1,'bone-shooter-2','{\"attack\":165,\"deviation\":\"Average\",\"specialAmmo\":\"Wyvernsnipe\",\"ammoCapacities\":{\"normal\":[9,6,5],\"pierce\":[7,0,0],\"spread\":[6,4,0],\"sticky\":[3,0,0],\"cluster\":[2,0,0],\"recover\":[2,0],\"poison\":[4,0],\"paralysis\":[3,0],\"sleep\":[3,0],\"exhaust\":[0,0],\"flaming\":[0],\"water\":[0],\"freeze\":[0],\"thunder\":[0],\"dragon\":[0],\"slicing\":[3],\"wyvern\":[1],\"demon\":[2],\"armor\":[0],\"tranq\":[3]}}'),(1032,'Bone Shooter 3','heavy-bowgun',2,'bone-shooter-3','{\"attack\":195,\"deviation\":\"Average\",\"specialAmmo\":\"Wyvernsnipe\",\"ammoCapacities\":{\"normal\":[9,6,5],\"pierce\":[7,0,0],\"spread\":[6,4,0],\"sticky\":[3,0,0],\"cluster\":[2,0,0],\"recover\":[2,0],\"poison\":[4,0],\"paralysis\":[3,0],\"sleep\":[3,0],\"exhaust\":[0,0],\"flaming\":[0],\"water\":[0],\"freeze\":[0],\"thunder\":[0],\"dragon\":[0],\"slicing\":[3],\"wyvern\":[1],\"demon\":[2],\"armor\":[0],\"tranq\":[3]}}'),(1033,'Heavy Shooter 1','heavy-bowgun',3,'heavy-shooter-1','{\"attack\":210,\"deviation\":\"Average\",\"specialAmmo\":\"Wyvernsnipe\",\"ammoCapacities\":{\"normal\":[9,6,5],\"pierce\":[7,0,0],\"spread\":[6,4,0],\"sticky\":[3,0,0],\"cluster\":[2,0,0],\"recover\":[2,0],\"poison\":[4,0],\"paralysis\":[3,0],\"sleep\":[3,0],\"exhaust\":[0,0],\"flaming\":[0],\"water\":[0],\"freeze\":[0],\"thunder\":[0],\"dragon\":[0],\"slicing\":[3],\"wyvern\":[1],\"demon\":[2],\"armor\":[0],\"tranq\":[3]}}'),(1034,'Heavy Shooter 2','heavy-bowgun',4,'heavy-shooter-2','{\"attack\":225,\"deviation\":\"Average\",\"specialAmmo\":\"Wyvernsnipe\",\"ammoCapacities\":{\"normal\":[9,6,5],\"pierce\":[7,0,0],\"spread\":[6,4,0],\"sticky\":[3,0,0],\"cluster\":[2,0,0],\"recover\":[2,0],\"poison\":[4,0],\"paralysis\":[3,0],\"sleep\":[3,0],\"exhaust\":[0,0],\"flaming\":[0],\"water\":[0],\"freeze\":[0],\"thunder\":[0],\"dragon\":[0],\"slicing\":[3],\"wyvern\":[1],\"demon\":[2],\"armor\":[0],\"tranq\":[3]}}'),(1035,'Heavy Shooter 3','heavy-bowgun',5,'heavy-shooter-3','{\"attack\":240,\"deviation\":\"Average\",\"specialAmmo\":\"Wyvernsnipe\",\"ammoCapacities\":{\"normal\":[9,6,5],\"pierce\":[7,0,0],\"spread\":[6,4,0],\"sticky\":[3,0,0],\"cluster\":[2,0,0],\"recover\":[2,0],\"poison\":[4,0],\"paralysis\":[3,0],\"sleep\":[3,0],\"exhaust\":[0,0],\"flaming\":[0],\"water\":[0],\"freeze\":[0],\"thunder\":[0],\"dragon\":[0],\"slicing\":[3],\"wyvern\":[1],\"demon\":[2],\"armor\":[0],\"tranq\":[3]},\"slotsRank1\":1}'),(1036,'Power Shooter 1','heavy-bowgun',6,'power-shooter-1','{\"attack\":255,\"deviation\":\"Average\",\"specialAmmo\":\"Wyvernsnipe\",\"ammoCapacities\":{\"normal\":[9,6,5],\"pierce\":[7,0,0],\"spread\":[6,4,0],\"sticky\":[3,0,0],\"cluster\":[2,0,0],\"recover\":[2,0],\"poison\":[4,0],\"paralysis\":[3,0],\"sleep\":[3,0],\"exhaust\":[0,0],\"flaming\":[0],\"water\":[0],\"freeze\":[0],\"thunder\":[0],\"dragon\":[0],\"slicing\":[3],\"wyvern\":[1],\"demon\":[2],\"armor\":[0],\"tranq\":[3]},\"slotsRank2\":1}'),(1037,'Power Shooter 2','heavy-bowgun',6,'power-shooter-2','{\"attack\":270,\"deviation\":\"Average\",\"specialAmmo\":\"Wyvernsnipe\",\"ammoCapacities\":{\"normal\":[9,6,5],\"pierce\":[7,0,0],\"spread\":[6,4,0],\"sticky\":[3,0,0],\"cluster\":[2,0,0],\"recover\":[2,0],\"poison\":[4,0],\"paralysis\":[3,0],\"sleep\":[3,0],\"exhaust\":[0,0],\"flaming\":[0],\"water\":[0],\"freeze\":[0],\"thunder\":[0],\"dragon\":[0],\"slicing\":[3],\"wyvern\":[1],\"demon\":[2],\"armor\":[0],\"tranq\":[3]},\"slotsRank3\":1}'),(1038,'Diablos Shooter 1','heavy-bowgun',4,'diablos-shooter-1','{\"attack\":240,\"affinity\":\"-20%\",\"deviation\":\"High\",\"specialAmmo\":\"Wyvernsnipe\",\"ammoCapacities\":{\"normal\":[1,5,3],\"pierce\":[4,3,2],\"spread\":[0,0,0],\"sticky\":[2,0,0],\"cluster\":[1,0,0],\"recover\":[1,0],\"poison\":[3,0],\"paralysis\":[2,0],\"sleep\":[0,0],\"exhaust\":[1,0],\"flaming\":[0],\"water\":[0],\"freeze\":[0],\"thunder\":[0],\"dragon\":[0],\"slicing\":[0],\"wyvern\":[1],\"demon\":[1],\"armor\":[0],\"tranq\":[3]}}'),(1039,'Diablos Shooter 2','heavy-bowgun',5,'diablos-shooter-2','{\"attack\":270,\"affinity\":\"-20%\",\"deviation\":\"High\",\"specialAmmo\":\"Wyvernsnipe\",\"ammoCapacities\":{\"normal\":[1,5,3],\"pierce\":[4,3,2],\"spread\":[0,0,0],\"sticky\":[2,0,0],\"cluster\":[1,0,0],\"recover\":[1,0],\"poison\":[3,0],\"paralysis\":[2,0],\"sleep\":[0,0],\"exhaust\":[1,0],\"flaming\":[0],\"water\":[0],\"freeze\":[0],\"thunder\":[0],\"dragon\":[0],\"slicing\":[0],\"wyvern\":[1],\"demon\":[1],\"armor\":[0],\"tranq\":[3]},\"slotsRank1\":1}'),(1040,'Dual Threat','heavy-bowgun',6,'dual-threat','{\"attack\":300,\"affinity\":\"-20%\",\"deviation\":\"High\",\"specialAmmo\":\"Wyvernsnipe\",\"ammoCapacities\":{\"normal\":[1,5,3],\"pierce\":[4,3,2],\"spread\":[0,0,0],\"sticky\":[2,0,0],\"cluster\":[1,0,0],\"recover\":[1,0],\"poison\":[3,0],\"paralysis\":[2,0],\"sleep\":[0,0],\"exhaust\":[1,0],\"flaming\":[0],\"water\":[0],\"freeze\":[0],\"thunder\":[0],\"dragon\":[0],\"slicing\":[0],\"wyvern\":[1],\"demon\":[1],\"armor\":[0],\"tranq\":[3]},\"slotsRank1\":1}'),(1041,'Nero\'s Blazooka','heavy-bowgun',7,'neros-blazooka','{\"attack\":315,\"affinity\":\"-20%\",\"deviation\":\"High\",\"specialAmmo\":\"Wyvernsnipe\",\"ammoCapacities\":{\"normal\":[1,5,3],\"pierce\":[4,3,2],\"spread\":[0,0,0],\"sticky\":[2,0,0],\"cluster\":[1,0,0],\"recover\":[1,0],\"poison\":[3,0],\"paralysis\":[2,0],\"sleep\":[0,0],\"exhaust\":[1,0],\"flaming\":[0],\"water\":[0],\"freeze\":[0],\"thunder\":[0],\"dragon\":[0],\"slicing\":[0],\"wyvern\":[1],\"demon\":[1],\"armor\":[0],\"tranq\":[3]},\"slotsRank1\":1}'),(1042,'Griffon Blazooka','heavy-bowgun',8,'griffon-blazooka','{\"attack\":330,\"affinity\":\"-20%\",\"deviation\":\"High\",\"specialAmmo\":\"Wyvernsnipe\",\"ammoCapacities\":{\"normal\":[1,5,3],\"pierce\":[4,3,2],\"spread\":[0,0,0],\"sticky\":[2,0,0],\"cluster\":[1,0,0],\"recover\":[1,0],\"poison\":[3,0],\"paralysis\":[2,0],\"sleep\":[0,0],\"exhaust\":[1,0],\"flaming\":[0],\"water\":[0],\"freeze\":[0],\"thunder\":[0],\"dragon\":[0],\"slicing\":[0],\"wyvern\":[1],\"demon\":[1],\"armor\":[0],\"tranq\":[3]},\"slotsRank1\":1}'),(1043,'Blooming Shooter 1','heavy-bowgun',2,'blooming-shooter-1','{\"attack\":180,\"deviation\":\"Low\",\"specialAmmo\":\"Wyvernsnipe\",\"ammoCapacities\":{\"normal\":[5,4,3],\"pierce\":[10,8,0],\"spread\":[3,2,1],\"sticky\":[2,0,0],\"cluster\":[3,0,0],\"recover\":[1,1],\"poison\":[3,2],\"paralysis\":[2,0],\"sleep\":[2,0],\"exhaust\":[0,0],\"flaming\":[5],\"water\":[0],\"freeze\":[0],\"thunder\":[0],\"dragon\":[0],\"slicing\":[0],\"wyvern\":[1],\"demon\":[0],\"armor\":[0],\"tranq\":[3]}}'),(1044,'Blooming Shooter 2','heavy-bowgun',3,'blooming-shooter-2','{\"attack\":195,\"deviation\":\"Low\",\"specialAmmo\":\"Wyvernsnipe\",\"ammoCapacities\":{\"normal\":[5,4,3],\"pierce\":[10,8,0],\"spread\":[3,2,1],\"sticky\":[2,0,0],\"cluster\":[3,0,0],\"recover\":[1,1],\"poison\":[3,2],\"paralysis\":[2,0],\"sleep\":[2,0],\"exhaust\":[0,0],\"flaming\":[5],\"water\":[0],\"freeze\":[0],\"thunder\":[0],\"dragon\":[0],\"slicing\":[0],\"wyvern\":[1],\"demon\":[0],\"armor\":[0],\"tranq\":[3]}}'),(1045,'Blooming Shooter 3','heavy-bowgun',4,'blooming-shooter-3','{\"attack\":210,\"deviation\":\"Low\",\"specialAmmo\":\"Wyvernsnipe\",\"ammoCapacities\":{\"normal\":[5,4,3],\"pierce\":[10,8,0],\"spread\":[3,2,1],\"sticky\":[2,0,0],\"cluster\":[3,0,0],\"recover\":[1,1],\"poison\":[3,2],\"paralysis\":[2,0],\"sleep\":[2,0],\"exhaust\":[0,0],\"flaming\":[5],\"water\":[0],\"freeze\":[0],\"thunder\":[0],\"dragon\":[0],\"slicing\":[0],\"wyvern\":[1],\"demon\":[0],\"armor\":[0],\"tranq\":[3]}}'),(1046,'Datura Blaster 1','heavy-bowgun',5,'datura-blaster-1','{\"attack\":225,\"deviation\":\"Low\",\"specialAmmo\":\"Wyvernsnipe\",\"ammoCapacities\":{\"normal\":[5,4,3],\"pierce\":[10,8,0],\"spread\":[3,2,1],\"sticky\":[2,0,0],\"cluster\":[3,0,0],\"recover\":[1,1],\"poison\":[3,2],\"paralysis\":[2,0],\"sleep\":[2,0],\"exhaust\":[0,0],\"flaming\":[5],\"water\":[0],\"freeze\":[0],\"thunder\":[0],\"dragon\":[0],\"slicing\":[0],\"wyvern\":[1],\"demon\":[0],\"armor\":[0],\"tranq\":[3]},\"slotsRank1\":2}'),(1047,'Datura Blaster 2','heavy-bowgun',6,'datura-blaster-2','{\"attack\":240,\"deviation\":\"Low\",\"specialAmmo\":\"Wyvernsnipe\",\"ammoCapacities\":{\"normal\":[5,4,3],\"pierce\":[10,8,0],\"spread\":[3,2,1],\"sticky\":[2,0,0],\"cluster\":[3,0,0],\"recover\":[1,1],\"poison\":[3,2],\"paralysis\":[2,0],\"sleep\":[2,0],\"exhaust\":[0,0],\"flaming\":[5],\"water\":[0],\"freeze\":[0],\"thunder\":[0],\"dragon\":[0],\"slicing\":[0],\"wyvern\":[1],\"demon\":[0],\"armor\":[0],\"tranq\":[3]},\"slotsRank1\":2}'),(1048,'Datura Blaster 3','heavy-bowgun',6,'datura-blaster-3','{\"attack\":255,\"deviation\":\"Low\",\"specialAmmo\":\"Wyvernsnipe\",\"ammoCapacities\":{\"normal\":[5,4,3],\"pierce\":[10,8,0],\"spread\":[3,2,1],\"sticky\":[2,0,0],\"cluster\":[3,0,0],\"recover\":[1,1],\"poison\":[3,2],\"paralysis\":[2,0],\"sleep\":[2,0],\"exhaust\":[0,0],\"flaming\":[5],\"water\":[0],\"freeze\":[0],\"thunder\":[0],\"dragon\":[0],\"slicing\":[0],\"wyvern\":[1],\"demon\":[0],\"armor\":[0],\"tranq\":[3]},\"slotsRank2\":1,\"slotsRank1\":1}'),(1049,'Spiked Shooter 1','heavy-bowgun',3,'spiked-shooter-1','{\"attack\":195,\"deviation\":\"Average\",\"specialAmmo\":\"Wyvernsnipe\",\"ammoCapacities\":{\"normal\":[1,5,3],\"pierce\":[4,3,2],\"spread\":[1,0,0],\"sticky\":[2,0,0],\"cluster\":[1,1,0],\"recover\":[0,0],\"poison\":[3,0],\"paralysis\":[2,1],\"sleep\":[2,1],\"exhaust\":[0,0],\"flaming\":[4],\"water\":[4],\"freeze\":[0],\"thunder\":[0],\"dragon\":[0],\"slicing\":[0],\"wyvern\":[1],\"demon\":[0],\"armor\":[1],\"tranq\":[3]}}'),(1050,'Spiked Shooter 2','heavy-bowgun',4,'spiked-shooter-2','{\"attack\":210,\"deviation\":\"Average\",\"specialAmmo\":\"Wyvernsnipe\",\"ammoCapacities\":{\"normal\":[1,5,3],\"pierce\":[4,3,2],\"spread\":[1,0,0],\"sticky\":[2,0,0],\"cluster\":[1,1,0],\"recover\":[0,0],\"poison\":[3,0],\"paralysis\":[2,1],\"sleep\":[2,1],\"exhaust\":[0,0],\"flaming\":[4],\"water\":[4],\"freeze\":[0],\"thunder\":[0],\"dragon\":[0],\"slicing\":[0],\"wyvern\":[1],\"demon\":[0],\"armor\":[1],\"tranq\":[3]}}'),(1051,'Baan Roar 1','heavy-bowgun',5,'baan-roar-1','{\"attack\":225,\"deviation\":\"Average\",\"specialAmmo\":\"Wyvernsnipe\",\"ammoCapacities\":{\"normal\":[1,5,3],\"pierce\":[4,3,2],\"spread\":[1,0,0],\"sticky\":[2,0,0],\"cluster\":[1,1,0],\"recover\":[0,0],\"poison\":[3,0],\"paralysis\":[2,1],\"sleep\":[2,1],\"exhaust\":[0,0],\"flaming\":[4],\"water\":[4],\"freeze\":[0],\"thunder\":[0],\"dragon\":[0],\"slicing\":[0],\"wyvern\":[1],\"demon\":[0],\"armor\":[1],\"tranq\":[3]}}'),(1052,'Baan Roar 2','heavy-bowgun',6,'baan-roar-2','{\"attack\":255,\"deviation\":\"Average\",\"specialAmmo\":\"Wyvernsnipe\",\"ammoCapacities\":{\"normal\":[1,5,3],\"pierce\":[4,3,2],\"spread\":[1,0,0],\"sticky\":[2,0,0],\"cluster\":[1,1,0],\"recover\":[0,0],\"poison\":[3,0],\"paralysis\":[2,1],\"sleep\":[2,1],\"exhaust\":[0,0],\"flaming\":[4],\"water\":[4],\"freeze\":[0],\"thunder\":[0],\"dragon\":[0],\"slicing\":[0],\"wyvern\":[1],\"demon\":[0],\"armor\":[1],\"tranq\":[3]}}'),(1053,'Baan Roar 3','heavy-bowgun',6,'baan-roar-3','{\"attack\":270,\"deviation\":\"Average\",\"specialAmmo\":\"Wyvernsnipe\",\"ammoCapacities\":{\"normal\":[1,5,3],\"pierce\":[4,3,2],\"spread\":[1,0,0],\"sticky\":[2,0,0],\"cluster\":[1,1,0],\"recover\":[0,0],\"poison\":[3,0],\"paralysis\":[2,1],\"sleep\":[2,1],\"exhaust\":[0,0],\"flaming\":[4],\"water\":[4],\"freeze\":[0],\"thunder\":[0],\"dragon\":[0],\"slicing\":[0],\"wyvern\":[1],\"demon\":[0],\"armor\":[1],\"tranq\":[3]}}'),(1054,'Gama Cannon 1','heavy-bowgun',6,'gama-cannon-1','{\"attack\":240,\"deviation\":\"Average\",\"specialAmmo\":\"Wyvernsnipe\",\"ammoCapacities\":{\"normal\":[1,5,3],\"pierce\":[4,3,0],\"spread\":[1,3,0],\"sticky\":[2,2,1],\"cluster\":[0,1,1],\"recover\":[0,0],\"poison\":[0,0],\"paralysis\":[0,0],\"sleep\":[2,0],\"exhaust\":[0,0],\"flaming\":[0],\"water\":[0],\"freeze\":[0],\"thunder\":[4],\"dragon\":[0],\"slicing\":[2],\"wyvern\":[1],\"demon\":[1],\"armor\":[0],\"tranq\":[3]},\"slotsRank1\":1}'),(1055,'Gama Cannon 2','heavy-bowgun',7,'gama-cannon-2','{\"attack\":255,\"deviation\":\"Average\",\"specialAmmo\":\"Wyvernsnipe\",\"ammoCapacities\":{\"normal\":[1,5,3],\"pierce\":[4,3,0],\"spread\":[1,3,0],\"sticky\":[2,2,1],\"cluster\":[0,1,1],\"recover\":[0,0],\"poison\":[0,0],\"paralysis\":[0,0],\"sleep\":[2,0],\"exhaust\":[0,0],\"flaming\":[0],\"water\":[0],\"freeze\":[0],\"thunder\":[4],\"dragon\":[0],\"slicing\":[2],\"wyvern\":[1],\"demon\":[1],\"armor\":[0],\"tranq\":[3]},\"slotsRank1\":1}'),(1056,'Pulsar Shooter 1','heavy-bowgun',2,'pulsar-shooter-1','{\"attack\":180,\"deviation\":\"None\",\"specialAmmo\":\"Wyvernsnipe\",\"ammoCapacities\":{\"normal\":[10,9,0],\"pierce\":[9,7,5],\"spread\":[9,0,0],\"sticky\":[0,3,0],\"cluster\":[0,2,0],\"recover\":[0,0],\"poison\":[0,0],\"paralysis\":[4,3],\"sleep\":[4,0],\"exhaust\":[0,0],\"flaming\":[0],\"water\":[0],\"freeze\":[0],\"thunder\":[7],\"dragon\":[3],\"slicing\":[4],\"wyvern\":[1],\"demon\":[2],\"armor\":[0],\"tranq\":[3]}}'),(1057,'Pulsar Shooter 2','heavy-bowgun',3,'pulsar-shooter-2','{\"attack\":195,\"deviation\":\"None\",\"specialAmmo\":\"Wyvernsnipe\",\"ammoCapacities\":{\"normal\":[10,9,0],\"pierce\":[9,7,5],\"spread\":[9,0,0],\"sticky\":[0,3,0],\"cluster\":[0,2,0],\"recover\":[0,0],\"poison\":[0,0],\"paralysis\":[4,3],\"sleep\":[4,0],\"exhaust\":[0,0],\"flaming\":[0],\"water\":[0],\"freeze\":[0],\"thunder\":[7],\"dragon\":[3],\"slicing\":[4],\"wyvern\":[1],\"demon\":[2],\"armor\":[0],\"tranq\":[3]}}'),(1058,'Pulsar Shooter 3','heavy-bowgun',4,'pulsar-shooter-3','{\"attack\":210,\"deviation\":\"None\",\"specialAmmo\":\"Wyvernsnipe\",\"ammoCapacities\":{\"normal\":[10,9,0],\"pierce\":[9,7,5],\"spread\":[9,0,0],\"sticky\":[0,3,0],\"cluster\":[0,2,0],\"recover\":[0,0],\"poison\":[0,0],\"paralysis\":[4,3],\"sleep\":[4,0],\"exhaust\":[0,0],\"flaming\":[0],\"water\":[0],\"freeze\":[0],\"thunder\":[7],\"dragon\":[3],\"slicing\":[4],\"wyvern\":[1],\"demon\":[2],\"armor\":[0],\"tranq\":[3]}}'),(1059,'Kadachi Lion 1','heavy-bowgun',5,'kadachi-lion-1','{\"attack\":225,\"deviation\":\"None\",\"specialAmmo\":\"Wyvernsnipe\",\"ammoCapacities\":{\"normal\":[10,9,0],\"pierce\":[9,7,5],\"spread\":[9,0,0],\"sticky\":[0,3,0],\"cluster\":[0,2,0],\"recover\":[0,0],\"poison\":[0,0],\"paralysis\":[4,3],\"sleep\":[4,0],\"exhaust\":[0,0],\"flaming\":[0],\"water\":[0],\"freeze\":[0],\"thunder\":[7],\"dragon\":[3],\"slicing\":[4],\"wyvern\":[1],\"demon\":[2],\"armor\":[0],\"tranq\":[3]},\"slotsRank1\":1}'),(1060,'Kadachi Lion 2','heavy-bowgun',6,'kadachi-lion-2','{\"attack\":240,\"deviation\":\"None\",\"specialAmmo\":\"Wyvernsnipe\",\"ammoCapacities\":{\"normal\":[10,9,0],\"pierce\":[9,7,5],\"spread\":[9,0,0],\"sticky\":[0,3,0],\"cluster\":[0,2,0],\"recover\":[0,0],\"poison\":[0,0],\"paralysis\":[4,3],\"sleep\":[4,0],\"exhaust\":[0,0],\"flaming\":[0],\"water\":[0],\"freeze\":[0],\"thunder\":[7],\"dragon\":[3],\"slicing\":[4],\"wyvern\":[1],\"demon\":[2],\"armor\":[0],\"tranq\":[3]},\"slotsRank1\":1}'),(1061,'Kadachi Lion 3','heavy-bowgun',6,'kadachi-lion-3','{\"attack\":255,\"deviation\":\"None\",\"specialAmmo\":\"Wyvernsnipe\",\"ammoCapacities\":{\"normal\":[10,9,0],\"pierce\":[9,7,5],\"spread\":[9,0,0],\"sticky\":[0,3,0],\"cluster\":[0,2,0],\"recover\":[0,0],\"poison\":[0,0],\"paralysis\":[4,3],\"sleep\":[4,0],\"exhaust\":[0,0],\"flaming\":[0],\"water\":[0],\"freeze\":[0],\"thunder\":[7],\"dragon\":[3],\"slicing\":[4],\"wyvern\":[1],\"demon\":[2],\"armor\":[0],\"tranq\":[3]},\"slotsRank1\":1}'),(1062,'Dragonbone Cannon 1','heavy-bowgun',3,'dragonbone-cannon-1','{\"attack\":150,\"deviation\":\"Low\",\"specialAmmo\":\"Wyvernsnipe\",\"ammoCapacities\":{\"normal\":[7,0,0],\"pierce\":[6,0,0],\"spread\":[6,0,0],\"sticky\":[0,0,0],\"cluster\":[0,0,0],\"recover\":[0,0],\"poison\":[7,0],\"paralysis\":[1,4],\"sleep\":[5,0],\"exhaust\":[7,0],\"flaming\":[0],\"water\":[0],\"freeze\":[0],\"thunder\":[0],\"dragon\":[3],\"slicing\":[0],\"wyvern\":[1],\"demon\":[3],\"armor\":[2],\"tranq\":[3]}}'),(1063,'Dragonbone Cannon 2','heavy-bowgun',4,'dragonbone-cannon-2','{\"attack\":210,\"deviation\":\"Low\",\"specialAmmo\":\"Wyvernsnipe\",\"ammoCapacities\":{\"normal\":[7,0,0],\"pierce\":[6,0,0],\"spread\":[6,0,0],\"sticky\":[0,0,0],\"cluster\":[0,0,0],\"recover\":[0,0],\"poison\":[7,0],\"paralysis\":[1,4],\"sleep\":[5,0],\"exhaust\":[7,0],\"flaming\":[0],\"water\":[0],\"freeze\":[0],\"thunder\":[0],\"dragon\":[3],\"slicing\":[0],\"wyvern\":[1],\"demon\":[3],\"armor\":[2],\"tranq\":[3]}}'),(1064,'Dragonbone Cannon 3','heavy-bowgun',6,'dragonbone-cannon-3','{\"attack\":255,\"deviation\":\"Low\",\"specialAmmo\":\"Wyvernsnipe\",\"ammoCapacities\":{\"normal\":[7,0,0],\"pierce\":[6,0,0],\"spread\":[6,0,0],\"sticky\":[0,0,0],\"cluster\":[0,0,0],\"recover\":[0,0],\"poison\":[7,0],\"paralysis\":[1,4],\"sleep\":[5,0],\"exhaust\":[7,0],\"flaming\":[0],\"water\":[0],\"freeze\":[0],\"thunder\":[0],\"dragon\":[3],\"slicing\":[0],\"wyvern\":[1],\"demon\":[3],\"armor\":[2],\"tranq\":[3]},\"slotsRank1\":1}'),(1065,'Quickcaster','heavy-bowgun',4,'quickcaster','{\"attack\":195,\"deviation\":\"Low\",\"specialAmmo\":\"Wyvernsnipe\",\"ammoCapacities\":{\"normal\":[7,6,0],\"pierce\":[6,5,3],\"spread\":[0,0,0],\"sticky\":[4,0,0],\"cluster\":[0,0,0],\"recover\":[2,0],\"poison\":[0,0],\"paralysis\":[1,4],\"sleep\":[0,0],\"exhaust\":[0,6],\"flaming\":[0],\"water\":[0],\"freeze\":[7],\"thunder\":[7],\"dragon\":[0],\"slicing\":[0],\"wyvern\":[1],\"demon\":[0],\"armor\":[2],\"tranq\":[3]}}'),(1066,'Quickcaster+','heavy-bowgun',7,'quickcaster+','{\"attack\":240,\"deviation\":\"Low\",\"specialAmmo\":\"Wyvernsnipe\",\"ammoCapacities\":{\"normal\":[7,6,0],\"pierce\":[6,5,3],\"spread\":[0,0,0],\"sticky\":[4,0,0],\"cluster\":[0,0,0],\"recover\":[2,0],\"poison\":[0,0],\"paralysis\":[1,4],\"sleep\":[0,0],\"exhaust\":[0,6],\"flaming\":[0],\"water\":[0],\"freeze\":[7],\"thunder\":[7],\"dragon\":[0],\"slicing\":[0],\"wyvern\":[1],\"demon\":[0],\"armor\":[2],\"tranq\":[3]},\"slotsRank1\":1}'),(1067,'Quickquiver','heavy-bowgun',8,'quickquiver','{\"attack\":255,\"deviation\":\"Low\",\"specialAmmo\":\"Wyvernsnipe\",\"ammoCapacities\":{\"normal\":[7,6,0],\"pierce\":[6,5,3],\"spread\":[0,0,0],\"sticky\":[4,0,0],\"cluster\":[0,0,0],\"recover\":[2,0],\"poison\":[0,0],\"paralysis\":[1,4],\"sleep\":[0,0],\"exhaust\":[0,6],\"flaming\":[0],\"water\":[0],\"freeze\":[7],\"thunder\":[7],\"dragon\":[0],\"slicing\":[0],\"wyvern\":[1],\"demon\":[0],\"armor\":[2],\"tranq\":[3]},\"slotsRank1\":1}'),(1068,'Magda Gemitus 1','heavy-bowgun',5,'magda-gemitus-1','{\"attack\":240,\"affinity\":\"-20%\",\"deviation\":\"High\",\"specialAmmo\":\"Wyvernsnipe\",\"ammoCapacities\":{\"normal\":[7,6,4],\"pierce\":[0,0,3],\"spread\":[0,0,3],\"sticky\":[0,3,3],\"cluster\":[0,1,1],\"recover\":[2,0],\"poison\":[0,5],\"paralysis\":[0,4],\"sleep\":[0,3],\"exhaust\":[7,6],\"flaming\":[7],\"water\":[0],\"freeze\":[0],\"thunder\":[0],\"dragon\":[3],\"slicing\":[0],\"wyvern\":[1],\"demon\":[0],\"armor\":[2],\"tranq\":[3]},\"slotsRank1\":1}'),(1069,'Magda Gemitus 2','heavy-bowgun',7,'magda-gemitus-2','{\"attack\":315,\"affinity\":\"-20%\",\"deviation\":\"High\",\"specialAmmo\":\"Wyvernsnipe\",\"ammoCapacities\":{\"normal\":[7,6,4],\"pierce\":[0,0,3],\"spread\":[0,0,3],\"sticky\":[0,3,3],\"cluster\":[0,1,1],\"recover\":[2,0],\"poison\":[0,5],\"paralysis\":[0,4],\"sleep\":[0,3],\"exhaust\":[7,6],\"flaming\":[7],\"water\":[0],\"freeze\":[0],\"thunder\":[0],\"dragon\":[3],\"slicing\":[0],\"wyvern\":[1],\"demon\":[0],\"armor\":[2],\"tranq\":[3]},\"slotsRank2\":1}'),(1070,'Blacksteel Cannon 1','heavy-bowgun',5,'blacksteel-cannon-1','{\"attack\":150,\"deviation\":\"Low\",\"specialAmmo\":\"Wyvernheart\",\"ammoCapacities\":{\"normal\":[3,0,0],\"pierce\":[4,0,0],\"spread\":[3,0,0],\"sticky\":[0,0,0],\"cluster\":[0,0,0],\"recover\":[0,0],\"poison\":[6,0],\"paralysis\":[3,0],\"sleep\":[5,0],\"exhaust\":[5,0],\"flaming\":[5],\"water\":[0],\"freeze\":[0],\"thunder\":[0],\"dragon\":[0],\"slicing\":[1],\"wyvern\":[2],\"demon\":[1],\"armor\":[0],\"tranq\":[3]}}'),(1071,'Blacksteel Cannon 2','heavy-bowgun',6,'blacksteel-cannon-2','{\"attack\":165,\"deviation\":\"Low\",\"specialAmmo\":\"Wyvernheart\",\"ammoCapacities\":{\"normal\":[3,0,0],\"pierce\":[4,0,0],\"spread\":[3,0,0],\"sticky\":[0,0,0],\"cluster\":[0,0,0],\"recover\":[0,0],\"poison\":[6,0],\"paralysis\":[3,0],\"sleep\":[5,0],\"exhaust\":[5,0],\"flaming\":[5],\"water\":[0],\"freeze\":[0],\"thunder\":[0],\"dragon\":[0],\"slicing\":[1],\"wyvern\":[2],\"demon\":[1],\"armor\":[0],\"tranq\":[3]}}'),(1072,'Teostra\'s Artillery','heavy-bowgun',7,'teostras-artillery','{\"attack\":255,\"deviation\":\"Low\",\"specialAmmo\":\"Wyvernheart\",\"ammoCapacities\":{\"normal\":[5,4,3],\"pierce\":[5,4,2],\"spread\":[10,0,0],\"sticky\":[2,2,1],\"cluster\":[1,1,1],\"recover\":[0,0],\"poison\":[3,2],\"paralysis\":[0,0],\"sleep\":[0,0],\"exhaust\":[0,0],\"flaming\":[5],\"water\":[0],\"freeze\":[0],\"thunder\":[0],\"dragon\":[0],\"slicing\":[1],\"wyvern\":[2],\"demon\":[1],\"armor\":[0],\"tranq\":[3]}}'),(1073,'Teostra\'s Flames','heavy-bowgun',8,'teostras-flames','{\"attack\":270,\"deviation\":\"Low\",\"specialAmmo\":\"Wyvernheart\",\"ammoCapacities\":{\"normal\":[5,4,3],\"pierce\":[5,4,2],\"spread\":[10,0,0],\"sticky\":[2,2,1],\"cluster\":[1,1,1],\"recover\":[0,0],\"poison\":[3,2],\"paralysis\":[0,0],\"sleep\":[0,0],\"exhaust\":[0,0],\"flaming\":[5],\"water\":[0],\"freeze\":[0],\"thunder\":[0],\"dragon\":[0],\"slicing\":[1],\"wyvern\":[2],\"demon\":[1],\"armor\":[0],\"tranq\":[3]}}'),(1074,'Xeno Jiiqa','heavy-bowgun',8,'xeno-jiiqa','{\"attack\":255,\"deviation\":\"Average\",\"specialAmmo\":\"Wyvernheart\",\"ammoCapacities\":{\"normal\":[10,0,6],\"pierce\":[0,7,5],\"spread\":[0,6,5],\"sticky\":[0,0,2],\"cluster\":[0,0,1],\"recover\":[0,2],\"poison\":[0,0],\"paralysis\":[0,0],\"sleep\":[0,0],\"exhaust\":[0,6],\"flaming\":[7],\"water\":[7],\"freeze\":[7],\"thunder\":[7],\"dragon\":[3],\"slicing\":[0],\"wyvern\":[1],\"demon\":[2],\"armor\":[3],\"tranq\":[3]},\"slotsRank3\":2}'),(1075,'Iron Bow 1','bow',1,'iron-bow-1','{\"attack\":96,\"coatings\":[\"Close Range\",\"Power\"]}'),(1076,'Iron Bow 2','bow',1,'iron-bow-2','{\"attack\":108,\"coatings\":[\"Close Range\",\"Power\"]}'),(1077,'Iron Bow 3','bow',2,'iron-bow-3','{\"attack\":120,\"coatings\":[\"Close Range\",\"Power\"]}'),(1078,'Steel Bow 1','bow',3,'steel-bow-1','{\"attack\":132,\"coatings\":[\"Close Range\",\"Power\"]}'),(1079,'Steel Bow 2','bow',4,'steel-bow-2','{\"attack\":156,\"coatings\":[\"Close Range\",\"Power\"]}'),(1080,'Steel Bow 3','bow',5,'steel-bow-3','{\"attack\":168,\"elementType\":\"Thunder\",\"elementDamage\":90,\"elementHidden\":true,\"coatings\":[\"Close Range\",\"Power\"],\"slotsRank1\":1}'),(1081,'Alloy Bow 1','bow',6,'alloy-bow-1','{\"attack\":180,\"elementType\":\"Thunder\",\"elementDamage\":120,\"elementHidden\":true,\"coatings\":[\"Close Range\",\"Power\"],\"slotsRank1\":1}'),(1082,'Alloy Bow 2','bow',6,'alloy-bow-2','{\"attack\":204,\"elementType\":\"Thunder\",\"elementDamage\":150,\"elementHidden\":true,\"coatings\":[\"Close Range\",\"Power\"],\"slotsRank2\":2}'),(1083,'Nergal Whisper','bow',7,'nergal-whisper','{\"attack\":228,\"elementType\":\"Dragon\",\"elementDamage\":120,\"elementHidden\":false,\"coatings\":[\"Close Range\",\"Power\"],\"slotsRank1\":1}'),(1084,'Doom\'s Shaft','bow',8,'dooms-shaft','{\"attack\":240,\"elementType\":\"Dragon\",\"elementDamage\":150,\"elementHidden\":false,\"coatings\":[\"Close Range\",\"Power\"],\"slotsRank1\":1}'),(1085,'Kulu Arrow 1','bow',2,'kulu-arrow-1','{\"attack\":120,\"coatings\":[\"Close Range\",\"Paralysis\",\"Sleep\",\"Blast\"]}'),(1086,'Kulu Arrow 2','bow',3,'kulu-arrow-2','{\"attack\":132,\"coatings\":[\"Close Range\",\"Paralysis\",\"Sleep\",\"Blast\"]}'),(1087,'Kulu Arrow 3','bow',4,'kulu-arrow-3','{\"attack\":156,\"coatings\":[\"Close Range\",\"Paralysis\",\"Sleep\",\"Blast\"]}'),(1088,'Archer\'s Dance 1','bow',5,'archers-dance-1','{\"attack\":180,\"elementType\":\"Blast\",\"elementDamage\":210,\"elementHidden\":true,\"coatings\":[\"Close Range\",\"Paralysis\",\"Sleep\",\"Blast\"]}'),(1089,'Archer\'s Dance 2','bow',6,'archers-dance-2','{\"attack\":192,\"elementType\":\"Blast\",\"elementDamage\":240,\"elementHidden\":true,\"coatings\":[\"Close Range\",\"Paralysis\",\"Sleep\",\"Blast\"]}'),(1090,'Archer\'s Dance 3','bow',6,'archers-dance-3','{\"attack\":204,\"elementType\":\"Blast\",\"elementDamage\":270,\"elementHidden\":true,\"coatings\":[\"Close Range\",\"Paralysis\",\"Sleep\",\"Blast\"]}'),(1091,'Brazencord','bow',6,'brazencord','{\"attack\":204,\"elementType\":\"Fire\",\"elementDamage\":120,\"elementHidden\":false,\"coatings\":[\"Close Range\",\"Sleep\",\"Blast\"],\"slotsRank3\":1}'),(1092,'Gigacles','bow',8,'gigacles','{\"attack\":228,\"elementType\":\"Fire\",\"elementDamage\":150,\"elementHidden\":false,\"coatings\":[\"Close Range\",\"Sleep\",\"Blast\"],\"slotsRank3\":1}'),(1093,'Princess Arrow 1','bow',3,'princess-arrow-1','{\"attack\":132,\"coatings\":[\"Close Range\",\"Power\",\"Poison\"]}'),(1094,'Princess Arrow 2','bow',5,'princess-arrow-2','{\"attack\":192,\"elementType\":\"Dragon\",\"elementDamage\":180,\"elementHidden\":true,\"coatings\":[\"Close Range\",\"Power\",\"Poison\"],\"slotsRank1\":2}'),(1095,'Princess Arrow 3','bow',6,'princess-arrow-3','{\"attack\":216,\"elementType\":\"Dragon\",\"elementDamage\":240,\"elementHidden\":true,\"coatings\":[\"Close Range\",\"Power\",\"Poison\"],\"slotsRank2\":1,\"slotsRank1\":1}'),(1096,'Rathslinger 1','bow',4,'rathslinger-1','{\"attack\":144,\"elementType\":\"Fire\",\"elementDamage\":150,\"elementHidden\":false,\"coatings\":[\"Close Range\",\"Power\",\"Poison\"]}'),(1097,'Rathslinger 2','bow',6,'rathslinger-2','{\"attack\":204,\"elementType\":\"Fire\",\"elementDamage\":210,\"elementHidden\":false,\"coatings\":[\"Close Range\",\"Power\",\"Poison\"],\"slotsRank1\":1}'),(1098,'Rathslinger 3','bow',7,'rathslinger-3','{\"attack\":216,\"elementType\":\"Fire\",\"elementDamage\":240,\"elementHidden\":false,\"coatings\":[\"Close Range\",\"Power\",\"Poison\"],\"slotsRank1\":1}'),(1099,'Aqua Arrow 1','bow',2,'aqua-arrow-1','{\"attack\":120,\"elementType\":\"Water\",\"elementDamage\":90,\"elementHidden\":false,\"coatings\":[\"Close Range\",\"Power\"]}'),(1100,'Aqua Arrow 2','bow',3,'aqua-arrow-2','{\"attack\":132,\"elementType\":\"Water\",\"elementDamage\":120,\"elementHidden\":false,\"coatings\":[\"Close Range\",\"Power\"]}'),(1101,'Aqua Arrow 3','bow',4,'aqua-arrow-3','{\"attack\":144,\"elementType\":\"Water\",\"elementDamage\":150,\"elementHidden\":false,\"coatings\":[\"Close Range\",\"Power\"]}'),(1102,'Water Shot 1','bow',5,'water-shot-1','{\"attack\":168,\"elementType\":\"Water\",\"elementDamage\":180,\"elementHidden\":false,\"coatings\":[\"Close Range\",\"Power\"],\"slotsRank2\":1}'),(1103,'Water Shot 2','bow',6,'water-shot-2','{\"attack\":180,\"elementType\":\"Water\",\"elementDamage\":210,\"elementHidden\":false,\"coatings\":[\"Close Range\",\"Power\"],\"slotsRank2\":1}'),(1104,'Water Shot 3','bow',6,'water-shot-3','{\"attack\":204,\"elementType\":\"Water\",\"elementDamage\":240,\"elementHidden\":false,\"coatings\":[\"Close Range\",\"Power\"],\"slotsRank3\":1}'),(1105,'Glacial Arrow 1','bow',4,'glacial-arrow-1','{\"attack\":144,\"elementType\":\"Ice\",\"elementDamage\":270,\"elementHidden\":false,\"coatings\":[\"Close Range\",\"Power\",\"Poison\",\"Sleep\"]}'),(1106,'Glacial Arrow 2','bow',5,'glacial-arrow-2','{\"attack\":156,\"elementType\":\"Ice\",\"elementDamage\":330,\"elementHidden\":false,\"coatings\":[\"Close Range\",\"Power\",\"Poison\",\"Sleep\"]}'),(1107,'Snowfletcher','bow',6,'snowfletcher','{\"attack\":168,\"elementType\":\"Ice\",\"elementDamage\":360,\"elementHidden\":false,\"coatings\":[\"Close Range\",\"Power\",\"Poison\",\"Sleep\"]}'),(1108,'Legia Snowfletcher','bow',8,'legia-snowfletcher','{\"attack\":180,\"elementType\":\"Ice\",\"elementDamage\":390,\"elementHidden\":false,\"coatings\":[\"Close Range\",\"Power\",\"Poison\",\"Sleep\"]}'),(1109,'Hunter\'s Bow 1','bow',1,'hunters-bow-1','{\"attack\":120,\"coatings\":[\"Close Range\",\"Paralysis\",\"Poison\"]}'),(1110,'Hunter\'s Bow 2','bow',1,'hunters-bow-2','{\"attack\":132,\"coatings\":[\"Close Range\",\"Paralysis\",\"Poison\"]}'),(1111,'Hunter\'s Bow 3','bow',2,'hunters-bow-3','{\"attack\":144,\"coatings\":[\"Close Range\",\"Paralysis\",\"Poison\"]}'),(1112,'Hunter\'s Stoutbow 1','bow',3,'hunters-stoutbow-1','{\"attack\":156,\"coatings\":[\"Close Range\",\"Paralysis\",\"Poison\"]}'),(1113,'Hunter\'s Stoutbow 2','bow',4,'hunters-stoutbow-2','{\"attack\":168,\"coatings\":[\"Close Range\",\"Paralysis\",\"Poison\"]}'),(1114,'Hunter\'s Stoutbow 3','bow',5,'hunters-stoutbow-3','{\"attack\":180,\"elementType\":\"Water\",\"elementDamage\":240,\"elementHidden\":true,\"coatings\":[\"Close Range\",\"Paralysis\",\"Poison\"],\"slotsRank2\":1}'),(1115,'Hunter\'s Proudbow 1','bow',6,'hunters-proudbow-1','{\"attack\":192,\"elementType\":\"Water\",\"elementDamage\":300,\"elementHidden\":true,\"coatings\":[\"Close Range\",\"Paralysis\",\"Poison\"],\"slotsRank2\":1}'),(1116,'Hunter\'s Proudbow 2','bow',6,'hunters-proudbow-2','{\"attack\":216,\"elementType\":\"Water\",\"elementDamage\":360,\"elementHidden\":true,\"coatings\":[\"Close Range\",\"Paralysis\",\"Poison\"],\"slotsRank3\":1}'),(1117,'Hazak Velos 1','bow',7,'hazak-velos-1','{\"attack\":216,\"elementType\":\"Dragon\",\"elementDamage\":240,\"elementHidden\":false,\"coatings\":[\"Close Range\",\"Power\",\"Sleep\"],\"slotsRank2\":1}'),(1118,'Hazak Velos 2','bow',7,'hazak-velos-2','{\"attack\":228,\"elementType\":\"Dragon\",\"elementDamage\":270,\"elementHidden\":false,\"coatings\":[\"Close Range\",\"Power\",\"Sleep\"],\"slotsRank2\":1}'),(1119,'Diablos Bow 1','bow',4,'diablos-bow-1','{\"attack\":192,\"affinity\":\"-30%\",\"coatings\":[\"Close Range\",\"Power\",\"Paralysis\"]}'),(1120,'Diablos Bow 2','bow',5,'diablos-bow-2','{\"attack\":216,\"elementType\":\"Ice\",\"elementDamage\":60,\"elementHidden\":true,\"affinity\":\"-30%\",\"coatings\":[\"Close Range\",\"Power\",\"Paralysis\"],\"slotsRank1\":2}'),(1121,'Diablos Coilbender','bow',7,'diablos-coilbender','{\"attack\":240,\"elementType\":\"Ice\",\"elementDamage\":90,\"elementHidden\":true,\"affinity\":\"-30%\",\"coatings\":[\"Close Range\",\"Power\",\"Paralysis\"],\"slotsRank1\":2}'),(1122,'Galebender','bow',7,'galebender','{\"attack\":252,\"elementType\":\"Ice\",\"elementDamage\":120,\"elementHidden\":true,\"affinity\":\"-30%\",\"coatings\":[\"Close Range\",\"Power\",\"Paralysis\"],\"slotsRank1\":2}'),(1123,'Cera Coilbender','bow',8,'cera-coilbender','{\"attack\":264,\"elementType\":\"Ice\",\"elementDamage\":150,\"elementHidden\":true,\"affinity\":\"-30%\",\"coatings\":[\"Close Range\",\"Power\",\"Paralysis\"],\"slotsRank1\":2}'),(1124,'Blooming Arch 1','bow',2,'blooming-arch-1','{\"attack\":144,\"coatings\":[\"Close Range\",\"Paralysis\",\"Poison\"]}'),(1125,'Blooming Arch 2','bow',3,'blooming-arch-2','{\"attack\":156,\"coatings\":[\"Close Range\",\"Paralysis\",\"Poison\"]}'),(1126,'Blooming Arch 3','bow',4,'blooming-arch-3','{\"attack\":168,\"coatings\":[\"Close Range\",\"Paralysis\",\"Poison\"]}'),(1127,'Datura String 1','bow',5,'datura-string-1','{\"attack\":180,\"elementType\":\"Blast\",\"elementDamage\":180,\"elementHidden\":true,\"coatings\":[\"Close Range\",\"Paralysis\",\"Poison\"],\"slotsRank2\":1,\"slotsRank1\":1}'),(1128,'Datura String 2','bow',6,'datura-string-2','{\"attack\":192,\"elementType\":\"Blast\",\"elementDamage\":210,\"elementHidden\":true,\"coatings\":[\"Close Range\",\"Paralysis\",\"Poison\"],\"slotsRank2\":1,\"slotsRank1\":1}'),(1129,'Datura String 3','bow',6,'datura-string-3','{\"attack\":204,\"elementType\":\"Blast\",\"elementDamage\":240,\"elementHidden\":true,\"coatings\":[\"Close Range\",\"Paralysis\",\"Poison\"],\"slotsRank2\":1,\"slotsRank1\":1}'),(1130,'Blazing Bow 1','bow',3,'blazing-bow-1','{\"attack\":156,\"elementType\":\"Fire\",\"elementDamage\":210,\"elementHidden\":false,\"affinity\":\"-20%\",\"coatings\":[\"Close Range\",\"Power\",\"Blast\"]}'),(1131,'Blazing Bow 2','bow',4,'blazing-bow-2','{\"attack\":168,\"elementType\":\"Fire\",\"elementDamage\":270,\"elementHidden\":false,\"affinity\":\"-20%\",\"coatings\":[\"Close Range\",\"Power\",\"Blast\"]}'),(1132,'Anja Arch 1','bow',5,'anja-arch-1','{\"attack\":192,\"elementType\":\"Fire\",\"elementDamage\":330,\"elementHidden\":false,\"affinity\":\"-20%\",\"coatings\":[\"Close Range\",\"Power\",\"Blast\"]}'),(1133,'Anja Arch 2','bow',6,'anja-arch-2','{\"attack\":216,\"elementType\":\"Fire\",\"elementDamage\":360,\"elementHidden\":false,\"affinity\":\"-20%\",\"coatings\":[\"Close Range\",\"Power\",\"Blast\"]}'),(1134,'Anja Arch 3','bow',6,'anja-arch-3','{\"attack\":240,\"elementType\":\"Fire\",\"elementDamage\":390,\"elementHidden\":false,\"affinity\":\"-20%\",\"coatings\":[\"Close Range\",\"Power\",\"Blast\"]}'),(1135,'Pulsar Bow 1','bow',2,'pulsar-bow-1','{\"attack\":144,\"elementType\":\"Thunder\",\"elementDamage\":150,\"elementHidden\":false,\"coatings\":[\"Close Range\",\"Power\",\"Paralysis\"]}'),(1136,'Pulsar Bow 2','bow',3,'pulsar-bow-2','{\"attack\":156,\"elementType\":\"Thunder\",\"elementDamage\":180,\"elementHidden\":false,\"coatings\":[\"Close Range\",\"Power\",\"Paralysis\"]}'),(1137,'Pulsar Bow 3','bow',4,'pulsar-bow-3','{\"attack\":168,\"elementType\":\"Thunder\",\"elementDamage\":210,\"elementHidden\":false,\"coatings\":[\"Close Range\",\"Power\",\"Paralysis\"]}'),(1138,'Kadachi Strikebow','bow',5,'kadachi-strikebow','{\"attack\":180,\"elementType\":\"Thunder\",\"elementDamage\":250,\"elementHidden\":false,\"coatings\":[\"Close Range\",\"Power\",\"Paralysis\"],\"slotsRank1\":1}'),(1139,'Flying Kadachi Strikebow','bow',7,'flying-kadachi-strikebow','{\"attack\":204,\"elementType\":\"Thunder\",\"elementDamage\":270,\"elementHidden\":false,\"coatings\":[\"Close Range\",\"Power\",\"Paralysis\"],\"slotsRank1\":1}'),(1140,'Dragonbone Bow 1','bow',3,'dragonbone-bow-1','{\"attack\":120,\"elementType\":\"Dragon\",\"elementDamage\":300,\"elementHidden\":false,\"coatings\":[\"Close Range\",\"Paralysis\",\"Sleep\"]}'),(1141,'Dragonbone Bow 2','bow',4,'dragonbone-bow-2','{\"attack\":132,\"elementType\":\"Dragon\",\"elementDamage\":360,\"elementHidden\":false,\"coatings\":[\"Close Range\",\"Paralysis\",\"Sleep\"]}'),(1142,'Dragonbone Bow 3','bow',6,'dragonbone-bow-3','{\"attack\":180,\"elementType\":\"Dragon\",\"elementDamage\":420,\"elementHidden\":false,\"coatings\":[\"Close Range\",\"Paralysis\",\"Sleep\"],\"slotsRank1\":2}'),(1143,'Blacksteel Bow 1','bow',5,'blacksteel-bow-1','{\"attack\":120,\"elementType\":\"Dragon\",\"elementDamage\":120,\"elementHidden\":false,\"coatings\":[\"Close Range\",\"Paralysis\",\"Sleep\"]}'),(1144,'Blacksteel Bow 2','bow',6,'blacksteel-bow-2','{\"attack\":132,\"elementType\":\"Dragon\",\"elementDamage\":150,\"elementHidden\":false,\"coatings\":[\"Close Range\",\"Paralysis\",\"Sleep\"]}'),(1145,'Icesteel Bow','bow',7,'icesteel-bow','{\"attack\":192,\"elementType\":\"Ice\",\"elementDamage\":210,\"elementHidden\":false,\"coatings\":[\"Close Range\",\"Power\"],\"slotsRank2\":1,\"slotsRank1\":1}'),(1146,'Daora\'s Sagittarii','bow',8,'daoras-sagittarii','{\"attack\":204,\"elementType\":\"Ice\",\"elementDamage\":240,\"elementHidden\":false,\"coatings\":[\"Close Range\",\"Power\"],\"slotsRank2\":1,\"slotsRank1\":1}'),(1147,'Xeno Metora','bow',8,'xeno-metora','{\"attack\":204,\"elementType\":\"Dragon\",\"elementDamage\":180,\"elementHidden\":false,\"coatings\":[\"Close Range\",\"Power\",\"Poison\",\"Blast\"],\"slotsRank3\":2}'),(1148,'Cross Hunter\'s Bow','bow',6,'cross-hunters-bow','{\"attack\":216,\"elementType\":\"Blast\",\"elementDamage\":120,\"elementHidden\":false,\"coatings\":[\"Close Range\",\"Paralysis\",\"Poison\",\"Sleep\",\"Blast\"],\"slotsRank3\":1}'),(1149,'Great Hunter\'s Bow','bow',8,'great-hunters-bow','{\"attack\":228,\"elementType\":\"Blast\",\"elementDamage\":150,\"elementHidden\":false,\"coatings\":[\"Close Range\",\"Paralysis\",\"Poison\",\"Sleep\",\"Blast\"],\"slotsRank3\":1}');
/*!40000 ALTER TABLE `weapons` ENABLE KEYS */;
UNLOCK TABLES;
/*!40103 SET TIME_ZONE=@OLD_TIME_ZONE */;

/*!40101 SET SQL_MODE=@OLD_SQL_MODE */;
/*!40014 SET FOREIGN_KEY_CHECKS=@OLD_FOREIGN_KEY_CHECKS */;
/*!40014 SET UNIQUE_CHECKS=@OLD_UNIQUE_CHECKS */;
/*!40101 SET CHARACTER_SET_CLIENT=@OLD_CHARACTER_SET_CLIENT */;
/*!40101 SET CHARACTER_SET_RESULTS=@OLD_CHARACTER_SET_RESULTS */;
/*!40101 SET COLLATION_CONNECTION=@OLD_COLLATION_CONNECTION */;
/*!40111 SET SQL_NOTES=@OLD_SQL_NOTES */;

-- Dump completed on 2018-03-05 19:13:58
