-- MySQL dump 10.16  Distrib 10.2.8-MariaDB, for Linux (x86_64)
--
-- Host: localhost    Database: application
-- ------------------------------------------------------
-- Server version	10.2.8-MariaDB

/*!40101 SET @OLD_CHARACTER_SET_CLIENT=@@CHARACTER_SET_CLIENT */;
/*!40101 SET @OLD_CHARACTER_SET_RESULTS=@@CHARACTER_SET_RESULTS */;
/*!40101 SET @OLD_COLLATION_CONNECTION=@@COLLATION_CONNECTION */;
/*!40101 SET NAMES utf8 */;
/*!40103 SET @OLD_TIME_ZONE=@@TIME_ZONE */;
/*!40103 SET TIME_ZONE='+00:00' */;
/*!40014 SET @OLD_UNIQUE_CHECKS=@@UNIQUE_CHECKS, UNIQUE_CHECKS=0 */;
/*!40014 SET @OLD_FOREIGN_KEY_CHECKS=@@FOREIGN_KEY_CHECKS, FOREIGN_KEY_CHECKS=0 */;
/*!40101 SET @OLD_SQL_MODE=@@SQL_MODE, SQL_MODE='NO_AUTO_VALUE_ON_ZERO' */;
/*!40111 SET @OLD_SQL_NOTES=@@SQL_NOTES, SQL_NOTES=0 */;

--
-- Table structure for table `armor`
--

DROP TABLE IF EXISTS `armor`;
/*!40101 SET @saved_cs_client     = @@character_set_client */;
/*!40101 SET character_set_client = utf8 */;
CREATE TABLE `armor` (
  `id` int(10) unsigned NOT NULL AUTO_INCREMENT,
  `name` varchar(64) COLLATE utf8_unicode_ci NOT NULL,
  `slug` varchar(64) COLLATE utf8_unicode_ci NOT NULL,
  `type` varchar(32) COLLATE utf8_unicode_ci NOT NULL,
  `attributes` longtext CHARACTER SET utf8mb4 COLLATE utf8mb4_bin NOT NULL,
  `rank` varchar(16) COLLATE utf8_unicode_ci NOT NULL,
  `armor_set_id` int(10) unsigned DEFAULT NULL,
  `rarity` smallint(6) NOT NULL,
  `assets_id` int(10) unsigned DEFAULT NULL,
  `resist_fire` int(11) NOT NULL,
  `resist_water` int(11) NOT NULL,
  `resist_ice` int(11) NOT NULL,
  `resist_thunder` int(11) NOT NULL,
  `resist_dragon` int(11) NOT NULL,
  `defense_base` int(10) unsigned NOT NULL,
  `defense_max` int(10) unsigned NOT NULL,
  `defense_augmented` int(10) unsigned NOT NULL,
  `crafting_id` int(10) unsigned DEFAULT NULL,
  `skills_length` int(10) unsigned NOT NULL DEFAULT 0,
  `slots_length` int(10) unsigned NOT NULL DEFAULT 0,
  PRIMARY KEY (`id`),
  UNIQUE KEY `UNIQ_BF27FEFC5E237E06` (`name`),
  UNIQUE KEY `UNIQ_BF27FEFC989D9B62` (`slug`),
  UNIQUE KEY `UNIQ_BF27FEFCE6AF163A` (`assets_id`),
  UNIQUE KEY `UNIQ_BF27FEFC23BE98B5` (`crafting_id`),
  KEY `type_idx` (`type`),
  KEY `IDX_BF27FEFC537E6F87` (`armor_set_id`),
  CONSTRAINT `FK_BF27FEFC23BE98B5` FOREIGN KEY (`crafting_id`) REFERENCES `armor_crafting_info` (`id`),
  CONSTRAINT `FK_BF27FEFC537E6F87` FOREIGN KEY (`armor_set_id`) REFERENCES `armor_sets` (`id`),
  CONSTRAINT `FK_BF27FEFCE6AF163A` FOREIGN KEY (`assets_id`) REFERENCES `armor_assets` (`id`)
) ENGINE=InnoDB AUTO_INCREMENT=678 DEFAULT CHARSET=utf8 COLLATE=utf8_unicode_ci;
/*!40101 SET character_set_client = @saved_cs_client */;

--
-- Dumping data for table `armor`
--

LOCK TABLES `armor` WRITE;
/*!40000 ALTER TABLE `armor` DISABLE KEYS */;
INSERT INTO `armor` VALUES (1,'Leather Headgear','leather-headgear','head','[]','low',1,1,1,2,0,0,0,0,2,38,68,11,1,0),(2,'Leather Mail','leather-mail','chest','[]','low',1,1,2,2,0,0,0,0,2,38,68,12,0,0),(3,'Leather Gloves','leather-gloves','gloves','[]','low',1,1,3,2,0,0,0,0,2,38,68,13,0,0),(4,'Leather Belt','leather-belt','waist','[]','low',1,1,4,2,0,0,0,0,2,38,68,14,0,0),(5,'Leather Trousers','leather-trousers','legs','[]','low',1,1,5,2,0,0,0,0,2,38,68,15,0,0),(6,'Chainmail Headgear','chainmail-headgear','head','[]','low',2,1,6,0,2,0,0,0,2,38,68,16,1,0),(7,'Chainmail Vest','chainmail-vest','chest','[]','low',2,1,7,0,2,0,0,0,2,38,68,17,0,0),(8,'Chainmail Gloves','chainmail-gloves','gloves','[]','low',2,1,8,0,2,0,0,0,2,38,68,18,0,0),(9,'Chainmail Belt','chainmail-belt','waist','[]','low',2,1,9,0,2,0,0,0,2,38,68,19,0,0),(10,'Chainmail Trousers','chainmail-trousers','legs','[]','low',2,1,10,0,2,0,0,0,2,38,68,20,0,0),(11,'Hunter\'s Headgear','hunters-headgear','head','[]','low',3,1,11,2,2,0,0,0,6,42,72,21,1,0),(12,'Hunter\'s Mail','hunters-mail','chest','[]','low',3,1,12,2,2,0,0,0,6,42,72,22,1,0),(13,'Hunter\'s Vambraces','hunters-vambraces','gloves','[]','low',3,1,13,2,2,0,0,0,6,42,72,23,1,0),(14,'Hunter\'s Coil','hunters-coil','waist','[]','low',3,1,14,2,2,0,0,0,6,42,72,24,1,0),(15,'Hunter\'s Greaves','hunters-greaves','legs','[]','low',3,1,15,2,2,0,0,0,6,42,72,25,1,0),(16,'Bone Helm','bone-helm','head','[]','low',4,1,16,2,0,0,2,2,6,42,72,26,1,0),(17,'Bone Mail','bone-mail','chest','[]','low',4,1,17,2,0,0,2,2,6,42,72,27,1,0),(18,'Bone Vambraces','bone-vambraces','gloves','[]','low',4,1,18,2,0,0,2,2,6,42,72,28,1,0),(19,'Bone Coil','bone-coil','waist','[]','low',4,1,19,2,0,0,2,2,6,42,72,29,1,0),(20,'Bone Greaves','bone-greaves','legs','[]','low',4,1,20,2,0,0,2,2,6,42,72,30,1,0),(21,'Vespoid Helm','vespoid-helm','head','[]','low',5,1,21,-2,1,1,1,2,8,44,74,31,1,0),(22,'Vespoid Mail','vespoid-mail','chest','[]','low',5,1,22,-2,1,1,1,2,8,44,74,32,1,0),(23,'Vespoid Vambraces','vespoid-vambraces','gloves','[]','low',5,1,23,-2,1,1,1,2,8,44,74,33,1,0),(24,'Vespoid Coil','vespoid-coil','waist','[]','low',5,1,24,-2,1,1,1,2,8,44,74,34,1,0),(25,'Vespoid Greaves','vespoid-greaves','legs','[]','low',5,1,25,-2,1,1,1,2,8,44,74,35,1,0),(26,'Kestodon Guards','kestodon-guards','gloves','[]','low',6,1,26,4,0,0,0,0,12,48,78,36,1,0),(27,'Gajau Boots','gajau-boots','legs','[]','low',7,1,27,0,5,0,0,0,12,48,78,37,1,0),(28,'Jagras Helm','jagras-helm','head','[]','low',8,1,28,-2,2,-1,-1,1,8,44,74,38,1,0),(29,'Jagras Mail','jagras-mail','chest','[]','low',8,1,29,-2,2,-1,-1,1,8,44,74,39,1,0),(30,'Jagras Vambraces','jagras-vambraces','gloves','[]','low',8,1,30,-2,2,-1,-1,1,8,44,74,40,1,0),(31,'Jagras Coil','jagras-coil','waist','[]','low',8,1,31,-2,2,-1,-1,1,8,44,74,41,1,0),(32,'Jagras Greaves','jagras-greaves','legs','[]','low',8,1,32,-2,2,-1,-1,1,8,44,74,42,1,0),(33,'Kulu Headpiece','kulu-headpiece','head','[]','low',9,1,33,0,-3,1,0,0,10,46,76,43,1,0),(34,'Kulu Mail','kulu-mail','chest','[]','low',9,1,34,0,-3,1,0,0,10,46,76,44,1,0),(35,'Kulu Vambraces','kulu-vambraces','gloves','[]','low',9,1,35,0,-3,1,0,0,10,46,76,45,1,0),(36,'Kulu Coil','kulu-coil','waist','[]','low',9,1,36,0,-3,1,0,0,10,46,76,46,1,0),(37,'Kulu Greaves','kulu-greaves','legs','[]','low',9,1,37,0,-3,1,0,0,10,46,76,47,1,0),(38,'Alloy Helm','alloy-helm','head','[]','low',10,2,38,-2,1,-2,-2,1,8,40,66,48,1,0),(39,'Alloy Mail','alloy-mail','chest','[]','low',10,2,39,-2,1,-2,-2,1,8,40,66,49,1,0),(40,'Alloy Vambraces','alloy-vambraces','gloves','[]','low',10,2,40,-2,1,-2,-2,1,8,40,66,50,1,0),(41,'Alloy Coil','alloy-coil','waist','[]','low',10,2,41,-2,1,-2,-2,1,8,40,66,51,1,0),(42,'Alloy Greaves','alloy-greaves','legs','[]','low',10,2,42,-2,1,-2,-2,1,8,40,66,52,1,0),(43,'Pukei Hood','pukei-hood','head','[]','low',11,2,43,0,3,0,-3,1,12,44,70,53,1,0),(44,'Pukei Mail','pukei-mail','chest','[]','low',11,2,44,0,3,0,-3,1,12,44,70,54,1,0),(45,'Pukei Vambraces','pukei-vambraces','gloves','[]','low',11,2,45,0,3,0,-3,1,12,44,70,55,1,0),(46,'Pukei Coil','pukei-coil','waist','[]','low',11,2,46,0,3,0,-3,1,12,44,70,56,1,0),(47,'Pukei Greaves','pukei-greaves','legs','[]','low',11,2,47,0,3,0,-3,1,12,44,70,57,1,0),(48,'Barroth Helm','barroth-helm','head','[]','low',12,2,48,-3,-1,-1,3,0,14,38,72,58,1,0),(49,'Barroth Mail','barroth-mail','chest','[]','low',12,2,49,-3,-1,-1,3,0,14,38,72,59,1,0),(50,'Barroth Vambraces','barroth-vambraces','gloves','[]','low',12,2,50,-3,-1,-1,3,0,14,38,72,60,1,0),(51,'Barroth Coil','barroth-coil','waist','[]','low',12,2,51,-3,-1,-1,3,0,14,38,72,61,1,0),(52,'Barroth Greaves','barroth-greaves','legs','[]','low',12,2,52,-3,-1,-1,3,0,14,38,72,62,1,0),(53,'Jyura Helm','jyura-helm','head','[]','low',13,2,53,-1,2,0,-3,0,14,46,72,63,1,0),(54,'Jyura Mail','jyura-mail','chest','[]','low',13,2,54,-1,2,0,-3,0,14,46,72,64,1,0),(55,'Jyura Vambraces','jyura-vambraces','gloves','[]','low',13,2,55,-1,2,0,-3,0,14,46,72,65,1,0),(56,'Jyura Coil','jyura-coil','waist','[]','low',13,2,56,-1,2,0,-3,0,14,46,72,66,1,0),(57,'Jyura Greaves','jyura-greaves','legs','[]','low',13,2,57,-1,2,0,-3,0,14,46,72,67,1,0),(58,'Kadachi Helm','kadachi-helm','head','[]','low',14,2,58,0,-3,0,3,0,16,48,74,68,1,0),(59,'Kadachi Mail','kadachi-mail','chest','[]','low',14,2,59,0,-3,0,3,0,16,48,74,69,1,0),(60,'Kadachi Vambraces','kadachi-vambraces','gloves','[]','low',14,2,60,0,-3,0,3,0,16,48,74,70,1,0),(61,'Kadachi Coil','kadachi-coil','waist','[]','low',14,2,61,0,-3,0,3,0,16,48,74,71,1,0),(62,'Kadachi Greaves','kadachi-greaves','legs','[]','low',14,2,62,0,-3,0,3,0,16,48,74,72,1,0),(63,'High Metal Helm','high-metal-helm','head','[]','low',15,3,63,0,-1,3,-2,0,18,46,70,73,1,0),(64,'High Metal Mail','high-metal-mail','chest','[]','low',15,3,64,0,-1,3,-2,0,18,46,70,74,1,0),(65,'High Metal Braces','high-metal-braces','gloves','[]','low',15,3,65,0,-1,3,-2,0,18,46,70,75,1,0),(66,'High Metal Coil','high-metal-coil','waist','[]','low',15,3,66,0,-1,3,-2,0,18,46,70,76,1,0),(67,'High Metal Greaves','high-metal-greaves','legs','[]','low',15,3,67,0,-1,3,-2,0,18,46,70,77,1,0),(68,'King Beetle Vertex','king-beetle-vertex','head','{\"requiredGender\":\"male\"}','low',16,3,68,-1,-1,0,2,2,22,50,74,78,1,0),(69,'King Beetle Thorax','king-beetle-thorax','chest','{\"requiredGender\":\"male\"}','low',16,3,69,-1,-1,0,2,2,22,50,74,79,1,0),(70,'King Beetle Brachia','king-beetle-brachia','gloves','{\"requiredGender\":\"male\"}','low',16,3,70,-1,-1,0,2,2,22,50,74,80,1,0),(71,'King Beetle Elytra','king-beetle-elytra','waist','{\"requiredGender\":\"male\"}','low',16,3,71,-1,-1,0,2,2,22,50,74,81,1,0),(72,'King Beetle Crura','king-beetle-crura','legs','{\"requiredGender\":\"male\"}','low',16,3,72,-1,-1,0,2,2,22,50,74,82,1,0),(73,'Butterfly Vertex','butterfly-vertex','head','{\"requiredGender\":\"female\"}','low',17,3,73,-1,-1,0,2,2,22,50,74,83,1,0),(74,'Butterfly Thorax','butterfly-thorax','chest','{\"requiredGender\":\"female\"}','low',17,3,74,-1,-1,0,2,2,22,50,74,84,1,0),(75,'Butterfly Brachia','butterfly-brachia','gloves','{\"requiredGender\":\"female\"}','low',17,3,75,-1,-1,0,2,2,22,50,74,85,1,0),(76,'Butterfly Elytra','butterfly-elytra','waist','{\"requiredGender\":\"female\"}','low',17,3,76,-1,-1,0,2,2,22,50,74,86,1,0),(77,'Butterfly Crura','butterfly-crura','legs','{\"requiredGender\":\"female\"}','low',17,3,77,-1,-1,0,2,2,22,50,74,87,1,0),(78,'Shamos Goggles','shamos-goggles','head','[]','low',18,3,78,2,2,-3,0,0,22,50,74,88,1,0),(79,'Hornetaur Helm','hornetaur-helm','head','[]','low',19,3,79,-1,-1,0,0,2,18,46,70,89,1,0),(80,'Hornetaur Mail','hornetaur-mail','chest','[]','low',19,3,80,-1,-1,0,0,2,18,46,70,90,1,0),(81,'Hornetaur Vambraces','hornetaur-vambraces','gloves','[]','low',19,3,81,-1,-1,0,0,2,18,46,70,91,1,0),(82,'Hornetaur Coil','hornetaur-coil','waist','[]','low',19,3,82,-1,-1,0,0,2,18,46,70,92,1,0),(83,'Hornetaur Greaves','hornetaur-greaves','legs','[]','low',19,3,83,-1,-1,0,0,2,18,46,70,93,1,0),(84,'Anja Helm','anja-helm','head','[]','low',20,3,84,3,-3,-1,-1,0,20,48,72,94,1,0),(85,'Anja Mail','anja-mail','chest','[]','low',20,3,85,3,-3,-1,-1,0,20,48,72,95,1,0),(86,'Anja Vambraces','anja-vambraces','gloves','[]','low',20,3,86,3,-3,-1,-1,0,20,48,72,96,1,0),(87,'Anja Coil','anja-coil','waist','[]','low',20,3,87,3,-3,-1,-1,0,20,48,72,97,1,0),(88,'Anja Greaves','anja-greaves','legs','[]','low',20,3,88,3,-3,-1,-1,0,20,48,72,98,1,0),(89,'Rathian Helm','rathian-helm','head','[]','low',21,3,89,2,0,0,-2,-3,22,50,74,99,1,0),(90,'Rathian Mail','rathian-mail','chest','[]','low',21,3,90,2,0,0,-2,-3,22,50,74,100,1,0),(91,'Rathian Vambraces','rathian-vambraces','gloves','[]','low',21,3,91,2,0,0,-2,-3,22,50,74,101,1,0),(92,'Rathian Coil','rathian-coil','waist','[]','low',21,3,92,2,0,0,-2,-3,22,50,74,102,1,0),(93,'Rathian Greaves','rathian-greaves','legs','[]','low',21,3,93,2,0,0,-2,-3,22,50,74,103,1,0),(94,'Tzitzi Headgear','tzitzi-headgear','head','[]','low',22,3,94,0,0,-2,-3,0,18,46,70,104,1,0),(95,'Tzitzi Mail','tzitzi-mail','chest','[]','low',22,3,95,0,0,-2,-3,0,18,46,70,105,1,0),(96,'Tzitzi Vambraces','tzitzi-vambraces','gloves','[]','low',22,3,96,0,0,-2,-3,0,18,46,70,106,1,0),(97,'Tzitzi Coil','tzitzi-coil','waist','[]','low',22,3,97,0,0,-2,-3,0,18,46,70,107,1,0),(98,'Tzitzi Greaves','tzitzi-greaves','legs','[]','low',22,3,98,0,0,-2,-3,0,18,46,70,108,1,0),(99,'Lumu Hat','lumu-hat','head','[]','low',23,3,99,-3,2,1,0,0,20,48,72,109,1,0),(100,'Lumu Mail','lumu-mail','chest','[]','low',23,3,100,-3,2,1,0,0,20,48,72,110,1,0),(101,'Lumu Vambraces','lumu-vambraces','gloves','[]','low',23,3,101,-3,2,1,0,0,20,48,72,111,1,0),(102,'Lumu Coil','lumu-coil','waist','[]','low',23,3,102,-3,2,1,0,0,20,48,72,112,1,0),(103,'Lumu Greaves','lumu-greaves','legs','[]','low',23,3,103,-3,2,1,0,0,20,48,72,113,1,0),(104,'Girros Mask','girros-mask','head','[]','low',24,3,104,0,-3,0,2,1,20,48,72,114,1,0),(105,'Girros Mail','girros-mail','chest','[]','low',24,3,105,0,-3,0,2,1,20,48,72,115,1,0),(106,'Girros Vambraces','girros-vambraces','gloves','[]','low',24,3,106,0,-3,0,2,1,20,48,72,116,1,0),(107,'Girros Coil','girros-coil','waist','[]','low',24,3,107,0,-3,0,2,1,20,48,72,117,1,0),(108,'Girros Greaves','girros-greaves','legs','[]','low',24,3,108,0,-3,0,2,1,20,48,72,118,1,0),(109,'Baan Helm','baan-helm','head','[]','low',25,3,109,0,2,-1,0,-2,24,52,76,119,1,0),(110,'Baan Mail','baan-mail','chest','[]','low',25,3,110,0,2,-1,0,-2,24,52,76,120,1,0),(111,'Baan Vambraces','baan-vambraces','gloves','[]','low',25,3,111,0,2,-1,0,-2,24,52,76,121,1,0),(112,'Baan Coil','baan-coil','waist','[]','low',25,3,112,0,2,-1,0,-2,24,52,76,122,1,0),(113,'Baan Greaves','baan-greaves','legs','[]','low',25,3,113,0,2,-1,0,-2,24,52,76,123,1,0),(114,'Ingot Helm','ingot-helm','head','[]','low',26,4,114,-2,0,-1,3,0,28,52,72,124,1,0),(115,'Ingot Mail','ingot-mail','chest','[]','low',26,4,115,-2,0,-1,3,0,28,52,72,125,1,0),(116,'Ingot Vambraces','ingot-vambraces','gloves','[]','low',26,4,116,-2,0,-1,3,0,28,52,72,126,1,0),(117,'Ingot Coil','ingot-coil','waist','[]','low',26,4,117,-2,0,-1,3,0,28,52,72,127,1,0),(118,'Ingot Greaves','ingot-greaves','legs','[]','low',26,4,118,-2,0,-1,3,0,28,52,72,128,1,0),(119,'Death Stench Brain','death-stench-brain','head','[]','low',27,4,119,3,2,3,-2,-4,32,56,76,129,1,0),(120,'Death Stench Muscle','death-stench-muscle','chest','[]','low',27,4,120,3,2,3,-2,-4,32,56,76,130,1,0),(121,'Death Stench Grip','death-stench-grip','gloves','[]','low',27,4,121,3,2,3,-2,-4,32,56,76,131,1,0),(122,'Death Stench Bowels','death-stench-bowels','waist','[]','low',27,4,122,3,2,3,-2,-4,32,56,76,132,1,0),(123,'Death Stench Heels','death-stench-heels','legs','[]','low',27,4,123,3,2,3,-2,-4,32,56,76,133,1,0),(124,'Brigade Lobos','brigade-lobos','head','[]','low',28,4,124,1,0,0,2,2,28,52,72,134,1,0),(125,'Brigade Suit','brigade-suit','chest','[]','low',28,4,125,1,0,0,2,2,28,52,72,135,1,0),(126,'Brigade Vambraces','brigade-vambraces','gloves','[]','low',28,4,126,1,0,0,2,2,28,52,72,136,1,0),(127,'Brigade Coil','brigade-coil','waist','[]','low',28,4,127,1,0,0,2,2,28,52,72,137,1,0),(128,'Brigade Boots','brigade-boots','legs','[]','low',28,4,128,1,0,0,2,2,28,52,72,138,1,0),(129,'Legiana Helm','legiana-helm','head','[]','low',29,4,129,-1,2,3,-3,0,30,54,74,139,1,0),(130,'Legiana Mail','legiana-mail','chest','[]','low',29,4,130,-1,2,3,-3,0,30,54,74,140,1,0),(131,'Legiana Vambraces','legiana-vambraces','gloves','[]','low',29,4,131,-1,2,3,-3,0,30,54,74,141,1,0),(132,'Legiana Coil','legiana-coil','waist','[]','low',29,4,132,-1,2,3,-3,0,30,54,74,142,1,0),(133,'Legiana Greaves','legiana-greaves','legs','[]','low',29,4,133,-1,2,3,-3,0,30,54,74,143,1,0),(134,'Odogaron Helm','odogaron-helm','head','[]','low',30,4,134,2,2,-3,-2,0,30,54,74,144,1,0),(135,'Odogaron Mail','odogaron-mail','chest','[]','low',30,4,135,2,2,-3,-2,0,30,54,74,145,1,0),(136,'Odogaron Vambraces','odogaron-vambraces','gloves','[]','low',30,4,136,2,2,-3,-2,0,30,54,74,146,1,0),(137,'Odogaron Coil','odogaron-coil','waist','[]','low',30,4,137,2,2,-3,-2,0,30,54,74,147,1,0),(138,'Odogaron Greaves','odogaron-greaves','legs','[]','low',30,4,138,2,2,-3,-2,0,30,54,74,148,1,0),(139,'Rathalos Helm','rathalos-helm','head','[]','low',31,4,139,3,1,1,-2,-3,30,54,74,149,1,0),(140,'Rathalos Mail','rathalos-mail','chest','[]','low',31,4,140,3,1,1,-2,-3,30,54,74,150,1,0),(141,'Rathalos Vambraces','rathalos-vambraces','gloves','[]','low',31,4,141,3,1,1,-2,-3,30,54,74,151,1,0),(142,'Rathalos Coil','rathalos-coil','waist','[]','low',31,4,142,3,1,1,-2,-3,30,54,74,152,1,0),(143,'Rathalos Greaves','rathalos-greaves','legs','[]','low',31,4,143,3,1,1,-2,-3,30,54,74,153,1,0),(144,'Diablos Helm','diablos-helm','head','[]','low',32,4,144,3,-2,-3,0,2,32,56,76,154,1,0),(145,'Diablos Mail','diablos-mail','chest','[]','low',32,4,145,3,-2,-3,0,2,32,56,76,155,1,0),(146,'Diablos Vambraces','diablos-vambraces','gloves','[]','low',32,4,146,3,-2,-3,0,2,32,56,76,156,1,0),(147,'Diablos Coil','diablos-coil','waist','[]','low',32,4,147,3,-2,-3,0,2,32,56,76,157,1,0),(148,'Diablos Greaves','diablos-greaves','legs','[]','low',32,4,148,3,-2,-3,0,2,32,56,76,158,1,0),(149,'Kirin Horn','kirin-horn','head','[]','low',33,4,149,-3,-2,-2,4,3,34,58,78,159,1,0),(150,'Kirin Jacket','kirin-jacket','chest','[]','low',33,4,150,-3,-2,-2,4,3,34,58,78,160,1,0),(151,'Kirin Longarms','kirin-longarms','gloves','[]','low',33,4,151,-3,-2,-2,4,3,34,58,78,161,1,0),(152,'Kirin Hoop','kirin-hoop','waist','[]','low',33,4,152,-3,-2,-2,4,3,34,58,78,162,1,0),(153,'Kirin Leg Guards','kirin-leg-guards','gloves','[]','low',33,4,153,-3,-2,-2,4,3,34,58,78,163,1,0),(154,'Leather Headgear Alpha','leather-headgear-alpha','head','[]','high',34,5,154,2,0,0,0,0,32,54,70,174,1,0),(155,'Leather Mail Alpha','leather-mail-alpha','chest','[]','high',34,5,155,2,0,0,0,0,32,54,70,175,1,0),(156,'Leather Gloves Alpha','leather-gloves-alpha','gloves','[]','high',34,5,156,2,0,0,0,0,32,54,70,176,1,0),(157,'Leather Belt Alpha','leather-belt-alpha','waist','[]','high',34,5,157,2,0,0,0,0,32,54,70,177,1,0),(158,'Leather Trousers Alpha','leather-trousers-alpha','legs','[]','high',34,5,158,2,0,0,0,0,32,54,70,178,1,0),(159,'Leather Headgear Beta','leather-headgear-beta','head','[]','high',35,5,159,2,0,0,0,0,32,54,70,179,1,1),(160,'Leather Mail Beta','leather-mail-beta','chest','[]','high',35,5,160,2,0,0,0,0,32,54,70,180,0,1),(161,'Leather Gloves Beta','leather-gloves-beta','gloves','[]','high',35,5,161,2,0,0,0,0,32,54,70,181,0,1),(162,'Leather Belt Beta','leather-belt-beta','waist','[]','high',35,5,162,2,0,0,0,0,32,54,70,182,0,1),(163,'Leather Trousers Beta','leather-trousers-beta','legs','[]','high',35,5,163,2,0,0,0,0,32,54,70,183,0,1),(164,'Chainmail Headgear Alpha','chainmail-headgear-alpha','head','[]','high',36,5,164,0,2,0,0,0,32,54,70,184,2,0),(165,'Chainmail Armor Alpha','chainmail-armor-alpha','chest','[]','high',36,5,165,0,2,0,0,0,32,54,70,185,1,0),(166,'Chainmail Gloves Alpha','chainmail-gloves-alpha','gloves','[]','high',36,5,166,0,2,0,0,0,32,54,70,186,1,0),(167,'Chainmail Belt Alpha','chainmail-belt-alpha','waist','[]','high',36,5,167,0,2,0,0,0,32,54,70,187,1,0),(168,'Chainmail Trousers Alpha','chainmail-trousers-alpha','legs','[]','high',36,5,168,0,2,0,0,0,32,54,70,188,1,0),(169,'Chainmail Headgear Beta','chainmail-headgear-beta','head','[]','high',37,5,169,0,2,0,0,0,32,54,70,189,1,1),(170,'Chainmail Armor Beta','chainmail-armor-beta','chest','[]','high',37,5,170,0,2,0,0,0,32,54,70,190,0,1),(171,'Chainmail Gloves Beta','chainmail-gloves-beta','gloves','[]','high',37,5,171,0,2,0,0,0,32,54,70,191,0,1),(172,'Chainmail Belt Beta','chainmail-belt-beta','waist','[]','high',37,5,172,0,2,0,0,0,32,54,70,192,0,1),(173,'Chainmail Trousers Beta','chainmail-trousers-beta','legs','[]','high',37,5,173,0,2,0,0,0,32,54,70,193,0,1),(174,'Hunter\'s Headgear Alpha','hunters-headgear-alpha','head','[]','high',38,5,174,2,2,0,0,0,36,58,74,194,2,0),(175,'Hunter\'s Mail Alpha','hunters-mail-alpha','chest','[]','high',38,5,175,2,2,0,0,0,36,58,74,195,1,0),(176,'Hunter\'s Vambraces Alpha','hunters-vambraces-alpha','gloves','[]','high',38,5,176,2,2,0,0,0,36,58,74,196,1,0),(177,'Hunter\'s Coil Alpha','hunters-coil-alpha','waist','[]','high',38,5,177,2,2,0,0,0,36,58,74,197,2,0),(178,'Hunter\'s Greaves Alpha','hunters-greaves-alpha','legs','[]','high',38,5,178,2,2,0,0,0,36,58,74,198,2,0),(179,'Hunter\'s Headgear Beta','hunters-headgear-beta','head','[]','high',39,5,179,2,2,0,0,0,36,58,74,199,1,1),(180,'Hunter\'s Mail Beta','hunters-mail-beta','chest','[]','high',39,5,180,2,2,0,0,0,36,58,74,200,1,1),(181,'Hunter\'s Vambraces Beta','hunters-vambraces-beta','gloves','[]','high',39,5,181,2,2,0,0,0,36,58,74,201,1,1),(182,'Hunter\'s Coil Beta','hunters-coil-beta','waist','[]','high',39,5,182,2,2,0,0,0,36,58,74,202,1,1),(183,'Hunter\'s Greaves Beta','hunters-greaves-beta','legs','[]','high',39,5,183,2,2,0,0,0,36,58,74,203,1,1),(184,'Bone Helm Alpha','bone-helm-alpha','head','[]','high',40,5,184,2,0,0,2,2,36,58,74,204,2,0),(185,'Bone Mail Alpha','bone-mail-alpha','chest','[]','high',40,5,185,2,0,0,2,2,36,58,74,205,1,0),(186,'Bone Vambraces Alpha','bone-vambraces-alpha','gloves','[]','high',40,5,186,2,0,0,2,2,36,58,74,206,2,0),(187,'Bone Coil Alpha','bone-coil-alpha','waist','[]','high',40,5,187,2,0,0,2,2,36,58,74,207,2,0),(188,'Bone Greaves Alpha','bone-greaves-alpha','legs','[]','high',40,5,188,2,0,0,2,2,36,58,74,208,1,0),(189,'Bone Helm Beta','bone-helm-beta','head','[]','high',41,5,189,2,0,0,2,2,36,58,74,209,1,1),(190,'Bone Mail Beta','bone-mail-beta','chest','[]','high',41,5,190,2,0,0,2,2,36,58,74,210,1,1),(191,'Bone Vambraces Beta','bone-vambraces-beta','gloves','[]','high',41,5,191,2,0,0,2,2,36,58,74,211,1,1),(192,'Bone Coil Beta','bone-coil-beta','waist','[]','high',41,5,192,2,0,0,2,2,36,58,74,212,1,1),(193,'Bone Greaves Beta','bone-greaves-beta','legs','[]','high',41,5,193,2,0,0,2,2,36,58,74,213,1,1),(194,'Alloy Helm Alpha','alloy-helm-alpha','head','[]','high',42,5,194,-2,0,-2,-2,0,36,58,74,214,2,0),(195,'Alloy Mail Alpha','alloy-mail-alpha','chest','[]','high',42,5,195,-2,0,-2,-2,0,36,58,74,215,1,0),(196,'Alloy Vambraces Alpha','alloy-vambraces-alpha','gloves','[]','high',42,5,196,-2,0,-2,-2,0,36,58,74,216,2,0),(197,'Alloy Coil Alpha','alloy-coil-alpha','waist','[]','high',42,5,197,-2,0,-2,-2,0,36,58,74,217,2,0),(198,'Alloy Greaves Alpha','alloy-greaves-alpha','legs','[]','high',42,5,198,-2,0,-2,-2,0,36,58,74,218,1,0),(199,'Alloy Helm Beta','alloy-helm-beta','head','[]','high',43,5,199,-2,0,-2,-2,0,36,58,74,219,1,1),(200,'Alloy Mail Beta','alloy-mail-beta','chest','[]','high',43,5,200,-2,0,-2,-2,0,36,58,74,220,1,1),(201,'Alloy Vambraces Beta','alloy-vambraces-beta','gloves','[]','high',43,5,201,-2,0,-2,-2,0,36,58,74,221,1,1),(202,'Alloy Coil Beta','alloy-coil-beta','waist','[]','high',43,5,202,-2,0,-2,-2,0,36,58,74,222,1,1),(203,'Alloy Greaves Beta','alloy-greaves-beta','legs','[]','high',43,5,203,-2,0,-2,-2,0,36,58,74,223,1,1),(204,'King Beetle Vertex Alpha','king-beetle-vertex-alpha','head','{\"requiredGender\":\"male\"}','high',44,5,204,-1,-1,0,2,2,42,64,80,224,2,0),(205,'King Beetle Thorax Alpha','king-beetle-thorax-alpha','chest','{\"requiredGender\":\"male\"}','high',44,5,205,-1,-1,0,2,2,42,64,80,225,2,0),(206,'King Beetle Brachia Alpha','king-beetle-brachia-alpha','gloves','{\"requiredGender\":\"male\"}','high',44,5,206,-1,-1,0,2,2,42,64,80,226,2,1),(207,'King Beetle Elytra Alpha','king-beetle-elytra-alpha','waist','{\"requiredGender\":\"male\"}','high',44,5,207,-1,-1,0,2,2,42,64,80,227,2,1),(208,'King Beetle Crura Alpha','king-beetle-crura-alpha','legs','{\"requiredGender\":\"male\"}','high',44,5,208,-1,-1,0,2,2,42,64,80,228,2,1),(209,'King Beetle Vertex Beta','king-beetle-vertex-beta','head','{\"requiredGender\":\"male\"}','high',45,5,209,-1,-1,0,2,2,42,64,80,229,1,1),(210,'King Beetle Thorax Beta','king-beetle-thorax-beta','chest','{\"requiredGender\":\"male\"}','high',45,5,210,-1,-1,0,2,2,42,64,80,230,1,1),(211,'King Beetle Brachia Beta','king-beetle-brachia-beta','gloves','{\"requiredGender\":\"male\"}','high',45,5,211,-1,-1,0,2,2,42,64,80,231,1,2),(212,'King Beetle Elytra Beta','king-beetle-elytra-beta','waist','{\"requiredGender\":\"male\"}','high',45,5,212,-1,-1,0,2,2,42,64,80,232,1,2),(213,'King Beetle Crura Beta','king-beetle-crura-beta','legs','{\"requiredGender\":\"male\"}','high',45,5,213,-1,-1,0,2,2,42,64,80,233,1,2),(214,'Butterfly Vertex Alpha','butterfly-vertex-alpha','head','{\"requiredGender\":\"female\"}','high',46,5,214,-1,-1,0,2,2,42,64,80,234,2,0),(215,'Butterfly Thorax Alpha','butterfly-thorax-alpha','chest','{\"requiredGender\":\"female\"}','high',46,5,215,-1,-1,0,2,2,42,64,80,235,2,0),(216,'Butterfly Brachia Alpha','butterfly-brachia-alpha','gloves','{\"requiredGender\":\"female\"}','high',46,5,216,-1,-1,0,2,2,42,64,80,236,2,0),(217,'Butterfly Elytra Alpha','butterfly-elytra-alpha','waist','{\"requiredGender\":\"female\"}','high',46,5,217,-1,-1,0,2,2,42,64,80,237,2,0),(218,'Butterfly Crura Alpha','butterfly-crura-alpha','legs','{\"requiredGender\":\"female\"}','high',46,5,218,-1,-1,0,2,2,42,64,80,238,2,0),(219,'Butterfly Vertex Beta','butterfly-vertex-beta','head','{\"requiredGender\":\"female\"}','high',47,5,219,-1,-1,0,2,2,42,64,80,239,1,1),(220,'Butterfly Thorax Beta','butterfly-thorax-beta','chest','{\"requiredGender\":\"female\"}','high',47,5,220,-1,-1,0,2,2,42,64,80,240,1,1),(221,'Butterfly Brachia Beta','butterfly-brachia-beta','gloves','{\"requiredGender\":\"female\"}','high',47,5,221,-1,-1,0,2,2,42,64,80,241,1,2),(222,'Butterfly Elytra Beta','butterfly-elytra-beta','waist','{\"requiredGender\":\"female\"}','high',47,5,222,-1,-1,0,2,2,42,64,80,242,1,2),(223,'Butterfly Crura Beta','butterfly-crura-beta','legs','{\"requiredGender\":\"female\"}','high',47,5,223,-1,-1,0,2,2,42,64,80,243,1,2),(224,'Vespoid Helm Alpha','vespoid-helm-alpha','head','[]','high',48,5,224,-2,1,1,1,2,38,60,76,244,2,0),(225,'Vespoid Mail Alpha','vespoid-mail-alpha','chest','[]','high',48,5,225,-2,1,1,1,2,38,60,76,245,1,0),(226,'Vespoid Vambraces Alpha','vespoid-vambraces-alpha','gloves','[]','high',48,5,226,-2,1,1,1,2,38,60,76,246,1,0),(227,'Vespoid Coil Alpha','vespoid-coil-alpha','waist','[]','high',48,5,227,-2,1,1,1,2,38,60,76,247,1,0),(228,'Vespoid Greaves Alpha','vespoid-greaves-alpha','legs','[]','high',48,5,228,-2,1,1,1,2,38,60,76,248,2,0),(229,'Vespoid Helm Beta','vespoid-helm-beta','head','[]','high',49,5,229,-2,1,1,1,2,38,60,76,249,1,1),(230,'Vespoid Mail Beta','vespoid-mail-beta','chest','[]','high',49,5,230,-2,1,1,1,2,38,60,76,250,1,1),(231,'Vespoid Vambraces Beta','vespoid-vambraces-beta','gloves','[]','high',49,5,231,-2,1,1,1,2,38,60,76,251,1,1),(232,'Vespoid Coil Beta','vespoid-coil-beta','waist','[]','high',49,5,232,-2,1,1,1,2,38,60,76,252,1,1),(233,'Vespoid Greaves Beta','vespoid-greaves-beta','legs','[]','high',49,5,233,-2,1,1,1,2,38,60,76,253,1,1),(234,'Hornetaur Helm Alpha','hornetaur-helm-alpha','head','[]','high',50,5,234,-1,-1,0,0,2,38,60,76,254,2,0),(235,'Hornetaur Mail Alpha','hornetaur-mail-alpha','chest','[]','high',50,5,235,-1,-1,0,0,2,38,60,76,255,2,0),(236,'Hornetaur Vambraces Alpha','hornetaur-vambraces-alpha','gloves','[]','high',50,5,236,-1,-1,0,0,2,38,60,76,256,2,0),(237,'Hornetaur Coil Alpha','hornetaur-coil-alpha','waist','[]','high',50,5,237,-1,-1,0,0,2,38,60,76,257,2,0),(238,'Hornetaur Greaves Alpha','hornetaur-greaves-alpha','legs','[]','high',50,5,238,-1,-1,0,0,2,38,60,76,258,2,0),(239,'Hornetaur Helm Beta','hornetaur-helm-beta','head','[]','high',51,5,239,-1,-1,0,0,2,38,60,76,259,1,1),(240,'Hornetaur Mail Beta','hornetaur-mail-beta','chest','[]','high',51,5,240,-1,-1,0,0,2,38,60,76,260,1,1),(241,'Hornetaur Vambraces Beta','hornetaur-vambraces-beta','gloves','[]','high',51,5,241,-1,-1,0,0,2,38,60,76,261,1,1),(242,'Hornetaur Coil Beta','hornetaur-coil-beta','waist','[]','high',51,5,242,-1,-1,0,0,2,38,60,76,262,1,1),(243,'Hornetaur Greaves Beta','hornetaur-greaves-beta','legs','[]','high',51,5,243,-1,-1,0,0,2,38,60,76,263,1,1),(244,'Mosswine Mask Alpha','mossswine-mask-alpha','head','[]','high',52,5,244,2,2,2,2,2,40,62,78,264,1,0),(245,'Kestodon Guards Alpha','kestodon-guards-alpha','gloves','[]','high',53,5,245,4,0,0,0,0,40,62,78,265,2,0),(246,'Kestodon Guards Beta','kestodon-guards-beta','gloves','[]','high',54,5,246,4,0,0,0,0,40,62,78,266,1,1),(247,'Gajau Boots Alpha','gajau-boots-alpha','legs','[]','high',55,5,247,0,5,0,0,0,40,62,78,267,2,0),(248,'Gajau Boots Beta','gajau-boots-beta','legs','[]','high',56,5,248,0,5,0,0,0,40,62,78,268,2,1),(249,'Shamos Goggles Alpha','shamos-goggles-alpha','head','[]','high',57,5,249,2,2,-3,0,0,40,62,78,269,2,0),(250,'Shamos Goggles Beta','shamos-goggles-beta','head','[]','high',58,5,250,2,2,-3,0,0,40,62,78,270,1,1),(251,'Jagras Helm Alpha','jagras-helm-alpha','head','[]','high',59,5,251,-2,2,-1,-1,1,40,62,78,271,1,0),(252,'Jagras Mail Alpha','jagras-mail-alpha','chest','[]','high',59,5,252,-2,2,-1,-1,1,40,62,78,272,1,0),(253,'Jagras Vambraces Alpha','jagras-vambraces-alpha','gloves','[]','high',59,5,253,-2,2,-1,-1,1,40,62,78,273,2,0),(254,'Jagras Coil Alpha','jagras-coil-alpha','waist','[]','high',59,5,254,-2,2,-1,-1,1,40,62,78,274,2,0),(255,'Jagras Greaves Alpha','jagras-greaves-alpha','legs','[]','high',59,5,255,-2,2,-1,-1,1,40,62,78,275,2,0),(256,'Jagras Helm Beta','jagras-helm-beta','head','[]','high',60,5,256,-2,2,-1,-1,1,40,62,78,276,1,1),(257,'Jagras Mail Beta','jagras-mail-beta','chest','[]','high',60,5,257,-2,2,-1,-1,1,40,62,78,277,1,1),(258,'Jagras Vambraces Beta','jagras-vambraces-beta','gloves','[]','high',60,5,258,-2,2,-1,-1,1,40,62,78,278,1,1),(259,'Jagras Coil Beta','jagras-coil-beta','waist','[]','high',60,5,259,-2,2,-1,-1,1,40,62,78,279,1,1),(260,'Jagras Greaves Beta','jagras-greaves-beta','legs','[]','high',60,5,260,-2,2,-1,-1,1,40,62,78,280,1,1),(261,'Kulu Headpiece Alpha','kulu-headpiece-alpha','head','[]','high',61,5,261,0,-3,1,0,0,40,62,78,281,2,0),(262,'Kulu Mail Alpha','kulu-mail-alpha','chest','[]','high',61,5,262,0,-3,1,0,0,40,62,78,282,2,0),(263,'Kulu Vambraces Alpha','kulu-vambraces-alpha','gloves','[]','high',61,5,263,0,-3,1,0,0,40,62,78,283,2,0),(264,'Kulu Coil Alpha','kulu-coil-alpha','waist','[]','high',61,5,264,0,-3,1,0,0,40,62,78,284,1,0),(265,'Kulu Greaves Alpha','kulu-greaves-alpha','legs','[]','high',61,5,265,0,-3,1,0,0,40,62,78,285,2,0),(266,'Kulu Headpiece Beta','kulu-headpiece-beta','head','[]','high',62,5,266,0,-3,1,0,0,40,62,78,286,1,2),(267,'Kulu Mail Beta','kulu-mail-beta','chest','[]','high',62,5,267,0,-3,1,0,0,40,62,78,287,1,1),(268,'Kulu Vambraces Beta','kulu-vambraces-beta','gloves','[]','high',62,5,268,0,-3,1,0,0,40,62,78,288,1,1),(269,'Kulu Coil Beta','kulu-coil-beta','waist','[]','high',62,5,269,0,-3,1,0,0,40,62,78,289,1,1),(270,'Kulu Greaves Beta','kulu-greaves-beta','legs','[]','high',62,5,270,0,-3,1,0,0,40,62,78,290,1,1),(271,'Tzitzi Headgear Alpha','tzitzi-headgear-alpha','head','[]','high',63,5,271,0,0,-2,-3,0,40,62,78,291,2,0),(272,'Tzitzi Mail Alpha','tzitzi-mail-alpha','chest','[]','high',63,5,272,0,0,-2,-3,0,40,62,78,292,2,0),(273,'Tzitzi Vambraces Alpha','tzitzi-vambraces-alpha','gloves','[]','high',63,5,273,0,0,-2,-3,0,40,62,78,293,2,0),(274,'Tzitzi Coil Alpha','tzitzi-coil-alpha','waist','[]','high',63,5,274,0,0,-2,-3,0,40,62,78,294,2,0),(275,'Tzitzi Greaves Alpha','tzitzi-greaves-alpha','legs','[]','high',63,5,275,0,0,-2,-3,0,40,62,78,295,1,0),(276,'Tzitzi Headgear Beta','tzitzi-headgear-beta','head','[]','high',64,5,276,0,0,-2,-3,0,40,62,78,296,1,1),(277,'Tzitzi Mail Beta','tzitzi-mail-beta','chest','[]','high',64,5,277,0,0,-2,-3,0,40,62,78,297,1,2),(278,'Tzitzi Vambraces Beta','tzitzi-vambraces-beta','gloves','[]','high',64,5,278,0,0,-2,-3,0,40,62,78,298,1,1),(279,'Tzitzi Coil Beta','tzitzi-coil-beta','waist','[]','high',64,5,279,0,0,-2,-3,0,40,62,78,299,1,1),(280,'Tzitzi Greaves Beta','tzitzi-greaves-beta','legs','[]','high',64,5,280,0,0,-2,-3,0,40,62,78,300,1,1),(281,'Girros Mask Alpha','girros-mask-alpha','head','[]','high',65,5,281,0,-3,0,2,1,40,62,78,301,2,0),(282,'Girros Mail Alpha','girros-mail-alpha','chest','[]','high',65,5,282,0,-3,0,2,1,40,62,78,302,1,0),(283,'Girros Vambraces Alpha','girros-vambraces-alpha','gloves','[]','high',65,5,283,0,-3,0,2,1,40,62,78,303,1,0),(284,'Girros Coil Alpha','girros-coil-alpha','waist','[]','high',65,5,284,0,-3,0,2,1,40,62,78,304,2,0),(285,'Girros Greaves Alpha','girros-greaves-alpha','legs','[]','high',65,5,285,0,-3,0,2,1,40,62,78,305,1,0),(286,'Girros Mask Beta','girros-mask-beta','head','[]','high',66,5,286,0,-3,0,2,1,40,62,78,306,1,1),(287,'Girros Mail Beta','girros-mail-beta','chest','[]','high',66,5,287,0,-3,0,2,1,40,62,78,307,1,1),(288,'Girros Vambraces Beta','girros-vambraces-beta','gloves','[]','high',66,5,288,0,-3,0,2,1,40,62,78,308,1,1),(289,'Girros Coil Beta','girros-coil-beta','waist','[]','high',66,5,289,0,-3,0,2,1,40,62,78,309,1,1),(290,'Girros Greaves Beta','girros-greaves-beta','legs','[]','high',66,5,290,0,-3,0,2,1,40,62,78,310,1,1),(291,'Pukei Hood Alpha','pukei-hood-alpha','head','[]','high',67,5,291,0,3,0,-3,1,42,64,80,311,1,0),(292,'Pukei Mail Alpha','pukei-mail-alpha','chest','[]','high',67,5,292,0,3,0,-3,1,42,64,80,312,2,0),(293,'Pukei Vambraces Alpha','pukei-vambraces-alpha','gloves','[]','high',67,5,293,0,3,0,-3,1,42,64,80,313,2,0),(294,'Pukei Coil Alpha','pukei-coil-alpha','waist','[]','high',67,5,294,0,3,0,-3,1,42,64,80,314,1,0),(295,'Pukei Greaves Alpha','pukei-greaves-alpha','legs','[]','high',67,5,295,0,3,0,-3,1,42,64,80,315,2,0),(296,'Pukei Hood Beta','pukei-hood-beta','head','[]','high',68,5,296,0,3,0,-3,1,42,64,80,316,1,2),(297,'Pukei Mail Beta','pukei-mail-beta','chest','[]','high',68,5,297,0,3,0,-3,1,42,64,80,317,1,1),(298,'Pukei Vambraces Beta','pukei-vambraces-beta','gloves','[]','high',68,5,298,0,3,0,-3,1,42,64,80,318,1,2),(299,'Pukei Coil Beta','pukei-coil-beta','waist','[]','high',68,5,299,0,3,0,-3,1,42,64,80,319,1,1),(300,'Pukei Greaves Beta','pukei-greaves-beta','legs','[]','high',68,5,300,0,3,0,-3,1,42,64,80,320,1,1),(301,'Barroth Helm Alpha','barroth-helm-alpha','head','[]','high',69,5,301,-3,-1,-1,3,0,42,64,80,321,1,0),(302,'Barroth Mail Alpha','barroth-mail-alpha','chest','[]','high',69,5,302,-3,-1,-1,3,0,42,64,80,322,1,0),(303,'Barroth Vambraces Alpha','barroth-vambraces-alpha','gloves','[]','high',69,5,303,-3,-1,-1,3,0,42,64,80,323,2,0),(304,'Barroth Coil Alpha','barroth-coil-alpha','waist','[]','high',69,5,304,-3,-1,-1,3,0,42,64,80,324,2,0),(305,'Barroth Greaves Alpha','barroth-greaves-alpha','legs','[]','high',69,5,305,-3,-1,-1,3,0,42,64,80,325,2,0),(306,'Barroth Helm Beta','barroth-helm-beta','head','[]','high',70,5,306,-3,-1,-1,3,0,42,64,80,326,1,1),(307,'Barroth Mail Beta','barroth-mail-beta','chest','[]','high',70,5,307,-3,-1,-1,3,0,42,64,80,327,1,1),(308,'Barroth Vambraces Beta','barroth-vambraces-beta','gloves','[]','high',70,5,308,-3,-1,-1,3,0,42,64,80,328,1,1),(309,'Barroth Coil Beta','barroth-coil-beta','waist','[]','high',70,5,309,-3,-1,-1,3,0,42,64,80,329,1,1),(310,'Barroth Greaves Beta','barroth-greaves-beta','legs','[]','high',70,5,310,-3,-1,-1,3,0,42,64,80,330,1,2),(311,'Anja Helm Alpha','anja-helm-alpha','head','[]','high',71,5,311,3,-3,-1,-1,0,44,66,82,331,2,0),(312,'Anja Mail Alpha','anja-mail-alpha','chest','[]','high',71,5,312,3,-3,-1,-1,0,44,66,82,332,2,0),(313,'Anja Vambraces Alpha','anja-vambraces-alpha','gloves','[]','high',71,5,313,3,-3,-1,-1,0,44,66,82,333,2,0),(314,'Anja Coil Alpha','anja-coil-alpha','waist','[]','high',71,5,314,3,-3,-1,-1,0,44,66,82,334,2,0),(315,'Anja Greaves Alpha','anja-greaves-alpha','legs','[]','high',71,5,315,3,-3,-1,-1,0,44,66,82,335,1,0),(316,'Anja Helm Beta','anja-helm-beta','head','[]','high',72,5,316,3,-3,-1,-1,0,44,66,82,336,1,1),(317,'Anja Mail Beta','anja-mail-beta','chest','[]','high',72,5,317,3,-3,-1,-1,0,44,66,82,337,1,2),(318,'Anja Vambraces Beta','anja-vambraces-beta','gloves','[]','high',72,5,318,3,-3,-1,-1,0,44,66,82,338,1,1),(319,'Anja Coil Beta','anja-coil-beta','waist','[]','high',72,5,319,3,-3,-1,-1,0,44,66,82,339,1,1),(320,'Anja Greaves Beta','anja-greaves-beta','legs','[]','high',72,5,320,3,-3,-1,-1,0,44,66,82,340,1,1),(321,'Jyura Helm Alpha','jyura-helm-alpha','head','[]','high',73,5,321,-1,2,0,-3,0,44,66,82,341,1,0),(322,'Jyura Mail Alpha','jyura-mail-alpha','chest','[]','high',73,5,322,-1,2,0,-3,0,44,66,82,342,2,0),(323,'Jyura Vambraces Alpha','jyura-vambraces-alpha','gloves','[]','high',73,5,323,-1,2,0,-3,0,44,66,82,343,2,0),(324,'Jyura Coil Alpha','jyura-coil-alpha','waist','[]','high',73,5,324,-1,2,0,-3,0,44,66,82,344,1,0),(325,'Jyura Greaves Alpha','jyura-greaves-alpha','legs','[]','high',73,5,325,-1,2,0,-3,0,44,66,82,345,1,0),(326,'Jyura Helm Beta','jyura-helm-beta','head','[]','high',74,5,326,-1,2,0,-3,0,44,66,82,346,1,1),(327,'Jyura Mail Beta','jyura-mail-beta','chest','[]','high',74,5,327,-1,2,0,-3,0,44,66,82,347,1,1),(328,'Jyura Vambraces Beta','jyura-vambraces-beta','gloves','[]','high',74,5,328,-1,2,0,-3,0,44,66,82,348,1,1),(329,'Jyura Coil Beta','jyura-coil-beta','waist','[]','high',74,5,329,-1,2,0,-3,0,44,66,82,349,1,1),(330,'Jyura Greaves Beta','jyura-greaves-beta','legs','[]','high',74,5,330,-1,2,0,-3,0,44,66,82,350,1,1),(331,'Kadachi Helm Alpha','kadachi-helm-alpha','head','[]','high',75,5,331,0,-3,0,3,0,44,66,82,351,1,0),(332,'Kadachi Mail Alpha','kadachi-mail-alpha','chest','[]','high',75,5,332,0,-3,0,3,0,44,66,82,352,2,0),(333,'Kadachi Vambraces Alpha','kadachi-vambraces-alpha','gloves','[]','high',75,5,333,0,-3,0,3,0,44,66,82,353,1,0),(334,'Kadachi Coil Alpha','kadachi-coil-alpha','waist','[]','high',75,5,334,0,-3,0,3,0,44,66,82,354,2,0),(335,'Kadachi Greaves Alpha','kadachi-greaves-alpha','legs','[]','high',75,5,335,0,-3,0,3,0,44,66,82,355,2,0),(336,'Kadachi Helm Beta','kadachi-helm-beta','head','[]','high',76,5,336,0,-3,0,3,0,44,66,82,356,1,1),(337,'Kadachi Mail Beta','kadachi-mail-beta','chest','[]','high',76,5,337,0,-3,0,3,0,44,66,82,357,1,1),(338,'Kadachi Vambraces Beta','kadachi-vambraces-beta','gloves','[]','high',76,5,338,0,-3,0,3,0,44,66,82,358,1,1),(339,'Kadachi Coil Beta','kadachi-coil-beta','waist','[]','high',76,5,339,0,-3,0,3,0,44,66,82,359,1,2),(340,'Kadachi Greaves Beta','kadachi-greaves-beta','legs','[]','high',76,5,340,0,-3,0,3,0,44,66,82,360,1,2),(341,'Lumu Hat Alpha','lumu-hat-alpha','head','[]','high',77,5,341,-3,2,1,0,0,44,66,82,361,1,0),(342,'Lumu Mail Alpha','lumu-mail-alpha','chest','[]','high',77,5,342,-3,2,1,0,0,44,66,82,362,2,0),(343,'Lumu Vambraces Alpha','lumu-vambraces-alpha','gloves','[]','high',77,5,343,-3,2,1,0,0,44,66,82,363,1,0),(344,'Lumu Coil Alpha','lumu-coil-alpha','waist','[]','high',77,5,344,-3,2,1,0,0,44,66,82,364,1,0),(345,'Lumu Greaves Alpha','lumu-greaves-alpha','legs','[]','high',77,5,345,-3,2,1,0,0,44,66,82,365,2,0),(346,'Lumu Hat Beta','lumu-hat-beta','head','[]','high',78,5,346,-3,2,1,0,0,44,66,82,366,1,1),(347,'Lumu Mail Beta','lumu-mail-beta','chest','[]','high',78,5,347,-3,2,1,0,0,44,66,82,367,1,1),(348,'Lumu Vambraces Beta','lumu-vambraces-beta','gloves','[]','high',78,5,348,-3,2,1,0,0,44,66,82,368,1,1),(349,'Lumu Coil Beta','lumu-coil-beta','waist','[]','high',78,5,349,-3,2,1,0,0,44,66,82,369,1,1),(350,'Lumu Greaves Beta','lumu-greaves-beta','legs','[]','high',78,5,350,-3,2,1,0,0,44,66,82,370,1,2),(351,'Rathian Helm Alpha','rathian-helm-alpha','head','[]','high',79,5,351,2,0,0,-2,-3,46,68,84,371,2,0),(352,'Rathian Mail Alpha','rathian-mail-alpha','chest','[]','high',79,5,352,2,0,0,-2,-3,46,68,84,372,2,0),(353,'Rathian Vambraces Alpha','rathian-vambraces-alpha','gloves','[]','high',79,5,353,2,0,0,-2,-3,46,68,84,373,1,0),(354,'Rathian Coil Alpha','rathian-coil-alpha','waist','[]','high',79,5,354,2,0,0,-2,-3,46,68,84,374,2,0),(355,'Rathian Greaves Alpha','rathian-greaves-alpha','legs','[]','high',79,5,355,2,0,0,-2,-3,46,68,84,375,1,0),(356,'Rathian Helm Beta','rathian-helm-beta','head','[]','high',80,5,356,2,0,0,-2,-3,46,68,84,376,2,1),(357,'Rathian Mail Beta','rathian-mail-beta','chest','[]','high',80,5,357,2,0,0,-2,-3,46,68,84,377,2,1),(358,'Rathian Vambraces Beta','rathian-vambraces-beta','gloves','[]','high',80,5,358,2,0,0,-2,-3,46,68,84,378,1,1),(359,'Rathian Coil Beta','rathian-coil-beta','waist','[]','high',80,5,359,2,0,0,-2,-3,46,68,84,379,2,1),(360,'Rathian Greaves Beta','rathian-greaves-beta','legs','[]','high',80,5,360,2,0,0,-2,-3,46,68,84,380,1,1),(361,'Rath Heart Helm Alpha','rath-heart-helm-alpha','head','[]','high',81,6,361,3,0,0,-3,-4,52,72,84,381,2,0),(362,'Rath Heart Mail Alpha','rath-heart-mail-alpha','chest','[]','high',81,6,362,3,0,0,-3,-4,52,72,84,382,1,0),(363,'Rath Heart Braces Alpha','rath-heart-braces-alpha','gloves','[]','high',81,6,363,3,0,0,-3,-4,52,72,84,383,1,0),(364,'Rath Heart Coil Alpha','rath-heart-coil-alpha','waist','[]','high',81,6,364,3,0,0,-3,-4,52,72,84,384,2,0),(365,'Rath Heart Greaves Alpha','rath-heart-greaves-alpha','legs','[]','high',81,6,365,3,0,0,-3,-4,52,72,84,385,2,0),(366,'Rath Heart Helm Beta','rath-heart-helm-beta','head','[]','high',82,6,366,3,0,0,-3,-4,52,72,84,386,1,1),(367,'Rath Heart Mail Beta','rath-heart-mail-beta','chest','[]','high',82,6,367,3,0,0,-3,-4,52,72,84,387,1,2),(368,'Rath Heart Braces Beta','rath-heart-braces-beta','gloves','[]','high',82,6,368,3,0,0,-3,-4,52,72,84,388,1,1),(369,'Rath Heart Coil Beta','rath-heart-coil-beta','waist','[]','high',82,6,369,3,0,0,-3,-4,52,72,84,389,1,1),(370,'Rath Heart Greaves Beta','rath-heart-greaves-beta','legs','[]','high',82,6,370,3,0,0,-3,-4,52,72,84,390,1,1),(371,'Baan Helm Alpha','baan-helm-alpha','head','[]','high',83,6,371,0,2,-1,0,-2,46,66,78,391,1,0),(372,'Baan Mail Alpha','baan-mail-alpha','chest','[]','high',83,6,372,0,2,-1,0,-2,46,66,78,392,2,0),(373,'Baan Vambraces Alpha','baan-vambraces-alpha','gloves','[]','high',83,6,373,0,2,-1,0,-2,46,66,78,393,2,0),(374,'Baan Coil Alpha','baan-coil-alpha','waist','[]','high',83,6,374,0,2,-1,0,-2,46,66,78,394,1,0),(375,'Baan Greaves Alpha','baan-greaves-alpha','legs','[]','high',83,6,375,0,2,-1,0,-2,46,66,78,395,1,0),(376,'Baan Helm Beta','baan-helm-beta','head','[]','high',84,6,376,0,2,-1,0,-2,46,66,78,396,1,1),(377,'Baan Mail Beta','baan-mail-beta','chest','[]','high',84,6,377,0,2,-1,0,-2,46,66,78,397,1,1),(378,'Baan Vambraces Beta','baan-vambraces-beta','gloves','[]','high',84,6,378,0,2,-1,0,-2,46,66,78,398,2,1),(379,'Baan Coil Beta','baan-coil-beta','waist','[]','high',84,6,379,0,2,-1,0,-2,46,66,78,399,1,1),(380,'Baan Greaves Beta','baan-greaves-beta','legs','[]','high',84,6,380,0,2,-1,0,-2,46,66,78,400,1,1),(381,'Gastodon Horn Alpha','gastodon-horn-alpha','head','[]','high',85,5,381,3,0,0,0,0,48,70,86,401,2,0),(382,'Gastodon Horn Beta','gastodon-horn-beta','head','[]','high',86,5,382,3,0,0,0,0,48,70,86,402,1,1),(383,'Barnos Jacket Alpha','barnos-jacket-alpha','chest','[]','high',87,5,383,1,1,1,0,-2,48,70,86,403,2,0),(384,'Barnos Jacket Beta','barnos-jacket-beta','chest','[]','high',88,5,384,1,1,1,0,-2,48,70,86,404,1,1),(385,'Dodogama Helm Alpha','dodogama-helm-alpha','head','[]','high',89,5,385,2,0,0,-3,2,48,70,86,405,1,0),(386,'Dodogama Mail Alpha','dodogama-mail-alpha','chest','[]','high',89,5,386,2,0,0,-3,2,48,70,86,406,1,0),(387,'Dodogama Vambraces Alpha','dodogama-vambraces-alpha','gloves','[]','high',89,5,387,2,0,0,-3,2,48,70,86,407,1,0),(388,'Dodogama Coil Alpha','dodogama-coil-alpha','waist','[]','high',89,5,388,2,0,0,-3,2,48,70,86,408,2,0),(389,'Dodogama Greaves Alpha','dodogame-greaves-alpha','legs','[]','high',89,5,389,2,0,0,-3,2,48,70,86,409,2,0),(390,'Dodogama Helm Beta','dodogama-helm-beta','head','[]','high',90,5,390,2,0,0,-3,2,48,70,86,410,1,1),(391,'Dodogama Mail Beta','dodogama-mail-beta','chest','[]','high',90,5,391,2,0,0,-3,2,48,70,86,411,1,1),(392,'Dodogama Vambraces Beta','dodogama-vambraces-beta','gloves','[]','high',90,5,392,2,0,0,-3,2,48,70,86,412,1,1),(393,'Dodogama Coil Beta','dodogama-coil-beta','waist','[]','high',90,5,393,2,0,0,-3,2,48,70,86,413,1,1),(394,'Dodogama Greaves Beta','dodogama-greaves-beta','legs','[]','high',90,5,394,2,0,0,-3,2,48,70,86,414,1,1),(395,'Zorah Headgear Alpha','zorah-headgear-alpha','head','[]','high',91,6,395,4,-3,-2,-1,-3,44,64,76,415,2,0),(396,'Zorah Hide Alpha','zorah-hide-alpha','chest','[]','high',91,6,396,4,-3,-2,-1,-3,44,64,76,416,2,0),(397,'Zorah Claws Alpha','zorah-claws-alpha','gloves','[]','high',91,6,397,4,-3,-2,-1,-3,44,64,76,417,2,0),(398,'Zorah Spine Alpha','zorah-spine-alpha','waist','[]','high',91,6,398,4,-3,-2,-1,-3,44,64,76,418,2,0),(399,'Zorah Spurs Alpha','zorah-spurs-alpha','legs','[]','high',91,6,399,4,-3,-2,-1,-3,44,64,76,419,2,0),(400,'Zorah Headgear Beta','zorah-headgear-beta','head','[]','high',92,6,400,4,-3,-2,-1,-3,44,64,76,420,1,1),(401,'Zorah Hide Beta','zorah-hide-beta','chest','[]','high',92,6,401,4,-3,-2,-1,-3,44,64,76,421,1,1),(402,'Zorah Claws Beta','zorah-claws-beta','gloves','[]','high',92,6,402,4,-3,-2,-1,-3,44,64,76,422,1,1),(403,'Zorah Spine Beta','zorah-spine-beta','waist','[]','high',92,6,403,4,-3,-2,-1,-3,44,64,76,423,1,1),(404,'Zorah Spurs Beta','zorah-spurs-beta','legs','[]','high',92,6,404,4,-3,-2,-1,-3,44,64,76,424,1,1),(405,'High Metal Helm Alpha','high-metal-helm-alpha','head','[]','high',93,6,405,0,-1,3,-2,0,50,70,82,425,2,0),(406,'High Metal Mail Alpha','high-metal-mail-alpha','chest','[]','high',93,6,406,0,-1,3,-2,0,50,70,82,426,2,0),(407,'High Metal Braces Alpha','high-metal-braces-alpha','gloves','[]','high',93,6,407,0,-1,3,-2,0,50,70,82,427,2,0),(408,'High Metal Coil Alpha','high-metal-coil-alpha','waist','[]','high',93,6,408,0,-1,3,-2,0,50,70,82,428,2,0),(409,'High Metal Greaves Alpha','high-metal-greaves-alpha','legs','[]','high',93,6,409,0,-1,3,-2,0,50,70,82,429,2,0),(410,'High Metal Helm Beta','high-metal-helm-beta','head','[]','high',94,6,410,0,-1,3,-2,0,50,70,82,430,1,1),(411,'High Metal Mail Beta','high-metal-mail-beta','chest','[]','high',94,6,411,0,-1,3,-2,0,50,70,82,431,2,1),(412,'High Metal Braces Beta','high-metal-braces-beta','gloves','[]','high',94,6,412,0,-1,3,-2,0,50,70,82,432,1,1),(413,'High Metal Coil Beta','high-metal-coil-beta','waist','[]','high',94,6,413,0,-1,3,-2,0,50,70,82,433,1,1),(414,'High Metal Greaves Beta','high-metal-greaves-beta','legs','[]','high',94,6,414,0,-1,3,-2,0,50,70,82,434,1,1),(415,'Ingot Helm Alpha','ingot-helm-alpha','head','[]','high',95,6,415,-2,0,-1,3,0,50,70,82,435,1,0),(416,'Ingot Mail Alpha','ingot-mail-alpha','chest','[]','high',95,6,416,-2,0,-1,3,0,50,70,82,436,1,0),(417,'Ingot Vambraces Alpha','ingot-vambraces-alpha','gloves','[]','high',95,6,417,-2,0,-1,3,0,50,70,82,437,2,0),(418,'Ingot Coil Alpha','ingot-coil-alpha','waist','[]','high',95,6,418,-2,0,-1,3,0,50,70,82,438,1,0),(419,'Ingot Greaves Alpha','ingot-greaves-alpha','legs','[]','high',95,6,419,-2,0,-1,3,0,50,70,82,439,2,0),(420,'Ingot Helm Beta','ingot-helm-beta','head','[]','high',96,6,420,-2,0,-1,3,0,50,70,82,440,1,1),(421,'Ingot Mail Beta','ingot-mail-beta','chest','[]','high',96,6,421,-2,0,-1,3,0,50,70,82,441,1,1),(422,'Ingot Vambraces Beta','ingot-vambraces-beta','gloves','[]','high',96,6,422,-2,0,-1,3,0,50,70,82,442,1,1),(423,'Ingot Coil Beta','ingot-coil-beta','waist','[]','high',96,6,423,-2,0,-1,3,0,50,70,82,443,1,1),(424,'Ingot Greaves Beta','ingot-greaves-beta','legs','[]','high',96,6,424,-2,0,-1,3,0,50,70,82,444,1,1),(425,'Brigade Lobos Alpha','brigade-lobos-alpha','head','[]','high',97,6,425,1,0,0,2,2,52,72,84,445,2,0),(426,'Brigade Suit Alpha','brigade-suit-alpha','chest','[]','high',97,6,426,1,0,0,2,2,52,72,84,446,1,1),(427,'Brigade Vambraces Alpha','brigade-vambraces-alpha','gloves','[]','high',97,6,427,1,0,0,2,2,52,72,84,447,2,0),(428,'Brigade Coil Alpha','brigade-coil-alpha','waist','[]','high',97,6,428,1,0,0,2,2,52,72,84,448,2,0),(429,'Brigade Boots Alpha','brigade-boots-alpha','legs','[]','high',97,6,429,1,0,0,2,2,52,72,84,449,2,1),(430,'Brigade Lobos Beta','brigade-lobos-beta','head','[]','high',98,6,430,1,0,0,2,2,52,72,84,450,1,1),(431,'Brigade Suit Beta','brigade-suit-beta','chest','[]','high',98,6,431,1,0,0,2,2,52,72,84,451,1,2),(432,'Brigade Vambraces Beta','brigade-vambraces-beta','gloves','[]','high',98,6,432,1,0,0,2,2,52,72,84,452,1,1),(433,'Brigade Coil Beta','brigade-coil-beta','waist','[]','high',98,6,433,1,0,0,2,2,52,72,84,453,1,1),(434,'Brigade Boots Beta','brigade-boots-beta','legs','[]','high',98,6,434,1,0,0,2,2,52,72,84,454,1,1),(435,'Faux Felyne Alpha','faux-felyne-alpha','head','[]','high',99,6,435,2,2,2,2,2,56,76,88,455,1,0),(436,'Strategist Spectacles Alpha','strategist-spectacles-alpha','head','[]','high',100,6,436,2,2,2,2,2,56,76,88,456,1,1),(437,'Lavasioth Helm Alpha','lavasioth-helm-alpha','head','[]','high',101,6,437,3,-3,-2,1,2,56,76,88,457,2,0),(438,'Lavasioth Mail Alpha','lavasioth-mail-alpha','chest','[]','high',101,6,438,3,-3,-2,1,2,56,76,88,458,2,0),(439,'Lavasioth Vambraces Alpha','lavasioth-vambraces-alpha','gloves','[]','high',101,6,439,3,-3,-2,1,2,56,76,88,459,2,1),(440,'Lavasioth Coil Alpha','lavasioth-coil-alpha','waist','[]','high',101,6,440,3,-3,-2,1,2,56,76,88,460,2,0),(441,'Lavasioth Greaves Alpha','lavasioth-greaves-alpha','legs','[]','high',101,6,441,3,-3,-2,1,2,56,76,88,461,2,1),(442,'Lavasioth Helm Beta','lavasioth-helm-beta','head','[]','high',102,6,442,3,-3,-2,1,2,56,76,88,462,2,2),(443,'Lavasioth Mail Beta','lavasioth-mail-beta','chest','[]','high',102,6,443,3,-3,-2,1,2,56,76,88,463,1,2),(444,'Lavasioth Vambraces Beta','lavasioth-vambraces-beta','gloves','[]','high',102,6,444,3,-3,-2,1,2,56,76,88,464,1,1),(445,'Lavasioth Coil Beta','lavasioth-coil-beta','waist','[]','high',102,6,445,3,-3,-2,1,2,56,76,88,465,1,1),(446,'Lavasioth Greaves Beta','lavasioth-greaves-beta','legs','[]','high',102,6,446,3,-3,-2,1,2,56,76,88,466,1,1),(447,'Legiana Helm Alpha','legiana-helm-alpha','head','[]','high',103,6,447,-1,2,3,-3,0,54,74,86,467,2,0),(448,'Legiana Mail Alpha','legiana-mail-alpha','chest','[]','high',103,6,448,-1,2,3,-3,0,54,74,86,468,2,0),(449,'Legiana Vambraces Alpha','legiana-vambraces-alpha','gloves','[]','high',103,6,449,-1,2,3,-3,0,54,74,86,469,2,0),(450,'Legiana Coil Alpha','legiana-coil-alpha','waist','[]','high',103,6,450,-1,2,3,-3,0,54,74,86,470,2,0),(451,'Legiana Greaves Alpha','legiana-greaves-alpha','legs','[]','high',103,6,451,-1,2,3,-3,0,54,74,86,471,2,0),(452,'Legiana Helm Beta','legiana-helm-beta','head','[]','high',104,6,452,-1,2,3,-3,0,54,74,86,472,1,1),(453,'Legiana Mail Beta','legiana-mail-beta','chest','[]','high',104,6,453,-1,2,3,-3,0,54,74,86,473,1,1),(454,'Legiana Vambraces Beta','legiana-vambraces-beta','gloves','[]','high',104,6,454,-1,2,3,-3,0,54,74,86,474,1,1),(455,'Legiana Coil Beta','legiana-coil-beta','waist','[]','high',104,6,455,-1,2,3,-3,0,54,74,86,475,1,1),(456,'Legiana Greaves Beta','legiana-greaves-beta','legs','[]','high',104,6,456,-1,2,3,-3,0,54,74,86,476,1,1),(457,'Odogaron Helm Alpha','odogaron-helm-alpha','head','[]','high',105,6,457,2,2,-3,-2,0,54,74,86,477,2,0),(458,'Odogaron Mail Alpha','odogaron-mail-alpha','chest','[]','high',105,6,458,2,2,-3,-2,0,54,74,86,478,2,0),(459,'Odogaron Vambraces Alpha','odogaron-vambraces-alpha','gloves','[]','high',105,6,459,2,2,-3,-2,0,54,74,86,479,2,0),(460,'Odogaron Coil Alpha','odogaron-coil-alpha','waist','[]','high',105,6,460,2,2,-3,-2,0,54,74,86,480,2,0),(461,'Odogaron Greaves Alpha','odogaron-greaves-alpha','legs','[]','high',105,6,461,2,2,-3,-2,0,54,74,86,481,2,0),(462,'Odogaron Helm Beta','odogaron-helm-beta','head','[]','high',106,6,462,2,2,-3,-2,0,54,74,86,482,1,1),(463,'Odogaron Mail Beta','odogaron-mail-beta','chest','[]','high',106,6,463,2,2,-3,-2,0,54,74,86,483,1,1),(464,'Odogaron Vambraces Beta','odogaron-vambraces-beta','gloves','[]','high',106,6,464,2,2,-3,-2,0,54,74,86,484,1,1),(465,'Odogaron Coil Beta','odogaron-coil-beta','waist','[]','high',106,6,465,2,2,-3,-2,0,54,74,86,485,1,1),(466,'Odogaron Greaves Beta','odogaron-greaves-beta','legs','[]','high',106,6,466,2,2,-3,-2,0,54,74,86,486,1,1),(467,'Rathalos Helm Alpha','rathalos-helm-alpha','head','[]','high',107,6,467,3,1,1,-2,-3,54,74,86,487,2,0),(468,'Rathalos Mail Alpha','rathalos-mail-alpha','chest','[]','high',107,6,468,3,1,1,-2,-3,54,74,86,488,2,0),(469,'Rathalos Vambraces Alpha','rathalos-vambraces-alpha','gloves','[]','high',107,6,469,3,1,1,-2,-3,54,74,86,489,2,0),(470,'Rathalos Coil Alpha','rathalos-coil-alpha','waist','[]','high',107,6,470,3,1,1,-2,-3,54,74,86,490,2,0),(471,'Rathalos Greaves Alpha','rathalos-greaves-alpha','legs','[]','high',107,6,471,3,1,1,-2,-3,54,74,86,491,2,0),(472,'Rathalos Helm Beta','rathalos-helm-beta','head','[]','high',108,6,472,3,1,1,-2,-3,54,74,86,492,1,1),(473,'Rathalos Mail Beta','rathalos-mail-beta','chest','[]','high',108,6,473,3,1,1,-2,-3,54,74,86,493,1,1),(474,'Rathalos Vambraces Beta','rathalos-vambraces-beta','gloves','[]','high',108,6,474,3,1,1,-2,-3,54,74,86,494,1,1),(475,'Rathalos Coil Beta','rathalos-coil-beta','waist','[]','high',108,6,475,3,1,1,-2,-3,54,74,86,495,1,1),(476,'Rathalos Greaves Beta','rathalos-greaves-beta','legs','[]','high',108,6,476,3,1,1,-2,-3,54,74,86,496,1,1),(477,'Rath Soul Helm Alpha','rath-soul-helm-alpha','head','[]','high',109,7,477,3,2,-3,2,-4,56,68,82,497,2,0),(478,'Rath Soul Mail Alpha','rath-soul-mail-alpha','chest','[]','high',109,7,478,3,2,-3,2,-4,56,68,82,498,2,1),(479,'Rath Soul Braces Alpha','rath-soul-braces-alpha','gloves','[]','high',109,7,479,3,2,-3,2,-4,56,68,82,499,2,1),(480,'Rath Soul Coil Alpha','rath-soul-coil-alpha','waist','[]','high',109,7,480,3,2,-3,2,-4,56,68,82,500,2,0),(481,'Rath Soul Greaves Alpha','rath-soul-greaves-alpha','legs','[]','high',109,7,481,3,2,-3,2,-4,56,68,82,501,2,0),(482,'Rath Soul Helm Beta','rath-soul-helm-beta','head','[]','high',110,7,482,3,2,-3,2,-4,56,68,82,502,1,2),(483,'Rath Soul Mail Beta','rath-soul-mail-beta','chest','[]','high',110,7,483,3,2,-3,2,-4,56,68,82,503,1,1),(484,'Rath Soul Braces Beta','rath-soul-braces-beta','gloves','[]','high',110,7,484,3,2,-3,2,-4,56,68,82,504,1,1),(485,'Rath Soul Coil Beta','rath-soul-coil-beta','waist','[]','high',110,7,485,3,2,-3,2,-4,56,68,82,505,1,1),(486,'Rath Soul Greaves Beta','rath-soul-greaves-beta','legs','[]','high',110,7,486,3,2,-3,2,-4,56,68,82,506,1,1),(487,'Diablos Helm Alpha','diablos-helm-alpha','head','[]','high',111,6,487,3,-2,-3,0,2,54,74,86,507,2,0),(488,'Diablos Mail Alpha','diablos-mail-alpha','chest','[]','high',111,6,488,3,-2,-3,0,2,54,74,86,508,2,0),(489,'Diablos Vambraces Alpha','diablos-vambraces-alpha','gloves','[]','high',111,6,489,3,-2,-3,0,2,54,74,86,509,2,0),(490,'Diablos Coil Alpha','diablos-coil-alpha','waist','[]','high',111,6,490,3,-2,-3,0,2,54,74,86,510,2,0),(491,'Diablos Greaves Alpha','diablos-greaves-alpha','legs','[]','high',111,6,491,3,-2,-3,0,2,54,74,86,511,2,0),(492,'Diablos Helm Beta','diablos-helm-beta','head','[]','high',112,6,492,3,-2,-3,0,2,54,74,86,512,1,1),(493,'Diablos Mail Beta','diablos-mail-beta','chest','[]','high',112,6,493,3,-2,-3,0,2,54,74,86,513,1,1),(494,'Diablos Vambraces Beta','diablos-vambraces-beta','gloves','[]','high',112,6,494,3,-2,-3,0,2,54,74,86,514,1,1),(495,'Diablos Coil Beta','diablos-coil-beta','waist','[]','high',112,6,495,3,-2,-3,0,2,54,74,86,515,1,1),(496,'Diablos Greaves Beta','diablos-greaves-beta','legs','[]','high',112,6,496,3,-2,-3,0,2,54,74,86,516,1,2),(497,'Diablos Nero Helm Alpha','diablos-nero-helm-alpha','head','[]','high',113,7,497,2,-3,-4,0,2,56,68,82,517,1,1),(498,'Diablos Nero Mail Alpha','diablos-nero-mail-alpha','chest','[]','high',113,7,498,2,-3,-4,0,2,56,68,82,518,1,1),(499,'Diablos Nero Braces Alpha','diablos-nero-braces-alpha','gloves','[]','high',113,7,499,2,-3,-4,0,2,56,68,82,519,2,0),(500,'Diablos Nero Coil Alpha','diablos-nero-coil-alpha','waist','[]','high',113,7,500,2,-3,-4,0,2,56,68,82,520,2,0),(501,'Diablos Nero Greaves Alpha','diablos-nero-greaves-alpha','legs','[]','high',113,7,501,2,-3,-4,0,2,56,68,82,521,2,1),(502,'Diablos Nero Helm Beta','diablos-nero-helm-beta','head','[]','high',114,7,502,2,-3,-4,0,2,56,68,82,522,1,1),(503,'Diablos Nero Mail Beta','diablos-nero-mail-beta','chest','[]','high',114,7,503,2,-3,-4,0,2,56,68,82,523,1,2),(504,'Diablos Nero Braces Beta','diablos-nero-braces-beta','gloves','[]','high',114,7,504,2,-3,-4,0,2,56,68,82,524,1,2),(505,'Diablos Nero Coil Beta','diablos-nero-coil-beta','waist','[]','high',114,7,505,2,-3,-4,0,2,56,68,82,525,1,1),(506,'Diablos Nero Greaves Beta','diablos-nero-greaves-beta','legs','[]','high',114,7,506,2,-3,-4,0,2,56,68,82,526,1,1),(507,'Uragaan Helm Alpha','uragaan-helm-alpha','head','[]','high',115,7,507,4,-3,-2,1,-2,60,72,86,527,1,1),(508,'Uragaan Mail Alpha','uragaan-mail-alpha','chest','[]','high',115,7,508,4,-3,-2,1,-2,60,72,86,528,1,1),(509,'Uragaan Vambraces Alpha','uragaan-vambraces-alpha','gloves','[]','high',115,7,509,4,-3,-2,1,-2,60,72,86,529,2,1),(510,'Uragaan Coil Alpha','uragaan-coil-alpha','waist','[]','high',115,7,510,4,-3,-2,1,-2,60,72,86,530,2,2),(511,'Uragaan Greaves Alpha','uragaan-greaves-alpha','legs','[]','high',115,7,511,4,-3,-2,1,-2,60,72,86,531,1,1),(512,'Uragaan Helm Beta','uragaan-helm-beta','head','[]','high',116,7,512,4,-3,-2,1,-2,60,72,86,532,1,2),(513,'Uragaan Mail Beta','uragaan-mail-beta','chest','[]','high',116,7,513,4,-3,-2,1,-2,60,72,86,533,1,1),(514,'Uragaan Vambraces Beta','uragaan-vambraces-beta','gloves','[]','high',116,7,514,4,-3,-2,1,-2,60,72,86,534,1,1),(515,'Uragaan Coil Beta','uragaan-coil-beta','waist','[]','high',116,7,515,4,-3,-2,1,-2,60,72,86,535,1,2),(516,'Uragaan Greaves Beta','uragaan-greaves-beta','legs','[]','high',116,7,516,4,-3,-2,1,-2,60,72,86,536,1,1),(517,'Bazel Helm Alpha','bazel-helm-alpha','head','[]','high',117,7,517,3,1,-2,-4,-2,58,70,84,537,2,1),(518,'Bazel Mail Alpha','bazel-mail-alpha','chest','[]','high',117,7,518,3,1,-2,-4,-2,58,70,84,538,2,0),(519,'Bazel Vambraces Alpha','bazel-vambraces-alpha','gloves','[]','high',117,7,519,3,1,-2,-4,-2,58,70,84,539,2,0),(520,'Bazel Coil Alpha','bazel-coil-alpha','waist','[]','high',117,7,520,3,1,-2,-4,-2,58,70,84,540,2,1),(521,'Bazel Greaves Alpha','bazel-greaves-alpha','legs','[]','high',117,7,521,3,1,-2,-4,-2,58,70,84,541,2,1),(522,'Bazel Helm Beta','bazel-helm-beta','head','[]','high',118,7,522,3,1,-2,-4,-2,58,70,84,542,1,2),(523,'Bazel Mail Beta','bazel-mail-beta','chest','[]','high',118,7,523,3,1,-2,-4,-2,58,70,84,543,1,2),(524,'Bazel Vambraces Beta','bazel-vambraces-beta','gloves','[]','high',118,7,524,3,1,-2,-4,-2,58,70,84,544,1,1),(525,'Bazel Coil Beta','bazel-coil-beta','waist','[]','high',118,7,525,3,1,-2,-4,-2,58,70,84,545,1,1),(526,'Bazel Greaves Beta','bazel-greaves-beta','legs','[]','high',118,7,526,3,1,-2,-4,-2,58,70,84,546,1,1),(527,'Damascus Helm Alpha','damascus-helm-alpha','head','[]','high',119,7,527,4,-2,0,0,0,60,72,86,547,2,1),(528,'Damascus Mail Alpha','damascus-mail-alpha','chest','[]','high',119,7,528,4,-2,0,0,0,60,72,86,548,2,1),(529,'Damascus Vambraces Alpha','damascus-vambraces-alpha','gloves','[]','high',119,7,529,4,-2,0,0,0,60,72,86,549,2,0),(530,'Damascus Coil Alpha','damascus-coil-alpha','waist','[]','high',119,7,530,4,-2,0,0,0,60,72,86,550,2,1),(531,'Damascus Greaves Alpha','damascus-greaves-alpha','legs','[]','high',119,7,531,4,-2,0,0,0,60,72,86,551,2,1),(532,'Damascus Helm Beta','damascus-helm-beta','head','[]','high',120,7,532,4,-2,0,0,0,60,72,86,552,1,1),(533,'Damascus Mail Beta','damascus-mail-beta','chest','[]','high',120,7,533,4,-2,0,0,0,60,72,86,553,1,3),(534,'Damascus Vambraces Beta','damascus-vambraces-beta','gloves','[]','high',120,7,534,4,-2,0,0,0,60,72,86,554,1,1),(535,'Damascus Coil Beta','damascus-coil-beta','waist','[]','high',120,7,535,4,-2,0,0,0,60,72,86,555,1,3),(536,'Damascus Greaves Beta','damascus-greaves-beta','legs','[]','high',120,7,536,4,-2,0,0,0,60,72,86,556,1,1),(537,'Dober Helm Alpha','dober-helm-alpha','head','[]','high',121,7,537,-2,0,-1,-1,4,60,72,86,557,2,0),(538,'Dober Mail Alpha','dober-mail-alpha','chest','[]','high',121,7,538,-2,0,-1,-1,4,60,72,86,558,2,1),(539,'Dober Vambraces Alpha','dober-vambraces-alpha','gloves','[]','high',121,7,539,-2,0,-1,-1,4,60,72,86,559,2,0),(540,'Dober Coil Alpha','dober-coil-alpha','waist','[]','high',121,7,540,-2,0,-1,-1,4,60,72,86,560,2,1),(541,'Dober Greaves Alpha','dober-greaves-alpha','legs','[]','high',121,7,541,-2,0,-1,-1,4,60,72,86,561,2,0),(542,'Dober Helm Beta','dober-helm-beta','head','[]','high',122,7,542,-2,0,-1,-1,4,60,72,86,562,1,1),(543,'Dober Mail Beta','dober-mail-beta','chest','[]','high',122,7,543,-2,0,-1,-1,4,60,72,86,563,1,1),(544,'Dober Vambraces Beta','dober-vambraces-beta','gloves','[]','high',122,7,544,-2,0,-1,-1,4,60,72,86,564,2,2),(545,'Dober Coil Beta','dober-coil-beta','waist','[]','high',122,7,545,-2,0,-1,-1,4,60,72,86,565,1,1),(546,'Dober Greaves Beta','dober-greaves-beta','legs','[]','high',122,7,546,-2,0,-1,-1,4,60,72,86,566,1,1),(547,'Death Stench Brain Alpha','death-stench-brain-alpha','head','[]','high',123,7,547,3,2,3,-2,-4,62,74,88,567,2,1),(548,'Death Stench Muscle Alpha','death-stench-muscle-alpha','chest','[]','high',123,7,548,3,2,3,-2,-4,62,74,88,568,2,0),(549,'Death Stench Grip Alpha','death-stench-grip-alpha','gloves','[]','high',123,7,549,3,2,3,-2,-4,62,74,88,569,2,1),(550,'Death Stench Bowels Alpha','death-stench-bowels-alpha','waist','[]','high',123,7,550,3,2,3,-2,-4,62,74,88,570,2,0),(551,'Death Stench Heel Alpha','death-stench-heel-alpha','legs','[]','high',123,7,551,3,2,3,-2,-4,62,74,88,571,2,0),(552,'Death Stench Brain Beta','death-stench-brain-beta','head','[]','high',124,7,552,3,2,3,-2,-4,62,74,88,572,1,1),(553,'Death Stench Muscle Beta','death-stench-muscle-beta','chest','[]','high',124,7,553,3,2,3,-2,-4,62,74,88,573,1,1),(554,'Death Stench Grip Beta','death-stench-grip-beta','gloves','[]','high',124,7,554,3,2,3,-2,-4,62,74,88,574,1,2),(555,'Death Stench Bowels Beta','death-stench-bowels-beta','waist','[]','high',124,7,555,3,2,3,-2,-4,62,74,88,575,1,2),(556,'Death Stench Heel Beta','death-stench-heel-beta','legs','[]','high',124,7,556,3,2,3,-2,-4,62,74,88,576,1,2),(557,'Skull Mask Alpha','skull-mask-alpha','head','[]','high',125,7,557,-3,-1,-1,-1,2,64,76,90,577,1,1),(558,'Nergigante Helm Alpha','nergigante-helm-alpha','head','[]','high',126,8,558,1,1,1,-3,-3,64,70,84,578,2,1),(559,'Nergigante Mail Alpha','nergigante-mail-alpha','chest','[]','high',126,8,559,1,1,1,-3,-3,64,70,84,579,2,1),(560,'Nergigante Vambraces Alpha','nergigante-vambraces-alpha','gloves','[]','high',126,8,560,1,1,1,-3,-3,64,70,84,580,2,0),(561,'Nergigante Coil Alpha','nergigante-coil-alpha','waist','[]','high',126,8,561,1,1,1,-3,-3,64,70,84,581,2,0),(562,'Nergigante Greaves Alpha','nergigante-greaves-alpha','legs','[]','high',126,8,562,1,1,1,-3,-3,64,70,84,582,2,1),(563,'Nergigante Helm Beta','nergigante-helm-beta','head','[]','high',127,8,563,1,1,1,-3,-3,64,70,84,583,1,2),(564,'Nergigante Mail Beta','nergigante-mail-beta','chest','[]','high',127,8,564,1,1,1,-3,-3,64,70,84,584,1,2),(565,'Nergigante Vambraces Beta','nergigante-vambraces-beta','gloves','[]','high',127,8,565,1,1,1,-3,-3,64,70,84,585,1,1),(566,'Nergigante Coil Beta','nergigante-coil-beta','waist','[]','high',127,8,566,1,1,1,-3,-3,64,70,84,586,1,1),(567,'Nergigante Greaves Beta','nergigante-greaves-beta','legs','[]','high',127,8,567,1,1,1,-3,-3,64,70,84,587,1,1),(568,'Kaiser Crown Alpha','kaiser-crown-alpha','head','[]','high',128,8,568,3,-3,-3,1,1,64,70,84,588,1,0),(569,'Kaiser Mail Alpha','kaiser-mail-alpha','chest','[]','high',128,8,569,3,-3,-3,1,1,64,70,84,589,2,0),(570,'Kaiser Vambraces Alpha','kaiser-vambraces-alpha','gloves','[]','high',128,8,570,3,-3,-3,1,1,64,70,84,590,1,1),(571,'Kaiser Coil Alpha','kaiser-coil-alpha','waist','[]','high',128,8,571,3,-3,-3,1,1,64,70,84,591,2,0),(572,'Kaiser Greaves Alpha','kaiser-greaves-alpha','legs','[]','high',128,8,572,3,-3,-3,1,1,64,70,84,592,2,0),(573,'Kaiser Crown Beta','kaiser-crown-beta','head','[]','high',129,8,573,3,-3,-3,1,1,64,70,84,593,1,1),(574,'Kaiser Mail Beta','kaiser-mail-beta','chest','[]','high',129,8,574,3,-3,-3,1,1,64,70,84,594,1,2),(575,'Kaiser Vambraces Beta','kaiser-vambraces-beta','gloves','[]','high',129,8,575,3,-3,-3,1,1,64,70,84,595,1,1),(576,'Kaiser Coil Beta','kaiser-coil-beta','waist','[]','high',129,8,576,3,-3,-3,1,1,64,70,84,596,1,1),(577,'Kaiser Greaves Beta','kaiser-greaves-beta','legs','[]','high',129,8,577,3,-3,-3,1,1,64,70,84,597,1,1),(578,'Kushala Glare Alpha','kushala-glare-alpha','head','[]','high',130,8,578,0,2,4,-3,-2,64,70,84,598,2,0),(579,'Kushala Cista Alpha','kushala-cista-alpha','chest','[]','high',130,8,579,0,2,4,-3,-2,64,70,84,599,2,0),(580,'Kushala Grip Alpha','kushala-grip-alpha','gloves','[]','high',130,8,580,0,2,4,-3,-2,64,70,84,600,2,0),(581,'Kushala Cocoon Alpha','kushala-cocoon-alpha','waist','[]','high',130,8,581,0,2,4,-3,-2,64,70,84,601,2,0),(582,'Kushala Crus Alpha','kushala-crus-alpha','legs','[]','high',130,8,582,0,2,4,-3,-2,64,70,84,602,2,0),(583,'Kushala Glare Beta','kushala-glare-beta','head','[]','high',131,8,583,0,2,4,-3,-2,64,70,84,603,1,3),(584,'Kushala Cista Beta','kushala-cista-beta','chest','[]','high',131,8,584,0,2,4,-3,-2,64,70,84,604,1,1),(585,'Kushala Grip Beta','kushala-grip-beta','gloves','[]','high',131,8,585,0,2,4,-3,-2,64,70,84,605,1,1),(586,'Kushala Cocoon Beta','kushala-cocoon-beta','waist','[]','high',131,8,586,0,2,4,-3,-2,64,70,84,606,1,2),(587,'Kushala Crus Beta','kushala-crus-beta','legs','[]','high',131,8,587,0,2,4,-3,-2,64,70,84,607,1,1),(588,'Vaal Hazak Helm Alpha','vaal-hazak-helm-alpha','head','[]','high',132,8,588,-4,4,-1,1,-3,64,70,84,608,2,0),(589,'Vaal Hazak Mail Alpha','vaal-hazak-mail-alpha','chest','[]','high',132,8,589,-4,4,-1,1,-3,64,70,84,609,2,1),(590,'Vaal Hazak Braces Alpha','vaal-hazak-braces-alpha','gloves','[]','high',132,8,590,-4,4,-1,1,-3,64,70,84,610,2,1),(591,'Vaal Hazak Coil Alpha','vaal-hazak-coil-alpha','waist','[]','high',132,8,591,-4,4,-1,1,-3,64,70,84,611,2,1),(592,'Vaal Hazak Greaves Alpha','vaal-hazak-greaves-alpha','legs','[]','high',132,8,592,-4,4,-1,1,-3,64,70,84,612,2,1),(593,'Vaal Hazak Helm Beta','vaal-hazak-helm-beta','head','[]','high',133,8,593,-4,4,-1,1,-3,64,70,84,613,1,1),(594,'Vaal Hazak Mail Beta','vaal-hazak-mail-beta','chest','[]','high',133,8,594,-4,4,-1,1,-3,64,70,84,614,1,2),(595,'Vaal Hazak Braces Beta','vaal-hazak-braces-beta','gloves','[]','high',133,8,595,-4,4,-1,1,-3,64,70,84,615,1,3),(596,'Vaal Hazak Coil Beta','vaal-hazak-coil-beta','waist','[]','high',133,8,596,-4,4,-1,1,-3,64,70,84,616,1,2),(597,'Vaal Hazak Greaves Beta','vaal-hazak-greaves-beta','legs','[]','high',133,8,597,-4,4,-1,1,-3,64,70,84,617,1,2),(598,'Kirin Horn Alpha','kirin-horn-alpha','head','[]','high',134,6,598,-3,-2,-2,4,2,64,70,84,618,2,0),(599,'Kirin Jacket Alpha','kirin-jacket-alpha','chest','[]','high',134,6,599,-3,-2,-2,4,2,64,70,84,619,2,0),(600,'Kirin Longarms Alpha','kirin-longarms-alpha','gloves','[]','high',134,6,600,-3,-2,-2,4,2,64,70,84,620,2,0),(601,'Kirin Hoop Alpha','kirin-hoop-alpha','waist','[]','high',134,6,601,-3,-2,-2,4,2,64,70,84,621,2,0),(602,'Kirin Leg Guards Alpha','kirin-leg-guards-alpha','gloves','[]','high',134,6,602,-3,-2,-2,4,2,64,70,84,622,2,0),(603,'Kirin Horn Beta','kirin-horn-beta','head','[]','high',135,6,603,-3,-2,-2,4,2,64,70,84,623,1,1),(604,'Kirin Jacket Beta','kirin-jacket-beta','chest','[]','high',135,6,604,-3,-2,-2,4,2,64,70,84,624,1,1),(605,'Kirin Longarms Beta','kirin-longarms-beta','gloves','[]','high',135,6,605,-3,-2,-2,4,2,64,70,84,625,1,2),(606,'Kirin Hoop Beta','kirin-hoop-beta','waist','[]','high',135,6,606,-3,-2,-2,4,2,64,70,84,626,1,3),(607,'Kirin Leg Guards Beta','kirin-leg-guards-beta','gloves','[]','high',135,6,607,-3,-2,-2,4,2,64,70,84,627,1,2),(608,'Xeno\'jiiva Headgear Alpha','xenojiiva-headgear-alpha','head','[]','high',136,8,608,-3,2,2,2,-4,72,78,92,628,2,1),(609,'Xeno\'jiiva Hide Alpha','xenojiiva-hide-alpha','chest','[]','high',136,8,609,-3,2,2,2,-4,72,78,92,629,2,1),(610,'Xeno\'jiiva Claws Alpha','xenojiiva-claws-alpha','gloves','[]','high',136,8,610,-3,2,2,2,-4,72,78,92,630,2,1),(611,'Xeno\'jiiva Spine Alpha','xenojiiva-spine-alpha','waist','[]','high',136,8,611,-3,2,2,2,-4,72,78,92,631,2,1),(612,'Xeno\'jiiva Spurs Alpha','xenojiiva-spurs-alpha','legs','[]','high',136,8,612,-3,2,2,2,-4,72,78,92,632,2,1),(613,'Xeno\'jiiva Headgear Beta','xenojiiva-headgear-beta','head','[]','high',137,8,613,-3,2,2,2,-4,72,78,92,633,1,1),(614,'Xeno\'jiiva Hide Beta','xenojiiva-hide-beta','chest','[]','high',137,8,614,-3,2,2,2,-4,72,78,92,634,1,2),(615,'Xeno\'jiiva Claws Beta','xenojiiva-claws-beta','gloves','[]','high',137,8,615,-3,2,2,2,-4,72,78,92,635,1,1),(616,'Xeno\'jiiva Spine Beta','xenojiiva-spine-beta','waist','[]','high',137,8,616,-3,2,2,2,-4,72,78,92,636,1,2),(617,'Xeno\'jiiva Spurs Beta','xenojiiva-spurs-beta','legs','[]','high',137,8,617,-3,2,2,2,-4,72,78,92,637,1,2),(618,'Guild Cross Circlet Alpha','guild-cross-circlet-alpha','head','[]','high',138,8,618,0,0,0,0,0,62,68,82,638,2,1),(619,'Guild Cross Suit Alpha','guild-cross-suit-alpha','chest','[]','high',138,8,619,0,0,0,0,0,62,68,82,639,2,1),(620,'Guild Cross Vambraces Alpha','guild-cross-vambraces-alpha','gloves','[]','high',138,8,620,0,0,0,0,0,62,68,82,640,2,1),(621,'Guild Cross Coil Alpha','guild-cross-coil-alpha','waist','[]','high',138,8,621,0,0,0,0,0,62,68,82,641,2,1),(622,'Guild Cross Boots Alpha','guild-cross-boots-alpha','legs','[]','high',138,8,622,0,0,0,0,0,62,68,82,642,2,1),(623,'Guild Cross Circlet Beta','guild-cross-circlet-beta','head','[]','high',139,8,623,0,0,0,0,0,62,68,82,643,1,3),(624,'Guild Cross Suit Beta','guild-cross-suit-beta','chest','[]','high',139,8,624,0,0,0,0,0,62,68,82,644,1,1),(625,'Guild Cross Vambraces Beta','guild-cross-vambraces-beta','gloves','[]','high',139,8,625,0,0,0,0,0,62,68,82,645,1,1),(626,'Guild Cross Coil Beta','guild-cross-coil-beta','waist','[]','high',139,8,626,0,0,0,0,0,62,68,82,646,1,3),(627,'Guild Cross Boots Beta','guild-cross-boots-beta','legs','[]','high',139,8,627,0,0,0,0,0,62,68,82,647,1,1),(628,'Dragonking Eyepatch Alpha','dragonking-eyepatch-alpha','head','[]','high',140,8,628,0,0,0,0,0,70,76,90,648,1,1),(629,'Commission Gorget Alpha','commission-gorget-alpha','head','[]','high',141,8,629,2,2,2,2,2,70,76,90,649,2,1),(630,'Commission Jacket Alpha','commission-jacket-alpha','chest','[]','high',141,8,630,2,2,2,2,2,70,76,90,650,2,0),(631,'Commission Vambraces Alpha','commission-vambraces-alpha','gloves','[]','high',141,8,631,2,2,2,2,2,70,76,90,651,2,1),(632,'Commission Belt Alpha','commission-belt-alpha','waist','[]','high',141,8,632,2,2,2,2,2,70,76,90,652,2,1),(633,'Commission Pants Alpha','commission-pants-alpha','legs','[]','high',141,8,633,2,2,2,2,2,70,76,90,653,2,0),(634,'Commission Gorget Beta','commission-gorget-beta','head','[]','high',142,8,634,2,2,2,2,2,70,76,90,654,1,1),(635,'Commission Jacket Beta','commission-jacket-beta','chest','[]','high',142,8,635,2,2,2,2,2,70,76,90,655,1,1),(636,'Commission Vambraces Beta','commission-vambraces-beta','gloves','[]','high',142,8,636,2,2,2,2,2,70,76,90,656,1,1),(637,'Commission Belt Beta','commission-belt-beta','waist','[]','high',142,8,637,2,2,2,2,2,70,76,90,657,1,1),(638,'Commission Pants Beta','commission-pants-beta','legs','[]','high',142,8,638,2,2,2,2,2,70,76,90,658,1,1),(639,'Sealed Eyepatch Alpha','sealed-eyepatch-alpha','head','[]','high',145,5,649,3,2,2,0,0,46,68,84,674,1,2),(640,'Vangis Helm Alpha','vangis-helm-alpha','head','[]','high',143,7,639,1,1,2,-3,-3,58,58,58,659,2,1),(641,'Vangis Mail Alpha','vangis-mail-alpha','chest','[]','high',143,7,640,1,1,2,-3,-3,58,58,58,660,2,1),(642,'Vangis Vambraces Alpha','vangis-vambraces-alpha','gloves','[]','high',143,7,641,1,1,2,-3,-3,58,58,58,661,2,0),(643,'Vangis Coil Alpha','vangis-coil-alpha','waist','[]','high',143,7,642,1,1,2,-3,-3,58,58,58,662,2,1),(644,'Vangis Greaves Alpha','vangis-greaves-alpha','legs','[]','high',143,7,643,1,1,2,-3,-3,58,58,58,663,2,0),(645,'Vangis Helm Beta','vangis-helm-beta','head','[]','high',144,7,644,1,1,2,-3,-3,58,58,58,664,1,2),(646,'Vangis Mail Beta','vangis-mail-beta','chest','[]','high',144,7,645,1,1,2,-3,-3,58,58,58,665,1,1),(647,'Vangis Vambraces Beta','vangis-vambraces-beta','gloves','[]','high',144,7,646,1,1,2,-3,-3,58,58,58,666,1,1),(648,'Vangis Coil Beta','vangis-coil-beta','waist','[]','high',144,7,647,1,1,2,-3,-3,58,58,58,667,1,2),(649,'Vangis Greaves Beta','vangis-greaves-beta','legs','[]','high',144,7,648,1,1,2,-3,-3,58,58,58,668,1,2),(650,'Shadow Shades Alpha','shadow-shades-alpha','head','[]','high',146,5,650,4,0,2,4,0,46,46,46,675,1,3),(651,'Blossom Headgear','blossom-headgear','head','[]','low',147,3,651,1,1,1,4,1,18,18,18,164,1,0),(652,'Blossom Vest','blossom-vest','chest','[]','low',147,3,652,1,1,1,4,1,18,18,18,165,1,0),(653,'Blossom Cuffs','blossom-cuffs','gloves','[]','low',147,3,653,1,1,1,4,1,18,18,18,166,1,0),(654,'Blossom Coat','blossom-coat','waist','[]','low',147,3,654,1,1,1,4,1,18,18,18,167,1,0),(655,'Blossom Boots','blossom-boots','legs','[]','low',147,3,655,1,1,1,4,1,18,18,18,168,1,0),(656,'Queen Beetle Vertex','queen-beetle-vertex','head','{\"requiredGender\":\"female\"}','low',148,3,656,-1,-1,0,2,2,22,22,22,169,1,0),(657,'Queen Beetle Thorax','queen-beetle-thorax','chest','{\"requiredGender\":\"female\"}','low',148,3,657,-1,-1,0,2,2,22,22,22,170,1,0),(658,'Queen Beetle Brachia','queen-beetle-brachia','gloves','{\"requiredGender\":\"female\"}','low',148,3,658,-1,-1,0,2,2,22,22,22,171,1,0),(659,'Queen Beetle Elytra','queen-beetle-elytra','waist','{\"requiredGender\":\"female\"}','low',148,3,659,-1,-1,0,2,2,22,22,22,172,1,0),(660,'Queen Beetle Crura','queen-beetle-crura','legs','{\"requiredGender\":\"female\"}','low',148,3,660,-1,-1,0,2,2,22,22,22,173,1,0),(661,'Blossom Headgear Alpha','blossom-headgear-alpha','head','{\"requiredGender\":\"female\"}','high',149,5,661,1,1,1,4,1,40,40,40,669,1,2),(662,'Blossom Vest Alpha','blossom-vest-alpha','chest','{\"requiredGender\":\"female\"}','high',149,5,662,1,1,1,4,1,40,40,40,670,1,2),(663,'Blossom Cuffs Alpha','blossom-cuffs-alpha','gloves','{\"requiredGender\":\"female\"}','high',149,5,663,1,1,1,4,1,40,40,40,671,1,2),(664,'Blossom Coat Alpha','blossom-coat-alpha','waist','{\"requiredGender\":\"female\"}','high',149,5,664,1,1,1,4,1,40,40,40,672,1,2),(665,'Blossom Boots Alpha','blossom-boots-alpha','legs','{\"requiredGender\":\"female\"}','high',149,5,665,1,1,1,4,1,40,40,40,673,1,2),(666,'Kulu-Yaku Head Alpha','kulu-yaku-head-alpha','head','[]','high',150,5,666,2,0,3,2,2,46,46,46,676,1,2),(667,'Wiggler Head Alpha','wiggler-head-alpha','head','[]','high',151,5,667,0,4,0,0,4,46,46,46,677,1,2),(668,'Kulve Taroth\'s Fury Alpha','kulve-taroths-fury-alpha','head','[]','high',152,8,668,4,-2,-4,3,-2,72,72,72,1,2,1),(669,'Kulve Taroth\'s Ire Alpha','kulve-taroths-ire-alpha','chest','[]','high',152,8,669,4,-2,-4,3,-2,72,72,72,2,2,1),(670,'Kulve Taroth\'s Rage Alpha','kulve-taroths-rage-alpha','gloves','[]','high',152,8,670,4,-2,-4,3,-2,72,72,72,3,2,1),(671,'Kulve Taroth\'s Malice Alpha','kulve-taroths-malice-alpha','waist','[]','high',152,8,671,4,-2,-4,3,-2,72,72,72,4,2,1),(672,'Kulve Taroth\'s Wrath Alpha','kulve-taroths-wrath-alpha','legs','[]','high',152,8,672,4,-2,-4,3,-2,72,72,72,5,2,1),(673,'Kulve Taroth\'s Fury Beta','kulve-taroths-fury-beta','head','[]','high',153,8,673,4,-2,-4,3,-2,72,72,72,6,2,2),(674,'Kulve Taroth\'s Ire Beta','kulve-taroths-ire-beta','chest','[]','high',153,8,674,4,-2,-4,3,-2,72,72,72,7,2,2),(675,'Kulve Taroth\'s Rage Beta','kulve-taroths-rage-beta','gloves','[]','high',153,8,675,4,-2,-4,3,-2,72,72,72,8,2,2),(676,'Kulve Taroth\'s Malice Beta','kulve-taroths-malice-beta','waist','[]','high',153,8,676,4,-2,-4,3,-2,72,72,72,9,2,2),(677,'Kulve Taroth\'s Wrath Beta','kulve-taroths-wrath-beta','legs','[]','high',153,8,677,4,-2,-4,3,-2,72,72,72,10,2,2);
/*!40000 ALTER TABLE `armor` ENABLE KEYS */;
UNLOCK TABLES;

--
-- Table structure for table `armor_assets`
--

DROP TABLE IF EXISTS `armor_assets`;
/*!40101 SET @saved_cs_client     = @@character_set_client */;
/*!40101 SET character_set_client = utf8 */;
CREATE TABLE `armor_assets` (
  `id` int(10) unsigned NOT NULL AUTO_INCREMENT,
  `image_male_id` int(10) unsigned DEFAULT NULL,
  `image_female_id` int(10) unsigned DEFAULT NULL,
  PRIMARY KEY (`id`),
  KEY `IDX_3A541F11E88FF827` (`image_male_id`),
  KEY `IDX_3A541F11690AE98E` (`image_female_id`),
  CONSTRAINT `FK_3A541F11690AE98E` FOREIGN KEY (`image_female_id`) REFERENCES `assets` (`id`),
  CONSTRAINT `FK_3A541F11E88FF827` FOREIGN KEY (`image_male_id`) REFERENCES `assets` (`id`)
) ENGINE=InnoDB AUTO_INCREMENT=678 DEFAULT CHARSET=utf8 COLLATE=utf8_unicode_ci;
/*!40101 SET character_set_client = @saved_cs_client */;

--
-- Dumping data for table `armor_assets`
--

LOCK TABLES `armor_assets` WRITE;
/*!40000 ALTER TABLE `armor_assets` DISABLE KEYS */;
INSERT INTO `armor_assets` VALUES (1,1,1257),(2,3,1258),(3,5,1259),(4,7,1260),(5,9,1261),(6,11,1262),(7,13,1263),(8,15,1264),(9,17,1265),(10,19,1266),(11,21,1267),(12,23,1268),(13,25,1269),(14,27,1270),(15,29,1271),(16,31,1272),(17,33,1273),(18,35,1274),(19,37,1275),(20,39,1276),(21,41,1277),(22,43,1278),(23,45,1279),(24,47,1280),(25,49,1281),(26,51,1282),(27,53,1283),(28,55,1284),(29,57,1285),(30,59,1286),(31,61,1287),(32,63,1288),(33,65,1289),(34,67,1290),(35,69,1291),(36,71,1292),(37,73,1293),(38,75,1294),(39,77,1295),(40,79,1296),(41,81,1297),(42,83,1298),(43,85,1299),(44,87,1300),(45,89,1301),(46,91,1302),(47,93,1303),(48,95,1304),(49,97,1305),(50,99,1306),(51,101,1307),(52,103,1308),(53,105,1309),(54,107,1310),(55,109,1311),(56,111,1312),(57,113,1313),(58,115,1314),(59,117,1315),(60,119,1316),(61,121,1317),(62,123,1318),(63,125,1319),(64,127,1320),(65,129,1321),(66,131,1322),(67,133,1323),(68,135,1324),(69,137,1325),(70,139,1326),(71,141,1327),(72,143,1328),(73,135,1324),(74,137,1325),(75,139,1326),(76,141,1327),(77,143,1328),(78,145,1329),(79,147,1330),(80,149,1331),(81,151,1332),(82,153,1333),(83,155,1334),(84,157,1335),(85,159,1336),(86,161,1337),(87,163,1338),(88,165,1339),(89,167,1340),(90,169,1341),(91,171,1342),(92,173,1343),(93,175,1344),(94,177,1345),(95,179,1346),(96,181,1347),(97,183,1348),(98,185,1349),(99,187,1350),(100,189,1351),(101,191,1352),(102,193,1353),(103,195,1354),(104,197,1355),(105,199,1356),(106,201,1357),(107,203,1358),(108,205,1359),(109,207,1360),(110,209,1361),(111,211,1362),(112,213,1363),(113,215,1364),(114,217,1365),(115,219,1366),(116,221,1367),(117,223,1368),(118,225,1369),(119,227,1370),(120,229,1371),(121,231,1372),(122,233,1373),(123,235,1374),(124,237,1375),(125,239,1376),(126,241,1377),(127,243,1378),(128,245,1379),(129,247,1380),(130,249,1381),(131,251,1382),(132,253,1383),(133,255,1384),(134,257,1385),(135,259,1386),(136,261,1387),(137,263,1388),(138,265,1389),(139,267,1390),(140,269,1391),(141,271,1392),(142,273,1393),(143,275,1394),(144,277,1395),(145,279,1396),(146,281,1397),(147,283,1398),(148,285,1399),(149,287,1400),(150,289,1401),(151,291,1402),(152,293,1403),(153,295,1404),(154,297,1405),(155,299,1406),(156,301,1407),(157,303,1408),(158,305,1409),(159,307,1410),(160,309,1411),(161,311,1412),(162,313,1413),(163,315,1414),(164,317,1415),(165,319,1416),(166,321,1417),(167,323,1418),(168,325,1419),(169,327,1420),(170,329,1421),(171,15,1422),(172,332,1423),(173,334,1424),(174,336,1425),(175,338,1426),(176,340,1427),(177,342,1428),(178,344,1429),(179,346,1430),(180,348,1431),(181,350,1432),(182,352,1433),(183,354,1434),(184,356,1435),(185,358,1436),(186,360,1437),(187,362,1438),(188,364,1439),(189,366,1440),(190,368,1441),(191,370,1442),(192,372,1443),(193,374,1444),(194,376,1445),(195,378,1446),(196,380,1447),(197,382,1448),(198,384,1449),(199,386,1450),(200,388,1451),(201,390,1452),(202,392,1453),(203,394,1454),(204,396,1455),(205,398,1456),(206,400,1457),(207,402,1458),(208,404,1459),(209,406,1460),(210,408,1461),(211,410,1462),(212,412,1463),(213,414,1464),(214,396,1455),(215,398,1456),(216,400,1457),(217,402,1458),(218,404,1459),(219,406,1460),(220,408,1461),(221,410,1462),(222,412,1463),(223,414,1464),(224,416,1465),(225,418,1466),(226,420,1467),(227,422,1468),(228,424,1469),(229,426,1470),(230,428,1471),(231,430,1472),(232,432,1473),(233,434,1474),(234,436,1475),(235,438,1476),(236,440,1477),(237,442,1478),(238,444,1479),(239,446,1480),(240,448,1481),(241,450,1482),(242,452,1483),(243,454,1484),(244,456,1485),(245,458,1486),(246,460,1487),(247,462,1488),(248,464,1489),(249,466,1490),(250,468,1491),(251,470,1492),(252,472,1493),(253,474,1494),(254,476,1495),(255,478,1496),(256,480,1497),(257,482,1498),(258,484,1499),(259,486,1500),(260,488,1501),(261,490,1502),(262,492,1503),(263,494,1504),(264,496,1505),(265,498,1506),(266,500,1507),(267,502,1508),(268,504,1509),(269,506,1510),(270,508,1511),(271,510,1512),(272,512,1513),(273,514,1514),(274,516,1515),(275,518,1516),(276,520,1517),(277,522,1518),(278,524,1519),(279,526,1520),(280,528,1521),(281,530,1522),(282,532,1523),(283,534,1524),(284,536,1525),(285,538,1526),(286,540,1527),(287,542,1528),(288,544,1529),(289,546,1530),(290,548,1531),(291,550,1532),(292,552,1533),(293,554,1534),(294,556,1535),(295,558,1536),(296,560,1537),(297,562,1538),(298,564,1539),(299,566,1540),(300,568,1541),(301,570,1542),(302,572,1543),(303,574,1544),(304,576,1545),(305,578,1546),(306,580,1547),(307,582,1548),(308,584,1549),(309,586,1550),(310,588,1551),(311,590,1552),(312,592,1553),(313,594,1554),(314,596,1555),(315,598,1556),(316,600,1557),(317,602,1558),(318,604,1559),(319,606,1560),(320,608,1561),(321,610,1562),(322,612,1563),(323,614,1564),(324,616,1565),(325,618,1566),(326,620,1567),(327,622,1568),(328,624,1569),(329,626,1570),(330,628,1571),(331,630,1572),(332,632,1573),(333,634,1574),(334,636,1575),(335,638,1576),(336,640,1577),(337,642,1578),(338,644,1579),(339,646,1580),(340,648,1581),(341,650,1582),(342,652,1583),(343,654,1584),(344,193,1585),(345,657,1586),(346,659,1587),(347,661,1588),(348,663,1589),(349,193,1590),(350,666,1591),(351,668,1592),(352,670,1593),(353,672,1594),(354,674,1595),(355,676,1596),(356,678,1597),(357,680,1598),(358,682,1599),(359,684,1600),(360,686,1601),(361,688,1602),(362,690,1603),(363,692,1604),(364,694,1605),(365,696,1606),(366,698,1607),(367,700,1608),(368,702,1609),(369,704,1610),(370,706,1611),(371,708,1612),(372,710,1613),(373,712,1614),(374,714,1615),(375,716,1616),(376,718,1617),(377,720,1618),(378,722,1619),(379,724,1620),(380,726,1621),(381,728,1622),(382,730,1623),(383,732,1624),(384,734,1624),(385,736,1624),(386,738,1625),(387,740,1624),(388,742,1624),(389,744,1624),(390,746,1624),(391,748,1626),(392,750,1624),(393,752,1624),(394,754,1624),(395,756,1627),(396,758,1628),(397,760,1629),(398,762,1630),(399,764,1631),(400,766,1632),(401,768,1633),(402,770,1634),(403,772,1635),(404,774,1636),(405,776,1637),(406,778,1638),(407,780,1639),(408,782,1640),(409,784,1641),(410,786,1642),(411,788,1643),(412,790,1644),(413,792,1645),(414,794,1646),(415,796,1647),(416,798,1648),(417,800,1649),(418,802,1650),(419,804,1651),(420,806,1652),(421,808,1653),(422,810,1654),(423,812,1655),(424,814,1656),(425,816,1657),(426,818,1658),(427,820,1659),(428,822,1660),(429,824,1661),(430,826,1662),(431,828,1663),(432,830,1664),(433,832,1665),(434,834,1666),(435,836,1667),(436,838,1668),(437,840,1669),(438,842,1624),(439,844,1624),(440,846,1624),(441,848,1624),(442,850,1670),(443,852,1624),(444,854,1624),(445,856,1624),(446,858,1624),(447,860,1671),(448,862,1672),(449,864,1673),(450,866,1674),(451,868,1675),(452,870,1676),(453,872,1677),(454,874,1678),(455,876,1679),(456,878,1680),(457,880,1681),(458,882,1682),(459,884,1683),(460,886,1684),(461,888,1685),(462,890,1686),(463,892,1687),(464,894,1688),(465,896,1689),(466,898,1690),(467,900,1691),(468,902,1692),(469,904,1693),(470,906,1694),(471,908,1695),(472,910,1696),(473,912,1697),(474,914,1698),(475,916,1699),(476,918,1700),(477,920,1701),(478,922,1702),(479,924,1703),(480,926,1704),(481,928,1705),(482,930,1706),(483,932,1707),(484,934,1708),(485,936,1709),(486,938,1710),(487,940,1711),(488,942,1712),(489,944,1713),(490,946,1714),(491,948,1715),(492,950,1716),(493,952,1717),(494,954,1718),(495,956,1719),(496,958,1720),(497,960,1721),(498,962,1722),(499,964,1723),(500,966,1724),(501,968,1725),(502,970,1726),(503,972,1727),(504,974,1728),(505,976,1729),(506,978,1730),(507,980,1731),(508,982,1732),(509,984,1733),(510,986,1734),(511,988,1735),(512,990,1736),(513,992,1737),(514,994,1738),(515,996,1739),(516,998,1740),(517,1000,1741),(518,1002,1742),(519,1004,1743),(520,1006,1744),(521,1008,1745),(522,1010,1746),(523,1012,1747),(524,1014,1748),(525,1016,1749),(526,1018,1750),(527,1020,1751),(528,1022,1752),(529,1024,1753),(530,1026,1754),(531,1028,1755),(532,1030,1756),(533,1032,1757),(534,1034,1758),(535,1036,1759),(536,1038,1760),(537,1040,1761),(538,1042,1762),(539,1044,1763),(540,1046,1764),(541,1048,1765),(542,1050,1766),(543,1052,1767),(544,1054,1768),(545,1056,1769),(546,1058,1770),(547,1060,1771),(548,1062,1772),(549,1064,1773),(550,1066,1774),(551,1068,1775),(552,1070,1776),(553,1072,1777),(554,1074,1778),(555,1076,1779),(556,1078,1780),(557,1080,1781),(558,1082,1782),(559,1084,1783),(560,1086,1784),(561,1088,1785),(562,1090,1786),(563,1092,1787),(564,1094,1624),(565,1096,1624),(566,1098,1624),(567,1100,1624),(568,1102,1788),(569,1104,1789),(570,1106,1790),(571,1108,1791),(572,1110,1792),(573,1112,1793),(574,1114,1794),(575,1116,1795),(576,1118,1796),(577,1120,1797),(578,1122,1798),(579,1124,1799),(580,1126,1800),(581,1128,1801),(582,1130,1802),(583,1132,1803),(584,1134,1804),(585,1136,1805),(586,1138,1806),(587,1140,1807),(588,1142,1808),(589,1144,1809),(590,1146,1810),(591,1148,1811),(592,1150,1812),(593,1152,1813),(594,1154,1814),(595,1156,1815),(596,1158,1816),(597,1160,1817),(598,1162,1818),(599,1164,1819),(600,1166,1820),(601,1168,1821),(602,1170,1822),(603,1172,1823),(604,1174,1824),(605,1176,1825),(606,1178,1826),(607,1180,1827),(608,1182,1828),(609,1184,1829),(610,1186,1830),(611,1188,1831),(612,1190,1832),(613,1192,1833),(614,1194,1834),(615,1196,1835),(616,1198,1836),(617,1200,1837),(618,1202,1838),(619,1204,1839),(620,1206,1840),(621,1208,1841),(622,1210,1842),(623,1212,1843),(624,1214,1844),(625,1216,1845),(626,1218,1846),(627,1220,1847),(628,1222,1848),(629,1224,1849),(630,1226,1850),(631,1228,1851),(632,1230,1852),(633,1232,1853),(634,1234,1854),(635,1236,1624),(636,1238,1624),(637,1240,1624),(638,1242,1624),(639,1244,1855),(640,1246,1856),(641,1246,1857),(642,1246,1858),(643,1246,1859),(644,NULL,1860),(645,NULL,1861),(646,NULL,1862),(647,NULL,1863),(648,NULL,1864),(649,NULL,1865),(650,NULL,1866),(651,1,1257),(652,3,1258),(653,5,1259),(654,7,1260),(655,9,1261),(656,1,1257),(657,3,1258),(658,5,1259),(659,7,1260),(660,9,1261),(661,1,1257),(662,3,1258),(663,5,1259),(664,7,1260),(665,9,1261),(666,1,1257),(667,1,1257),(668,1,1257),(669,3,1258),(670,5,1259),(671,7,1260),(672,9,1261),(673,1,1257),(674,3,1258),(675,5,1259),(676,7,1260),(677,9,1261);
/*!40000 ALTER TABLE `armor_assets` ENABLE KEYS */;
UNLOCK TABLES;

--
-- Table structure for table `armor_crafting_info`
--

DROP TABLE IF EXISTS `armor_crafting_info`;
/*!40101 SET @saved_cs_client     = @@character_set_client */;
/*!40101 SET character_set_client = utf8 */;
CREATE TABLE `armor_crafting_info` (
  `id` int(10) unsigned NOT NULL AUTO_INCREMENT,
  `materials_length` int(10) unsigned NOT NULL DEFAULT 0,
  PRIMARY KEY (`id`)
) ENGINE=InnoDB AUTO_INCREMENT=678 DEFAULT CHARSET=utf8mb4 COLLATE=utf8mb4_unicode_ci;
/*!40101 SET character_set_client = @saved_cs_client */;

--
-- Dumping data for table `armor_crafting_info`
--

LOCK TABLES `armor_crafting_info` WRITE;
/*!40000 ALTER TABLE `armor_crafting_info` DISABLE KEYS */;
INSERT INTO `armor_crafting_info` VALUES (1,0),(2,0),(3,0),(4,0),(5,0),(6,0),(7,0),(8,0),(9,0),(10,0),(11,1),(12,1),(13,1),(14,1),(15,1),(16,1),(17,1),(18,1),(19,1),(20,1),(21,2),(22,2),(23,2),(24,2),(25,2),(26,2),(27,2),(28,2),(29,2),(30,2),(31,2),(32,2),(33,2),(34,2),(35,2),(36,2),(37,2),(38,4),(39,4),(40,3),(41,4),(42,4),(43,3),(44,4),(45,3),(46,3),(47,3),(48,3),(49,3),(50,3),(51,3),(52,3),(53,4),(54,3),(55,3),(56,4),(57,4),(58,4),(59,4),(60,4),(61,3),(62,4),(63,4),(64,4),(65,3),(66,3),(67,4),(68,4),(69,4),(70,4),(71,3),(72,3),(73,3),(74,4),(75,4),(76,3),(77,3),(78,4),(79,4),(80,4),(81,4),(82,4),(83,4),(84,4),(85,4),(86,4),(87,4),(88,4),(89,4),(90,4),(91,4),(92,4),(93,4),(94,4),(95,4),(96,4),(97,4),(98,4),(99,4),(100,4),(101,4),(102,4),(103,4),(104,4),(105,4),(106,4),(107,3),(108,3),(109,4),(110,4),(111,3),(112,3),(113,4),(114,4),(115,4),(116,3),(117,4),(118,4),(119,4),(120,4),(121,4),(122,4),(123,4),(124,4),(125,4),(126,4),(127,4),(128,4),(129,4),(130,4),(131,4),(132,4),(133,4),(134,4),(135,4),(136,4),(137,4),(138,4),(139,4),(140,4),(141,4),(142,4),(143,4),(144,4),(145,4),(146,4),(147,4),(148,4),(149,4),(150,4),(151,4),(152,4),(153,4),(154,4),(155,4),(156,4),(157,4),(158,4),(159,4),(160,4),(161,4),(162,4),(163,3),(164,2),(165,2),(166,2),(167,2),(168,2),(169,4),(170,4),(171,4),(172,4),(173,4),(174,2),(175,2),(176,2),(177,2),(178,2),(179,2),(180,2),(181,2),(182,2),(183,2),(184,2),(185,2),(186,2),(187,2),(188,2),(189,2),(190,2),(191,2),(192,2),(193,2),(194,2),(195,2),(196,2),(197,2),(198,2),(199,2),(200,2),(201,2),(202,2),(203,2),(204,3),(205,3),(206,3),(207,3),(208,3),(209,3),(210,3),(211,3),(212,3),(213,3),(214,4),(215,4),(216,4),(217,4),(218,4),(219,4),(220,4),(221,4),(222,4),(223,4),(224,4),(225,4),(226,4),(227,4),(228,4),(229,4),(230,4),(231,4),(232,4),(233,4),(234,4),(235,4),(236,4),(237,4),(238,4),(239,4),(240,4),(241,4),(242,4),(243,4),(244,3),(245,3),(246,4),(247,3),(248,4),(249,3),(250,3),(251,4),(252,3),(253,4),(254,3),(255,4),(256,3),(257,3),(258,4),(259,3),(260,4),(261,3),(262,3),(263,4),(264,4),(265,3),(266,3),(267,3),(268,3),(269,3),(270,3),(271,4),(272,4),(273,4),(274,4),(275,4),(276,4),(277,4),(278,4),(279,4),(280,4),(281,3),(282,4),(283,3),(284,4),(285,4),(286,3),(287,4),(288,3),(289,4),(290,4),(291,4),(292,4),(293,4),(294,4),(295,4),(296,4),(297,4),(298,4),(299,4),(300,4),(301,4),(302,4),(303,4),(304,4),(305,4),(306,4),(307,4),(308,4),(309,4),(310,4),(311,4),(312,3),(313,3),(314,4),(315,4),(316,4),(317,3),(318,3),(319,4),(320,4),(321,4),(322,4),(323,4),(324,3),(325,4),(326,4),(327,4),(328,4),(329,3),(330,4),(331,4),(332,4),(333,4),(334,4),(335,4),(336,4),(337,4),(338,4),(339,4),(340,4),(341,4),(342,4),(343,4),(344,3),(345,4),(346,4),(347,4),(348,4),(349,3),(350,4),(351,4),(352,4),(353,4),(354,4),(355,4),(356,4),(357,4),(358,4),(359,4),(360,4),(361,4),(362,4),(363,4),(364,4),(365,4),(366,4),(367,4),(368,4),(369,4),(370,4),(371,4),(372,4),(373,4),(374,4),(375,4),(376,4),(377,4),(378,4),(379,4),(380,4),(381,4),(382,4),(383,4),(384,4),(385,4),(386,4),(387,4),(388,4),(389,4),(390,4),(391,4),(392,4),(393,4),(394,4),(395,4),(396,4),(397,4),(398,4),(399,4),(400,4),(401,4),(402,4),(403,4),(404,4),(405,4),(406,4),(407,4),(408,4),(409,4),(410,4),(411,4),(412,4),(413,4),(414,4),(415,4),(416,4),(417,4),(418,4),(419,4),(420,4),(421,4),(422,4),(423,4),(424,4),(425,4),(426,4),(427,4),(428,4),(429,4),(430,4),(431,4),(432,4),(433,4),(434,4),(435,4),(436,4),(437,4),(438,4),(439,4),(440,4),(441,4),(442,4),(443,4),(444,4),(445,4),(446,4),(447,4),(448,4),(449,4),(450,4),(451,4),(452,4),(453,4),(454,4),(455,4),(456,3),(457,4),(458,4),(459,4),(460,4),(461,4),(462,4),(463,4),(464,4),(465,4),(466,4),(467,4),(468,4),(469,4),(470,4),(471,4),(472,4),(473,4),(474,4),(475,4),(476,4),(477,4),(478,4),(479,4),(480,4),(481,4),(482,4),(483,4),(484,4),(485,4),(486,4),(487,4),(488,4),(489,4),(490,4),(491,4),(492,4),(493,4),(494,4),(495,4),(496,4),(497,4),(498,4),(499,4),(500,4),(501,4),(502,4),(503,4),(504,4),(505,4),(506,4),(507,4),(508,4),(509,4),(510,4),(511,4),(512,4),(513,4),(514,4),(515,4),(516,4),(517,4),(518,4),(519,4),(520,4),(521,4),(522,4),(523,4),(524,4),(525,4),(526,4),(527,4),(528,4),(529,4),(530,4),(531,4),(532,4),(533,4),(534,4),(535,4),(536,4),(537,4),(538,4),(539,4),(540,4),(541,4),(542,4),(543,4),(544,4),(545,4),(546,4),(547,4),(548,4),(549,4),(550,4),(551,4),(552,4),(553,4),(554,4),(555,4),(556,4),(557,4),(558,4),(559,4),(560,4),(561,4),(562,4),(563,4),(564,4),(565,4),(566,4),(567,4),(568,4),(569,4),(570,4),(571,4),(572,4),(573,4),(574,4),(575,4),(576,4),(577,4),(578,4),(579,4),(580,4),(581,4),(582,4),(583,4),(584,4),(585,4),(586,4),(587,4),(588,4),(589,4),(590,4),(591,4),(592,4),(593,4),(594,4),(595,4),(596,4),(597,4),(598,4),(599,4),(600,4),(601,4),(602,4),(603,4),(604,4),(605,4),(606,4),(607,4),(608,4),(609,4),(610,4),(611,4),(612,4),(613,4),(614,4),(615,4),(616,4),(617,4),(618,4),(619,4),(620,4),(621,4),(622,4),(623,4),(624,4),(625,4),(626,4),(627,4),(628,4),(629,4),(630,4),(631,4),(632,4),(633,4),(634,4),(635,4),(636,4),(637,4),(638,4),(639,4),(640,4),(641,4),(642,4),(643,4),(644,4),(645,4),(646,4),(647,4),(648,3),(649,4),(650,4),(651,4),(652,4),(653,4),(654,4),(655,4),(656,4),(657,4),(658,4),(659,4),(660,4),(661,4),(662,4),(663,4),(664,4),(665,4),(666,4),(667,4),(668,4),(669,2),(670,2),(671,2),(672,2),(673,2),(674,4),(675,4),(676,4),(677,4);
/*!40000 ALTER TABLE `armor_crafting_info` ENABLE KEYS */;
UNLOCK TABLES;

--
-- Table structure for table `armor_crafting_material_costs`
--

DROP TABLE IF EXISTS `armor_crafting_material_costs`;
/*!40101 SET @saved_cs_client     = @@character_set_client */;
/*!40101 SET character_set_client = utf8 */;
CREATE TABLE `armor_crafting_material_costs` (
  `armor_id` int(10) unsigned NOT NULL,
  `crafting_material_cost_id` int(10) unsigned NOT NULL,
  PRIMARY KEY (`armor_id`,`crafting_material_cost_id`),
  UNIQUE KEY `UNIQ_8EE9EA58DD94392C` (`crafting_material_cost_id`),
  KEY `IDX_8EE9EA58F5AA3663` (`armor_id`),
  CONSTRAINT `FK_8EE9EA58DD94392C` FOREIGN KEY (`crafting_material_cost_id`) REFERENCES `crafting_material_costs` (`id`),
  CONSTRAINT `FK_8EE9EA58F5AA3663` FOREIGN KEY (`armor_id`) REFERENCES `armor_crafting_info` (`id`)
) ENGINE=InnoDB DEFAULT CHARSET=utf8mb4 COLLATE=utf8mb4_unicode_ci;
/*!40101 SET character_set_client = @saved_cs_client */;

--
-- Dumping data for table `armor_crafting_material_costs`
--

LOCK TABLES `armor_crafting_material_costs` WRITE;
/*!40000 ALTER TABLE `armor_crafting_material_costs` DISABLE KEYS */;
INSERT INTO `armor_crafting_material_costs` VALUES (11,65670),(12,65671),(13,65672),(14,65673),(15,65674),(16,65675),(17,65676),(18,65677),(19,65678),(20,65679),(21,65680),(21,65681),(22,65682),(22,65683),(23,65684),(23,65685),(24,65686),(24,65687),(25,65688),(25,65689),(26,65690),(26,65691),(27,65692),(27,65693),(28,65694),(28,65695),(29,65696),(29,65697),(30,65698),(30,65699),(31,65700),(31,65701),(32,65702),(32,65703),(33,65704),(33,65705),(34,65706),(34,65707),(35,65708),(35,65709),(36,65710),(36,65711),(37,65712),(37,65713),(38,65714),(38,65715),(38,65716),(38,65717),(39,65718),(39,65719),(39,65720),(39,65721),(40,65722),(40,65723),(40,65724),(41,65725),(41,65726),(41,65727),(41,65728),(42,65729),(42,65730),(42,65731),(42,65732),(43,65733),(43,65734),(43,65735),(44,65736),(44,65737),(44,65738),(44,65739),(45,65740),(45,65741),(45,65742),(46,65743),(46,65744),(46,65745),(47,65746),(47,65747),(47,65748),(48,65749),(48,65750),(48,65751),(49,65752),(49,65753),(49,65754),(50,65755),(50,65756),(50,65757),(51,65758),(51,65759),(51,65760),(52,65761),(52,65762),(52,65763),(53,65764),(53,65765),(53,65766),(53,65767),(54,65768),(54,65769),(54,65770),(55,65771),(55,65772),(55,65773),(56,65774),(56,65775),(56,65776),(56,65777),(57,65778),(57,65779),(57,65780),(57,65781),(58,65782),(58,65783),(58,65784),(58,65785),(59,65786),(59,65787),(59,65788),(59,65789),(60,65790),(60,65791),(60,65792),(60,65793),(61,65794),(61,65795),(61,65796),(62,65797),(62,65798),(62,65799),(62,65800),(63,65801),(63,65802),(63,65803),(63,65804),(64,65805),(64,65806),(64,65807),(64,65808),(65,65809),(65,65810),(65,65811),(66,65812),(66,65813),(66,65814),(67,65815),(67,65816),(67,65817),(67,65818),(68,65819),(68,65820),(68,65821),(68,65822),(69,65823),(69,65824),(69,65825),(69,65826),(70,65827),(70,65828),(70,65829),(70,65830),(71,65831),(71,65832),(71,65833),(72,65834),(72,65835),(72,65836),(73,65837),(73,65838),(73,65839),(74,65840),(74,65841),(74,65842),(74,65843),(75,65844),(75,65845),(75,65846),(75,65847),(76,65848),(76,65849),(76,65850),(77,65851),(77,65852),(77,65853),(78,65854),(78,65855),(78,65856),(78,65857),(79,65858),(79,65859),(79,65860),(79,65861),(80,65862),(80,65863),(80,65864),(80,65865),(81,65866),(81,65867),(81,65868),(81,65869),(82,65870),(82,65871),(82,65872),(82,65873),(83,65874),(83,65875),(83,65876),(83,65877),(84,65878),(84,65879),(84,65880),(84,65881),(85,65882),(85,65883),(85,65884),(85,65885),(86,65886),(86,65887),(86,65888),(86,65889),(87,65890),(87,65891),(87,65892),(87,65893),(88,65894),(88,65895),(88,65896),(88,65897),(89,65898),(89,65899),(89,65900),(89,65901),(90,65902),(90,65903),(90,65904),(90,65905),(91,65906),(91,65907),(91,65908),(91,65909),(92,65910),(92,65911),(92,65912),(92,65913),(93,65914),(93,65915),(93,65916),(93,65917),(94,65918),(94,65919),(94,65920),(94,65921),(95,65922),(95,65923),(95,65924),(95,65925),(96,65926),(96,65927),(96,65928),(96,65929),(97,65930),(97,65931),(97,65932),(97,65933),(98,65934),(98,65935),(98,65936),(98,65937),(99,65938),(99,65939),(99,65940),(99,65941),(100,65942),(100,65943),(100,65944),(100,65945),(101,65946),(101,65947),(101,65948),(101,65949),(102,65950),(102,65951),(102,65952),(102,65953),(103,65954),(103,65955),(103,65956),(103,65957),(104,65958),(104,65959),(104,65960),(104,65961),(105,65962),(105,65963),(105,65964),(105,65965),(106,65966),(106,65967),(106,65968),(106,65969),(107,65970),(107,65971),(107,65972),(108,65973),(108,65974),(108,65975),(109,65976),(109,65977),(109,65978),(109,65979),(110,65980),(110,65981),(110,65982),(110,65983),(111,65984),(111,65985),(111,65986),(112,65987),(112,65988),(112,65989),(113,65990),(113,65991),(113,65992),(113,65993),(114,65994),(114,65995),(114,65996),(114,65997),(115,65998),(115,65999),(115,66000),(115,66001),(116,66002),(116,66003),(116,66004),(117,66005),(117,66006),(117,66007),(117,66008),(118,66009),(118,66010),(118,66011),(118,66012),(119,66013),(119,66014),(119,66015),(119,66016),(120,66017),(120,66018),(120,66019),(120,66020),(121,66021),(121,66022),(121,66023),(121,66024),(122,66025),(122,66026),(122,66027),(122,66028),(123,66029),(123,66030),(123,66031),(123,66032),(124,66033),(124,66034),(124,66035),(124,66036),(125,66037),(125,66038),(125,66039),(125,66040),(126,66041),(126,66042),(126,66043),(126,66044),(127,66045),(127,66046),(127,66047),(127,66048),(128,66049),(128,66050),(128,66051),(128,66052),(129,66053),(129,66054),(129,66055),(129,66056),(130,66057),(130,66058),(130,66059),(130,66060),(131,66061),(131,66062),(131,66063),(131,66064),(132,66065),(132,66066),(132,66067),(132,66068),(133,66069),(133,66070),(133,66071),(133,66072),(134,66073),(134,66074),(134,66075),(134,66076),(135,66077),(135,66078),(135,66079),(135,66080),(136,66081),(136,66082),(136,66083),(136,66084),(137,66085),(137,66086),(137,66087),(137,66088),(138,66089),(138,66090),(138,66091),(138,66092),(139,66093),(139,66094),(139,66095),(139,66096),(140,66097),(140,66098),(140,66099),(140,66100),(141,66101),(141,66102),(141,66103),(141,66104),(142,66105),(142,66106),(142,66107),(142,66108),(143,66109),(143,66110),(143,66111),(143,66112),(144,66113),(144,66114),(144,66115),(144,66116),(145,66117),(145,66118),(145,66119),(145,66120),(146,66121),(146,66122),(146,66123),(146,66124),(147,66125),(147,66126),(147,66127),(147,66128),(148,66129),(148,66130),(148,66131),(148,66132),(149,66133),(149,66134),(149,66135),(149,66136),(150,66137),(150,66138),(150,66139),(150,66140),(151,66141),(151,66142),(151,66143),(151,66144),(152,66145),(152,66146),(152,66147),(152,66148),(153,66149),(153,66150),(153,66151),(153,66152),(154,66153),(154,66154),(154,66155),(154,66156),(155,66157),(155,66158),(155,66159),(155,66160),(156,66161),(156,66162),(156,66163),(156,66164),(157,66165),(157,66166),(157,66167),(157,66168),(158,66169),(158,66170),(158,66171),(158,66172),(159,66173),(159,66174),(159,66175),(159,66176),(160,66177),(160,66178),(160,66179),(160,66180),(161,66181),(161,66182),(161,66183),(161,66184),(162,66185),(162,66186),(162,66187),(162,66188),(163,66189),(163,66190),(163,66191),(164,66192),(164,66193),(165,66194),(165,66195),(166,66196),(166,66197),(167,66198),(167,66199),(168,66200),(168,66201),(169,66202),(169,66203),(169,66204),(169,66205),(170,66206),(170,66207),(170,66208),(170,66209),(171,66210),(171,66211),(171,66212),(171,66213),(172,66214),(172,66215),(172,66216),(172,66217),(173,66218),(173,66219),(173,66220),(173,66221),(174,66222),(174,66223),(175,66224),(175,66225),(176,66226),(176,66227),(177,66228),(177,66229),(178,66230),(178,66231),(179,66232),(179,66233),(180,66234),(180,66235),(181,66236),(181,66237),(182,66238),(182,66239),(183,66240),(183,66241),(184,66242),(184,66243),(185,66244),(185,66245),(186,66246),(186,66247),(187,66248),(187,66249),(188,66250),(188,66251),(189,66252),(189,66253),(190,66254),(190,66255),(191,66256),(191,66257),(192,66258),(192,66259),(193,66260),(193,66261),(194,66262),(194,66263),(195,66264),(195,66265),(196,66266),(196,66267),(197,66268),(197,66269),(198,66270),(198,66271),(199,66272),(199,66273),(200,66274),(200,66275),(201,66276),(201,66277),(202,66278),(202,66279),(203,66280),(203,66281),(204,66282),(204,66283),(204,66284),(205,66285),(205,66286),(205,66287),(206,66288),(206,66289),(206,66290),(207,66291),(207,66292),(207,66293),(208,66294),(208,66295),(208,66296),(209,66297),(209,66298),(209,66299),(210,66300),(210,66301),(210,66302),(211,66303),(211,66304),(211,66305),(212,66306),(212,66307),(212,66308),(213,66309),(213,66310),(213,66311),(214,66312),(214,66313),(214,66314),(214,66315),(215,66316),(215,66317),(215,66318),(215,66319),(216,66320),(216,66321),(216,66322),(216,66323),(217,66324),(217,66325),(217,66326),(217,66327),(218,66328),(218,66329),(218,66330),(218,66331),(219,66332),(219,66333),(219,66334),(219,66335),(220,66336),(220,66337),(220,66338),(220,66339),(221,66340),(221,66341),(221,66342),(221,66343),(222,66344),(222,66345),(222,66346),(222,66347),(223,66348),(223,66349),(223,66350),(223,66351),(224,66352),(224,66353),(224,66354),(224,66355),(225,66356),(225,66357),(225,66358),(225,66359),(226,66360),(226,66361),(226,66362),(226,66363),(227,66364),(227,66365),(227,66366),(227,66367),(228,66368),(228,66369),(228,66370),(228,66371),(229,66372),(229,66373),(229,66374),(229,66375),(230,66376),(230,66377),(230,66378),(230,66379),(231,66380),(231,66381),(231,66382),(231,66383),(232,66384),(232,66385),(232,66386),(232,66387),(233,66388),(233,66389),(233,66390),(233,66391),(234,66392),(234,66393),(234,66394),(234,66395),(235,66396),(235,66397),(235,66398),(235,66399),(236,66400),(236,66401),(236,66402),(236,66403),(237,66404),(237,66405),(237,66406),(237,66407),(238,66408),(238,66409),(238,66410),(238,66411),(239,66412),(239,66413),(239,66414),(239,66415),(240,66416),(240,66417),(240,66418),(240,66419),(241,66420),(241,66421),(241,66422),(241,66423),(242,66424),(242,66425),(242,66426),(242,66427),(243,66428),(243,66429),(243,66430),(243,66431),(244,66432),(244,66433),(244,66434),(245,66435),(245,66436),(245,66437),(246,66438),(246,66439),(246,66440),(246,66441),(247,66442),(247,66443),(247,66444),(248,66445),(248,66446),(248,66447),(248,66448),(249,66449),(249,66450),(249,66451),(250,66452),(250,66453),(250,66454),(251,66455),(251,66456),(251,66457),(251,66458),(252,66459),(252,66460),(252,66461),(253,66462),(253,66463),(253,66464),(253,66465),(254,66466),(254,66467),(254,66468),(255,66469),(255,66470),(255,66471),(255,66472),(256,66473),(256,66474),(256,66475),(257,66476),(257,66477),(257,66478),(258,66479),(258,66480),(258,66481),(258,66482),(259,66483),(259,66484),(259,66485),(260,66486),(260,66487),(260,66488),(260,66489),(261,66490),(261,66491),(261,66492),(262,66493),(262,66494),(262,66495),(263,66496),(263,66497),(263,66498),(263,66499),(264,66500),(264,66501),(264,66502),(264,66503),(265,66504),(265,66505),(265,66506),(266,66507),(266,66508),(266,66509),(267,66510),(267,66511),(267,66512),(268,66513),(268,66514),(268,66515),(269,66516),(269,66517),(269,66518),(270,66519),(270,66520),(270,66521),(271,66522),(271,66523),(271,66524),(271,66525),(272,66526),(272,66527),(272,66528),(272,66529),(273,66530),(273,66531),(273,66532),(273,66533),(274,66534),(274,66535),(274,66536),(274,66537),(275,66538),(275,66539),(275,66540),(275,66541),(276,66542),(276,66543),(276,66544),(276,66545),(277,66546),(277,66547),(277,66548),(277,66549),(278,66550),(278,66551),(278,66552),(278,66553),(279,66554),(279,66555),(279,66556),(279,66557),(280,66558),(280,66559),(280,66560),(280,66561),(281,66562),(281,66563),(281,66564),(282,66565),(282,66566),(282,66567),(282,66568),(283,66569),(283,66570),(283,66571),(284,66572),(284,66573),(284,66574),(284,66575),(285,66576),(285,66577),(285,66578),(285,66579),(286,66580),(286,66581),(286,66582),(287,66583),(287,66584),(287,66585),(287,66586),(288,66587),(288,66588),(288,66589),(289,66590),(289,66591),(289,66592),(289,66593),(290,66594),(290,66595),(290,66596),(290,66597),(291,66598),(291,66599),(291,66600),(291,66601),(292,66602),(292,66603),(292,66604),(292,66605),(293,66606),(293,66607),(293,66608),(293,66609),(294,66610),(294,66611),(294,66612),(294,66613),(295,66614),(295,66615),(295,66616),(295,66617),(296,66618),(296,66619),(296,66620),(296,66621),(297,66622),(297,66623),(297,66624),(297,66625),(298,66626),(298,66627),(298,66628),(298,66629),(299,66630),(299,66631),(299,66632),(299,66633),(300,66634),(300,66635),(300,66636),(300,66637),(301,66638),(301,66639),(301,66640),(301,66641),(302,66642),(302,66643),(302,66644),(302,66645),(303,66646),(303,66647),(303,66648),(303,66649),(304,66650),(304,66651),(304,66652),(304,66653),(305,66654),(305,66655),(305,66656),(305,66657),(306,66658),(306,66659),(306,66660),(306,66661),(307,66662),(307,66663),(307,66664),(307,66665),(308,66666),(308,66667),(308,66668),(308,66669),(309,66670),(309,66671),(309,66672),(309,66673),(310,66674),(310,66675),(310,66676),(310,66677),(311,66678),(311,66679),(311,66680),(311,66681),(312,66682),(312,66683),(312,66684),(313,66685),(313,66686),(313,66687),(314,66688),(314,66689),(314,66690),(314,66691),(315,66692),(315,66693),(315,66694),(315,66695),(316,66696),(316,66697),(316,66698),(316,66699),(317,66700),(317,66701),(317,66702),(318,66703),(318,66704),(318,66705),(319,66706),(319,66707),(319,66708),(319,66709),(320,66710),(320,66711),(320,66712),(320,66713),(321,66714),(321,66715),(321,66716),(321,66717),(322,66718),(322,66719),(322,66720),(322,66721),(323,66722),(323,66723),(323,66724),(323,66725),(324,66726),(324,66727),(324,66728),(325,66729),(325,66730),(325,66731),(325,66732),(326,66733),(326,66734),(326,66735),(326,66736),(327,66737),(327,66738),(327,66739),(327,66740),(328,66741),(328,66742),(328,66743),(328,66744),(329,66745),(329,66746),(329,66747),(330,66748),(330,66749),(330,66750),(330,66751),(331,66752),(331,66753),(331,66754),(331,66755),(332,66756),(332,66757),(332,66758),(332,66759),(333,66760),(333,66761),(333,66762),(333,66763),(334,66764),(334,66765),(334,66766),(334,66767),(335,66768),(335,66769),(335,66770),(335,66771),(336,66772),(336,66773),(336,66774),(336,66775),(337,66776),(337,66777),(337,66778),(337,66779),(338,66780),(338,66781),(338,66782),(338,66783),(339,66784),(339,66785),(339,66786),(339,66787),(340,66788),(340,66789),(340,66790),(340,66791),(341,66792),(341,66793),(341,66794),(341,66795),(342,66796),(342,66797),(342,66798),(342,66799),(343,66800),(343,66801),(343,66802),(343,66803),(344,66804),(344,66805),(344,66806),(345,66807),(345,66808),(345,66809),(345,66810),(346,66811),(346,66812),(346,66813),(346,66814),(347,66815),(347,66816),(347,66817),(347,66818),(348,66819),(348,66820),(348,66821),(348,66822),(349,66823),(349,66824),(349,66825),(350,66826),(350,66827),(350,66828),(350,66829),(351,66830),(351,66831),(351,66832),(351,66833),(352,66834),(352,66835),(352,66836),(352,66837),(353,66838),(353,66839),(353,66840),(353,66841),(354,66842),(354,66843),(354,66844),(354,66845),(355,66846),(355,66847),(355,66848),(355,66849),(356,66850),(356,66851),(356,66852),(356,66853),(357,66854),(357,66855),(357,66856),(357,66857),(358,66858),(358,66859),(358,66860),(358,66861),(359,66862),(359,66863),(359,66864),(359,66865),(360,66866),(360,66867),(360,66868),(360,66869),(361,66870),(361,66871),(361,66872),(361,66873),(362,66874),(362,66875),(362,66876),(362,66877),(363,66878),(363,66879),(363,66880),(363,66881),(364,66882),(364,66883),(364,66884),(364,66885),(365,66886),(365,66887),(365,66888),(365,66889),(366,66890),(366,66891),(366,66892),(366,66893),(367,66894),(367,66895),(367,66896),(367,66897),(368,66898),(368,66899),(368,66900),(368,66901),(369,66902),(369,66903),(369,66904),(369,66905),(370,66906),(370,66907),(370,66908),(370,66909),(371,66910),(371,66911),(371,66912),(371,66913),(372,66914),(372,66915),(372,66916),(372,66917),(373,66918),(373,66919),(373,66920),(373,66921),(374,66922),(374,66923),(374,66924),(374,66925),(375,66926),(375,66927),(375,66928),(375,66929),(376,66930),(376,66931),(376,66932),(376,66933),(377,66934),(377,66935),(377,66936),(377,66937),(378,66938),(378,66939),(378,66940),(378,66941),(379,66942),(379,66943),(379,66944),(379,66945),(380,66946),(380,66947),(380,66948),(380,66949),(381,66950),(381,66951),(381,66952),(381,66953),(382,66954),(382,66955),(382,66956),(382,66957),(383,66958),(383,66959),(383,66960),(383,66961),(384,66962),(384,66963),(384,66964),(384,66965),(385,66966),(385,66967),(385,66968),(385,66969),(386,66970),(386,66971),(386,66972),(386,66973),(387,66974),(387,66975),(387,66976),(387,66977),(388,66978),(388,66979),(388,66980),(388,66981),(389,66982),(389,66983),(389,66984),(389,66985),(390,66986),(390,66987),(390,66988),(390,66989),(391,66990),(391,66991),(391,66992),(391,66993),(392,66994),(392,66995),(392,66996),(392,66997),(393,66998),(393,66999),(393,67000),(393,67001),(394,67002),(394,67003),(394,67004),(394,67005),(395,67006),(395,67007),(395,67008),(395,67009),(396,67010),(396,67011),(396,67012),(396,67013),(397,67014),(397,67015),(397,67016),(397,67017),(398,67018),(398,67019),(398,67020),(398,67021),(399,67022),(399,67023),(399,67024),(399,67025),(400,67026),(400,67027),(400,67028),(400,67029),(401,67030),(401,67031),(401,67032),(401,67033),(402,67034),(402,67035),(402,67036),(402,67037),(403,67038),(403,67039),(403,67040),(403,67041),(404,67042),(404,67043),(404,67044),(404,67045),(405,67046),(405,67047),(405,67048),(405,67049),(406,67050),(406,67051),(406,67052),(406,67053),(407,67054),(407,67055),(407,67056),(407,67057),(408,67058),(408,67059),(408,67060),(408,67061),(409,67062),(409,67063),(409,67064),(409,67065),(410,67066),(410,67067),(410,67068),(410,67069),(411,67070),(411,67071),(411,67072),(411,67073),(412,67074),(412,67075),(412,67076),(412,67077),(413,67078),(413,67079),(413,67080),(413,67081),(414,67082),(414,67083),(414,67084),(414,67085),(415,67086),(415,67087),(415,67088),(415,67089),(416,67090),(416,67091),(416,67092),(416,67093),(417,67094),(417,67095),(417,67096),(417,67097),(418,67098),(418,67099),(418,67100),(418,67101),(419,67102),(419,67103),(419,67104),(419,67105),(420,67106),(420,67107),(420,67108),(420,67109),(421,67110),(421,67111),(421,67112),(421,67113),(422,67114),(422,67115),(422,67116),(422,67117),(423,67118),(423,67119),(423,67120),(423,67121),(424,67122),(424,67123),(424,67124),(424,67125),(425,67126),(425,67127),(425,67128),(425,67129),(426,67130),(426,67131),(426,67132),(426,67133),(427,67134),(427,67135),(427,67136),(427,67137),(428,67138),(428,67139),(428,67140),(428,67141),(429,67142),(429,67143),(429,67144),(429,67145),(430,67146),(430,67147),(430,67148),(430,67149),(431,67150),(431,67151),(431,67152),(431,67153),(432,67154),(432,67155),(432,67156),(432,67157),(433,67158),(433,67159),(433,67160),(433,67161),(434,67162),(434,67163),(434,67164),(434,67165),(435,67166),(435,67167),(435,67168),(435,67169),(436,67170),(436,67171),(436,67172),(436,67173),(437,67174),(437,67175),(437,67176),(437,67177),(438,67178),(438,67179),(438,67180),(438,67181),(439,67182),(439,67183),(439,67184),(439,67185),(440,67186),(440,67187),(440,67188),(440,67189),(441,67190),(441,67191),(441,67192),(441,67193),(442,67194),(442,67195),(442,67196),(442,67197),(443,67198),(443,67199),(443,67200),(443,67201),(444,67202),(444,67203),(444,67204),(444,67205),(445,67206),(445,67207),(445,67208),(445,67209),(446,67210),(446,67211),(446,67212),(446,67213),(447,67214),(447,67215),(447,67216),(447,67217),(448,67218),(448,67219),(448,67220),(448,67221),(449,67222),(449,67223),(449,67224),(449,67225),(450,67226),(450,67227),(450,67228),(450,67229),(451,67230),(451,67231),(451,67232),(451,67233),(452,67234),(452,67235),(452,67236),(452,67237),(453,67238),(453,67239),(453,67240),(453,67241),(454,67242),(454,67243),(454,67244),(454,67245),(455,67246),(455,67247),(455,67248),(455,67249),(456,67250),(456,67251),(456,67252),(457,67253),(457,67254),(457,67255),(457,67256),(458,67257),(458,67258),(458,67259),(458,67260),(459,67261),(459,67262),(459,67263),(459,67264),(460,67265),(460,67266),(460,67267),(460,67268),(461,67269),(461,67270),(461,67271),(461,67272),(462,67273),(462,67274),(462,67275),(462,67276),(463,67277),(463,67278),(463,67279),(463,67280),(464,67281),(464,67282),(464,67283),(464,67284),(465,67285),(465,67286),(465,67287),(465,67288),(466,67289),(466,67290),(466,67291),(466,67292),(467,67293),(467,67294),(467,67295),(467,67296),(468,67297),(468,67298),(468,67299),(468,67300),(469,67301),(469,67302),(469,67303),(469,67304),(470,67305),(470,67306),(470,67307),(470,67308),(471,67309),(471,67310),(471,67311),(471,67312),(472,67313),(472,67314),(472,67315),(472,67316),(473,67317),(473,67318),(473,67319),(473,67320),(474,67321),(474,67322),(474,67323),(474,67324),(475,67325),(475,67326),(475,67327),(475,67328),(476,67329),(476,67330),(476,67331),(476,67332),(477,67333),(477,67334),(477,67335),(477,67336),(478,67337),(478,67338),(478,67339),(478,67340),(479,67341),(479,67342),(479,67343),(479,67344),(480,67345),(480,67346),(480,67347),(480,67348),(481,67349),(481,67350),(481,67351),(481,67352),(482,67353),(482,67354),(482,67355),(482,67356),(483,67357),(483,67358),(483,67359),(483,67360),(484,67361),(484,67362),(484,67363),(484,67364),(485,67365),(485,67366),(485,67367),(485,67368),(486,67369),(486,67370),(486,67371),(486,67372),(487,67373),(487,67374),(487,67375),(487,67376),(488,67377),(488,67378),(488,67379),(488,67380),(489,67381),(489,67382),(489,67383),(489,67384),(490,67385),(490,67386),(490,67387),(490,67388),(491,67389),(491,67390),(491,67391),(491,67392),(492,67393),(492,67394),(492,67395),(492,67396),(493,67397),(493,67398),(493,67399),(493,67400),(494,67401),(494,67402),(494,67403),(494,67404),(495,67405),(495,67406),(495,67407),(495,67408),(496,67409),(496,67410),(496,67411),(496,67412),(497,67413),(497,67414),(497,67415),(497,67416),(498,67417),(498,67418),(498,67419),(498,67420),(499,67421),(499,67422),(499,67423),(499,67424),(500,67425),(500,67426),(500,67427),(500,67428),(501,67429),(501,67430),(501,67431),(501,67432),(502,67433),(502,67434),(502,67435),(502,67436),(503,67437),(503,67438),(503,67439),(503,67440),(504,67441),(504,67442),(504,67443),(504,67444),(505,67445),(505,67446),(505,67447),(505,67448),(506,67449),(506,67450),(506,67451),(506,67452),(507,67453),(507,67454),(507,67455),(507,67456),(508,67457),(508,67458),(508,67459),(508,67460),(509,67461),(509,67462),(509,67463),(509,67464),(510,67465),(510,67466),(510,67467),(510,67468),(511,67469),(511,67470),(511,67471),(511,67472),(512,67473),(512,67474),(512,67475),(512,67476),(513,67477),(513,67478),(513,67479),(513,67480),(514,67481),(514,67482),(514,67483),(514,67484),(515,67485),(515,67486),(515,67487),(515,67488),(516,67489),(516,67490),(516,67491),(516,67492),(517,67493),(517,67494),(517,67495),(517,67496),(518,67497),(518,67498),(518,67499),(518,67500),(519,67501),(519,67502),(519,67503),(519,67504),(520,67505),(520,67506),(520,67507),(520,67508),(521,67509),(521,67510),(521,67511),(521,67512),(522,67513),(522,67514),(522,67515),(522,67516),(523,67517),(523,67518),(523,67519),(523,67520),(524,67521),(524,67522),(524,67523),(524,67524),(525,67525),(525,67526),(525,67527),(525,67528),(526,67529),(526,67530),(526,67531),(526,67532),(527,67533),(527,67534),(527,67535),(527,67536),(528,67537),(528,67538),(528,67539),(528,67540),(529,67541),(529,67542),(529,67543),(529,67544),(530,67545),(530,67546),(530,67547),(530,67548),(531,67549),(531,67550),(531,67551),(531,67552),(532,67553),(532,67554),(532,67555),(532,67556),(533,67557),(533,67558),(533,67559),(533,67560),(534,67561),(534,67562),(534,67563),(534,67564),(535,67565),(535,67566),(535,67567),(535,67568),(536,67569),(536,67570),(536,67571),(536,67572),(537,67573),(537,67574),(537,67575),(537,67576),(538,67577),(538,67578),(538,67579),(538,67580),(539,67581),(539,67582),(539,67583),(539,67584),(540,67585),(540,67586),(540,67587),(540,67588),(541,67589),(541,67590),(541,67591),(541,67592),(542,67593),(542,67594),(542,67595),(542,67596),(543,67597),(543,67598),(543,67599),(543,67600),(544,67601),(544,67602),(544,67603),(544,67604),(545,67605),(545,67606),(545,67607),(545,67608),(546,67609),(546,67610),(546,67611),(546,67612),(547,67613),(547,67614),(547,67615),(547,67616),(548,67617),(548,67618),(548,67619),(548,67620),(549,67621),(549,67622),(549,67623),(549,67624),(550,67625),(550,67626),(550,67627),(550,67628),(551,67629),(551,67630),(551,67631),(551,67632),(552,67633),(552,67634),(552,67635),(552,67636),(553,67637),(553,67638),(553,67639),(553,67640),(554,67641),(554,67642),(554,67643),(554,67644),(555,67645),(555,67646),(555,67647),(555,67648),(556,67649),(556,67650),(556,67651),(556,67652),(557,67653),(557,67654),(557,67655),(557,67656),(558,67657),(558,67658),(558,67659),(558,67660),(559,67661),(559,67662),(559,67663),(559,67664),(560,67665),(560,67666),(560,67667),(560,67668),(561,67669),(561,67670),(561,67671),(561,67672),(562,67673),(562,67674),(562,67675),(562,67676),(563,67677),(563,67678),(563,67679),(563,67680),(564,67681),(564,67682),(564,67683),(564,67684),(565,67685),(565,67686),(565,67687),(565,67688),(566,67689),(566,67690),(566,67691),(566,67692),(567,67693),(567,67694),(567,67695),(567,67696),(568,67697),(568,67698),(568,67699),(568,67700),(569,67701),(569,67702),(569,67703),(569,67704),(570,67705),(570,67706),(570,67707),(570,67708),(571,67709),(571,67710),(571,67711),(571,67712),(572,67713),(572,67714),(572,67715),(572,67716),(573,67717),(573,67718),(573,67719),(573,67720),(574,67721),(574,67722),(574,67723),(574,67724),(575,67725),(575,67726),(575,67727),(575,67728),(576,67729),(576,67730),(576,67731),(576,67732),(577,67733),(577,67734),(577,67735),(577,67736),(578,67737),(578,67738),(578,67739),(578,67740),(579,67741),(579,67742),(579,67743),(579,67744),(580,67745),(580,67746),(580,67747),(580,67748),(581,67749),(581,67750),(581,67751),(581,67752),(582,67753),(582,67754),(582,67755),(582,67756),(583,67757),(583,67758),(583,67759),(583,67760),(584,67761),(584,67762),(584,67763),(584,67764),(585,67765),(585,67766),(585,67767),(585,67768),(586,67769),(586,67770),(586,67771),(586,67772),(587,67773),(587,67774),(587,67775),(587,67776),(588,67777),(588,67778),(588,67779),(588,67780),(589,67781),(589,67782),(589,67783),(589,67784),(590,67785),(590,67786),(590,67787),(590,67788),(591,67789),(591,67790),(591,67791),(591,67792),(592,67793),(592,67794),(592,67795),(592,67796),(593,67797),(593,67798),(593,67799),(593,67800),(594,67801),(594,67802),(594,67803),(594,67804),(595,67805),(595,67806),(595,67807),(595,67808),(596,67809),(596,67810),(596,67811),(596,67812),(597,67813),(597,67814),(597,67815),(597,67816),(598,67817),(598,67818),(598,67819),(598,67820),(599,67821),(599,67822),(599,67823),(599,67824),(600,67825),(600,67826),(600,67827),(600,67828),(601,67829),(601,67830),(601,67831),(601,67832),(602,67833),(602,67834),(602,67835),(602,67836),(603,67837),(603,67838),(603,67839),(603,67840),(604,67841),(604,67842),(604,67843),(604,67844),(605,67845),(605,67846),(605,67847),(605,67848),(606,67849),(606,67850),(606,67851),(606,67852),(607,67853),(607,67854),(607,67855),(607,67856),(608,67857),(608,67858),(608,67859),(608,67860),(609,67861),(609,67862),(609,67863),(609,67864),(610,67865),(610,67866),(610,67867),(610,67868),(611,67869),(611,67870),(611,67871),(611,67872),(612,67873),(612,67874),(612,67875),(612,67876),(613,67877),(613,67878),(613,67879),(613,67880),(614,67881),(614,67882),(614,67883),(614,67884),(615,67885),(615,67886),(615,67887),(615,67888),(616,67889),(616,67890),(616,67891),(616,67892),(617,67893),(617,67894),(617,67895),(617,67896),(618,67897),(618,67898),(618,67899),(618,67900),(619,67901),(619,67902),(619,67903),(619,67904),(620,67905),(620,67906),(620,67907),(620,67908),(621,67909),(621,67910),(621,67911),(621,67912),(622,67913),(622,67914),(622,67915),(622,67916),(623,67917),(623,67918),(623,67919),(623,67920),(624,67921),(624,67922),(624,67923),(624,67924),(625,67925),(625,67926),(625,67927),(625,67928),(626,67929),(626,67930),(626,67931),(626,67932),(627,67933),(627,67934),(627,67935),(627,67936),(628,67937),(628,67938),(628,67939),(628,67940),(629,67941),(629,67942),(629,67943),(629,67944),(630,67945),(630,67946),(630,67947),(630,67948),(631,67949),(631,67950),(631,67951),(631,67952),(632,67953),(632,67954),(632,67955),(632,67956),(633,67957),(633,67958),(633,67959),(633,67960),(634,67961),(634,67962),(634,67963),(634,67964),(635,67965),(635,67966),(635,67967),(635,67968),(636,67969),(636,67970),(636,67971),(636,67972),(637,67973),(637,67974),(637,67975),(637,67976),(638,67977),(638,67978),(638,67979),(638,67980),(639,67981),(639,67982),(639,67983),(639,67984),(640,67985),(640,67986),(640,67987),(640,67988),(641,67989),(641,67990),(641,67991),(641,67992),(642,67993),(642,67994),(642,67995),(642,67996),(643,67997),(643,67998),(643,67999),(643,68000),(644,68001),(644,68002),(644,68003),(644,68004),(645,68005),(645,68006),(645,68007),(645,68008),(646,68009),(646,68010),(646,68011),(646,68012),(647,68013),(647,68014),(647,68015),(647,68016),(648,68017),(648,68018),(648,68019),(649,68020),(649,68021),(649,68022),(649,68023),(650,68024),(650,68025),(650,68026),(650,68027),(651,68028),(651,68029),(651,68030),(651,68031),(652,68032),(652,68033),(652,68034),(652,68035),(653,68036),(653,68037),(653,68038),(653,68039),(654,68040),(654,68041),(654,68042),(654,68043),(655,68044),(655,68045),(655,68046),(655,68047),(656,68048),(656,68049),(656,68050),(656,68051),(657,68052),(657,68053),(657,68054),(657,68055),(658,68056),(658,68057),(658,68058),(658,68059),(659,68060),(659,68061),(659,68062),(659,68063),(660,68064),(660,68065),(660,68066),(660,68067),(661,68068),(661,68069),(661,68070),(661,68071),(662,68072),(662,68073),(662,68074),(662,68075),(663,68076),(663,68077),(663,68078),(663,68079),(664,68080),(664,68081),(664,68082),(664,68083),(665,68084),(665,68085),(665,68086),(665,68087),(666,68088),(666,68089),(666,68090),(666,68091),(667,68092),(667,68093),(667,68094),(667,68095),(668,68096),(668,68097),(668,68098),(668,68099),(669,68100),(669,68101),(670,68102),(670,68103),(671,68104),(671,68105),(672,68106),(672,68107),(673,68108),(673,68109),(674,68110),(674,68111),(674,68112),(674,68113),(675,68114),(675,68115),(675,68116),(675,68117),(676,68118),(676,68119),(676,68120),(676,68121),(677,68122),(677,68123),(677,68124),(677,68125);
/*!40000 ALTER TABLE `armor_crafting_material_costs` ENABLE KEYS */;
UNLOCK TABLES;

--
-- Table structure for table `armor_set_bonus_ranks`
--

DROP TABLE IF EXISTS `armor_set_bonus_ranks`;
/*!40101 SET @saved_cs_client     = @@character_set_client */;
/*!40101 SET character_set_client = utf8 */;
CREATE TABLE `armor_set_bonus_ranks` (
  `id` int(10) unsigned NOT NULL AUTO_INCREMENT,
  `bonus_id` int(10) unsigned NOT NULL,
  `skill_id` int(10) unsigned NOT NULL,
  `pieces` smallint(5) unsigned NOT NULL,
  PRIMARY KEY (`id`),
  KEY `IDX_5DF784FC69545666` (`bonus_id`),
  KEY `IDX_5DF784FC5585C142` (`skill_id`),
  CONSTRAINT `FK_5DF784FC5585C142` FOREIGN KEY (`skill_id`) REFERENCES `skill_ranks` (`id`),
  CONSTRAINT `FK_5DF784FC69545666` FOREIGN KEY (`bonus_id`) REFERENCES `armor_set_bonuses` (`id`)
) ENGINE=InnoDB AUTO_INCREMENT=17 DEFAULT CHARSET=utf8 COLLATE=utf8_unicode_ci;
/*!40101 SET character_set_client = @saved_cs_client */;

--
-- Dumping data for table `armor_set_bonus_ranks`
--

LOCK TABLES `armor_set_bonus_ranks` WRITE;
/*!40000 ALTER TABLE `armor_set_bonus_ranks` DISABLE KEYS */;
INSERT INTO `armor_set_bonus_ranks` VALUES (1,1,311,3),(2,2,324,3),(3,3,326,3),(4,4,313,3),(5,5,315,3),(6,6,317,4),(7,7,311,2),(8,7,312,4),(9,8,310,3),(10,9,323,3),(11,12,315,2),(12,14,319,3),(13,15,308,3),(14,16,320,3),(15,17,321,3),(16,19,317,3);
/*!40000 ALTER TABLE `armor_set_bonus_ranks` ENABLE KEYS */;
UNLOCK TABLES;

--
-- Table structure for table `armor_set_bonuses`
--

DROP TABLE IF EXISTS `armor_set_bonuses`;
/*!40101 SET @saved_cs_client     = @@character_set_client */;
/*!40101 SET character_set_client = utf8 */;
CREATE TABLE `armor_set_bonuses` (
  `id` int(10) unsigned NOT NULL AUTO_INCREMENT,
  `name` varchar(64) COLLATE utf8_unicode_ci NOT NULL,
  `ranks_length` int(10) unsigned NOT NULL DEFAULT 0,
  PRIMARY KEY (`id`)
) ENGINE=InnoDB AUTO_INCREMENT=23 DEFAULT CHARSET=utf8 COLLATE=utf8_unicode_ci;
/*!40101 SET character_set_client = @saved_cs_client */;

--
-- Dumping data for table `armor_set_bonuses`
--

LOCK TABLES `armor_set_bonuses` WRITE;
/*!40000 ALTER TABLE `armor_set_bonuses` DISABLE KEYS */;
INSERT INTO `armor_set_bonuses` VALUES (1,'Anjanath Power',1),(2,'Legiana Blessing',1),(3,'Odogaron Power',1),(4,'Rathalos Power',1),(5,'Diablos Power',1),(6,'Kirin Blessing',1),(7,'Anjanath Will',2),(8,'Pink Rathian Mastery',1),(9,'Zorah Magdaros Mastery',1),(10,'Odogaron Mastery',0),(11,'Rathalos Mastery',0),(12,'Diablos Mastery',1),(13,'Uragaan Protection',0),(14,'Bazelgeuse Protection',1),(15,'Nergigante Hunger',1),(16,'Teostra Technique',1),(17,'Kushala Daora Flight',1),(18,'Vaal Hazak Vitality',0),(19,'Kirin Favor',1),(20,'Xeno\'jiiva Divinity',0),(21,'Guild Guidance',0),(22,'Commission Guidance',0);
/*!40000 ALTER TABLE `armor_set_bonuses` ENABLE KEYS */;
UNLOCK TABLES;

--
-- Table structure for table `armor_sets`
--

DROP TABLE IF EXISTS `armor_sets`;
/*!40101 SET @saved_cs_client     = @@character_set_client */;
/*!40101 SET character_set_client = utf8 */;
CREATE TABLE `armor_sets` (
  `id` int(10) unsigned NOT NULL AUTO_INCREMENT,
  `name` varchar(64) COLLATE utf8_unicode_ci NOT NULL,
  `rank` varchar(32) COLLATE utf8_unicode_ci NOT NULL,
  `bonus_id` int(10) unsigned DEFAULT NULL,
  `pieces_length` int(10) unsigned NOT NULL DEFAULT 0,
  PRIMARY KEY (`id`),
  UNIQUE KEY `UNIQ_7C8A0B105E237E06` (`name`),
  KEY `IDX_7C8A0B1069545666` (`bonus_id`),
  CONSTRAINT `FK_7C8A0B1069545666` FOREIGN KEY (`bonus_id`) REFERENCES `armor_set_bonuses` (`id`)
) ENGINE=InnoDB AUTO_INCREMENT=154 DEFAULT CHARSET=utf8 COLLATE=utf8_unicode_ci;
/*!40101 SET character_set_client = @saved_cs_client */;

--
-- Dumping data for table `armor_sets`
--

LOCK TABLES `armor_sets` WRITE;
/*!40000 ALTER TABLE `armor_sets` DISABLE KEYS */;
INSERT INTO `armor_sets` VALUES (1,'Leather','low',NULL,5),(2,'Chainmail','low',NULL,5),(3,'Hunter\'s','low',NULL,5),(4,'Bone','low',NULL,5),(5,'Vespoid','low',NULL,5),(6,'Kestodon','low',NULL,1),(7,'Gajau','low',NULL,1),(8,'Jagras','low',NULL,5),(9,'Kulu','low',NULL,5),(10,'Alloy','low',NULL,5),(11,'Pukei','low',NULL,5),(12,'Barroth','low',NULL,5),(13,'Jyura','low',NULL,5),(14,'Kadachi','low',NULL,5),(15,'High Metal','low',NULL,5),(16,'King Beetle','low',NULL,5),(17,'Butterfly','low',NULL,5),(18,'Shamos','low',NULL,1),(19,'Hornetaur','low',NULL,5),(20,'Anja','low',1,5),(21,'Rathian','low',NULL,5),(22,'Tzitzi','low',NULL,5),(23,'Lumu','low',NULL,5),(24,'Girros','low',NULL,5),(25,'Baan','low',NULL,5),(26,'Ingot','low',NULL,5),(27,'Death Stench','low',NULL,5),(28,'Brigade','low',NULL,5),(29,'Legiana','low',2,5),(30,'Odogaron','low',3,5),(31,'Rathalos','low',4,5),(32,'Diablos','low',5,5),(33,'Kirin','low',6,5),(34,'Leather Alpha','high',NULL,5),(35,'Leather Beta','high',NULL,5),(36,'Chainmail Alpha','high',NULL,5),(37,'Chainmail Beta','high',NULL,5),(38,'Hunter\'s Alpha','high',NULL,5),(39,'Hunter\'s Beta','high',NULL,5),(40,'Bone Alpha','high',NULL,5),(41,'Bone Beta','high',NULL,5),(42,'Alloy Alpha','high',NULL,5),(43,'Alloy Beta','high',NULL,5),(44,'King Beetle Alpha','high',NULL,5),(45,'King Beetle Beta','high',NULL,5),(46,'Butterfly Alpha','high',NULL,5),(47,'Butterfly Beta','high',NULL,5),(48,'Vespoid Alpha','high',NULL,5),(49,'Vespoid Beta','high',NULL,5),(50,'Hornetaur Alpha','high',NULL,5),(51,'Hornetaur Beta','high',NULL,5),(52,'Mosswine Mask Alpha','high',NULL,1),(53,'Kestodon Alpha','high',NULL,1),(54,'Kestodon Beta','high',NULL,1),(55,'Gajau Alpha','high',NULL,1),(56,'Gajau Beta','high',NULL,1),(57,'Shamos Alpha','high',NULL,1),(58,'Shamos Beta','high',NULL,1),(59,'Jagras Alpha','high',NULL,5),(60,'Jagras Beta','high',NULL,5),(61,'Kulu Alpha','high',NULL,5),(62,'Kulu Beta','high',NULL,5),(63,'Tzitzi Alpha','high',NULL,5),(64,'Tzitzi Beta','high',NULL,5),(65,'Girros Alpha','high',NULL,5),(66,'Girros Beta','high',NULL,5),(67,'Pukei Alpha','high',NULL,5),(68,'Pukei Beta','high',NULL,5),(69,'Barroth Alpha','high',NULL,5),(70,'Barroth Beta','high',NULL,5),(71,'Anja Alpha','high',7,5),(72,'Anja Beta','high',7,5),(73,'Jyura Alpha','high',NULL,5),(74,'Jyura Beta','high',NULL,5),(75,'Kadachi Alpha','high',NULL,5),(76,'Kadachi Beta','high',NULL,5),(77,'Lumu Alpha','high',NULL,5),(78,'Lumu Beta','high',NULL,5),(79,'Rathian Alpha','high',NULL,5),(80,'Rathian Beta','high',NULL,5),(81,'Rath Heart Alpha','high',8,5),(82,'Rath Heart Beta','high',8,5),(83,'Baan Alpha','high',NULL,5),(84,'Baan Beta','high',NULL,5),(85,'Gastodon Alpha','high',NULL,1),(86,'Gastodon Beta','high',NULL,1),(87,'Barnos Alpha','high',NULL,1),(88,'Barnos Beta','high',NULL,1),(89,'Dodogama Alpha','high',NULL,5),(90,'Dodogama Beta','high',NULL,5),(91,'Zorah Alpha','high',9,5),(92,'Zorah Beta','high',9,5),(93,'High Metal Alpha','high',NULL,5),(94,'High Metal Beta','high',NULL,5),(95,'Ingot Alpha','high',NULL,5),(96,'Ingot Beta','high',NULL,5),(97,'Brigade Alpha','high',NULL,5),(98,'Brigade Beta','high',NULL,5),(99,'Faux Felyne Alpha','high',NULL,1),(100,'Strategist Alpha','high',NULL,1),(101,'Lavasioth Alpha','high',NULL,5),(102,'Lavasioth Beta','high',NULL,5),(103,'Legiana Alpha','high',NULL,5),(104,'Legiana Beta','high',NULL,5),(105,'Odogaron Alpha','high',NULL,5),(106,'Odogaron Beta','high',10,5),(107,'Rathalos Alpha','high',11,5),(108,'Rathalos Beta','high',11,5),(109,'Rath Soul Alpha','high',11,5),(110,'Rath Soul Beta','high',11,5),(111,'Diablos Alpha','high',12,5),(112,'Diablos Beta','high',12,5),(113,'Diablos Nero Alpha','high',12,5),(114,'Diablos Nero Beta','high',12,5),(115,'Uragaan Alpha','high',13,5),(116,'Uragaan Beta','high',13,5),(117,'Bazel Alpha','high',14,5),(118,'Bazel Beta','high',14,5),(119,'Damascus Alpha','high',NULL,5),(120,'Damascus Beta','high',NULL,5),(121,'Dober Alpha','high',NULL,5),(122,'Dober Beta','high',NULL,5),(123,'Death Stench Alpha','high',NULL,5),(124,'Death Stench Beta','high',NULL,5),(125,'Skull Alpha','high',NULL,1),(126,'Nergigante Alpha','high',15,5),(127,'Nergigante Beta','high',15,5),(128,'Teostra Alpha','high',16,5),(129,'Teostra Beta','high',16,5),(130,'Kushala Alpha','high',17,5),(131,'Kushala Beta','high',17,5),(132,'Vaal Hazak Alpha','high',18,5),(133,'Vaal Hazak Beta','high',18,5),(134,'Kirin Alpha','high',19,5),(135,'Kirin Beta','high',19,5),(136,'Xeno\'jiiva Alpha','high',20,5),(137,'Xeno\'jiiva Beta','high',20,5),(138,'Guild Cross Alpha','high',21,5),(139,'Guild Cross Beta','high',21,5),(140,'Dragonking Alpha','high',NULL,1),(141,'Commission Alpha','high',22,5),(142,'Commission Beta','high',22,5),(143,'Deviljho Alpha','high',NULL,5),(144,'Deviljho Beta','high',NULL,5),(145,'Sealed Eyepatch Alpha','high',NULL,1),(146,'Shadow Shades Alpha','high',NULL,1),(147,'Blossom','low',NULL,5),(148,'Queen Beetle','low',NULL,5),(149,'Blossom Alpha','high',NULL,5),(150,'Kulu-Yaku Head Alpha','high',NULL,1),(151,'Wiggler Head Alpha','high',NULL,1),(152,'Kulve Taroth Alpha','high',NULL,5),(153,'Kulve Taroth Beta','high',NULL,5);
/*!40000 ALTER TABLE `armor_sets` ENABLE KEYS */;
UNLOCK TABLES;

--
-- Table structure for table `armor_skill_ranks`
--

DROP TABLE IF EXISTS `armor_skill_ranks`;
/*!40101 SET @saved_cs_client     = @@character_set_client */;
/*!40101 SET character_set_client = utf8 */;
CREATE TABLE `armor_skill_ranks` (
  `armor_id` int(10) unsigned NOT NULL,
  `skill_rank_id` int(10) unsigned NOT NULL,
  PRIMARY KEY (`armor_id`,`skill_rank_id`),
  KEY `IDX_101D79CCF5AA3663` (`armor_id`),
  KEY `IDX_101D79CC6CE3F9A6` (`skill_rank_id`),
  CONSTRAINT `FK_101D79CC6CE3F9A6` FOREIGN KEY (`skill_rank_id`) REFERENCES `skill_ranks` (`id`),
  CONSTRAINT `FK_101D79CCF5AA3663` FOREIGN KEY (`armor_id`) REFERENCES `armor` (`id`)
) ENGINE=InnoDB DEFAULT CHARSET=utf8 COLLATE=utf8_unicode_ci;
/*!40101 SET character_set_client = @saved_cs_client */;

--
-- Dumping data for table `armor_skill_ranks`
--

LOCK TABLES `armor_skill_ranks` WRITE;
/*!40000 ALTER TABLE `armor_skill_ranks` DISABLE KEYS */;
INSERT INTO `armor_skill_ranks` VALUES (1,207),(6,249),(11,279),(12,270),(13,273),(14,297),(15,300),(16,53),(17,39),(18,153),(19,186),(20,291),(21,223),(22,28),(23,108),(24,4),(25,250),(26,304),(27,285),(28,235),(29,305),(30,255),(31,179),(32,280),(33,62),(34,204),(35,248),(36,231),(37,123),(38,28),(39,65),(40,46),(41,1),(42,238),(43,282),(44,231),(45,1),(46,105),(47,260),(48,218),(49,156),(50,195),(51,13),(52,10),(53,285),(54,13),(55,85),(56,68),(57,136),(58,198),(59,281),(60,215),(61,95),(62,71),(63,68),(64,23),(65,46),(66,187),(67,193),(68,210),(69,223),(70,203),(71,250),(72,298),(73,210),(74,223),(75,203),(76,250),(77,298),(78,299),(79,36),(80,37),(81,234),(82,251),(83,142),(84,80),(85,195),(86,188),(87,62),(88,190),(89,53),(90,260),(91,105),(92,1),(93,56),(94,289),(95,198),(96,10),(97,226),(98,7),(99,204),(100,159),(101,190),(102,252),(103,28),(104,186),(105,4),(106,255),(107,37),(108,108),(109,153),(110,7),(111,111),(112,218),(113,17),(114,95),(115,71),(116,53),(117,28),(118,46),(119,185),(120,179),(121,136),(122,100),(123,142),(124,59),(125,252),(126,193),(127,264),(128,290),(129,252),(130,210),(131,160),(132,90),(133,68),(134,17),(135,238),(136,198),(137,123),(138,223),(139,39),(140,133),(141,62),(142,80),(143,281),(144,147),(145,153),(146,174),(147,195),(148,33),(149,195),(150,252),(151,77),(152,95),(153,71),(154,208),(155,62),(156,59),(157,204),(158,288),(159,207),(164,218),(164,249),(165,65),(166,59),(167,223),(168,56),(169,249),(174,279),(174,290),(175,271),(176,274),(177,249),(177,273),(178,270),(178,297),(179,279),(180,270),(181,273),(182,249),(183,297),(184,53),(184,291),(185,39),(186,39),(186,153),(187,186),(187,247),(188,292),(189,53),(190,39),(191,153),(192,186),(193,291),(194,28),(194,46),(195,66),(196,46),(196,238),(197,1),(197,65),(198,239),(199,28),(200,65),(201,46),(202,1),(203,238),(204,211),(204,260),(205,224),(205,260),(206,203),(206,261),(207,223),(207,250),(208,210),(208,298),(209,211),(210,224),(211,261),(212,250),(213,298),(214,211),(214,260),(215,224),(215,260),(216,203),(216,261),(217,223),(217,250),(218,210),(218,298),(219,211),(220,224),(221,261),(222,250),(223,298),(224,108),(224,223),(225,28),(226,108),(227,5),(228,4),(228,250),(229,223),(230,28),(231,108),(232,4),(233,250),(234,36),(234,100),(235,37),(235,207),(236,207),(236,234),(237,207),(237,251),(238,100),(238,142),(239,36),(240,37),(241,234),(242,251),(243,142),(244,245),(245,136),(245,304),(246,304),(247,85),(247,286),(248,85),(248,285),(249,264),(249,299),(250,299),(251,236),(252,306),(253,255),(253,305),(254,179),(254,235),(255,234),(255,280),(256,235),(257,305),(258,255),(259,179),(260,280),(261,62),(261,133),(262,123),(262,204),(263,123),(263,248),(264,232),(265,123),(265,231),(266,62),(267,204),(268,248),(269,231),(270,123),(271,10),(271,289),(272,86),(272,198),(273,11),(273,226),(274,85),(274,227),(275,8),(276,289),(277,198),(278,11),(279,226),(280,7),(281,4),(281,186),(282,5),(283,256),(284,37),(284,108),(285,109),(286,186),(287,4),(288,255),(289,37),(290,108),(291,283),(292,231),(292,260),(293,2),(293,105),(294,106),(295,261),(295,282),(296,282),(297,231),(298,1),(299,105),(300,260),(301,219),(302,157),(303,156),(303,195),(304,13),(304,218),(305,11),(305,195),(306,218),(307,156),(308,195),(309,13),(310,10),(311,62),(311,81),(312,188),(312,195),(313,80),(313,188),(314,63),(314,190),(315,191),(316,81),(317,195),(318,188),(319,63),(320,190),(321,286),(322,13),(322,85),(323,86),(323,285),(324,69),(325,137),(326,285),(327,13),(328,86),(329,68),(330,136),(331,199),(332,215),(332,281),(333,216),(334,71),(334,96),(335,72),(335,198),(336,198),(337,281),(338,215),(339,95),(340,71),(341,205),(342,159),(342,190),(343,191),(344,253),(345,28),(345,204),(346,204),(347,159),(348,190),(349,252),(350,28),(351,54),(351,105),(352,56),(352,261),(353,106),(354,2),(354,53),(355,57),(356,53),(356,105),(357,56),(357,260),(358,105),(359,1),(359,53),(360,56),(361,105),(361,215),(362,302),(363,29),(364,1),(364,142),(365,28),(365,301),(366,215),(367,301),(368,28),(369,142),(370,301),(371,34),(372,17),(372,111),(373,112),(373,218),(374,219),(375,18),(376,33),(377,111),(378,111),(378,218),(379,218),(380,17),(381,14),(381,276),(382,276),(383,20),(383,38),(384,38),(385,15),(386,115),(387,242),(388,14),(388,191),(389,114),(389,187),(390,14),(391,114),(392,241),(393,191),(394,187),(395,114),(395,142),(396,28),(396,115),(397,120),(397,241),(398,33),(398,179),(399,23),(399,242),(400,142),(401,115),(402,120),(403,179),(404,242),(405,23),(405,69),(406,24),(406,90),(407,47),(407,90),(408,46),(408,187),(409,68),(409,193),(410,69),(411,23),(411,90),(412,47),(413,187),(414,193),(415,96),(416,72),(417,54),(417,95),(418,29),(419,28),(419,47),(420,95),(421,71),(422,54),(423,28),(424,47),(425,60),(425,186),(426,253),(427,194),(427,252),(428,59),(428,265),(429,264),(429,290),(430,60),(431,252),(432,194),(433,265),(434,290),(435,257),(436,124),(437,81),(437,223),(438,38),(438,81),(439,226),(439,304),(440,56),(440,224),(441,80),(441,119),(442,80),(442,223),(443,81),(444,304),(445,224),(446,119),(447,90),(447,253),(448,211),(448,252),(449,160),(449,210),(450,28),(450,91),(451,69),(451,147),(452,253),(453,211),(454,160),(455,91),(456,69),(457,18),(457,123),(458,17),(458,239),(459,123),(459,198),(460,124),(460,238),(461,123),(461,223),(462,18),(463,239),(464,198),(465,124),(466,223),(467,40),(467,80),(468,80),(468,134),(469,39),(469,63),(470,81),(470,136),(471,133),(471,281),(472,40),(473,134),(474,63),(475,81),(476,281),(477,130),(477,306),(478,120),(478,305),(479,28),(479,136),(480,29),(480,118),(481,136),(481,288),(482,130),(483,120),(484,136),(485,28),(486,136),(487,148),(487,174),(488,154),(488,174),(489,33),(489,175),(490,147),(490,196),(491,34),(491,153),(492,148),(493,154),(494,175),(495,196),(496,34),(497,137),(498,181),(499,136),(499,195),(500,150),(500,180),(501,117),(501,174),(502,136),(503,180),(504,136),(505,180),(506,117),(507,72),(508,151),(509,46),(509,218),(510,71),(510,150),(511,219),(512,71),(513,150),(514,218),(515,150),(516,218),(517,24),(517,114),(518,15),(518,219),(519,23),(519,148),(520,24),(520,281),(521,147),(521,242),(522,24),(523,219),(524,148),(525,24),(526,242),(527,47),(527,238),(528,47),(528,137),(529,142),(529,238),(530,21),(530,136),(531,20),(531,47),(532,47),(533,137),(534,142),(535,136),(536,47),(537,74),(537,120),(538,40),(538,244),(539,205),(539,244),(540,39),(540,75),(541,40),(541,204),(542,120),(543,40),(544,204),(544,244),(545,75),(546,40),(547,123),(547,185),(548,120),(548,179),(549,100),(549,137),(550,101),(550,136),(551,101),(551,143),(552,185),(553,179),(554,137),(555,101),(556,143),(557,142),(558,39),(558,268),(559,166),(559,205),(560,39),(560,167),(561,40),(561,204),(562,166),(562,267),(563,268),(564,205),(565,167),(566,40),(567,267),(568,162),(569,161),(569,189),(570,134),(571,115),(571,133),(572,114),(572,162),(573,161),(574,189),(575,133),(576,115),(577,162),(578,91),(578,142),(579,136),(579,143),(580,142),(580,211),(581,91),(581,215),(582,142),(582,216),(583,91),(584,143),(585,211),(586,91),(587,216),(588,101),(588,171),(589,60),(589,100),(590,59),(590,171),(591,171),(591,294),(592,100),(592,295),(593,171),(594,60),(595,171),(596,171),(597,295),(598,196),(598,252),(599,95),(599,253),(600,96),(600,195),(601,77),(601,120),(602,72),(602,121),(603,196),(604,253),(605,96),(606,77),(607,121),(608,188),(608,276),(609,77),(609,140),(610,130),(610,276),(611,78),(611,188),(612,139),(612,276),(613,276),(614,140),(615,276),(616,78),(617,276),(618,72),(618,253),(619,69),(619,185),(620,66),(620,301),(621,75),(621,179),(622,63),(622,160),(623,253),(624,185),(625,301),(626,179),(627,160),(628,134),(629,249),(629,301),(630,227),(630,288),(631,251),(631,289),(632,244),(632,248),(633,274),(633,304),(634,301),(635,227),(636,289),(637,244),(638,274),(639,62),(640,142),(640,150),(641,142),(641,235),(642,150),(642,162),(643,142),(643,161),(644,150),(644,236),(645,150),(646,235),(647,162),(648,161),(649,236),(650,10),(651,250),(652,223),(653,4),(654,279),(655,59),(656,10),(657,53),(658,123),(659,46),(660,195),(661,250),(662,223),(663,4),(664,279),(665,59),(666,248),(667,227),(668,120),(668,167),(669,11),(669,131),(670,120),(670,140),(671,120),(671,143),(672,172),(672,227),(673,120),(673,166),(674,11),(674,130),(675,120),(675,139),(676,120),(676,142),(677,171),(677,227);
/*!40000 ALTER TABLE `armor_skill_ranks` ENABLE KEYS */;
UNLOCK TABLES;

--
-- Table structure for table `armor_slots`
--

DROP TABLE IF EXISTS `armor_slots`;
/*!40101 SET @saved_cs_client     = @@character_set_client */;
/*!40101 SET character_set_client = utf8 */;
CREATE TABLE `armor_slots` (
  `armor_id` int(10) unsigned NOT NULL,
  `slot_id` int(10) unsigned NOT NULL,
  PRIMARY KEY (`armor_id`,`slot_id`),
  KEY `IDX_24FFC0B8F5AA3663` (`armor_id`),
  KEY `IDX_24FFC0B859E5119C` (`slot_id`),
  CONSTRAINT `FK_24FFC0B859E5119C` FOREIGN KEY (`slot_id`) REFERENCES `slots` (`id`),
  CONSTRAINT `FK_24FFC0B8F5AA3663` FOREIGN KEY (`armor_id`) REFERENCES `armor` (`id`)
) ENGINE=InnoDB DEFAULT CHARSET=utf8mb4 COLLATE=utf8mb4_unicode_ci;
/*!40101 SET character_set_client = @saved_cs_client */;

--
-- Dumping data for table `armor_slots`
--

LOCK TABLES `armor_slots` WRITE;
/*!40000 ALTER TABLE `armor_slots` DISABLE KEYS */;
INSERT INTO `armor_slots` VALUES (159,7558),(160,7559),(161,7560),(162,7561),(163,7562),(169,7563),(170,7564),(171,7565),(172,7566),(173,7567),(179,7568),(180,7569),(181,7570),(182,7571),(183,7572),(189,7573),(190,7574),(191,7575),(192,7576),(193,7577),(199,7578),(200,7579),(201,7580),(202,7581),(203,7582),(206,7583),(207,7584),(208,7585),(209,7586),(210,7587),(211,7588),(211,7589),(212,7590),(212,7591),(213,7592),(213,7593),(219,7594),(220,7595),(221,7596),(221,7597),(222,7598),(222,7599),(223,7600),(223,7601),(229,7602),(230,7603),(231,7604),(232,7605),(233,7606),(239,7607),(240,7608),(241,7609),(242,7610),(243,7611),(246,7612),(248,7613),(250,7614),(256,7615),(257,7616),(258,7617),(259,7618),(260,7619),(266,7620),(266,7621),(267,7622),(268,7623),(269,7624),(270,7625),(276,7626),(277,7627),(277,7628),(278,7629),(279,7630),(280,7631),(286,7632),(287,7633),(288,7634),(289,7635),(290,7636),(296,7637),(296,7638),(297,7639),(298,7640),(298,7641),(299,7642),(300,7643),(306,7644),(307,7645),(308,7646),(309,7647),(310,7648),(310,7649),(316,7650),(317,7651),(317,7652),(318,7653),(319,7654),(320,7655),(326,7656),(327,7657),(328,7658),(329,7659),(330,7660),(336,7661),(337,7662),(338,7663),(339,7664),(339,7665),(340,7666),(340,7667),(346,7668),(347,7669),(348,7670),(349,7671),(350,7672),(350,7673),(356,7674),(357,7675),(358,7676),(359,7677),(360,7678),(366,7679),(367,7680),(367,7681),(368,7682),(369,7683),(370,7684),(376,7685),(377,7686),(378,7687),(379,7688),(380,7689),(382,7690),(384,7691),(390,7692),(391,7693),(392,7694),(393,7695),(394,7696),(400,7697),(401,7698),(402,7699),(403,7700),(404,7701),(410,7702),(411,7703),(412,7704),(413,7705),(414,7706),(420,7707),(421,7708),(422,7709),(423,7710),(424,7711),(426,7712),(429,7713),(430,7714),(431,7715),(431,7716),(432,7717),(433,7718),(434,7719),(436,7720),(439,7721),(441,7722),(442,7723),(442,7724),(443,7725),(443,7726),(444,7727),(445,7728),(446,7729),(452,7730),(453,7731),(454,7732),(455,7733),(456,7734),(462,7735),(463,7736),(464,7737),(465,7738),(466,7739),(472,7740),(473,7741),(474,7742),(475,7743),(476,7744),(478,7745),(479,7746),(482,7747),(482,7748),(483,7749),(484,7750),(485,7751),(486,7752),(492,7753),(493,7754),(494,7755),(495,7756),(496,7757),(496,7758),(497,7759),(498,7760),(501,7761),(502,7762),(503,7763),(503,7764),(504,7765),(504,7766),(505,7767),(506,7768),(507,7769),(508,7770),(509,7771),(510,7772),(510,7773),(511,7774),(512,7775),(512,7776),(513,7777),(514,7778),(515,7779),(515,7780),(516,7781),(517,7782),(520,7783),(521,7784),(522,7785),(522,7786),(523,7787),(523,7788),(524,7789),(525,7790),(526,7791),(527,7792),(528,7793),(530,7794),(531,7795),(532,7796),(533,7797),(533,7798),(533,7799),(534,7800),(535,7801),(535,7802),(535,7803),(536,7804),(538,7805),(540,7806),(542,7807),(543,7808),(544,7809),(544,7810),(545,7811),(546,7812),(547,7813),(549,7814),(552,7815),(553,7816),(554,7817),(554,7818),(555,7819),(555,7820),(556,7821),(556,7822),(557,7823),(558,7824),(559,7825),(562,7826),(563,7827),(563,7828),(564,7829),(564,7830),(565,7831),(566,7832),(567,7833),(570,7834),(573,7835),(574,7836),(574,7837),(575,7838),(576,7839),(577,7840),(583,7841),(583,7842),(583,7843),(584,7844),(585,7845),(586,7846),(586,7847),(587,7848),(589,7849),(590,7850),(591,7851),(592,7852),(593,7853),(594,7854),(594,7855),(595,7856),(595,7857),(595,7858),(596,7859),(596,7860),(597,7861),(597,7862),(603,7863),(604,7864),(605,7865),(605,7866),(606,7867),(606,7868),(606,7869),(607,7870),(607,7871),(608,7872),(609,7873),(610,7874),(611,7875),(612,7876),(613,7877),(614,7878),(614,7879),(615,7880),(616,7881),(616,7882),(617,7883),(617,7884),(618,7885),(619,7886),(620,7887),(621,7888),(622,7889),(623,7890),(623,7891),(623,7892),(624,7893),(625,7894),(626,7895),(626,7896),(626,7897),(627,7898),(628,7899),(629,7900),(631,7901),(632,7902),(634,7903),(635,7904),(636,7905),(637,7906),(638,7907),(639,7944),(639,7945),(640,7908),(641,7909),(643,7910),(645,7911),(645,7912),(646,7913),(647,7914),(648,7915),(648,7916),(649,7917),(649,7918),(650,7946),(650,7947),(650,7948),(661,7934),(661,7935),(662,7936),(662,7937),(663,7938),(663,7939),(664,7940),(664,7941),(665,7942),(665,7943),(666,7949),(666,7950),(667,7951),(667,7952),(668,7919),(669,7920),(670,7921),(671,7922),(672,7923),(673,7924),(673,7925),(674,7926),(674,7927),(675,7928),(675,7929),(676,7930),(676,7931),(677,7932),(677,7933);
/*!40000 ALTER TABLE `armor_slots` ENABLE KEYS */;
UNLOCK TABLES;

--
-- Table structure for table `assets`
--

DROP TABLE IF EXISTS `assets`;
/*!40101 SET @saved_cs_client     = @@character_set_client */;
/*!40101 SET character_set_client = utf8 */;
CREATE TABLE `assets` (
  `id` int(10) unsigned NOT NULL AUTO_INCREMENT,
  `uri` varchar(254) COLLATE utf8_unicode_ci NOT NULL,
  `primary_hash` varchar(128) COLLATE utf8_unicode_ci NOT NULL,
  `secondary_hash` varchar(128) COLLATE utf8_unicode_ci NOT NULL,
  PRIMARY KEY (`id`),
  UNIQUE KEY `hash_idx` (`primary_hash`,`secondary_hash`)
) ENGINE=InnoDB AUTO_INCREMENT=2555 DEFAULT CHARSET=utf8 COLLATE=utf8_unicode_ci;
/*!40101 SET character_set_client = @saved_cs_client */;

--
-- Dumping data for table `assets`
--

LOCK TABLES `assets` WRITE;
/*!40000 ALTER TABLE `assets` DISABLE KEYS */;
INSERT INTO `assets` VALUES (1,'https://assets.mhw-db.com/armor/0c3c7586ed8b763a29b0fb6cb1b11518.e5f105b7b926b37b9deb7261b9b5429618850e33.png','0c3c7586ed8b763a29b0fb6cb1b11518','e5f105b7b926b37b9deb7261b9b5429618850e33'),(2,'https://assets.mhw-db.com/armor/2654a557556a6c2e3f2e849444f55b6e.39c38a1c1834841124d1fd347ea555dcfd0af35e.png','2654a557556a6c2e3f2e849444f55b6e','39c38a1c1834841124d1fd347ea555dcfd0af35e'),(3,'https://assets.mhw-db.com/armor/342ca17275b2ddde09ca5e9b91dbb8c0.fe5755b14c011fb84da9c24ec820f1f4f970aa8a.png','342ca17275b2ddde09ca5e9b91dbb8c0','fe5755b14c011fb84da9c24ec820f1f4f970aa8a'),(4,'https://assets.mhw-db.com/armor/73bbfd8fe799b950db864409d8da5ec5.7b8cf70d48ca5c1c4166c6ff7eff0ed6d05147e1.png','73bbfd8fe799b950db864409d8da5ec5','7b8cf70d48ca5c1c4166c6ff7eff0ed6d05147e1'),(5,'https://assets.mhw-db.com/armor/e3861e0a539bd0b22074e6b3fdaa0de9.36a0a8d89258c5517903bb2278d13e5deda822ac.png','e3861e0a539bd0b22074e6b3fdaa0de9','36a0a8d89258c5517903bb2278d13e5deda822ac'),(6,'https://assets.mhw-db.com/armor/faedeca18ad4f42eb78690a3e337eaa9.980262ae22f488249b295d27a709218e0a9c3334.png','faedeca18ad4f42eb78690a3e337eaa9','980262ae22f488249b295d27a709218e0a9c3334'),(7,'https://assets.mhw-db.com/armor/83058441b342dd8cdd0ee5e053138fd4.80554fd43244e865d08ec61e875f91b032454022.png','83058441b342dd8cdd0ee5e053138fd4','80554fd43244e865d08ec61e875f91b032454022'),(8,'https://assets.mhw-db.com/armor/3ae1fba70c7f715637969ae6a86aae4d.ca5defb62b323f30e0ae633636960b6547112d9c.png','3ae1fba70c7f715637969ae6a86aae4d','ca5defb62b323f30e0ae633636960b6547112d9c'),(9,'https://assets.mhw-db.com/armor/6aba8f0de0f9d65ac83ce892443807d7.554de5fc22d235a72d57ef1fbb651d72acf78445.png','6aba8f0de0f9d65ac83ce892443807d7','554de5fc22d235a72d57ef1fbb651d72acf78445'),(10,'https://assets.mhw-db.com/armor/50fdacd50a5051480c923ecd51ded976.41999180a8c449301c133a8258e1c3b09f932a0e.png','50fdacd50a5051480c923ecd51ded976','41999180a8c449301c133a8258e1c3b09f932a0e'),(11,'https://assets.mhw-db.com/armor/7822533303c3c0b9a44758dfd757e1c4.0ef2482f64129927ffc371951d22fa16f43be658.png','7822533303c3c0b9a44758dfd757e1c4','0ef2482f64129927ffc371951d22fa16f43be658'),(12,'https://assets.mhw-db.com/armor/7644981739e0d9559b5148f2033d8249.9673daf6dca15299f529b7b0f82931774d8584e0.png','7644981739e0d9559b5148f2033d8249','9673daf6dca15299f529b7b0f82931774d8584e0'),(13,'https://assets.mhw-db.com/armor/6589a91530d08910081691a77ef8899f.ab57847fea1a8f63673cf08ffd9a4200bdfe7ec0.png','6589a91530d08910081691a77ef8899f','ab57847fea1a8f63673cf08ffd9a4200bdfe7ec0'),(14,'https://assets.mhw-db.com/armor/e7835cf6b32767c707057f091bfdd91e.cff3c2887d5d8cab073203f495df84d72b9ae847.png','e7835cf6b32767c707057f091bfdd91e','cff3c2887d5d8cab073203f495df84d72b9ae847'),(15,'https://assets.mhw-db.com/armor/5bfe2e9fbc0f6931790c0b04153c2fb1.9b745d060d514ec241f25e34cf9a0f414f4dfad4.png','5bfe2e9fbc0f6931790c0b04153c2fb1','9b745d060d514ec241f25e34cf9a0f414f4dfad4'),(16,'https://assets.mhw-db.com/armor/1eb068e8e1673103e64ff6ca0d30717c.1c6a97b74a43f6f9b75731934ccf8f5fd6ae6e2a.png','1eb068e8e1673103e64ff6ca0d30717c','1c6a97b74a43f6f9b75731934ccf8f5fd6ae6e2a'),(17,'https://assets.mhw-db.com/armor/d253bbfdd2fb618443e559e62e6f82ec.55d7860f0ff807ea2bb78eb7b76342f22b910f69.png','d253bbfdd2fb618443e559e62e6f82ec','55d7860f0ff807ea2bb78eb7b76342f22b910f69'),(18,'https://assets.mhw-db.com/armor/2310e069252f9a3471a0357efa838828.ecbbb2836eed105ac26209e01032475b7eed211d.png','2310e069252f9a3471a0357efa838828','ecbbb2836eed105ac26209e01032475b7eed211d'),(19,'https://assets.mhw-db.com/armor/033c9eaa7d01511c774117bdbbfdb59a.238afc81128326c025de6b8b113041ecd315d087.png','033c9eaa7d01511c774117bdbbfdb59a','238afc81128326c025de6b8b113041ecd315d087'),(20,'https://assets.mhw-db.com/armor/01eea5c4b1fe87767f166b9261fc121f.117e0319dc8ef48599604cf198eae2807db067f2.png','01eea5c4b1fe87767f166b9261fc121f','117e0319dc8ef48599604cf198eae2807db067f2'),(21,'https://assets.mhw-db.com/armor/a4c0081daf0f206c244bf5d8c269e069.6283429a044a56234e9610fd7e5936f6cf536c9a.png','a4c0081daf0f206c244bf5d8c269e069','6283429a044a56234e9610fd7e5936f6cf536c9a'),(22,'https://assets.mhw-db.com/armor/7213f41001a788587446cf0d8c1bb2f3.d9d1bd21ded0ccf386b1b68639b8687df0c881c6.png','7213f41001a788587446cf0d8c1bb2f3','d9d1bd21ded0ccf386b1b68639b8687df0c881c6'),(23,'https://assets.mhw-db.com/armor/06153f51693b3cb41a31c69ccdb2c31c.6d2e65811af1367696d4bbe5aed55b9c95ba7c79.png','06153f51693b3cb41a31c69ccdb2c31c','6d2e65811af1367696d4bbe5aed55b9c95ba7c79'),(24,'https://assets.mhw-db.com/armor/e362175d3f202471be51a6806113d47b.aa2401a04417b1f48b9c6e7da4228c9d1dd680cb.png','e362175d3f202471be51a6806113d47b','aa2401a04417b1f48b9c6e7da4228c9d1dd680cb'),(25,'https://assets.mhw-db.com/armor/bae6aa5ff96c317be6c43dbd75d6a795.750749eda79262429dce52aa21f46178d0a0724f.png','bae6aa5ff96c317be6c43dbd75d6a795','750749eda79262429dce52aa21f46178d0a0724f'),(26,'https://assets.mhw-db.com/armor/7295beba44e5627a606e6898ea744cc9.3fc87930078b61d671f5751d6955ca6ba6070bf8.png','7295beba44e5627a606e6898ea744cc9','3fc87930078b61d671f5751d6955ca6ba6070bf8'),(27,'https://assets.mhw-db.com/armor/5e21db2bb9d1c7df93e3df78ecd0deb9.392dd981adea8336482b961cb9b68418dc2a38e6.png','5e21db2bb9d1c7df93e3df78ecd0deb9','392dd981adea8336482b961cb9b68418dc2a38e6'),(28,'https://assets.mhw-db.com/armor/191ad362eef8f9dde01866096f626db4.898d4ec910585fe84e0038d5d1eaf901ce73f23b.png','191ad362eef8f9dde01866096f626db4','898d4ec910585fe84e0038d5d1eaf901ce73f23b'),(29,'https://assets.mhw-db.com/armor/d5d9d43e7fe370570407c979f0300864.1185d31bcf545264ab740008be69536020267b24.png','d5d9d43e7fe370570407c979f0300864','1185d31bcf545264ab740008be69536020267b24'),(30,'https://assets.mhw-db.com/armor/5f03bb6026de73111d930b84473c5ec6.5c93aec59084490029c6779de534fd76f19ab212.png','5f03bb6026de73111d930b84473c5ec6','5c93aec59084490029c6779de534fd76f19ab212'),(31,'https://assets.mhw-db.com/armor/af2afbc2590c9a3d40504e147af44a5a.90cd4f48c701f735a2ac06b61b9016cb9ebe0a7f.png','af2afbc2590c9a3d40504e147af44a5a','90cd4f48c701f735a2ac06b61b9016cb9ebe0a7f'),(32,'https://assets.mhw-db.com/armor/3552b8fce60da963cf60ec349e0ec570.a648cd9a1f09c75df80cf50d3e14131464542243.png','3552b8fce60da963cf60ec349e0ec570','a648cd9a1f09c75df80cf50d3e14131464542243'),(33,'https://assets.mhw-db.com/armor/208d11c5e16072f03e7615a5b4f1b877.373f12f7cac6c55c3ccf3fb8591d4b9232a633ca.png','208d11c5e16072f03e7615a5b4f1b877','373f12f7cac6c55c3ccf3fb8591d4b9232a633ca'),(34,'https://assets.mhw-db.com/armor/d0a2aed04c2d4ba886eca429cf8ce9a0.57da719541d76ab93ebfd8ef6008644b2343f29d.png','d0a2aed04c2d4ba886eca429cf8ce9a0','57da719541d76ab93ebfd8ef6008644b2343f29d'),(35,'https://assets.mhw-db.com/armor/ac6441ed3b97ad78f6237d0e0dffb2cb.8f8ec34cda10575e277302bc50bcfeb619fbcbaf.png','ac6441ed3b97ad78f6237d0e0dffb2cb','8f8ec34cda10575e277302bc50bcfeb619fbcbaf'),(36,'https://assets.mhw-db.com/armor/500ba48096681ad810d651d321a6c27e.1151ac92a8311a30d30bfa14a8c35b2814931252.png','500ba48096681ad810d651d321a6c27e','1151ac92a8311a30d30bfa14a8c35b2814931252'),(37,'https://assets.mhw-db.com/armor/d55cbaae6ed268a5b42626fecf35f140.86ae9ccbfc754c8fa6d82b09a4d91be068252783.png','d55cbaae6ed268a5b42626fecf35f140','86ae9ccbfc754c8fa6d82b09a4d91be068252783'),(38,'https://assets.mhw-db.com/armor/78b765551134d97a07e03f02854cb0a2.85f85df6c42d1cb2306e055df2068200d6e66042.png','78b765551134d97a07e03f02854cb0a2','85f85df6c42d1cb2306e055df2068200d6e66042'),(39,'https://assets.mhw-db.com/armor/3bf76698cc3cc086424c939d0e9e71d3.431e1669a4b500ec14ef095084781300096903af.png','3bf76698cc3cc086424c939d0e9e71d3','431e1669a4b500ec14ef095084781300096903af'),(40,'https://assets.mhw-db.com/armor/b9343c6d623d3fb0a8f3fdf49e1c600b.141b1bb6e5851d9c5a6767a1c1cd567262b83a6a.png','b9343c6d623d3fb0a8f3fdf49e1c600b','141b1bb6e5851d9c5a6767a1c1cd567262b83a6a'),(41,'https://assets.mhw-db.com/armor/ed1558b6d5ce62363bb4624b458e91ee.e947bbff673fd4581bc654a3cadec67ac545e90d.png','ed1558b6d5ce62363bb4624b458e91ee','e947bbff673fd4581bc654a3cadec67ac545e90d'),(42,'https://assets.mhw-db.com/armor/d06f4e4316acbb74d72b247ed71326b9.fac146735e7b675887f5b22414fe509fff5246d3.png','d06f4e4316acbb74d72b247ed71326b9','fac146735e7b675887f5b22414fe509fff5246d3'),(43,'https://assets.mhw-db.com/armor/79ea61c5ce69990089423a0b7905aef7.c87956cb73c04fb76ac5a8da853c4f06daf07a69.png','79ea61c5ce69990089423a0b7905aef7','c87956cb73c04fb76ac5a8da853c4f06daf07a69'),(44,'https://assets.mhw-db.com/armor/70805e463cc751508150896a2fc34c85.821f5e287b4127b60251c98883d6fad1029fd014.png','70805e463cc751508150896a2fc34c85','821f5e287b4127b60251c98883d6fad1029fd014'),(45,'https://assets.mhw-db.com/armor/77b289f0a7055e9b2e47fdab11790531.3b441ff3d67b9e6331ca65b5495d3a05ceb1680c.png','77b289f0a7055e9b2e47fdab11790531','3b441ff3d67b9e6331ca65b5495d3a05ceb1680c'),(46,'https://assets.mhw-db.com/armor/de36ad0d67683286d3d26282a8bb01bb.d3baa35787bb857befdb328f246e111eaf88a62a.png','de36ad0d67683286d3d26282a8bb01bb','d3baa35787bb857befdb328f246e111eaf88a62a'),(47,'https://assets.mhw-db.com/armor/1e46b5f03b12b02a2e5d6aa14454b280.85f8eb7aec7730a4b0165d0cde3af30d7f602cab.png','1e46b5f03b12b02a2e5d6aa14454b280','85f8eb7aec7730a4b0165d0cde3af30d7f602cab'),(48,'https://assets.mhw-db.com/armor/1b6a3ae87715e59f70e0277ca7c70457.9f4fb6c99a6ad6397a22710a9d657fc778683d65.png','1b6a3ae87715e59f70e0277ca7c70457','9f4fb6c99a6ad6397a22710a9d657fc778683d65'),(49,'https://assets.mhw-db.com/armor/2aafa06c8126a493168365280061b50d.4a47bde3f37e60be1b8bbe18f28a29d7645ca8f7.png','2aafa06c8126a493168365280061b50d','4a47bde3f37e60be1b8bbe18f28a29d7645ca8f7'),(50,'https://assets.mhw-db.com/armor/eb1df468f7e9e67266710943598bd241.e3cfbe7024864666da663e9f556c468a6b9b233b.png','eb1df468f7e9e67266710943598bd241','e3cfbe7024864666da663e9f556c468a6b9b233b'),(51,'https://assets.mhw-db.com/armor/de8b2de850000b3bc6f392c583019d34.9159bb0a05e510b396e3044eb66b0f0ad16bc3eb.png','de8b2de850000b3bc6f392c583019d34','9159bb0a05e510b396e3044eb66b0f0ad16bc3eb'),(52,'https://assets.mhw-db.com/armor/9c425914135da107a18fe6cca67a47f0.82dea65fdad797d8a3dc32d6ea9b1c89cab11755.png','9c425914135da107a18fe6cca67a47f0','82dea65fdad797d8a3dc32d6ea9b1c89cab11755'),(53,'https://assets.mhw-db.com/armor/a25140ade6df8eaa91d782d2a271a160.99d5e4de5a0e69ec033b4a068d9091a378134df4.png','a25140ade6df8eaa91d782d2a271a160','99d5e4de5a0e69ec033b4a068d9091a378134df4'),(54,'https://assets.mhw-db.com/armor/4481267742a2cb1ddd1d1d95654e51cb.d1c2161ebb29aa2a6a504a3f81bc4539a119efee.png','4481267742a2cb1ddd1d1d95654e51cb','d1c2161ebb29aa2a6a504a3f81bc4539a119efee'),(55,'https://assets.mhw-db.com/armor/6465611a75bb8b128ba30af3d8253a8d.dc5077018f467333c6279d7db7085c9257e9b03e.png','6465611a75bb8b128ba30af3d8253a8d','dc5077018f467333c6279d7db7085c9257e9b03e'),(56,'https://assets.mhw-db.com/armor/45f79d40c845cf85caf7253f50f6f452.56316f5ee948673f52da17dfcbdc1d72e43c1017.png','45f79d40c845cf85caf7253f50f6f452','56316f5ee948673f52da17dfcbdc1d72e43c1017'),(57,'https://assets.mhw-db.com/armor/98a3d4cd3c6aa0db82efffc1aed3228f.9b15af288bfb57d36cbe469bb9dd9a31f7d8702c.png','98a3d4cd3c6aa0db82efffc1aed3228f','9b15af288bfb57d36cbe469bb9dd9a31f7d8702c'),(58,'https://assets.mhw-db.com/armor/af3b4fbb487ca5af9f4f77fcb5968fd3.274b3a8c7e1d0a99543395d79d7d2b4cc7fded4e.png','af3b4fbb487ca5af9f4f77fcb5968fd3','274b3a8c7e1d0a99543395d79d7d2b4cc7fded4e'),(59,'https://assets.mhw-db.com/armor/ba2fa70ec04409c13ef4dad6e0a7a8a6.ae2ffa1178b8e1b76d015dda457b0f56657f0ddd.png','ba2fa70ec04409c13ef4dad6e0a7a8a6','ae2ffa1178b8e1b76d015dda457b0f56657f0ddd'),(60,'https://assets.mhw-db.com/armor/1745c5f3371113e7f5b717e1414698a4.8da5297912e0d48ad1630ae282d19ecbf011990a.png','1745c5f3371113e7f5b717e1414698a4','8da5297912e0d48ad1630ae282d19ecbf011990a'),(61,'https://assets.mhw-db.com/armor/d5735f8c39d9db8a8777c4b27c2eb782.21c0947b547c791d9484110ff67ffafdee52dc6a.png','d5735f8c39d9db8a8777c4b27c2eb782','21c0947b547c791d9484110ff67ffafdee52dc6a'),(62,'https://assets.mhw-db.com/armor/a42c1b0ea1b141554bf967196f0317a5.2ecfaa5f2be83f502f953291d8af0e65b32a5bf9.png','a42c1b0ea1b141554bf967196f0317a5','2ecfaa5f2be83f502f953291d8af0e65b32a5bf9'),(63,'https://assets.mhw-db.com/armor/1bee929d2a39777450331105ff50f4f6.17fb997cec092b358cd85171ecccec7145c2d745.png','1bee929d2a39777450331105ff50f4f6','17fb997cec092b358cd85171ecccec7145c2d745'),(64,'https://assets.mhw-db.com/armor/13d5c13407e8577805d128381c1191c5.cb840e82611341181a819af0c82a4b13043d4151.png','13d5c13407e8577805d128381c1191c5','cb840e82611341181a819af0c82a4b13043d4151'),(65,'https://assets.mhw-db.com/armor/28b410f3a10a09f675740d93c3544467.f16d48690b34375633badf5e63b5acdd54119873.png','28b410f3a10a09f675740d93c3544467','f16d48690b34375633badf5e63b5acdd54119873'),(66,'https://assets.mhw-db.com/armor/58bc956976989cde84758ff504064fb5.f98bc785ac9ff401c6fa036ba663b40d695f6794.png','58bc956976989cde84758ff504064fb5','f98bc785ac9ff401c6fa036ba663b40d695f6794'),(67,'https://assets.mhw-db.com/armor/208b30f1a526255bcd3292e1e577101e.0b9a5fa6db5b0b091a1dcf82b205eba967cfa8c3.png','208b30f1a526255bcd3292e1e577101e','0b9a5fa6db5b0b091a1dcf82b205eba967cfa8c3'),(68,'https://assets.mhw-db.com/armor/eeb58b1fd31fe1bb1fb87197b5516acd.f0f12ddf98627c3bd016da548e087ca9d52485a6.png','eeb58b1fd31fe1bb1fb87197b5516acd','f0f12ddf98627c3bd016da548e087ca9d52485a6'),(69,'https://assets.mhw-db.com/armor/e278c290541c3d791b4411b9768dad6c.0a37e43bfbc236bae73738255f9d3756eaf193ef.png','e278c290541c3d791b4411b9768dad6c','0a37e43bfbc236bae73738255f9d3756eaf193ef'),(70,'https://assets.mhw-db.com/armor/9eaca6e8986bdedf2350dfa71f60fe69.a8a6ddb0d1c24b79b405373a8187448e74c0edba.png','9eaca6e8986bdedf2350dfa71f60fe69','a8a6ddb0d1c24b79b405373a8187448e74c0edba'),(71,'https://assets.mhw-db.com/armor/dc0f622a1c0fd14a0e352b0cabb6504b.1e235f669f5d5642ae25b4e3fa08a045d6283796.png','dc0f622a1c0fd14a0e352b0cabb6504b','1e235f669f5d5642ae25b4e3fa08a045d6283796'),(72,'https://assets.mhw-db.com/armor/77487d5c7d793893b58267a98855cf43.7df4eaf6a255bd6ec459a1943071d1f2b31f9685.png','77487d5c7d793893b58267a98855cf43','7df4eaf6a255bd6ec459a1943071d1f2b31f9685'),(73,'https://assets.mhw-db.com/armor/41de6a7f306157b1b6d5f9685fc067d0.fd7ae052d037aaf36b1599338cee95149c8d07d7.png','41de6a7f306157b1b6d5f9685fc067d0','fd7ae052d037aaf36b1599338cee95149c8d07d7'),(74,'https://assets.mhw-db.com/armor/5d5b54de60477155c12e692c8e4f7cae.7fb2632760a9f18bd4a551ac04ff49c3d21d3a2b.png','5d5b54de60477155c12e692c8e4f7cae','7fb2632760a9f18bd4a551ac04ff49c3d21d3a2b'),(75,'https://assets.mhw-db.com/armor/0a3ef6d1f27a6d9975df7a00e5cc5d3e.a6e90afc1f2edc317790a336d76fc03a2b25442e.png','0a3ef6d1f27a6d9975df7a00e5cc5d3e','a6e90afc1f2edc317790a336d76fc03a2b25442e'),(76,'https://assets.mhw-db.com/armor/77acfe55ffe4d2f7e811820300d1e5eb.06261cd0828953adac57da008f5986d6bec89f17.png','77acfe55ffe4d2f7e811820300d1e5eb','06261cd0828953adac57da008f5986d6bec89f17'),(77,'https://assets.mhw-db.com/armor/511f6a87a7bf6ac9bdca94b5dd2d3155.423f33dd70c1adaa1092f719ed94e574cc762d4d.png','511f6a87a7bf6ac9bdca94b5dd2d3155','423f33dd70c1adaa1092f719ed94e574cc762d4d'),(78,'https://assets.mhw-db.com/armor/3920935398e5f4b4652bf8eddd3c6d77.f37cae6e2fac0b4bb04e3931b012342238e1b43f.png','3920935398e5f4b4652bf8eddd3c6d77','f37cae6e2fac0b4bb04e3931b012342238e1b43f'),(79,'https://assets.mhw-db.com/armor/3a2d2d5e0e3bffa150384ff43ae0451d.4d5f826d6b711e116b2b054b4faf17338984ba79.png','3a2d2d5e0e3bffa150384ff43ae0451d','4d5f826d6b711e116b2b054b4faf17338984ba79'),(80,'https://assets.mhw-db.com/armor/12aa5921c9aeaec5a394f0a14916eb05.ee5410c58afd73633b762d085b11bb20522c2bb0.png','12aa5921c9aeaec5a394f0a14916eb05','ee5410c58afd73633b762d085b11bb20522c2bb0'),(81,'https://assets.mhw-db.com/armor/3379ca4d05b4b0c58df4abbf966889ba.8faed1feb02fda7438a8779a916fa05ebf4f76c7.png','3379ca4d05b4b0c58df4abbf966889ba','8faed1feb02fda7438a8779a916fa05ebf4f76c7'),(82,'https://assets.mhw-db.com/armor/5f51718471d5b83794104ffb730caabb.0d0dd29517d376886abdb2c10172a2c8fefe08ef.png','5f51718471d5b83794104ffb730caabb','0d0dd29517d376886abdb2c10172a2c8fefe08ef'),(83,'https://assets.mhw-db.com/armor/4a22703280875d6f5bedc914594d409e.84ae091b7d417f4b12727947adf2f96ba246ca94.png','4a22703280875d6f5bedc914594d409e','84ae091b7d417f4b12727947adf2f96ba246ca94'),(84,'https://assets.mhw-db.com/armor/eaad659ae6c76e72612bdfed81c8c234.f3d22cca412d5685bca08aafa181d80946f9f363.png','eaad659ae6c76e72612bdfed81c8c234','f3d22cca412d5685bca08aafa181d80946f9f363'),(85,'https://assets.mhw-db.com/armor/565d29971328feb850f7acb91d532bba.4cade04487854a8d3b2e0670ca484b14c5e16389.png','565d29971328feb850f7acb91d532bba','4cade04487854a8d3b2e0670ca484b14c5e16389'),(86,'https://assets.mhw-db.com/armor/4ea283f95e273fdaa1028301e2f54f38.e65fffb8f9f371a760b06caaa39dac9b843df90b.png','4ea283f95e273fdaa1028301e2f54f38','e65fffb8f9f371a760b06caaa39dac9b843df90b'),(87,'https://assets.mhw-db.com/armor/728f18550cfb0e9daad64cd1ae5436b4.9574d4d2d95dbd9f2d616e6326ae02eefcaac4b6.png','728f18550cfb0e9daad64cd1ae5436b4','9574d4d2d95dbd9f2d616e6326ae02eefcaac4b6'),(88,'https://assets.mhw-db.com/armor/520586ba1b7cce1b098417c1fb37a34c.0d61ff67aa97750bafec00c984531f5531805ce8.png','520586ba1b7cce1b098417c1fb37a34c','0d61ff67aa97750bafec00c984531f5531805ce8'),(89,'https://assets.mhw-db.com/armor/918be38485aa612c3fb3912850481952.a5f8db27e1dbbbaba204bc5d9f04ef4d51d3027b.png','918be38485aa612c3fb3912850481952','a5f8db27e1dbbbaba204bc5d9f04ef4d51d3027b'),(90,'https://assets.mhw-db.com/armor/f03abb2415eceae2082efffea95834cb.332dce76e0fe0947588f020361df347d9884b121.png','f03abb2415eceae2082efffea95834cb','332dce76e0fe0947588f020361df347d9884b121'),(91,'https://assets.mhw-db.com/armor/e1379ca5d1735fd8032b901b90a2b163.bb08baa8b120b84189c4166ce0eaa9b3591d7b48.png','e1379ca5d1735fd8032b901b90a2b163','bb08baa8b120b84189c4166ce0eaa9b3591d7b48'),(92,'https://assets.mhw-db.com/armor/e011569960a684387f5f69d2cd92bc55.19c40da3b058dc62a2f83a76c84104ed76ae3465.png','e011569960a684387f5f69d2cd92bc55','19c40da3b058dc62a2f83a76c84104ed76ae3465'),(93,'https://assets.mhw-db.com/armor/09f7428563ae4e53a9326e4bbd6798d0.3eb99a58ad52d235d9e772e70c0232a88ab1820e.png','09f7428563ae4e53a9326e4bbd6798d0','3eb99a58ad52d235d9e772e70c0232a88ab1820e'),(94,'https://assets.mhw-db.com/armor/3bb75df772c4c0dd55cfbe6e815684f1.a067e0386ace146a2421684d3016823b1f5107de.png','3bb75df772c4c0dd55cfbe6e815684f1','a067e0386ace146a2421684d3016823b1f5107de'),(95,'https://assets.mhw-db.com/armor/183e6dbfb4750c12c32d2b7fc5a6525b.b972def7fc426eb419abf9de6432de0b8012af46.png','183e6dbfb4750c12c32d2b7fc5a6525b','b972def7fc426eb419abf9de6432de0b8012af46'),(96,'https://assets.mhw-db.com/armor/3336e75bde121960fe747293bd898929.c4e2fabc79a5355d606f7f89b6757b879f2ef331.png','3336e75bde121960fe747293bd898929','c4e2fabc79a5355d606f7f89b6757b879f2ef331'),(97,'https://assets.mhw-db.com/armor/1ba7c053cd9bab8ee966f0d9bdaa5c06.a9e1ee7cf33d57edb9c339bd905dd0d467b0ffb1.png','1ba7c053cd9bab8ee966f0d9bdaa5c06','a9e1ee7cf33d57edb9c339bd905dd0d467b0ffb1'),(98,'https://assets.mhw-db.com/armor/6bfb99e832d6d80b8f1c1cb4f0ccc548.e9b463252aef1fc6583afcdcabaa5f6e04a0d78f.png','6bfb99e832d6d80b8f1c1cb4f0ccc548','e9b463252aef1fc6583afcdcabaa5f6e04a0d78f'),(99,'https://assets.mhw-db.com/armor/f2cf90e54f825fc501296f6a7c0aa313.30936f22bcac491c15b68cc855b9ecb36f663a02.png','f2cf90e54f825fc501296f6a7c0aa313','30936f22bcac491c15b68cc855b9ecb36f663a02'),(100,'https://assets.mhw-db.com/armor/2978ee3088ba1dd5df6f024a7af02a2b.39d4084594bc8d9539d45729392a7492cfa37327.png','2978ee3088ba1dd5df6f024a7af02a2b','39d4084594bc8d9539d45729392a7492cfa37327'),(101,'https://assets.mhw-db.com/armor/0d62e6f054ce26de928c0e1ef681dc0f.d7b36737109e2f7739bcd7d90e497f7ef6bf0455.png','0d62e6f054ce26de928c0e1ef681dc0f','d7b36737109e2f7739bcd7d90e497f7ef6bf0455'),(102,'https://assets.mhw-db.com/armor/9dfc5aae312e21063cbd2d0f3ed0aa0d.152810e955b8ae9b0e9a02243cb7612a5db46a10.png','9dfc5aae312e21063cbd2d0f3ed0aa0d','152810e955b8ae9b0e9a02243cb7612a5db46a10'),(103,'https://assets.mhw-db.com/armor/cf270f9330961ab8aa168ad1178892e0.4710877729622dc31966123da9f2bfb1a97c7a93.png','cf270f9330961ab8aa168ad1178892e0','4710877729622dc31966123da9f2bfb1a97c7a93'),(104,'https://assets.mhw-db.com/armor/a54e38d1c2a9d42b5ed01b8f1d1eb112.dcc29727e4966ddda510147c28cdc4fbd2c6bbed.png','a54e38d1c2a9d42b5ed01b8f1d1eb112','dcc29727e4966ddda510147c28cdc4fbd2c6bbed'),(105,'https://assets.mhw-db.com/armor/fd9add5fe15448971b0f95c3a9e6741d.b6c8cde18c09017d47b18c990cbf14c163930918.png','fd9add5fe15448971b0f95c3a9e6741d','b6c8cde18c09017d47b18c990cbf14c163930918'),(106,'https://assets.mhw-db.com/armor/244566ba993316b8c7d097f85522d314.e647cf9224deec51cda0ba26115f2bf9504de889.png','244566ba993316b8c7d097f85522d314','e647cf9224deec51cda0ba26115f2bf9504de889'),(107,'https://assets.mhw-db.com/armor/6074f5272f6127e4597b20959ceb0599.e4314e8386aadb6e0966a649fc2aec05664eede3.png','6074f5272f6127e4597b20959ceb0599','e4314e8386aadb6e0966a649fc2aec05664eede3'),(108,'https://assets.mhw-db.com/armor/1e990f5b7bbfcaab744d893ef8b7a53f.dfc627bf26f6cf781a5014625d244aea794b00fc.png','1e990f5b7bbfcaab744d893ef8b7a53f','dfc627bf26f6cf781a5014625d244aea794b00fc'),(109,'https://assets.mhw-db.com/armor/3f58ac780fb3f35dce51c4cbd9f9bd53.51bf9fc4bf5f35e7f0008fe31cf336558ef262a6.png','3f58ac780fb3f35dce51c4cbd9f9bd53','51bf9fc4bf5f35e7f0008fe31cf336558ef262a6'),(110,'https://assets.mhw-db.com/armor/40271a95297c8f6bb1b4bba52b437852.3c0c30428171c52fcbeac09ae58d94e22489ec71.png','40271a95297c8f6bb1b4bba52b437852','3c0c30428171c52fcbeac09ae58d94e22489ec71'),(111,'https://assets.mhw-db.com/armor/d26a76e364adf8727c5c5656a8a74dbe.8675a29c608926525724f0f0121ca8952e353514.png','d26a76e364adf8727c5c5656a8a74dbe','8675a29c608926525724f0f0121ca8952e353514'),(112,'https://assets.mhw-db.com/armor/0d1e706b639d9f1ddee12bf7ed9f1afb.0b4c750cc9f46952034aeb431a26e8f5b0ae0c12.png','0d1e706b639d9f1ddee12bf7ed9f1afb','0b4c750cc9f46952034aeb431a26e8f5b0ae0c12'),(113,'https://assets.mhw-db.com/armor/8e802db3a4eb0a6f1f5e3719f4c3d5ce.7a5f7407aed54a47a311676cfd64cb2e169ba0f2.png','8e802db3a4eb0a6f1f5e3719f4c3d5ce','7a5f7407aed54a47a311676cfd64cb2e169ba0f2'),(114,'https://assets.mhw-db.com/armor/3f9810bb96a3b47d64a38cb82bdc7bf8.1e26a6a41c3fbaaa66bfd3b8f252b204fe56aa2f.png','3f9810bb96a3b47d64a38cb82bdc7bf8','1e26a6a41c3fbaaa66bfd3b8f252b204fe56aa2f'),(115,'https://assets.mhw-db.com/armor/f7d00fb036ac3c0d82f16c6631bbd9ec.f52772f8b8bafd0a0543c2adbe0c04e4819cc336.png','f7d00fb036ac3c0d82f16c6631bbd9ec','f52772f8b8bafd0a0543c2adbe0c04e4819cc336'),(116,'https://assets.mhw-db.com/armor/a56293438756f1f838fa869cde2fc3cc.9a956b4ca2cd85644c2993271d818b7e1b869bf7.png','a56293438756f1f838fa869cde2fc3cc','9a956b4ca2cd85644c2993271d818b7e1b869bf7'),(117,'https://assets.mhw-db.com/armor/bc7c46c330442590c4ba5aec42dda14d.7855ac4c3b0f6440fc76602fa8a3b5c8260ce534.png','bc7c46c330442590c4ba5aec42dda14d','7855ac4c3b0f6440fc76602fa8a3b5c8260ce534'),(118,'https://assets.mhw-db.com/armor/401d5f5883a0530b6a448a42ec917832.f7831e884f4a19b2f3423b51133e242fa580b9e4.png','401d5f5883a0530b6a448a42ec917832','f7831e884f4a19b2f3423b51133e242fa580b9e4'),(119,'https://assets.mhw-db.com/armor/de45fb8531b5d859fec588dc7bc2d6aa.4cfb273a3aff4ec2d067cc1a02b307f7a86ed843.png','de45fb8531b5d859fec588dc7bc2d6aa','4cfb273a3aff4ec2d067cc1a02b307f7a86ed843'),(120,'https://assets.mhw-db.com/armor/5c8727f864ff22dc0c2924cf6f17dadb.3b15788e8681860519da19fbab31ba8f1c54524f.png','5c8727f864ff22dc0c2924cf6f17dadb','3b15788e8681860519da19fbab31ba8f1c54524f'),(121,'https://assets.mhw-db.com/armor/4df445615dac0f3b1bdba5960ad4a404.f8cd23da86ffe24c185f33e1fc3bf20515217963.png','4df445615dac0f3b1bdba5960ad4a404','f8cd23da86ffe24c185f33e1fc3bf20515217963'),(122,'https://assets.mhw-db.com/armor/4c05e7aeef91709a50cc98ff1f54ad34.c107fbcb895d7941bcb84a6d31ae12abf7d75d44.png','4c05e7aeef91709a50cc98ff1f54ad34','c107fbcb895d7941bcb84a6d31ae12abf7d75d44'),(123,'https://assets.mhw-db.com/armor/58b69365e8b6101c36785061f9e5ecd9.fd0edba97bb7551f07b90aedd47e849d28bc90bc.png','58b69365e8b6101c36785061f9e5ecd9','fd0edba97bb7551f07b90aedd47e849d28bc90bc'),(124,'https://assets.mhw-db.com/armor/5efb693866a105b7125c66d5ef00a724.c9dab90bab3b91ccad25219640dad8329c6dab5d.png','5efb693866a105b7125c66d5ef00a724','c9dab90bab3b91ccad25219640dad8329c6dab5d'),(125,'https://assets.mhw-db.com/armor/4c5a53de9fdbc2df9f1871f6875f8a2a.afd7603a5871cf16874d35957ba741d60b671c2f.png','4c5a53de9fdbc2df9f1871f6875f8a2a','afd7603a5871cf16874d35957ba741d60b671c2f'),(126,'https://assets.mhw-db.com/armor/f26c07d179ed6dad16f1296bdd44bdea.05bfb4fa275608aea8da88f77c5d0d165cd9ce94.png','f26c07d179ed6dad16f1296bdd44bdea','05bfb4fa275608aea8da88f77c5d0d165cd9ce94'),(127,'https://assets.mhw-db.com/armor/12d333f2b8b4603abf2b3c86045c1cab.2e13b5ceb86dbfadc36ea4d5736e365d06f24366.png','12d333f2b8b4603abf2b3c86045c1cab','2e13b5ceb86dbfadc36ea4d5736e365d06f24366'),(128,'https://assets.mhw-db.com/armor/a4c035c16d3000e2d5e7e831a5f9753a.9ccb72654dd3ef23fff2edad75332e587840f1d0.png','a4c035c16d3000e2d5e7e831a5f9753a','9ccb72654dd3ef23fff2edad75332e587840f1d0'),(129,'https://assets.mhw-db.com/armor/602430eaa4a2769aac5707cb06cd5a4e.cc3d7e6311e0abadd9bef73c900a9da731fa0253.png','602430eaa4a2769aac5707cb06cd5a4e','cc3d7e6311e0abadd9bef73c900a9da731fa0253'),(130,'https://assets.mhw-db.com/armor/e9f53421d7e5afd4153c884e5c0b985e.a774c492943c5e4b9189d6369d8ee4f125f2e611.png','e9f53421d7e5afd4153c884e5c0b985e','a774c492943c5e4b9189d6369d8ee4f125f2e611'),(131,'https://assets.mhw-db.com/armor/6be5f2ec2a1de9e669949eb41a4c7f09.7589325ac749582500b8129e08a3f08cac031dc8.png','6be5f2ec2a1de9e669949eb41a4c7f09','7589325ac749582500b8129e08a3f08cac031dc8'),(132,'https://assets.mhw-db.com/armor/19180379d00d220b96b63edec6bd0caf.68798f53b1d92bdfcf7b05b3f140eda6b65de82e.png','19180379d00d220b96b63edec6bd0caf','68798f53b1d92bdfcf7b05b3f140eda6b65de82e'),(133,'https://assets.mhw-db.com/armor/461ab6b0a8289e6d3686424536befd91.3c83a56f4520f44130f7a7d097d398325b69cec7.png','461ab6b0a8289e6d3686424536befd91','3c83a56f4520f44130f7a7d097d398325b69cec7'),(134,'https://assets.mhw-db.com/armor/8124b9806eebb587ae69b7bbbcb3560c.67faf1d8b8c512b785a265b6993d93fcbff254d0.png','8124b9806eebb587ae69b7bbbcb3560c','67faf1d8b8c512b785a265b6993d93fcbff254d0'),(135,'https://assets.mhw-db.com/armor/490690ca0ea098557f2da1c67fdc1ddd.5a7da1c5b39cf10381d0ccba7975a1b68ae916b8.png','490690ca0ea098557f2da1c67fdc1ddd','5a7da1c5b39cf10381d0ccba7975a1b68ae916b8'),(136,'https://assets.mhw-db.com/armor/5b25cf54147e4116af7595d05ad43df5.ed745763be385ea9bffc84675c1414eff96fa1d0.png','5b25cf54147e4116af7595d05ad43df5','ed745763be385ea9bffc84675c1414eff96fa1d0'),(137,'https://assets.mhw-db.com/armor/27ed25db1fe3d252e520baa4e8cade0a.99bc24a35ca2f105e6f553d3f30f960cef8fe3c3.png','27ed25db1fe3d252e520baa4e8cade0a','99bc24a35ca2f105e6f553d3f30f960cef8fe3c3'),(138,'https://assets.mhw-db.com/armor/130482999b5abe2a2fcaa8e16286fe80.aac73e38cdefc066341432611ba553d082976fe3.png','130482999b5abe2a2fcaa8e16286fe80','aac73e38cdefc066341432611ba553d082976fe3'),(139,'https://assets.mhw-db.com/armor/72a1979b1f153c626fa27f6c7dee0ad9.eae030c1ae244253b38da9db714360b559acfc3b.png','72a1979b1f153c626fa27f6c7dee0ad9','eae030c1ae244253b38da9db714360b559acfc3b'),(140,'https://assets.mhw-db.com/armor/fa976abe8bd0f4bca028c60bed61952d.bb60c7f8237ed1c10fca17aa7418840b6ca2ccc7.png','fa976abe8bd0f4bca028c60bed61952d','bb60c7f8237ed1c10fca17aa7418840b6ca2ccc7'),(141,'https://assets.mhw-db.com/armor/dae1f288fc410af77e39b2f52866f720.222f6148089951f58e28f6281dde13b5684c682f.png','dae1f288fc410af77e39b2f52866f720','222f6148089951f58e28f6281dde13b5684c682f'),(142,'https://assets.mhw-db.com/armor/1d34b14f7313121d96730a644c5e946d.def063c555fa6f03b8389df40ddb2fbee6975389.png','1d34b14f7313121d96730a644c5e946d','def063c555fa6f03b8389df40ddb2fbee6975389'),(143,'https://assets.mhw-db.com/armor/62af5a532e081ca74ee640386d28b56b.e8a8f075073ead43c5d23fab8b635937c82c3688.png','62af5a532e081ca74ee640386d28b56b','e8a8f075073ead43c5d23fab8b635937c82c3688'),(144,'https://assets.mhw-db.com/armor/63230fffc2ec98abc4574595f18743c5.0264ed9a0d95e41d4ce2e90d6f83f61c1d988bda.png','63230fffc2ec98abc4574595f18743c5','0264ed9a0d95e41d4ce2e90d6f83f61c1d988bda'),(145,'https://assets.mhw-db.com/armor/6b0807b718d6ee761305e8fc21084365.b96da1b311b66722a44c23573f9ad13ccc08fa8e.png','6b0807b718d6ee761305e8fc21084365','b96da1b311b66722a44c23573f9ad13ccc08fa8e'),(146,'https://assets.mhw-db.com/armor/f59e9d7237afbac6e385d84ea81558ef.0317fd3842cc6e3a299b4357a20d8cdb37356036.png','f59e9d7237afbac6e385d84ea81558ef','0317fd3842cc6e3a299b4357a20d8cdb37356036'),(147,'https://assets.mhw-db.com/armor/6b906274e9ce10203a513f15ba922099.bb65daab9c10339e45d20d5b47f97b8357aba37a.png','6b906274e9ce10203a513f15ba922099','bb65daab9c10339e45d20d5b47f97b8357aba37a'),(148,'https://assets.mhw-db.com/armor/28032faf842cf681e2e31eac4690b6a4.55798c3eb3da606cdbaae34aff428992e058d4a8.png','28032faf842cf681e2e31eac4690b6a4','55798c3eb3da606cdbaae34aff428992e058d4a8'),(149,'https://assets.mhw-db.com/armor/6748e6f2cbee3959df884724ddd66cff.b8c3c893df4bdca0a2383c3d9bb859d6bd46cdd1.png','6748e6f2cbee3959df884724ddd66cff','b8c3c893df4bdca0a2383c3d9bb859d6bd46cdd1'),(150,'https://assets.mhw-db.com/armor/8378455fb0ae0204c5a7d9de5bc670ac.79935516cfc17196638163fd229623cbdc85bbc8.png','8378455fb0ae0204c5a7d9de5bc670ac','79935516cfc17196638163fd229623cbdc85bbc8'),(151,'https://assets.mhw-db.com/armor/35b1fa2fe2e6e05ccf92b25b6b2eb5de.3a279c19db883e2a9532a51dec095725eb8af979.png','35b1fa2fe2e6e05ccf92b25b6b2eb5de','3a279c19db883e2a9532a51dec095725eb8af979'),(152,'https://assets.mhw-db.com/armor/e436511767cc9be14e95c6c79d6427ec.bfedcb42dab5a31eecd8736f06661b8ec2ec3f76.png','e436511767cc9be14e95c6c79d6427ec','bfedcb42dab5a31eecd8736f06661b8ec2ec3f76'),(153,'https://assets.mhw-db.com/armor/5345232f9c474710bb4d68bb9d7e556d.0573daa0ab5a5b5eb21dbf1d3528c300e6051c68.png','5345232f9c474710bb4d68bb9d7e556d','0573daa0ab5a5b5eb21dbf1d3528c300e6051c68'),(154,'https://assets.mhw-db.com/armor/5b76fe59fcb28c3c8790b6a6027dbf1d.b63aa386ec55abc130bbd95fd89676c35418ca7e.png','5b76fe59fcb28c3c8790b6a6027dbf1d','b63aa386ec55abc130bbd95fd89676c35418ca7e'),(155,'https://assets.mhw-db.com/armor/433ed88362cb56340902241841253a40.088884f9f92ecaeb46be33a765b46d430b8da83d.png','433ed88362cb56340902241841253a40','088884f9f92ecaeb46be33a765b46d430b8da83d'),(156,'https://assets.mhw-db.com/armor/a4b5af5680a65d332ecfef76d7d766a6.8defe778d410521203b4aa521c2ed691b58d48e9.png','a4b5af5680a65d332ecfef76d7d766a6','8defe778d410521203b4aa521c2ed691b58d48e9'),(157,'https://assets.mhw-db.com/armor/1f3fe999dad582bcba71a9eb79b0b2a8.e8becdf67f9ec314d24ff68f6e31b1d2ca79dacf.png','1f3fe999dad582bcba71a9eb79b0b2a8','e8becdf67f9ec314d24ff68f6e31b1d2ca79dacf'),(158,'https://assets.mhw-db.com/armor/883eeaaec74b060d8f00d7bc8c8ce251.b1907122a2a3f941388976da534efe7c685bd8c4.png','883eeaaec74b060d8f00d7bc8c8ce251','b1907122a2a3f941388976da534efe7c685bd8c4'),(159,'https://assets.mhw-db.com/armor/94e11d5e9517ef59c5b636fe16a79e08.09e2e8f6180d4dcb11e1eaf9f95fc5758d3ce036.png','94e11d5e9517ef59c5b636fe16a79e08','09e2e8f6180d4dcb11e1eaf9f95fc5758d3ce036'),(160,'https://assets.mhw-db.com/armor/7812ffdb4d8f672a23362a6fa346930e.e3fbc9e5c0b5a1cd2f0d43acf7860ae46ff0b7ab.png','7812ffdb4d8f672a23362a6fa346930e','e3fbc9e5c0b5a1cd2f0d43acf7860ae46ff0b7ab'),(161,'https://assets.mhw-db.com/armor/2bc69636df10fe1de79df2e7c12220f6.8586e60ec3f2125d6dc585396f26262b1e37b3e3.png','2bc69636df10fe1de79df2e7c12220f6','8586e60ec3f2125d6dc585396f26262b1e37b3e3'),(162,'https://assets.mhw-db.com/armor/983bf4b75832b3e0914160636379f881.7f9b6e3ee1a5d0502160ff6579ffd69188e8a2b5.png','983bf4b75832b3e0914160636379f881','7f9b6e3ee1a5d0502160ff6579ffd69188e8a2b5'),(163,'https://assets.mhw-db.com/armor/084f03c790bfdf38d6bc4734fa6c3677.2f5d1c87b21b6c6f16168e46401ca2e716fba340.png','084f03c790bfdf38d6bc4734fa6c3677','2f5d1c87b21b6c6f16168e46401ca2e716fba340'),(164,'https://assets.mhw-db.com/armor/b8e41689035907e88c267d57934698a1.1da9b3d9987c9e9abae249b2d1086eefb90fb749.png','b8e41689035907e88c267d57934698a1','1da9b3d9987c9e9abae249b2d1086eefb90fb749'),(165,'https://assets.mhw-db.com/armor/0cbcdf67b064bed77969de49b762afb8.f16a3bbf08008e6a0117c363f032abfa037c1386.png','0cbcdf67b064bed77969de49b762afb8','f16a3bbf08008e6a0117c363f032abfa037c1386'),(166,'https://assets.mhw-db.com/armor/c20e2041b002773afa0156aa1c690e78.08e6d4e3a8efb37450033bde53bd3c234546b8d0.png','c20e2041b002773afa0156aa1c690e78','08e6d4e3a8efb37450033bde53bd3c234546b8d0'),(167,'https://assets.mhw-db.com/armor/29acffdb50b4bff0c7a984066ca0165d.394a608a5484ea851594d94126fc26c1f5dd127d.png','29acffdb50b4bff0c7a984066ca0165d','394a608a5484ea851594d94126fc26c1f5dd127d'),(168,'https://assets.mhw-db.com/armor/6eac897376f65f2755ccd2409ec1d902.440d2c43c4adcb9039eca63761faabc302460b12.png','6eac897376f65f2755ccd2409ec1d902','440d2c43c4adcb9039eca63761faabc302460b12'),(169,'https://assets.mhw-db.com/armor/e43b4f44f4d4e7a0532991b576ff8418.28064b74d023ebb716d41bbfd4c8fe606d1c757d.png','e43b4f44f4d4e7a0532991b576ff8418','28064b74d023ebb716d41bbfd4c8fe606d1c757d'),(170,'https://assets.mhw-db.com/armor/544308467521193125718c506867400a.2d79c3072003f50dcc1fc179cbe11c7a513f7753.png','544308467521193125718c506867400a','2d79c3072003f50dcc1fc179cbe11c7a513f7753'),(171,'https://assets.mhw-db.com/armor/3c7fea0a32d34950cda0eb171c3f0869.ec7b05c0e2680efc41d75d6bcb86b95ede41ffd4.png','3c7fea0a32d34950cda0eb171c3f0869','ec7b05c0e2680efc41d75d6bcb86b95ede41ffd4'),(172,'https://assets.mhw-db.com/armor/546d453824608b75a9a4bf85b8437d24.8d75c90427cdf44ae22529f9e7c61ce1d6b93cb0.png','546d453824608b75a9a4bf85b8437d24','8d75c90427cdf44ae22529f9e7c61ce1d6b93cb0'),(173,'https://assets.mhw-db.com/armor/bb6ddfc7c07ff8381be119518867fd47.d51af692ee2b954829035ed7c238f9283d368cd7.png','bb6ddfc7c07ff8381be119518867fd47','d51af692ee2b954829035ed7c238f9283d368cd7'),(174,'https://assets.mhw-db.com/armor/5a6a71becd6d93d54db985b85f01fd67.22f4b3d8c3a75403761f79bf109d84355790e570.png','5a6a71becd6d93d54db985b85f01fd67','22f4b3d8c3a75403761f79bf109d84355790e570'),(175,'https://assets.mhw-db.com/armor/cf39e845be9721be216c4d545abb277c.9407236b07f4482419ae3ee047b955caf31fbde7.png','cf39e845be9721be216c4d545abb277c','9407236b07f4482419ae3ee047b955caf31fbde7'),(176,'https://assets.mhw-db.com/armor/9c7e5b1170074345c1e49281c4a7f35a.c7bf8db2354c0273013a72793112b6f575579a7e.png','9c7e5b1170074345c1e49281c4a7f35a','c7bf8db2354c0273013a72793112b6f575579a7e'),(177,'https://assets.mhw-db.com/armor/2cfc762249bc2ceeaa870d8c8bbec1ca.7c7aa61e2d6bd820e2004165e6db7454555b091f.png','2cfc762249bc2ceeaa870d8c8bbec1ca','7c7aa61e2d6bd820e2004165e6db7454555b091f'),(178,'https://assets.mhw-db.com/armor/a41474dff9a4861d66609c9b31c6f6fe.227b7a26173fae04296b9425742e7fb794f7dcd1.png','a41474dff9a4861d66609c9b31c6f6fe','227b7a26173fae04296b9425742e7fb794f7dcd1'),(179,'https://assets.mhw-db.com/armor/2c7914276f8f22bf44d148df5e254cd9.3a21ea724bfdb1e48f90fa3e59888da125819548.png','2c7914276f8f22bf44d148df5e254cd9','3a21ea724bfdb1e48f90fa3e59888da125819548'),(180,'https://assets.mhw-db.com/armor/0cdf18be6e40fb603ed1edc869c3bba3.6785b8b266f395ff5b71a3f5a95c9ee09c503654.png','0cdf18be6e40fb603ed1edc869c3bba3','6785b8b266f395ff5b71a3f5a95c9ee09c503654'),(181,'https://assets.mhw-db.com/armor/f2311b2d3fc1c0381d5ecaac205b5c65.d35f6c86020728f8943b60f99354209d9c667d1c.png','f2311b2d3fc1c0381d5ecaac205b5c65','d35f6c86020728f8943b60f99354209d9c667d1c'),(182,'https://assets.mhw-db.com/armor/c9ba8178771053665466f70329ca9e5b.51cb77a0c2eef7d4c47d457b7b69fbd5f41ff443.png','c9ba8178771053665466f70329ca9e5b','51cb77a0c2eef7d4c47d457b7b69fbd5f41ff443'),(183,'https://assets.mhw-db.com/armor/6d82c35c6ba69266bf7598678b9407e4.1176c1da469172f4b83de8669330eb4d0da21d16.png','6d82c35c6ba69266bf7598678b9407e4','1176c1da469172f4b83de8669330eb4d0da21d16'),(184,'https://assets.mhw-db.com/armor/d39dffeccac36fb771cf3becbdb6814c.a16e631dd88273b2d17ef124b4cfc983a41a740c.png','d39dffeccac36fb771cf3becbdb6814c','a16e631dd88273b2d17ef124b4cfc983a41a740c'),(185,'https://assets.mhw-db.com/armor/4ec64b4082bdb217415a4b7c5cec1cc2.42e87b154640919f1fd1cd55d5d056c2e99a76c9.png','4ec64b4082bdb217415a4b7c5cec1cc2','42e87b154640919f1fd1cd55d5d056c2e99a76c9'),(186,'https://assets.mhw-db.com/armor/1d3b9f721aa0d6a8f0f5b38528ee3084.feb6e3f755771a732ff5ce583e91fb6734fdcff9.png','1d3b9f721aa0d6a8f0f5b38528ee3084','feb6e3f755771a732ff5ce583e91fb6734fdcff9'),(187,'https://assets.mhw-db.com/armor/9bb6920d024b9ce7f1f790f351933097.112e4fc191e84f96e927c12db8bc3b0dbaa25443.png','9bb6920d024b9ce7f1f790f351933097','112e4fc191e84f96e927c12db8bc3b0dbaa25443'),(188,'https://assets.mhw-db.com/armor/c1362df0f99cf1380210e8f8825cc006.2955c7e3d5a750e99c6e4558e12f40fc033bf840.png','c1362df0f99cf1380210e8f8825cc006','2955c7e3d5a750e99c6e4558e12f40fc033bf840'),(189,'https://assets.mhw-db.com/armor/27e504fba6635bf7fd4dbe64442bca3b.c22ce56ea07c382a55106dfc86d93cb536f41536.png','27e504fba6635bf7fd4dbe64442bca3b','c22ce56ea07c382a55106dfc86d93cb536f41536'),(190,'https://assets.mhw-db.com/armor/c5b9c9e2743e036944c6bdafd922225d.dac8da1860d351746ebab15a232d443d08ffcf2f.png','c5b9c9e2743e036944c6bdafd922225d','dac8da1860d351746ebab15a232d443d08ffcf2f'),(191,'https://assets.mhw-db.com/armor/0318d430a5d82d3d05440c62ee6b4c63.0f312bfd97ec01880de4a4a52669df16a3029b51.png','0318d430a5d82d3d05440c62ee6b4c63','0f312bfd97ec01880de4a4a52669df16a3029b51'),(192,'https://assets.mhw-db.com/armor/07cc24db148a50507673c68b9e183a08.6022a618cf6f8862893a46f7de142808e038b9e7.png','07cc24db148a50507673c68b9e183a08','6022a618cf6f8862893a46f7de142808e038b9e7'),(193,'https://assets.mhw-db.com/armor/48a2b348243dc152e2560a9c91703784.18f3010384b17757586d16ca8e90e02a604f4694.png','48a2b348243dc152e2560a9c91703784','18f3010384b17757586d16ca8e90e02a604f4694'),(194,'https://assets.mhw-db.com/armor/6dafaa160338b4c7cfcc9614d420abf6.f9083b713c7c9eb41b80f5e7b344ea65f2956110.png','6dafaa160338b4c7cfcc9614d420abf6','f9083b713c7c9eb41b80f5e7b344ea65f2956110'),(195,'https://assets.mhw-db.com/armor/2f1985242a8d59078331b483f3e66efa.7cdbca0dc7a84417c35fa4770636eac7bc7bfd4c.png','2f1985242a8d59078331b483f3e66efa','7cdbca0dc7a84417c35fa4770636eac7bc7bfd4c'),(196,'https://assets.mhw-db.com/armor/90b5c3139625c2955d6a2c2a4524cf3a.7027908211d24f2aa1ad066baa965e2e17fdef97.png','90b5c3139625c2955d6a2c2a4524cf3a','7027908211d24f2aa1ad066baa965e2e17fdef97'),(197,'https://assets.mhw-db.com/armor/dacd0f041026f95ac2646af1fbea5855.3e3c6577bdf5c2635017afea4cc8136086aa06eb.png','dacd0f041026f95ac2646af1fbea5855','3e3c6577bdf5c2635017afea4cc8136086aa06eb'),(198,'https://assets.mhw-db.com/armor/6baf16b02a63c0c0eda42b38dc0ee17b.fe6268a07932fab22b73833f4ff64036c021504d.png','6baf16b02a63c0c0eda42b38dc0ee17b','fe6268a07932fab22b73833f4ff64036c021504d'),(199,'https://assets.mhw-db.com/armor/c3e208edd84718870240f6f8d703afbf.6db127df98fd4d81226b0f8ac07b886705c34f56.png','c3e208edd84718870240f6f8d703afbf','6db127df98fd4d81226b0f8ac07b886705c34f56'),(200,'https://assets.mhw-db.com/armor/aaa51b31e959c80f3b87990b42d9b267.ea3097d0580b9c61262bafbe881580e7f981127a.png','aaa51b31e959c80f3b87990b42d9b267','ea3097d0580b9c61262bafbe881580e7f981127a'),(201,'https://assets.mhw-db.com/armor/5b6b7ad3b7df678f7664d2ad4c1138d0.5157bcc1549a066300a734f2e2177f0d6ed17663.png','5b6b7ad3b7df678f7664d2ad4c1138d0','5157bcc1549a066300a734f2e2177f0d6ed17663'),(202,'https://assets.mhw-db.com/armor/ada324ec8ae51f3ab39b571903827efb.89ffb6d44078c92eda4255031373393ef4f1f0c7.png','ada324ec8ae51f3ab39b571903827efb','89ffb6d44078c92eda4255031373393ef4f1f0c7'),(203,'https://assets.mhw-db.com/armor/7a2736810dc524b8d9ace604a35bd385.21c997d9d0d0216513d4b0da9e56d36920fa10df.png','7a2736810dc524b8d9ace604a35bd385','21c997d9d0d0216513d4b0da9e56d36920fa10df'),(204,'https://assets.mhw-db.com/armor/70f1d849cb2c80f2e420c62b6e9f36ce.7d77b6530db70665e22ff9348f28ba3384be7bf7.png','70f1d849cb2c80f2e420c62b6e9f36ce','7d77b6530db70665e22ff9348f28ba3384be7bf7'),(205,'https://assets.mhw-db.com/armor/ce565a4850c1c483be80acbd4baa841a.8cd5a9197db4860128f0663ea4550862f1259299.png','ce565a4850c1c483be80acbd4baa841a','8cd5a9197db4860128f0663ea4550862f1259299'),(206,'https://assets.mhw-db.com/armor/d3673510a37b44eaa1f6acfa55712dfd.3fa4e927e8eec7d66aa6caaab586c74245a1092f.png','d3673510a37b44eaa1f6acfa55712dfd','3fa4e927e8eec7d66aa6caaab586c74245a1092f'),(207,'https://assets.mhw-db.com/armor/a7871b670edb289f40934249a6488b2d.1379f832c0270067744eba62f1c839a61ab5c146.png','a7871b670edb289f40934249a6488b2d','1379f832c0270067744eba62f1c839a61ab5c146'),(208,'https://assets.mhw-db.com/armor/23ad3af8455b771497c40c41ec5d52be.aa5a8cd523500dab0affd480f0e3f6f80077dfbd.png','23ad3af8455b771497c40c41ec5d52be','aa5a8cd523500dab0affd480f0e3f6f80077dfbd'),(209,'https://assets.mhw-db.com/armor/7f1cb80075fe4b06dac359ca6ce138fa.3c5e9da285de9ce46f1c306092635836c2a57110.png','7f1cb80075fe4b06dac359ca6ce138fa','3c5e9da285de9ce46f1c306092635836c2a57110'),(210,'https://assets.mhw-db.com/armor/b4fd09cf45c94530a109ffe91bedc047.fb3ef29223c62d468122781ac7db4824e5b816ed.png','b4fd09cf45c94530a109ffe91bedc047','fb3ef29223c62d468122781ac7db4824e5b816ed'),(211,'https://assets.mhw-db.com/armor/b5d82ffeb7f4649ad47adf9512f106a6.2218cd577bdaf32013efddc7ebea8fb9dad7b660.png','b5d82ffeb7f4649ad47adf9512f106a6','2218cd577bdaf32013efddc7ebea8fb9dad7b660'),(212,'https://assets.mhw-db.com/armor/d7a287c0f64fd59529250eb92f3aca6f.5c025dda8b29e26fe8997f7d7574654c884bd170.png','d7a287c0f64fd59529250eb92f3aca6f','5c025dda8b29e26fe8997f7d7574654c884bd170'),(213,'https://assets.mhw-db.com/armor/b8c00acd5208a3af4191e7df4692d32b.37e47b90bdddcc09b7dea0f7649e9e50debb8e6a.png','b8c00acd5208a3af4191e7df4692d32b','37e47b90bdddcc09b7dea0f7649e9e50debb8e6a'),(214,'https://assets.mhw-db.com/armor/063f09e977038d18e88454b25ef63bd4.8ddc94f715bbc18d372edd2f27ca0d7a17b392c4.png','063f09e977038d18e88454b25ef63bd4','8ddc94f715bbc18d372edd2f27ca0d7a17b392c4'),(215,'https://assets.mhw-db.com/armor/d5a87118d69405bff2da1b2d6c2e0965.8d732747f46565c5c07d0c0cb141ad66c0d0f210.png','d5a87118d69405bff2da1b2d6c2e0965','8d732747f46565c5c07d0c0cb141ad66c0d0f210'),(216,'https://assets.mhw-db.com/armor/e2c601c952b39ab47a31a8bc8224ac9e.34b54e2b5df44222f4a9ac13ecd964448ee56b98.png','e2c601c952b39ab47a31a8bc8224ac9e','34b54e2b5df44222f4a9ac13ecd964448ee56b98'),(217,'https://assets.mhw-db.com/armor/189e77806945bbbb179de00dafb62bbb.b388d7672cf9282c147b0689626f2612bed2348c.png','189e77806945bbbb179de00dafb62bbb','b388d7672cf9282c147b0689626f2612bed2348c'),(218,'https://assets.mhw-db.com/armor/4e877ce3ea3b1b28ad47fe6aa395c60b.2280b985cf9fdc93a17fd5bf8d48acdeaeb51fd3.png','4e877ce3ea3b1b28ad47fe6aa395c60b','2280b985cf9fdc93a17fd5bf8d48acdeaeb51fd3'),(219,'https://assets.mhw-db.com/armor/8508067783652d2750cc6263b48c50a6.c97f97040304d61390360f07d8974664584d028a.png','8508067783652d2750cc6263b48c50a6','c97f97040304d61390360f07d8974664584d028a'),(220,'https://assets.mhw-db.com/armor/12a65b8f078e6f7632975f371e102be6.77fee2f2b1931b9e91aa1a7237bdb856df47fb90.png','12a65b8f078e6f7632975f371e102be6','77fee2f2b1931b9e91aa1a7237bdb856df47fb90'),(221,'https://assets.mhw-db.com/armor/4f16b7acedb3301cc01ad424a6a0ff9a.5d8b2ce7c11b9d670f927225d15f105bfaec89c4.png','4f16b7acedb3301cc01ad424a6a0ff9a','5d8b2ce7c11b9d670f927225d15f105bfaec89c4'),(222,'https://assets.mhw-db.com/armor/710a8a31dfe54bef1a9d9e172acab03b.78b24cbd00d294661ff5c688608f49509c82ff7d.png','710a8a31dfe54bef1a9d9e172acab03b','78b24cbd00d294661ff5c688608f49509c82ff7d'),(223,'https://assets.mhw-db.com/armor/06af2be44c0d53c70bcbbb4e0b426496.1ad9107c6fc9276b3193ba3a35d167e630502c70.png','06af2be44c0d53c70bcbbb4e0b426496','1ad9107c6fc9276b3193ba3a35d167e630502c70'),(224,'https://assets.mhw-db.com/armor/1315a38935e7290bb384e49708622ad4.8524051ccb36b2bada70f48a326d46633c8f358e.png','1315a38935e7290bb384e49708622ad4','8524051ccb36b2bada70f48a326d46633c8f358e'),(225,'https://assets.mhw-db.com/armor/1d159096be79ba686881bc47faaf0ce0.edb5b84b0596e473a1f2ff74b97b31dfbecfa591.png','1d159096be79ba686881bc47faaf0ce0','edb5b84b0596e473a1f2ff74b97b31dfbecfa591'),(226,'https://assets.mhw-db.com/armor/f0b9613794f5f1bec141cc59b4d7ea5d.a6251542bd657faf66de8350f03f9b0f2148fa43.png','f0b9613794f5f1bec141cc59b4d7ea5d','a6251542bd657faf66de8350f03f9b0f2148fa43'),(227,'https://assets.mhw-db.com/armor/15566c268a4c518cb93560e27ed1faa7.142a4d455e13ca71c646d3f66e0cec7997b06488.png','15566c268a4c518cb93560e27ed1faa7','142a4d455e13ca71c646d3f66e0cec7997b06488'),(228,'https://assets.mhw-db.com/armor/bd17de292235affb3e8bd1765d79b008.7cced5168110fc88337b8ceb557c6da344767822.png','bd17de292235affb3e8bd1765d79b008','7cced5168110fc88337b8ceb557c6da344767822'),(229,'https://assets.mhw-db.com/armor/9edc4f5e64c884c1293508a9eb1a5481.609478e80fa547a1cbb3def39efec7e816392a35.png','9edc4f5e64c884c1293508a9eb1a5481','609478e80fa547a1cbb3def39efec7e816392a35'),(230,'https://assets.mhw-db.com/armor/a039c8fe323067f5186e94b0a2755ae2.22dc4be360bd24463c1890bc224ea5904aeb9c8a.png','a039c8fe323067f5186e94b0a2755ae2','22dc4be360bd24463c1890bc224ea5904aeb9c8a'),(231,'https://assets.mhw-db.com/armor/5a6a5f1ed7057c35eeb3d2249b909adf.f2681c18c06bfab3549a0c548196f8dea00dd887.png','5a6a5f1ed7057c35eeb3d2249b909adf','f2681c18c06bfab3549a0c548196f8dea00dd887'),(232,'https://assets.mhw-db.com/armor/e796b738dbb77c6c376648d39a94aac3.e56d375a4586c40e5918b621f525430b46e4e05e.png','e796b738dbb77c6c376648d39a94aac3','e56d375a4586c40e5918b621f525430b46e4e05e'),(233,'https://assets.mhw-db.com/armor/0988f94ed1b9f2a24286d8930fef04b5.27be55433619e1ee163dc620d0098b824ce08162.png','0988f94ed1b9f2a24286d8930fef04b5','27be55433619e1ee163dc620d0098b824ce08162'),(234,'https://assets.mhw-db.com/armor/f1b369aded524fa4163a53d1497a7be9.0923265a674437ffc1fee3bc01987c4daddc0281.png','f1b369aded524fa4163a53d1497a7be9','0923265a674437ffc1fee3bc01987c4daddc0281'),(235,'https://assets.mhw-db.com/armor/a276931ffc56ad04cfe5d569d78de35b.f1a58c9433a3b949d437a994d049584be220ee6c.png','a276931ffc56ad04cfe5d569d78de35b','f1a58c9433a3b949d437a994d049584be220ee6c'),(236,'https://assets.mhw-db.com/armor/dedd97c57b2a2f0bad4c599ae736047e.8795f6da09b57f856651d319ae716f641434c64b.png','dedd97c57b2a2f0bad4c599ae736047e','8795f6da09b57f856651d319ae716f641434c64b'),(237,'https://assets.mhw-db.com/armor/834768bde98d1a6a77b24e96afbfd3c2.0336c128fdd1c68fdb6f64ab025aa4eabb3faf6e.png','834768bde98d1a6a77b24e96afbfd3c2','0336c128fdd1c68fdb6f64ab025aa4eabb3faf6e'),(238,'https://assets.mhw-db.com/armor/a42454fbb17ca73b958e1b06e8ff8d64.d3ada55eccb31be2889d76a232cbf14f0461a951.png','a42454fbb17ca73b958e1b06e8ff8d64','d3ada55eccb31be2889d76a232cbf14f0461a951'),(239,'https://assets.mhw-db.com/armor/31e72ff9409ad36540aafa5b95fd80e6.931e2f87373f0d545b1448e8b071c8965ee7fa2d.png','31e72ff9409ad36540aafa5b95fd80e6','931e2f87373f0d545b1448e8b071c8965ee7fa2d'),(240,'https://assets.mhw-db.com/armor/66cd3d321596eb5a0c029c7342a577f1.535c78969ff83c0f5f3a4be47ffb98e79d5700d3.png','66cd3d321596eb5a0c029c7342a577f1','535c78969ff83c0f5f3a4be47ffb98e79d5700d3'),(241,'https://assets.mhw-db.com/armor/d0c59bf5558a4dcdc2919e3c86d698d6.1c4841edcdbcfbf7a01319597d66aa7fac17e160.png','d0c59bf5558a4dcdc2919e3c86d698d6','1c4841edcdbcfbf7a01319597d66aa7fac17e160'),(242,'https://assets.mhw-db.com/armor/0673a7d47618a14ccba8ab054967e121.d54c20303fa1e1b149a1d3c8d82839991155ff77.png','0673a7d47618a14ccba8ab054967e121','d54c20303fa1e1b149a1d3c8d82839991155ff77'),(243,'https://assets.mhw-db.com/armor/2ec24333703b4cba3fde96e2e0ba7e1c.51db979e214873d4028e366cf7056e5b9258eaf6.png','2ec24333703b4cba3fde96e2e0ba7e1c','51db979e214873d4028e366cf7056e5b9258eaf6'),(244,'https://assets.mhw-db.com/armor/b4c92e08930a4255f64ed225d47ece4d.c7507da02c3e7e681e5f8eb31486777f917142e4.png','b4c92e08930a4255f64ed225d47ece4d','c7507da02c3e7e681e5f8eb31486777f917142e4'),(245,'https://assets.mhw-db.com/armor/cf655af2b0cd37c40bc9e5481b0ff977.78c133716c0d00031f0f53004b5a6c7343a8d3cb.png','cf655af2b0cd37c40bc9e5481b0ff977','78c133716c0d00031f0f53004b5a6c7343a8d3cb'),(246,'https://assets.mhw-db.com/armor/b92518d18b2bc1ff7e7f674629d943f5.e9437fe1fa72d814c8b8c32ad1d413ea62893fed.png','b92518d18b2bc1ff7e7f674629d943f5','e9437fe1fa72d814c8b8c32ad1d413ea62893fed'),(247,'https://assets.mhw-db.com/armor/22bb8e4d3e1212a19f376e2e85a40121.da7dc3459709e2b4ef5fbe9cf14de5ebd81e3238.png','22bb8e4d3e1212a19f376e2e85a40121','da7dc3459709e2b4ef5fbe9cf14de5ebd81e3238'),(248,'https://assets.mhw-db.com/armor/92ed673cb93069dc4d9edeea82d7a76c.2cd0780414b4dc2c46bcdebc9191e4fa9beadc34.png','92ed673cb93069dc4d9edeea82d7a76c','2cd0780414b4dc2c46bcdebc9191e4fa9beadc34'),(249,'https://assets.mhw-db.com/armor/6f8724b0a780fd0911acafe911321ed6.d5e50328e6694dbeb95c1f3330a6ac32c3267008.png','6f8724b0a780fd0911acafe911321ed6','d5e50328e6694dbeb95c1f3330a6ac32c3267008'),(250,'https://assets.mhw-db.com/armor/078ee4a0d982e1d2d515e29f8b62634f.eaa07f3415bb8b61d7bfc9633270d827ef7f0b32.png','078ee4a0d982e1d2d515e29f8b62634f','eaa07f3415bb8b61d7bfc9633270d827ef7f0b32'),(251,'https://assets.mhw-db.com/armor/39fc304f2b4dbea1df8ff4dcecf2d078.fe86d391d1bf60ace574d16ca37f135e7739750a.png','39fc304f2b4dbea1df8ff4dcecf2d078','fe86d391d1bf60ace574d16ca37f135e7739750a'),(252,'https://assets.mhw-db.com/armor/584be47cd63cf59137f0507fd098b40d.177fbe380f2259582e8d2f09db5a8f9d83400d18.png','584be47cd63cf59137f0507fd098b40d','177fbe380f2259582e8d2f09db5a8f9d83400d18'),(253,'https://assets.mhw-db.com/armor/794caa038cc3f94a1211d8961bddf592.37307a8662064ad9e1d7bcb32ca807146559d8c8.png','794caa038cc3f94a1211d8961bddf592','37307a8662064ad9e1d7bcb32ca807146559d8c8'),(254,'https://assets.mhw-db.com/armor/697e7290e4e9a4693e49883bdf1f7889.1fbfeaf29195c60a25af476d11be8b303d122a05.png','697e7290e4e9a4693e49883bdf1f7889','1fbfeaf29195c60a25af476d11be8b303d122a05'),(255,'https://assets.mhw-db.com/armor/14688c585f4ece4110dfc7ac71f859cb.81f003b7a5008fd9d29c9c0404f7c0c6f145636c.png','14688c585f4ece4110dfc7ac71f859cb','81f003b7a5008fd9d29c9c0404f7c0c6f145636c'),(256,'https://assets.mhw-db.com/armor/79db038daaeb16fc1f7f09bcce5a4f5c.310d1a1ced562ce0df59b220ebff007af28f9447.png','79db038daaeb16fc1f7f09bcce5a4f5c','310d1a1ced562ce0df59b220ebff007af28f9447'),(257,'https://assets.mhw-db.com/armor/d7cff3582ed911adb7af64f6833e20c9.c5148f1f3829664568ad14a910afae3b160ed0da.png','d7cff3582ed911adb7af64f6833e20c9','c5148f1f3829664568ad14a910afae3b160ed0da'),(258,'https://assets.mhw-db.com/armor/5ad1aeb5a7740c58c51c6b21921a1228.ccb8314b82ea07d1e91f9f649360627a4ce494eb.png','5ad1aeb5a7740c58c51c6b21921a1228','ccb8314b82ea07d1e91f9f649360627a4ce494eb'),(259,'https://assets.mhw-db.com/armor/af8e4825ee92de7f1bc4ed45f9500cb5.181a9069cf9faa9fa49682bb4a20039a2b735437.png','af8e4825ee92de7f1bc4ed45f9500cb5','181a9069cf9faa9fa49682bb4a20039a2b735437'),(260,'https://assets.mhw-db.com/armor/32744685614c538cc860e9de16c7e231.5d77130e04dc8084bccffde9059eaf6e32d29ff3.png','32744685614c538cc860e9de16c7e231','5d77130e04dc8084bccffde9059eaf6e32d29ff3'),(261,'https://assets.mhw-db.com/armor/7feed75ee357bf59fb9ed491455fe1ad.7b44c2b34a20113e8d20778b0ef4c101bdd6f145.png','7feed75ee357bf59fb9ed491455fe1ad','7b44c2b34a20113e8d20778b0ef4c101bdd6f145'),(262,'https://assets.mhw-db.com/armor/6f9e20883ad65c2d037db0246f12c9cb.78056ce342f64b3340750337cb74e7b0d4e56ab7.png','6f9e20883ad65c2d037db0246f12c9cb','78056ce342f64b3340750337cb74e7b0d4e56ab7'),(263,'https://assets.mhw-db.com/armor/cc1dd8ccd21d143c9badee4bac1d83a4.058f5c0dba30df9017fe6572a42fa1861939ba3d.png','cc1dd8ccd21d143c9badee4bac1d83a4','058f5c0dba30df9017fe6572a42fa1861939ba3d'),(264,'https://assets.mhw-db.com/armor/434188343fc87e671b0e9dc40c0b4a8e.0de3c50baaaffbff2c8ad3fa00bf8072c6c902f1.png','434188343fc87e671b0e9dc40c0b4a8e','0de3c50baaaffbff2c8ad3fa00bf8072c6c902f1'),(265,'https://assets.mhw-db.com/armor/d6b36b29ebac1ce46f5290ff81a363ba.f00626da33509616952a24c304af5538e4b38632.png','d6b36b29ebac1ce46f5290ff81a363ba','f00626da33509616952a24c304af5538e4b38632'),(266,'https://assets.mhw-db.com/armor/df623aed533d341c5a51026fc283b3a0.cec9d2bbb99f0176de16b354a4637c741fe91a2a.png','df623aed533d341c5a51026fc283b3a0','cec9d2bbb99f0176de16b354a4637c741fe91a2a'),(267,'https://assets.mhw-db.com/armor/85db6c4be3148a19453431a812258708.64fd32cc045d6b1ac84ccbbce6bdd5a33bb50ea9.png','85db6c4be3148a19453431a812258708','64fd32cc045d6b1ac84ccbbce6bdd5a33bb50ea9'),(268,'https://assets.mhw-db.com/armor/cbe7a3324c57301a6a59402111e45d88.56afa305aefa6e9f34ca878ce7a2968576277c69.png','cbe7a3324c57301a6a59402111e45d88','56afa305aefa6e9f34ca878ce7a2968576277c69'),(269,'https://assets.mhw-db.com/armor/a3ac565690860304ef5ad1fd6aba0966.7a4405401bd0f157928d0415914e284269145cd6.png','a3ac565690860304ef5ad1fd6aba0966','7a4405401bd0f157928d0415914e284269145cd6'),(270,'https://assets.mhw-db.com/armor/d624069c95e179efdd17a0c29009781e.38de47c48c0b87c56b43d379aec029b1a62fe61d.png','d624069c95e179efdd17a0c29009781e','38de47c48c0b87c56b43d379aec029b1a62fe61d'),(271,'https://assets.mhw-db.com/armor/2931fb748e51d166bcde544731878500.e7fed1abc0916c4e8d71c3dbaeed341db43301d6.png','2931fb748e51d166bcde544731878500','e7fed1abc0916c4e8d71c3dbaeed341db43301d6'),(272,'https://assets.mhw-db.com/armor/a80c063fcd1fdd5111198965e3e71588.1f665e87245839b376123a3377026e62099f837a.png','a80c063fcd1fdd5111198965e3e71588','1f665e87245839b376123a3377026e62099f837a'),(273,'https://assets.mhw-db.com/armor/ac210d83d58ee137f04f4a1090ad7626.2a0fc894813098b90fb329cb468b3e7f10159459.png','ac210d83d58ee137f04f4a1090ad7626','2a0fc894813098b90fb329cb468b3e7f10159459'),(274,'https://assets.mhw-db.com/armor/f3b56ce1472d69ab56741faa89f03167.961309d824073a14a026540c0d9687e0d51d7f18.png','f3b56ce1472d69ab56741faa89f03167','961309d824073a14a026540c0d9687e0d51d7f18'),(275,'https://assets.mhw-db.com/armor/f4e90a34d8d9d5be688335b4767b7e13.b406a073e507223998493d3be75fdfdcfea04949.png','f4e90a34d8d9d5be688335b4767b7e13','b406a073e507223998493d3be75fdfdcfea04949'),(276,'https://assets.mhw-db.com/armor/cf15aa725659becbe6f949654f2a0655.e7c6a3d08fbf802f1401cad1dba227e2d5b698a0.png','cf15aa725659becbe6f949654f2a0655','e7c6a3d08fbf802f1401cad1dba227e2d5b698a0'),(277,'https://assets.mhw-db.com/armor/26a55d62f46f1417b28125515f0f0f54.0fa3948da72a02237dcc6afd977ee47797156c12.png','26a55d62f46f1417b28125515f0f0f54','0fa3948da72a02237dcc6afd977ee47797156c12'),(278,'https://assets.mhw-db.com/armor/bf0238946d1eee92b3721fcd108a09ca.240018eec1a98d9d4e35a2b84369384927d98088.png','bf0238946d1eee92b3721fcd108a09ca','240018eec1a98d9d4e35a2b84369384927d98088'),(279,'https://assets.mhw-db.com/armor/5d55d33c582c4e890314b1e71c31850d.4bfa287b8927742307861603ca2fd2ba3812e1cc.png','5d55d33c582c4e890314b1e71c31850d','4bfa287b8927742307861603ca2fd2ba3812e1cc'),(280,'https://assets.mhw-db.com/armor/52a6647106fb2d70c940e28678a782da.4dffc19bd0fc04fbbe67b2f81b888476bd96abc4.png','52a6647106fb2d70c940e28678a782da','4dffc19bd0fc04fbbe67b2f81b888476bd96abc4'),(281,'https://assets.mhw-db.com/armor/719689d39f6a9df6bce1d033d0337082.f2f4838b747216a1944557533088243015652ce3.png','719689d39f6a9df6bce1d033d0337082','f2f4838b747216a1944557533088243015652ce3'),(282,'https://assets.mhw-db.com/armor/99f0e70c534a7e45f533f7eac8d08c59.49875c0ff88c82eafa810296cfbf98cc200d41fc.png','99f0e70c534a7e45f533f7eac8d08c59','49875c0ff88c82eafa810296cfbf98cc200d41fc'),(283,'https://assets.mhw-db.com/armor/535e9870ef0c70ac09513dfeacc23a99.326809c9a0177390990d325a12368fb466afab31.png','535e9870ef0c70ac09513dfeacc23a99','326809c9a0177390990d325a12368fb466afab31'),(284,'https://assets.mhw-db.com/armor/540df6352fdf25ca64c4484e4cf67a9d.6fb5f4672f2c99d1aaa8c9ee6619dd15b907997b.png','540df6352fdf25ca64c4484e4cf67a9d','6fb5f4672f2c99d1aaa8c9ee6619dd15b907997b'),(285,'https://assets.mhw-db.com/armor/40fea848ac83835357492562ffc14344.1fef2348458136372f71c306072d07db1f327e8e.png','40fea848ac83835357492562ffc14344','1fef2348458136372f71c306072d07db1f327e8e'),(286,'https://assets.mhw-db.com/armor/c45db973ca31e8aa14bce1f8fb3b8ee2.d929817602f2f0049d849752d2a67d0691a077da.png','c45db973ca31e8aa14bce1f8fb3b8ee2','d929817602f2f0049d849752d2a67d0691a077da'),(287,'https://assets.mhw-db.com/armor/56adcc2edc572ce130673caa812357df.040f4bc2255252d0dcf0a99ab3a01b7842b1eed7.png','56adcc2edc572ce130673caa812357df','040f4bc2255252d0dcf0a99ab3a01b7842b1eed7'),(288,'https://assets.mhw-db.com/armor/e876b38d2db7485b898624fe8d6cb289.1256f456e612b48530aa8fecb5abfd9a2bdb55e3.png','e876b38d2db7485b898624fe8d6cb289','1256f456e612b48530aa8fecb5abfd9a2bdb55e3'),(289,'https://assets.mhw-db.com/armor/eabca165a18ca5012ca6e1946a3957df.7b26037a4b0678d7c748e8e112286ee28dc2ce5b.png','eabca165a18ca5012ca6e1946a3957df','7b26037a4b0678d7c748e8e112286ee28dc2ce5b'),(290,'https://assets.mhw-db.com/armor/2d19356aa1fcada1f447fcf3609b279e.17adfa1ae2243485af435c499d0082a7fd96b17f.png','2d19356aa1fcada1f447fcf3609b279e','17adfa1ae2243485af435c499d0082a7fd96b17f'),(291,'https://assets.mhw-db.com/armor/2e3e61f70f707c473e8ebd9bbd8350c7.b6617af6a3b0919b966ca02f0cd2152fc6f5f593.png','2e3e61f70f707c473e8ebd9bbd8350c7','b6617af6a3b0919b966ca02f0cd2152fc6f5f593'),(292,'https://assets.mhw-db.com/armor/0d898571500ec6e23efba43efbe08bcb.bb9ecef09c5a296be4173c93c00ae5e3aaf170cf.png','0d898571500ec6e23efba43efbe08bcb','bb9ecef09c5a296be4173c93c00ae5e3aaf170cf'),(293,'https://assets.mhw-db.com/armor/70d152a21c71bc61f096ed43e6d38bef.15408af3d1ed3b18694582132f6c79cca089b640.png','70d152a21c71bc61f096ed43e6d38bef','15408af3d1ed3b18694582132f6c79cca089b640'),(294,'https://assets.mhw-db.com/armor/7866d657a2e84a303227498a81232190.d4adfef5cf275210960bbf47908534106ad5c8aa.png','7866d657a2e84a303227498a81232190','d4adfef5cf275210960bbf47908534106ad5c8aa'),(295,'https://assets.mhw-db.com/armor/619a1b855016558824853beb35132688.682c4f73c25e9e5981d8de0f1642d3e125949c1b.png','619a1b855016558824853beb35132688','682c4f73c25e9e5981d8de0f1642d3e125949c1b'),(296,'https://assets.mhw-db.com/armor/bc18069852464964b1eb101160e83130.3662b1e3b4144844edbbd4a57bf3767fd1c9912d.png','bc18069852464964b1eb101160e83130','3662b1e3b4144844edbbd4a57bf3767fd1c9912d'),(297,'https://assets.mhw-db.com/armor/fbdc789b51fd30a72c9ee1dd5caeef0c.2fb675a19a5f14b060dcb2e63d08090c06901d1e.png','fbdc789b51fd30a72c9ee1dd5caeef0c','2fb675a19a5f14b060dcb2e63d08090c06901d1e'),(298,'https://assets.mhw-db.com/armor/c18ed0c82385fe854fe7eef535922224.285d12265f2c65301caaf165d2c7c9e271411cc1.png','c18ed0c82385fe854fe7eef535922224','285d12265f2c65301caaf165d2c7c9e271411cc1'),(299,'https://assets.mhw-db.com/armor/165e5b2fff8c907c29dbe621eb4a5f76.31784376dfadbf3b15de7aa15ad7bc4b575c79f0.png','165e5b2fff8c907c29dbe621eb4a5f76','31784376dfadbf3b15de7aa15ad7bc4b575c79f0'),(300,'https://assets.mhw-db.com/armor/b487943dfd105a54b851df353a1a6542.adaaaede1337c2eb23d7cb716f3f23c2eb5893ed.png','b487943dfd105a54b851df353a1a6542','adaaaede1337c2eb23d7cb716f3f23c2eb5893ed'),(301,'https://assets.mhw-db.com/armor/6efb78a0dd3bf4bcc211be84b9e413f1.537d4f8acfc60d98d3f3007c3028220e33a33729.png','6efb78a0dd3bf4bcc211be84b9e413f1','537d4f8acfc60d98d3f3007c3028220e33a33729'),(302,'https://assets.mhw-db.com/armor/f4d9b044fdce2f075ccd0b11bb5f4214.5ee9556adf880a2432d0070745421508527f5d7e.png','f4d9b044fdce2f075ccd0b11bb5f4214','5ee9556adf880a2432d0070745421508527f5d7e'),(303,'https://assets.mhw-db.com/armor/03986a914aa78c4e877c0b4c95c5be39.cd6a709b771ba7750c37b6797065db99c3f12a62.png','03986a914aa78c4e877c0b4c95c5be39','cd6a709b771ba7750c37b6797065db99c3f12a62'),(304,'https://assets.mhw-db.com/armor/8c897a41fe8df032b8362be9afb7b5bf.a0b5d1831a991ba8060e6f5c245c5db3dfaaa43a.png','8c897a41fe8df032b8362be9afb7b5bf','a0b5d1831a991ba8060e6f5c245c5db3dfaaa43a'),(305,'https://assets.mhw-db.com/armor/7528f87136506c7121728c597bbe9e3b.6509c2ab0c2465199223e054f2632c3bac4abf9c.png','7528f87136506c7121728c597bbe9e3b','6509c2ab0c2465199223e054f2632c3bac4abf9c'),(306,'https://assets.mhw-db.com/armor/a1ee3155766e20f4f2398871b66fc673.5662700c498ab4afb17c7e06f00215f4c56005b1.png','a1ee3155766e20f4f2398871b66fc673','5662700c498ab4afb17c7e06f00215f4c56005b1'),(307,'https://assets.mhw-db.com/armor/fda49d69fdfa283a940e64e2265ba1da.687444544405ebee678beaa9bd0d6040b9e3fdb3.png','fda49d69fdfa283a940e64e2265ba1da','687444544405ebee678beaa9bd0d6040b9e3fdb3'),(308,'https://assets.mhw-db.com/armor/fd5678ab286325af95939d507e340755.6c091d422ed2189c78fd77f73781518b50cf9012.png','fd5678ab286325af95939d507e340755','6c091d422ed2189c78fd77f73781518b50cf9012'),(309,'https://assets.mhw-db.com/armor/3a16aecfe5bf12b02477653df10d3c41.1cbe1712219eb466bce3f869a5264b46fe7827ad.png','3a16aecfe5bf12b02477653df10d3c41','1cbe1712219eb466bce3f869a5264b46fe7827ad'),(310,'https://assets.mhw-db.com/armor/7bead3c0d6ad0964c395ee8b0e9e6837.c2ea43826a673aea79c9bac9ebc1e86c6ebf4b8c.png','7bead3c0d6ad0964c395ee8b0e9e6837','c2ea43826a673aea79c9bac9ebc1e86c6ebf4b8c'),(311,'https://assets.mhw-db.com/armor/7453660a79d9acfc0cca5a9cac68ea35.5e778c89e62cda509868be319971278c4b69b155.png','7453660a79d9acfc0cca5a9cac68ea35','5e778c89e62cda509868be319971278c4b69b155'),(312,'https://assets.mhw-db.com/armor/5a8658baa1e6012a9ce0ab35f7131261.e90ff94fa1b01ed9edab4402964e1395e9e9c682.png','5a8658baa1e6012a9ce0ab35f7131261','e90ff94fa1b01ed9edab4402964e1395e9e9c682'),(313,'https://assets.mhw-db.com/armor/94526a27fc62920f5f7f31d35d16706c.2d31131f2d8b419c383c2eeb848c1be568f9c453.png','94526a27fc62920f5f7f31d35d16706c','2d31131f2d8b419c383c2eeb848c1be568f9c453'),(314,'https://assets.mhw-db.com/armor/381a6ae4179c6c9d38b598f390dbd795.d2dc7debfea4ea496dabe5c2e4cacdd79e5b4709.png','381a6ae4179c6c9d38b598f390dbd795','d2dc7debfea4ea496dabe5c2e4cacdd79e5b4709'),(315,'https://assets.mhw-db.com/armor/39a0bddff8f23560a506d983a567e891.a759c9e470d7708d83b013b3d11b2ae3cee48a33.png','39a0bddff8f23560a506d983a567e891','a759c9e470d7708d83b013b3d11b2ae3cee48a33'),(316,'https://assets.mhw-db.com/armor/eac4d1ef98e428543c3c2a2d40f8a095.318e5940ff019d0a790533dfbf2d7c9bb8dd65e3.png','eac4d1ef98e428543c3c2a2d40f8a095','318e5940ff019d0a790533dfbf2d7c9bb8dd65e3'),(317,'https://assets.mhw-db.com/armor/be971996f56a194743d1d7057d5a4b9c.165e7319d9ddeeb35c7d900f29669b99a0ae418c.png','be971996f56a194743d1d7057d5a4b9c','165e7319d9ddeeb35c7d900f29669b99a0ae418c'),(318,'https://assets.mhw-db.com/armor/ee73b5fea462e71b611371d9c2d63f1e.cfa0cf85b59423cff9806bd4d6e6331f569cc98a.png','ee73b5fea462e71b611371d9c2d63f1e','cfa0cf85b59423cff9806bd4d6e6331f569cc98a'),(319,'https://assets.mhw-db.com/armor/f725bb67d428ac37fb6170caf33c739e.12b951f99cfd61ae7617665ca0fe35b2a4d140df.png','f725bb67d428ac37fb6170caf33c739e','12b951f99cfd61ae7617665ca0fe35b2a4d140df'),(320,'https://assets.mhw-db.com/armor/c418ed89bb874bc6a05b6ac63868d719.0c69545cf2a65a5b74987c279305e5059cc792d8.png','c418ed89bb874bc6a05b6ac63868d719','0c69545cf2a65a5b74987c279305e5059cc792d8'),(321,'https://assets.mhw-db.com/armor/99fc16c36c8a36316b3877e96c1a34b4.f4394ac94a8040b39bbc933b2b318dc176ed2c70.png','99fc16c36c8a36316b3877e96c1a34b4','f4394ac94a8040b39bbc933b2b318dc176ed2c70'),(322,'https://assets.mhw-db.com/armor/f0ecdd9fc40aae330ea8d770bcfd6315.5652dadee43c4dd65ac1a9480626356c3a553ef3.png','f0ecdd9fc40aae330ea8d770bcfd6315','5652dadee43c4dd65ac1a9480626356c3a553ef3'),(323,'https://assets.mhw-db.com/armor/30f9376f83a478321f37a6678b233a03.bb9f33b7f5f3f8b61cfda20fa6cd35e2daccb080.png','30f9376f83a478321f37a6678b233a03','bb9f33b7f5f3f8b61cfda20fa6cd35e2daccb080'),(324,'https://assets.mhw-db.com/armor/277a0ceadfaa321eb372173389a2e406.923b23d33113c016a44390389626c3a707312f37.png','277a0ceadfaa321eb372173389a2e406','923b23d33113c016a44390389626c3a707312f37'),(325,'https://assets.mhw-db.com/armor/1ad025a86db8ed8aaf6c22111f2a4ff2.e60651353d47dd4c45c5ba0954162ac2b1066333.png','1ad025a86db8ed8aaf6c22111f2a4ff2','e60651353d47dd4c45c5ba0954162ac2b1066333'),(326,'https://assets.mhw-db.com/armor/ffdf13d25c2302827c4ce2733b4f1edb.d1cfc0294788b293d4b9a970855b175a6458c12d.png','ffdf13d25c2302827c4ce2733b4f1edb','d1cfc0294788b293d4b9a970855b175a6458c12d'),(327,'https://assets.mhw-db.com/armor/366005be9ce7d4d9b5dabf22b1a50b41.a71bc1c48d7eaaed3f66b4b240411fd12986baa6.png','366005be9ce7d4d9b5dabf22b1a50b41','a71bc1c48d7eaaed3f66b4b240411fd12986baa6'),(328,'https://assets.mhw-db.com/armor/883a96f2264e203fcc6bd9e493198403.90080ddf1c98130a9783f247a1deebc59ae0c902.png','883a96f2264e203fcc6bd9e493198403','90080ddf1c98130a9783f247a1deebc59ae0c902'),(329,'https://assets.mhw-db.com/armor/a9722e967dc12995701088671db60cb3.763565673a8ac95d13e76ca3cf965a5479fae86e.png','a9722e967dc12995701088671db60cb3','763565673a8ac95d13e76ca3cf965a5479fae86e'),(330,'https://assets.mhw-db.com/armor/a05f77f154aec0dd0628e70aebd7eb1c.62ecc112365087fba062ea10554abd5d67965641.png','a05f77f154aec0dd0628e70aebd7eb1c','62ecc112365087fba062ea10554abd5d67965641'),(331,'https://assets.mhw-db.com/armor/b35f1a431e71cc206ae6dfc25d63471b.24857bf63cb57fd8610460e1478dcf2f926e3539.png','b35f1a431e71cc206ae6dfc25d63471b','24857bf63cb57fd8610460e1478dcf2f926e3539'),(332,'https://assets.mhw-db.com/armor/7770277caf20f6fbfac20d583a6d5eb8.c19623104a86d81ecebd9c7c78980d9e5fee7d4d.png','7770277caf20f6fbfac20d583a6d5eb8','c19623104a86d81ecebd9c7c78980d9e5fee7d4d'),(333,'https://assets.mhw-db.com/armor/9915afc576c526d79792778ab1f1dc0a.cf61c13114b77f6c4dcfb8598b57e11830ceefe0.png','9915afc576c526d79792778ab1f1dc0a','cf61c13114b77f6c4dcfb8598b57e11830ceefe0'),(334,'https://assets.mhw-db.com/armor/587d80a4bd1fb757c6f91e6667f1e31e.a82cdf953f3218a6550203d79225e76258d542cd.png','587d80a4bd1fb757c6f91e6667f1e31e','a82cdf953f3218a6550203d79225e76258d542cd'),(335,'https://assets.mhw-db.com/armor/33010019705bbae207a1a1ad6767f5ca.6f466c6538782c3ba047b54b93aae38491f32965.png','33010019705bbae207a1a1ad6767f5ca','6f466c6538782c3ba047b54b93aae38491f32965'),(336,'https://assets.mhw-db.com/armor/a2d40b6136fee81a8e2f7da903c1a359.f9d0f3dc3a8c86b83b7ad89347746932f1292fcf.png','a2d40b6136fee81a8e2f7da903c1a359','f9d0f3dc3a8c86b83b7ad89347746932f1292fcf'),(337,'https://assets.mhw-db.com/armor/ad4bf9d5eae8c878d25892fa4813795a.ee79769d228cbdc3b971d92077ebc4c69d78baa3.png','ad4bf9d5eae8c878d25892fa4813795a','ee79769d228cbdc3b971d92077ebc4c69d78baa3'),(338,'https://assets.mhw-db.com/armor/1eed275f53a020930ff6ee1b50216015.9c24bc99224c645d1d77a8bb9b682b07635f0fe2.png','1eed275f53a020930ff6ee1b50216015','9c24bc99224c645d1d77a8bb9b682b07635f0fe2'),(339,'https://assets.mhw-db.com/armor/86ee23810c46c4694e26d266de71c7f4.c00c0d8a98dcb5436d1c3d606ee81909f9ed3415.png','86ee23810c46c4694e26d266de71c7f4','c00c0d8a98dcb5436d1c3d606ee81909f9ed3415'),(340,'https://assets.mhw-db.com/armor/2accfe9518e45f1a3323d319105b6a71.1538bf38a8987a758f946bee3d84fa9eb21d3b20.png','2accfe9518e45f1a3323d319105b6a71','1538bf38a8987a758f946bee3d84fa9eb21d3b20'),(341,'https://assets.mhw-db.com/armor/1bb4ae28ca8a5f85b083a2c72fe29323.325927d65694816ef5fbf5530be0c331835bc188.png','1bb4ae28ca8a5f85b083a2c72fe29323','325927d65694816ef5fbf5530be0c331835bc188'),(342,'https://assets.mhw-db.com/armor/fe39a5a01fd15ec4dfecce5f4edf6c27.b0a53cffe0b4293dd8572b41c2491c5ddc73cebc.png','fe39a5a01fd15ec4dfecce5f4edf6c27','b0a53cffe0b4293dd8572b41c2491c5ddc73cebc'),(343,'https://assets.mhw-db.com/armor/5320a25976894ca229ad4c3f65d69769.a0715bf7f8bc3562cc7e305f3146f76b8d6943f0.png','5320a25976894ca229ad4c3f65d69769','a0715bf7f8bc3562cc7e305f3146f76b8d6943f0'),(344,'https://assets.mhw-db.com/armor/c5be6ac9610b3e0d279dd1354fafec6b.56ba552bffd149a97bcf96c5fa78434927a822fd.png','c5be6ac9610b3e0d279dd1354fafec6b','56ba552bffd149a97bcf96c5fa78434927a822fd'),(345,'https://assets.mhw-db.com/armor/a0c9328ab8221ea82c43ace424c24be4.add2e673b083bfc8a9630f5ff9f4718fc7973b93.png','a0c9328ab8221ea82c43ace424c24be4','add2e673b083bfc8a9630f5ff9f4718fc7973b93'),(346,'https://assets.mhw-db.com/armor/7bd3c7694e3c1f9ee76d3476b3b92719.b53e87b95000c5f69e9b1c23d77fdc7a4fa23d36.png','7bd3c7694e3c1f9ee76d3476b3b92719','b53e87b95000c5f69e9b1c23d77fdc7a4fa23d36'),(347,'https://assets.mhw-db.com/armor/0301960ccd7a703e78842617ef058c29.da2a797f04f610d2a4be19a8ee928e3cbe1b7340.png','0301960ccd7a703e78842617ef058c29','da2a797f04f610d2a4be19a8ee928e3cbe1b7340'),(348,'https://assets.mhw-db.com/armor/18bdb3be90619399325110f083a1ac3e.fce3bfc94a13996c48a48fa3389cb4c0eef205ba.png','18bdb3be90619399325110f083a1ac3e','fce3bfc94a13996c48a48fa3389cb4c0eef205ba'),(349,'https://assets.mhw-db.com/armor/a60a0de4920c60cf40c9788a6ecb23a2.f7a69307528b3075a4ed526f80ed2095a9b1fe95.png','a60a0de4920c60cf40c9788a6ecb23a2','f7a69307528b3075a4ed526f80ed2095a9b1fe95'),(350,'https://assets.mhw-db.com/armor/d190cd40395a9dba204024e4d3898214.40c244290131be1928f241bfae5293b12c4e41a3.png','d190cd40395a9dba204024e4d3898214','40c244290131be1928f241bfae5293b12c4e41a3'),(351,'https://assets.mhw-db.com/armor/d3c7c8c60e5de514dad4f07bdd662048.09c9890726dc43b594f22af964cbad3d2a9b6bec.png','d3c7c8c60e5de514dad4f07bdd662048','09c9890726dc43b594f22af964cbad3d2a9b6bec'),(352,'https://assets.mhw-db.com/armor/303d4aba0d4c113a10e53c1754428e6c.cea89a91140d6cc1e8975300903090c833523814.png','303d4aba0d4c113a10e53c1754428e6c','cea89a91140d6cc1e8975300903090c833523814'),(353,'https://assets.mhw-db.com/armor/7ece8c3ac0186c09303d1753d10656a2.5dfb48adfa6cb4d6a64320775cf527d87c732e71.png','7ece8c3ac0186c09303d1753d10656a2','5dfb48adfa6cb4d6a64320775cf527d87c732e71'),(354,'https://assets.mhw-db.com/armor/fb7a87cc794c975e621bebb3d99af6a0.66b22094ef1d05a7549735c685e979cfa318a542.png','fb7a87cc794c975e621bebb3d99af6a0','66b22094ef1d05a7549735c685e979cfa318a542'),(355,'https://assets.mhw-db.com/armor/f837f9e19b800b562705ec97e9f5adf6.a1957cb5e79ff36cb93523fd1aca549d4c6ebce1.png','f837f9e19b800b562705ec97e9f5adf6','a1957cb5e79ff36cb93523fd1aca549d4c6ebce1'),(356,'https://assets.mhw-db.com/armor/e1373b5cdcb0056173c36c73138fb626.343f4477fa1a53951c3e42c237c582903d18d4bc.png','e1373b5cdcb0056173c36c73138fb626','343f4477fa1a53951c3e42c237c582903d18d4bc'),(357,'https://assets.mhw-db.com/armor/93124c1c6fe57de2d25ce3ad103a4982.cb74f0061070699f80fe9299f0ad3a3fdb9ec9a7.png','93124c1c6fe57de2d25ce3ad103a4982','cb74f0061070699f80fe9299f0ad3a3fdb9ec9a7'),(358,'https://assets.mhw-db.com/armor/bcb74133d0f6910d05316e4ea60e0240.e8dae611cfc61077c06547da45a1a485932bac8e.png','bcb74133d0f6910d05316e4ea60e0240','e8dae611cfc61077c06547da45a1a485932bac8e'),(359,'https://assets.mhw-db.com/armor/59a1a76aff191678571ee0dc1d4aa968.6cee5b5ae73f560f08ea6559a98a98b57e58abf9.png','59a1a76aff191678571ee0dc1d4aa968','6cee5b5ae73f560f08ea6559a98a98b57e58abf9'),(360,'https://assets.mhw-db.com/armor/8eac32dea9717a7062b57e4bfc39f31e.31d2fed3c8570bec49397002436a70b473a5cf49.png','8eac32dea9717a7062b57e4bfc39f31e','31d2fed3c8570bec49397002436a70b473a5cf49'),(361,'https://assets.mhw-db.com/armor/6fa8ea82b69821b9be5d15c2632e1729.d291fbb280310b678e78e85f8cb18137c6261a82.png','6fa8ea82b69821b9be5d15c2632e1729','d291fbb280310b678e78e85f8cb18137c6261a82'),(362,'https://assets.mhw-db.com/armor/c682b1d8ec5a7b999fa4c48093c0c58d.85f2fd4b58cda84d5a74e444e564acd22af51b73.png','c682b1d8ec5a7b999fa4c48093c0c58d','85f2fd4b58cda84d5a74e444e564acd22af51b73'),(363,'https://assets.mhw-db.com/armor/c8ff2e077ebbedeb787dff6c8613b5c8.7c2d2cc0d44e6977d672e7940177e1a69f25f3f3.png','c8ff2e077ebbedeb787dff6c8613b5c8','7c2d2cc0d44e6977d672e7940177e1a69f25f3f3'),(364,'https://assets.mhw-db.com/armor/862eb23711a546a17a9b826df1b10279.80ef8d788b632ec0a0351131ef9210d4825ce6bd.png','862eb23711a546a17a9b826df1b10279','80ef8d788b632ec0a0351131ef9210d4825ce6bd'),(365,'https://assets.mhw-db.com/armor/49daadebf8c191c6b9f603546243a224.fc333882bc04e2d94cce5c130a370cd28abceac8.png','49daadebf8c191c6b9f603546243a224','fc333882bc04e2d94cce5c130a370cd28abceac8'),(366,'https://assets.mhw-db.com/armor/5820ebe42b0a430ad2cdd1bab1b245f4.0d4752825e4e08ce5687d9b6c5cb2239eee0194c.png','5820ebe42b0a430ad2cdd1bab1b245f4','0d4752825e4e08ce5687d9b6c5cb2239eee0194c'),(367,'https://assets.mhw-db.com/armor/3698687fb92c2efb98fb0e460ce4ec20.8ef8dcdb732039a5d6a1c72be4bdcc841db646f2.png','3698687fb92c2efb98fb0e460ce4ec20','8ef8dcdb732039a5d6a1c72be4bdcc841db646f2'),(368,'https://assets.mhw-db.com/armor/74a4443b8ef1511fa92bc3483e312b1b.8bc2455b1a52da0c8565ebcdba3595a6ae188ae2.png','74a4443b8ef1511fa92bc3483e312b1b','8bc2455b1a52da0c8565ebcdba3595a6ae188ae2'),(369,'https://assets.mhw-db.com/armor/d8e6daac0c565fd9e0384b1f515de2c5.a2f51db9a4b4a64e649a4c767cca93e0a7712523.png','d8e6daac0c565fd9e0384b1f515de2c5','a2f51db9a4b4a64e649a4c767cca93e0a7712523'),(370,'https://assets.mhw-db.com/armor/75156d02b798a2bd685a3a4d9f65ee01.3f952a0a777724d77f88f69f227cba1896aa052d.png','75156d02b798a2bd685a3a4d9f65ee01','3f952a0a777724d77f88f69f227cba1896aa052d'),(371,'https://assets.mhw-db.com/armor/e53fa16fc7eeece7a9884008faefb580.dc311d86635b9eee1a37c988c76dfb24cfdbc1ce.png','e53fa16fc7eeece7a9884008faefb580','dc311d86635b9eee1a37c988c76dfb24cfdbc1ce'),(372,'https://assets.mhw-db.com/armor/3c29a09039ec87c56a7e4e7825dce8df.311bd0f67a34751a9da4577a5e06ce02ea52ec6b.png','3c29a09039ec87c56a7e4e7825dce8df','311bd0f67a34751a9da4577a5e06ce02ea52ec6b'),(373,'https://assets.mhw-db.com/armor/ba2ee65a5250c8f1eecaf4cd7d230fe4.c6106c05e276cf76e1dbd76385a086b5850d3232.png','ba2ee65a5250c8f1eecaf4cd7d230fe4','c6106c05e276cf76e1dbd76385a086b5850d3232'),(374,'https://assets.mhw-db.com/armor/7006ab3810289306979c848d0542e718.441247ee56ad7b98cb742af5be9818eeaab3691a.png','7006ab3810289306979c848d0542e718','441247ee56ad7b98cb742af5be9818eeaab3691a'),(375,'https://assets.mhw-db.com/armor/a9d1f33087def8a0679d1798713661f5.b09d09524c1c30d96ebcf574c53276a01aa0455e.png','a9d1f33087def8a0679d1798713661f5','b09d09524c1c30d96ebcf574c53276a01aa0455e'),(376,'https://assets.mhw-db.com/armor/4df48177dd31aff01d5b96ca22e6bc61.5cb2411df3431cf1b1c19469c2b24a5109b0cf87.png','4df48177dd31aff01d5b96ca22e6bc61','5cb2411df3431cf1b1c19469c2b24a5109b0cf87'),(377,'https://assets.mhw-db.com/armor/03d8813df3a6cf3d64662a6ee9bf0fdb.332914f558ccce8370a8962d3072396a847d990d.png','03d8813df3a6cf3d64662a6ee9bf0fdb','332914f558ccce8370a8962d3072396a847d990d'),(378,'https://assets.mhw-db.com/armor/72013e6a2be7e723541b06cc313f56e8.515482a0bedf762f6cd0a4dd21e3989583538d6b.png','72013e6a2be7e723541b06cc313f56e8','515482a0bedf762f6cd0a4dd21e3989583538d6b'),(379,'https://assets.mhw-db.com/armor/8c0abe5f15c12ec6647157112ff4cdb0.e6fd4bbc85f1974e2f03a2f9b7a87fed258e7e7d.png','8c0abe5f15c12ec6647157112ff4cdb0','e6fd4bbc85f1974e2f03a2f9b7a87fed258e7e7d'),(380,'https://assets.mhw-db.com/armor/708d250b66de24369a1d8271a927aa9f.82f42901d0417cdeb0441d14069ca90e801f50ca.png','708d250b66de24369a1d8271a927aa9f','82f42901d0417cdeb0441d14069ca90e801f50ca'),(381,'https://assets.mhw-db.com/armor/57a4e20a16a8e72970e314403381ecde.06214cc297645c50f85244959cf2097dcd391ea1.png','57a4e20a16a8e72970e314403381ecde','06214cc297645c50f85244959cf2097dcd391ea1'),(382,'https://assets.mhw-db.com/armor/2d2d0a755c528c8293d885dcc58fb12b.78dcb4c15a7c1df2860595421933c2e622601d6c.png','2d2d0a755c528c8293d885dcc58fb12b','78dcb4c15a7c1df2860595421933c2e622601d6c'),(383,'https://assets.mhw-db.com/armor/931783a517d38d54e2622af305a94ece.7cae9c3c458d9bbda8c24d17b83485a54c38c5d1.png','931783a517d38d54e2622af305a94ece','7cae9c3c458d9bbda8c24d17b83485a54c38c5d1'),(384,'https://assets.mhw-db.com/armor/a4c1b9bdb0c0f915961c80fb977066a2.b87f72390d2d5f48734343e6ea1ff4f7ec2cc17a.png','a4c1b9bdb0c0f915961c80fb977066a2','b87f72390d2d5f48734343e6ea1ff4f7ec2cc17a'),(385,'https://assets.mhw-db.com/armor/c6583dac293373b6b8f38f686eadc04a.eb7c2907c7d480c0c8d873324a59d5b42619421d.png','c6583dac293373b6b8f38f686eadc04a','eb7c2907c7d480c0c8d873324a59d5b42619421d'),(386,'https://assets.mhw-db.com/armor/02c9d69e05563c5ec4c39205cff6f8be.15bef813b8249faebb0206dcbb52dcd69059853b.png','02c9d69e05563c5ec4c39205cff6f8be','15bef813b8249faebb0206dcbb52dcd69059853b'),(387,'https://assets.mhw-db.com/armor/be1f1fd2043b457efacaf820950310ae.88d32187de3fbbe4d2fddc58739848033a12f014.png','be1f1fd2043b457efacaf820950310ae','88d32187de3fbbe4d2fddc58739848033a12f014'),(388,'https://assets.mhw-db.com/armor/2d136f2e5e282ba4db374f4c8f11dafa.4f6fa6e1addabb7b67bd4007745c4501c23fae1e.png','2d136f2e5e282ba4db374f4c8f11dafa','4f6fa6e1addabb7b67bd4007745c4501c23fae1e'),(389,'https://assets.mhw-db.com/armor/f2c7216a525ca960fb0420e6312dc8a0.59cb15480b80931aad25d499c38ad3211feb1357.png','f2c7216a525ca960fb0420e6312dc8a0','59cb15480b80931aad25d499c38ad3211feb1357'),(390,'https://assets.mhw-db.com/armor/b9de2887a81fc8545e6441edc7ea0d8e.456b907a580b51716c6eeff7a5c747f5957b1afa.png','b9de2887a81fc8545e6441edc7ea0d8e','456b907a580b51716c6eeff7a5c747f5957b1afa'),(391,'https://assets.mhw-db.com/armor/e8dacba5a46292ab288e195ffb2dbdee.43111b84346a8c01286e08bda8c83cfe91736555.png','e8dacba5a46292ab288e195ffb2dbdee','43111b84346a8c01286e08bda8c83cfe91736555'),(392,'https://assets.mhw-db.com/armor/899475e5e1a84ae46133e28e20d52974.52beb886949e788655dd1817b320ca05233e70e3.png','899475e5e1a84ae46133e28e20d52974','52beb886949e788655dd1817b320ca05233e70e3'),(393,'https://assets.mhw-db.com/armor/4aa6161e1a53249d39d484550394d224.5468b63e6d1cbb7a8f45c9968ec5a5f451624dd7.png','4aa6161e1a53249d39d484550394d224','5468b63e6d1cbb7a8f45c9968ec5a5f451624dd7'),(394,'https://assets.mhw-db.com/armor/f6e5b3be8b07be870cc6a6d85d10be29.8bec4e34da04007e359ab521d179ae94c8486b54.png','f6e5b3be8b07be870cc6a6d85d10be29','8bec4e34da04007e359ab521d179ae94c8486b54'),(395,'https://assets.mhw-db.com/armor/90684ce733312cbd7749a79eda2ca010.4b4bb73e763104b73099b1cd7406b01651532f04.png','90684ce733312cbd7749a79eda2ca010','4b4bb73e763104b73099b1cd7406b01651532f04'),(396,'https://assets.mhw-db.com/armor/4a6ba99f81eaecb6caf8f1333abf7539.807e1e12e030ee11d2f10a21945cd37e0c580066.png','4a6ba99f81eaecb6caf8f1333abf7539','807e1e12e030ee11d2f10a21945cd37e0c580066'),(397,'https://assets.mhw-db.com/armor/be5b70bdd19ced17ce2129b65e08d0dd.7729054628cde88676b67699b012433555b2db42.png','be5b70bdd19ced17ce2129b65e08d0dd','7729054628cde88676b67699b012433555b2db42'),(398,'https://assets.mhw-db.com/armor/9a54dc644d6178bbdea5ad04d0835fd1.155062de338f76dc031654b6467dee678c571c4e.png','9a54dc644d6178bbdea5ad04d0835fd1','155062de338f76dc031654b6467dee678c571c4e'),(399,'https://assets.mhw-db.com/armor/ed55c4cdb153345d6a31a93c29b71cce.acdd1b57b513eebbe34d2e5349c59a477b3e49a2.png','ed55c4cdb153345d6a31a93c29b71cce','acdd1b57b513eebbe34d2e5349c59a477b3e49a2'),(400,'https://assets.mhw-db.com/armor/c979cf038d7e4881070dc081e01b2084.80e898f1120cd775620c3278bd01537f15791413.png','c979cf038d7e4881070dc081e01b2084','80e898f1120cd775620c3278bd01537f15791413'),(401,'https://assets.mhw-db.com/armor/c4275e6fee392ddee91989605630cea7.de87f02a19ffd6528f0f07edcbf605454af36b77.png','c4275e6fee392ddee91989605630cea7','de87f02a19ffd6528f0f07edcbf605454af36b77'),(402,'https://assets.mhw-db.com/armor/af11bb0eb7d661d92a4340738369ed0c.95ce3220678ba8b29efb2fa02f7fa5868c481f2b.png','af11bb0eb7d661d92a4340738369ed0c','95ce3220678ba8b29efb2fa02f7fa5868c481f2b'),(403,'https://assets.mhw-db.com/armor/b36ae8e0f47bbf3a972e2e3582fbecce.e9d7c36708de3f88bd2651561f101bbab93bd07c.png','b36ae8e0f47bbf3a972e2e3582fbecce','e9d7c36708de3f88bd2651561f101bbab93bd07c'),(404,'https://assets.mhw-db.com/armor/94f150320bd98b0e300ada595f6372ed.2a7413a42950b5f34b89c7dc0f678548b8e5ef8e.png','94f150320bd98b0e300ada595f6372ed','2a7413a42950b5f34b89c7dc0f678548b8e5ef8e'),(405,'https://assets.mhw-db.com/armor/5de34285854690576916754b71a52257.a2b64ddccf45208f380ef909e0bcf4638cf50f8e.png','5de34285854690576916754b71a52257','a2b64ddccf45208f380ef909e0bcf4638cf50f8e'),(406,'https://assets.mhw-db.com/armor/b99cc84c95a524d85c74756be796e256.25da43b342a0df27c08472102249bb23504805bc.png','b99cc84c95a524d85c74756be796e256','25da43b342a0df27c08472102249bb23504805bc'),(407,'https://assets.mhw-db.com/armor/7c45b0629100560495986b8dff01ebe7.9f0395f5a438beab61177bab754eadc3af213666.png','7c45b0629100560495986b8dff01ebe7','9f0395f5a438beab61177bab754eadc3af213666'),(408,'https://assets.mhw-db.com/armor/2dc8806a123a0b56c8dd392ca9c49686.89c25fdcca926985c27aed50c3c8355a6599fd75.png','2dc8806a123a0b56c8dd392ca9c49686','89c25fdcca926985c27aed50c3c8355a6599fd75'),(409,'https://assets.mhw-db.com/armor/d8a0059c2e67418898f9f77d70220ac9.a863f7c61585275d00617c3024f27f3d198ff33e.png','d8a0059c2e67418898f9f77d70220ac9','a863f7c61585275d00617c3024f27f3d198ff33e'),(410,'https://assets.mhw-db.com/armor/6da559d6bdeccff3e90f7ba3fb280824.5c32b3dfce6b3278b2f296b1d53a98fbeb442ec8.png','6da559d6bdeccff3e90f7ba3fb280824','5c32b3dfce6b3278b2f296b1d53a98fbeb442ec8'),(411,'https://assets.mhw-db.com/armor/607d080dd7c136823cb20cccfe93a7ea.9e4d88f6e8f0c7e2c87288c81d72f4c05248170f.png','607d080dd7c136823cb20cccfe93a7ea','9e4d88f6e8f0c7e2c87288c81d72f4c05248170f'),(412,'https://assets.mhw-db.com/armor/e6fa6600c06826ebcbec97422a898c4b.c98777cf489c0457c52128802c03d80737b4ac92.png','e6fa6600c06826ebcbec97422a898c4b','c98777cf489c0457c52128802c03d80737b4ac92'),(413,'https://assets.mhw-db.com/armor/53bf8b0bc714d8a8f5c91e69b587780a.2d7d83b6e30818768a1e5254b333c22861c77155.png','53bf8b0bc714d8a8f5c91e69b587780a','2d7d83b6e30818768a1e5254b333c22861c77155'),(414,'https://assets.mhw-db.com/armor/49ccb6daf2e8cecca3e898aec5923ffb.9b9985a60f6c4f09f9ff38b32a3b03c476405c1f.png','49ccb6daf2e8cecca3e898aec5923ffb','9b9985a60f6c4f09f9ff38b32a3b03c476405c1f'),(415,'https://assets.mhw-db.com/armor/9f54ee43a0c3d541867431bfc9589a4d.cefdbb5c3d4b99742e32851329b85aa0465bc199.png','9f54ee43a0c3d541867431bfc9589a4d','cefdbb5c3d4b99742e32851329b85aa0465bc199'),(416,'https://assets.mhw-db.com/armor/7190c82c46bb702f90e8132c8aa63575.439d6d243614fd4769b2f6db6c6950f962a4a51e.png','7190c82c46bb702f90e8132c8aa63575','439d6d243614fd4769b2f6db6c6950f962a4a51e'),(417,'https://assets.mhw-db.com/armor/df08e903cc01c258f09e00e8c3e03b6b.7848b09e860946572669324d4859859c3f727c83.png','df08e903cc01c258f09e00e8c3e03b6b','7848b09e860946572669324d4859859c3f727c83'),(418,'https://assets.mhw-db.com/armor/5c33ef5b50ec0dd18bf0c0292097064d.40b1b4353af7d554f17e0d066c5ef708ab7585d1.png','5c33ef5b50ec0dd18bf0c0292097064d','40b1b4353af7d554f17e0d066c5ef708ab7585d1'),(419,'https://assets.mhw-db.com/armor/840768d06e451bda9fcb0b4113b871c4.bd7e123692edf74ace98754248d4425ee65fa05b.png','840768d06e451bda9fcb0b4113b871c4','bd7e123692edf74ace98754248d4425ee65fa05b'),(420,'https://assets.mhw-db.com/armor/eeebcd7c110e46b7307ec74d986ee226.92f81b034ed1b3398014dc7a3566b8cd4e0e6cdc.png','eeebcd7c110e46b7307ec74d986ee226','92f81b034ed1b3398014dc7a3566b8cd4e0e6cdc'),(421,'https://assets.mhw-db.com/armor/036ad1a829ab8367e31dfb812a2dc5ef.fd2c7f58b5aed40e5e5d8196a1d84e416aeebb74.png','036ad1a829ab8367e31dfb812a2dc5ef','fd2c7f58b5aed40e5e5d8196a1d84e416aeebb74'),(422,'https://assets.mhw-db.com/armor/52356d62bd818a4ac0de316215b6d827.056714e6bc6c8480b0bae02c908de2b7fb450578.png','52356d62bd818a4ac0de316215b6d827','056714e6bc6c8480b0bae02c908de2b7fb450578'),(423,'https://assets.mhw-db.com/armor/7834f5cdde5ee8462f22b67fd2db613d.adf0a9f521440e2582500bbda4d8214ca7c8105a.png','7834f5cdde5ee8462f22b67fd2db613d','adf0a9f521440e2582500bbda4d8214ca7c8105a'),(424,'https://assets.mhw-db.com/armor/e01ea5292449b3f33a4ee0201b79b19f.54abd8580e7f8fdb85df673b1bfecaef343cea54.png','e01ea5292449b3f33a4ee0201b79b19f','54abd8580e7f8fdb85df673b1bfecaef343cea54'),(425,'https://assets.mhw-db.com/armor/8fa9fc6e6bfa790da71679238676f92d.e253dd306fef4cc652b0a8affb4fad0bc848bb51.png','8fa9fc6e6bfa790da71679238676f92d','e253dd306fef4cc652b0a8affb4fad0bc848bb51'),(426,'https://assets.mhw-db.com/armor/05028cf892f3993326248fdbab1260e3.e9ee489fdba8cd390e02dca3f342c0397c40b87b.png','05028cf892f3993326248fdbab1260e3','e9ee489fdba8cd390e02dca3f342c0397c40b87b'),(427,'https://assets.mhw-db.com/armor/4c7c8a7bc2bea78fe36a35583bd49b84.804abce5418cd4f1c5f7739040d7775b289c05c5.png','4c7c8a7bc2bea78fe36a35583bd49b84','804abce5418cd4f1c5f7739040d7775b289c05c5'),(428,'https://assets.mhw-db.com/armor/483d4679b1f76d553a888851b880d481.888c28d211fdc4772cc8c23154d6755af5dbf7a6.png','483d4679b1f76d553a888851b880d481','888c28d211fdc4772cc8c23154d6755af5dbf7a6'),(429,'https://assets.mhw-db.com/armor/5530616e443fe6f1d01d7df3ccba21f8.c6d31ca993466663b6a5befd54779e0b47848b55.png','5530616e443fe6f1d01d7df3ccba21f8','c6d31ca993466663b6a5befd54779e0b47848b55'),(430,'https://assets.mhw-db.com/armor/ac34423ab1f621f3ff4da0da4a013d85.245f9ba093e70f2bc2c59a8223803a2e092155ae.png','ac34423ab1f621f3ff4da0da4a013d85','245f9ba093e70f2bc2c59a8223803a2e092155ae'),(431,'https://assets.mhw-db.com/armor/0d5f0d5ef2ba182b1fd8932a53cfa73b.ecb4ad7abd807c87d1c95adaf012064ca97460f9.png','0d5f0d5ef2ba182b1fd8932a53cfa73b','ecb4ad7abd807c87d1c95adaf012064ca97460f9'),(432,'https://assets.mhw-db.com/armor/8ed63dfdb2e82b2c73b45b555c2eaf0f.d8a515a78f8323fc85016efd9a852c155d2d686f.png','8ed63dfdb2e82b2c73b45b555c2eaf0f','d8a515a78f8323fc85016efd9a852c155d2d686f'),(433,'https://assets.mhw-db.com/armor/4241a59261e051455c70e483f0239dc4.7380d09de88dc0b2d284949a5a052519ebb03694.png','4241a59261e051455c70e483f0239dc4','7380d09de88dc0b2d284949a5a052519ebb03694'),(434,'https://assets.mhw-db.com/armor/fbeb6a019dc8b338541ed0f77d558107.2a9fdc1bc1db3dd365a0e2efcf1c7cfebbf11a78.png','fbeb6a019dc8b338541ed0f77d558107','2a9fdc1bc1db3dd365a0e2efcf1c7cfebbf11a78'),(435,'https://assets.mhw-db.com/armor/d13bdb24ea99cadc2a2e99a06d624668.6e62dfda001aa38755ba3b9e8ad13fc15dd2abc0.png','d13bdb24ea99cadc2a2e99a06d624668','6e62dfda001aa38755ba3b9e8ad13fc15dd2abc0'),(436,'https://assets.mhw-db.com/armor/6935144353bf3cbcaa39feeaafff8868.354bc14b15fb174cb027608dd2a58f7de6333846.png','6935144353bf3cbcaa39feeaafff8868','354bc14b15fb174cb027608dd2a58f7de6333846'),(437,'https://assets.mhw-db.com/armor/c0358906926407c14358e4eba9010e26.d3f104122512d17dc2585a8f722e8d52ac831c2a.png','c0358906926407c14358e4eba9010e26','d3f104122512d17dc2585a8f722e8d52ac831c2a'),(438,'https://assets.mhw-db.com/armor/01890823790d4281a13673beec4f0450.827bf31ac23b7823f93b35ba9625ed8839011378.png','01890823790d4281a13673beec4f0450','827bf31ac23b7823f93b35ba9625ed8839011378'),(439,'https://assets.mhw-db.com/armor/ff9ff55e3178415c71b4065a04ad9c2b.ab7cdcaafdca5100d29592ceedeb87946db6f206.png','ff9ff55e3178415c71b4065a04ad9c2b','ab7cdcaafdca5100d29592ceedeb87946db6f206'),(440,'https://assets.mhw-db.com/armor/8c710f0317de27f3ed6d13d3d6621fb3.f4dfa050dde89b666bfcbdf1fd433a2ee310b720.png','8c710f0317de27f3ed6d13d3d6621fb3','f4dfa050dde89b666bfcbdf1fd433a2ee310b720'),(441,'https://assets.mhw-db.com/armor/4b8559df0d8fd80d4c4a01bbbfa4a177.68b6b3105a04504f2ab3d1d861dab48ec29811af.png','4b8559df0d8fd80d4c4a01bbbfa4a177','68b6b3105a04504f2ab3d1d861dab48ec29811af'),(442,'https://assets.mhw-db.com/armor/3bd18197b0840ad1e8591058349419e9.ad159a825fb8670f1b0608b6ca2c0828e440257b.png','3bd18197b0840ad1e8591058349419e9','ad159a825fb8670f1b0608b6ca2c0828e440257b'),(443,'https://assets.mhw-db.com/armor/0a49f13200486b5933d01fe2ccd59faa.e209a3c6865aadc45a7da253aa1f46b70f427201.png','0a49f13200486b5933d01fe2ccd59faa','e209a3c6865aadc45a7da253aa1f46b70f427201'),(444,'https://assets.mhw-db.com/armor/347f7624336bb9036e739da8a95224bb.c64cf2f3e3f54c67293254a0ce52dc26a649310f.png','347f7624336bb9036e739da8a95224bb','c64cf2f3e3f54c67293254a0ce52dc26a649310f'),(445,'https://assets.mhw-db.com/armor/87d7db4584d05601bb436630d59cf44e.80983a710a74eb7421f7e42af664207c12b237e6.png','87d7db4584d05601bb436630d59cf44e','80983a710a74eb7421f7e42af664207c12b237e6'),(446,'https://assets.mhw-db.com/armor/2569bee723c3106de4062b9f8614d0b8.d7f43b924fd8f4bc7c28345cbda9bb980c208488.png','2569bee723c3106de4062b9f8614d0b8','d7f43b924fd8f4bc7c28345cbda9bb980c208488'),(447,'https://assets.mhw-db.com/armor/d2bc19ea88470ce57a6b07d9650321ee.40856dd5c0a2f382b96e40fd21010226f92dd033.png','d2bc19ea88470ce57a6b07d9650321ee','40856dd5c0a2f382b96e40fd21010226f92dd033'),(448,'https://assets.mhw-db.com/armor/9db577a98dae49144759226add704ca6.fcb479d51956d03d55d32105f2b36754b5031e41.png','9db577a98dae49144759226add704ca6','fcb479d51956d03d55d32105f2b36754b5031e41'),(449,'https://assets.mhw-db.com/armor/2538ebbebf741e8ad9fa9560de1c5809.c4340ee8c14de5e693d51b533b363613bd939191.png','2538ebbebf741e8ad9fa9560de1c5809','c4340ee8c14de5e693d51b533b363613bd939191'),(450,'https://assets.mhw-db.com/armor/262ca3e62a5ecbb958d8f2f3be7d36a2.d38fd87dcd4a353e0e25849fac3eba3cd4f445bd.png','262ca3e62a5ecbb958d8f2f3be7d36a2','d38fd87dcd4a353e0e25849fac3eba3cd4f445bd'),(451,'https://assets.mhw-db.com/armor/fd3ba2888447beeb317558645b520948.2e766a88141f88edf4d1f0723053b1d8be0febc3.png','fd3ba2888447beeb317558645b520948','2e766a88141f88edf4d1f0723053b1d8be0febc3'),(452,'https://assets.mhw-db.com/armor/da4e37cb647f7f909cf97741770ff3f7.6c6a7a40b558cb03c56bf82f0f2d5ae3c082d4fb.png','da4e37cb647f7f909cf97741770ff3f7','6c6a7a40b558cb03c56bf82f0f2d5ae3c082d4fb'),(453,'https://assets.mhw-db.com/armor/e4e3f82af7fd1d7ec1123c7193e30093.4be31094105306d8785ba3054df112bd5e291128.png','e4e3f82af7fd1d7ec1123c7193e30093','4be31094105306d8785ba3054df112bd5e291128'),(454,'https://assets.mhw-db.com/armor/51ad52e5934f82f8fafbc7f606800b27.90912a6f6b3c1df472dbd8faea16536d87610aab.png','51ad52e5934f82f8fafbc7f606800b27','90912a6f6b3c1df472dbd8faea16536d87610aab'),(455,'https://assets.mhw-db.com/armor/368948e0cadf85f5b25a41703c7910bb.e2d80c2fe627c69287286b7cc536ede3e43fc4cb.png','368948e0cadf85f5b25a41703c7910bb','e2d80c2fe627c69287286b7cc536ede3e43fc4cb'),(456,'https://assets.mhw-db.com/armor/e9db800b287ac4942bb4d4d061813d52.3f32cdf2c8d4dea4063c7329d4b19b9227d2d14c.png','e9db800b287ac4942bb4d4d061813d52','3f32cdf2c8d4dea4063c7329d4b19b9227d2d14c'),(457,'https://assets.mhw-db.com/armor/666afc10991b0431f241426935dbba1e.ed08fcf52668b134aef70c7a793edd83306f3c24.png','666afc10991b0431f241426935dbba1e','ed08fcf52668b134aef70c7a793edd83306f3c24'),(458,'https://assets.mhw-db.com/armor/490f3ee9a3422cdf6d34da26733805fa.176ddc998c46e20499f5f437debe2d58bc00edef.png','490f3ee9a3422cdf6d34da26733805fa','176ddc998c46e20499f5f437debe2d58bc00edef'),(459,'https://assets.mhw-db.com/armor/4b51156cb4fd7f7c3c01b1d6f9cceae5.29aa9703a8e64d0c8f85fb32983333dea6f0c1bb.png','4b51156cb4fd7f7c3c01b1d6f9cceae5','29aa9703a8e64d0c8f85fb32983333dea6f0c1bb'),(460,'https://assets.mhw-db.com/armor/c7521aabdb24a95e4d494c00cb22b81b.eb23e61852893b2183dc055efef306723858c8e0.png','c7521aabdb24a95e4d494c00cb22b81b','eb23e61852893b2183dc055efef306723858c8e0'),(461,'https://assets.mhw-db.com/armor/3078f6d161640f0251ae30f89fa634f4.a7f502c30f9452f21fa83b36046a6b0cba3a45d1.png','3078f6d161640f0251ae30f89fa634f4','a7f502c30f9452f21fa83b36046a6b0cba3a45d1'),(462,'https://assets.mhw-db.com/armor/1247cb1920a07057eb168e39d21967a4.3ca6108488e4657b5f7d2a81a72b47420658854a.png','1247cb1920a07057eb168e39d21967a4','3ca6108488e4657b5f7d2a81a72b47420658854a'),(463,'https://assets.mhw-db.com/armor/35eadcfe1c0ed24311f2a14953b63cee.6645b858b1abf913b78bd414508fc4f303485a37.png','35eadcfe1c0ed24311f2a14953b63cee','6645b858b1abf913b78bd414508fc4f303485a37'),(464,'https://assets.mhw-db.com/armor/a2cc513bcb2e1d305db378570f3ba3c7.e13bc8c927eac4a593d4bf442c254f32cf863627.png','a2cc513bcb2e1d305db378570f3ba3c7','e13bc8c927eac4a593d4bf442c254f32cf863627'),(465,'https://assets.mhw-db.com/armor/ddff9e335d77fa000c3fdfbb48b20c16.e8e6d0ae1b0bbe4fc8fb2377f3d9f9a7305c31be.png','ddff9e335d77fa000c3fdfbb48b20c16','e8e6d0ae1b0bbe4fc8fb2377f3d9f9a7305c31be'),(466,'https://assets.mhw-db.com/armor/96d60e41747c05223aac6cd6b81374cd.ab59039c82b6b17e58ce25fd213255d93bd853c3.png','96d60e41747c05223aac6cd6b81374cd','ab59039c82b6b17e58ce25fd213255d93bd853c3'),(467,'https://assets.mhw-db.com/armor/7929a311d3d24b14ddb70741bce6fabe.6e112e22c3d4efd3c0b546cb6fe3075688b45388.png','7929a311d3d24b14ddb70741bce6fabe','6e112e22c3d4efd3c0b546cb6fe3075688b45388'),(468,'https://assets.mhw-db.com/armor/b87e358e03d1cf6fd68c0551200a2e6b.844093e51ff7627ea2fd9eaa8e48139d3dbefecb.png','b87e358e03d1cf6fd68c0551200a2e6b','844093e51ff7627ea2fd9eaa8e48139d3dbefecb'),(469,'https://assets.mhw-db.com/armor/55e22b7b3740c3d04f62b82ff43a736b.b46d5bd97e3fffd023f7c31a0ebaa401c24a712a.png','55e22b7b3740c3d04f62b82ff43a736b','b46d5bd97e3fffd023f7c31a0ebaa401c24a712a'),(470,'https://assets.mhw-db.com/armor/48a2f8b431de86a24edf375f5317d816.f005a29eef7aa458172d758f5349469c749eda75.png','48a2f8b431de86a24edf375f5317d816','f005a29eef7aa458172d758f5349469c749eda75'),(471,'https://assets.mhw-db.com/armor/0ace8260004ddeb113660af9ef857def.89229a104522743e5a681a7b8c90275b50d02d56.png','0ace8260004ddeb113660af9ef857def','89229a104522743e5a681a7b8c90275b50d02d56'),(472,'https://assets.mhw-db.com/armor/e4aa3983bdd447a5159d62a11f53d4ec.cbe65cffeee5be40d58f9a0259a9dfe1442d85b1.png','e4aa3983bdd447a5159d62a11f53d4ec','cbe65cffeee5be40d58f9a0259a9dfe1442d85b1'),(473,'https://assets.mhw-db.com/armor/84d65c3b2e71e583475fc82f340e65c6.d9a2a1e90e21b14086f290594ded313a99b4f6b6.png','84d65c3b2e71e583475fc82f340e65c6','d9a2a1e90e21b14086f290594ded313a99b4f6b6'),(474,'https://assets.mhw-db.com/armor/418aedde8f7b49842de90cdd9e94e107.d9727dce2a5a017bfc2ac8a3abc93412e689191d.png','418aedde8f7b49842de90cdd9e94e107','d9727dce2a5a017bfc2ac8a3abc93412e689191d'),(475,'https://assets.mhw-db.com/armor/46a67e7994bebfc45322e4c81bfd1b10.fafdc36539badcfb830eef784764b8c7d1d16cf1.png','46a67e7994bebfc45322e4c81bfd1b10','fafdc36539badcfb830eef784764b8c7d1d16cf1'),(476,'https://assets.mhw-db.com/armor/ff5a67b89d47585f6cd24743a24124ff.973a990bac0ce212f7f3af83f790a5ae2579436d.png','ff5a67b89d47585f6cd24743a24124ff','973a990bac0ce212f7f3af83f790a5ae2579436d'),(477,'https://assets.mhw-db.com/armor/cb0e629c0ad8a7034279320d9d4e888f.99030568eb502301f2dc4ddd1836add5c973759d.png','cb0e629c0ad8a7034279320d9d4e888f','99030568eb502301f2dc4ddd1836add5c973759d'),(478,'https://assets.mhw-db.com/armor/b54ac5998ef9ca3dcad5369aba69eddd.71c22079ad9df5aed59cb8b431ebb9497b2c3073.png','b54ac5998ef9ca3dcad5369aba69eddd','71c22079ad9df5aed59cb8b431ebb9497b2c3073'),(479,'https://assets.mhw-db.com/armor/6fa95252bd12236c23d87ffec65e7f21.d3ddca456d25868da7874ec08cd1955d2e8278c4.png','6fa95252bd12236c23d87ffec65e7f21','d3ddca456d25868da7874ec08cd1955d2e8278c4'),(480,'https://assets.mhw-db.com/armor/d7f96e9f6f7a6ec7f5423b4f3e6791d4.b7d1273e13167fd45ce425f2f8b208283f60f813.png','d7f96e9f6f7a6ec7f5423b4f3e6791d4','b7d1273e13167fd45ce425f2f8b208283f60f813'),(481,'https://assets.mhw-db.com/armor/03d1cb2b8515c81fa84b04cecb0b9422.e0fe45af1694c465b21f720f7c9d414a47ad5203.png','03d1cb2b8515c81fa84b04cecb0b9422','e0fe45af1694c465b21f720f7c9d414a47ad5203'),(482,'https://assets.mhw-db.com/armor/95e9519798b59b01dcbe3d7e1289bf0c.dbf6a5a8d145839051708f578a1339e2ed281df0.png','95e9519798b59b01dcbe3d7e1289bf0c','dbf6a5a8d145839051708f578a1339e2ed281df0'),(483,'https://assets.mhw-db.com/armor/c3b8dc0d6d1758409fa184dcd378acbb.490c53e58e3a3a009099bbb0b981e601a5a17806.png','c3b8dc0d6d1758409fa184dcd378acbb','490c53e58e3a3a009099bbb0b981e601a5a17806'),(484,'https://assets.mhw-db.com/armor/2d45ab404705e0656f47904bbaa283c2.b17ed055f7fb07391d3a9fa26ff2a7f20853fb5e.png','2d45ab404705e0656f47904bbaa283c2','b17ed055f7fb07391d3a9fa26ff2a7f20853fb5e'),(485,'https://assets.mhw-db.com/armor/3328945c6fae4f1722c998e231f3df7e.d0bce4ef9a1549113c51a352273bae9c5333c096.png','3328945c6fae4f1722c998e231f3df7e','d0bce4ef9a1549113c51a352273bae9c5333c096'),(486,'https://assets.mhw-db.com/armor/ce5e5fb2ded55a9bd033bbb65a2699e8.9eecaa32721bbd19968bd1cd78964f73f0df8e8f.png','ce5e5fb2ded55a9bd033bbb65a2699e8','9eecaa32721bbd19968bd1cd78964f73f0df8e8f'),(487,'https://assets.mhw-db.com/armor/3b7c5c256fa71654f10fd151e99deb73.277cf51b256295aabba5058059b6859e848db97f.png','3b7c5c256fa71654f10fd151e99deb73','277cf51b256295aabba5058059b6859e848db97f'),(488,'https://assets.mhw-db.com/armor/5c306f8d53ccbb2c63d87aaaea87235d.c49b4d9e6388721a4d72c6ea1a104319f127c42a.png','5c306f8d53ccbb2c63d87aaaea87235d','c49b4d9e6388721a4d72c6ea1a104319f127c42a'),(489,'https://assets.mhw-db.com/armor/722c81b0eea348ef78c929e495a2bdaa.c35f4d47ff004cb977f19d239488b6385574e307.png','722c81b0eea348ef78c929e495a2bdaa','c35f4d47ff004cb977f19d239488b6385574e307'),(490,'https://assets.mhw-db.com/armor/61c8cb8e141828422fd90e46644f64f8.9fa305ac441cead8834ad0f05f62aac4acb95511.png','61c8cb8e141828422fd90e46644f64f8','9fa305ac441cead8834ad0f05f62aac4acb95511'),(491,'https://assets.mhw-db.com/armor/bf17d6ee97636c8e99dc82047014f4b8.1eadbfdfe8218232a45f405a4eddab9e7c27a7fe.png','bf17d6ee97636c8e99dc82047014f4b8','1eadbfdfe8218232a45f405a4eddab9e7c27a7fe'),(492,'https://assets.mhw-db.com/armor/3aa9b634ead2fb9593beecdd6a917731.cea6224021dfb45e25efdbd13ce7330dfa94c4f5.png','3aa9b634ead2fb9593beecdd6a917731','cea6224021dfb45e25efdbd13ce7330dfa94c4f5'),(493,'https://assets.mhw-db.com/armor/e56962b5cec7e2cbc3d2ea8906b03eb6.c7678a01d51cf83b36be58cb95d55bfb4b40b443.png','e56962b5cec7e2cbc3d2ea8906b03eb6','c7678a01d51cf83b36be58cb95d55bfb4b40b443'),(494,'https://assets.mhw-db.com/armor/074799751efadb0f3745eea4fd8d8e31.44690bc7c1e8cc4b7421297005d3f47b611bb3f2.png','074799751efadb0f3745eea4fd8d8e31','44690bc7c1e8cc4b7421297005d3f47b611bb3f2'),(495,'https://assets.mhw-db.com/armor/99487240a25b615ff9ceb056a2385cae.8b08130a6bb3eddea83475170cb8633515d56414.png','99487240a25b615ff9ceb056a2385cae','8b08130a6bb3eddea83475170cb8633515d56414'),(496,'https://assets.mhw-db.com/armor/8d6ad97b178fb11cb4c95ce82563dc52.44b47cbf9e21cfff8c8f0892678b878e72bb8200.png','8d6ad97b178fb11cb4c95ce82563dc52','44b47cbf9e21cfff8c8f0892678b878e72bb8200'),(497,'https://assets.mhw-db.com/armor/49d343295df32743ca57224f0c59e1d4.91bb9b2300ca5d7c32a58be093f0176b10ae600f.png','49d343295df32743ca57224f0c59e1d4','91bb9b2300ca5d7c32a58be093f0176b10ae600f'),(498,'https://assets.mhw-db.com/armor/33708721e95fe30b3d27e320798f0868.263a31e009f3d54c398ed925b2e6b8e8716a2c7a.png','33708721e95fe30b3d27e320798f0868','263a31e009f3d54c398ed925b2e6b8e8716a2c7a'),(499,'https://assets.mhw-db.com/armor/8f30b03f1c906f0d51d06d579eee07ea.58c6088e1c3b663991935c011e17653f91125649.png','8f30b03f1c906f0d51d06d579eee07ea','58c6088e1c3b663991935c011e17653f91125649'),(500,'https://assets.mhw-db.com/armor/be1a1dc75df7edd3e509642587df4ef4.519b2baf2c3ad405099b48564228bec87580c06f.png','be1a1dc75df7edd3e509642587df4ef4','519b2baf2c3ad405099b48564228bec87580c06f'),(501,'https://assets.mhw-db.com/armor/eeac41ccaa0f23b54fc58230d903bccc.62db0367631e594266022bcfeb2ad0e3e963080a.png','eeac41ccaa0f23b54fc58230d903bccc','62db0367631e594266022bcfeb2ad0e3e963080a'),(502,'https://assets.mhw-db.com/armor/63e45c7cabcfb776e6b0b5df791bdfa7.f7b784b8de69b33e1f6b1af42553505c83cfcb45.png','63e45c7cabcfb776e6b0b5df791bdfa7','f7b784b8de69b33e1f6b1af42553505c83cfcb45'),(503,'https://assets.mhw-db.com/armor/9db28eec0210c0045236d9101612fa40.e115a8c6407c7d0db004a0f121ad8ea839cdf652.png','9db28eec0210c0045236d9101612fa40','e115a8c6407c7d0db004a0f121ad8ea839cdf652'),(504,'https://assets.mhw-db.com/armor/114774790c14fbd16d5b28c4b963feae.ac668f424eb3662c1bfeab6027908934da78167f.png','114774790c14fbd16d5b28c4b963feae','ac668f424eb3662c1bfeab6027908934da78167f'),(505,'https://assets.mhw-db.com/armor/d442528887c7440d339cdbdd8e32c614.b3263788ce9d22a10569cd3c22134434fa5fe9d6.png','d442528887c7440d339cdbdd8e32c614','b3263788ce9d22a10569cd3c22134434fa5fe9d6'),(506,'https://assets.mhw-db.com/armor/563aa208e4a7736cda3b1236935f1f96.29e418d4aa68fb2b3e329abba8b614ecba4cd56a.png','563aa208e4a7736cda3b1236935f1f96','29e418d4aa68fb2b3e329abba8b614ecba4cd56a'),(507,'https://assets.mhw-db.com/armor/ecccac1ef25ed305f6f87279108284ea.43b9bac559dc7f2b016e4fd40238b68a94b2ebdd.png','ecccac1ef25ed305f6f87279108284ea','43b9bac559dc7f2b016e4fd40238b68a94b2ebdd'),(508,'https://assets.mhw-db.com/armor/17020a2202c7499228bdb4b0d03765c7.27a1432734f6c494383877988665434dbcddf70c.png','17020a2202c7499228bdb4b0d03765c7','27a1432734f6c494383877988665434dbcddf70c'),(509,'https://assets.mhw-db.com/armor/822766129ce836dfa7c5b0c638915b0f.042885bf7ddc29569a6ead4d1bf1fce8b1549c8f.png','822766129ce836dfa7c5b0c638915b0f','042885bf7ddc29569a6ead4d1bf1fce8b1549c8f'),(510,'https://assets.mhw-db.com/armor/d00411e800efbff635e3a31bf594d2fb.ab2b520572f0942537698fdcc9b530724ab519ae.png','d00411e800efbff635e3a31bf594d2fb','ab2b520572f0942537698fdcc9b530724ab519ae'),(511,'https://assets.mhw-db.com/armor/fb483c12497e0f7a6e294662cb290a8e.7376bdba280ddf0c50c0e2ac86c6a7595dfec747.png','fb483c12497e0f7a6e294662cb290a8e','7376bdba280ddf0c50c0e2ac86c6a7595dfec747'),(512,'https://assets.mhw-db.com/armor/6b07f1a2cadad6293d01ddfdeeb5dae0.7f9ab9872e2647d7b856d3a3fef58938ff057685.png','6b07f1a2cadad6293d01ddfdeeb5dae0','7f9ab9872e2647d7b856d3a3fef58938ff057685'),(513,'https://assets.mhw-db.com/armor/4c730f57330d7577c002666f0f53c4c0.d5a42d534699afa41db2e9c27bba6a413d773659.png','4c730f57330d7577c002666f0f53c4c0','d5a42d534699afa41db2e9c27bba6a413d773659'),(514,'https://assets.mhw-db.com/armor/075643b5f70564e172ee3d9e3c22ce5b.b074bb65750c4c9e747661330beea988250b6cd1.png','075643b5f70564e172ee3d9e3c22ce5b','b074bb65750c4c9e747661330beea988250b6cd1'),(515,'https://assets.mhw-db.com/armor/88864df8eae6394fda2ac880378eae86.7f4852d3f6e689ae9327cf3b1939e36ab059b529.png','88864df8eae6394fda2ac880378eae86','7f4852d3f6e689ae9327cf3b1939e36ab059b529'),(516,'https://assets.mhw-db.com/armor/d96756c3950a69ea18787773e9131fe9.638345684f90db8deb5501b99f40891a39ab0245.png','d96756c3950a69ea18787773e9131fe9','638345684f90db8deb5501b99f40891a39ab0245'),(517,'https://assets.mhw-db.com/armor/a6ef8c9c9574d954feec4336751aae3b.44c069987686d69add428cf2512abc1c018139fc.png','a6ef8c9c9574d954feec4336751aae3b','44c069987686d69add428cf2512abc1c018139fc'),(518,'https://assets.mhw-db.com/armor/090b273c969a91e75c69fba5db8a8880.890bcefd0bf24edd13a74730172387076abf3781.png','090b273c969a91e75c69fba5db8a8880','890bcefd0bf24edd13a74730172387076abf3781'),(519,'https://assets.mhw-db.com/armor/693264bc001e5c8f36ca7a6edd4261a9.e6fba9be6c0e2b8104792233f982557b1affc29f.png','693264bc001e5c8f36ca7a6edd4261a9','e6fba9be6c0e2b8104792233f982557b1affc29f'),(520,'https://assets.mhw-db.com/armor/2f4d2d9e7a5a82cc41ae4cd6ce0a069e.a656584f0f3cc4a9941e21f5a5d5692901c73da5.png','2f4d2d9e7a5a82cc41ae4cd6ce0a069e','a656584f0f3cc4a9941e21f5a5d5692901c73da5'),(521,'https://assets.mhw-db.com/armor/b113d396d43423937a2164e2f69063b0.ed2cc8df9cb7211e12bd1d3a3479eef7223a926c.png','b113d396d43423937a2164e2f69063b0','ed2cc8df9cb7211e12bd1d3a3479eef7223a926c'),(522,'https://assets.mhw-db.com/armor/c6674d1415aee492af6c74daa92435ca.06ca1e409656fc709f48deb943e15c855d29a5af.png','c6674d1415aee492af6c74daa92435ca','06ca1e409656fc709f48deb943e15c855d29a5af'),(523,'https://assets.mhw-db.com/armor/fcf23338d04e8f6d589a95e6ae17ed29.3f6a12e73c7629b83e03d41eef4f6e48a6ab7b61.png','fcf23338d04e8f6d589a95e6ae17ed29','3f6a12e73c7629b83e03d41eef4f6e48a6ab7b61'),(524,'https://assets.mhw-db.com/armor/f660e396fd65ff8cd1c1777d76ed7809.d35528d751045ad7ccad983592facf921084f519.png','f660e396fd65ff8cd1c1777d76ed7809','d35528d751045ad7ccad983592facf921084f519'),(525,'https://assets.mhw-db.com/armor/ad2aa57b1d17f7cad0b786922c0520c5.12b642d5f3c8b21d2ab1bc4265fa73b2236241dd.png','ad2aa57b1d17f7cad0b786922c0520c5','12b642d5f3c8b21d2ab1bc4265fa73b2236241dd'),(526,'https://assets.mhw-db.com/armor/0e11890be5160c0be1af49b228d62c61.ba4474e0bd690477798cd9922bf54a3dba8de396.png','0e11890be5160c0be1af49b228d62c61','ba4474e0bd690477798cd9922bf54a3dba8de396'),(527,'https://assets.mhw-db.com/armor/9ee201368bd0fd107dd9c740431f8441.92c4e24e88cf0c153d7ed6764466d91bac9daf50.png','9ee201368bd0fd107dd9c740431f8441','92c4e24e88cf0c153d7ed6764466d91bac9daf50'),(528,'https://assets.mhw-db.com/armor/558d530df0c6b6b5450dbbcefa19d0b3.5f16acaf14ef8a3bebc1212290299e40b94a10fe.png','558d530df0c6b6b5450dbbcefa19d0b3','5f16acaf14ef8a3bebc1212290299e40b94a10fe'),(529,'https://assets.mhw-db.com/armor/331c2c93ae277533b363870249d90fd0.b9ce929cf1b4cdd43e45252967e0c21156503bc6.png','331c2c93ae277533b363870249d90fd0','b9ce929cf1b4cdd43e45252967e0c21156503bc6'),(530,'https://assets.mhw-db.com/armor/a754dff8a3430c26405d03c432bbe300.907a6fd9e393a724efcb46d95b7708f951bffcc6.png','a754dff8a3430c26405d03c432bbe300','907a6fd9e393a724efcb46d95b7708f951bffcc6'),(531,'https://assets.mhw-db.com/armor/7689e0b9bdea98fe43dd4b8cbeb16d95.135d6efaeb49932facfb1a24884fef388ec8e0bc.png','7689e0b9bdea98fe43dd4b8cbeb16d95','135d6efaeb49932facfb1a24884fef388ec8e0bc'),(532,'https://assets.mhw-db.com/armor/1fd462a58cce830c625c0b465ff62ec5.c2e4226f605c1b386da4dc8108734ba3ad78fb95.png','1fd462a58cce830c625c0b465ff62ec5','c2e4226f605c1b386da4dc8108734ba3ad78fb95'),(533,'https://assets.mhw-db.com/armor/7a8d9720cdb63dfe7a7066f46bce8153.b790bb0b78d4ddc7c289aa85e7d0b50f3124a713.png','7a8d9720cdb63dfe7a7066f46bce8153','b790bb0b78d4ddc7c289aa85e7d0b50f3124a713'),(534,'https://assets.mhw-db.com/armor/fb149bf271cc51d1e314f76842c63049.6da5c4571d646697b5387ea9cdb54eba2948d42d.png','fb149bf271cc51d1e314f76842c63049','6da5c4571d646697b5387ea9cdb54eba2948d42d'),(535,'https://assets.mhw-db.com/armor/cb5c7fa1bc7cb61e46b37e3c99c3cb7a.3fac4c153bd8ba08c85018113b4defd57f6f987c.png','cb5c7fa1bc7cb61e46b37e3c99c3cb7a','3fac4c153bd8ba08c85018113b4defd57f6f987c'),(536,'https://assets.mhw-db.com/armor/55706a3a81776f0f880d65d91a195161.34f5f36a49aac7edfbb9f0696c759f9b40791667.png','55706a3a81776f0f880d65d91a195161','34f5f36a49aac7edfbb9f0696c759f9b40791667'),(537,'https://assets.mhw-db.com/armor/e83e4075c14c5be299f43e3061957a3b.03dcedb9653452ceb626f2baef27ec641bfcf80d.png','e83e4075c14c5be299f43e3061957a3b','03dcedb9653452ceb626f2baef27ec641bfcf80d'),(538,'https://assets.mhw-db.com/armor/4dea918eebb3c46f532de43337c95014.6a81e5a9b57a04b0f415b4ded096f86b2fcfd385.png','4dea918eebb3c46f532de43337c95014','6a81e5a9b57a04b0f415b4ded096f86b2fcfd385'),(539,'https://assets.mhw-db.com/armor/130ed2bc39815004189d626de95cfa7c.6e6fd0510e7b770e9649b7d0cf51021579802a59.png','130ed2bc39815004189d626de95cfa7c','6e6fd0510e7b770e9649b7d0cf51021579802a59'),(540,'https://assets.mhw-db.com/armor/fe3ee3e9a260a2e9ff90e49a07611479.bc61fc7c4559e77f10969230335247cd2d3be41d.png','fe3ee3e9a260a2e9ff90e49a07611479','bc61fc7c4559e77f10969230335247cd2d3be41d'),(541,'https://assets.mhw-db.com/armor/fae2bc016bc0db2f20f6f8ee07093730.c15489461bfe18de870de5d99f617cc64be5946c.png','fae2bc016bc0db2f20f6f8ee07093730','c15489461bfe18de870de5d99f617cc64be5946c'),(542,'https://assets.mhw-db.com/armor/a5eb36298425e3b1e22cc16448d0dd17.695d5b3b934a0f7f6d5298cee59bf6ca206862e2.png','a5eb36298425e3b1e22cc16448d0dd17','695d5b3b934a0f7f6d5298cee59bf6ca206862e2'),(543,'https://assets.mhw-db.com/armor/498ce5ca171241b706f342a042de90f0.bf4ba58d5f6dce7679cbac3ab3f01b2089b493cc.png','498ce5ca171241b706f342a042de90f0','bf4ba58d5f6dce7679cbac3ab3f01b2089b493cc'),(544,'https://assets.mhw-db.com/armor/bc9d283ec5db7639445711f1558637a5.a6fc7404c6e2773738c1854663903bde2ce6b8f7.png','bc9d283ec5db7639445711f1558637a5','a6fc7404c6e2773738c1854663903bde2ce6b8f7'),(545,'https://assets.mhw-db.com/armor/17b63b911eeabd9667c4f721260321fc.4a3f8376a17f6532d15dcac89465e842c52e4dcf.png','17b63b911eeabd9667c4f721260321fc','4a3f8376a17f6532d15dcac89465e842c52e4dcf'),(546,'https://assets.mhw-db.com/armor/cdaeecdc17b7e2da0b00a73c8d319bd0.04279d7c4acc80f598f41c7e860ea084f6ab2d76.png','cdaeecdc17b7e2da0b00a73c8d319bd0','04279d7c4acc80f598f41c7e860ea084f6ab2d76'),(547,'https://assets.mhw-db.com/armor/244d4ba535c6e5ef3e56d02e410bce92.a828fef5a9febae1ff98bad16766080925817399.png','244d4ba535c6e5ef3e56d02e410bce92','a828fef5a9febae1ff98bad16766080925817399'),(548,'https://assets.mhw-db.com/armor/f1488156dade7dc8aafb680a50e8034f.30161c3b6efe7f7067271ccb55fb97cac2cd7ecc.png','f1488156dade7dc8aafb680a50e8034f','30161c3b6efe7f7067271ccb55fb97cac2cd7ecc'),(549,'https://assets.mhw-db.com/armor/2aedca6cff6877dc90566783c9d0b7c8.145253726474616424f57bd074f4483c86764734.png','2aedca6cff6877dc90566783c9d0b7c8','145253726474616424f57bd074f4483c86764734'),(550,'https://assets.mhw-db.com/armor/bd5410f2b7dc6405fdd3cc1834feb164.c5fbafc485c7938ea1d0fbd43b67246c5f96a371.png','bd5410f2b7dc6405fdd3cc1834feb164','c5fbafc485c7938ea1d0fbd43b67246c5f96a371'),(551,'https://assets.mhw-db.com/armor/ecbbacc5291248f6cdb375f049de7622.0e145875f7fa6887f666444ef245f70165e36406.png','ecbbacc5291248f6cdb375f049de7622','0e145875f7fa6887f666444ef245f70165e36406'),(552,'https://assets.mhw-db.com/armor/d5017ea1c43b23c1828a82bcd0713cd0.959da07d4a7e301468daadbd42c2525e53f6b7c8.png','d5017ea1c43b23c1828a82bcd0713cd0','959da07d4a7e301468daadbd42c2525e53f6b7c8'),(553,'https://assets.mhw-db.com/armor/9cc02e5d08b245e6b9caab7669318071.a84b39515c3d6547d522cd550dd6a73823bfe5d1.png','9cc02e5d08b245e6b9caab7669318071','a84b39515c3d6547d522cd550dd6a73823bfe5d1'),(554,'https://assets.mhw-db.com/armor/207c3f4a2afc0b795f8a31c3e706a094.4ccb61fa84a196a7f10778bdd450c44864503a7c.png','207c3f4a2afc0b795f8a31c3e706a094','4ccb61fa84a196a7f10778bdd450c44864503a7c'),(555,'https://assets.mhw-db.com/armor/c3f3cac80b9f65ff9afaf748b0c9657c.12abc2d2952ce098a01392fb3c3e99f46a52b9a8.png','c3f3cac80b9f65ff9afaf748b0c9657c','12abc2d2952ce098a01392fb3c3e99f46a52b9a8'),(556,'https://assets.mhw-db.com/armor/622e7fd21b89d8bf7559fa22e41e1385.8521824466a9069bd093ae8bdf0777e62d3851c3.png','622e7fd21b89d8bf7559fa22e41e1385','8521824466a9069bd093ae8bdf0777e62d3851c3'),(557,'https://assets.mhw-db.com/armor/fbc7d4d49d3f6733fa317cfa19a862cb.3c37fbac704aaad375ce0c8c282f5bdf76f0964b.png','fbc7d4d49d3f6733fa317cfa19a862cb','3c37fbac704aaad375ce0c8c282f5bdf76f0964b'),(558,'https://assets.mhw-db.com/armor/5feaa69c6345f1e4c3663b89a374faa1.03ce06ea8d5ae24b7b60470b52268d4c80964516.png','5feaa69c6345f1e4c3663b89a374faa1','03ce06ea8d5ae24b7b60470b52268d4c80964516'),(559,'https://assets.mhw-db.com/armor/1167e9218fb65d1683f4a5ebd1427634.610b8436182d3fe44f6e5853cf26df45e0f9e50e.png','1167e9218fb65d1683f4a5ebd1427634','610b8436182d3fe44f6e5853cf26df45e0f9e50e'),(560,'https://assets.mhw-db.com/armor/419cd7ee651e789bab1ada145ebdf255.1ff7b4e42f92211c504f7051592d65ac5a0d4e22.png','419cd7ee651e789bab1ada145ebdf255','1ff7b4e42f92211c504f7051592d65ac5a0d4e22'),(561,'https://assets.mhw-db.com/armor/bd8deb0e279e19a5c1c345d80d8e0c52.0b497be8e6ecaacf66b7af80704fe369cc028231.png','bd8deb0e279e19a5c1c345d80d8e0c52','0b497be8e6ecaacf66b7af80704fe369cc028231'),(562,'https://assets.mhw-db.com/armor/af7c64016e837b7d61834d244497d036.0d6f7436dd6f1394cea9dcccaefcceff22cf10f8.png','af7c64016e837b7d61834d244497d036','0d6f7436dd6f1394cea9dcccaefcceff22cf10f8'),(563,'https://assets.mhw-db.com/armor/01b9b17ce05c7046b558bbdde86af18c.c27b7e619b6f30f0564fe2e5fc12ef1357f0f477.png','01b9b17ce05c7046b558bbdde86af18c','c27b7e619b6f30f0564fe2e5fc12ef1357f0f477'),(564,'https://assets.mhw-db.com/armor/84f9b3679cb942ea4008d4cdecf01aec.693677bd5b9b3c92b3408c7436f718ac3f33d4c2.png','84f9b3679cb942ea4008d4cdecf01aec','693677bd5b9b3c92b3408c7436f718ac3f33d4c2'),(565,'https://assets.mhw-db.com/armor/383835fdbd9f1e961b79a15bb9a51bba.04f59884c3639a33b09f9f40429e6825a1a4efc1.png','383835fdbd9f1e961b79a15bb9a51bba','04f59884c3639a33b09f9f40429e6825a1a4efc1'),(566,'https://assets.mhw-db.com/armor/03e80237cab00206e78ee61b00aa0b48.014215354ba900727a7a3068cf1c7b502714b6f4.png','03e80237cab00206e78ee61b00aa0b48','014215354ba900727a7a3068cf1c7b502714b6f4'),(567,'https://assets.mhw-db.com/armor/ad1f0bfe1641498fbfe905048d2d34a6.76535332f84b1ba411193e6281662305aefac921.png','ad1f0bfe1641498fbfe905048d2d34a6','76535332f84b1ba411193e6281662305aefac921'),(568,'https://assets.mhw-db.com/armor/12fa72e22e39656c51e1fe4842b46aef.19b5c8fd5d9263a91e52a0435eb9fae1d91ba05c.png','12fa72e22e39656c51e1fe4842b46aef','19b5c8fd5d9263a91e52a0435eb9fae1d91ba05c'),(569,'https://assets.mhw-db.com/armor/d2d2b71f38462e048b8af3ee2a376f67.edfba7a8e333b41cd945135e812e5c54dd9ff1b3.png','d2d2b71f38462e048b8af3ee2a376f67','edfba7a8e333b41cd945135e812e5c54dd9ff1b3'),(570,'https://assets.mhw-db.com/armor/2d076bc473959fd315e6841620d2d335.566245148184993458436c0eba1f287dec4f03b6.png','2d076bc473959fd315e6841620d2d335','566245148184993458436c0eba1f287dec4f03b6'),(571,'https://assets.mhw-db.com/armor/85498508aa24c1fca5028cfd409deb71.42032d595cab947e8e510ade710d6476b5e46ad2.png','85498508aa24c1fca5028cfd409deb71','42032d595cab947e8e510ade710d6476b5e46ad2'),(572,'https://assets.mhw-db.com/armor/4d54c6b37be9a0d54b3f5fc658f66b40.6328ac052ae5265c5eb39673e151fe4fad6a5f7f.png','4d54c6b37be9a0d54b3f5fc658f66b40','6328ac052ae5265c5eb39673e151fe4fad6a5f7f'),(573,'https://assets.mhw-db.com/armor/c4924ee71b38f3a8b1d8e960723b8339.1b0c4db7fff01a1ce0d16d4db6ed0eb1c1c198aa.png','c4924ee71b38f3a8b1d8e960723b8339','1b0c4db7fff01a1ce0d16d4db6ed0eb1c1c198aa'),(574,'https://assets.mhw-db.com/armor/97fe733d5e0c1db557e6b6a9b4feba4b.17ede9b0ccd165b6aff5886cad1d3c72e5624ae7.png','97fe733d5e0c1db557e6b6a9b4feba4b','17ede9b0ccd165b6aff5886cad1d3c72e5624ae7'),(575,'https://assets.mhw-db.com/armor/0d737c2c77013b3413df6d745310e745.442c90259473472155720c0454444b8c59630039.png','0d737c2c77013b3413df6d745310e745','442c90259473472155720c0454444b8c59630039'),(576,'https://assets.mhw-db.com/armor/84c24d47bc84e2b826a3e3d2cf1287ed.df3cbf79a76cee360a4470453a3ddd0e772436f5.png','84c24d47bc84e2b826a3e3d2cf1287ed','df3cbf79a76cee360a4470453a3ddd0e772436f5'),(577,'https://assets.mhw-db.com/armor/cd65cb8527b11791a33347841ce991d7.1b64e32e1453a8306a19d23f060644a308f579ce.png','cd65cb8527b11791a33347841ce991d7','1b64e32e1453a8306a19d23f060644a308f579ce'),(578,'https://assets.mhw-db.com/armor/de255ad55f47a6572fcb67a06190cc4d.71794a83907cccb159b7c60b9bd638ab7e5140e9.png','de255ad55f47a6572fcb67a06190cc4d','71794a83907cccb159b7c60b9bd638ab7e5140e9'),(579,'https://assets.mhw-db.com/armor/0eb38c43af7ff7d9a4721209f1f5a79c.7a072f02a4f88b4d365fa6c61d552cc30db63eef.png','0eb38c43af7ff7d9a4721209f1f5a79c','7a072f02a4f88b4d365fa6c61d552cc30db63eef'),(580,'https://assets.mhw-db.com/armor/dbdccaa76428d426a867374f020f4157.f9abb3b3c01c2adbfcfedea4463aa8ffaf3ed98d.png','dbdccaa76428d426a867374f020f4157','f9abb3b3c01c2adbfcfedea4463aa8ffaf3ed98d'),(581,'https://assets.mhw-db.com/armor/d3859b84548a31dc8d6f5e41a10be3a4.6effb1711f80e4c324d90f5e9c2300ff35ad8f8d.png','d3859b84548a31dc8d6f5e41a10be3a4','6effb1711f80e4c324d90f5e9c2300ff35ad8f8d'),(582,'https://assets.mhw-db.com/armor/e42f5c44d958137790504e1343d6a39a.457092a352f7fb1f3c48579f893c48a70ee0a23b.png','e42f5c44d958137790504e1343d6a39a','457092a352f7fb1f3c48579f893c48a70ee0a23b'),(583,'https://assets.mhw-db.com/armor/7d19b75d8f44474f6cafc1dc2e5caf8c.19f14a5085e2edb4b4a369016555e11bc61f8bce.png','7d19b75d8f44474f6cafc1dc2e5caf8c','19f14a5085e2edb4b4a369016555e11bc61f8bce'),(584,'https://assets.mhw-db.com/armor/1e9798645b136c1c1c12f1c9fa27e4a3.38f401bd56b9b90ac2d593e8155e17dcb0e5054a.png','1e9798645b136c1c1c12f1c9fa27e4a3','38f401bd56b9b90ac2d593e8155e17dcb0e5054a'),(585,'https://assets.mhw-db.com/armor/04e08bd1f7e5704496f966ccd85a51e5.2343eab9a773380bfafe3880416081f7e6410183.png','04e08bd1f7e5704496f966ccd85a51e5','2343eab9a773380bfafe3880416081f7e6410183'),(586,'https://assets.mhw-db.com/armor/81c6ab2b68df63569f85a092a211e18d.11a3f78243e2d37cb61dca6113bad1d4754bbbc2.png','81c6ab2b68df63569f85a092a211e18d','11a3f78243e2d37cb61dca6113bad1d4754bbbc2'),(587,'https://assets.mhw-db.com/armor/9e30a68941fb9f03d14407a6f51d3c7b.65d39eaf351e9e9c920d34be9d87af925381f6a0.png','9e30a68941fb9f03d14407a6f51d3c7b','65d39eaf351e9e9c920d34be9d87af925381f6a0'),(588,'https://assets.mhw-db.com/armor/663b91ac5470a94b75c51aee95fe37be.2c40409b1c04a806089db48705c4a27f6509a059.png','663b91ac5470a94b75c51aee95fe37be','2c40409b1c04a806089db48705c4a27f6509a059'),(589,'https://assets.mhw-db.com/armor/306f667ed77d8b177a6b3b8f746e3b1b.4a7a731f277ec5e655ce9bb76194e221bebc5410.png','306f667ed77d8b177a6b3b8f746e3b1b','4a7a731f277ec5e655ce9bb76194e221bebc5410'),(590,'https://assets.mhw-db.com/armor/2a5cbf1ef801cf95752bc973671c2589.f85512ad21d52e73661cd2657493f469d6376a40.png','2a5cbf1ef801cf95752bc973671c2589','f85512ad21d52e73661cd2657493f469d6376a40'),(591,'https://assets.mhw-db.com/armor/e66c5aec6434f527f9693948e908a756.2d8e9ac4e6f9ddbddfc0bec71d6d73fa3e2cde3a.png','e66c5aec6434f527f9693948e908a756','2d8e9ac4e6f9ddbddfc0bec71d6d73fa3e2cde3a'),(592,'https://assets.mhw-db.com/armor/931695c4fcb25139fc369b5b7eda893f.ef3995db7381bae208d72b45f73109ab757f8ccf.png','931695c4fcb25139fc369b5b7eda893f','ef3995db7381bae208d72b45f73109ab757f8ccf'),(593,'https://assets.mhw-db.com/armor/b5fc1da08763438230db9052342acf7e.3e03b1f47c87898fbdf1062dab6a3756a57e8e8f.png','b5fc1da08763438230db9052342acf7e','3e03b1f47c87898fbdf1062dab6a3756a57e8e8f'),(594,'https://assets.mhw-db.com/armor/fe657ea6b88b62f84a1966e8629bd69b.6f2b2e1c8324e06b899a9e81f81dbe3d96c0c7e8.png','fe657ea6b88b62f84a1966e8629bd69b','6f2b2e1c8324e06b899a9e81f81dbe3d96c0c7e8'),(595,'https://assets.mhw-db.com/armor/3e17dd62b25fca87975d1a85eae4914a.26f21bb744748f4e3c5ebdcc752829960c931df6.png','3e17dd62b25fca87975d1a85eae4914a','26f21bb744748f4e3c5ebdcc752829960c931df6'),(596,'https://assets.mhw-db.com/armor/e20380b087ce869688a7b1ad95177867.37ee9a8a03ef1b389935028a9fb944d835b94ef4.png','e20380b087ce869688a7b1ad95177867','37ee9a8a03ef1b389935028a9fb944d835b94ef4'),(597,'https://assets.mhw-db.com/armor/64b22752543782be54d1eda3740e5673.a76adea5e1f3d35df68ea488a7308d4e622e90c3.png','64b22752543782be54d1eda3740e5673','a76adea5e1f3d35df68ea488a7308d4e622e90c3'),(598,'https://assets.mhw-db.com/armor/0dbd07b734c673cfe20d5a314fc39971.d778eda9ed606832f6d53a5297c75eb580d7e446.png','0dbd07b734c673cfe20d5a314fc39971','d778eda9ed606832f6d53a5297c75eb580d7e446'),(599,'https://assets.mhw-db.com/armor/59e6d56c63ca7bd3556bd690ea716353.eea781ab3023e93804cb60a3cfb6912d38c4e970.png','59e6d56c63ca7bd3556bd690ea716353','eea781ab3023e93804cb60a3cfb6912d38c4e970'),(600,'https://assets.mhw-db.com/armor/02d1f5102278634237df6fa598141ba1.eded236328fdf615b2512d14bdb3ee792d4a29a6.png','02d1f5102278634237df6fa598141ba1','eded236328fdf615b2512d14bdb3ee792d4a29a6'),(601,'https://assets.mhw-db.com/armor/19da753d489590ff904c077bbdbce645.93b734f956c3d137020952a9004bde48e5e7cff7.png','19da753d489590ff904c077bbdbce645','93b734f956c3d137020952a9004bde48e5e7cff7'),(602,'https://assets.mhw-db.com/armor/47750489c1655a3a48a5cd9b0229c4f7.e24d11bcd25ce9c8f0da2a5204731a97af993323.png','47750489c1655a3a48a5cd9b0229c4f7','e24d11bcd25ce9c8f0da2a5204731a97af993323'),(603,'https://assets.mhw-db.com/armor/fb965a41249312f75bb76ef89cd1dc23.50e3ac911605821705cd4f7156ab2b7a7b58b795.png','fb965a41249312f75bb76ef89cd1dc23','50e3ac911605821705cd4f7156ab2b7a7b58b795'),(604,'https://assets.mhw-db.com/armor/b7c6c945c3127ba86df3ef0a0779514d.075c38c53002f6c4f7928ecfab040573db269ab3.png','b7c6c945c3127ba86df3ef0a0779514d','075c38c53002f6c4f7928ecfab040573db269ab3'),(605,'https://assets.mhw-db.com/armor/313f76077648754bdb4a746dc061eb6c.77047fb45464f22f444dd922bf07cce33732245c.png','313f76077648754bdb4a746dc061eb6c','77047fb45464f22f444dd922bf07cce33732245c'),(606,'https://assets.mhw-db.com/armor/be119c15d81862a886bb015540e3ed5a.789ab5bda3ab9d58b3667249bfbf9c6951965be9.png','be119c15d81862a886bb015540e3ed5a','789ab5bda3ab9d58b3667249bfbf9c6951965be9'),(607,'https://assets.mhw-db.com/armor/8df579895dd6ed67b0f5a16bc33d21ff.840a3f22c828b46760066a64f8aef84d5da365ac.png','8df579895dd6ed67b0f5a16bc33d21ff','840a3f22c828b46760066a64f8aef84d5da365ac'),(608,'https://assets.mhw-db.com/armor/0b675b2b56fb138e664f79537d842488.6f3bf6a61a473e632a10b4d7d2afec028a06f7e3.png','0b675b2b56fb138e664f79537d842488','6f3bf6a61a473e632a10b4d7d2afec028a06f7e3'),(609,'https://assets.mhw-db.com/armor/b15239f09f23398c9b04e50f56a4b879.ff0a77feece2c3b93c6b4898672e96d859e26309.png','b15239f09f23398c9b04e50f56a4b879','ff0a77feece2c3b93c6b4898672e96d859e26309'),(610,'https://assets.mhw-db.com/armor/a497013fa802116605abca298c200bef.79c4ec551caf467b017aef5d4e67e3ec58f4601a.png','a497013fa802116605abca298c200bef','79c4ec551caf467b017aef5d4e67e3ec58f4601a'),(611,'https://assets.mhw-db.com/armor/df639b7ba30e102b758a2d3d716b776c.1a9e0a4d2f2ae5c81371f94ec69be3eef3d82234.png','df639b7ba30e102b758a2d3d716b776c','1a9e0a4d2f2ae5c81371f94ec69be3eef3d82234'),(612,'https://assets.mhw-db.com/armor/c651a5d331f16068e7d8ddc931b97d53.342a583c790a436572a03763184e584acfdf55cd.png','c651a5d331f16068e7d8ddc931b97d53','342a583c790a436572a03763184e584acfdf55cd'),(613,'https://assets.mhw-db.com/armor/2ee859e3b018c083a41a4f343aefd92f.d86d779093198ccb4583bc90ee88c4a18ec06537.png','2ee859e3b018c083a41a4f343aefd92f','d86d779093198ccb4583bc90ee88c4a18ec06537'),(614,'https://assets.mhw-db.com/armor/75f779bb5c000464e8a3d9c1cbed6b1b.9deab98082ceb5a672aa9426b06d7f8da73f656c.png','75f779bb5c000464e8a3d9c1cbed6b1b','9deab98082ceb5a672aa9426b06d7f8da73f656c'),(615,'https://assets.mhw-db.com/armor/74e096433862e12e58a8eeb7b59e4e0f.a417575740c1504e5856933178302f6b838512c8.png','74e096433862e12e58a8eeb7b59e4e0f','a417575740c1504e5856933178302f6b838512c8'),(616,'https://assets.mhw-db.com/armor/799fb52a78b66363774aaf0182f5188e.4936b64146db0f5348cd41feebebf6aa4ea10924.png','799fb52a78b66363774aaf0182f5188e','4936b64146db0f5348cd41feebebf6aa4ea10924'),(617,'https://assets.mhw-db.com/armor/c3c57565bbe2a753d8503b3165f16110.8937e3ec434916566877fb447d2807b09c0d65ea.png','c3c57565bbe2a753d8503b3165f16110','8937e3ec434916566877fb447d2807b09c0d65ea'),(618,'https://assets.mhw-db.com/armor/0ae997e95ba1dc35d60d1322b4685661.d80d27011e813d2fdc136696307afd75bf3f6fac.png','0ae997e95ba1dc35d60d1322b4685661','d80d27011e813d2fdc136696307afd75bf3f6fac'),(619,'https://assets.mhw-db.com/armor/523de19ca72674c7017cacb4bf38496d.1e1106cbde645e98e41d8a37cbf5d69bc2793c2d.png','523de19ca72674c7017cacb4bf38496d','1e1106cbde645e98e41d8a37cbf5d69bc2793c2d'),(620,'https://assets.mhw-db.com/armor/dc21d1b16399083d4a28e85aa473f36f.ad39f19fe27bc2ceac10d13d70684ef21fd1fd61.png','dc21d1b16399083d4a28e85aa473f36f','ad39f19fe27bc2ceac10d13d70684ef21fd1fd61'),(621,'https://assets.mhw-db.com/armor/e2df13e2787656f491a4df1e3d32ae38.e6fb8dcb48fb00c3382c7766fb3299560c49cd2d.png','e2df13e2787656f491a4df1e3d32ae38','e6fb8dcb48fb00c3382c7766fb3299560c49cd2d'),(622,'https://assets.mhw-db.com/armor/7c6c90a425c43ab609eea92a0447e54a.4874e4bc060253d21570691dd6cfe5af0423c708.png','7c6c90a425c43ab609eea92a0447e54a','4874e4bc060253d21570691dd6cfe5af0423c708'),(623,'https://assets.mhw-db.com/armor/62f27ed2ae5ac985908044b8ee77a5d2.3b9db1f56ee80f53d7925d5506bc1ab9f4459153.png','62f27ed2ae5ac985908044b8ee77a5d2','3b9db1f56ee80f53d7925d5506bc1ab9f4459153'),(624,'https://assets.mhw-db.com/armor/a7dc366d873007c9857f3e9f25302a59.7e16d92a68a2e6ff5c1e15a81c6d92d4fd25a59e.png','a7dc366d873007c9857f3e9f25302a59','7e16d92a68a2e6ff5c1e15a81c6d92d4fd25a59e'),(625,'https://assets.mhw-db.com/armor/b44442a40ae1202f74ac1ec91f579186.7a5cdf443864187664191f0088fef79727542194.png','b44442a40ae1202f74ac1ec91f579186','7a5cdf443864187664191f0088fef79727542194'),(626,'https://assets.mhw-db.com/armor/936e5a63f49c6d03c5209d4492d6c240.39fa5f05a7b87b0d202a3f57437fb0df19a8e8c8.png','936e5a63f49c6d03c5209d4492d6c240','39fa5f05a7b87b0d202a3f57437fb0df19a8e8c8'),(627,'https://assets.mhw-db.com/armor/625abf114ed7731ba3e6c4f78e6e62b5.c0818adda44b23c80a0ea83c93937265afd1daa8.png','625abf114ed7731ba3e6c4f78e6e62b5','c0818adda44b23c80a0ea83c93937265afd1daa8'),(628,'https://assets.mhw-db.com/armor/0a827c78de55ac3b388a1299b2ecb379.b672413d90d7a6626f02b113f23ebd6c56ff1f7e.png','0a827c78de55ac3b388a1299b2ecb379','b672413d90d7a6626f02b113f23ebd6c56ff1f7e'),(629,'https://assets.mhw-db.com/armor/20b91b2d48c19d8b18b30d275d28256a.403ed182462d964b066ff382e9aeacf078d7f679.png','20b91b2d48c19d8b18b30d275d28256a','403ed182462d964b066ff382e9aeacf078d7f679'),(630,'https://assets.mhw-db.com/armor/f3dc28b4c1962bd0a9a6e102c858d6f1.d5b60cd8f69ab5f7fb0a016dde5326c2a848e11d.png','f3dc28b4c1962bd0a9a6e102c858d6f1','d5b60cd8f69ab5f7fb0a016dde5326c2a848e11d'),(631,'https://assets.mhw-db.com/armor/5d468456d277a2976477fc0969b491c2.b715d8c222bd6488abe5dfd6b0de93ce8fd930da.png','5d468456d277a2976477fc0969b491c2','b715d8c222bd6488abe5dfd6b0de93ce8fd930da'),(632,'https://assets.mhw-db.com/armor/8dfde11f88730af022c6add7d38d2f08.d4806a2cb0c538618a500ac7a4db5dffeab84830.png','8dfde11f88730af022c6add7d38d2f08','d4806a2cb0c538618a500ac7a4db5dffeab84830'),(633,'https://assets.mhw-db.com/armor/8a1b64b71fad485cbbd23a24b9561a5a.ca28fccac86f8ee2755bd682ecd1f5bcc0eadce2.png','8a1b64b71fad485cbbd23a24b9561a5a','ca28fccac86f8ee2755bd682ecd1f5bcc0eadce2'),(634,'https://assets.mhw-db.com/armor/75be91a145fce450c7970648cf8a910b.abf269f73353568529ded68c67c35be90df3258f.png','75be91a145fce450c7970648cf8a910b','abf269f73353568529ded68c67c35be90df3258f'),(635,'https://assets.mhw-db.com/armor/a6dbcfabd70eddbcff0083067b023cab.3cc72085089f8afe0c986d27797fe299d35279fd.png','a6dbcfabd70eddbcff0083067b023cab','3cc72085089f8afe0c986d27797fe299d35279fd'),(636,'https://assets.mhw-db.com/armor/a7bdf00b6d2e2d9ffd74985f20bac2fd.8033501468054c4c6900fad6cce81ea6546a947c.png','a7bdf00b6d2e2d9ffd74985f20bac2fd','8033501468054c4c6900fad6cce81ea6546a947c'),(637,'https://assets.mhw-db.com/armor/3e06b4737701d5c15617060f3fa95b9f.f11399501ce7684fa7d7a52843caab6a60a27eb0.png','3e06b4737701d5c15617060f3fa95b9f','f11399501ce7684fa7d7a52843caab6a60a27eb0'),(638,'https://assets.mhw-db.com/armor/4410bf39ba4d6befd099d8e1c34d3e0a.eefaa3c3ff3286ef3fbc1074620e203254fe62fd.png','4410bf39ba4d6befd099d8e1c34d3e0a','eefaa3c3ff3286ef3fbc1074620e203254fe62fd'),(639,'https://assets.mhw-db.com/armor/6cb188f62bc6b1269b2b9577783bf273.acb62f6f179fa865443f4a354be430bc2227ccfd.png','6cb188f62bc6b1269b2b9577783bf273','acb62f6f179fa865443f4a354be430bc2227ccfd'),(640,'https://assets.mhw-db.com/armor/2971c2d8e6464fefe0ab2f1a9f3250d4.49359e269a62d2b40a2bf4f8dac6fdf691ab0ac4.png','2971c2d8e6464fefe0ab2f1a9f3250d4','49359e269a62d2b40a2bf4f8dac6fdf691ab0ac4'),(641,'https://assets.mhw-db.com/armor/72a88251c87acfb4f29d31c1eaeb3654.4f32420f2fa9d803fa6f769126d64ce8262c5fd8.png','72a88251c87acfb4f29d31c1eaeb3654','4f32420f2fa9d803fa6f769126d64ce8262c5fd8'),(642,'https://assets.mhw-db.com/armor/55e4c4a295e6de60d87a8dfd0960efdd.7f1568f0507275c31b9ace6436f6f31c557a4e92.png','55e4c4a295e6de60d87a8dfd0960efdd','7f1568f0507275c31b9ace6436f6f31c557a4e92'),(643,'https://assets.mhw-db.com/armor/4ba673582971502df5d5f609debb989f.2e3c04c70dc7ad114d51f16e7aa73594abdcced7.png','4ba673582971502df5d5f609debb989f','2e3c04c70dc7ad114d51f16e7aa73594abdcced7'),(644,'https://assets.mhw-db.com/armor/ef26a855c91229313be951584c90ab00.ba0ca6f7ca92af3c414aa8ce584740c280c3fb5f.png','ef26a855c91229313be951584c90ab00','ba0ca6f7ca92af3c414aa8ce584740c280c3fb5f'),(645,'https://assets.mhw-db.com/armor/91c009ad7e86b38de5288484047c5f7b.e88eb1e75b557a33ff228384cec764ff356eb876.png','91c009ad7e86b38de5288484047c5f7b','e88eb1e75b557a33ff228384cec764ff356eb876'),(646,'https://assets.mhw-db.com/armor/43d35712b630c47bb6c09af8e7b79814.8a25db71ae9bf3373a6c395eb44c96e67689f489.png','43d35712b630c47bb6c09af8e7b79814','8a25db71ae9bf3373a6c395eb44c96e67689f489'),(647,'https://assets.mhw-db.com/armor/35640d02a2594489b00461c12379d3e7.8dec801f8815524f20797f1874ad1fd2e767e74c.png','35640d02a2594489b00461c12379d3e7','8dec801f8815524f20797f1874ad1fd2e767e74c'),(648,'https://assets.mhw-db.com/armor/7cfd8c16e2c453b17da8a5ccc547ed4b.65ca15db49086d42a4eabfc6a4c269da5abb5bcc.png','7cfd8c16e2c453b17da8a5ccc547ed4b','65ca15db49086d42a4eabfc6a4c269da5abb5bcc'),(649,'https://assets.mhw-db.com/armor/f75a8b18679d8895990d5c9b32ae2339.a0d34616f7d139cbc9795dd1c0a059fb4486ff6d.png','f75a8b18679d8895990d5c9b32ae2339','a0d34616f7d139cbc9795dd1c0a059fb4486ff6d'),(650,'https://assets.mhw-db.com/armor/52a4018ce65101fe35c56171db1c0323.bbc733f6dd122e77abb40050261354290fb06459.png','52a4018ce65101fe35c56171db1c0323','bbc733f6dd122e77abb40050261354290fb06459'),(651,'https://assets.mhw-db.com/armor/ab8b598d09f1a08d7d1d955fbce93839.c48a1a8d059dc4ccfbc780500abcfbd9c73c9908.png','ab8b598d09f1a08d7d1d955fbce93839','c48a1a8d059dc4ccfbc780500abcfbd9c73c9908'),(652,'https://assets.mhw-db.com/armor/82d674cc94b3ced6c4ce4d262c360ce6.5a26ff7117e782221164bea3cced86f46fad4f4f.png','82d674cc94b3ced6c4ce4d262c360ce6','5a26ff7117e782221164bea3cced86f46fad4f4f'),(653,'https://assets.mhw-db.com/armor/fecdf7aaf42898e0ff721aa25c8fc793.c28b00567eb2adf98f24c026ad71e0468125d270.png','fecdf7aaf42898e0ff721aa25c8fc793','c28b00567eb2adf98f24c026ad71e0468125d270'),(654,'https://assets.mhw-db.com/armor/1203bbafde51b26936ed0308d98038b9.897045c84d4aa95d4999bea970287cdf49326a8e.png','1203bbafde51b26936ed0308d98038b9','897045c84d4aa95d4999bea970287cdf49326a8e'),(655,'https://assets.mhw-db.com/armor/a35c3e48737cc758dd04da30e5fca0aa.23198563de07ebd6dd9ae0f6a4da2f76ee632ac4.png','a35c3e48737cc758dd04da30e5fca0aa','23198563de07ebd6dd9ae0f6a4da2f76ee632ac4'),(656,'https://assets.mhw-db.com/armor/2c8a41057e6f59f9f55510197d7d525f.5e9dd90a1dae4e8bcc821ed1bf759e746ed7b0b4.png','2c8a41057e6f59f9f55510197d7d525f','5e9dd90a1dae4e8bcc821ed1bf759e746ed7b0b4'),(657,'https://assets.mhw-db.com/armor/72d10971d9b3bb9d4948c95cc38ea2d5.45f4fd6d4ec6f1500b69951c3c82169cdf440866.png','72d10971d9b3bb9d4948c95cc38ea2d5','45f4fd6d4ec6f1500b69951c3c82169cdf440866'),(658,'https://assets.mhw-db.com/armor/005a976c027f6523ee5376218c697e3a.5327b987477d1b7c89a3b5ddfdc144e552804983.png','005a976c027f6523ee5376218c697e3a','5327b987477d1b7c89a3b5ddfdc144e552804983'),(659,'https://assets.mhw-db.com/armor/b7c4af5362810d8e95d4dce43c189eaa.7d11f0f2b00029738de4afb91f7d45819cf317a0.png','b7c4af5362810d8e95d4dce43c189eaa','7d11f0f2b00029738de4afb91f7d45819cf317a0'),(660,'https://assets.mhw-db.com/armor/61448d5229d52f9c71f6b7ba1e5809f4.4bf929c6fd1bd654bc5de58dc1219a1d7f085ca9.png','61448d5229d52f9c71f6b7ba1e5809f4','4bf929c6fd1bd654bc5de58dc1219a1d7f085ca9'),(661,'https://assets.mhw-db.com/armor/87a7558802b86b5ef4f367956b34c67f.860aad6f5eee5c05f4e12c5d190f229b52359317.png','87a7558802b86b5ef4f367956b34c67f','860aad6f5eee5c05f4e12c5d190f229b52359317'),(662,'https://assets.mhw-db.com/armor/d4ee522bd71f48e968acbe45e1a460ad.27da677efbc8580344cc6728c56987db44cee85c.png','d4ee522bd71f48e968acbe45e1a460ad','27da677efbc8580344cc6728c56987db44cee85c'),(663,'https://assets.mhw-db.com/armor/60b1a67d0b641c579e9c3c1fc96ecf94.d357275dc6675a233fb314e73c7fd36ff046b384.png','60b1a67d0b641c579e9c3c1fc96ecf94','d357275dc6675a233fb314e73c7fd36ff046b384'),(664,'https://assets.mhw-db.com/armor/058d5e96c19e16290b4e7d7d091b702c.007b21776e12d1c8cb44c32b9ff6066199b2a187.png','058d5e96c19e16290b4e7d7d091b702c','007b21776e12d1c8cb44c32b9ff6066199b2a187'),(665,'https://assets.mhw-db.com/armor/83f046e6a2304b746917c564c94dec59.804b4c3f1dee0ed6715caa4b3b448bd1af4099c5.png','83f046e6a2304b746917c564c94dec59','804b4c3f1dee0ed6715caa4b3b448bd1af4099c5'),(666,'https://assets.mhw-db.com/armor/f812e1b43c72b176ac3e4210ab3cb3a3.89e377e6573be6cab40da9b943ee1afd8a5c9a86.png','f812e1b43c72b176ac3e4210ab3cb3a3','89e377e6573be6cab40da9b943ee1afd8a5c9a86'),(667,'https://assets.mhw-db.com/armor/6c96583a40eb88125f2ea0bfe722f37f.d70c91580737b72b798f7c6a9fa34b1f6d460a62.png','6c96583a40eb88125f2ea0bfe722f37f','d70c91580737b72b798f7c6a9fa34b1f6d460a62'),(668,'https://assets.mhw-db.com/armor/69e3902a238414eee74331153c12e18f.3419a692f0293e14c2f67a9bdf37f4b0eb56c2df.png','69e3902a238414eee74331153c12e18f','3419a692f0293e14c2f67a9bdf37f4b0eb56c2df'),(669,'https://assets.mhw-db.com/armor/01ffc383d57b301d2e9be71c4c38c641.9cc1d31531da38671ebc6c828fcad9283ce4a655.png','01ffc383d57b301d2e9be71c4c38c641','9cc1d31531da38671ebc6c828fcad9283ce4a655'),(670,'https://assets.mhw-db.com/armor/b392c9bd34770a623d584294c2618336.5effb6fda9fad497858509eef76ae5f9e5981553.png','b392c9bd34770a623d584294c2618336','5effb6fda9fad497858509eef76ae5f9e5981553'),(671,'https://assets.mhw-db.com/armor/0c2b989ad8ae0c19141d63f72a196a12.6ec61babac7ad7beada3edf1d6595f469786a23f.png','0c2b989ad8ae0c19141d63f72a196a12','6ec61babac7ad7beada3edf1d6595f469786a23f'),(672,'https://assets.mhw-db.com/armor/ab6ca874539b69551cfebe7703fe65a8.bf2a4abd8ffa272e1c434acab082a22d2b9a19e2.png','ab6ca874539b69551cfebe7703fe65a8','bf2a4abd8ffa272e1c434acab082a22d2b9a19e2'),(673,'https://assets.mhw-db.com/armor/fbd6335f0a0700d9fb7cc04a373ac01d.ebbdd7d243b872e478dbe254b27b6937366fd9bd.png','fbd6335f0a0700d9fb7cc04a373ac01d','ebbdd7d243b872e478dbe254b27b6937366fd9bd'),(674,'https://assets.mhw-db.com/armor/a68405db9b078f0be79772c97dc48ed0.955f85e58237b8533099f998ce1b0c5afd221a66.png','a68405db9b078f0be79772c97dc48ed0','955f85e58237b8533099f998ce1b0c5afd221a66'),(675,'https://assets.mhw-db.com/armor/e908e85e86690683628d7cd699aa189d.4a584e1ddb2d58f758b17540a466cc3247e83ad3.png','e908e85e86690683628d7cd699aa189d','4a584e1ddb2d58f758b17540a466cc3247e83ad3'),(676,'https://assets.mhw-db.com/armor/69163be735bbc800ed3bb941ad340efe.e5924538eed3f282aac76671d96cf32d97693561.png','69163be735bbc800ed3bb941ad340efe','e5924538eed3f282aac76671d96cf32d97693561'),(677,'https://assets.mhw-db.com/armor/a14cc665a842394c513adb0c9f802f39.7557d355260ae7fa9d770c77fcbd5a10c9164e5c.png','a14cc665a842394c513adb0c9f802f39','7557d355260ae7fa9d770c77fcbd5a10c9164e5c'),(678,'https://assets.mhw-db.com/armor/831a3b1e99a2ae7087ec4ca0f43c7e8e.3ac25161341f43c2a5b393debd5eff961c0c11b8.png','831a3b1e99a2ae7087ec4ca0f43c7e8e','3ac25161341f43c2a5b393debd5eff961c0c11b8'),(679,'https://assets.mhw-db.com/armor/681e5e2edc6610d59a36bd82f2b86d49.f25341e060991900b80c5c24ca48274ae043b8c6.png','681e5e2edc6610d59a36bd82f2b86d49','f25341e060991900b80c5c24ca48274ae043b8c6'),(680,'https://assets.mhw-db.com/armor/4436b30497a995795a1a30e109e90e8c.3929c52d86af6aa634ab112ce7521da7d9d7801e.png','4436b30497a995795a1a30e109e90e8c','3929c52d86af6aa634ab112ce7521da7d9d7801e'),(681,'https://assets.mhw-db.com/armor/806a7f9447777f784814cec790807848.d444f629f7aa0111a32502e738e15c71e3ba5bd4.png','806a7f9447777f784814cec790807848','d444f629f7aa0111a32502e738e15c71e3ba5bd4'),(682,'https://assets.mhw-db.com/armor/153c39ab71e1379b7600b11986209e65.a9718c930b5777d95adfa14accf454c4d4675345.png','153c39ab71e1379b7600b11986209e65','a9718c930b5777d95adfa14accf454c4d4675345'),(683,'https://assets.mhw-db.com/armor/49c798aeb7c12e7acf7072ff4e709ed1.b048ac12f1349a8009e755b2d2312eb95913c31b.png','49c798aeb7c12e7acf7072ff4e709ed1','b048ac12f1349a8009e755b2d2312eb95913c31b'),(684,'https://assets.mhw-db.com/armor/b9f479dc08a3a1567bbb101a609d8b59.5dd7acbb71dd353f7ca5be20072145888454f809.png','b9f479dc08a3a1567bbb101a609d8b59','5dd7acbb71dd353f7ca5be20072145888454f809'),(685,'https://assets.mhw-db.com/armor/f26688bb7f0a5771efe1da863c6a332f.adb53f0ddca2b296293300e1961d7cf72989be8b.png','f26688bb7f0a5771efe1da863c6a332f','adb53f0ddca2b296293300e1961d7cf72989be8b'),(686,'https://assets.mhw-db.com/armor/e9a4361e3680bc7a2861b2d74f19f67a.5660c4f9bc5a87e786ef35f6c7febe064dd6b744.png','e9a4361e3680bc7a2861b2d74f19f67a','5660c4f9bc5a87e786ef35f6c7febe064dd6b744'),(687,'https://assets.mhw-db.com/armor/09170a0d2c3cc0b6bd51da107f33dbf7.7d5896b25e1cb8a4cb91bf1c35795d84407bada8.png','09170a0d2c3cc0b6bd51da107f33dbf7','7d5896b25e1cb8a4cb91bf1c35795d84407bada8'),(688,'https://assets.mhw-db.com/armor/36aeb667c06ac8733a72a386fee3dc95.aa788d0fffd68233364791a058d1893e041267e6.png','36aeb667c06ac8733a72a386fee3dc95','aa788d0fffd68233364791a058d1893e041267e6'),(689,'https://assets.mhw-db.com/armor/0fcb7d1499d0cbc4669dcc2e6d410715.a80d53fa7bbde7d1446eb4c657210ea73b8f16f2.png','0fcb7d1499d0cbc4669dcc2e6d410715','a80d53fa7bbde7d1446eb4c657210ea73b8f16f2'),(690,'https://assets.mhw-db.com/armor/82529357114cccc07cb72c9408a21b4b.a65bf197c1d7c35d41cf74d0f0fa359018a869d7.png','82529357114cccc07cb72c9408a21b4b','a65bf197c1d7c35d41cf74d0f0fa359018a869d7'),(691,'https://assets.mhw-db.com/armor/5eb494ead44564d1e3a8300bbeda1544.2e51a329bb69fd1c3fa15ced1e5baaf0ae19fc08.png','5eb494ead44564d1e3a8300bbeda1544','2e51a329bb69fd1c3fa15ced1e5baaf0ae19fc08'),(692,'https://assets.mhw-db.com/armor/7f48fafc0e08e3784e9a21bc07fd5288.680f32438cd0cad259072975aba283c8d9d08a4a.png','7f48fafc0e08e3784e9a21bc07fd5288','680f32438cd0cad259072975aba283c8d9d08a4a'),(693,'https://assets.mhw-db.com/armor/b0506dd9a84ab5957436b3973066db76.2cc550f8c44ab43407a8d5111b6aaca039cd7a87.png','b0506dd9a84ab5957436b3973066db76','2cc550f8c44ab43407a8d5111b6aaca039cd7a87'),(694,'https://assets.mhw-db.com/armor/e6d8805c737f9313e677b1eb60bd8b5e.e6bed8ccf31f4dfb9e81f949ecd6c2389335fe01.png','e6d8805c737f9313e677b1eb60bd8b5e','e6bed8ccf31f4dfb9e81f949ecd6c2389335fe01'),(695,'https://assets.mhw-db.com/armor/ff455677af7fdf2cb91543a95fcf1d13.713dfb740d6e4f89743c95c73ec552d7685572e8.png','ff455677af7fdf2cb91543a95fcf1d13','713dfb740d6e4f89743c95c73ec552d7685572e8'),(696,'https://assets.mhw-db.com/armor/ada3bca9a5e094a87dd93f402bdcd984.645d0c47c9677a085a8c876b34780df0d3e7cfd3.png','ada3bca9a5e094a87dd93f402bdcd984','645d0c47c9677a085a8c876b34780df0d3e7cfd3'),(697,'https://assets.mhw-db.com/armor/146d2c630b3b329df392001ace4fa383.f87bf133d9d1e2936a88de185e43f91d81dc4321.png','146d2c630b3b329df392001ace4fa383','f87bf133d9d1e2936a88de185e43f91d81dc4321'),(698,'https://assets.mhw-db.com/armor/fed09d3b3e15451d58b7a58c72af148b.2ea8c2a9090e50a248c766f4407ae5089ff58f20.png','fed09d3b3e15451d58b7a58c72af148b','2ea8c2a9090e50a248c766f4407ae5089ff58f20'),(699,'https://assets.mhw-db.com/armor/aba7d15f49d369482db1927d8e1123ee.a242d60b12904fa8ac09435e3c882889346bed0d.png','aba7d15f49d369482db1927d8e1123ee','a242d60b12904fa8ac09435e3c882889346bed0d'),(700,'https://assets.mhw-db.com/armor/36ed0a1b441888ae8497820e04e31912.b0d29a2221d5042c7427534c6094cdaf1cf613a2.png','36ed0a1b441888ae8497820e04e31912','b0d29a2221d5042c7427534c6094cdaf1cf613a2'),(701,'https://assets.mhw-db.com/armor/fac664c58bac1259b611565e4910f623.e0115c001601e3e352d5c2a55dea862cd7634fba.png','fac664c58bac1259b611565e4910f623','e0115c001601e3e352d5c2a55dea862cd7634fba'),(702,'https://assets.mhw-db.com/armor/2171d73c542bbe9ba546367c62360562.574d4ec2f310f83cb6ba9a59187a4bd578250543.png','2171d73c542bbe9ba546367c62360562','574d4ec2f310f83cb6ba9a59187a4bd578250543'),(703,'https://assets.mhw-db.com/armor/21c0b8c9a67b3620ba76b60548db2ebc.3740b8cef687891bf26e508226fd99c92dcabe02.png','21c0b8c9a67b3620ba76b60548db2ebc','3740b8cef687891bf26e508226fd99c92dcabe02'),(704,'https://assets.mhw-db.com/armor/82148b493fa035260b2d7768f9819d9a.9df7bd02a8ebf38df18e5cd2cb0f4140dfc6d90f.png','82148b493fa035260b2d7768f9819d9a','9df7bd02a8ebf38df18e5cd2cb0f4140dfc6d90f'),(705,'https://assets.mhw-db.com/armor/c9bbfcdd505ed4f7fe180be3596440cc.6c93f9c62ef1defe5af67ef25e5f80becb06f0ff.png','c9bbfcdd505ed4f7fe180be3596440cc','6c93f9c62ef1defe5af67ef25e5f80becb06f0ff'),(706,'https://assets.mhw-db.com/armor/b98cd8d8d46a0d88315cc88ff661c458.4fe6b4a0806f15b164c1bf09a583f9fab375c57c.png','b98cd8d8d46a0d88315cc88ff661c458','4fe6b4a0806f15b164c1bf09a583f9fab375c57c'),(707,'https://assets.mhw-db.com/armor/70e4f89ac2711c9040c5bbbb1a0f6a3c.55bf8ea90b5d0e518d8f354b51b680ebb5d25bbf.png','70e4f89ac2711c9040c5bbbb1a0f6a3c','55bf8ea90b5d0e518d8f354b51b680ebb5d25bbf'),(708,'https://assets.mhw-db.com/armor/d12e42dcb818daebdda7bbbf71507a2b.33e5474c2301dd477b1d88dfaf7eda6af479fe2c.png','d12e42dcb818daebdda7bbbf71507a2b','33e5474c2301dd477b1d88dfaf7eda6af479fe2c'),(709,'https://assets.mhw-db.com/armor/ce942c66b144a4b7f77c4cdfc633cd27.4d693f693e5bd9caf19c97c5a5ace1503d1d56ba.png','ce942c66b144a4b7f77c4cdfc633cd27','4d693f693e5bd9caf19c97c5a5ace1503d1d56ba'),(710,'https://assets.mhw-db.com/armor/1cfcd31520de35110596e8906b83874d.54090f8c6cfb5e3dde1b141db7ca2d746e592d39.png','1cfcd31520de35110596e8906b83874d','54090f8c6cfb5e3dde1b141db7ca2d746e592d39'),(711,'https://assets.mhw-db.com/armor/cc4852f5a59f8ca2fe0c5ee663f3e8df.ac241eb57b69a6d560d5149ec10f5814210a136f.png','cc4852f5a59f8ca2fe0c5ee663f3e8df','ac241eb57b69a6d560d5149ec10f5814210a136f'),(712,'https://assets.mhw-db.com/armor/0b5289bc082c2b12df94af12b5322206.9f20dc348f2b680e2125e0b870e40e029f9e7b58.png','0b5289bc082c2b12df94af12b5322206','9f20dc348f2b680e2125e0b870e40e029f9e7b58'),(713,'https://assets.mhw-db.com/armor/5820707cd0d776c42c9ebac89f03e65c.632ef11fd84b2506151ffd88764ec0b05c7740c9.png','5820707cd0d776c42c9ebac89f03e65c','632ef11fd84b2506151ffd88764ec0b05c7740c9'),(714,'https://assets.mhw-db.com/armor/fff839ce4eae156201ccae56d0eaaf01.e7238740fe8befc311fb9bf2d6232b31c666a967.png','fff839ce4eae156201ccae56d0eaaf01','e7238740fe8befc311fb9bf2d6232b31c666a967'),(715,'https://assets.mhw-db.com/armor/6ee967ebd4d2eb0754885929ba50c10e.9868f16393c1e305cc3820b6072f97acde0f98c6.png','6ee967ebd4d2eb0754885929ba50c10e','9868f16393c1e305cc3820b6072f97acde0f98c6'),(716,'https://assets.mhw-db.com/armor/60219c0c7bc84e02d30fe8b2e235f944.75e1a4406c9d65d13fecae4baf72dfbe9c75425b.png','60219c0c7bc84e02d30fe8b2e235f944','75e1a4406c9d65d13fecae4baf72dfbe9c75425b'),(717,'https://assets.mhw-db.com/armor/dc73fdd7419c653d08e7910609533af5.7658f676e54d7f4e844bede54693521966961d25.png','dc73fdd7419c653d08e7910609533af5','7658f676e54d7f4e844bede54693521966961d25'),(718,'https://assets.mhw-db.com/armor/dad14b3e0a05cfd7f3c1178746ed1406.fd55260fa21d1057cef16bc5437ccc8aba6cc221.png','dad14b3e0a05cfd7f3c1178746ed1406','fd55260fa21d1057cef16bc5437ccc8aba6cc221'),(719,'https://assets.mhw-db.com/armor/3a0d1e53f39ad7f077f198a9fffbf59d.b578ba50f4d0f7d78b517326156eb7289b57bd60.png','3a0d1e53f39ad7f077f198a9fffbf59d','b578ba50f4d0f7d78b517326156eb7289b57bd60'),(720,'https://assets.mhw-db.com/armor/172c7470138b59cb61db86a7f08a224b.0a569fc3104844045b3d3f3de03744d1fee7cea0.png','172c7470138b59cb61db86a7f08a224b','0a569fc3104844045b3d3f3de03744d1fee7cea0'),(721,'https://assets.mhw-db.com/armor/48f7a46cb886c0489974c6de70bf1a16.852cdb7e92021f42a62dea5c6225a13fde462135.png','48f7a46cb886c0489974c6de70bf1a16','852cdb7e92021f42a62dea5c6225a13fde462135'),(722,'https://assets.mhw-db.com/armor/6758a5bd7a7cee7672b7bd822e9ba758.4318d7a73ff8ecb7f250fc4b2e1212cafd06a447.png','6758a5bd7a7cee7672b7bd822e9ba758','4318d7a73ff8ecb7f250fc4b2e1212cafd06a447'),(723,'https://assets.mhw-db.com/armor/53ca1afd9a3b5065ddbe1263eefe0940.07be903c466cd72d832ceb6339bbc431acf6ac7b.png','53ca1afd9a3b5065ddbe1263eefe0940','07be903c466cd72d832ceb6339bbc431acf6ac7b'),(724,'https://assets.mhw-db.com/armor/32013853c8584401e4d7c778fd6916f3.a170a0e58beff4e63dbf4a6ec38263e72c30b310.png','32013853c8584401e4d7c778fd6916f3','a170a0e58beff4e63dbf4a6ec38263e72c30b310'),(725,'https://assets.mhw-db.com/armor/03727c9c1920e92359e94fd99957d1d2.802b9ffb4478f9dd5a5553602bef7597f16552d3.png','03727c9c1920e92359e94fd99957d1d2','802b9ffb4478f9dd5a5553602bef7597f16552d3'),(726,'https://assets.mhw-db.com/armor/ecd6a3439eae5ce55e6f6ce072d062c4.f5323efe759f96d8eaab9162d27533dc8b26d464.png','ecd6a3439eae5ce55e6f6ce072d062c4','f5323efe759f96d8eaab9162d27533dc8b26d464'),(727,'https://assets.mhw-db.com/armor/dbf1c201328bb692a5775ee1547aec0e.1a52f728955823f220dfe3d5fa554a95a2fa859f.png','dbf1c201328bb692a5775ee1547aec0e','1a52f728955823f220dfe3d5fa554a95a2fa859f'),(728,'https://assets.mhw-db.com/armor/0f4202e72f8acb327c16c5f46a7779dd.ee4ccaf339bb0ef80dd0f97d737409fd1a4742b4.png','0f4202e72f8acb327c16c5f46a7779dd','ee4ccaf339bb0ef80dd0f97d737409fd1a4742b4'),(729,'https://assets.mhw-db.com/armor/0ccb734659322d6a0a5dafe0388a78cf.3b665cdbb46365d200492be477ce687c8220ab6a.png','0ccb734659322d6a0a5dafe0388a78cf','3b665cdbb46365d200492be477ce687c8220ab6a'),(730,'https://assets.mhw-db.com/armor/fb1ea6043bf03f4f4766940fdae551a2.17705ff15b96c8432a779aa72115fdb747eee4c4.png','fb1ea6043bf03f4f4766940fdae551a2','17705ff15b96c8432a779aa72115fdb747eee4c4'),(731,'https://assets.mhw-db.com/armor/9aad5937a17d75aa813af49d5d472495.2176c976a2bc606d09f207cd091f6bb384385de9.png','9aad5937a17d75aa813af49d5d472495','2176c976a2bc606d09f207cd091f6bb384385de9'),(732,'https://assets.mhw-db.com/armor/19501d0413929569b449a4304468c50c.62045b93081a82d139baccb7e96d138347f163db.png','19501d0413929569b449a4304468c50c','62045b93081a82d139baccb7e96d138347f163db'),(733,'https://assets.mhw-db.com/armor/402ea843e7fdc8b890608530c24dd623.d91fc7d415ab51d92885c3c974ebe04cb0d1bbd8.png','402ea843e7fdc8b890608530c24dd623','d91fc7d415ab51d92885c3c974ebe04cb0d1bbd8'),(734,'https://assets.mhw-db.com/armor/0094231faf799bff47cd11d8acd78ce0.7fc20491d0f33a7a9e22fb92cc41947be75a7583.png','0094231faf799bff47cd11d8acd78ce0','7fc20491d0f33a7a9e22fb92cc41947be75a7583'),(735,'https://assets.mhw-db.com/armor/43903be3889bc1525a25adf3efc57403.b275347957de3449826dd7af8954234f063b5ece.png','43903be3889bc1525a25adf3efc57403','b275347957de3449826dd7af8954234f063b5ece'),(736,'https://assets.mhw-db.com/armor/57f70eb202ebfac270a7b85515ef2157.0fb541a7230e9a552269ee58b16fd94f9803d291.png','57f70eb202ebfac270a7b85515ef2157','0fb541a7230e9a552269ee58b16fd94f9803d291'),(737,'https://assets.mhw-db.com/armor/d1f5bc8cfbe145d47f979c1ae4abd381.02e1c5412127062361181a356ae0f1dde4aae74e.png','d1f5bc8cfbe145d47f979c1ae4abd381','02e1c5412127062361181a356ae0f1dde4aae74e'),(738,'https://assets.mhw-db.com/armor/537e54ebaba134dffcace384c63ddba6.ba7b471f9a69509a817ee30b7f34683d1df1bf47.png','537e54ebaba134dffcace384c63ddba6','ba7b471f9a69509a817ee30b7f34683d1df1bf47'),(739,'https://assets.mhw-db.com/armor/f251546862ec550f592bfd221bd2ef6a.8a13e5149a49005eea50e1b378d53438a01f78c4.png','f251546862ec550f592bfd221bd2ef6a','8a13e5149a49005eea50e1b378d53438a01f78c4'),(740,'https://assets.mhw-db.com/armor/c25b63166e67646efe78ef02e8f25cf9.be6f159f053cfb9beecf369492adfc7c4a36caaa.png','c25b63166e67646efe78ef02e8f25cf9','be6f159f053cfb9beecf369492adfc7c4a36caaa'),(741,'https://assets.mhw-db.com/armor/676b49ed95b60402bfbd2ed9f9a54c23.9e5f89045aeb1c696c6ede06f8217020b256fdf5.png','676b49ed95b60402bfbd2ed9f9a54c23','9e5f89045aeb1c696c6ede06f8217020b256fdf5'),(742,'https://assets.mhw-db.com/armor/df6c50458bf5e4c68aafd1566abcadaa.661478f8b248b764610f2ac4d8ced24d0406e088.png','df6c50458bf5e4c68aafd1566abcadaa','661478f8b248b764610f2ac4d8ced24d0406e088'),(743,'https://assets.mhw-db.com/armor/c65c2ed418963f10a3d323e87763019c.5e85762361d041b78e1345a7bfbef7ef3930076b.png','c65c2ed418963f10a3d323e87763019c','5e85762361d041b78e1345a7bfbef7ef3930076b'),(744,'https://assets.mhw-db.com/armor/90d149d7fc734682c024659f28a5f8ce.0fda8ef7f11f7814893ba8f969aaa599e32e724a.png','90d149d7fc734682c024659f28a5f8ce','0fda8ef7f11f7814893ba8f969aaa599e32e724a'),(745,'https://assets.mhw-db.com/armor/def1ac923fea43ea69edb1971d89234d.375c56f0bd9253a077ea9941c608aba9e30bd55f.png','def1ac923fea43ea69edb1971d89234d','375c56f0bd9253a077ea9941c608aba9e30bd55f'),(746,'https://assets.mhw-db.com/armor/bdf79d74e185d4ba531b2907893a0d91.fcfeaa77253da720d743d4e9c03d5da73b7fb62c.png','bdf79d74e185d4ba531b2907893a0d91','fcfeaa77253da720d743d4e9c03d5da73b7fb62c'),(747,'https://assets.mhw-db.com/armor/b5e46c11b5acd8f4ab8b3602357625d4.6d2c0e1adea09db8e27c6bd51beaa776ace2f741.png','b5e46c11b5acd8f4ab8b3602357625d4','6d2c0e1adea09db8e27c6bd51beaa776ace2f741'),(748,'https://assets.mhw-db.com/armor/edbbc47de1952ac5159ebb8e0745b22b.35fa677dc664d9a8a671bd17c96afc3e6d54deb5.png','edbbc47de1952ac5159ebb8e0745b22b','35fa677dc664d9a8a671bd17c96afc3e6d54deb5'),(749,'https://assets.mhw-db.com/armor/c528bd1cb9662b2b1449d45b3d26dea7.a9604d07c746f2b05a34126f6934c3cb9f2d9f50.png','c528bd1cb9662b2b1449d45b3d26dea7','a9604d07c746f2b05a34126f6934c3cb9f2d9f50'),(750,'https://assets.mhw-db.com/armor/e98073e23646845e9f57098a61742cd8.b8dff8fbd031d088be39fa0f27be473bad16086e.png','e98073e23646845e9f57098a61742cd8','b8dff8fbd031d088be39fa0f27be473bad16086e'),(751,'https://assets.mhw-db.com/armor/17a9c4b0e84f4a65baa4a833ff469caf.8d1e8480c816dcf70119d515f02f72bdee5c6cbf.png','17a9c4b0e84f4a65baa4a833ff469caf','8d1e8480c816dcf70119d515f02f72bdee5c6cbf'),(752,'https://assets.mhw-db.com/armor/e181c88d90145b8dd4c566cfc860a789.ef9684001e01feb004dd22d1eeac5d2083881ba0.png','e181c88d90145b8dd4c566cfc860a789','ef9684001e01feb004dd22d1eeac5d2083881ba0'),(753,'https://assets.mhw-db.com/armor/6b6473e3949bc0718b687b1a53e61129.22d4a75e0e63b4c0de294f1d4938adeedf7a1f6d.png','6b6473e3949bc0718b687b1a53e61129','22d4a75e0e63b4c0de294f1d4938adeedf7a1f6d'),(754,'https://assets.mhw-db.com/armor/ebad1b50930ca6be5c77806d13f8c02d.f8145c19277f838e749c5c45f1ed3f4502a88971.png','ebad1b50930ca6be5c77806d13f8c02d','f8145c19277f838e749c5c45f1ed3f4502a88971'),(755,'https://assets.mhw-db.com/armor/b953d49a1618edf37ee3d01e88a1b044.a69d0503d0f938add7243364ebc61129bb13f9c5.png','b953d49a1618edf37ee3d01e88a1b044','a69d0503d0f938add7243364ebc61129bb13f9c5'),(756,'https://assets.mhw-db.com/armor/421f18f840b4c47b9cfabe132afbb109.9e6c8086b839d70650b7e2004c8c9130b1fd95e3.png','421f18f840b4c47b9cfabe132afbb109','9e6c8086b839d70650b7e2004c8c9130b1fd95e3'),(757,'https://assets.mhw-db.com/armor/9b1cf36efe04a9061674b379bff60fb8.09c56d7bbefcbd489d11c22814d0defc1129ef11.png','9b1cf36efe04a9061674b379bff60fb8','09c56d7bbefcbd489d11c22814d0defc1129ef11'),(758,'https://assets.mhw-db.com/armor/30c226433cedeaabd48c75baae1bcc6f.9733c4709a9c556f72f28da4c5061acbe74fcbb7.png','30c226433cedeaabd48c75baae1bcc6f','9733c4709a9c556f72f28da4c5061acbe74fcbb7'),(759,'https://assets.mhw-db.com/armor/360b858881d29fd6bbb65ef722a15e9a.2679c8e4e3a168a01ab6f124a46a7f0e2e7a8afc.png','360b858881d29fd6bbb65ef722a15e9a','2679c8e4e3a168a01ab6f124a46a7f0e2e7a8afc'),(760,'https://assets.mhw-db.com/armor/c5872c6e11da6920bf1a46ba38cb862c.3e43cbd66f618a180ae78c09dacd593d1c316bb1.png','c5872c6e11da6920bf1a46ba38cb862c','3e43cbd66f618a180ae78c09dacd593d1c316bb1'),(761,'https://assets.mhw-db.com/armor/9e8ea228e4160b7a3062842833270368.dfd345ed061934d6d2b57ed2acefc3b46941c1da.png','9e8ea228e4160b7a3062842833270368','dfd345ed061934d6d2b57ed2acefc3b46941c1da'),(762,'https://assets.mhw-db.com/armor/4443dab7657de1abc1820b60ed81724d.6ddc776a72d64621dec3b7d20be4e5459e3c104f.png','4443dab7657de1abc1820b60ed81724d','6ddc776a72d64621dec3b7d20be4e5459e3c104f'),(763,'https://assets.mhw-db.com/armor/b3128ab098af0c31951fb0d8d38305b8.73a2bb0fa20e7182c747f13fa2ffdc454fda3a3f.png','b3128ab098af0c31951fb0d8d38305b8','73a2bb0fa20e7182c747f13fa2ffdc454fda3a3f'),(764,'https://assets.mhw-db.com/armor/6e70b5cea2436cdc9ef2069254c3ee4c.4cb0364a7efe3b15b4e6a6a8043f8703068664c6.png','6e70b5cea2436cdc9ef2069254c3ee4c','4cb0364a7efe3b15b4e6a6a8043f8703068664c6'),(765,'https://assets.mhw-db.com/armor/7ab3878e3ea2a82f881a1c961a35bf7a.b4ee88762dcaeb0b0bd3098c42e158e117e062c7.png','7ab3878e3ea2a82f881a1c961a35bf7a','b4ee88762dcaeb0b0bd3098c42e158e117e062c7'),(766,'https://assets.mhw-db.com/armor/8cbd23d9dcc03e8a40e6e5e3b57f4220.ddfb455bd3dbbbad929aa1f2bfe379ca10657ee0.png','8cbd23d9dcc03e8a40e6e5e3b57f4220','ddfb455bd3dbbbad929aa1f2bfe379ca10657ee0'),(767,'https://assets.mhw-db.com/armor/fa9ee830a04354e01167723cf46809a5.34c6002e50f9dfb405d7b5ac37e411a7650cb331.png','fa9ee830a04354e01167723cf46809a5','34c6002e50f9dfb405d7b5ac37e411a7650cb331'),(768,'https://assets.mhw-db.com/armor/e6c2818ff1f46b43d6b2ac2008c6dedd.3c0ddc7502bfe9881caca3c7eae30647ab8e6c38.png','e6c2818ff1f46b43d6b2ac2008c6dedd','3c0ddc7502bfe9881caca3c7eae30647ab8e6c38'),(769,'https://assets.mhw-db.com/armor/cf7dffc585ef9ee5c91945b33be991a7.26ceb0123ea6327b3620e5c338f296a9238e2814.png','cf7dffc585ef9ee5c91945b33be991a7','26ceb0123ea6327b3620e5c338f296a9238e2814'),(770,'https://assets.mhw-db.com/armor/7b70e88352f689f4dd3feb86fbfd2bec.a631bcedd623a32daf22af12fed3eaf621f85ccd.png','7b70e88352f689f4dd3feb86fbfd2bec','a631bcedd623a32daf22af12fed3eaf621f85ccd'),(771,'https://assets.mhw-db.com/armor/fa297764dd9f68fc97be6d2bb5f480b9.a8f4fdc27c72b6ca0c72a3168b485e5327469e1f.png','fa297764dd9f68fc97be6d2bb5f480b9','a8f4fdc27c72b6ca0c72a3168b485e5327469e1f'),(772,'https://assets.mhw-db.com/armor/7a50078036c0fbeb1199b50c72aaef94.d5191e5c6d041008176cc3caa8419687f0e3ad49.png','7a50078036c0fbeb1199b50c72aaef94','d5191e5c6d041008176cc3caa8419687f0e3ad49'),(773,'https://assets.mhw-db.com/armor/90505f2bbedd57593248470828c4ac58.bcea3773d9eb5d979fec8bbd5ec85b545b0b6fbc.png','90505f2bbedd57593248470828c4ac58','bcea3773d9eb5d979fec8bbd5ec85b545b0b6fbc'),(774,'https://assets.mhw-db.com/armor/6b6edfb4c95672adc2a467f759c74488.6f68397dfc3ae4c66519788041c1ad21f88d85c8.png','6b6edfb4c95672adc2a467f759c74488','6f68397dfc3ae4c66519788041c1ad21f88d85c8'),(775,'https://assets.mhw-db.com/armor/25d9ff98cc27f08ab567bcce9418fab9.fa67bca81e4c53fe588b6109aa5fcaa230825e11.png','25d9ff98cc27f08ab567bcce9418fab9','fa67bca81e4c53fe588b6109aa5fcaa230825e11'),(776,'https://assets.mhw-db.com/armor/62041cc17037c94304765b1c8274d630.df8c89cf24d6d02a2eb906feb86070ba7033fef7.png','62041cc17037c94304765b1c8274d630','df8c89cf24d6d02a2eb906feb86070ba7033fef7'),(777,'https://assets.mhw-db.com/armor/a393b7a49fc98f44b31df2bfa58410be.6bc6d5efe91bc9532dc79fd241cdf32dc85f90d5.png','a393b7a49fc98f44b31df2bfa58410be','6bc6d5efe91bc9532dc79fd241cdf32dc85f90d5'),(778,'https://assets.mhw-db.com/armor/d8c514ca2dd1b2ba059d748b2d1f8e39.2881063dc33d592079061e0f029595fd2266d664.png','d8c514ca2dd1b2ba059d748b2d1f8e39','2881063dc33d592079061e0f029595fd2266d664'),(779,'https://assets.mhw-db.com/armor/b637b2c1d604aae16824d08ae244d026.3c5a240dffadb3fcf54614c27e0ed9f35a04cd2b.png','b637b2c1d604aae16824d08ae244d026','3c5a240dffadb3fcf54614c27e0ed9f35a04cd2b'),(780,'https://assets.mhw-db.com/armor/d73385424388ceb08fcd559e42622abd.f102566a1d422b672ef05c65c5a4334005759aab.png','d73385424388ceb08fcd559e42622abd','f102566a1d422b672ef05c65c5a4334005759aab'),(781,'https://assets.mhw-db.com/armor/f8bf7d62c9734488b2dba9b121d5c38d.f35bf0da430f5a04157c6e2587bcb59a1bb94db0.png','f8bf7d62c9734488b2dba9b121d5c38d','f35bf0da430f5a04157c6e2587bcb59a1bb94db0'),(782,'https://assets.mhw-db.com/armor/6a3304b08cff34af35e2406c91695382.4cf21f295f4136ef78db1c1261f328359feecba5.png','6a3304b08cff34af35e2406c91695382','4cf21f295f4136ef78db1c1261f328359feecba5'),(783,'https://assets.mhw-db.com/armor/7a232c86fd59ebe7a2dc21639fea285b.f9d362a9db0a9289ffee5dd98f9a76cc7ce05641.png','7a232c86fd59ebe7a2dc21639fea285b','f9d362a9db0a9289ffee5dd98f9a76cc7ce05641'),(784,'https://assets.mhw-db.com/armor/4a17323e783923c6f4e164e9e2ed8985.15c8fa456d42cb33fb5718200e59550aa3744eb8.png','4a17323e783923c6f4e164e9e2ed8985','15c8fa456d42cb33fb5718200e59550aa3744eb8'),(785,'https://assets.mhw-db.com/armor/56d0ac97f2df784045fdabcc5e3422db.92118f7a36236ca7a3b449ab7f3924a90c4d23c8.png','56d0ac97f2df784045fdabcc5e3422db','92118f7a36236ca7a3b449ab7f3924a90c4d23c8'),(786,'https://assets.mhw-db.com/armor/a2b8665ace1a9a464104dd163fb83d77.5e2fbc6b22aa06176bbb4ff2a9fe3fde962d032e.png','a2b8665ace1a9a464104dd163fb83d77','5e2fbc6b22aa06176bbb4ff2a9fe3fde962d032e'),(787,'https://assets.mhw-db.com/armor/89eeb1f83de86d34d723e7875c9d2378.471ca1f926b501d7232946c73231023abf58fb7b.png','89eeb1f83de86d34d723e7875c9d2378','471ca1f926b501d7232946c73231023abf58fb7b'),(788,'https://assets.mhw-db.com/armor/c52cb2a5efde2be9d3be686771c47cf3.526f80a4606f2dfedc25d06af72392d8de75f714.png','c52cb2a5efde2be9d3be686771c47cf3','526f80a4606f2dfedc25d06af72392d8de75f714'),(789,'https://assets.mhw-db.com/armor/9cea1cf05bc78feb2cc4ba546b6b5182.9a13b4fd886405a34bdcea16953df12da333c51c.png','9cea1cf05bc78feb2cc4ba546b6b5182','9a13b4fd886405a34bdcea16953df12da333c51c'),(790,'https://assets.mhw-db.com/armor/d36bd57d3d6bd3e8558d6caeff828ab0.23ac225ddc970ceaf8e1b7dc5f6d6f6ec51e983a.png','d36bd57d3d6bd3e8558d6caeff828ab0','23ac225ddc970ceaf8e1b7dc5f6d6f6ec51e983a'),(791,'https://assets.mhw-db.com/armor/851ba392f8bd2ce2142239a7a671372e.ee335d2e31e6f5c9652f049f5bac2d35d92280e1.png','851ba392f8bd2ce2142239a7a671372e','ee335d2e31e6f5c9652f049f5bac2d35d92280e1'),(792,'https://assets.mhw-db.com/armor/01985b19bd1ceb10e0d63cb54c3cf360.8627b1ab7778d7f6c993a6f37f79a202b3a22c41.png','01985b19bd1ceb10e0d63cb54c3cf360','8627b1ab7778d7f6c993a6f37f79a202b3a22c41'),(793,'https://assets.mhw-db.com/armor/c642bc3ee27c280746a796b1367cd194.a7e69b472e00a314035a0f775aafd83085736153.png','c642bc3ee27c280746a796b1367cd194','a7e69b472e00a314035a0f775aafd83085736153'),(794,'https://assets.mhw-db.com/armor/11a0b9ccd5e41ef6eee5b63d908b914d.0fe6c6ccc432b23b93112f239f9ac26d9d3b432e.png','11a0b9ccd5e41ef6eee5b63d908b914d','0fe6c6ccc432b23b93112f239f9ac26d9d3b432e'),(795,'https://assets.mhw-db.com/armor/fabd7eb0a9e891dd46131dc40dddca41.d49a72d81d414cd217298d133854a57f460f6550.png','fabd7eb0a9e891dd46131dc40dddca41','d49a72d81d414cd217298d133854a57f460f6550'),(796,'https://assets.mhw-db.com/armor/cac6fddb30f7078e450e1d50291e966d.de1bb80968672a9cf3f81f492b1121fc95d8f1c7.png','cac6fddb30f7078e450e1d50291e966d','de1bb80968672a9cf3f81f492b1121fc95d8f1c7'),(797,'https://assets.mhw-db.com/armor/9fb9cf771d011cea7596fa5fd489b7d6.1709b83da418277ed67c918a86b10e76fdd687f5.png','9fb9cf771d011cea7596fa5fd489b7d6','1709b83da418277ed67c918a86b10e76fdd687f5'),(798,'https://assets.mhw-db.com/armor/e0f392387cc33afc551e41667e1da1ac.2b5bad57d8ebd68c082c7e26469e201f0c99c549.png','e0f392387cc33afc551e41667e1da1ac','2b5bad57d8ebd68c082c7e26469e201f0c99c549'),(799,'https://assets.mhw-db.com/armor/222f040d2de7ee02dd51c71617db5b48.9ef2aa45383003afc083a61a69767520966833d5.png','222f040d2de7ee02dd51c71617db5b48','9ef2aa45383003afc083a61a69767520966833d5'),(800,'https://assets.mhw-db.com/armor/8fcbecfeb7d5edbc5be27507425fb0ef.842fe0cbae4ba2624847ae1dce1212ce8f79b2c1.png','8fcbecfeb7d5edbc5be27507425fb0ef','842fe0cbae4ba2624847ae1dce1212ce8f79b2c1'),(801,'https://assets.mhw-db.com/armor/1ad3010013026c03ded62a67dc6cc753.8fed679836d348a826d5e8ae46e8fb9490eb2e06.png','1ad3010013026c03ded62a67dc6cc753','8fed679836d348a826d5e8ae46e8fb9490eb2e06'),(802,'https://assets.mhw-db.com/armor/4e589ae83c91d05b311ccc4fbef5f5fb.5dea863a02588baef99f713bd4fb307937ae37f4.png','4e589ae83c91d05b311ccc4fbef5f5fb','5dea863a02588baef99f713bd4fb307937ae37f4'),(803,'https://assets.mhw-db.com/armor/9fa2cd3a1a7c62c066d4fd08b1634312.4e7f9ce66d73b8da57d3d814efe549048ffff8f2.png','9fa2cd3a1a7c62c066d4fd08b1634312','4e7f9ce66d73b8da57d3d814efe549048ffff8f2'),(804,'https://assets.mhw-db.com/armor/60608362acb4122703141d5941d4473c.c831773078fec20fa01fc213cb1c72cf3811a781.png','60608362acb4122703141d5941d4473c','c831773078fec20fa01fc213cb1c72cf3811a781'),(805,'https://assets.mhw-db.com/armor/101f7123a3fd5ce6b7aaab56e3f72437.ac7a2a2c55d5bce0b73f95e481956c1f1efcde60.png','101f7123a3fd5ce6b7aaab56e3f72437','ac7a2a2c55d5bce0b73f95e481956c1f1efcde60'),(806,'https://assets.mhw-db.com/armor/29bac348cc66de2cf8c9359c9bac393e.e905b4fa6e6b540744a479cec260772bfd8605af.png','29bac348cc66de2cf8c9359c9bac393e','e905b4fa6e6b540744a479cec260772bfd8605af'),(807,'https://assets.mhw-db.com/armor/fb1e6024448f3ab873b079951542db06.3380287b6930be17bae29b6d9d4070fc2ed5d354.png','fb1e6024448f3ab873b079951542db06','3380287b6930be17bae29b6d9d4070fc2ed5d354'),(808,'https://assets.mhw-db.com/armor/96594a17b22ad9c9bdaac2e5eee1b6da.661ff5d2edb8449ded897361836a53ed369f691d.png','96594a17b22ad9c9bdaac2e5eee1b6da','661ff5d2edb8449ded897361836a53ed369f691d'),(809,'https://assets.mhw-db.com/armor/5ab1096d981a1833cc04e54bdabea942.1481512cff57eb17ba1490884cf08cf5ff288ad9.png','5ab1096d981a1833cc04e54bdabea942','1481512cff57eb17ba1490884cf08cf5ff288ad9'),(810,'https://assets.mhw-db.com/armor/bb69d144a142e39a877df8818b296f3d.d34a24ae516852cd433db5bffb26ba7617bbea81.png','bb69d144a142e39a877df8818b296f3d','d34a24ae516852cd433db5bffb26ba7617bbea81'),(811,'https://assets.mhw-db.com/armor/341a84366ddc9c5ddef3761b0ba995f5.9e81288fd49859d095f2604658afd9b23a9abc1c.png','341a84366ddc9c5ddef3761b0ba995f5','9e81288fd49859d095f2604658afd9b23a9abc1c'),(812,'https://assets.mhw-db.com/armor/f92ee28afc313fa247cbfc24f47bbd8c.21fafbb2fa13afef1ef867083d765176df08998d.png','f92ee28afc313fa247cbfc24f47bbd8c','21fafbb2fa13afef1ef867083d765176df08998d'),(813,'https://assets.mhw-db.com/armor/70f21cb6d1f869cfff09632bb2f6578f.7bd254d227405d9ac58f0d0715d855d75b6e93c5.png','70f21cb6d1f869cfff09632bb2f6578f','7bd254d227405d9ac58f0d0715d855d75b6e93c5'),(814,'https://assets.mhw-db.com/armor/feb39d0b9dde3b1f7d5c58aa9566b643.75c09f8eebcd465caa0358d0370375aa301b307a.png','feb39d0b9dde3b1f7d5c58aa9566b643','75c09f8eebcd465caa0358d0370375aa301b307a'),(815,'https://assets.mhw-db.com/armor/346916313085915311715333533dca01.368a79f80bbe30d0d25eac7d59ab5aa7577ec495.png','346916313085915311715333533dca01','368a79f80bbe30d0d25eac7d59ab5aa7577ec495'),(816,'https://assets.mhw-db.com/armor/e258e46ea48237df605b370140b5e83b.bb1e6f8901c37130e06d749431fa2bb39a698b66.png','e258e46ea48237df605b370140b5e83b','bb1e6f8901c37130e06d749431fa2bb39a698b66'),(817,'https://assets.mhw-db.com/armor/23da372441c62cf52698f8a9f752b090.597422d98cea17a753b064bb1bff5fbf15c3e454.png','23da372441c62cf52698f8a9f752b090','597422d98cea17a753b064bb1bff5fbf15c3e454'),(818,'https://assets.mhw-db.com/armor/1d6614336cde662dd30952682f88e22a.d1cd91db5952e90105644e717f69236c5c0d0174.png','1d6614336cde662dd30952682f88e22a','d1cd91db5952e90105644e717f69236c5c0d0174'),(819,'https://assets.mhw-db.com/armor/b1e330e44d76f3d6815f9d01ce4a869b.090ec157631e633ced3e7ed9aeb3ecaf93bc7be5.png','b1e330e44d76f3d6815f9d01ce4a869b','090ec157631e633ced3e7ed9aeb3ecaf93bc7be5'),(820,'https://assets.mhw-db.com/armor/90df073770bc25a1acf6cd6a6c15ee97.b4537a802610a0dcb7b2312fa935c889f2f69cec.png','90df073770bc25a1acf6cd6a6c15ee97','b4537a802610a0dcb7b2312fa935c889f2f69cec'),(821,'https://assets.mhw-db.com/armor/e1c8a1f76662a8cf529069acee41b7b8.27be19626db57c537d04932cff1df27d4b31c802.png','e1c8a1f76662a8cf529069acee41b7b8','27be19626db57c537d04932cff1df27d4b31c802'),(822,'https://assets.mhw-db.com/armor/0f6cafa486fe41e857166d62a7059fd4.f5bf3bcbc50bad7ab5c7cb1949d76671be2eaa5a.png','0f6cafa486fe41e857166d62a7059fd4','f5bf3bcbc50bad7ab5c7cb1949d76671be2eaa5a'),(823,'https://assets.mhw-db.com/armor/a521507489f8539f57b8cf74b16cadb1.c7afcb8d0be539203c9f4b69be06a6c8e1f2800d.png','a521507489f8539f57b8cf74b16cadb1','c7afcb8d0be539203c9f4b69be06a6c8e1f2800d'),(824,'https://assets.mhw-db.com/armor/93854429b21dc717a64ea0c86b00bd5c.d09796bdac6d6f9dad682548234398e9847e638f.png','93854429b21dc717a64ea0c86b00bd5c','d09796bdac6d6f9dad682548234398e9847e638f'),(825,'https://assets.mhw-db.com/armor/ad5b5622f815098cbf6b92dcb756b2e0.4f1dba4ce2252e0262f9ee2ead459a117fa074cf.png','ad5b5622f815098cbf6b92dcb756b2e0','4f1dba4ce2252e0262f9ee2ead459a117fa074cf'),(826,'https://assets.mhw-db.com/armor/291f230bf429f270a268faeafc27f4de.419a272accbe2ea66580e520e4eea4b25beac20c.png','291f230bf429f270a268faeafc27f4de','419a272accbe2ea66580e520e4eea4b25beac20c'),(827,'https://assets.mhw-db.com/armor/4fe87d63faa3494a54db667b6e5b2fca.c4bc63750f911f9ed84fc2b68a57d6a50961d039.png','4fe87d63faa3494a54db667b6e5b2fca','c4bc63750f911f9ed84fc2b68a57d6a50961d039'),(828,'https://assets.mhw-db.com/armor/493f1483567c509edb6bba03efe3748d.d11f308aa54d471a3316762b4cc77edccc5d62ad.png','493f1483567c509edb6bba03efe3748d','d11f308aa54d471a3316762b4cc77edccc5d62ad'),(829,'https://assets.mhw-db.com/armor/bcf6f754439ae6b40b7124e90caf68ea.dc1692e933ad5bba6aa93c55773317c650de3a91.png','bcf6f754439ae6b40b7124e90caf68ea','dc1692e933ad5bba6aa93c55773317c650de3a91'),(830,'https://assets.mhw-db.com/armor/77b10a6a892d2bc90aeb40ee44183a3a.65cd02810425c53849836817f63d2c9409a21251.png','77b10a6a892d2bc90aeb40ee44183a3a','65cd02810425c53849836817f63d2c9409a21251'),(831,'https://assets.mhw-db.com/armor/d23e4bd06196d57fd31caf048e9f5dee.6d297d1821fc09dd65999670936412657cb52775.png','d23e4bd06196d57fd31caf048e9f5dee','6d297d1821fc09dd65999670936412657cb52775'),(832,'https://assets.mhw-db.com/armor/c13c8fe64c3896f06215c0a30b8a6f45.349a19c2e84735778c8a7d6d9031453f0bd30247.png','c13c8fe64c3896f06215c0a30b8a6f45','349a19c2e84735778c8a7d6d9031453f0bd30247'),(833,'https://assets.mhw-db.com/armor/bfd7b88f254ee1c0cf4425a1b92f5cce.79e1e81e2278ffce0d3fe18d4235422c391a82a2.png','bfd7b88f254ee1c0cf4425a1b92f5cce','79e1e81e2278ffce0d3fe18d4235422c391a82a2'),(834,'https://assets.mhw-db.com/armor/d4508beb00c86c0fe5ddde35efaaa058.05f461b89bc49e560a7b1f83329539da1600c182.png','d4508beb00c86c0fe5ddde35efaaa058','05f461b89bc49e560a7b1f83329539da1600c182'),(835,'https://assets.mhw-db.com/armor/fe33fe6d30cdadc744edfb5cc128b7b9.2c4e54391da1b9555761bf74e1a24a5bbee323e7.png','fe33fe6d30cdadc744edfb5cc128b7b9','2c4e54391da1b9555761bf74e1a24a5bbee323e7'),(836,'https://assets.mhw-db.com/armor/139b9629315230919763b4b7c3a8b752.2099c1de86561c43ecd3f65e24ab1e4ab3ef32d0.png','139b9629315230919763b4b7c3a8b752','2099c1de86561c43ecd3f65e24ab1e4ab3ef32d0'),(837,'https://assets.mhw-db.com/armor/7a46693982315e99283e1940d3ff8453.799f5362ab88b4589fdcc943ecaf2631b232fa7c.png','7a46693982315e99283e1940d3ff8453','799f5362ab88b4589fdcc943ecaf2631b232fa7c'),(838,'https://assets.mhw-db.com/armor/042e84eaf1984334186eac07e2a9bdd5.617f3400739239fbaeaab90ff6fe1b559b58e7a4.png','042e84eaf1984334186eac07e2a9bdd5','617f3400739239fbaeaab90ff6fe1b559b58e7a4'),(839,'https://assets.mhw-db.com/armor/cfee16c7eaa986cd2051767a3ead382c.440d11ea26dfb06c44e2257bac0b16fad8e42576.png','cfee16c7eaa986cd2051767a3ead382c','440d11ea26dfb06c44e2257bac0b16fad8e42576'),(840,'https://assets.mhw-db.com/armor/239154575fd8fef88e68088a3ba6f9f7.94fbc88f8bc073928649079825454fd0e0d93ec9.png','239154575fd8fef88e68088a3ba6f9f7','94fbc88f8bc073928649079825454fd0e0d93ec9'),(841,'https://assets.mhw-db.com/armor/74078a15c02a9b3442ca61e77cd7c75b.bbc6152eb44e9724f1b642913cebab9f63cfa831.png','74078a15c02a9b3442ca61e77cd7c75b','bbc6152eb44e9724f1b642913cebab9f63cfa831'),(842,'https://assets.mhw-db.com/armor/726fefb2372bc10cb2edba08ffe7734c.655a534d4ee5b5cbd5f6996a991133c0ea81c303.png','726fefb2372bc10cb2edba08ffe7734c','655a534d4ee5b5cbd5f6996a991133c0ea81c303'),(843,'https://assets.mhw-db.com/armor/2412b24ef6a9ff98e89ef98a02a1ab4e.aead767eb51abcc59f5ada097996b473bbc61a44.png','2412b24ef6a9ff98e89ef98a02a1ab4e','aead767eb51abcc59f5ada097996b473bbc61a44'),(844,'https://assets.mhw-db.com/armor/c7244daef250cd9bab7da8be62849bb0.89f8bb39070567c82e4ca605a69dc8d98fdcad6d.png','c7244daef250cd9bab7da8be62849bb0','89f8bb39070567c82e4ca605a69dc8d98fdcad6d'),(845,'https://assets.mhw-db.com/armor/5ec42166657d9bd1d2cc3f30b8153a54.d5d3e103a166aaf92e94985a4e3336ce8a628d00.png','5ec42166657d9bd1d2cc3f30b8153a54','d5d3e103a166aaf92e94985a4e3336ce8a628d00'),(846,'https://assets.mhw-db.com/armor/77472246927e0c577e047e768abbfbbf.bf4a9734415143a86f6b536af5486a50e7c0891c.png','77472246927e0c577e047e768abbfbbf','bf4a9734415143a86f6b536af5486a50e7c0891c'),(847,'https://assets.mhw-db.com/armor/3126d080fb6b25dae98d43460fd7309f.fbc45c262ec14cdc456cd6e4e264aa3a0c1b0683.png','3126d080fb6b25dae98d43460fd7309f','fbc45c262ec14cdc456cd6e4e264aa3a0c1b0683'),(848,'https://assets.mhw-db.com/armor/2f98a0aa4a2b85c6166fc44ed55ceef4.854d58c52cd0d1c8c572d167d73531c0f249ff65.png','2f98a0aa4a2b85c6166fc44ed55ceef4','854d58c52cd0d1c8c572d167d73531c0f249ff65'),(849,'https://assets.mhw-db.com/armor/2efc2ca64be73ee46b1be4f0f6befcda.0e0194290c157855e7ed948b790cf8b83774ccf9.png','2efc2ca64be73ee46b1be4f0f6befcda','0e0194290c157855e7ed948b790cf8b83774ccf9'),(850,'https://assets.mhw-db.com/armor/a1af1ce7538c4f220a5d131bf8b29fc0.8341728981e23b055a90b27f9998ecdaf1c19a57.png','a1af1ce7538c4f220a5d131bf8b29fc0','8341728981e23b055a90b27f9998ecdaf1c19a57'),(851,'https://assets.mhw-db.com/armor/78e6e32ff137ea2e466913e422a28929.5cc7b3978e4a65d9a68a1a0bc397e2f85a37ea74.png','78e6e32ff137ea2e466913e422a28929','5cc7b3978e4a65d9a68a1a0bc397e2f85a37ea74'),(852,'https://assets.mhw-db.com/armor/c47664efa41b952c5bdfc54b2eee2b68.a07e6d1e6473a67c51d6df27b95674b7077850d5.png','c47664efa41b952c5bdfc54b2eee2b68','a07e6d1e6473a67c51d6df27b95674b7077850d5'),(853,'https://assets.mhw-db.com/armor/0d57a93d246597046c9baba54af929bc.cf5a7c9b116215eca474d9673d27a2a75f77ff8e.png','0d57a93d246597046c9baba54af929bc','cf5a7c9b116215eca474d9673d27a2a75f77ff8e'),(854,'https://assets.mhw-db.com/armor/f26c891071c33da64b65aac2ed77d58d.63337c0d3940c8e58218b1b79266abb4d7b5c304.png','f26c891071c33da64b65aac2ed77d58d','63337c0d3940c8e58218b1b79266abb4d7b5c304'),(855,'https://assets.mhw-db.com/armor/1d43f62643a2f7cf6153977f93e7c502.996d31c8c117ae70ac07f8a5cfcc592f26b6986e.png','1d43f62643a2f7cf6153977f93e7c502','996d31c8c117ae70ac07f8a5cfcc592f26b6986e'),(856,'https://assets.mhw-db.com/armor/6606baefd299ba3a7b3eaf71720a83e3.c3139642d588f332607de0add25df548a54ade90.png','6606baefd299ba3a7b3eaf71720a83e3','c3139642d588f332607de0add25df548a54ade90'),(857,'https://assets.mhw-db.com/armor/971568c7311f841d2b906d4348c3aeae.dae7bffce1d0050b517f38649bda7c4f38d7a3f4.png','971568c7311f841d2b906d4348c3aeae','dae7bffce1d0050b517f38649bda7c4f38d7a3f4'),(858,'https://assets.mhw-db.com/armor/c242663021a5f84653ecbbc5775dfd6a.4709d9c0d03d7a8822273fe4293250014efedfda.png','c242663021a5f84653ecbbc5775dfd6a','4709d9c0d03d7a8822273fe4293250014efedfda'),(859,'https://assets.mhw-db.com/armor/c7e81fa959098bc369c70d6b6e20c06c.aa3e30111962862335d39af3ebb1dd32b8c1be6e.png','c7e81fa959098bc369c70d6b6e20c06c','aa3e30111962862335d39af3ebb1dd32b8c1be6e'),(860,'https://assets.mhw-db.com/armor/68c7ec701eb9ad74bacc4898aba15142.edfcb025d42d0b72ebfe5daa0e6392708c74c296.png','68c7ec701eb9ad74bacc4898aba15142','edfcb025d42d0b72ebfe5daa0e6392708c74c296'),(861,'https://assets.mhw-db.com/armor/8ee5da468116666edded201bfa5b8c4e.8d4e2a725b272ff8f573b1e403f294d6eca1e078.png','8ee5da468116666edded201bfa5b8c4e','8d4e2a725b272ff8f573b1e403f294d6eca1e078'),(862,'https://assets.mhw-db.com/armor/a07a3604cde15e2ce8defa2a47971452.b1c80a530623a56aff6cc42c85adaf70300a5950.png','a07a3604cde15e2ce8defa2a47971452','b1c80a530623a56aff6cc42c85adaf70300a5950'),(863,'https://assets.mhw-db.com/armor/9dac6a78fb267fe55b488b529bd1a5c9.71f20cbaf7df7fb3801a480aff138790af168950.png','9dac6a78fb267fe55b488b529bd1a5c9','71f20cbaf7df7fb3801a480aff138790af168950'),(864,'https://assets.mhw-db.com/armor/b885d60eddc790e5ec2a9036ebcbac3f.4e89615cdae1af61336382ce1d203c1c0f8414a4.png','b885d60eddc790e5ec2a9036ebcbac3f','4e89615cdae1af61336382ce1d203c1c0f8414a4'),(865,'https://assets.mhw-db.com/armor/80de6b275fa13f9787f48d036ab2f866.798e81515efec320475eab3d5e969822ced80997.png','80de6b275fa13f9787f48d036ab2f866','798e81515efec320475eab3d5e969822ced80997'),(866,'https://assets.mhw-db.com/armor/9c27d2d3e366313ed15a9cb2a716bf09.aa35f39543474f73ba707096a75388fb1c2b70ef.png','9c27d2d3e366313ed15a9cb2a716bf09','aa35f39543474f73ba707096a75388fb1c2b70ef'),(867,'https://assets.mhw-db.com/armor/cc370716c676e71bb2d80838d4b41458.a66d394fa38f852b24ef9501cc2b57d0872826c3.png','cc370716c676e71bb2d80838d4b41458','a66d394fa38f852b24ef9501cc2b57d0872826c3'),(868,'https://assets.mhw-db.com/armor/fcec4e211a413887c47097ca9bfee6c1.f61c6f27732549c88fab3466721d38f74f456809.png','fcec4e211a413887c47097ca9bfee6c1','f61c6f27732549c88fab3466721d38f74f456809'),(869,'https://assets.mhw-db.com/armor/08ae4add995f5ae916f1230812bc0135.2084b1db5d0c732496679c7190a3722818a958e8.png','08ae4add995f5ae916f1230812bc0135','2084b1db5d0c732496679c7190a3722818a958e8'),(870,'https://assets.mhw-db.com/armor/f07620d719f54628f54c69930923a270.2d5192f2c4cc70a0aaaad2003a1016227f0c8299.png','f07620d719f54628f54c69930923a270','2d5192f2c4cc70a0aaaad2003a1016227f0c8299'),(871,'https://assets.mhw-db.com/armor/ac390acec0f97a4a30196d40db39e91c.97478192f651d37a127491221147a2e85ada8232.png','ac390acec0f97a4a30196d40db39e91c','97478192f651d37a127491221147a2e85ada8232'),(872,'https://assets.mhw-db.com/armor/82bf28b17c1cc2f0a2328afbc181c2bd.db0667583a85fa2967a43027d2c2dbf1d654d687.png','82bf28b17c1cc2f0a2328afbc181c2bd','db0667583a85fa2967a43027d2c2dbf1d654d687'),(873,'https://assets.mhw-db.com/armor/ebea9c239e2927aea7e9e6bd647debb9.dad8055c1cbb90ee250d29dfc8bae7149420ef7d.png','ebea9c239e2927aea7e9e6bd647debb9','dad8055c1cbb90ee250d29dfc8bae7149420ef7d'),(874,'https://assets.mhw-db.com/armor/2933bf54a207bbacab240a3f45ffce55.258f35f91dd02d8f603b7d3ecd6751d1ed7bf385.png','2933bf54a207bbacab240a3f45ffce55','258f35f91dd02d8f603b7d3ecd6751d1ed7bf385'),(875,'https://assets.mhw-db.com/armor/4a71b45cccd9df135f03b0f394944f73.ff8cbccc2ed99462fb5707627528cc32d0540de7.png','4a71b45cccd9df135f03b0f394944f73','ff8cbccc2ed99462fb5707627528cc32d0540de7'),(876,'https://assets.mhw-db.com/armor/3c61608570a645209f24392a1c73693c.f029f3d393c52df5384f2ba9b648129abe9063dd.png','3c61608570a645209f24392a1c73693c','f029f3d393c52df5384f2ba9b648129abe9063dd'),(877,'https://assets.mhw-db.com/armor/9a4cf3032982ad486e1840f54b8b3dbf.b9b59a89f1d27b45f9065c600b8866bc96c63aa6.png','9a4cf3032982ad486e1840f54b8b3dbf','b9b59a89f1d27b45f9065c600b8866bc96c63aa6'),(878,'https://assets.mhw-db.com/armor/77adcc3bffc6f6dea085641ac5986c06.82dbba96203b043070525a88c7862152c2994447.png','77adcc3bffc6f6dea085641ac5986c06','82dbba96203b043070525a88c7862152c2994447'),(879,'https://assets.mhw-db.com/armor/df41109503311233a2cd6588215e3dfc.922655d804dab7ee2065eaba35c2bfa2b4d5058f.png','df41109503311233a2cd6588215e3dfc','922655d804dab7ee2065eaba35c2bfa2b4d5058f'),(880,'https://assets.mhw-db.com/armor/eeb6a7922c02676e7b1d79312d9509cf.99e1e135edb8065781396becc7642b1cf83be419.png','eeb6a7922c02676e7b1d79312d9509cf','99e1e135edb8065781396becc7642b1cf83be419'),(881,'https://assets.mhw-db.com/armor/08308b62cae2c99acc114ad8c83c0128.fdabf89c5d148b95cbabd579a0b09df2add1c2aa.png','08308b62cae2c99acc114ad8c83c0128','fdabf89c5d148b95cbabd579a0b09df2add1c2aa'),(882,'https://assets.mhw-db.com/armor/4e7b76858db72747bd8749810fba5384.b4380d2b58021fe90952fce7ed609382737df6b7.png','4e7b76858db72747bd8749810fba5384','b4380d2b58021fe90952fce7ed609382737df6b7'),(883,'https://assets.mhw-db.com/armor/7fda6f83be784282f10bfe32c792af47.16c82928b4c7464f36621b66edb9aea7c0ac54c3.png','7fda6f83be784282f10bfe32c792af47','16c82928b4c7464f36621b66edb9aea7c0ac54c3'),(884,'https://assets.mhw-db.com/armor/31fb5721ea09794125caae50bdce96a7.407d5a320a3022135a6a4ee7123c80770034ede1.png','31fb5721ea09794125caae50bdce96a7','407d5a320a3022135a6a4ee7123c80770034ede1'),(885,'https://assets.mhw-db.com/armor/5935947a923554e96b097f45413e9a9f.a39b4cc6a0ee8040197364221623d6ae3e463bec.png','5935947a923554e96b097f45413e9a9f','a39b4cc6a0ee8040197364221623d6ae3e463bec'),(886,'https://assets.mhw-db.com/armor/c84d97a3d82795bcfb203ad868a79b3d.c05ea00183c41b50a24d2e5348df08e21a6cb192.png','c84d97a3d82795bcfb203ad868a79b3d','c05ea00183c41b50a24d2e5348df08e21a6cb192'),(887,'https://assets.mhw-db.com/armor/2e2840069b8021b45c459fe1311027a2.713410d9f9e9ad5bc6257f388f6d384de2249341.png','2e2840069b8021b45c459fe1311027a2','713410d9f9e9ad5bc6257f388f6d384de2249341'),(888,'https://assets.mhw-db.com/armor/3bac048ae186adb8c88a1fe0797bb09b.567f73ab455355e40407e77f6e95bb1628e62fbe.png','3bac048ae186adb8c88a1fe0797bb09b','567f73ab455355e40407e77f6e95bb1628e62fbe'),(889,'https://assets.mhw-db.com/armor/61c1a546dd6285f7a31c6dc2ccfe1f87.bab3bd32c4c4e8517b6b9e220f04577e3072b71d.png','61c1a546dd6285f7a31c6dc2ccfe1f87','bab3bd32c4c4e8517b6b9e220f04577e3072b71d'),(890,'https://assets.mhw-db.com/armor/8e33968be35e0cce4d09e4e19e9c90e0.219de4db2825f857c28f53fc03c30122bb75b1a9.png','8e33968be35e0cce4d09e4e19e9c90e0','219de4db2825f857c28f53fc03c30122bb75b1a9'),(891,'https://assets.mhw-db.com/armor/e4f0e6bfa48b8c1ee51f422f427374eb.04f5214fa3a773ae4f2b9b49ebf41230b227e43f.png','e4f0e6bfa48b8c1ee51f422f427374eb','04f5214fa3a773ae4f2b9b49ebf41230b227e43f'),(892,'https://assets.mhw-db.com/armor/1b0921b617f3d0bf651a9010902bff89.c546ba78e9d76effd1f4b43158f97f4978bbe66e.png','1b0921b617f3d0bf651a9010902bff89','c546ba78e9d76effd1f4b43158f97f4978bbe66e'),(893,'https://assets.mhw-db.com/armor/b7521f4ca533bc4d64b07815a446c0cc.b806d0be2934d468f04392f2b282c985f5c50498.png','b7521f4ca533bc4d64b07815a446c0cc','b806d0be2934d468f04392f2b282c985f5c50498'),(894,'https://assets.mhw-db.com/armor/a59bce3922906ff9a1512982f097285f.a97b10c25b20af1e8e412220a925b91856304bdf.png','a59bce3922906ff9a1512982f097285f','a97b10c25b20af1e8e412220a925b91856304bdf'),(895,'https://assets.mhw-db.com/armor/c7baf92cd80093cb695a7f00bd18392a.546f404f11ee84fcce0b5ff4b67495048645c6cf.png','c7baf92cd80093cb695a7f00bd18392a','546f404f11ee84fcce0b5ff4b67495048645c6cf'),(896,'https://assets.mhw-db.com/armor/32bb554bd9beda1e69e26af867066cc2.39b51fbe63ae8c5143e494f9aaf667b87e63cda5.png','32bb554bd9beda1e69e26af867066cc2','39b51fbe63ae8c5143e494f9aaf667b87e63cda5'),(897,'https://assets.mhw-db.com/armor/eaf535906239ee488d414371cde6d341.ae51429d683792b23fd8054659590408999f8e1c.png','eaf535906239ee488d414371cde6d341','ae51429d683792b23fd8054659590408999f8e1c'),(898,'https://assets.mhw-db.com/armor/43765abbd0f67e00d91e9c178b7fbaaa.e3c9141485731f75922b63c94680cc6ee7a72309.png','43765abbd0f67e00d91e9c178b7fbaaa','e3c9141485731f75922b63c94680cc6ee7a72309'),(899,'https://assets.mhw-db.com/armor/b5180e5dde0af7e5519af1106741d9c2.2c523029578464aaf4d532be0007df22b25e971c.png','b5180e5dde0af7e5519af1106741d9c2','2c523029578464aaf4d532be0007df22b25e971c'),(900,'https://assets.mhw-db.com/armor/4e7f92d6c9b4510cef2d0bb4e6e9a143.4672bc277b93436ce60d51218ebf33efe3d09e82.png','4e7f92d6c9b4510cef2d0bb4e6e9a143','4672bc277b93436ce60d51218ebf33efe3d09e82'),(901,'https://assets.mhw-db.com/armor/a68089407ba1f41c8af5bf07865baf24.4166f012785305edc2e1c5e1cf3fd585d855df33.png','a68089407ba1f41c8af5bf07865baf24','4166f012785305edc2e1c5e1cf3fd585d855df33'),(902,'https://assets.mhw-db.com/armor/e5f3acb7d8f6e386e9067b265f72f857.bc3567b345079804fbb8a74445a5413217508fd1.png','e5f3acb7d8f6e386e9067b265f72f857','bc3567b345079804fbb8a74445a5413217508fd1'),(903,'https://assets.mhw-db.com/armor/d8ef27f164d4ed257868121ffe2603a0.dc883f12cf430291278719aa4ffe3a82cb3c3a22.png','d8ef27f164d4ed257868121ffe2603a0','dc883f12cf430291278719aa4ffe3a82cb3c3a22'),(904,'https://assets.mhw-db.com/armor/f3a2f793593d505f5b3ebccfd7fcb2d8.e3155694be7d857c659694609ce03914c1ad3d97.png','f3a2f793593d505f5b3ebccfd7fcb2d8','e3155694be7d857c659694609ce03914c1ad3d97'),(905,'https://assets.mhw-db.com/armor/87e36da59388437bfd98defe92828734.cf03bf88d9b8601cef7f642b4ed007338ea5dd60.png','87e36da59388437bfd98defe92828734','cf03bf88d9b8601cef7f642b4ed007338ea5dd60'),(906,'https://assets.mhw-db.com/armor/06fb12eb0b538c4ca99c8ec91f04a736.b34b66855a2976dc2b0f46bc605380e134194ca1.png','06fb12eb0b538c4ca99c8ec91f04a736','b34b66855a2976dc2b0f46bc605380e134194ca1'),(907,'https://assets.mhw-db.com/armor/adcc490e43495d1e30976fd4305bc854.6a680a6c8706b9351ed9350b9d8fc4721886c92d.png','adcc490e43495d1e30976fd4305bc854','6a680a6c8706b9351ed9350b9d8fc4721886c92d'),(908,'https://assets.mhw-db.com/armor/9a9d2704d1b71c3da4c30caa588f8adc.24ea38cc51d504463177bd02d81fbdb1b12994f7.png','9a9d2704d1b71c3da4c30caa588f8adc','24ea38cc51d504463177bd02d81fbdb1b12994f7'),(909,'https://assets.mhw-db.com/armor/717e2d6fb4894ad8f2fb72eb8f9ea0e6.5b468fccce6abc3e141e813a01d7be24006d8d41.png','717e2d6fb4894ad8f2fb72eb8f9ea0e6','5b468fccce6abc3e141e813a01d7be24006d8d41'),(910,'https://assets.mhw-db.com/armor/15a28f1128980c7706ffca53ea256117.8cd1382e3b59ca78ec7475ac7fb440bb198a9e72.png','15a28f1128980c7706ffca53ea256117','8cd1382e3b59ca78ec7475ac7fb440bb198a9e72'),(911,'https://assets.mhw-db.com/armor/4f955756f18b503691c90d17e01b7ccb.0cef097cf616d5b4d39257aaeb1730ddcf60225c.png','4f955756f18b503691c90d17e01b7ccb','0cef097cf616d5b4d39257aaeb1730ddcf60225c'),(912,'https://assets.mhw-db.com/armor/9cd48328242c537832e860a8284bf143.7075e34880a665ae18e98a3f3d90d53f7767acfd.png','9cd48328242c537832e860a8284bf143','7075e34880a665ae18e98a3f3d90d53f7767acfd'),(913,'https://assets.mhw-db.com/armor/f22234ad597c9a12f00992d85d2a8f74.dda8c3936d9b6b5f0e9f3cb4cf304e7d2613eac0.png','f22234ad597c9a12f00992d85d2a8f74','dda8c3936d9b6b5f0e9f3cb4cf304e7d2613eac0'),(914,'https://assets.mhw-db.com/armor/6a0b8a445d261bc0777e7f2407f0eccb.70a7904f41a09196a565c7154a81ee3f7a98cee5.png','6a0b8a445d261bc0777e7f2407f0eccb','70a7904f41a09196a565c7154a81ee3f7a98cee5'),(915,'https://assets.mhw-db.com/armor/8a262617d13e1bedb406602deddf2022.9a7c7d539beb7a9a30d74f70f78b62d55fc18ac2.png','8a262617d13e1bedb406602deddf2022','9a7c7d539beb7a9a30d74f70f78b62d55fc18ac2'),(916,'https://assets.mhw-db.com/armor/cbb1e984acd4505c6cfd4d66e5459c52.3ff6726618247d0eafec5e7b5a7af042f83deed7.png','cbb1e984acd4505c6cfd4d66e5459c52','3ff6726618247d0eafec5e7b5a7af042f83deed7'),(917,'https://assets.mhw-db.com/armor/e830d390580722aef697cb9187f9112d.7faa2ae6994d2de75806e7c4cd371545dadded1b.png','e830d390580722aef697cb9187f9112d','7faa2ae6994d2de75806e7c4cd371545dadded1b'),(918,'https://assets.mhw-db.com/armor/d25848ba982d9fb54baada8f377e76d5.49565f05b574d6407862eb7c3137a0edae2cf88e.png','d25848ba982d9fb54baada8f377e76d5','49565f05b574d6407862eb7c3137a0edae2cf88e'),(919,'https://assets.mhw-db.com/armor/3d747cdd30963c9334f2bf7afdf6d13e.2fc3b36dfc5b827999623ff3d7e5a18deefaa97a.png','3d747cdd30963c9334f2bf7afdf6d13e','2fc3b36dfc5b827999623ff3d7e5a18deefaa97a'),(920,'https://assets.mhw-db.com/armor/b096a30c5d00ccf08da81d1a8b908324.4adc700835f33a8de892abb6441be1420f6cb749.png','b096a30c5d00ccf08da81d1a8b908324','4adc700835f33a8de892abb6441be1420f6cb749'),(921,'https://assets.mhw-db.com/armor/31e47ce315a75a57a08fd914782cca40.6fa7c36483e395ab10dc453ea05f53efd50668d9.png','31e47ce315a75a57a08fd914782cca40','6fa7c36483e395ab10dc453ea05f53efd50668d9'),(922,'https://assets.mhw-db.com/armor/d01938c72821db3e7e1e6f08a2e594e4.9c9d79116748338840640c19fff4c12273c1d8f7.png','d01938c72821db3e7e1e6f08a2e594e4','9c9d79116748338840640c19fff4c12273c1d8f7'),(923,'https://assets.mhw-db.com/armor/37049802e73d27e1af4748d6d0df59cc.3f1ad17ab9c4360cd0678856d88f7ec098675d23.png','37049802e73d27e1af4748d6d0df59cc','3f1ad17ab9c4360cd0678856d88f7ec098675d23'),(924,'https://assets.mhw-db.com/armor/2761d39467e238ed0b8ee782e6406031.64f1ae22c9e891d78a2cf5233146e0c78f5093f0.png','2761d39467e238ed0b8ee782e6406031','64f1ae22c9e891d78a2cf5233146e0c78f5093f0'),(925,'https://assets.mhw-db.com/armor/ef69a2c5bdd326d9e7101134fa3ca6cd.b0059967dc0012d87a12264aa1cddabc0e47de26.png','ef69a2c5bdd326d9e7101134fa3ca6cd','b0059967dc0012d87a12264aa1cddabc0e47de26'),(926,'https://assets.mhw-db.com/armor/bfd00e7b8232aa20cea7ae6e2a20a479.a2c3f28ca123af9734d5dc2e5112a055dd923b0c.png','bfd00e7b8232aa20cea7ae6e2a20a479','a2c3f28ca123af9734d5dc2e5112a055dd923b0c'),(927,'https://assets.mhw-db.com/armor/8522c3154f972d511d304fafadf1ea44.4844ae31f6547d56bbdb3ae613e5321911278620.png','8522c3154f972d511d304fafadf1ea44','4844ae31f6547d56bbdb3ae613e5321911278620'),(928,'https://assets.mhw-db.com/armor/e4204042a3703bb3d7f5ee4bba150ae9.81fb8bab5fbaf8777c1fdaec6c3a0e0e7f75887b.png','e4204042a3703bb3d7f5ee4bba150ae9','81fb8bab5fbaf8777c1fdaec6c3a0e0e7f75887b'),(929,'https://assets.mhw-db.com/armor/a6c41d22a12af286be734d701bbe22e3.30122240277d7b3bccd167fc22bd3c2a400d151b.png','a6c41d22a12af286be734d701bbe22e3','30122240277d7b3bccd167fc22bd3c2a400d151b'),(930,'https://assets.mhw-db.com/armor/b4c023e659a2fbd90262474f29c7a377.b5578f7a0d12f4f91a5e98ac86abd72ad04fa147.png','b4c023e659a2fbd90262474f29c7a377','b5578f7a0d12f4f91a5e98ac86abd72ad04fa147'),(931,'https://assets.mhw-db.com/armor/e1748ed691d9121ce510db0fb38223a9.6f007e535b90938ca86d7e32528c7e15caaca458.png','e1748ed691d9121ce510db0fb38223a9','6f007e535b90938ca86d7e32528c7e15caaca458'),(932,'https://assets.mhw-db.com/armor/e553628c990d1c5a04bbe88c6362f7a0.ab7f540fac0176fa38353bd72593ee98bc7a8dfc.png','e553628c990d1c5a04bbe88c6362f7a0','ab7f540fac0176fa38353bd72593ee98bc7a8dfc'),(933,'https://assets.mhw-db.com/armor/0d3f257992b740317ef3cd9fdbe34f5c.dde7d68ed4ee3c73cf8c8136adfd4d80eb05b403.png','0d3f257992b740317ef3cd9fdbe34f5c','dde7d68ed4ee3c73cf8c8136adfd4d80eb05b403'),(934,'https://assets.mhw-db.com/armor/6e875a5450ba1d16f42d66f369a4a225.b1104714a2aa57efdccf969b6a3d764472b54c40.png','6e875a5450ba1d16f42d66f369a4a225','b1104714a2aa57efdccf969b6a3d764472b54c40'),(935,'https://assets.mhw-db.com/armor/3a61a09660288a6cee136b565a813023.ad957764e3b2a36c026b9affbc9e6c8554ab34a4.png','3a61a09660288a6cee136b565a813023','ad957764e3b2a36c026b9affbc9e6c8554ab34a4'),(936,'https://assets.mhw-db.com/armor/a5807f91ec104c9293cc5e80715e12bb.f682b37fc41f454ba09be888ef711263324306b1.png','a5807f91ec104c9293cc5e80715e12bb','f682b37fc41f454ba09be888ef711263324306b1'),(937,'https://assets.mhw-db.com/armor/13308ab4143219e673ddf65ad464a6bd.98b873c4851e9fca4f5bc8d7b585956d74a00875.png','13308ab4143219e673ddf65ad464a6bd','98b873c4851e9fca4f5bc8d7b585956d74a00875'),(938,'https://assets.mhw-db.com/armor/54598ca45cec2a1c2c3f2fb5398c291a.48d0c8d7c21091db27588bfeaeec7a5ccbf574ef.png','54598ca45cec2a1c2c3f2fb5398c291a','48d0c8d7c21091db27588bfeaeec7a5ccbf574ef'),(939,'https://assets.mhw-db.com/armor/2362b0204f961c9681b63f638aed845b.9cae8095d3f8c3d34a2ec5f48828fb3a13007206.png','2362b0204f961c9681b63f638aed845b','9cae8095d3f8c3d34a2ec5f48828fb3a13007206'),(940,'https://assets.mhw-db.com/armor/112b153043b8f0cc47614c821fc84240.e4964d9b79e3ec25e02db71dc8f6c2aacab3ad3b.png','112b153043b8f0cc47614c821fc84240','e4964d9b79e3ec25e02db71dc8f6c2aacab3ad3b'),(941,'https://assets.mhw-db.com/armor/b8e0f4fd1f75c3245bdbe71ffca037a4.787a4976d6644cdceba7b573672c3f7e2ce839cf.png','b8e0f4fd1f75c3245bdbe71ffca037a4','787a4976d6644cdceba7b573672c3f7e2ce839cf'),(942,'https://assets.mhw-db.com/armor/22373051953c3ad1abcaccf84fa0f836.d2c4f4b61fff286f185c43ad6b8ed12bf55f59b6.png','22373051953c3ad1abcaccf84fa0f836','d2c4f4b61fff286f185c43ad6b8ed12bf55f59b6'),(943,'https://assets.mhw-db.com/armor/ce0ba30cdc5553ddcf534e98d9176254.651f8c7bbb5178e7f1024f00450fe292ebba8ded.png','ce0ba30cdc5553ddcf534e98d9176254','651f8c7bbb5178e7f1024f00450fe292ebba8ded'),(944,'https://assets.mhw-db.com/armor/cc6aeaa1a31a3123273e2ef03dc98835.482c5e0cfb2eddf2056fcc6f23b3a90cfd0dec89.png','cc6aeaa1a31a3123273e2ef03dc98835','482c5e0cfb2eddf2056fcc6f23b3a90cfd0dec89'),(945,'https://assets.mhw-db.com/armor/a3a4bc11c3907ebb43543f789da06c14.c78560000a0319b1b228a0743737933bad41b92a.png','a3a4bc11c3907ebb43543f789da06c14','c78560000a0319b1b228a0743737933bad41b92a'),(946,'https://assets.mhw-db.com/armor/ba580c92d2ba292849161f221eed9116.30eb1c0cd1b5d881c5d42beeff70fe74259f9f47.png','ba580c92d2ba292849161f221eed9116','30eb1c0cd1b5d881c5d42beeff70fe74259f9f47'),(947,'https://assets.mhw-db.com/armor/aa5d72eea1dbc28a8b1e12867d7bb943.668b0c98f907b14b5b547a2f7eedffce66c68c37.png','aa5d72eea1dbc28a8b1e12867d7bb943','668b0c98f907b14b5b547a2f7eedffce66c68c37'),(948,'https://assets.mhw-db.com/armor/02492640b96816a33677935826c14bc6.526ecaf3a90e55b8397bbd36edd09289e0eea25d.png','02492640b96816a33677935826c14bc6','526ecaf3a90e55b8397bbd36edd09289e0eea25d'),(949,'https://assets.mhw-db.com/armor/1a1b6dd2599cb67adf6ea9bb3523b873.58c11135137096e6211427821669cc71385240ff.png','1a1b6dd2599cb67adf6ea9bb3523b873','58c11135137096e6211427821669cc71385240ff'),(950,'https://assets.mhw-db.com/armor/5a91c581e10e7e14749d67fed9104470.24056c5104d9b8c75443ac595047ce291b1fa2a6.png','5a91c581e10e7e14749d67fed9104470','24056c5104d9b8c75443ac595047ce291b1fa2a6'),(951,'https://assets.mhw-db.com/armor/a7cefd72b3af489cf1530cdbdf4b6ed0.dfa642e1eb37d84b0363ebc57cd876a6b66b5fe4.png','a7cefd72b3af489cf1530cdbdf4b6ed0','dfa642e1eb37d84b0363ebc57cd876a6b66b5fe4'),(952,'https://assets.mhw-db.com/armor/c7e8ef686e6f36bbc8bdde9be8ad6ad9.f9bffe90259fe52a89a8f6619540076d882b12f8.png','c7e8ef686e6f36bbc8bdde9be8ad6ad9','f9bffe90259fe52a89a8f6619540076d882b12f8'),(953,'https://assets.mhw-db.com/armor/066ca136484c22d01317b8961cfe08c4.9e698de0f61f2181455382c9a9e9ec8f4f1f10eb.png','066ca136484c22d01317b8961cfe08c4','9e698de0f61f2181455382c9a9e9ec8f4f1f10eb'),(954,'https://assets.mhw-db.com/armor/1425e7d44ea0fd3f7e76e421aeeec3b9.819f8dd25e85e2e84afacc6e02942a20e8a84cdc.png','1425e7d44ea0fd3f7e76e421aeeec3b9','819f8dd25e85e2e84afacc6e02942a20e8a84cdc'),(955,'https://assets.mhw-db.com/armor/eb8249493c4aa9ea31ea668738e5b9b3.aaa7346b971a11b685e33aa4809e0753a69f514e.png','eb8249493c4aa9ea31ea668738e5b9b3','aaa7346b971a11b685e33aa4809e0753a69f514e'),(956,'https://assets.mhw-db.com/armor/6190b4c774ceca3d658c8195b30236b0.0b93fb5a4f26b806e7494ae0f16f794e40dde1eb.png','6190b4c774ceca3d658c8195b30236b0','0b93fb5a4f26b806e7494ae0f16f794e40dde1eb'),(957,'https://assets.mhw-db.com/armor/1fc7103387149f7baf6212e31d39e17c.2309089b9cd574e6ed14ce929cb43fc679b588c0.png','1fc7103387149f7baf6212e31d39e17c','2309089b9cd574e6ed14ce929cb43fc679b588c0'),(958,'https://assets.mhw-db.com/armor/f2a581355efadd8fbfc66e89bad9b47a.7e45e087e98acbfa73d97dd586ef7086e4d5d232.png','f2a581355efadd8fbfc66e89bad9b47a','7e45e087e98acbfa73d97dd586ef7086e4d5d232'),(959,'https://assets.mhw-db.com/armor/33458a82356640eea3f66533592f8b24.0daf81b67f88ac2728a9ae7bda3568972ea2772b.png','33458a82356640eea3f66533592f8b24','0daf81b67f88ac2728a9ae7bda3568972ea2772b'),(960,'https://assets.mhw-db.com/armor/7bc75f2d4d1520047afee3bfdf84f924.3fcc4cc4581294d6a9b1b7acbf1628b31714a768.png','7bc75f2d4d1520047afee3bfdf84f924','3fcc4cc4581294d6a9b1b7acbf1628b31714a768'),(961,'https://assets.mhw-db.com/armor/efcafeb0ad4d087b34d428ab5429b6af.e0b4f1b5b2679108c26c06e4dbbd16727abf9fe3.png','efcafeb0ad4d087b34d428ab5429b6af','e0b4f1b5b2679108c26c06e4dbbd16727abf9fe3'),(962,'https://assets.mhw-db.com/armor/b2608d6b45318a46e82e7184a89c3b9b.9d6fcb5453d41e2d4059b73a3621cfca24d2cfc9.png','b2608d6b45318a46e82e7184a89c3b9b','9d6fcb5453d41e2d4059b73a3621cfca24d2cfc9'),(963,'https://assets.mhw-db.com/armor/cd16b758ffbef0a17c855524f77af1b1.fdf2fc15c71da3ba301d733549e4ba78e5664537.png','cd16b758ffbef0a17c855524f77af1b1','fdf2fc15c71da3ba301d733549e4ba78e5664537'),(964,'https://assets.mhw-db.com/armor/d2a5e47b726ea5c5afb4175ef958de12.24853a9e408e156ba6d5252899dd602a66417d63.png','d2a5e47b726ea5c5afb4175ef958de12','24853a9e408e156ba6d5252899dd602a66417d63'),(965,'https://assets.mhw-db.com/armor/0eb1ff4dcc93cb50de2a1b3952479ca1.89e9ba73b8d0c0244e858da2aee0cdcb839c28ec.png','0eb1ff4dcc93cb50de2a1b3952479ca1','89e9ba73b8d0c0244e858da2aee0cdcb839c28ec'),(966,'https://assets.mhw-db.com/armor/6f7b8ae01334eb41fe1f2d36c1f8719e.b17b17027ea63d744de5b5d76e2919058b1bb5a8.png','6f7b8ae01334eb41fe1f2d36c1f8719e','b17b17027ea63d744de5b5d76e2919058b1bb5a8'),(967,'https://assets.mhw-db.com/armor/dd841489687b98e4c8903c002157850b.97d6e3e55472cd06ec852c6a417fb0e70df11233.png','dd841489687b98e4c8903c002157850b','97d6e3e55472cd06ec852c6a417fb0e70df11233'),(968,'https://assets.mhw-db.com/armor/e8ba26404155f1a6855d8d2b5a5ec3b6.d10065fc0db901a5ba35459955fa154785a8256e.png','e8ba26404155f1a6855d8d2b5a5ec3b6','d10065fc0db901a5ba35459955fa154785a8256e'),(969,'https://assets.mhw-db.com/armor/8ae5f3e5b2d0e92d6f94e12c432e2d44.a96afdec7eda738c1973803f44da1e080fb3c59f.png','8ae5f3e5b2d0e92d6f94e12c432e2d44','a96afdec7eda738c1973803f44da1e080fb3c59f'),(970,'https://assets.mhw-db.com/armor/dbda1b78f8313eb5a4a6d61ad87b5396.54c47ac76311a7a1555ed61ac05f076b18010fb2.png','dbda1b78f8313eb5a4a6d61ad87b5396','54c47ac76311a7a1555ed61ac05f076b18010fb2'),(971,'https://assets.mhw-db.com/armor/6481c7ad5ab3e2d826a27df660efb12e.bb562ced25871f7bd64de249e97d1c61591f7dbb.png','6481c7ad5ab3e2d826a27df660efb12e','bb562ced25871f7bd64de249e97d1c61591f7dbb'),(972,'https://assets.mhw-db.com/armor/c52905f5217b49f30c1401aa533e5576.b2de52e914cc7838c15d94213d23316e0f5ad6a4.png','c52905f5217b49f30c1401aa533e5576','b2de52e914cc7838c15d94213d23316e0f5ad6a4'),(973,'https://assets.mhw-db.com/armor/58d36932ceb9161ffe92f2030e892890.864f2d482a5c07a114db2e8f893a8d0faf171bd8.png','58d36932ceb9161ffe92f2030e892890','864f2d482a5c07a114db2e8f893a8d0faf171bd8'),(974,'https://assets.mhw-db.com/armor/cef325a941bd1a603a66a3da9e516756.a0463680b7bd18d4e194a26b8b216c6e5ec3c225.png','cef325a941bd1a603a66a3da9e516756','a0463680b7bd18d4e194a26b8b216c6e5ec3c225'),(975,'https://assets.mhw-db.com/armor/d71cee19ea865611832039848ea82ba0.525916e7939fbb78c415c2409d7dd40cf2489f64.png','d71cee19ea865611832039848ea82ba0','525916e7939fbb78c415c2409d7dd40cf2489f64'),(976,'https://assets.mhw-db.com/armor/de6630dd6bd645c6a60e82f2cdf389d9.5caec01fac1c0b911bc473eb66233d57b6562094.png','de6630dd6bd645c6a60e82f2cdf389d9','5caec01fac1c0b911bc473eb66233d57b6562094'),(977,'https://assets.mhw-db.com/armor/59c0ecd15df51d1776d13b9dcb1b5774.4feb4a1eb4269664b83c6148545e7ba2d801902a.png','59c0ecd15df51d1776d13b9dcb1b5774','4feb4a1eb4269664b83c6148545e7ba2d801902a'),(978,'https://assets.mhw-db.com/armor/bf23bdbd0e4064768caeedb12c9d7c82.6e6aa98c95ced9c6c4d0d9ccfa0adacaa03134d6.png','bf23bdbd0e4064768caeedb12c9d7c82','6e6aa98c95ced9c6c4d0d9ccfa0adacaa03134d6'),(979,'https://assets.mhw-db.com/armor/1b065a9a6a0bd416a6bf8c2a7cfa9dde.a4529eb77d331aa5b953650c3df9c9eeae6a1be2.png','1b065a9a6a0bd416a6bf8c2a7cfa9dde','a4529eb77d331aa5b953650c3df9c9eeae6a1be2'),(980,'https://assets.mhw-db.com/armor/fc328845ffaa160a5711697d17c0a301.eda08896c7cba139c3281394c1b9d8d89860c814.png','fc328845ffaa160a5711697d17c0a301','eda08896c7cba139c3281394c1b9d8d89860c814'),(981,'https://assets.mhw-db.com/armor/73b80ee14cc3d553b62025bf82154e46.8ca2f7761ea1d2ceadcc57e66b53b7bfa4b00985.png','73b80ee14cc3d553b62025bf82154e46','8ca2f7761ea1d2ceadcc57e66b53b7bfa4b00985'),(982,'https://assets.mhw-db.com/armor/5432ee03abc2514756e5864c9bf0f3ad.f23c3cbdb8c1cc84c3c2291f1d46ed0d20b77d22.png','5432ee03abc2514756e5864c9bf0f3ad','f23c3cbdb8c1cc84c3c2291f1d46ed0d20b77d22'),(983,'https://assets.mhw-db.com/armor/38e924d9d2a375931c21ec56ce29428a.59897ff7778c3bd846442ac9c6c494a3c9c33cdc.png','38e924d9d2a375931c21ec56ce29428a','59897ff7778c3bd846442ac9c6c494a3c9c33cdc'),(984,'https://assets.mhw-db.com/armor/b45366bdf8ec76f5a96d72fdf457b8d9.234f6f8fa849696cfee6568a1416a74e06024256.png','b45366bdf8ec76f5a96d72fdf457b8d9','234f6f8fa849696cfee6568a1416a74e06024256'),(985,'https://assets.mhw-db.com/armor/1d1cffcf865f8afe1986859214fa8eb1.c1bdec5b715ff08ad6d845fe63a45d0308f77d29.png','1d1cffcf865f8afe1986859214fa8eb1','c1bdec5b715ff08ad6d845fe63a45d0308f77d29'),(986,'https://assets.mhw-db.com/armor/70edaa5b308e289fd8689e99272e4686.3d27e9f97b2af1d395a65b6e5c83219690085413.png','70edaa5b308e289fd8689e99272e4686','3d27e9f97b2af1d395a65b6e5c83219690085413'),(987,'https://assets.mhw-db.com/armor/9b6edd8ff38ff394f50b1cc6b9b4dfdf.16f094c69f5e8145ccd44d588d6ae594e3275204.png','9b6edd8ff38ff394f50b1cc6b9b4dfdf','16f094c69f5e8145ccd44d588d6ae594e3275204'),(988,'https://assets.mhw-db.com/armor/20633e034da53b438f17bffc57da5a70.17c548f0b64a27c4ebb944af3e18cc0c83a422d8.png','20633e034da53b438f17bffc57da5a70','17c548f0b64a27c4ebb944af3e18cc0c83a422d8'),(989,'https://assets.mhw-db.com/armor/6bfa84aad0990aaf8a1ca47f7349f543.48beaec9be16ac94e9d9ecf799d357f1d5bcb845.png','6bfa84aad0990aaf8a1ca47f7349f543','48beaec9be16ac94e9d9ecf799d357f1d5bcb845'),(990,'https://assets.mhw-db.com/armor/7a86300bf4f2217c494e58e45143dcb0.59bd293b7c3579d9712848cffcc59b7d587109e7.png','7a86300bf4f2217c494e58e45143dcb0','59bd293b7c3579d9712848cffcc59b7d587109e7'),(991,'https://assets.mhw-db.com/armor/519424df3263c2d3e719987da6961d5d.a664858e1d7cec8fc4597366ccf43a3cf2ccc3fb.png','519424df3263c2d3e719987da6961d5d','a664858e1d7cec8fc4597366ccf43a3cf2ccc3fb'),(992,'https://assets.mhw-db.com/armor/8b4a1ff65672411be1d4eede55f15c92.6df462b0ab014b3659516a6b929ede82c66a6636.png','8b4a1ff65672411be1d4eede55f15c92','6df462b0ab014b3659516a6b929ede82c66a6636'),(993,'https://assets.mhw-db.com/armor/66797f4ff365f445ddc54d84e22b1eaf.9638d4e43ee57d1020da8550015170d93ca51083.png','66797f4ff365f445ddc54d84e22b1eaf','9638d4e43ee57d1020da8550015170d93ca51083'),(994,'https://assets.mhw-db.com/armor/bc7b5a21409b6786e8715af28b4b402e.655056373f622e7c3cd0fabdf6e57b405b0cba70.png','bc7b5a21409b6786e8715af28b4b402e','655056373f622e7c3cd0fabdf6e57b405b0cba70'),(995,'https://assets.mhw-db.com/armor/75c7072751fd5a736a3407d637bc0890.bc35fa8e8f0ae216a6f2bad7dcf908610d4a8af9.png','75c7072751fd5a736a3407d637bc0890','bc35fa8e8f0ae216a6f2bad7dcf908610d4a8af9'),(996,'https://assets.mhw-db.com/armor/ad52f90033a18c3e95ba4f2db921b542.cd9971d2646a6a4c9283fcdc4722177bedaf9e79.png','ad52f90033a18c3e95ba4f2db921b542','cd9971d2646a6a4c9283fcdc4722177bedaf9e79'),(997,'https://assets.mhw-db.com/armor/0d604af83ae62127a92953ce7f9eb5e2.bacdc2b22b541ba8b4250692a0e689c97cda3478.png','0d604af83ae62127a92953ce7f9eb5e2','bacdc2b22b541ba8b4250692a0e689c97cda3478'),(998,'https://assets.mhw-db.com/armor/7fa1ba434615be7cfc97eef0d68b4cfb.e5a5b2e40c314c21957340e8d1f55cf6197a626d.png','7fa1ba434615be7cfc97eef0d68b4cfb','e5a5b2e40c314c21957340e8d1f55cf6197a626d'),(999,'https://assets.mhw-db.com/armor/c182facb278c62ba33e086eff3c67ece.70a43b997f00a6b4d8c82a3980dc32f9f15de047.png','c182facb278c62ba33e086eff3c67ece','70a43b997f00a6b4d8c82a3980dc32f9f15de047'),(1000,'https://assets.mhw-db.com/armor/11fdf884b7a4dd1cd45db57c206f9286.fa0244d944b9101c68309da9af0929d1de1d87b7.png','11fdf884b7a4dd1cd45db57c206f9286','fa0244d944b9101c68309da9af0929d1de1d87b7'),(1001,'https://assets.mhw-db.com/armor/80ef9c54890af589d262ea6006163ea7.99550e91889fa1087b06d8da666463ba03d87f13.png','80ef9c54890af589d262ea6006163ea7','99550e91889fa1087b06d8da666463ba03d87f13'),(1002,'https://assets.mhw-db.com/armor/3a98d7eea227bea1e121a569d5f1b6da.a08d426ef8b08a60b25e37d0bba381ec62446ce1.png','3a98d7eea227bea1e121a569d5f1b6da','a08d426ef8b08a60b25e37d0bba381ec62446ce1'),(1003,'https://assets.mhw-db.com/armor/8d4a592880197302a288c01b121c5bcd.289a0c2408e1de094635028d0b415315595bd49f.png','8d4a592880197302a288c01b121c5bcd','289a0c2408e1de094635028d0b415315595bd49f'),(1004,'https://assets.mhw-db.com/armor/0673242b66ca22d38fe35e7f901e6257.45d847f1462cfd0b37e94e4198627c4a605e9e30.png','0673242b66ca22d38fe35e7f901e6257','45d847f1462cfd0b37e94e4198627c4a605e9e30'),(1005,'https://assets.mhw-db.com/armor/d79c5864bb4189d389751edfc4b51825.b4afa8f8ad22553aa150f8e4d5e31736f868c411.png','d79c5864bb4189d389751edfc4b51825','b4afa8f8ad22553aa150f8e4d5e31736f868c411'),(1006,'https://assets.mhw-db.com/armor/55a2eee4800712ba32878121aec841bc.7c561fda9b06d799a5eff49a8d4d9d2141ced5fb.png','55a2eee4800712ba32878121aec841bc','7c561fda9b06d799a5eff49a8d4d9d2141ced5fb'),(1007,'https://assets.mhw-db.com/armor/788ea44b58851a4f42635fbb522b7d56.b9a200f66ad29eb65be205c4c08f617343a5275f.png','788ea44b58851a4f42635fbb522b7d56','b9a200f66ad29eb65be205c4c08f617343a5275f'),(1008,'https://assets.mhw-db.com/armor/c94b794f3242b83a463c9ef4c5a079ab.47d0472f314a84b38113e4ed599e53ed156ef6c8.png','c94b794f3242b83a463c9ef4c5a079ab','47d0472f314a84b38113e4ed599e53ed156ef6c8'),(1009,'https://assets.mhw-db.com/armor/9dfee0a879e52ebbcc219314488e2a6f.0163af0b8bbcbd1eb11367117f125c5200110da0.png','9dfee0a879e52ebbcc219314488e2a6f','0163af0b8bbcbd1eb11367117f125c5200110da0'),(1010,'https://assets.mhw-db.com/armor/c14ea2ec5029161aa3aa1b3c1a623d84.6039455dd39b299934c44e67be5a0909451eb131.png','c14ea2ec5029161aa3aa1b3c1a623d84','6039455dd39b299934c44e67be5a0909451eb131'),(1011,'https://assets.mhw-db.com/armor/f13152f363f7c4d0dbbb29916b52e6e1.abc3e89afb792b4bb3282d97aac5e5bc398f06fb.png','f13152f363f7c4d0dbbb29916b52e6e1','abc3e89afb792b4bb3282d97aac5e5bc398f06fb'),(1012,'https://assets.mhw-db.com/armor/8a16e2f11d9a9d1bbd5b8072898a4062.ed4e4d824f2b3c319bb33b4ee0892c549b1ea75b.png','8a16e2f11d9a9d1bbd5b8072898a4062','ed4e4d824f2b3c319bb33b4ee0892c549b1ea75b'),(1013,'https://assets.mhw-db.com/armor/9adcab4622dc08d962601908431b75fc.e7a3e570f7b1a27d2d7e47729e989bb6a3615a71.png','9adcab4622dc08d962601908431b75fc','e7a3e570f7b1a27d2d7e47729e989bb6a3615a71'),(1014,'https://assets.mhw-db.com/armor/e6985b8498c03ba9ce69cc55c18f182c.c8964e66a5317d3965769f704c788728c3e07a2c.png','e6985b8498c03ba9ce69cc55c18f182c','c8964e66a5317d3965769f704c788728c3e07a2c'),(1015,'https://assets.mhw-db.com/armor/5783f21bc94c34f3111e9f5f4d024f0d.4346722e82096b11aab72486d7fee9a79160f3a6.png','5783f21bc94c34f3111e9f5f4d024f0d','4346722e82096b11aab72486d7fee9a79160f3a6'),(1016,'https://assets.mhw-db.com/armor/264eee5acdb2b8ac4c8315096ecad5d6.c0404ff6b87e39fe69c66f2ec82741643a6a0da1.png','264eee5acdb2b8ac4c8315096ecad5d6','c0404ff6b87e39fe69c66f2ec82741643a6a0da1'),(1017,'https://assets.mhw-db.com/armor/2edd5125c15c21443ee425f6d4799b24.c4cbf2027be6d76832dcb0f906d31ebe231bfd9e.png','2edd5125c15c21443ee425f6d4799b24','c4cbf2027be6d76832dcb0f906d31ebe231bfd9e'),(1018,'https://assets.mhw-db.com/armor/2abb54d87285c11ed05c78df659acd01.e19ecc83bac2278152089439284207cc0f83e778.png','2abb54d87285c11ed05c78df659acd01','e19ecc83bac2278152089439284207cc0f83e778'),(1019,'https://assets.mhw-db.com/armor/d3b3fd1da6a1e436148db9519396e18a.87cac0fe01a68b98ae2e2f9b503b4535e75dc0a5.png','d3b3fd1da6a1e436148db9519396e18a','87cac0fe01a68b98ae2e2f9b503b4535e75dc0a5'),(1020,'https://assets.mhw-db.com/armor/8c2dc0a8d12eb4cf3b6fb7dd4587947c.05be0869a60132c7fc0b756141195e1122e41389.png','8c2dc0a8d12eb4cf3b6fb7dd4587947c','05be0869a60132c7fc0b756141195e1122e41389'),(1021,'https://assets.mhw-db.com/armor/9f3f6c435798aa159ce28fd2daff51ba.559837d427d98ce00ee91d650a93d7008dbf3b8d.png','9f3f6c435798aa159ce28fd2daff51ba','559837d427d98ce00ee91d650a93d7008dbf3b8d'),(1022,'https://assets.mhw-db.com/armor/3e5ea15b549a3fcc33e3fc2e9e7b72a4.c05fea2ce056b020abe9351b2b3948050a9feb2c.png','3e5ea15b549a3fcc33e3fc2e9e7b72a4','c05fea2ce056b020abe9351b2b3948050a9feb2c'),(1023,'https://assets.mhw-db.com/armor/3026b89ff2e848e99ee1f3a3da00872f.d120434dcb2840f6852fd0c53c5c5e443e03449d.png','3026b89ff2e848e99ee1f3a3da00872f','d120434dcb2840f6852fd0c53c5c5e443e03449d'),(1024,'https://assets.mhw-db.com/armor/a619283b3277ea8e5d4deefa279c08e7.0b19f2aaafc5fa8d175788efeef57ed0c5a02b33.png','a619283b3277ea8e5d4deefa279c08e7','0b19f2aaafc5fa8d175788efeef57ed0c5a02b33'),(1025,'https://assets.mhw-db.com/armor/c2d59cf2c0edbfb76035092ecb37080e.d2e7bb3f25222ec15b5b955567b1a17b36fe8da8.png','c2d59cf2c0edbfb76035092ecb37080e','d2e7bb3f25222ec15b5b955567b1a17b36fe8da8'),(1026,'https://assets.mhw-db.com/armor/d11b811ae17b61f18ad430441ff989d8.421b8a8f7b8ab24fad5fb1967b634ccce8438882.png','d11b811ae17b61f18ad430441ff989d8','421b8a8f7b8ab24fad5fb1967b634ccce8438882'),(1027,'https://assets.mhw-db.com/armor/a2f919c9ccc52ee07f60da1167a9e9aa.de91490919a42100edd368d9e2422809bb9b0d64.png','a2f919c9ccc52ee07f60da1167a9e9aa','de91490919a42100edd368d9e2422809bb9b0d64'),(1028,'https://assets.mhw-db.com/armor/1a90dd585593ab53e2cd137dee1f171f.ba55df985fd6af98477e1197e1e2b52c7a7d84a4.png','1a90dd585593ab53e2cd137dee1f171f','ba55df985fd6af98477e1197e1e2b52c7a7d84a4'),(1029,'https://assets.mhw-db.com/armor/39a7d194985052e27a124230626ae90c.7315f93931c8f6f7f8ce49df6e47a8e9c881bef2.png','39a7d194985052e27a124230626ae90c','7315f93931c8f6f7f8ce49df6e47a8e9c881bef2'),(1030,'https://assets.mhw-db.com/armor/9c88eb47c543933e465105306bb175f4.1609187602ff337280310e5e10814e3f078bea75.png','9c88eb47c543933e465105306bb175f4','1609187602ff337280310e5e10814e3f078bea75'),(1031,'https://assets.mhw-db.com/armor/ecf3404f57241e2e8e5dcdbfd1d5c272.a71f46067aafc8555dbd3a486eea63238c5c3681.png','ecf3404f57241e2e8e5dcdbfd1d5c272','a71f46067aafc8555dbd3a486eea63238c5c3681'),(1032,'https://assets.mhw-db.com/armor/cd12e9345ebd3e7ccd0c0b9c42ce2e17.c8aba9c375e2be1b52b88b77e77f38aebeebccc0.png','cd12e9345ebd3e7ccd0c0b9c42ce2e17','c8aba9c375e2be1b52b88b77e77f38aebeebccc0'),(1033,'https://assets.mhw-db.com/armor/f5d509fc5ef7efbe7af902ebd6104c59.53cc915c119f48e6a9609e113262d3e26d75517f.png','f5d509fc5ef7efbe7af902ebd6104c59','53cc915c119f48e6a9609e113262d3e26d75517f'),(1034,'https://assets.mhw-db.com/armor/306f5a6b1f0dac1143015b855e84315a.1a7f109a85a2c9f01b4caa92d1406b1cfaa9ea27.png','306f5a6b1f0dac1143015b855e84315a','1a7f109a85a2c9f01b4caa92d1406b1cfaa9ea27'),(1035,'https://assets.mhw-db.com/armor/55b811b5aab2fd2081ab0161cb507e23.cde2f5d36a6b87509a3fa4ddae8da15725ed2070.png','55b811b5aab2fd2081ab0161cb507e23','cde2f5d36a6b87509a3fa4ddae8da15725ed2070'),(1036,'https://assets.mhw-db.com/armor/7f8192f8251ff03c83114e0f251fbfe2.2db2008483572af382457d62484c0a6dc3620670.png','7f8192f8251ff03c83114e0f251fbfe2','2db2008483572af382457d62484c0a6dc3620670'),(1037,'https://assets.mhw-db.com/armor/64be81eb125d085d811f14fae260fdd9.d2b2d7f710e711f907c84c0627a708cbe28fc25a.png','64be81eb125d085d811f14fae260fdd9','d2b2d7f710e711f907c84c0627a708cbe28fc25a'),(1038,'https://assets.mhw-db.com/armor/d33857322dc457f64ca1e45abf19a469.bcc60188d85d0750c01e771ef936567963159cbd.png','d33857322dc457f64ca1e45abf19a469','bcc60188d85d0750c01e771ef936567963159cbd'),(1039,'https://assets.mhw-db.com/armor/a9d3c2cd8180f66f07c21e42ef6715f6.1feb368ffde8726a6f118b61f09899c68ddc8388.png','a9d3c2cd8180f66f07c21e42ef6715f6','1feb368ffde8726a6f118b61f09899c68ddc8388'),(1040,'https://assets.mhw-db.com/armor/49e2ddbeda8d8d774904f0d8d8f67e08.2a782e92401f539cb48064b502e3bd3878fab66e.png','49e2ddbeda8d8d774904f0d8d8f67e08','2a782e92401f539cb48064b502e3bd3878fab66e'),(1041,'https://assets.mhw-db.com/armor/58e03b2bbaf64cc05ea0a0ce38033b21.4e98fa3dd428e1ee79b168b4088f90eb56b62d29.png','58e03b2bbaf64cc05ea0a0ce38033b21','4e98fa3dd428e1ee79b168b4088f90eb56b62d29'),(1042,'https://assets.mhw-db.com/armor/99a87799a792ec3a836e39b14fb0ea2d.7e2c79826c88925c99cae3216881d72893962dda.png','99a87799a792ec3a836e39b14fb0ea2d','7e2c79826c88925c99cae3216881d72893962dda'),(1043,'https://assets.mhw-db.com/armor/705d13753361a2987f6f8ff2be915c49.241ca1e8021550a884d4d5a896c0f342bd775fc3.png','705d13753361a2987f6f8ff2be915c49','241ca1e8021550a884d4d5a896c0f342bd775fc3'),(1044,'https://assets.mhw-db.com/armor/83a9248a945bfac454ebabcd08e00a36.40058860806c4f9af642a4d67b64619ab806bf7f.png','83a9248a945bfac454ebabcd08e00a36','40058860806c4f9af642a4d67b64619ab806bf7f'),(1045,'https://assets.mhw-db.com/armor/7bd865c0079c98ce582637706cfacb50.a2416414ec622131d9c08dd5678ed04c0408b883.png','7bd865c0079c98ce582637706cfacb50','a2416414ec622131d9c08dd5678ed04c0408b883'),(1046,'https://assets.mhw-db.com/armor/61be652793c11ce0efdc35cef57bd7c3.abc1ac9d593e9e47ceb2a9a4e3cd6955be1e87a6.png','61be652793c11ce0efdc35cef57bd7c3','abc1ac9d593e9e47ceb2a9a4e3cd6955be1e87a6'),(1047,'https://assets.mhw-db.com/armor/2e54bc40ea15e7ce459916d9ba7d2781.d09a2181526eacbf7820ecdae93b2357722092e2.png','2e54bc40ea15e7ce459916d9ba7d2781','d09a2181526eacbf7820ecdae93b2357722092e2'),(1048,'https://assets.mhw-db.com/armor/f7f3cf78c38934ddc78a014e24f2cf8c.7406c6d0f257f8efc27fee4154c3f52ff35b6668.png','f7f3cf78c38934ddc78a014e24f2cf8c','7406c6d0f257f8efc27fee4154c3f52ff35b6668'),(1049,'https://assets.mhw-db.com/armor/4a17149459f287967abd66cc1b68f984.0b5b9d1951e69c64e8c6eea0652ac7efa106be01.png','4a17149459f287967abd66cc1b68f984','0b5b9d1951e69c64e8c6eea0652ac7efa106be01'),(1050,'https://assets.mhw-db.com/armor/078d00260814b5c1c521484f54675628.7834b133ed86361e3c366c54d31a16089dcd4e8b.png','078d00260814b5c1c521484f54675628','7834b133ed86361e3c366c54d31a16089dcd4e8b'),(1051,'https://assets.mhw-db.com/armor/65454c4dab7b21cff9520088a5ec53cf.6ef6ecc62b9dba4442c99a742bddd95c031efd96.png','65454c4dab7b21cff9520088a5ec53cf','6ef6ecc62b9dba4442c99a742bddd95c031efd96'),(1052,'https://assets.mhw-db.com/armor/6d9676e90160946f9b802b5bf78fd397.5b14476855b6243adda6ed7b36f22864850529fa.png','6d9676e90160946f9b802b5bf78fd397','5b14476855b6243adda6ed7b36f22864850529fa'),(1053,'https://assets.mhw-db.com/armor/9a28803a7b8d330a0c2db95510aabf80.89e388b6088f6c54281d590acb127977f1cb227b.png','9a28803a7b8d330a0c2db95510aabf80','89e388b6088f6c54281d590acb127977f1cb227b'),(1054,'https://assets.mhw-db.com/armor/fa21d04086fc80128ee6eea48f50a9c2.5f732dd0a63ce45f4c326ff5df51f1f44344dce6.png','fa21d04086fc80128ee6eea48f50a9c2','5f732dd0a63ce45f4c326ff5df51f1f44344dce6'),(1055,'https://assets.mhw-db.com/armor/5f533698643336e7957169f3e2ad6a25.8eb11aad239aa12d6ca177ff4600839d196f86aa.png','5f533698643336e7957169f3e2ad6a25','8eb11aad239aa12d6ca177ff4600839d196f86aa'),(1056,'https://assets.mhw-db.com/armor/c5ecc37c4f35a9b37a8a1c060f326d63.c0a83f728129f9126ad6db62090147377f2ba698.png','c5ecc37c4f35a9b37a8a1c060f326d63','c0a83f728129f9126ad6db62090147377f2ba698'),(1057,'https://assets.mhw-db.com/armor/5f6dc87e5c7e5db14ffb140b8808ec3d.9c1153e5f9a35b6eed4cd0ef34f9a6f4bacb032a.png','5f6dc87e5c7e5db14ffb140b8808ec3d','9c1153e5f9a35b6eed4cd0ef34f9a6f4bacb032a'),(1058,'https://assets.mhw-db.com/armor/e3998e6111a9b9b0c8ee413d00f6a8f8.17f478305559f4632f35eb7969585a51bd1a92db.png','e3998e6111a9b9b0c8ee413d00f6a8f8','17f478305559f4632f35eb7969585a51bd1a92db'),(1059,'https://assets.mhw-db.com/armor/40dcf9293715daadaa533bfa54219693.3ecbf2465e55a757190a3b34dfbd34c53dbc1ac2.png','40dcf9293715daadaa533bfa54219693','3ecbf2465e55a757190a3b34dfbd34c53dbc1ac2'),(1060,'https://assets.mhw-db.com/armor/f5fa6693b9d8e3a01705ebd1273356c3.6db76907aa069f7e5221ac8cc9e21f423a369d16.png','f5fa6693b9d8e3a01705ebd1273356c3','6db76907aa069f7e5221ac8cc9e21f423a369d16'),(1061,'https://assets.mhw-db.com/armor/970fbfeadc4d21ae9a4914936666c5b9.356601bef4239f36bbb9248510e6e428375483cf.png','970fbfeadc4d21ae9a4914936666c5b9','356601bef4239f36bbb9248510e6e428375483cf'),(1062,'https://assets.mhw-db.com/armor/2ce7dd74726d607bb344abe791dc74b8.fac3d3f604c02bc8f6494f86a6002577999caca3.png','2ce7dd74726d607bb344abe791dc74b8','fac3d3f604c02bc8f6494f86a6002577999caca3'),(1063,'https://assets.mhw-db.com/armor/ac1df0de8f57ea7bb0d2b6e6f8b15c69.095f4ed0cb2143bbfecb17ca86009cf0da3cd3c3.png','ac1df0de8f57ea7bb0d2b6e6f8b15c69','095f4ed0cb2143bbfecb17ca86009cf0da3cd3c3'),(1064,'https://assets.mhw-db.com/armor/0826b4c03129ae306c3fc8c501052d6c.9c8f1ea38054d8faba4400ba17087eaf26772c7f.png','0826b4c03129ae306c3fc8c501052d6c','9c8f1ea38054d8faba4400ba17087eaf26772c7f'),(1065,'https://assets.mhw-db.com/armor/9c9feb6f0a46740d790a42e3409b4994.341032a0d0e127e872fbe229c7a5083c6bbbbf2e.png','9c9feb6f0a46740d790a42e3409b4994','341032a0d0e127e872fbe229c7a5083c6bbbbf2e'),(1066,'https://assets.mhw-db.com/armor/7a1e97b3c53b4fd72506741b89f5b255.f0644aad13f3083b01fcdacd70b7b298d289ad0a.png','7a1e97b3c53b4fd72506741b89f5b255','f0644aad13f3083b01fcdacd70b7b298d289ad0a'),(1067,'https://assets.mhw-db.com/armor/5884440caf77dac6dc447c2e81f2beeb.386db0fa2c608c337e2ff8d2b9f8ddf0401cb21b.png','5884440caf77dac6dc447c2e81f2beeb','386db0fa2c608c337e2ff8d2b9f8ddf0401cb21b'),(1068,'https://assets.mhw-db.com/armor/99b64076d8b9906dc0f98acb09f9f308.4c61c9faf8eda82e3a62fbeac08a129322088389.png','99b64076d8b9906dc0f98acb09f9f308','4c61c9faf8eda82e3a62fbeac08a129322088389'),(1069,'https://assets.mhw-db.com/armor/c471abc7706b8a723483deb71ca180a9.04cba502d680cfd9e66acb877d0afa6b9fa7d24d.png','c471abc7706b8a723483deb71ca180a9','04cba502d680cfd9e66acb877d0afa6b9fa7d24d'),(1070,'https://assets.mhw-db.com/armor/be7cafa0fa9f23c193f6f0fadf2dd80b.67c78742328df59a6b460b2c3b2466b492ecaea6.png','be7cafa0fa9f23c193f6f0fadf2dd80b','67c78742328df59a6b460b2c3b2466b492ecaea6'),(1071,'https://assets.mhw-db.com/armor/3892f63cddf5f848aed5be0380b169ba.a7924b8dd8f35d82d5147f9fddf538cb9739877c.png','3892f63cddf5f848aed5be0380b169ba','a7924b8dd8f35d82d5147f9fddf538cb9739877c'),(1072,'https://assets.mhw-db.com/armor/8395a74cbd59efb43571d45f91ffd38b.6ceeed2ccf06cfe75a69ae325a8bc7259ad50d18.png','8395a74cbd59efb43571d45f91ffd38b','6ceeed2ccf06cfe75a69ae325a8bc7259ad50d18'),(1073,'https://assets.mhw-db.com/armor/d87c4642d0206296477248d0c2a0c21d.7e312f3b5e2ed1b2c171fafbb42622b6fa775ac5.png','d87c4642d0206296477248d0c2a0c21d','7e312f3b5e2ed1b2c171fafbb42622b6fa775ac5'),(1074,'https://assets.mhw-db.com/armor/9302c4f1c1a21bfba8af62b65e577823.458aea30065d84f515c56ece9a1023b46ae23daf.png','9302c4f1c1a21bfba8af62b65e577823','458aea30065d84f515c56ece9a1023b46ae23daf'),(1075,'https://assets.mhw-db.com/armor/98c30b4db7220494da9a8bb4f463567c.4f0a54559d1f104cac7a9d05692001ef655c8abb.png','98c30b4db7220494da9a8bb4f463567c','4f0a54559d1f104cac7a9d05692001ef655c8abb'),(1076,'https://assets.mhw-db.com/armor/43ef2d9392d06193432e141b81ee7b04.5da00df3dbb591ec5b0009ff2c3d94fb908c6090.png','43ef2d9392d06193432e141b81ee7b04','5da00df3dbb591ec5b0009ff2c3d94fb908c6090'),(1077,'https://assets.mhw-db.com/armor/10bad437cd1e6e0877ee6cbf89ab1f3b.a07b843e10c401c61bc619aa38d6db076b29599e.png','10bad437cd1e6e0877ee6cbf89ab1f3b','a07b843e10c401c61bc619aa38d6db076b29599e'),(1078,'https://assets.mhw-db.com/armor/0fbd828f039fa239f2ee9574b17bba1a.c23a43640b1a560bb494233199e559e3b65a49c3.png','0fbd828f039fa239f2ee9574b17bba1a','c23a43640b1a560bb494233199e559e3b65a49c3'),(1079,'https://assets.mhw-db.com/armor/f6317cba435da54b37901556e9e8e5f1.187e995187b45a57391930e5b985b3bf43d58338.png','f6317cba435da54b37901556e9e8e5f1','187e995187b45a57391930e5b985b3bf43d58338'),(1080,'https://assets.mhw-db.com/armor/ad1ac164802af2471f2d1c096446d28f.cee7e2fed4f31b17a85bee27f7eaa60657a6ae92.png','ad1ac164802af2471f2d1c096446d28f','cee7e2fed4f31b17a85bee27f7eaa60657a6ae92'),(1081,'https://assets.mhw-db.com/armor/e21ac388444e92b084bf7a86a209cc29.1e19fed63f4f3246977fea4e2afcba61166e2a5b.png','e21ac388444e92b084bf7a86a209cc29','1e19fed63f4f3246977fea4e2afcba61166e2a5b'),(1082,'https://assets.mhw-db.com/armor/5db58efb7554bef0dd4cce067754faba.0ed03cda91c9810d19b992772ac7b3e80676e628.png','5db58efb7554bef0dd4cce067754faba','0ed03cda91c9810d19b992772ac7b3e80676e628'),(1083,'https://assets.mhw-db.com/armor/7c898e6539f42136915aee3013a62435.4e00f1241b2aaa5ccae7d1914a5bc3bb1b917c80.png','7c898e6539f42136915aee3013a62435','4e00f1241b2aaa5ccae7d1914a5bc3bb1b917c80'),(1084,'https://assets.mhw-db.com/armor/df01b974558249a28f113f4000c3a1d0.156ce52e00e4820820d250964737c4e7949d8b5b.png','df01b974558249a28f113f4000c3a1d0','156ce52e00e4820820d250964737c4e7949d8b5b'),(1085,'https://assets.mhw-db.com/armor/cd8ae22cfbec20760fe05bca8e021cc9.bcc7833fc99e8a744780ff5d52cbf2c99aa8b47d.png','cd8ae22cfbec20760fe05bca8e021cc9','bcc7833fc99e8a744780ff5d52cbf2c99aa8b47d'),(1086,'https://assets.mhw-db.com/armor/6a63f1b2cf63204cee13144aa3bfc05b.ddb913fa727d73e6b4f3bc0f5f7079f6fe8369fb.png','6a63f1b2cf63204cee13144aa3bfc05b','ddb913fa727d73e6b4f3bc0f5f7079f6fe8369fb'),(1087,'https://assets.mhw-db.com/armor/f8b4da59ef427f896a6a328346cb75c5.083bafbdc1f32fdb69879b074f5ce53d5b56ea74.png','f8b4da59ef427f896a6a328346cb75c5','083bafbdc1f32fdb69879b074f5ce53d5b56ea74'),(1088,'https://assets.mhw-db.com/armor/b1a1d3ef8ac666d6f49e5a9203e35ce3.0c04441156ac841556dceecd02d34ed6be1fd9fb.png','b1a1d3ef8ac666d6f49e5a9203e35ce3','0c04441156ac841556dceecd02d34ed6be1fd9fb'),(1089,'https://assets.mhw-db.com/armor/5136d99e2778e3318b09169d848ec94f.65478f690e4a96ebbc3f518b4e3b7884036d25b8.png','5136d99e2778e3318b09169d848ec94f','65478f690e4a96ebbc3f518b4e3b7884036d25b8'),(1090,'https://assets.mhw-db.com/armor/a6073356e9962c93ba4fd1faddbd0d2e.c5c9bcde8f9d966cb2a5bdb5e843be7fbe7b7a80.png','a6073356e9962c93ba4fd1faddbd0d2e','c5c9bcde8f9d966cb2a5bdb5e843be7fbe7b7a80'),(1091,'https://assets.mhw-db.com/armor/f054b8c91dab9a67f8b46a6cc5e81d3a.5299542d115531b5999d9304ca908924afcd58c7.png','f054b8c91dab9a67f8b46a6cc5e81d3a','5299542d115531b5999d9304ca908924afcd58c7'),(1092,'https://assets.mhw-db.com/armor/533a257cd701ef8e3289ff2ad22b5a58.725c2d4e38eba19152b0070815a5ccc481e7fb4c.png','533a257cd701ef8e3289ff2ad22b5a58','725c2d4e38eba19152b0070815a5ccc481e7fb4c'),(1093,'https://assets.mhw-db.com/armor/7de83ac67569a90fece286f26213e95b.82015b645a73918321a5c4b46eb01d33b42ffb62.png','7de83ac67569a90fece286f26213e95b','82015b645a73918321a5c4b46eb01d33b42ffb62'),(1094,'https://assets.mhw-db.com/armor/f43a5c292b369071efd4fa78e85b4c1d.3f41abb285f895cd10ff1ddc8dd66ac681817616.png','f43a5c292b369071efd4fa78e85b4c1d','3f41abb285f895cd10ff1ddc8dd66ac681817616'),(1095,'https://assets.mhw-db.com/armor/c0e6de11cac0439109ee3fcb5ca34304.e1045f93dc2a3aa270c382b6517c751b499fec4e.png','c0e6de11cac0439109ee3fcb5ca34304','e1045f93dc2a3aa270c382b6517c751b499fec4e'),(1096,'https://assets.mhw-db.com/armor/cdf839f9d8b0320068fac26076756a65.c56a4eda6f18451299fcbe80b25d041089536167.png','cdf839f9d8b0320068fac26076756a65','c56a4eda6f18451299fcbe80b25d041089536167'),(1097,'https://assets.mhw-db.com/armor/75b3b6ef06cbb08126b9a1ee68c4f891.0683deaa1084e920f413e8f9285f97d6ac87b303.png','75b3b6ef06cbb08126b9a1ee68c4f891','0683deaa1084e920f413e8f9285f97d6ac87b303'),(1098,'https://assets.mhw-db.com/armor/f00034f3291010ed8e61776815bb99ce.ecac24d24e037ee3921a10b24d231b9a1faa5959.png','f00034f3291010ed8e61776815bb99ce','ecac24d24e037ee3921a10b24d231b9a1faa5959'),(1099,'https://assets.mhw-db.com/armor/eb75ffde3260ba78eff6fbb3915a8fc0.e37733382450f0ac272a7e792cd54207e9b966ac.png','eb75ffde3260ba78eff6fbb3915a8fc0','e37733382450f0ac272a7e792cd54207e9b966ac'),(1100,'https://assets.mhw-db.com/armor/94661124262d9d316c61989b6becb5af.822593017455e42f75db1f30e4a3706b6cb30ed6.png','94661124262d9d316c61989b6becb5af','822593017455e42f75db1f30e4a3706b6cb30ed6'),(1101,'https://assets.mhw-db.com/armor/ccdac85bbbf07edce1f9b3ff61ada48a.1cec3e5d35ea0375d17f2b43b293df48971f78cb.png','ccdac85bbbf07edce1f9b3ff61ada48a','1cec3e5d35ea0375d17f2b43b293df48971f78cb'),(1102,'https://assets.mhw-db.com/armor/29ddaf1bbd63f6dfdd27907d82542cbb.603ed5bcb1894e8edcd4ca42a2720c9e153bc772.png','29ddaf1bbd63f6dfdd27907d82542cbb','603ed5bcb1894e8edcd4ca42a2720c9e153bc772'),(1103,'https://assets.mhw-db.com/armor/98a1677bc20b3e89ee2144c910674a22.08bf85e2bc54b6780deb90d8773de9232f056820.png','98a1677bc20b3e89ee2144c910674a22','08bf85e2bc54b6780deb90d8773de9232f056820'),(1104,'https://assets.mhw-db.com/armor/d43f7fc73708824b663e2f9d712eff9e.da766537563a4ef6e1bd11ba38b62dbcefb3b708.png','d43f7fc73708824b663e2f9d712eff9e','da766537563a4ef6e1bd11ba38b62dbcefb3b708'),(1105,'https://assets.mhw-db.com/armor/92d10b8bcd931438a7c5887c72c364df.e921230b95fdfa69d98c22b2ebbe11dd1afe8d14.png','92d10b8bcd931438a7c5887c72c364df','e921230b95fdfa69d98c22b2ebbe11dd1afe8d14'),(1106,'https://assets.mhw-db.com/armor/0ad2a2ddadcd5f7860d473ef7dea7b64.ff6012bdc5a2bcf38fb5501812ff74c99cf06b41.png','0ad2a2ddadcd5f7860d473ef7dea7b64','ff6012bdc5a2bcf38fb5501812ff74c99cf06b41'),(1107,'https://assets.mhw-db.com/armor/2a1481a7982dbe03bdc5a48e2bece4bd.ef242c14258acdab5b216ec1991bf42c75b044e0.png','2a1481a7982dbe03bdc5a48e2bece4bd','ef242c14258acdab5b216ec1991bf42c75b044e0'),(1108,'https://assets.mhw-db.com/armor/4aeed9c311fda1d73198c6e378e33d3f.a401d37ff529470e64d4c7a4cb7376f4a4c1d4a9.png','4aeed9c311fda1d73198c6e378e33d3f','a401d37ff529470e64d4c7a4cb7376f4a4c1d4a9'),(1109,'https://assets.mhw-db.com/armor/575c2b3b7fe91564c242fab86db43175.1821a6790c9e257755045389b036a9e205bf13ed.png','575c2b3b7fe91564c242fab86db43175','1821a6790c9e257755045389b036a9e205bf13ed'),(1110,'https://assets.mhw-db.com/armor/306ff17ec562c75e976d76f162431e79.fcf0b17916e05e2f1d9c812dc018b44809a452fe.png','306ff17ec562c75e976d76f162431e79','fcf0b17916e05e2f1d9c812dc018b44809a452fe'),(1111,'https://assets.mhw-db.com/armor/87a18cd4f609a72490e4127e89c58a7e.58bf8217eb1be6ea3f555fdc6309473e61801c2b.png','87a18cd4f609a72490e4127e89c58a7e','58bf8217eb1be6ea3f555fdc6309473e61801c2b'),(1112,'https://assets.mhw-db.com/armor/262348ae9ae638593363c5eeddfa63e7.77d44342fab59e8f4ac487ac7f210b8532232916.png','262348ae9ae638593363c5eeddfa63e7','77d44342fab59e8f4ac487ac7f210b8532232916'),(1113,'https://assets.mhw-db.com/armor/7802afe102ef068f7ef2903011a035cb.50b16b4f62ec8cf95b4d367d707965667c78e99a.png','7802afe102ef068f7ef2903011a035cb','50b16b4f62ec8cf95b4d367d707965667c78e99a'),(1114,'https://assets.mhw-db.com/armor/e1a327d88302bcad584326e5a993c999.d8f2d16ae2487d72a59c0dff4fe4808bbce07059.png','e1a327d88302bcad584326e5a993c999','d8f2d16ae2487d72a59c0dff4fe4808bbce07059'),(1115,'https://assets.mhw-db.com/armor/6290708b9412c7bbd6a72fa5813926c4.9d77390c3b958488936ffb612ba8989445fcd880.png','6290708b9412c7bbd6a72fa5813926c4','9d77390c3b958488936ffb612ba8989445fcd880'),(1116,'https://assets.mhw-db.com/armor/78cfbfe3f35fa189dcde6fe0f1077b95.bff612fae768bd69baba97ab10c50d35859e50d7.png','78cfbfe3f35fa189dcde6fe0f1077b95','bff612fae768bd69baba97ab10c50d35859e50d7'),(1117,'https://assets.mhw-db.com/armor/932cc7e869263caa2a878218723c98da.e326251901d8eee4b98d7548c724d827e234e749.png','932cc7e869263caa2a878218723c98da','e326251901d8eee4b98d7548c724d827e234e749'),(1118,'https://assets.mhw-db.com/armor/0240bac539e2cf950a54a218291db4e7.f0bd30376219d8ab080a0ce35c89b3dd210bbebf.png','0240bac539e2cf950a54a218291db4e7','f0bd30376219d8ab080a0ce35c89b3dd210bbebf'),(1119,'https://assets.mhw-db.com/armor/ed312a86023be20e4fb8c5f2f345c956.e296668cd7f400365e69efa72dd54fd58e92165e.png','ed312a86023be20e4fb8c5f2f345c956','e296668cd7f400365e69efa72dd54fd58e92165e'),(1120,'https://assets.mhw-db.com/armor/ed2157ed1589712443a39e2c5135b968.6bb6a2d270b3733b70dfed4f2e64532b917dc76a.png','ed2157ed1589712443a39e2c5135b968','6bb6a2d270b3733b70dfed4f2e64532b917dc76a'),(1121,'https://assets.mhw-db.com/armor/1eb0c9c29d0bc0ba12b962ade7569891.84361af50f8b2a0fdd0f9987f05eaa6497db5e13.png','1eb0c9c29d0bc0ba12b962ade7569891','84361af50f8b2a0fdd0f9987f05eaa6497db5e13'),(1122,'https://assets.mhw-db.com/armor/abfeb17ec539dfadb9feaed60759961c.6e598a372208c5ee00cd2aa27b3d85b3e5a09be4.png','abfeb17ec539dfadb9feaed60759961c','6e598a372208c5ee00cd2aa27b3d85b3e5a09be4'),(1123,'https://assets.mhw-db.com/armor/14906c2ddaf060bf9dcdf65a38d5d71f.2b989047608babdeafa3e0b4f9c0cf0483f9f126.png','14906c2ddaf060bf9dcdf65a38d5d71f','2b989047608babdeafa3e0b4f9c0cf0483f9f126'),(1124,'https://assets.mhw-db.com/armor/fa30d9720c6661f78c45f303530fbd2c.3ca012e95f0fdbee3ca0dc86cc308d2fa5d6e737.png','fa30d9720c6661f78c45f303530fbd2c','3ca012e95f0fdbee3ca0dc86cc308d2fa5d6e737'),(1125,'https://assets.mhw-db.com/armor/51c6317e122c0e7e43042102445a484a.591b783f11c7a71c2375c9dcdf3ebda75ccbd3b3.png','51c6317e122c0e7e43042102445a484a','591b783f11c7a71c2375c9dcdf3ebda75ccbd3b3'),(1126,'https://assets.mhw-db.com/armor/afd3777d7e46f321cb5da8abb5b19acc.d816f82614c23b1b5dc4cab5c13baa813276bdc6.png','afd3777d7e46f321cb5da8abb5b19acc','d816f82614c23b1b5dc4cab5c13baa813276bdc6'),(1127,'https://assets.mhw-db.com/armor/d479a7a827ade82029ab5fd05d76f4bd.25fdc7e8cbe4b148fb980049f570b05f8c7e1548.png','d479a7a827ade82029ab5fd05d76f4bd','25fdc7e8cbe4b148fb980049f570b05f8c7e1548'),(1128,'https://assets.mhw-db.com/armor/003ede126cdb5539b47aa0194dc96aa4.a4ddb4eb35aca42d4956ae22c672d3c5766e0191.png','003ede126cdb5539b47aa0194dc96aa4','a4ddb4eb35aca42d4956ae22c672d3c5766e0191'),(1129,'https://assets.mhw-db.com/armor/4b42a0f103de9dd804cf01d356f6e7b0.635cc88a008873c56336cee6825e0d709059337b.png','4b42a0f103de9dd804cf01d356f6e7b0','635cc88a008873c56336cee6825e0d709059337b'),(1130,'https://assets.mhw-db.com/armor/18535ccd6b942aa2b4bd5e61742fb01a.754c51bb7f77f4eabe0ae6ec1c43e4f1715a3f8d.png','18535ccd6b942aa2b4bd5e61742fb01a','754c51bb7f77f4eabe0ae6ec1c43e4f1715a3f8d'),(1131,'https://assets.mhw-db.com/armor/864584c868069948627388705b8366ac.78ee1ad745d459559f8f3d9b42ab92aaf0475556.png','864584c868069948627388705b8366ac','78ee1ad745d459559f8f3d9b42ab92aaf0475556'),(1132,'https://assets.mhw-db.com/armor/2e34dc2e34d13abb71e543243adfbf35.d18ef62a5171d39943808d940ddbe7fe5f6bf50d.png','2e34dc2e34d13abb71e543243adfbf35','d18ef62a5171d39943808d940ddbe7fe5f6bf50d'),(1133,'https://assets.mhw-db.com/armor/f57a9ddfadb6cbe676a42fcd471cf552.e7050b0a01d9411a534c1608dcd3da2ae2ed544b.png','f57a9ddfadb6cbe676a42fcd471cf552','e7050b0a01d9411a534c1608dcd3da2ae2ed544b'),(1134,'https://assets.mhw-db.com/armor/ed4beee490e0c86a0f9830347f60f430.9881346a7d31773c49a683b5798ac81285d5b04c.png','ed4beee490e0c86a0f9830347f60f430','9881346a7d31773c49a683b5798ac81285d5b04c'),(1135,'https://assets.mhw-db.com/armor/dfd8e985f6cc24bd623f0a07eb2e32c0.3ec2f182c85e7f1f5dc0d9aa9e30e24649c8a48d.png','dfd8e985f6cc24bd623f0a07eb2e32c0','3ec2f182c85e7f1f5dc0d9aa9e30e24649c8a48d'),(1136,'https://assets.mhw-db.com/armor/7ee408059b6f6eb62f7fde314e33b1df.ae51cd8d1e32d8efe4919d5e466739b57382212f.png','7ee408059b6f6eb62f7fde314e33b1df','ae51cd8d1e32d8efe4919d5e466739b57382212f'),(1137,'https://assets.mhw-db.com/armor/51466f76e29b7b4674f27d60fcd1713c.d36b34fc0ee581f2a9da39ac54811a48f9e8165e.png','51466f76e29b7b4674f27d60fcd1713c','d36b34fc0ee581f2a9da39ac54811a48f9e8165e'),(1138,'https://assets.mhw-db.com/armor/92fda33dbb5c4e5425bb6ef662919d5c.845d577364c522cdd305892cdbaf6c2f7f82e49a.png','92fda33dbb5c4e5425bb6ef662919d5c','845d577364c522cdd305892cdbaf6c2f7f82e49a'),(1139,'https://assets.mhw-db.com/armor/c470647d7a0a6f7890231905af89d904.2cc38f38ace0cd3f4589c674e0ff6415a158cfd9.png','c470647d7a0a6f7890231905af89d904','2cc38f38ace0cd3f4589c674e0ff6415a158cfd9'),(1140,'https://assets.mhw-db.com/armor/30c106d1c9b3fdb186741ff9042741aa.4d9cc940f3f4c0d4fe01b1872202b5a840bbd408.png','30c106d1c9b3fdb186741ff9042741aa','4d9cc940f3f4c0d4fe01b1872202b5a840bbd408'),(1141,'https://assets.mhw-db.com/armor/03191ebd0cfcc5a1bf9540a39f77c4e2.85d92fc8a7eae995a09698c97db38a5b4c47b3fc.png','03191ebd0cfcc5a1bf9540a39f77c4e2','85d92fc8a7eae995a09698c97db38a5b4c47b3fc'),(1142,'https://assets.mhw-db.com/armor/3056a391f053a4bfa96fa3a84e837e24.87acb4d99d2af83fc1695250feb66def4a93a72c.png','3056a391f053a4bfa96fa3a84e837e24','87acb4d99d2af83fc1695250feb66def4a93a72c'),(1143,'https://assets.mhw-db.com/armor/69d7ed48f8b2f84865ed0cbd63cc7d9a.04bdc393beaf75136925935c0b25daf45c2505fc.png','69d7ed48f8b2f84865ed0cbd63cc7d9a','04bdc393beaf75136925935c0b25daf45c2505fc'),(1144,'https://assets.mhw-db.com/armor/80784f70fb14d92ac9657182628c9945.3667ac8e8b90cf8b5d56a76546673c3a588f5c00.png','80784f70fb14d92ac9657182628c9945','3667ac8e8b90cf8b5d56a76546673c3a588f5c00'),(1145,'https://assets.mhw-db.com/armor/a7fb59f2d72850cc640a26ef950fdfc3.518e650843acdc2d235ffcb73ce5253e2d3a87a3.png','a7fb59f2d72850cc640a26ef950fdfc3','518e650843acdc2d235ffcb73ce5253e2d3a87a3'),(1146,'https://assets.mhw-db.com/armor/b6b01c79205e169ca38eafa6141c79d4.8486c87541511b8b003b5f730cc3458ec392a1ef.png','b6b01c79205e169ca38eafa6141c79d4','8486c87541511b8b003b5f730cc3458ec392a1ef'),(1147,'https://assets.mhw-db.com/armor/4dcc685ff413d55cbd9a88bf4eeb17ce.140f33ef1293f0f88507938398afa520eb16eebb.png','4dcc685ff413d55cbd9a88bf4eeb17ce','140f33ef1293f0f88507938398afa520eb16eebb'),(1148,'https://assets.mhw-db.com/armor/9f3fa37bed1ee8bc90b996dee51e3294.935ad21d5a283bdf963e92f1b5681cb48991e3df.png','9f3fa37bed1ee8bc90b996dee51e3294','935ad21d5a283bdf963e92f1b5681cb48991e3df'),(1149,'https://assets.mhw-db.com/armor/ee9db49c9fc57d4ae36d4d7ec4d9da20.d7e08ba669b6ebde9559f4b88baa7c791e147485.png','ee9db49c9fc57d4ae36d4d7ec4d9da20','d7e08ba669b6ebde9559f4b88baa7c791e147485'),(1150,'https://assets.mhw-db.com/armor/04495ad90df3cdc07b8b4170dff83baa.3f7af36e4e4094930ffaa4c122c66955d2b4adc8.png','04495ad90df3cdc07b8b4170dff83baa','3f7af36e4e4094930ffaa4c122c66955d2b4adc8'),(1151,'https://assets.mhw-db.com/armor/cfa41a2f305c8476f14e5d94541a3977.8e1748dffc6a2abf670bf256c3d7c53dc86c4d13.png','cfa41a2f305c8476f14e5d94541a3977','8e1748dffc6a2abf670bf256c3d7c53dc86c4d13'),(1152,'https://assets.mhw-db.com/armor/6b04538e4d152b875462dd68bfe77553.96cb9495d12be5c1c06382154c1dc030dfd501a6.png','6b04538e4d152b875462dd68bfe77553','96cb9495d12be5c1c06382154c1dc030dfd501a6'),(1153,'https://assets.mhw-db.com/armor/b7575fc4b7f0d5807d212c3238f5ff4c.182b5e343545bd86030eb07d906a4d3ae91f2996.png','b7575fc4b7f0d5807d212c3238f5ff4c','182b5e343545bd86030eb07d906a4d3ae91f2996'),(1154,'https://assets.mhw-db.com/armor/d60d3a4ea28f26fb07b35323c2b00467.3422b8b155f027a50d486f36a19384b72c163eec.png','d60d3a4ea28f26fb07b35323c2b00467','3422b8b155f027a50d486f36a19384b72c163eec'),(1155,'https://assets.mhw-db.com/armor/df19644df997b4a668a56aa9868d9c00.80b896abe938dc8f2985c219e42a33cb4f79cfa6.png','df19644df997b4a668a56aa9868d9c00','80b896abe938dc8f2985c219e42a33cb4f79cfa6'),(1156,'https://assets.mhw-db.com/armor/381e1a3e4727797a9397838bdf69ea4e.e6a539c80046fb70abe15e595f3abfed858fb03b.png','381e1a3e4727797a9397838bdf69ea4e','e6a539c80046fb70abe15e595f3abfed858fb03b'),(1157,'https://assets.mhw-db.com/armor/4d8f616f07cc7d96768bde1368a5166b.44a052a9436c575d83c2db2309ea2df631cf6e10.png','4d8f616f07cc7d96768bde1368a5166b','44a052a9436c575d83c2db2309ea2df631cf6e10'),(1158,'https://assets.mhw-db.com/armor/804b177aea02fcddc9316a77ff2b64fa.b52dec8296832034c48b1bc5b72fde704d6705cd.png','804b177aea02fcddc9316a77ff2b64fa','b52dec8296832034c48b1bc5b72fde704d6705cd'),(1159,'https://assets.mhw-db.com/armor/58d94534dd5d5d2d571c095004ea90dd.9889ce20d155ae77b1125ba93ce6b29c4bcb4e11.png','58d94534dd5d5d2d571c095004ea90dd','9889ce20d155ae77b1125ba93ce6b29c4bcb4e11'),(1160,'https://assets.mhw-db.com/armor/1eb938aef932a92f653f902219e41ff8.4e713209370cb3106f80b7359759f6efdac6b192.png','1eb938aef932a92f653f902219e41ff8','4e713209370cb3106f80b7359759f6efdac6b192'),(1161,'https://assets.mhw-db.com/armor/334e5a8966b7ef20db0613b76423304e.e35a851ef8912b9a280987a6ba1a9c4b3ff52af5.png','334e5a8966b7ef20db0613b76423304e','e35a851ef8912b9a280987a6ba1a9c4b3ff52af5'),(1162,'https://assets.mhw-db.com/armor/368c705e731eec1754a6151afb41abff.b603118010df3bff30a72f8df2a58c709b4c37df.png','368c705e731eec1754a6151afb41abff','b603118010df3bff30a72f8df2a58c709b4c37df'),(1163,'https://assets.mhw-db.com/armor/df57f6c7764926fd211752ba53aca73b.886298f034fffe7d5b7e6eb0278d9896ce303b75.png','df57f6c7764926fd211752ba53aca73b','886298f034fffe7d5b7e6eb0278d9896ce303b75'),(1164,'https://assets.mhw-db.com/armor/37b17cfa9fb9ca79d47eb831c8813e83.3a8ceff5645249a281fd86c254abddc5dcf0e7b8.png','37b17cfa9fb9ca79d47eb831c8813e83','3a8ceff5645249a281fd86c254abddc5dcf0e7b8'),(1165,'https://assets.mhw-db.com/armor/4b071f2fe579ec41d71fa087b41f2466.2a826c68bc0776d7e8a4ca6320419a58ecdf4f15.png','4b071f2fe579ec41d71fa087b41f2466','2a826c68bc0776d7e8a4ca6320419a58ecdf4f15'),(1166,'https://assets.mhw-db.com/armor/208085805c2d51d501c9beefd7f0e801.533ca6a5ba24c97faec02c03e63b765caf0f584c.png','208085805c2d51d501c9beefd7f0e801','533ca6a5ba24c97faec02c03e63b765caf0f584c'),(1167,'https://assets.mhw-db.com/armor/85a2c6c4e21d78a1d5afc5028fd985bf.8217146183f37951746fe27cac7728cf504c8018.png','85a2c6c4e21d78a1d5afc5028fd985bf','8217146183f37951746fe27cac7728cf504c8018'),(1168,'https://assets.mhw-db.com/armor/c7f9375b59af89473a64967cf5292581.eba464db62b3bb1b58a745b5a7e57dae7e84a16d.png','c7f9375b59af89473a64967cf5292581','eba464db62b3bb1b58a745b5a7e57dae7e84a16d'),(1169,'https://assets.mhw-db.com/armor/96debd6139ed3607dabfd13f549affd9.766118adbfb4ff76aea4f9a57d186945ecdec536.png','96debd6139ed3607dabfd13f549affd9','766118adbfb4ff76aea4f9a57d186945ecdec536'),(1170,'https://assets.mhw-db.com/armor/7c4d720522db2d69a07f1c7cae1cc85b.bdf71f8090ef300d326d7d7482e1dc5222ad06b6.png','7c4d720522db2d69a07f1c7cae1cc85b','bdf71f8090ef300d326d7d7482e1dc5222ad06b6'),(1171,'https://assets.mhw-db.com/armor/1d0949bc246dbaac16c955cd3edf2ee3.671b5c9336bdf05945eac18783ce2807a57aecb6.png','1d0949bc246dbaac16c955cd3edf2ee3','671b5c9336bdf05945eac18783ce2807a57aecb6'),(1172,'https://assets.mhw-db.com/armor/538d75b6c74db1eefefe17f447175499.8a3065aa1a1fb1508f05cb29cfa169571157024c.png','538d75b6c74db1eefefe17f447175499','8a3065aa1a1fb1508f05cb29cfa169571157024c'),(1173,'https://assets.mhw-db.com/armor/5875ef995f47c9457ff48f5928804928.bd2b1d93183f6659ffe2b451849ba6ecc5a856d7.png','5875ef995f47c9457ff48f5928804928','bd2b1d93183f6659ffe2b451849ba6ecc5a856d7'),(1174,'https://assets.mhw-db.com/armor/c4bf6b5728801bcb9fb06ef3f585ba89.14f7d5e99a9bb0e4bb4e18f3652e9e9c2f2dc2dd.png','c4bf6b5728801bcb9fb06ef3f585ba89','14f7d5e99a9bb0e4bb4e18f3652e9e9c2f2dc2dd'),(1175,'https://assets.mhw-db.com/armor/ff6673b74ddf4aff7b6b063383f3355a.92e53be39c3dbb38b4091bc79e652f73978b4255.png','ff6673b74ddf4aff7b6b063383f3355a','92e53be39c3dbb38b4091bc79e652f73978b4255'),(1176,'https://assets.mhw-db.com/armor/bdadd7022d9bbf0f2c478892a15160d5.72a491ff030d5d4f8e21b2cfbad5bfdb5aad7f1f.png','bdadd7022d9bbf0f2c478892a15160d5','72a491ff030d5d4f8e21b2cfbad5bfdb5aad7f1f'),(1177,'https://assets.mhw-db.com/armor/5cbd006e7bcaa1a2387a531075256b11.d446c5a3cea40b332ac15355cb7ee5398d893865.png','5cbd006e7bcaa1a2387a531075256b11','d446c5a3cea40b332ac15355cb7ee5398d893865'),(1178,'https://assets.mhw-db.com/armor/754939369476f3717c08b67ed5ba38da.3987363fe1b26ee44acd5a4db56d10f0e96d92c6.png','754939369476f3717c08b67ed5ba38da','3987363fe1b26ee44acd5a4db56d10f0e96d92c6'),(1179,'https://assets.mhw-db.com/armor/293001c736ec2676ee1870f19e4aa308.a47f5abb065ec996552b4f198922489277a8446d.png','293001c736ec2676ee1870f19e4aa308','a47f5abb065ec996552b4f198922489277a8446d'),(1180,'https://assets.mhw-db.com/armor/c11c8844b85ca6e2db34d1adcf4b5cfc.640bb789a748d73ba815c80cdd0f4e45e9f19f39.png','c11c8844b85ca6e2db34d1adcf4b5cfc','640bb789a748d73ba815c80cdd0f4e45e9f19f39'),(1181,'https://assets.mhw-db.com/armor/8a3e1a4ce612707d14c91e9451c9ea29.e8c57fb2354f4f2b15b48aea0515fd62a4b31424.png','8a3e1a4ce612707d14c91e9451c9ea29','e8c57fb2354f4f2b15b48aea0515fd62a4b31424'),(1182,'https://assets.mhw-db.com/armor/0618e204f91a5a8c9e0b9ef279576410.bd0a405864a06d5550c2010baa107e45c3d1ff67.png','0618e204f91a5a8c9e0b9ef279576410','bd0a405864a06d5550c2010baa107e45c3d1ff67'),(1183,'https://assets.mhw-db.com/armor/e853c1631813c8a816edc16d37a5bbb1.b8bca3ff1edb1a3bb89511403898bc41540cce13.png','e853c1631813c8a816edc16d37a5bbb1','b8bca3ff1edb1a3bb89511403898bc41540cce13'),(1184,'https://assets.mhw-db.com/armor/d3fc94d83f73bbe9655a3ee072306376.023a83d33434f19873e8a17b573f7891cc89249c.png','d3fc94d83f73bbe9655a3ee072306376','023a83d33434f19873e8a17b573f7891cc89249c'),(1185,'https://assets.mhw-db.com/armor/157a90efa134f0a47bdbb3bc01784a1f.7e0cc41a5e418e95b8ee7b217786206d2863e40b.png','157a90efa134f0a47bdbb3bc01784a1f','7e0cc41a5e418e95b8ee7b217786206d2863e40b'),(1186,'https://assets.mhw-db.com/armor/d508609ef1fba7b7acc2f3e7b817fdce.daee333a00b4e994ccbf048c35a7b17731767e2f.png','d508609ef1fba7b7acc2f3e7b817fdce','daee333a00b4e994ccbf048c35a7b17731767e2f'),(1187,'https://assets.mhw-db.com/armor/c4744cd4a4611d45847b3929a800dcb5.18bec17c841eca41b04dd79e7dede62c2a179361.png','c4744cd4a4611d45847b3929a800dcb5','18bec17c841eca41b04dd79e7dede62c2a179361'),(1188,'https://assets.mhw-db.com/armor/ab0b3c0048604626e09c2e54e58ad02a.02ba9f9f9b7e454c0334e942e5f86ab3e96b53e8.png','ab0b3c0048604626e09c2e54e58ad02a','02ba9f9f9b7e454c0334e942e5f86ab3e96b53e8'),(1189,'https://assets.mhw-db.com/armor/5524cae204e399104b5d3616526c7a03.b423f4d559e68f485f6b8cbc5cd82bad99c077f1.png','5524cae204e399104b5d3616526c7a03','b423f4d559e68f485f6b8cbc5cd82bad99c077f1'),(1190,'https://assets.mhw-db.com/armor/a146268eac1887b56ab7633ab859c3e7.368d619f55cf591e5075df38f6f3c04c76caa52b.png','a146268eac1887b56ab7633ab859c3e7','368d619f55cf591e5075df38f6f3c04c76caa52b'),(1191,'https://assets.mhw-db.com/armor/95244020960fd938a420c025735844d3.dd0fc583afc0ef799647854ae8a8775298415230.png','95244020960fd938a420c025735844d3','dd0fc583afc0ef799647854ae8a8775298415230'),(1192,'https://assets.mhw-db.com/armor/db57036e2af6855f72ff48c34e5882ce.a51ded611d7eef7dfff6c1b603c55ea17d0d9f83.png','db57036e2af6855f72ff48c34e5882ce','a51ded611d7eef7dfff6c1b603c55ea17d0d9f83'),(1193,'https://assets.mhw-db.com/armor/6866aab1017aa759f1b0fc2f66d56bfb.a729ff2aee364c2c770f78d13f1100e92b8244ac.png','6866aab1017aa759f1b0fc2f66d56bfb','a729ff2aee364c2c770f78d13f1100e92b8244ac'),(1194,'https://assets.mhw-db.com/armor/c240388503b010d9558ccb340e3415d8.8902dcf44ff5ce56b0d5a7600e8c5067d3676c13.png','c240388503b010d9558ccb340e3415d8','8902dcf44ff5ce56b0d5a7600e8c5067d3676c13'),(1195,'https://assets.mhw-db.com/armor/e891dc9cc5bcb2c79ccc6d78ae98191e.cdc8ca2558cd9b31d530cfbaaf3bd78007cdc641.png','e891dc9cc5bcb2c79ccc6d78ae98191e','cdc8ca2558cd9b31d530cfbaaf3bd78007cdc641'),(1196,'https://assets.mhw-db.com/armor/98e3d7f938550a277ce0c53750353030.62576f50a565c1e5e5707481f5650ebdd0c46414.png','98e3d7f938550a277ce0c53750353030','62576f50a565c1e5e5707481f5650ebdd0c46414'),(1197,'https://assets.mhw-db.com/armor/f8a486aeb3f8642bd0662e8af3273e8d.b7cf70bde7d3ef8a576b615b8f1a88fd7747e0f2.png','f8a486aeb3f8642bd0662e8af3273e8d','b7cf70bde7d3ef8a576b615b8f1a88fd7747e0f2'),(1198,'https://assets.mhw-db.com/armor/cf7a4bc5546c0459d561cdd248702e3a.baca36f137d7a7cd43ed6675d3204041dce7eb96.png','cf7a4bc5546c0459d561cdd248702e3a','baca36f137d7a7cd43ed6675d3204041dce7eb96'),(1199,'https://assets.mhw-db.com/armor/b558d493942abc813ff551e8b4c8b517.15331a4d55073179b708dbbebc0384ac8955d138.png','b558d493942abc813ff551e8b4c8b517','15331a4d55073179b708dbbebc0384ac8955d138'),(1200,'https://assets.mhw-db.com/armor/5c4684e152371339ef918eb0f27160cd.f723e23c1b201746b272c7e7475c9155e979cd80.png','5c4684e152371339ef918eb0f27160cd','f723e23c1b201746b272c7e7475c9155e979cd80'),(1201,'https://assets.mhw-db.com/armor/7576ceff25e879b7cf8d3ac06edba6f6.69de9b5b5ed707d20c0b32010d382c7a26ceb751.png','7576ceff25e879b7cf8d3ac06edba6f6','69de9b5b5ed707d20c0b32010d382c7a26ceb751'),(1202,'https://assets.mhw-db.com/armor/6280d3f9934de96727afedac1e363857.b0eadbab42d59e50da332adf2ca8eb8383880b92.png','6280d3f9934de96727afedac1e363857','b0eadbab42d59e50da332adf2ca8eb8383880b92'),(1203,'https://assets.mhw-db.com/armor/a0b3c181308b60c5e54e03e3453a42c9.3292ba038fb6fecb3b1d485cdd1ab5efbc4f6eca.png','a0b3c181308b60c5e54e03e3453a42c9','3292ba038fb6fecb3b1d485cdd1ab5efbc4f6eca'),(1204,'https://assets.mhw-db.com/armor/87fd23c3cedbe03a05e4a74d341d9dee.e69be94d0564219a3a8979e49e0521fedf74d4db.png','87fd23c3cedbe03a05e4a74d341d9dee','e69be94d0564219a3a8979e49e0521fedf74d4db'),(1205,'https://assets.mhw-db.com/armor/69439ec6a1aa06a1fb1855e78613c992.cd5a4f89607c3d83e70cd0b7467c14ead10b14e5.png','69439ec6a1aa06a1fb1855e78613c992','cd5a4f89607c3d83e70cd0b7467c14ead10b14e5'),(1206,'https://assets.mhw-db.com/armor/a3a8e3abba9a94bc21b1aa4275101369.2f15dcff1b8b0557b93599ef1717396a70ead894.png','a3a8e3abba9a94bc21b1aa4275101369','2f15dcff1b8b0557b93599ef1717396a70ead894'),(1207,'https://assets.mhw-db.com/armor/384cfc8b0ad1dbbe4b518432e5a337f7.113d619c8a96fd41ec65acff136a213255ba41a8.png','384cfc8b0ad1dbbe4b518432e5a337f7','113d619c8a96fd41ec65acff136a213255ba41a8'),(1208,'https://assets.mhw-db.com/armor/982ded0a1defd6b5c045797668a89f3e.96b96cfb2b7b2e0b6396e57c5086667aa22a4696.png','982ded0a1defd6b5c045797668a89f3e','96b96cfb2b7b2e0b6396e57c5086667aa22a4696'),(1209,'https://assets.mhw-db.com/armor/91a48aa74f733e1812247d963274dda8.8da47d370fa1f0fdd83bd3030008d06f11a24346.png','91a48aa74f733e1812247d963274dda8','8da47d370fa1f0fdd83bd3030008d06f11a24346'),(1210,'https://assets.mhw-db.com/armor/52c457ae025b21ed1141e023f11905de.19a6eabce468cfdaeb57e21d65394f375ffcee0b.png','52c457ae025b21ed1141e023f11905de','19a6eabce468cfdaeb57e21d65394f375ffcee0b'),(1211,'https://assets.mhw-db.com/armor/9a79eb771c91280d6736f15c17b62ef4.5dafb2c76802aff08283da89399a0990851c42fd.png','9a79eb771c91280d6736f15c17b62ef4','5dafb2c76802aff08283da89399a0990851c42fd'),(1212,'https://assets.mhw-db.com/armor/c4a1f874b6228afbfeab002570b4033a.61e763b34cc5c7fc417144ecac72734cca9c4611.png','c4a1f874b6228afbfeab002570b4033a','61e763b34cc5c7fc417144ecac72734cca9c4611'),(1213,'https://assets.mhw-db.com/armor/cb314acf0dcd66d78466ffb1b21d3a6f.3049cd9c19ecc0715849e381a7cb769a981cb819.png','cb314acf0dcd66d78466ffb1b21d3a6f','3049cd9c19ecc0715849e381a7cb769a981cb819'),(1214,'https://assets.mhw-db.com/armor/3b0b409825fa3c48082a65c40a38575b.5d288c31fef143216bd1a1cb201a5cef8fdf810a.png','3b0b409825fa3c48082a65c40a38575b','5d288c31fef143216bd1a1cb201a5cef8fdf810a'),(1215,'https://assets.mhw-db.com/armor/86658704c1755085637288c93c5719b6.2a9dad0b5b240382cbaa97cfe3d51fb5678e8f49.png','86658704c1755085637288c93c5719b6','2a9dad0b5b240382cbaa97cfe3d51fb5678e8f49'),(1216,'https://assets.mhw-db.com/armor/b408e481a7410f223cccd6c3c1c29c1b.df03df6bd4418f4f41bb8cb1f5ae82686ec99aee.png','b408e481a7410f223cccd6c3c1c29c1b','df03df6bd4418f4f41bb8cb1f5ae82686ec99aee'),(1217,'https://assets.mhw-db.com/armor/c4902bf3f8338b6e3c6ecd93cb49a1d4.0a1fa503fa52ed7ca9c73c9a170dd5382edf7f9b.png','c4902bf3f8338b6e3c6ecd93cb49a1d4','0a1fa503fa52ed7ca9c73c9a170dd5382edf7f9b'),(1218,'https://assets.mhw-db.com/armor/27f9d90f75c07c82da35e883d3f5e4d4.ddeae4faaa77bfec3530bf9b0a86a82a00548fa2.png','27f9d90f75c07c82da35e883d3f5e4d4','ddeae4faaa77bfec3530bf9b0a86a82a00548fa2'),(1219,'https://assets.mhw-db.com/armor/57404f1ed319fd13095ecc4cc088592a.5c483d643bd4cb4a72bad85ded34d478663fb9fb.png','57404f1ed319fd13095ecc4cc088592a','5c483d643bd4cb4a72bad85ded34d478663fb9fb'),(1220,'https://assets.mhw-db.com/armor/cc217e6f0a8c042cb565977b7257839b.9f12b1d1f2ed71f00707f915b91b5ddf4e9f02a0.png','cc217e6f0a8c042cb565977b7257839b','9f12b1d1f2ed71f00707f915b91b5ddf4e9f02a0'),(1221,'https://assets.mhw-db.com/armor/2af815f9647e73369730fbec376f2dec.90cfff3cb1664a51c17a76e5a7b8c05a3d62c9c4.png','2af815f9647e73369730fbec376f2dec','90cfff3cb1664a51c17a76e5a7b8c05a3d62c9c4'),(1222,'https://assets.mhw-db.com/armor/6ac41e29eeda0470417de8566f67c7da.9ec334f0ba3001572d4dd8ff82ab56f109c9034f.png','6ac41e29eeda0470417de8566f67c7da','9ec334f0ba3001572d4dd8ff82ab56f109c9034f'),(1223,'https://assets.mhw-db.com/armor/4f0ae4e3b959c57b6a37616ada29080d.af17c6c86d5b4d0d34d432f1eb62db18ba68b4e3.png','4f0ae4e3b959c57b6a37616ada29080d','af17c6c86d5b4d0d34d432f1eb62db18ba68b4e3'),(1224,'https://assets.mhw-db.com/armor/161d68228260e71da97ae80a7e76ab3c.076a5af0e98325fadbe18c34cbf5f8506600aeb2.png','161d68228260e71da97ae80a7e76ab3c','076a5af0e98325fadbe18c34cbf5f8506600aeb2'),(1225,'https://assets.mhw-db.com/armor/4218884d1d64cb492d8fa1bc4a64b437.f52f80f50a2eab9ba8745ca5e4c685a2ad223d1e.png','4218884d1d64cb492d8fa1bc4a64b437','f52f80f50a2eab9ba8745ca5e4c685a2ad223d1e'),(1226,'https://assets.mhw-db.com/armor/a2a25d80899a5395ff2dc2208d0c5af7.4489377a5ef9924bcd7f0cb83554af870333e4c5.png','a2a25d80899a5395ff2dc2208d0c5af7','4489377a5ef9924bcd7f0cb83554af870333e4c5'),(1227,'https://assets.mhw-db.com/armor/7d0e32241f9af34aa7f8640f3a80428b.dbdec0adb1a4b3f3de4e7fbd4574f3d7aa73f9a1.png','7d0e32241f9af34aa7f8640f3a80428b','dbdec0adb1a4b3f3de4e7fbd4574f3d7aa73f9a1'),(1228,'https://assets.mhw-db.com/armor/abe3248f11f0f8c8daaf2ac9b6a0d422.f56042851adbe8d518ba7ccd93b0cdbdbe0004d7.png','abe3248f11f0f8c8daaf2ac9b6a0d422','f56042851adbe8d518ba7ccd93b0cdbdbe0004d7'),(1229,'https://assets.mhw-db.com/armor/e180dc992dd722f5ebb8fba83feb5c7f.4c3bbfd9fc1c2bac6a447b8dbd4112afa3c77bd4.png','e180dc992dd722f5ebb8fba83feb5c7f','4c3bbfd9fc1c2bac6a447b8dbd4112afa3c77bd4'),(1230,'https://assets.mhw-db.com/armor/4d02c85c6b7c8578d7c9554ee41f2b19.161a3006b587048512a88753605f4ba8cc254e9f.png','4d02c85c6b7c8578d7c9554ee41f2b19','161a3006b587048512a88753605f4ba8cc254e9f'),(1231,'https://assets.mhw-db.com/armor/0b458e6de3990aa0350b15169ca2acb9.b1251eb413daa39fbcf881fd41626bf9dc5c2a91.png','0b458e6de3990aa0350b15169ca2acb9','b1251eb413daa39fbcf881fd41626bf9dc5c2a91'),(1232,'https://assets.mhw-db.com/armor/d5e0df81b7d23c15e12adacd20e898fb.519ad766ed646b809c38eb70d9b4bb71677b48a8.png','d5e0df81b7d23c15e12adacd20e898fb','519ad766ed646b809c38eb70d9b4bb71677b48a8'),(1233,'https://assets.mhw-db.com/armor/9f35d90d8822c7dcf9a259e7ea838aa1.7cd3a46034939040617b3abb0614b903e499b569.png','9f35d90d8822c7dcf9a259e7ea838aa1','7cd3a46034939040617b3abb0614b903e499b569'),(1234,'https://assets.mhw-db.com/armor/35fc8af7562f57b567f62752a1e7d7ee.e5d359155918b71656f27ae78ac467c18d686461.png','35fc8af7562f57b567f62752a1e7d7ee','e5d359155918b71656f27ae78ac467c18d686461'),(1235,'https://assets.mhw-db.com/armor/2e0b637b0d11e8860a8f0547895440a7.e3a28ac805af5b5821d325d0da7c5b77af235cd2.png','2e0b637b0d11e8860a8f0547895440a7','e3a28ac805af5b5821d325d0da7c5b77af235cd2'),(1236,'https://assets.mhw-db.com/armor/f356d771c84aa0dfed259de5557bd944.10f61adb920eb4991b2a49233831bfdef3586f5c.png','f356d771c84aa0dfed259de5557bd944','10f61adb920eb4991b2a49233831bfdef3586f5c'),(1237,'https://assets.mhw-db.com/armor/42cd3300a251fcb56a4305eba6928d82.b4726f0ead710621b57eef0bdd62e6194f25e7de.png','42cd3300a251fcb56a4305eba6928d82','b4726f0ead710621b57eef0bdd62e6194f25e7de'),(1238,'https://assets.mhw-db.com/armor/bc56711e06afcb6d96426a89a3227ff6.bf8347033bc518aae0161826366be94b732bc848.png','bc56711e06afcb6d96426a89a3227ff6','bf8347033bc518aae0161826366be94b732bc848'),(1239,'https://assets.mhw-db.com/armor/9cb7e485582b34fdfa49c96ec511fad2.edf987ab8f34f5be29a619e0da7b3d414d07d209.png','9cb7e485582b34fdfa49c96ec511fad2','edf987ab8f34f5be29a619e0da7b3d414d07d209'),(1240,'https://assets.mhw-db.com/armor/e89d119ec6df9d59c4876fb914084e52.f2a34e672f61b87ef60171ec59ce6d0409cbe557.png','e89d119ec6df9d59c4876fb914084e52','f2a34e672f61b87ef60171ec59ce6d0409cbe557'),(1241,'https://assets.mhw-db.com/armor/c5c9f11f193c17949dfa6e0fddc74851.b824fa2f5a2f815a11934384d3bb9033dfd6d595.png','c5c9f11f193c17949dfa6e0fddc74851','b824fa2f5a2f815a11934384d3bb9033dfd6d595'),(1242,'https://assets.mhw-db.com/armor/5e707cfcc41b5988f4460f6445630aca.85f1aa60bad591cea1b4ef17b3be20db19a41e47.png','5e707cfcc41b5988f4460f6445630aca','85f1aa60bad591cea1b4ef17b3be20db19a41e47'),(1243,'https://assets.mhw-db.com/armor/b580cd4865a9cd7459efe0fa87700834.9a3427a4b29f87b5548f2b9fb03a7387b569edf3.png','b580cd4865a9cd7459efe0fa87700834','9a3427a4b29f87b5548f2b9fb03a7387b569edf3'),(1244,'https://assets.mhw-db.com/armor/0c494066608149a96dbf271d6bec361c.d58d21b2682dfd0a7f4c710039754014792e1742.png','0c494066608149a96dbf271d6bec361c','d58d21b2682dfd0a7f4c710039754014792e1742'),(1245,'https://assets.mhw-db.com/armor/7ed186efb948e8d8afd98709cb0c07f1.dfa4d558df409d179b4ab2e02ade8a71cfdba3a3.png','7ed186efb948e8d8afd98709cb0c07f1','dfa4d558df409d179b4ab2e02ade8a71cfdba3a3'),(1246,'https://assets.mhw-db.com/armor/e4446aa6c9bee7f239dff09e70cf81e7.acb137c7789c2b36781311deb923db5a32034f98.png','e4446aa6c9bee7f239dff09e70cf81e7','acb137c7789c2b36781311deb923db5a32034f98'),(1247,'https://assets.mhw-db.com/armor/f8b9bf350adbe86bae37e7b9ac3f2a93.ccb41049e07688f3ba0e457baa40f1135a030d7e.png','f8b9bf350adbe86bae37e7b9ac3f2a93','ccb41049e07688f3ba0e457baa40f1135a030d7e'),(1248,'https://assets.mhw-db.com/armor/415a59032605022bcee91cdba9e29764.d68a3847a8e70e8122bdf4f2910bcf5d6e1e1575.png','415a59032605022bcee91cdba9e29764','d68a3847a8e70e8122bdf4f2910bcf5d6e1e1575'),(1249,'https://assets.mhw-db.com/armor/951b4844e0120b8cd0059fc8a8d2c8aa.bcfa705de8b314e56cd58017f1cf30a7ce890bfd.png','951b4844e0120b8cd0059fc8a8d2c8aa','bcfa705de8b314e56cd58017f1cf30a7ce890bfd'),(1250,'https://assets.mhw-db.com/armor/bdc5c92fcb3693e675b74169026a39e9.29c5e146ee25b0016cfa9eb116bae81fc1843add.png','bdc5c92fcb3693e675b74169026a39e9','29c5e146ee25b0016cfa9eb116bae81fc1843add'),(1251,'https://assets.mhw-db.com/armor/725509d57be714e461ab5d88f9bdb9d7.1bfa73bf9580727e3b536f812d6bd4bf1998f80f.png','725509d57be714e461ab5d88f9bdb9d7','1bfa73bf9580727e3b536f812d6bd4bf1998f80f'),(1252,'https://assets.mhw-db.com/armor/fee1c84471b26ea98b6d9392ade7e793.af8b63d446dabeb5cbe949e7b393fa1ca8824584.png','fee1c84471b26ea98b6d9392ade7e793','af8b63d446dabeb5cbe949e7b393fa1ca8824584'),(1253,'https://assets.mhw-db.com/armor/87bdb693f93c528bf3c39f2c1d912fef.670508ad8bef7bf5cc68d5a99bf48f2cbf0f4570.png','87bdb693f93c528bf3c39f2c1d912fef','670508ad8bef7bf5cc68d5a99bf48f2cbf0f4570'),(1254,'https://assets.mhw-db.com/armor/82a3b7d20e9e5ec3818c064731d218bc.c688ea6d0b7a316c6b273aa00152e7ff969a5c7d.png','82a3b7d20e9e5ec3818c064731d218bc','c688ea6d0b7a316c6b273aa00152e7ff969a5c7d'),(1255,'https://assets.mhw-db.com/armor/425e30051fc6312b8bb6e48bebccaba1.16f56173b77a081253ab50d219c8fb1334030ae4.png','425e30051fc6312b8bb6e48bebccaba1','16f56173b77a081253ab50d219c8fb1334030ae4'),(1256,'https://assets.mhw-db.com/armor/c0ac8bc6c06d938ac2739fb2a34e7102.97a551acc5417b534d07f3cb6c570314d8947b8f.png','c0ac8bc6c06d938ac2739fb2a34e7102','97a551acc5417b534d07f3cb6c570314d8947b8f'),(1257,'https://assets.mhw-db.com/armor/5fa9899019adb65261129059e30504b1.9c3d0741692bc8b3b96e92e75feb2ba8a68110d4.png','5fa9899019adb65261129059e30504b1','9c3d0741692bc8b3b96e92e75feb2ba8a68110d4'),(1258,'https://assets.mhw-db.com/armor/41e7aeaeedbdf759b5d84c76cf1209b4.76b25b1c525eaf2bd7cb05be586165c65803f292.png','41e7aeaeedbdf759b5d84c76cf1209b4','76b25b1c525eaf2bd7cb05be586165c65803f292'),(1259,'https://assets.mhw-db.com/armor/4346fe72c73b490c7884c5766a026799.e0d0323b47a1262b66be7d0486d6a58be96015d1.png','4346fe72c73b490c7884c5766a026799','e0d0323b47a1262b66be7d0486d6a58be96015d1'),(1260,'https://assets.mhw-db.com/armor/fad0d8e4163c66ddc39d7fd1452aee51.eed52d43223ef85d6104e70f61e5e46e203ab662.png','fad0d8e4163c66ddc39d7fd1452aee51','eed52d43223ef85d6104e70f61e5e46e203ab662'),(1261,'https://assets.mhw-db.com/armor/2d106d61dad053cccdd55b71f637ef9b.3ffa770d30ddee5fb1fc773920df80e42dd37f31.png','2d106d61dad053cccdd55b71f637ef9b','3ffa770d30ddee5fb1fc773920df80e42dd37f31'),(1262,'https://assets.mhw-db.com/armor/f0e92335fd1163730a2c59f97c6369ae.f41c24bc0adc9490fc40caf92b84b8e2fafcd12d.png','f0e92335fd1163730a2c59f97c6369ae','f41c24bc0adc9490fc40caf92b84b8e2fafcd12d'),(1263,'https://assets.mhw-db.com/armor/b66cbce209dab2a6097dc494c0ecbd8c.d16515a970b942b9266acb11a74abc3ba0fbf644.png','b66cbce209dab2a6097dc494c0ecbd8c','d16515a970b942b9266acb11a74abc3ba0fbf644'),(1264,'https://assets.mhw-db.com/armor/f070bc013cd63bca95bd0b3ca4db0d92.5ecfe32af0fb5151480ed6df802e3892f518f919.png','f070bc013cd63bca95bd0b3ca4db0d92','5ecfe32af0fb5151480ed6df802e3892f518f919'),(1265,'https://assets.mhw-db.com/armor/8fb9daeb62aa75dcbb3c026a4e5476d4.87a610ad1f63768ecc7f640d81e1e647ac9000cf.png','8fb9daeb62aa75dcbb3c026a4e5476d4','87a610ad1f63768ecc7f640d81e1e647ac9000cf'),(1266,'https://assets.mhw-db.com/armor/207117c7a84b931b0f45780eb49a6feb.7670fd13222594471303d9df26a5aa1a5a3ccc05.png','207117c7a84b931b0f45780eb49a6feb','7670fd13222594471303d9df26a5aa1a5a3ccc05'),(1267,'https://assets.mhw-db.com/armor/19bbf2fc67268907307c43d2cc2c0c78.6eee281b98ddf1c01927d55d05fbe5a058147265.png','19bbf2fc67268907307c43d2cc2c0c78','6eee281b98ddf1c01927d55d05fbe5a058147265'),(1268,'https://assets.mhw-db.com/armor/b4ad1a031ef23ff4658f6400264493c8.a8182552045a8a93b41feb47a0884a35033911d0.png','b4ad1a031ef23ff4658f6400264493c8','a8182552045a8a93b41feb47a0884a35033911d0'),(1269,'https://assets.mhw-db.com/armor/20aa6e4b024b56141d390ea8a15f6101.d7bf2f551fe1fdb28321f7972e151df32bf08122.png','20aa6e4b024b56141d390ea8a15f6101','d7bf2f551fe1fdb28321f7972e151df32bf08122'),(1270,'https://assets.mhw-db.com/armor/5cc83e2ea2310c22d60481b8c0bf9364.009066c0b57fa4f4cf71a1ab022292107fbcfb3d.png','5cc83e2ea2310c22d60481b8c0bf9364','009066c0b57fa4f4cf71a1ab022292107fbcfb3d'),(1271,'https://assets.mhw-db.com/armor/7495efc8d5a5036cf6df8571b5928709.c35f487d085457abc22a93b9a91f5336b8d183f8.png','7495efc8d5a5036cf6df8571b5928709','c35f487d085457abc22a93b9a91f5336b8d183f8'),(1272,'https://assets.mhw-db.com/armor/f4912b00efc26769bbbbb158e67c57a7.0f44166d35537e139e614fd3d57b103a8677445f.png','f4912b00efc26769bbbbb158e67c57a7','0f44166d35537e139e614fd3d57b103a8677445f'),(1273,'https://assets.mhw-db.com/armor/36d0252774ec6e80d959243efe63daf6.f7d874d7d21e62d666968f9a23f6be800528d980.png','36d0252774ec6e80d959243efe63daf6','f7d874d7d21e62d666968f9a23f6be800528d980'),(1274,'https://assets.mhw-db.com/armor/c931db09131b2024b488c207ffea0ba7.485db7fca55f236b13b292cb3f440f0463a4e8ef.png','c931db09131b2024b488c207ffea0ba7','485db7fca55f236b13b292cb3f440f0463a4e8ef'),(1275,'https://assets.mhw-db.com/armor/684f83a6a22194efaed4ec2bde881048.9416a48de25f1d407a22338b0131b60cf868e9bd.png','684f83a6a22194efaed4ec2bde881048','9416a48de25f1d407a22338b0131b60cf868e9bd'),(1276,'https://assets.mhw-db.com/armor/1ba926bf0f561c63f29121d76facca70.fd3913cc2d5ab1dd53e4343938d37a7b2251000c.png','1ba926bf0f561c63f29121d76facca70','fd3913cc2d5ab1dd53e4343938d37a7b2251000c'),(1277,'https://assets.mhw-db.com/armor/4403ba76181da7104e0df09037dce076.e6d5fcad3148613dbd64777bc55ae6fa7e90abb2.png','4403ba76181da7104e0df09037dce076','e6d5fcad3148613dbd64777bc55ae6fa7e90abb2'),(1278,'https://assets.mhw-db.com/armor/a8dbddfd9b8463f4ce08e8e6308db85a.9fc570a8678749077d75127cb96ed41139203ba8.png','a8dbddfd9b8463f4ce08e8e6308db85a','9fc570a8678749077d75127cb96ed41139203ba8'),(1279,'https://assets.mhw-db.com/armor/9bed3b900558927c5be00089a162225f.611986cdca3e2c0d55c47e397dca14b8def2d371.png','9bed3b900558927c5be00089a162225f','611986cdca3e2c0d55c47e397dca14b8def2d371'),(1280,'https://assets.mhw-db.com/armor/ab9584080d385c4aff2e390455114b67.c5b803cc8d3138bcbb1484e0e20482f08874739e.png','ab9584080d385c4aff2e390455114b67','c5b803cc8d3138bcbb1484e0e20482f08874739e'),(1281,'https://assets.mhw-db.com/armor/63ca3431ca6d7dc5ca7ec95f1f144c13.6afdf67c52cd1a47d7fe64e98a968d770463ea8d.png','63ca3431ca6d7dc5ca7ec95f1f144c13','6afdf67c52cd1a47d7fe64e98a968d770463ea8d'),(1282,'https://assets.mhw-db.com/armor/bc6b51c49429bd75290679a787cc65bd.162a5efabab550b0d5930dab852aeac2757e76f3.png','bc6b51c49429bd75290679a787cc65bd','162a5efabab550b0d5930dab852aeac2757e76f3'),(1283,'https://assets.mhw-db.com/armor/3e34d55fbb2e9d25ad88df573b2d5944.2c34f6db5f58011f558256c9c1a7cc3fc1705d5e.png','3e34d55fbb2e9d25ad88df573b2d5944','2c34f6db5f58011f558256c9c1a7cc3fc1705d5e'),(1284,'https://assets.mhw-db.com/armor/9e4d1a27c12c2fd61cbded034bca0c87.3c98f928aca36e6f62a0a5fe73c6fa202cd01255.png','9e4d1a27c12c2fd61cbded034bca0c87','3c98f928aca36e6f62a0a5fe73c6fa202cd01255'),(1285,'https://assets.mhw-db.com/armor/2541361247bc2a4327102495095b6d6b.ff45d43b9685cb2532a2c50da25cdb4812be0f36.png','2541361247bc2a4327102495095b6d6b','ff45d43b9685cb2532a2c50da25cdb4812be0f36'),(1286,'https://assets.mhw-db.com/armor/d74c28f8e592a6324c69e67a7f50c352.a1ed1b5bd2c7f31b102f0871de02605de828a90a.png','d74c28f8e592a6324c69e67a7f50c352','a1ed1b5bd2c7f31b102f0871de02605de828a90a'),(1287,'https://assets.mhw-db.com/armor/8a1b785b1069e8ce7bd59f522d9c4b84.39a56e83953cb436e43d8383d0d0c48fbf357595.png','8a1b785b1069e8ce7bd59f522d9c4b84','39a56e83953cb436e43d8383d0d0c48fbf357595'),(1288,'https://assets.mhw-db.com/armor/849c26bec3f90278c22d0b1958f44e9b.da2626afc84a72bd9059d9cb3a5596afbdc47ad1.png','849c26bec3f90278c22d0b1958f44e9b','da2626afc84a72bd9059d9cb3a5596afbdc47ad1'),(1289,'https://assets.mhw-db.com/armor/e810df30d106688bc3e6d72737c46db7.7437ff5e229e122a29d664a8f3f99ac965094132.png','e810df30d106688bc3e6d72737c46db7','7437ff5e229e122a29d664a8f3f99ac965094132'),(1290,'https://assets.mhw-db.com/armor/f9543abb0ade89f92d6518a12d88e8c1.08bc879881fd539c18ee49f248a354e65a83012e.png','f9543abb0ade89f92d6518a12d88e8c1','08bc879881fd539c18ee49f248a354e65a83012e'),(1291,'https://assets.mhw-db.com/armor/73d4ce7c9d67423486deb2dde0e694a4.7086ec683a94be29bc5d85f1b188104776ff1889.png','73d4ce7c9d67423486deb2dde0e694a4','7086ec683a94be29bc5d85f1b188104776ff1889'),(1292,'https://assets.mhw-db.com/armor/da4310c3e473163f480cefda646ec6ac.e6df6895236986c9ef077c1430ad6a3f3173126c.png','da4310c3e473163f480cefda646ec6ac','e6df6895236986c9ef077c1430ad6a3f3173126c'),(1293,'https://assets.mhw-db.com/armor/a40061d5ccb6930c75cc7d0811c69df4.44e17068a2debb50cb3ea1446951dc664da7c320.png','a40061d5ccb6930c75cc7d0811c69df4','44e17068a2debb50cb3ea1446951dc664da7c320'),(1294,'https://assets.mhw-db.com/armor/a949a26533ff52804befaf4d8db037f9.8977435e3cca1af0c0e5c053125dca51e6e758be.png','a949a26533ff52804befaf4d8db037f9','8977435e3cca1af0c0e5c053125dca51e6e758be'),(1295,'https://assets.mhw-db.com/armor/a8f3123832c5f123a1e8ad7dd7109c44.fc34e9421c66e971a6dbfcacaffcdc6504f44e0f.png','a8f3123832c5f123a1e8ad7dd7109c44','fc34e9421c66e971a6dbfcacaffcdc6504f44e0f'),(1296,'https://assets.mhw-db.com/armor/6b3e80ccfee56c2e8b7161af5570c068.40aef1a4cc223381993d28b01f94f6c570af070c.png','6b3e80ccfee56c2e8b7161af5570c068','40aef1a4cc223381993d28b01f94f6c570af070c'),(1297,'https://assets.mhw-db.com/armor/90368aa9a4e3dabb0e62aa0c7f78bff6.bc97cd93e41174521c82683d4843cac4b68f927b.png','90368aa9a4e3dabb0e62aa0c7f78bff6','bc97cd93e41174521c82683d4843cac4b68f927b'),(1298,'https://assets.mhw-db.com/armor/4ca18a7510a417038c701fc1a8e6017d.d3525e64107b68b932bf45bca4e11bb12384d5d4.png','4ca18a7510a417038c701fc1a8e6017d','d3525e64107b68b932bf45bca4e11bb12384d5d4'),(1299,'https://assets.mhw-db.com/armor/4215c5c59ca39c90f4c307608927b0d0.eeb28e2a636dfbbe032345d32c5780029cab6db9.png','4215c5c59ca39c90f4c307608927b0d0','eeb28e2a636dfbbe032345d32c5780029cab6db9'),(1300,'https://assets.mhw-db.com/armor/a5750c933c22a3c9260c891a2ab2638f.0c549e07264b998dea161934450cdf0e3e115d4b.png','a5750c933c22a3c9260c891a2ab2638f','0c549e07264b998dea161934450cdf0e3e115d4b'),(1301,'https://assets.mhw-db.com/armor/3ac77af7d6531f093245558996f3f919.eb45a8432c44598985fb0163dd78f24488939765.png','3ac77af7d6531f093245558996f3f919','eb45a8432c44598985fb0163dd78f24488939765'),(1302,'https://assets.mhw-db.com/armor/e6d09f96ade88f416ae3e97b25cf7a3e.7240a10c7436c5c389123d4bedf589ee9dd1e9b6.png','e6d09f96ade88f416ae3e97b25cf7a3e','7240a10c7436c5c389123d4bedf589ee9dd1e9b6'),(1303,'https://assets.mhw-db.com/armor/0152684b5ae7ab4a236ca3e93f71410c.a7c1535726055b35a8b6db356fd033b76228839c.png','0152684b5ae7ab4a236ca3e93f71410c','a7c1535726055b35a8b6db356fd033b76228839c'),(1304,'https://assets.mhw-db.com/armor/a1cc8be2c2634faaebd562acb9e8a188.dcad690fa0a66ee6cbefb2222f2df1072a7ccb76.png','a1cc8be2c2634faaebd562acb9e8a188','dcad690fa0a66ee6cbefb2222f2df1072a7ccb76'),(1305,'https://assets.mhw-db.com/armor/56c6235b5a1c91bce2b6d67fd98b3e46.6951761f2780bb9ab4e2d56ed3a39e3ecd80c14f.png','56c6235b5a1c91bce2b6d67fd98b3e46','6951761f2780bb9ab4e2d56ed3a39e3ecd80c14f'),(1306,'https://assets.mhw-db.com/armor/c843d1ba72f74ede7c5e0833edd818ec.f4d1bca557c91c13caa521f44ec5d8ee9332acd0.png','c843d1ba72f74ede7c5e0833edd818ec','f4d1bca557c91c13caa521f44ec5d8ee9332acd0'),(1307,'https://assets.mhw-db.com/armor/82ee1792038506a36256c688adc945b3.f4888e0dc6fc15e862dc1a79c7dbfd353a5b1ce1.png','82ee1792038506a36256c688adc945b3','f4888e0dc6fc15e862dc1a79c7dbfd353a5b1ce1'),(1308,'https://assets.mhw-db.com/armor/91df11489a3d4af5c071c195ab2fdb9c.15ab5198f8f649fcac0f09c95679e077f2b9c501.png','91df11489a3d4af5c071c195ab2fdb9c','15ab5198f8f649fcac0f09c95679e077f2b9c501'),(1309,'https://assets.mhw-db.com/armor/3260de389cfca9b173fc80b6b30159a8.2cf42df9b3ca4376ceeccfce1b7a1e8010a0188c.png','3260de389cfca9b173fc80b6b30159a8','2cf42df9b3ca4376ceeccfce1b7a1e8010a0188c'),(1310,'https://assets.mhw-db.com/armor/613de7cef6294abb7a6fe9ae14fb9af0.147f622bfd2314b66f2bdc1e49a1e4182a3e6e38.png','613de7cef6294abb7a6fe9ae14fb9af0','147f622bfd2314b66f2bdc1e49a1e4182a3e6e38'),(1311,'https://assets.mhw-db.com/armor/a4175bb1f5dad290f221d0946b4975a0.f92c3e3dcd4685279bcfb5b3beb078596f2cd23c.png','a4175bb1f5dad290f221d0946b4975a0','f92c3e3dcd4685279bcfb5b3beb078596f2cd23c'),(1312,'https://assets.mhw-db.com/armor/701c16d0a927a6b0c6a0a6ebedb8c043.940692e2c005b54447b58c4d02d2932aa793b637.png','701c16d0a927a6b0c6a0a6ebedb8c043','940692e2c005b54447b58c4d02d2932aa793b637'),(1313,'https://assets.mhw-db.com/armor/03648a82749d5b42df870dd15676e8cf.bffb9f747b01b4b8c8b3b5b95506dd3d44a9b417.png','03648a82749d5b42df870dd15676e8cf','bffb9f747b01b4b8c8b3b5b95506dd3d44a9b417'),(1314,'https://assets.mhw-db.com/armor/8a8da99817ea1c6e02757c046f9901ba.5d410c95d71093296edf2230376c753b91640ad7.png','8a8da99817ea1c6e02757c046f9901ba','5d410c95d71093296edf2230376c753b91640ad7'),(1315,'https://assets.mhw-db.com/armor/6e109f9c4371e147fc3410c30b91c1e8.a9f0b5b78340e904f3ab44fa0f6aa942ea92957e.png','6e109f9c4371e147fc3410c30b91c1e8','a9f0b5b78340e904f3ab44fa0f6aa942ea92957e'),(1316,'https://assets.mhw-db.com/armor/6736476baee1ee077d7a2f322b256d6c.3fc3e1f37b3e34e1a167c68251e83aaaa1a17434.png','6736476baee1ee077d7a2f322b256d6c','3fc3e1f37b3e34e1a167c68251e83aaaa1a17434'),(1317,'https://assets.mhw-db.com/armor/b09fd4631d804063e12de910087fbca8.5f725f4dc7e21f6c4878cf93c4680c6cd28ca5c6.png','b09fd4631d804063e12de910087fbca8','5f725f4dc7e21f6c4878cf93c4680c6cd28ca5c6'),(1318,'https://assets.mhw-db.com/armor/0c6cc012e803c79bd8ae34f5a09a2738.4c7570a47d5cc2a46d6aedcb00c621f7b38a4baa.png','0c6cc012e803c79bd8ae34f5a09a2738','4c7570a47d5cc2a46d6aedcb00c621f7b38a4baa'),(1319,'https://assets.mhw-db.com/armor/afec146b4d249c908fd164c8b7bf8a79.0650d80fd4e2ee313123fed07dad053613cc4ad2.png','afec146b4d249c908fd164c8b7bf8a79','0650d80fd4e2ee313123fed07dad053613cc4ad2'),(1320,'https://assets.mhw-db.com/armor/69f1b95a9c0a785b1800409a98eaf154.e35e0f8de8e13ec2e8f25fb7a9a2f3584a8a54dd.png','69f1b95a9c0a785b1800409a98eaf154','e35e0f8de8e13ec2e8f25fb7a9a2f3584a8a54dd'),(1321,'https://assets.mhw-db.com/armor/10d7bfe2386a1b3c0652d644f51f46d5.48383e32992f71de709e053b433715124f817a4c.png','10d7bfe2386a1b3c0652d644f51f46d5','48383e32992f71de709e053b433715124f817a4c'),(1322,'https://assets.mhw-db.com/armor/b43cf345b1762f5f646f38409f3ee8fd.523ce3b9a0ead28ab12731f9509b879946df8693.png','b43cf345b1762f5f646f38409f3ee8fd','523ce3b9a0ead28ab12731f9509b879946df8693'),(1323,'https://assets.mhw-db.com/armor/27eefbf7a47bcc88a5dc4389b07193a5.bea02da410b55ec4f8cb811c124658c913aea70d.png','27eefbf7a47bcc88a5dc4389b07193a5','bea02da410b55ec4f8cb811c124658c913aea70d'),(1324,'https://assets.mhw-db.com/armor/4c80d9475246a41b7f378939e7592bb2.6d083a07a15ef01604017ad80a76e06bd24fa598.png','4c80d9475246a41b7f378939e7592bb2','6d083a07a15ef01604017ad80a76e06bd24fa598'),(1325,'https://assets.mhw-db.com/armor/938aa8c602fcdc98fe318943295ca831.bafc7c311d65b18eccfdb5513745772d04f42b37.png','938aa8c602fcdc98fe318943295ca831','bafc7c311d65b18eccfdb5513745772d04f42b37'),(1326,'https://assets.mhw-db.com/armor/51b63028b79e55c024f92afbc104d7e5.a34ffee3009596370d975ec3831c1531336e1e91.png','51b63028b79e55c024f92afbc104d7e5','a34ffee3009596370d975ec3831c1531336e1e91'),(1327,'https://assets.mhw-db.com/armor/6e3ffec43ceb6d06a92c4652dbea3a48.b1d6dbf2d454b49c8090c10f2f3a44440ddfd76d.png','6e3ffec43ceb6d06a92c4652dbea3a48','b1d6dbf2d454b49c8090c10f2f3a44440ddfd76d'),(1328,'https://assets.mhw-db.com/armor/ff02050f99851780eda40753389530d5.06368cbd743eb7569456d08b6754d5f5c54df330.png','ff02050f99851780eda40753389530d5','06368cbd743eb7569456d08b6754d5f5c54df330'),(1329,'https://assets.mhw-db.com/armor/afbc32400acae64e99343efed625f8bd.15dfed8385f6d2887dcea9fcc69d72fdcd66b2a7.png','afbc32400acae64e99343efed625f8bd','15dfed8385f6d2887dcea9fcc69d72fdcd66b2a7'),(1330,'https://assets.mhw-db.com/armor/e4c5ec905f967ea9a8db78a510462caf.6011d51891e8880374c973a29548a8f5cd2a6f25.png','e4c5ec905f967ea9a8db78a510462caf','6011d51891e8880374c973a29548a8f5cd2a6f25'),(1331,'https://assets.mhw-db.com/armor/09e646ada12d22ce12c467c240e665ae.acba8817f0d17749280424a878d64fe6585ea811.png','09e646ada12d22ce12c467c240e665ae','acba8817f0d17749280424a878d64fe6585ea811'),(1332,'https://assets.mhw-db.com/armor/b6a79b993b1386ecf23a2a1848683062.c113f8682f6e57d4eb7275d38b3e0570fc5798b0.png','b6a79b993b1386ecf23a2a1848683062','c113f8682f6e57d4eb7275d38b3e0570fc5798b0'),(1333,'https://assets.mhw-db.com/armor/f86a643dc05bf8e36f9aeacdeb799ccd.a3a9305dd1967bae2834d252b92fb001eca6233f.png','f86a643dc05bf8e36f9aeacdeb799ccd','a3a9305dd1967bae2834d252b92fb001eca6233f'),(1334,'https://assets.mhw-db.com/armor/929a504190cbcca5f5e0fb411c328eb0.1476860a45e3c72af8dca959bbef39934a9c02f2.png','929a504190cbcca5f5e0fb411c328eb0','1476860a45e3c72af8dca959bbef39934a9c02f2'),(1335,'https://assets.mhw-db.com/armor/47d9112467bf67c4a2206e1d5b702506.0326bbb7134dc257b87b23c8bbb744c8536061a2.png','47d9112467bf67c4a2206e1d5b702506','0326bbb7134dc257b87b23c8bbb744c8536061a2'),(1336,'https://assets.mhw-db.com/armor/efb69d90bc5eafb4607f566800e8a812.eeb3633768cb47fde94430f48f394265c3917cf8.png','efb69d90bc5eafb4607f566800e8a812','eeb3633768cb47fde94430f48f394265c3917cf8'),(1337,'https://assets.mhw-db.com/armor/3a8e48e456c0a6c9ee76d42a8f54cf94.22e1f79a42da91dbf070ae5f481a3d27ed8157cb.png','3a8e48e456c0a6c9ee76d42a8f54cf94','22e1f79a42da91dbf070ae5f481a3d27ed8157cb'),(1338,'https://assets.mhw-db.com/armor/5918478178fdcd0be1e75c09af92f2c6.7cba58b87a1e76892ac48a54bbb28c020d67271e.png','5918478178fdcd0be1e75c09af92f2c6','7cba58b87a1e76892ac48a54bbb28c020d67271e'),(1339,'https://assets.mhw-db.com/armor/a765b284e3cbdecf3c645f6ece17879e.6b163c863950211b7af52e54715a83aab973f425.png','a765b284e3cbdecf3c645f6ece17879e','6b163c863950211b7af52e54715a83aab973f425'),(1340,'https://assets.mhw-db.com/armor/08965381646a68efb414fbf47d13c46b.86e51d786bfd978f8782cef52ed2c94bf82d9663.png','08965381646a68efb414fbf47d13c46b','86e51d786bfd978f8782cef52ed2c94bf82d9663'),(1341,'https://assets.mhw-db.com/armor/d556af6326a5e2b256fd98f2056c762d.e6940b9e37e0f3ef91cff388e3c5e426b4605694.png','d556af6326a5e2b256fd98f2056c762d','e6940b9e37e0f3ef91cff388e3c5e426b4605694'),(1342,'https://assets.mhw-db.com/armor/1987c01c95d6e10e8b9bd2bbfb1a859f.ed6c3518e884034e19debf9fc6a65e105787c01f.png','1987c01c95d6e10e8b9bd2bbfb1a859f','ed6c3518e884034e19debf9fc6a65e105787c01f'),(1343,'https://assets.mhw-db.com/armor/7db3c16428a01e1f6c67fae123b6d191.bf5f8bfb05ec54510f98079ce1add23ccfe74ff7.png','7db3c16428a01e1f6c67fae123b6d191','bf5f8bfb05ec54510f98079ce1add23ccfe74ff7'),(1344,'https://assets.mhw-db.com/armor/e089f314969b6f918dd751374a090692.799de9cbece69546776134180cdd0569164c27ef.png','e089f314969b6f918dd751374a090692','799de9cbece69546776134180cdd0569164c27ef'),(1345,'https://assets.mhw-db.com/armor/f0c69963e6e178fb8e4eb55042be569b.91718a6f945ceabe010cc01bbc421dd02fb15ee0.png','f0c69963e6e178fb8e4eb55042be569b','91718a6f945ceabe010cc01bbc421dd02fb15ee0'),(1346,'https://assets.mhw-db.com/armor/d629a351731de78516987be866238800.0cf83ec7a73429edbec31f7e781ba85b532a088b.png','d629a351731de78516987be866238800','0cf83ec7a73429edbec31f7e781ba85b532a088b'),(1347,'https://assets.mhw-db.com/armor/4924ccc7e425732ef6ebad097814e0be.9aa0c3bcb9556bf17326527dcdb4785331c7a6e6.png','4924ccc7e425732ef6ebad097814e0be','9aa0c3bcb9556bf17326527dcdb4785331c7a6e6'),(1348,'https://assets.mhw-db.com/armor/7bd093ab79658f519b5ebff18fbaae68.19233bcb3304087ea9e55413d779fad7326b5f40.png','7bd093ab79658f519b5ebff18fbaae68','19233bcb3304087ea9e55413d779fad7326b5f40'),(1349,'https://assets.mhw-db.com/armor/62debf81e586ce81139f6dea15f82a75.6650b8a140bccfb750f3cee95a1c27e975d49098.png','62debf81e586ce81139f6dea15f82a75','6650b8a140bccfb750f3cee95a1c27e975d49098'),(1350,'https://assets.mhw-db.com/armor/6e1a967423f3ca1a77e7f05ef9c52bbc.8d1f0d55639b1a7e1684842fe3c672f166a1e585.png','6e1a967423f3ca1a77e7f05ef9c52bbc','8d1f0d55639b1a7e1684842fe3c672f166a1e585'),(1351,'https://assets.mhw-db.com/armor/6a322ccd540b0290f25df2e1f2ed5058.2eafe1c11dfce458567a5af97361a6cc01696a19.png','6a322ccd540b0290f25df2e1f2ed5058','2eafe1c11dfce458567a5af97361a6cc01696a19'),(1352,'https://assets.mhw-db.com/armor/3fba9e213dfd1f0417494ea529d2532d.5fb2869f709502056c0e35836e5560d0ed4492f1.png','3fba9e213dfd1f0417494ea529d2532d','5fb2869f709502056c0e35836e5560d0ed4492f1'),(1353,'https://assets.mhw-db.com/armor/9460bc7bb593274b3f2f0cf5e55267b3.afb14d8db10965e51360775778f26d6d096ecd65.png','9460bc7bb593274b3f2f0cf5e55267b3','afb14d8db10965e51360775778f26d6d096ecd65'),(1354,'https://assets.mhw-db.com/armor/8269eaaed65996a8ba321b16912d777d.5484c67796fa969be56170be7d75e4427317c11e.png','8269eaaed65996a8ba321b16912d777d','5484c67796fa969be56170be7d75e4427317c11e'),(1355,'https://assets.mhw-db.com/armor/94f82e1a0a83830e19d9231b14ce1363.0e1cf53cf6b0e457cf06680029e0403403b53f68.png','94f82e1a0a83830e19d9231b14ce1363','0e1cf53cf6b0e457cf06680029e0403403b53f68'),(1356,'https://assets.mhw-db.com/armor/9de1e3112e41533a0732747dbd6e0833.4d3774f685d1b317d7232df47039989f4151a355.png','9de1e3112e41533a0732747dbd6e0833','4d3774f685d1b317d7232df47039989f4151a355'),(1357,'https://assets.mhw-db.com/armor/7996d4150b054fd60340c137618882c2.ca763dd0577d25cf45d2cbd676be6ec924dbc309.png','7996d4150b054fd60340c137618882c2','ca763dd0577d25cf45d2cbd676be6ec924dbc309'),(1358,'https://assets.mhw-db.com/armor/68ddd3acdb242db0c85c78c0eb2d4525.8df9592bfdf8fbaa65d367d17f0d578fa792b954.png','68ddd3acdb242db0c85c78c0eb2d4525','8df9592bfdf8fbaa65d367d17f0d578fa792b954'),(1359,'https://assets.mhw-db.com/armor/273ed38aa89063c80057494bc34dffd1.080f27d26c335cb77cbe98793c58373de5fcf512.png','273ed38aa89063c80057494bc34dffd1','080f27d26c335cb77cbe98793c58373de5fcf512'),(1360,'https://assets.mhw-db.com/armor/b5ee097b037c3aa927ed19b9416337c5.113c5c22615603df4c43652c777b0a43cd687c18.png','b5ee097b037c3aa927ed19b9416337c5','113c5c22615603df4c43652c777b0a43cd687c18'),(1361,'https://assets.mhw-db.com/armor/748eedd5e2d06edc5b35329f091415f3.e686c478e4e0090a3b5cb581dba6547c56cce1ae.png','748eedd5e2d06edc5b35329f091415f3','e686c478e4e0090a3b5cb581dba6547c56cce1ae'),(1362,'https://assets.mhw-db.com/armor/baa922aa564c6ad7016c11d43f1e5799.1f8f63889318492e17a844fb6168aeb5b5ffdc50.png','baa922aa564c6ad7016c11d43f1e5799','1f8f63889318492e17a844fb6168aeb5b5ffdc50'),(1363,'https://assets.mhw-db.com/armor/a89bd7e4893b681f9477f17d263c905f.2a596e14c9e5e899ab9b0a42001af849276ea268.png','a89bd7e4893b681f9477f17d263c905f','2a596e14c9e5e899ab9b0a42001af849276ea268'),(1364,'https://assets.mhw-db.com/armor/b1a70b26f8449e0905540bef0caecd76.f673828de69f759df70437d7c5d1764bfa125aaf.png','b1a70b26f8449e0905540bef0caecd76','f673828de69f759df70437d7c5d1764bfa125aaf'),(1365,'https://assets.mhw-db.com/armor/865a402f31d421c160eb31dd90b08e59.c514109c48af66bc97536c92e04b2a74a1bed51c.png','865a402f31d421c160eb31dd90b08e59','c514109c48af66bc97536c92e04b2a74a1bed51c'),(1366,'https://assets.mhw-db.com/armor/9bf5c4b99ff6755a0c14cc025e278466.a8e5b3205c6f6c173cd4b9fadf8791e0533e2241.png','9bf5c4b99ff6755a0c14cc025e278466','a8e5b3205c6f6c173cd4b9fadf8791e0533e2241'),(1367,'https://assets.mhw-db.com/armor/333d1e83fb6ccb6951f449c1764dfe7e.cc87b354d78ba1cf3ef347fe7b2224685ea132c2.png','333d1e83fb6ccb6951f449c1764dfe7e','cc87b354d78ba1cf3ef347fe7b2224685ea132c2'),(1368,'https://assets.mhw-db.com/armor/2ebc245bbd2b852e21c8258f1d528f81.3df6f633e400b28e5995a962584646776e51e1bf.png','2ebc245bbd2b852e21c8258f1d528f81','3df6f633e400b28e5995a962584646776e51e1bf'),(1369,'https://assets.mhw-db.com/armor/5b9e9c73ef27cda50c780450915a2b3c.33a0dbd9a5c2acd4b2a0d834c8643529c6a9b6f8.png','5b9e9c73ef27cda50c780450915a2b3c','33a0dbd9a5c2acd4b2a0d834c8643529c6a9b6f8'),(1370,'https://assets.mhw-db.com/armor/d46eb3159135fccd883985a7da0b4042.9784bc40996d1f774373e18114ffb6b3808aa165.png','d46eb3159135fccd883985a7da0b4042','9784bc40996d1f774373e18114ffb6b3808aa165'),(1371,'https://assets.mhw-db.com/armor/86bb6ff5d1d95293cc0b9ba9d903bc4e.f1ea46e7826a1754c1b55f945ffd3ae2db6ac9cc.png','86bb6ff5d1d95293cc0b9ba9d903bc4e','f1ea46e7826a1754c1b55f945ffd3ae2db6ac9cc'),(1372,'https://assets.mhw-db.com/armor/2a8314d68e8f2e91bc242d83a98de24f.e82e7fdb87d52d8a2f1ff033101f2ed224f202d9.png','2a8314d68e8f2e91bc242d83a98de24f','e82e7fdb87d52d8a2f1ff033101f2ed224f202d9'),(1373,'https://assets.mhw-db.com/armor/9af1fc6678f1d7de51393cd3882f1635.1aace20c294ab797439b9e0fdb90f21c564be5ab.png','9af1fc6678f1d7de51393cd3882f1635','1aace20c294ab797439b9e0fdb90f21c564be5ab'),(1374,'https://assets.mhw-db.com/armor/e30362380f1070e73c7c3b7fa874c3cf.36118d843582997c15030346866c06793aaf651b.png','e30362380f1070e73c7c3b7fa874c3cf','36118d843582997c15030346866c06793aaf651b'),(1375,'https://assets.mhw-db.com/armor/3657f075bd1fa4ebff2928fa6b2b8989.9794044988039e261740d64d71bdc8ac1d35fe60.png','3657f075bd1fa4ebff2928fa6b2b8989','9794044988039e261740d64d71bdc8ac1d35fe60'),(1376,'https://assets.mhw-db.com/armor/87b24515db056ae7ce0b237a0430bbe6.e826fd5bec167a444fd5dc8390df5bc298d71a87.png','87b24515db056ae7ce0b237a0430bbe6','e826fd5bec167a444fd5dc8390df5bc298d71a87'),(1377,'https://assets.mhw-db.com/armor/db79c8a8c39c18c6e970b949f7f99599.9084903de6835ff92344411d21bdd18b7ae49373.png','db79c8a8c39c18c6e970b949f7f99599','9084903de6835ff92344411d21bdd18b7ae49373'),(1378,'https://assets.mhw-db.com/armor/e4ebf5c686f9d03c80ddc01a9830c94c.9ccb0d2fc895c131ae765b821910707d40dec873.png','e4ebf5c686f9d03c80ddc01a9830c94c','9ccb0d2fc895c131ae765b821910707d40dec873'),(1379,'https://assets.mhw-db.com/armor/74bc33c83aceb21b26f4e7058de3418c.d3b18de22369c7aa416d1c307c68af8f65a09ec6.png','74bc33c83aceb21b26f4e7058de3418c','d3b18de22369c7aa416d1c307c68af8f65a09ec6'),(1380,'https://assets.mhw-db.com/armor/3e1a9ac8cbb7aefb310bf7d22b6e58e3.556bf4956732703bd76dd91aa361e4465306e4d7.png','3e1a9ac8cbb7aefb310bf7d22b6e58e3','556bf4956732703bd76dd91aa361e4465306e4d7'),(1381,'https://assets.mhw-db.com/armor/52cc1018e180325b3799441663b27f55.e512b65bad577f24532716d0fd064d84652e27a8.png','52cc1018e180325b3799441663b27f55','e512b65bad577f24532716d0fd064d84652e27a8'),(1382,'https://assets.mhw-db.com/armor/d67c7df2b42d21e8ad970c79672f39f8.19e464551a767f6d59a01145180a0a3e84554aab.png','d67c7df2b42d21e8ad970c79672f39f8','19e464551a767f6d59a01145180a0a3e84554aab'),(1383,'https://assets.mhw-db.com/armor/843918892f45d78b7416eee3351cb09a.8f2856dafc75959fb3710d335dbd8675e707fd9d.png','843918892f45d78b7416eee3351cb09a','8f2856dafc75959fb3710d335dbd8675e707fd9d'),(1384,'https://assets.mhw-db.com/armor/f1472ecd9b256e405d63663380110a8e.749ddc60129cbf51458009a0e99e3342bf51c5c4.png','f1472ecd9b256e405d63663380110a8e','749ddc60129cbf51458009a0e99e3342bf51c5c4'),(1385,'https://assets.mhw-db.com/armor/92bce98d2a535815dc644863d1b5ded6.b845e56e32ada25ce92b75155aba12b38e984967.png','92bce98d2a535815dc644863d1b5ded6','b845e56e32ada25ce92b75155aba12b38e984967'),(1386,'https://assets.mhw-db.com/armor/e87ba2bb94f6cbcd999779526fcaa75c.dca95066b9a34ca769e866f2761687a0159445d8.png','e87ba2bb94f6cbcd999779526fcaa75c','dca95066b9a34ca769e866f2761687a0159445d8'),(1387,'https://assets.mhw-db.com/armor/b7c87d615a0611b6aea3094ad346c76b.4a043ec4d532a83f6da79a42d775dcfa2b43653f.png','b7c87d615a0611b6aea3094ad346c76b','4a043ec4d532a83f6da79a42d775dcfa2b43653f'),(1388,'https://assets.mhw-db.com/armor/caefd47358b04a7627c7c8ad55bb78f5.702240447c0212b973626310c0cc90e72733ba21.png','caefd47358b04a7627c7c8ad55bb78f5','702240447c0212b973626310c0cc90e72733ba21'),(1389,'https://assets.mhw-db.com/armor/4ab8e7b4d3db25a1d651cc9a31ffbdf2.c54de7a01f1d01b741961cc18e70d91a877f2474.png','4ab8e7b4d3db25a1d651cc9a31ffbdf2','c54de7a01f1d01b741961cc18e70d91a877f2474'),(1390,'https://assets.mhw-db.com/armor/a7a0fb30979ae6ebb2ecc1d9f1014d93.b83bae07adcccc056d852b6a17430db0dbd45f64.png','a7a0fb30979ae6ebb2ecc1d9f1014d93','b83bae07adcccc056d852b6a17430db0dbd45f64'),(1391,'https://assets.mhw-db.com/armor/19d0304f16817704e0159a73241dd514.376d6987143c71204c6449ee1172c81d097fa6d2.png','19d0304f16817704e0159a73241dd514','376d6987143c71204c6449ee1172c81d097fa6d2'),(1392,'https://assets.mhw-db.com/armor/217ab0b40db5ae83794fa4e34586132f.324346277aa3853f980bd88264370dab92492fd7.png','217ab0b40db5ae83794fa4e34586132f','324346277aa3853f980bd88264370dab92492fd7'),(1393,'https://assets.mhw-db.com/armor/4804e24969940fa50486987faaccb5e9.19d90151e60d5be1f836fb4329bc6aaf4d6f1fbf.png','4804e24969940fa50486987faaccb5e9','19d90151e60d5be1f836fb4329bc6aaf4d6f1fbf'),(1394,'https://assets.mhw-db.com/armor/966600ae472baaff087a8c31e68c2672.97c7f3ddc1dba3e0bf625cab446a49ab4820bc23.png','966600ae472baaff087a8c31e68c2672','97c7f3ddc1dba3e0bf625cab446a49ab4820bc23'),(1395,'https://assets.mhw-db.com/armor/b0eb68494ba6857f90f7e60b62bce38d.db55a2108f18dd107f971f01245f61402f0b5f9c.png','b0eb68494ba6857f90f7e60b62bce38d','db55a2108f18dd107f971f01245f61402f0b5f9c'),(1396,'https://assets.mhw-db.com/armor/7d4196b320df2bda73f52c5d8cbf5c44.bc3aa3e1ce8720078d605d6fbe6c529db4c4ee9b.png','7d4196b320df2bda73f52c5d8cbf5c44','bc3aa3e1ce8720078d605d6fbe6c529db4c4ee9b'),(1397,'https://assets.mhw-db.com/armor/7039b52534bf3d4a7c82aeed153acba6.17b7320e60f2a7561373b8f69aee086300ef075d.png','7039b52534bf3d4a7c82aeed153acba6','17b7320e60f2a7561373b8f69aee086300ef075d'),(1398,'https://assets.mhw-db.com/armor/815789ffa692a81df74fbbfefcdac1ec.d3b6037128b791eb773d9197b0112ae92e0fca2c.png','815789ffa692a81df74fbbfefcdac1ec','d3b6037128b791eb773d9197b0112ae92e0fca2c'),(1399,'https://assets.mhw-db.com/armor/8420a7f34c2560ffb8aaddca25283b08.18ef5417573dec553ceadc94572f1d9680c4b231.png','8420a7f34c2560ffb8aaddca25283b08','18ef5417573dec553ceadc94572f1d9680c4b231'),(1400,'https://assets.mhw-db.com/armor/bd240a9632472035803bee16b586ebc7.c73234509d1b2f53bca9d2010b882047467606e0.png','bd240a9632472035803bee16b586ebc7','c73234509d1b2f53bca9d2010b882047467606e0'),(1401,'https://assets.mhw-db.com/armor/d606df8e85c07ccb52d3c631d311efc1.b86f71d1b828f4cdcee1852858eca9cd9d8d3b14.png','d606df8e85c07ccb52d3c631d311efc1','b86f71d1b828f4cdcee1852858eca9cd9d8d3b14'),(1402,'https://assets.mhw-db.com/armor/e900dc88c71b434ffa3effa300967a55.6633925dc4c0c1a9ccf2d50f231d37b3514889cb.png','e900dc88c71b434ffa3effa300967a55','6633925dc4c0c1a9ccf2d50f231d37b3514889cb'),(1403,'https://assets.mhw-db.com/armor/a215176b86747aadf1e890deef79c559.704cc746c7e409c4f9588457898d86cd436829c5.png','a215176b86747aadf1e890deef79c559','704cc746c7e409c4f9588457898d86cd436829c5'),(1404,'https://assets.mhw-db.com/armor/4426a405177999e69d27938a413fa286.56db84c6124eb6dcf8093d4d5b85460895a25c3c.png','4426a405177999e69d27938a413fa286','56db84c6124eb6dcf8093d4d5b85460895a25c3c'),(1405,'https://assets.mhw-db.com/armor/d685e2a6b226b1545102b66be0227495.07c1cd1fc829051c873faad4041116b87d656e73.png','d685e2a6b226b1545102b66be0227495','07c1cd1fc829051c873faad4041116b87d656e73'),(1406,'https://assets.mhw-db.com/armor/ba895ca0eecbb65b2f14e2babbe72073.b13dc54f2a5251a4a81c3b4b639c3d05b807b54a.png','ba895ca0eecbb65b2f14e2babbe72073','b13dc54f2a5251a4a81c3b4b639c3d05b807b54a'),(1407,'https://assets.mhw-db.com/armor/86d68ee17fff1acdd2fb6580c2167f8c.edd2f9fab3e56ff48ed39c3ebc612164afbf3138.png','86d68ee17fff1acdd2fb6580c2167f8c','edd2f9fab3e56ff48ed39c3ebc612164afbf3138'),(1408,'https://assets.mhw-db.com/armor/9a32ece86b1b756ad6c88a2db1131980.eace12b40ad25fca844fe63a87bd5ddee39d91de.png','9a32ece86b1b756ad6c88a2db1131980','eace12b40ad25fca844fe63a87bd5ddee39d91de'),(1409,'https://assets.mhw-db.com/armor/2e9c43869c42baa2a932ff0ad916621c.ac6c1dbfe5882bedcbf6132c7777ce61fa9ed352.png','2e9c43869c42baa2a932ff0ad916621c','ac6c1dbfe5882bedcbf6132c7777ce61fa9ed352'),(1410,'https://assets.mhw-db.com/armor/dc6749b8eba5cc8c5d64e7a8b00241b6.5084183fe040d97fecb74494ad44b44d9986b2e9.png','dc6749b8eba5cc8c5d64e7a8b00241b6','5084183fe040d97fecb74494ad44b44d9986b2e9'),(1411,'https://assets.mhw-db.com/armor/59d42751999c1a8902acd80ba2d1fa9b.8aee8da673c1e13c5e300b9b55d009ac974a643e.png','59d42751999c1a8902acd80ba2d1fa9b','8aee8da673c1e13c5e300b9b55d009ac974a643e'),(1412,'https://assets.mhw-db.com/armor/560d9b9c68562ac7ae1755cb4ceacc14.22c5c6a34cf7cdfc8800ab8a91167c4276540fd8.png','560d9b9c68562ac7ae1755cb4ceacc14','22c5c6a34cf7cdfc8800ab8a91167c4276540fd8'),(1413,'https://assets.mhw-db.com/armor/dc2ae1590bd690a666b64d8b4848cf5c.3d50030da25bcaecfb930ebfa1cf1947b9bbde47.png','dc2ae1590bd690a666b64d8b4848cf5c','3d50030da25bcaecfb930ebfa1cf1947b9bbde47'),(1414,'https://assets.mhw-db.com/armor/960ce94c3751c73e6349ec36decb3276.c25a5eeb259688efc87982a06cd0b25d4c1d118f.png','960ce94c3751c73e6349ec36decb3276','c25a5eeb259688efc87982a06cd0b25d4c1d118f'),(1415,'https://assets.mhw-db.com/armor/55432802b1d3358de76f3eb25a7f19ec.2499090bbb1de9b4a883b7cc94896403c1f41c46.png','55432802b1d3358de76f3eb25a7f19ec','2499090bbb1de9b4a883b7cc94896403c1f41c46'),(1416,'https://assets.mhw-db.com/armor/491f5122875909dca3ebec75414b07bc.0c40d58f04ce42e65ee4448154bff2985f1fdeb6.png','491f5122875909dca3ebec75414b07bc','0c40d58f04ce42e65ee4448154bff2985f1fdeb6'),(1417,'https://assets.mhw-db.com/armor/da862397d07b63784b91571856a2ff6c.452c5cdd59d849ff5dd185348cca8c7f3a30f61d.png','da862397d07b63784b91571856a2ff6c','452c5cdd59d849ff5dd185348cca8c7f3a30f61d'),(1418,'https://assets.mhw-db.com/armor/596a98a8d2a3c223bc2a2c13b819d2ea.4d552f003be6085990ee76216709490e49ad1d7b.png','596a98a8d2a3c223bc2a2c13b819d2ea','4d552f003be6085990ee76216709490e49ad1d7b'),(1419,'https://assets.mhw-db.com/armor/06db50eb10a85dbb87351b17b4d49710.680e6a5f5b57a4cbc142a76a8f2513b345fc63e5.png','06db50eb10a85dbb87351b17b4d49710','680e6a5f5b57a4cbc142a76a8f2513b345fc63e5'),(1420,'https://assets.mhw-db.com/armor/f49a75c3bb89bc8e39237df0746d8002.71f539e32dfb0748dc8635d9fded71d999a25b8e.png','f49a75c3bb89bc8e39237df0746d8002','71f539e32dfb0748dc8635d9fded71d999a25b8e'),(1421,'https://assets.mhw-db.com/armor/c2f50fdd422246ec14fd5aa4f7fbf18c.60e24e2e23d737806ec5d3413f48deab778640a1.png','c2f50fdd422246ec14fd5aa4f7fbf18c','60e24e2e23d737806ec5d3413f48deab778640a1'),(1422,'https://assets.mhw-db.com/armor/9ee997852a4125146e96944e79262440.4afb7f5ec9580904bae534ba1fe6186a11597bea.png','9ee997852a4125146e96944e79262440','4afb7f5ec9580904bae534ba1fe6186a11597bea'),(1423,'https://assets.mhw-db.com/armor/c7740ac3a693c34d3fcd41f92585f8a1.1ba2fd146bd3ec676237d3532766e18eb7fd5aa0.png','c7740ac3a693c34d3fcd41f92585f8a1','1ba2fd146bd3ec676237d3532766e18eb7fd5aa0'),(1424,'https://assets.mhw-db.com/armor/4a3e55437e3eaef16b3c6eaef96d7484.838bec8a439c0b9003ec3b3b5e2ac4e0e3949deb.png','4a3e55437e3eaef16b3c6eaef96d7484','838bec8a439c0b9003ec3b3b5e2ac4e0e3949deb'),(1425,'https://assets.mhw-db.com/armor/32372a3bcee13b71ca10e8159f06de0c.e3ce88a9747c4e1edae9677425f1db47dc318b6d.png','32372a3bcee13b71ca10e8159f06de0c','e3ce88a9747c4e1edae9677425f1db47dc318b6d'),(1426,'https://assets.mhw-db.com/armor/ade78b8fcf98655133020fd25f5acda1.895905dbb77fe86521feeb13003ddd9eed213d12.png','ade78b8fcf98655133020fd25f5acda1','895905dbb77fe86521feeb13003ddd9eed213d12'),(1427,'https://assets.mhw-db.com/armor/aeeb07a9cd2b22d221a01afa2c49a603.7ddecb37538678ec0de20585e98174034d35fa82.png','aeeb07a9cd2b22d221a01afa2c49a603','7ddecb37538678ec0de20585e98174034d35fa82'),(1428,'https://assets.mhw-db.com/armor/575e0138a91eace3d3d257d90afd77a2.0f677be16e2663297446099ba62bfc0b79afbabd.png','575e0138a91eace3d3d257d90afd77a2','0f677be16e2663297446099ba62bfc0b79afbabd'),(1429,'https://assets.mhw-db.com/armor/4025749606f21691ee2348d7866436c5.ece3afd35df70cc5b49289c90cc6951d3df5af27.png','4025749606f21691ee2348d7866436c5','ece3afd35df70cc5b49289c90cc6951d3df5af27'),(1430,'https://assets.mhw-db.com/armor/10c6f4725c5c3ff0b8841dd532125846.26465fd0af83dd41f602a4280892a9bb7eea692b.png','10c6f4725c5c3ff0b8841dd532125846','26465fd0af83dd41f602a4280892a9bb7eea692b'),(1431,'https://assets.mhw-db.com/armor/e9e485fd6372e841749db96105149b9c.95bc85114a8f439e30a53d885197530231ecdadf.png','e9e485fd6372e841749db96105149b9c','95bc85114a8f439e30a53d885197530231ecdadf'),(1432,'https://assets.mhw-db.com/armor/2dd95f9a1849ae14c97624897afdeed9.3511947246e1f0ce5923b02c69f27106840dce7a.png','2dd95f9a1849ae14c97624897afdeed9','3511947246e1f0ce5923b02c69f27106840dce7a'),(1433,'https://assets.mhw-db.com/armor/219e34e1388e03e4f44fcfa5c19ea659.ca942a374b9cf99aa62422792a1a8d34b629f538.png','219e34e1388e03e4f44fcfa5c19ea659','ca942a374b9cf99aa62422792a1a8d34b629f538'),(1434,'https://assets.mhw-db.com/armor/b2e841eca781916c574522501d8a1600.47119191787da1185b40b7a5a831dcaab5a425ac.png','b2e841eca781916c574522501d8a1600','47119191787da1185b40b7a5a831dcaab5a425ac'),(1435,'https://assets.mhw-db.com/armor/b6fa7ac79787902be9d0c6925b138a45.fb63424d955877639d5a1a8432e48969a5cbb39e.png','b6fa7ac79787902be9d0c6925b138a45','fb63424d955877639d5a1a8432e48969a5cbb39e'),(1436,'https://assets.mhw-db.com/armor/eedcceda16ec1bcb97d05db6965b995d.5c95d40bdcc8a1a6c1bd14f51988a61eb5405865.png','eedcceda16ec1bcb97d05db6965b995d','5c95d40bdcc8a1a6c1bd14f51988a61eb5405865'),(1437,'https://assets.mhw-db.com/armor/368f1b2ee726f828d81960720bcca30c.d1d15e8eab19172c07f83798eaeb7a6ecf7ff1dc.png','368f1b2ee726f828d81960720bcca30c','d1d15e8eab19172c07f83798eaeb7a6ecf7ff1dc'),(1438,'https://assets.mhw-db.com/armor/e88429407bbe3d8a9bf1eb0198fa9758.57eea1990ca688314772d0df3c3b4822595ffb65.png','e88429407bbe3d8a9bf1eb0198fa9758','57eea1990ca688314772d0df3c3b4822595ffb65'),(1439,'https://assets.mhw-db.com/armor/54848d0ae75b566beab0b262c9b8f91c.97c0bccd93e332bb1b384aa0f427d34d7a4fc566.png','54848d0ae75b566beab0b262c9b8f91c','97c0bccd93e332bb1b384aa0f427d34d7a4fc566'),(1440,'https://assets.mhw-db.com/armor/7f475105fca5e5f4be6a0eee417a2346.bd571aa67a17f3230613cc945c12efd132789140.png','7f475105fca5e5f4be6a0eee417a2346','bd571aa67a17f3230613cc945c12efd132789140'),(1441,'https://assets.mhw-db.com/armor/2c04cffe30327c309bb63cf20afe485a.3e10d0f6684634cff0f808e888634c4d88785152.png','2c04cffe30327c309bb63cf20afe485a','3e10d0f6684634cff0f808e888634c4d88785152'),(1442,'https://assets.mhw-db.com/armor/831a6ab5ddae784b52773cee922fa4d2.0d5c986f927eb47fb7437d1164cf61154b61ee99.png','831a6ab5ddae784b52773cee922fa4d2','0d5c986f927eb47fb7437d1164cf61154b61ee99'),(1443,'https://assets.mhw-db.com/armor/05488389155892847901bc9d9a417a4a.ac0f4f7593cd4ed2110540abcc2a7a287d8788a6.png','05488389155892847901bc9d9a417a4a','ac0f4f7593cd4ed2110540abcc2a7a287d8788a6'),(1444,'https://assets.mhw-db.com/armor/b04759dee338ac75c3c328c1eb441fad.ea3c44c9594e7efeb4132ff7a9c359a6b98e43c4.png','b04759dee338ac75c3c328c1eb441fad','ea3c44c9594e7efeb4132ff7a9c359a6b98e43c4'),(1445,'https://assets.mhw-db.com/armor/89fdfcc88c5bc516f25443420a511496.3629be087383f8980c45374a90fb96cbaced02b8.png','89fdfcc88c5bc516f25443420a511496','3629be087383f8980c45374a90fb96cbaced02b8'),(1446,'https://assets.mhw-db.com/armor/f4fd1ddde80954ee5f86b778b7ea6320.36c9e8562098fd839e161a6a892dc6656e5edec4.png','f4fd1ddde80954ee5f86b778b7ea6320','36c9e8562098fd839e161a6a892dc6656e5edec4'),(1447,'https://assets.mhw-db.com/armor/ded82b4306b53d19e9148d7c1f6a2175.9c46bac70d0379c4cce6c58ce28215669e60c44b.png','ded82b4306b53d19e9148d7c1f6a2175','9c46bac70d0379c4cce6c58ce28215669e60c44b'),(1448,'https://assets.mhw-db.com/armor/402531444e7c5f8d1d84bc99c9595985.72b55b7e8dcc77d9bc02594c7b840c07aa02ad83.png','402531444e7c5f8d1d84bc99c9595985','72b55b7e8dcc77d9bc02594c7b840c07aa02ad83'),(1449,'https://assets.mhw-db.com/armor/43693523f18a116d71c62d24cc4f9391.3ca6b5b38f57f04cad1d44ce4c73e7a00fd71a3b.png','43693523f18a116d71c62d24cc4f9391','3ca6b5b38f57f04cad1d44ce4c73e7a00fd71a3b'),(1450,'https://assets.mhw-db.com/armor/f2bef3fb7065b9a9fb0fe2c614a68f6b.c4e102564294df689103479d50159af08986aba6.png','f2bef3fb7065b9a9fb0fe2c614a68f6b','c4e102564294df689103479d50159af08986aba6'),(1451,'https://assets.mhw-db.com/armor/1c78d47f11e5ee3e4078b5e9a3bb8a10.aac201d306c387b0eb1226e8ed521e29e34f37a9.png','1c78d47f11e5ee3e4078b5e9a3bb8a10','aac201d306c387b0eb1226e8ed521e29e34f37a9'),(1452,'https://assets.mhw-db.com/armor/069247617ead763ac216f42954713d9a.33a8ff42cf6461dedc09ebf07e89c8d82eec7f5c.png','069247617ead763ac216f42954713d9a','33a8ff42cf6461dedc09ebf07e89c8d82eec7f5c'),(1453,'https://assets.mhw-db.com/armor/b25456987e25ff67e42844e32a02861e.47bbc26a902e6ffc0ee4b81da6697e14eb0acac3.png','b25456987e25ff67e42844e32a02861e','47bbc26a902e6ffc0ee4b81da6697e14eb0acac3'),(1454,'https://assets.mhw-db.com/armor/c1075298065292e39925cfacff4851b3.d4de6fecf22b1e7ae2589110c25b8b803722d7ea.png','c1075298065292e39925cfacff4851b3','d4de6fecf22b1e7ae2589110c25b8b803722d7ea'),(1455,'https://assets.mhw-db.com/armor/5a313ddfb63523e8b1d2f5f43ca9cbef.8abfc340fad5f5c0a91fe04140ac2d1e21df0445.png','5a313ddfb63523e8b1d2f5f43ca9cbef','8abfc340fad5f5c0a91fe04140ac2d1e21df0445'),(1456,'https://assets.mhw-db.com/armor/cbeadbe4e013680b6a88025fd6dc9a94.92a05dda78e0896c743838ff8fb623a7a58faeba.png','cbeadbe4e013680b6a88025fd6dc9a94','92a05dda78e0896c743838ff8fb623a7a58faeba'),(1457,'https://assets.mhw-db.com/armor/0355b288abfb1f622186eecb3c55ff94.0b911b98b82554d17f9192b8d79aa4b23e34bca9.png','0355b288abfb1f622186eecb3c55ff94','0b911b98b82554d17f9192b8d79aa4b23e34bca9'),(1458,'https://assets.mhw-db.com/armor/93b4e0430f6e7981db0faf89b083856e.06ce2f0fa9de5eeadf3886efb61b57552a7b26f6.png','93b4e0430f6e7981db0faf89b083856e','06ce2f0fa9de5eeadf3886efb61b57552a7b26f6'),(1459,'https://assets.mhw-db.com/armor/0d714ae5ad6d5e0694c82933e9356244.3eff7e590bb3d79d5b22dacfc7afda8ee48c8d7c.png','0d714ae5ad6d5e0694c82933e9356244','3eff7e590bb3d79d5b22dacfc7afda8ee48c8d7c'),(1460,'https://assets.mhw-db.com/armor/410329a4575cd47b26ee6dca34eaab68.953031e05bc43cf71f9f0b9c04579a1b4a89aaf6.png','410329a4575cd47b26ee6dca34eaab68','953031e05bc43cf71f9f0b9c04579a1b4a89aaf6'),(1461,'https://assets.mhw-db.com/armor/caad98e23c70627dcee153b879ff0ed2.1cb6587b643d2f5b4523c92794cdd944782d5147.png','caad98e23c70627dcee153b879ff0ed2','1cb6587b643d2f5b4523c92794cdd944782d5147'),(1462,'https://assets.mhw-db.com/armor/f7fd6ef701fe67b17107aedc0ab7ec8e.3b15a7153c6c2cf5c4c07d39715f33d54436c9f8.png','f7fd6ef701fe67b17107aedc0ab7ec8e','3b15a7153c6c2cf5c4c07d39715f33d54436c9f8'),(1463,'https://assets.mhw-db.com/armor/4209d0a875ec9a13168551ce7bca8d5e.6eda68d3dd351967ab7ef0dc3f5d95b3d7eba8bb.png','4209d0a875ec9a13168551ce7bca8d5e','6eda68d3dd351967ab7ef0dc3f5d95b3d7eba8bb'),(1464,'https://assets.mhw-db.com/armor/a55c0b3ba695f6a4181221dbf15b0d1b.7944296e9b202ea75e7dd7a10e8225584bbb74b7.png','a55c0b3ba695f6a4181221dbf15b0d1b','7944296e9b202ea75e7dd7a10e8225584bbb74b7'),(1465,'https://assets.mhw-db.com/armor/462c55e85e57c83c75d441223a795583.df2094031149ba73a47d934a5b7599b34ef992f3.png','462c55e85e57c83c75d441223a795583','df2094031149ba73a47d934a5b7599b34ef992f3'),(1466,'https://assets.mhw-db.com/armor/0feaabf1b6cd4b403f76ff967d96bf40.10c5161176e427179415a55ea00133c3589e1411.png','0feaabf1b6cd4b403f76ff967d96bf40','10c5161176e427179415a55ea00133c3589e1411'),(1467,'https://assets.mhw-db.com/armor/640a0756089a3244f4dd19517128fd4a.855ed39ad3332ff2a91960716c46458fd943f85c.png','640a0756089a3244f4dd19517128fd4a','855ed39ad3332ff2a91960716c46458fd943f85c'),(1468,'https://assets.mhw-db.com/armor/36b85b701e64da5aaa17a53ed61f64a3.d319a5beab95bd3dd715cfa118ec1f13e2cb95da.png','36b85b701e64da5aaa17a53ed61f64a3','d319a5beab95bd3dd715cfa118ec1f13e2cb95da'),(1469,'https://assets.mhw-db.com/armor/2ce4734f785c14f128b74f870380cab3.658e5dfb99c8d6edb8daef9f3be5f2d598fb1ef2.png','2ce4734f785c14f128b74f870380cab3','658e5dfb99c8d6edb8daef9f3be5f2d598fb1ef2'),(1470,'https://assets.mhw-db.com/armor/6cd9d71a786dabb3aa74ee7761732d92.e1b125519943157215e136003497713e8b28269d.png','6cd9d71a786dabb3aa74ee7761732d92','e1b125519943157215e136003497713e8b28269d'),(1471,'https://assets.mhw-db.com/armor/4d386df0d8d69ab37d86bd7742a9ff07.4b7d5f425e41936339e6bca4196e1727a5e654ab.png','4d386df0d8d69ab37d86bd7742a9ff07','4b7d5f425e41936339e6bca4196e1727a5e654ab'),(1472,'https://assets.mhw-db.com/armor/b7a1fadd18abaef1be9fcab20c582fe5.143b29f970865015a69840b9b008a49192da65d1.png','b7a1fadd18abaef1be9fcab20c582fe5','143b29f970865015a69840b9b008a49192da65d1'),(1473,'https://assets.mhw-db.com/armor/57c50ceae34bb26db28611ec7c145fb7.5c8c19b95c5b6b96e02595c59c628f512a530f76.png','57c50ceae34bb26db28611ec7c145fb7','5c8c19b95c5b6b96e02595c59c628f512a530f76'),(1474,'https://assets.mhw-db.com/armor/f4931c018db59ce2c5aecc420a775928.51c8a0c3ccde4c0591aa8bee500c7d64e62ef16b.png','f4931c018db59ce2c5aecc420a775928','51c8a0c3ccde4c0591aa8bee500c7d64e62ef16b'),(1475,'https://assets.mhw-db.com/armor/fc317267d02bdd855d4927203e4de891.624ed6ca85041ab0580f9792762982d260274fb5.png','fc317267d02bdd855d4927203e4de891','624ed6ca85041ab0580f9792762982d260274fb5'),(1476,'https://assets.mhw-db.com/armor/399282f5499e96c783ef73ebf57a50d9.387de8c2bf85cdc517e7810c74483d00ecfc6d2a.png','399282f5499e96c783ef73ebf57a50d9','387de8c2bf85cdc517e7810c74483d00ecfc6d2a'),(1477,'https://assets.mhw-db.com/armor/9e630f64e28aae6d0b9ff493f19e0545.a27a3b9fee835843c41fb0e5eb08b8abab182ce2.png','9e630f64e28aae6d0b9ff493f19e0545','a27a3b9fee835843c41fb0e5eb08b8abab182ce2'),(1478,'https://assets.mhw-db.com/armor/37c9db779ee58cb383f6cde6e63b5fe9.b4f68a76eb392265d0c8da787e2286081a7a8d28.png','37c9db779ee58cb383f6cde6e63b5fe9','b4f68a76eb392265d0c8da787e2286081a7a8d28'),(1479,'https://assets.mhw-db.com/armor/37ab9862461320eae0db3b0fc2334139.27011154a9f2299d46f6457d876a74fd50fcade8.png','37ab9862461320eae0db3b0fc2334139','27011154a9f2299d46f6457d876a74fd50fcade8'),(1480,'https://assets.mhw-db.com/armor/d043ef1dcbc098e20d30d7873bf56d04.78333512fd2f52427184c5c6ecbaf087f762ec5b.png','d043ef1dcbc098e20d30d7873bf56d04','78333512fd2f52427184c5c6ecbaf087f762ec5b'),(1481,'https://assets.mhw-db.com/armor/533ad8e479965cd307af010eccb99f50.6e223469776ceca3b805149c8a8cf40aa383983d.png','533ad8e479965cd307af010eccb99f50','6e223469776ceca3b805149c8a8cf40aa383983d'),(1482,'https://assets.mhw-db.com/armor/d16f802b43b88ad1c8ee1ce7cb29bb85.95b12b5d0e9986bbdbfba94707cc5d6f5796cd18.png','d16f802b43b88ad1c8ee1ce7cb29bb85','95b12b5d0e9986bbdbfba94707cc5d6f5796cd18'),(1483,'https://assets.mhw-db.com/armor/9279b21e585829a89a79127d60c0552a.9bdc05c409f120d8172228ff00cc7d382c2818ca.png','9279b21e585829a89a79127d60c0552a','9bdc05c409f120d8172228ff00cc7d382c2818ca'),(1484,'https://assets.mhw-db.com/armor/7e56471e493843a3daba0858a7bc9662.cc4500a515d9b2db2af0bfc079720b6dfbc40717.png','7e56471e493843a3daba0858a7bc9662','cc4500a515d9b2db2af0bfc079720b6dfbc40717'),(1485,'https://assets.mhw-db.com/armor/ce11c82f90b33c900b8bb8877e3b9a5f.ef677b670c6a5526546f7a729355a980b17e4668.png','ce11c82f90b33c900b8bb8877e3b9a5f','ef677b670c6a5526546f7a729355a980b17e4668'),(1486,'https://assets.mhw-db.com/armor/4eb84008168ad990524075720e332531.843c6ba4e327d66b096e6f4361070ae141cdff5f.png','4eb84008168ad990524075720e332531','843c6ba4e327d66b096e6f4361070ae141cdff5f'),(1487,'https://assets.mhw-db.com/armor/05e5187faf73db2cd604eca1717dbedf.262d5cf30a20f8deb8adb823e0b9611e30f15b6a.png','05e5187faf73db2cd604eca1717dbedf','262d5cf30a20f8deb8adb823e0b9611e30f15b6a'),(1488,'https://assets.mhw-db.com/armor/610d00433f7311e13296b8bd4f91aecd.b1e1eb600b8243c4f622ed035d519a6d6aca8f7c.png','610d00433f7311e13296b8bd4f91aecd','b1e1eb600b8243c4f622ed035d519a6d6aca8f7c'),(1489,'https://assets.mhw-db.com/armor/862282e66297cadfdf4d22046158a0c7.ebc4d84b320b7c4019410c1b4c33d04744115080.png','862282e66297cadfdf4d22046158a0c7','ebc4d84b320b7c4019410c1b4c33d04744115080'),(1490,'https://assets.mhw-db.com/armor/dd89f91d0a7b5d69b1322e9a6c6daec3.c86724eada0d3a987ed8c0561f248d7962027a98.png','dd89f91d0a7b5d69b1322e9a6c6daec3','c86724eada0d3a987ed8c0561f248d7962027a98'),(1491,'https://assets.mhw-db.com/armor/5e0222dbe531a64515bae9fa008ea364.52c9f2d30847cc355a16b267a4dbde51bd99617e.png','5e0222dbe531a64515bae9fa008ea364','52c9f2d30847cc355a16b267a4dbde51bd99617e'),(1492,'https://assets.mhw-db.com/armor/4530994f544d9e541c2f128993c5562f.7acadd5b3ebdcd9964178f0cb5947d962197cd9e.png','4530994f544d9e541c2f128993c5562f','7acadd5b3ebdcd9964178f0cb5947d962197cd9e'),(1493,'https://assets.mhw-db.com/armor/42bdd18c8abe150f17993349ad8b96c3.0c07a5b414ef0bf7c45c375f2f09f00de8a1d3de.png','42bdd18c8abe150f17993349ad8b96c3','0c07a5b414ef0bf7c45c375f2f09f00de8a1d3de'),(1494,'https://assets.mhw-db.com/armor/8e1deb472caa095cbad4e666299e2794.b69224ecfa7477accdce6ea5d53c0033a505faec.png','8e1deb472caa095cbad4e666299e2794','b69224ecfa7477accdce6ea5d53c0033a505faec'),(1495,'https://assets.mhw-db.com/armor/f8426479e7a71cb10769faa0fdbe083d.962b2cd1b443bd26cd9e1d0fbf3fd11e9f797921.png','f8426479e7a71cb10769faa0fdbe083d','962b2cd1b443bd26cd9e1d0fbf3fd11e9f797921'),(1496,'https://assets.mhw-db.com/armor/a5ec81b33ad03ea19d3306c22153f3b9.d4603aca2ef1d05ba9f6ad22351e7c5fac317fc7.png','a5ec81b33ad03ea19d3306c22153f3b9','d4603aca2ef1d05ba9f6ad22351e7c5fac317fc7'),(1497,'https://assets.mhw-db.com/armor/e79323a013ebe4ccbd6652b18007de12.42c9975f4481cd87ba8ba2378ed4aa476b346ad1.png','e79323a013ebe4ccbd6652b18007de12','42c9975f4481cd87ba8ba2378ed4aa476b346ad1'),(1498,'https://assets.mhw-db.com/armor/51dd5f2167cce4105569e34166cc85bb.c4c6a82f16cbd5d416050bc8e2a4c48582f26368.png','51dd5f2167cce4105569e34166cc85bb','c4c6a82f16cbd5d416050bc8e2a4c48582f26368'),(1499,'https://assets.mhw-db.com/armor/c3efb4d1b84340d2d2242f28e07d2527.da4eb2bb1760263d189274b9227c534ae1fa8aa5.png','c3efb4d1b84340d2d2242f28e07d2527','da4eb2bb1760263d189274b9227c534ae1fa8aa5'),(1500,'https://assets.mhw-db.com/armor/0510f9d92c73b2aaf6a95b2337e02075.2d8d0defb27d26df70a1975ebe3539237404ba68.png','0510f9d92c73b2aaf6a95b2337e02075','2d8d0defb27d26df70a1975ebe3539237404ba68'),(1501,'https://assets.mhw-db.com/armor/77146c581c40791da785339b1cd0a32b.9ba189b9a50ea74303c7f94881dfc7e5d18a908e.png','77146c581c40791da785339b1cd0a32b','9ba189b9a50ea74303c7f94881dfc7e5d18a908e'),(1502,'https://assets.mhw-db.com/armor/5587f7d2452f843fd789fa3af4fd17fd.c647372cca6939bbf4fdb57009452cbc3e62a9bb.png','5587f7d2452f843fd789fa3af4fd17fd','c647372cca6939bbf4fdb57009452cbc3e62a9bb'),(1503,'https://assets.mhw-db.com/armor/90ad564f1772b839ae2a806e3360bb02.8bf88a86d67b18e1556c3085452c17420692fa70.png','90ad564f1772b839ae2a806e3360bb02','8bf88a86d67b18e1556c3085452c17420692fa70'),(1504,'https://assets.mhw-db.com/armor/978013507870190b3e278c6fa2a2fd91.dd35e43b39ba9eac5e045632cfb45382bc42160f.png','978013507870190b3e278c6fa2a2fd91','dd35e43b39ba9eac5e045632cfb45382bc42160f'),(1505,'https://assets.mhw-db.com/armor/3ea98f56104d785f13e1844ef635f3ad.2ec1e9eef5d84e1e51d9046cbe6b80b3c98792fc.png','3ea98f56104d785f13e1844ef635f3ad','2ec1e9eef5d84e1e51d9046cbe6b80b3c98792fc'),(1506,'https://assets.mhw-db.com/armor/4a7110393c7817fb1a03c9666bb053e9.bb7985fb1ad8b8e5d503f8d1d3ac1c9c6bfc805e.png','4a7110393c7817fb1a03c9666bb053e9','bb7985fb1ad8b8e5d503f8d1d3ac1c9c6bfc805e'),(1507,'https://assets.mhw-db.com/armor/0c8759230b783f340db887898e427a62.0ebabe1252a9fda28c3e7abd053ec6896ad17613.png','0c8759230b783f340db887898e427a62','0ebabe1252a9fda28c3e7abd053ec6896ad17613'),(1508,'https://assets.mhw-db.com/armor/40c6fedd46305032c091177b1f55e471.b76cdab100b3fc016fb3848acd51a12ce198a85b.png','40c6fedd46305032c091177b1f55e471','b76cdab100b3fc016fb3848acd51a12ce198a85b'),(1509,'https://assets.mhw-db.com/armor/d251b97d8917ddc7e2134fa274db4eb1.d34a264ee00ece604b4ed73338625b402fa7ac2e.png','d251b97d8917ddc7e2134fa274db4eb1','d34a264ee00ece604b4ed73338625b402fa7ac2e'),(1510,'https://assets.mhw-db.com/armor/c02be34a56aa73b77e6547c5bee496a4.b844236a7def15df448ce5d7a271d8717b20246e.png','c02be34a56aa73b77e6547c5bee496a4','b844236a7def15df448ce5d7a271d8717b20246e'),(1511,'https://assets.mhw-db.com/armor/b68163308bb30933dfb66508b94e2833.caacdbf7359fda49fb46570040ae6226f7fe1300.png','b68163308bb30933dfb66508b94e2833','caacdbf7359fda49fb46570040ae6226f7fe1300'),(1512,'https://assets.mhw-db.com/armor/dc786cc41527c2439d9c2d69756f3f48.3670acbc22009a296552b65f64c651ee4ff8b5df.png','dc786cc41527c2439d9c2d69756f3f48','3670acbc22009a296552b65f64c651ee4ff8b5df'),(1513,'https://assets.mhw-db.com/armor/c4a0990f73a120c4ddf29d5eb8e154de.f9a3fb9c15080aa96b5a5cbb7cdd9d832b406135.png','c4a0990f73a120c4ddf29d5eb8e154de','f9a3fb9c15080aa96b5a5cbb7cdd9d832b406135'),(1514,'https://assets.mhw-db.com/armor/1f3c7e52893bb04930546c19310e5f36.2d8472af19f529ff98e956d2fbd24909e4e8c2b2.png','1f3c7e52893bb04930546c19310e5f36','2d8472af19f529ff98e956d2fbd24909e4e8c2b2'),(1515,'https://assets.mhw-db.com/armor/dfa4868fdb59352caad0885e13cc93b7.29fc05688ff3e0fe1468606450344bfd41a0f864.png','dfa4868fdb59352caad0885e13cc93b7','29fc05688ff3e0fe1468606450344bfd41a0f864'),(1516,'https://assets.mhw-db.com/armor/176cd7255a9eacfd60bb39ccb94782b9.0c846a0b3f1384befca3107ea1ba9fb42f0ebd12.png','176cd7255a9eacfd60bb39ccb94782b9','0c846a0b3f1384befca3107ea1ba9fb42f0ebd12'),(1517,'https://assets.mhw-db.com/armor/65b452288baf1bf571a223a03d30b4ea.7a2691edb4c197147c3005e4acaba2e3ef6ebdd6.png','65b452288baf1bf571a223a03d30b4ea','7a2691edb4c197147c3005e4acaba2e3ef6ebdd6'),(1518,'https://assets.mhw-db.com/armor/3f04325af5265aa97978a2d4bf5e33bf.7067f775afe3526103230232d03e8ccb32ab788a.png','3f04325af5265aa97978a2d4bf5e33bf','7067f775afe3526103230232d03e8ccb32ab788a'),(1519,'https://assets.mhw-db.com/armor/e89cdbc40546965e9a9113ca0a803ab3.7932122ee2d9b817950b8bbb1c0728cec5299764.png','e89cdbc40546965e9a9113ca0a803ab3','7932122ee2d9b817950b8bbb1c0728cec5299764'),(1520,'https://assets.mhw-db.com/armor/129b9c788932ff4ad89147890f4027d2.2b8a3c6b12c3ac9f94482f84506575500c0ac7db.png','129b9c788932ff4ad89147890f4027d2','2b8a3c6b12c3ac9f94482f84506575500c0ac7db'),(1521,'https://assets.mhw-db.com/armor/2935264a762031a3af8b9fa7463b212a.62057c3410896704ffdffe083874c4ae9e695c67.png','2935264a762031a3af8b9fa7463b212a','62057c3410896704ffdffe083874c4ae9e695c67'),(1522,'https://assets.mhw-db.com/armor/c0b9ca7ad6ce8bcbf6feafd649dda5f9.4f0aba303a26110b965559099c7ed1d3f893892d.png','c0b9ca7ad6ce8bcbf6feafd649dda5f9','4f0aba303a26110b965559099c7ed1d3f893892d'),(1523,'https://assets.mhw-db.com/armor/621882aac48a04d9a32a76437c267c1c.99db9a7b425c62ee9abe21f6c0be4c8d913bda15.png','621882aac48a04d9a32a76437c267c1c','99db9a7b425c62ee9abe21f6c0be4c8d913bda15'),(1524,'https://assets.mhw-db.com/armor/76c67b27091db685a1726a57256bb26f.d958a67fd77fbe86ee7d958b949e280c2c4ff736.png','76c67b27091db685a1726a57256bb26f','d958a67fd77fbe86ee7d958b949e280c2c4ff736'),(1525,'https://assets.mhw-db.com/armor/4171f128dad4ec1f19d3ce1d672c4a65.aa5359180dac32b6a7026a56ef2429c533b70a7f.png','4171f128dad4ec1f19d3ce1d672c4a65','aa5359180dac32b6a7026a56ef2429c533b70a7f'),(1526,'https://assets.mhw-db.com/armor/59e468093abb0c0ba3e4f330f55852d9.681c8e54777e9a10c965630abdc337d58abd5774.png','59e468093abb0c0ba3e4f330f55852d9','681c8e54777e9a10c965630abdc337d58abd5774'),(1527,'https://assets.mhw-db.com/armor/0c50ffaa26784bf99dcfd46053f2d318.2ff1ea1cfcb85284ce960f1b023e43485fed11dd.png','0c50ffaa26784bf99dcfd46053f2d318','2ff1ea1cfcb85284ce960f1b023e43485fed11dd'),(1528,'https://assets.mhw-db.com/armor/332dc91e05e8531979424a04ce5f9cc1.e0f60a737b599ed5c304a41c7b10502e6023ec82.png','332dc91e05e8531979424a04ce5f9cc1','e0f60a737b599ed5c304a41c7b10502e6023ec82'),(1529,'https://assets.mhw-db.com/armor/f3ce7c23917faa50721919b61e584e9a.b1fe61fdbcbd83ebaf87374bde458b29cd9b49be.png','f3ce7c23917faa50721919b61e584e9a','b1fe61fdbcbd83ebaf87374bde458b29cd9b49be'),(1530,'https://assets.mhw-db.com/armor/88bdfeb5bfaeb80cfccbec2cf0925625.c471c0ee6f2a3aafd17d761fa43cc4c5ae5ac963.png','88bdfeb5bfaeb80cfccbec2cf0925625','c471c0ee6f2a3aafd17d761fa43cc4c5ae5ac963'),(1531,'https://assets.mhw-db.com/armor/966a470ad79db392afce3426336fddb1.6f457e184b82ddf8a176ebcbb7245034dfdf3675.png','966a470ad79db392afce3426336fddb1','6f457e184b82ddf8a176ebcbb7245034dfdf3675'),(1532,'https://assets.mhw-db.com/armor/e01c3ecb066f725e869ec6234210b252.f57abb3f9ddfa5b61c1adb809045abccfbee2bbf.png','e01c3ecb066f725e869ec6234210b252','f57abb3f9ddfa5b61c1adb809045abccfbee2bbf'),(1533,'https://assets.mhw-db.com/armor/22351089b625281fb3edc342c49fcd15.cd45645e90482df75e9742c3320a0df9153311a7.png','22351089b625281fb3edc342c49fcd15','cd45645e90482df75e9742c3320a0df9153311a7'),(1534,'https://assets.mhw-db.com/armor/11fba82d5107084f1a995f80efa2225f.125aca8c43a1477b334526a7e1ad61dd57b06718.png','11fba82d5107084f1a995f80efa2225f','125aca8c43a1477b334526a7e1ad61dd57b06718'),(1535,'https://assets.mhw-db.com/armor/1c4abd7bbc3cae804a7ebe58fee77407.e0323359e18a7bba07f00a5cf57bccea27627e9b.png','1c4abd7bbc3cae804a7ebe58fee77407','e0323359e18a7bba07f00a5cf57bccea27627e9b'),(1536,'https://assets.mhw-db.com/armor/9662ade40fd43ed3cff66c849ed58da5.6f9a1771593eed8c83114a5557f133f926dbdf3c.png','9662ade40fd43ed3cff66c849ed58da5','6f9a1771593eed8c83114a5557f133f926dbdf3c'),(1537,'https://assets.mhw-db.com/armor/a20fb815702ba9251d75887bf57d47aa.8f3a407d3b77cc8b886816b6628b669a3ce8bf1a.png','a20fb815702ba9251d75887bf57d47aa','8f3a407d3b77cc8b886816b6628b669a3ce8bf1a'),(1538,'https://assets.mhw-db.com/armor/a50de82692f227fbcfd67a8292c0f3c6.010adb1a782c12dedd0fcb3adc1a9c16551a6f1a.png','a50de82692f227fbcfd67a8292c0f3c6','010adb1a782c12dedd0fcb3adc1a9c16551a6f1a'),(1539,'https://assets.mhw-db.com/armor/f11e1237df648eac1bb7904fbf4d482c.adde970cb0ec616c76e29dc1d359a55b5d959d7c.png','f11e1237df648eac1bb7904fbf4d482c','adde970cb0ec616c76e29dc1d359a55b5d959d7c'),(1540,'https://assets.mhw-db.com/armor/7de5b76d81a59448db215df7a07e58a3.684e23344e8f330c7ab6a9e09ef7ab056ae0b05d.png','7de5b76d81a59448db215df7a07e58a3','684e23344e8f330c7ab6a9e09ef7ab056ae0b05d'),(1541,'https://assets.mhw-db.com/armor/bf2084dac82eeebc14f88d90f4ce4146.d8366964b7a49e81a0d9d76d350d818953c622d7.png','bf2084dac82eeebc14f88d90f4ce4146','d8366964b7a49e81a0d9d76d350d818953c622d7'),(1542,'https://assets.mhw-db.com/armor/76a02a5538da62169265c43c1f53499d.a3f2196b027b00fe767fca8fd5096b58f7c67378.png','76a02a5538da62169265c43c1f53499d','a3f2196b027b00fe767fca8fd5096b58f7c67378'),(1543,'https://assets.mhw-db.com/armor/6190021ea3733ccacf896df410a44e2e.702d83fe375851fcb1e708e0c5bfc5eb4c63299e.png','6190021ea3733ccacf896df410a44e2e','702d83fe375851fcb1e708e0c5bfc5eb4c63299e'),(1544,'https://assets.mhw-db.com/armor/db22a832315a9d787873b24860b78f7f.58d0f1768861dd400fdc45b8eb9f36912b5b7875.png','db22a832315a9d787873b24860b78f7f','58d0f1768861dd400fdc45b8eb9f36912b5b7875'),(1545,'https://assets.mhw-db.com/armor/c2bd5fafb74b18ae245edb2617e43694.2bb3f16350977a313d9100f7184f1ad5d6c2cf99.png','c2bd5fafb74b18ae245edb2617e43694','2bb3f16350977a313d9100f7184f1ad5d6c2cf99'),(1546,'https://assets.mhw-db.com/armor/626cf9cbcd4ada3a2f2a4c44a0fcf6b2.d384cc693dbd99e34c3151320b7b65d5dcdfe162.png','626cf9cbcd4ada3a2f2a4c44a0fcf6b2','d384cc693dbd99e34c3151320b7b65d5dcdfe162'),(1547,'https://assets.mhw-db.com/armor/5ca8629799eb36de9107ef4bda6903de.cf98f6735be6e405e632c22e84897958f20d2d9a.png','5ca8629799eb36de9107ef4bda6903de','cf98f6735be6e405e632c22e84897958f20d2d9a'),(1548,'https://assets.mhw-db.com/armor/ffcf1c97f0c78ad4128719f3de5fa73c.eb689470ddda7256a1335bbc2e0fb44ba3e45b8a.png','ffcf1c97f0c78ad4128719f3de5fa73c','eb689470ddda7256a1335bbc2e0fb44ba3e45b8a'),(1549,'https://assets.mhw-db.com/armor/4a4a1e15a489637473eb0a973a0926cc.dd60ed9ce5e332b5e40b183b9aeab1035fda2ad4.png','4a4a1e15a489637473eb0a973a0926cc','dd60ed9ce5e332b5e40b183b9aeab1035fda2ad4'),(1550,'https://assets.mhw-db.com/armor/5f1a75ff558eaec3216d5cec135ede22.5185d7ad6b0ae6bb708ce734e716ec2364e1e512.png','5f1a75ff558eaec3216d5cec135ede22','5185d7ad6b0ae6bb708ce734e716ec2364e1e512'),(1551,'https://assets.mhw-db.com/armor/6ff77ab9179c2b222738f223618a8b80.445e1c0bc0442a0469ddc4aadaef63ae6975f724.png','6ff77ab9179c2b222738f223618a8b80','445e1c0bc0442a0469ddc4aadaef63ae6975f724'),(1552,'https://assets.mhw-db.com/armor/28b9c257db0c819c38c1db170973c941.0d8c6614976902b37cd65ed8432db0bc54af47e0.png','28b9c257db0c819c38c1db170973c941','0d8c6614976902b37cd65ed8432db0bc54af47e0'),(1553,'https://assets.mhw-db.com/armor/6dd7dd39ada27a8f6e5692b7c5328ec4.3957c37fd5d0adeae115adaa9f8bcdb0fe438b2f.png','6dd7dd39ada27a8f6e5692b7c5328ec4','3957c37fd5d0adeae115adaa9f8bcdb0fe438b2f'),(1554,'https://assets.mhw-db.com/armor/230bd2b5e44871660bd99e5125c42272.b2042c7cac3e3d22b0efc0e31917e5d08bdd9001.png','230bd2b5e44871660bd99e5125c42272','b2042c7cac3e3d22b0efc0e31917e5d08bdd9001'),(1555,'https://assets.mhw-db.com/armor/d112985a539572b3886322bd8d49238d.140b89cd3acd0af317f32d5d0acce5d1b4a22f4c.png','d112985a539572b3886322bd8d49238d','140b89cd3acd0af317f32d5d0acce5d1b4a22f4c'),(1556,'https://assets.mhw-db.com/armor/7882a96e8e83a9de6a4177f30d924eaa.6988ed1f025d145631b5fd67777c0016ee180997.png','7882a96e8e83a9de6a4177f30d924eaa','6988ed1f025d145631b5fd67777c0016ee180997'),(1557,'https://assets.mhw-db.com/armor/d5177421df40ac98c9924ac426a4c6f2.5a150e40fb7a2f8cc469c33810e0eb4ec4f3612d.png','d5177421df40ac98c9924ac426a4c6f2','5a150e40fb7a2f8cc469c33810e0eb4ec4f3612d'),(1558,'https://assets.mhw-db.com/armor/e07ca80ec03b7f45a154e31061a3402e.86bdb7946b361d70d774ab26bf875b32f53431c8.png','e07ca80ec03b7f45a154e31061a3402e','86bdb7946b361d70d774ab26bf875b32f53431c8'),(1559,'https://assets.mhw-db.com/armor/bc4c9ed507f1f1dbcac0fbe6b3cd89d6.3d7ebbb6c32cf9ffe8c3f17896390629c1d66d65.png','bc4c9ed507f1f1dbcac0fbe6b3cd89d6','3d7ebbb6c32cf9ffe8c3f17896390629c1d66d65'),(1560,'https://assets.mhw-db.com/armor/feec99bd720287d1855c49f274939efc.824ab5934bff5983ed5fbd2a607a839f0e31943c.png','feec99bd720287d1855c49f274939efc','824ab5934bff5983ed5fbd2a607a839f0e31943c'),(1561,'https://assets.mhw-db.com/armor/2c5545b07e2281b7c10fd5b7b1d34208.322fad6e02e0526bfaaec3572818bbeb2d2cb3f2.png','2c5545b07e2281b7c10fd5b7b1d34208','322fad6e02e0526bfaaec3572818bbeb2d2cb3f2'),(1562,'https://assets.mhw-db.com/armor/b078c6543263143ca1022968cacdc65e.62599041a0ff476c3f12d6b91bcd0dcdd5070c6e.png','b078c6543263143ca1022968cacdc65e','62599041a0ff476c3f12d6b91bcd0dcdd5070c6e'),(1563,'https://assets.mhw-db.com/armor/4e7496d2c29bbe67c050eb25b1a02172.494eef472f07266ca3aa95bbc7a07a3676056961.png','4e7496d2c29bbe67c050eb25b1a02172','494eef472f07266ca3aa95bbc7a07a3676056961'),(1564,'https://assets.mhw-db.com/armor/bec17d86a24c0f334612ec33c7d29243.f5daed1c79b64d7f48f05cc30f41883cfbfb3d12.png','bec17d86a24c0f334612ec33c7d29243','f5daed1c79b64d7f48f05cc30f41883cfbfb3d12'),(1565,'https://assets.mhw-db.com/armor/019dc74535a07e8d55c547957910c8b2.d414dc01b3db81c9bfd070053288b5734cd17fe0.png','019dc74535a07e8d55c547957910c8b2','d414dc01b3db81c9bfd070053288b5734cd17fe0'),(1566,'https://assets.mhw-db.com/armor/6c2340ded1246891be64e860ecc6cb04.4e78bd57a895caa776fd36880ceb45b09c8ff234.png','6c2340ded1246891be64e860ecc6cb04','4e78bd57a895caa776fd36880ceb45b09c8ff234'),(1567,'https://assets.mhw-db.com/armor/20edc46d8202025d644d8ae11b71af92.25aec4a7a59883b233ab7cc029e275b9b9db814b.png','20edc46d8202025d644d8ae11b71af92','25aec4a7a59883b233ab7cc029e275b9b9db814b'),(1568,'https://assets.mhw-db.com/armor/14422ea2e0236f1bda23abb31b98cf13.1ddeeff5922fd03416a2ff4942561a45cf2088b5.png','14422ea2e0236f1bda23abb31b98cf13','1ddeeff5922fd03416a2ff4942561a45cf2088b5'),(1569,'https://assets.mhw-db.com/armor/44ddb754349555826a3b9838890c6aa9.5aaaaa2291f07a60a0deb2a5c502dcabfa2aaa39.png','44ddb754349555826a3b9838890c6aa9','5aaaaa2291f07a60a0deb2a5c502dcabfa2aaa39'),(1570,'https://assets.mhw-db.com/armor/853badd16c43616f151ece0365dd4ba4.8205d62734c1e80b6dc5453a82a23710fee1ee67.png','853badd16c43616f151ece0365dd4ba4','8205d62734c1e80b6dc5453a82a23710fee1ee67'),(1571,'https://assets.mhw-db.com/armor/05de1390d7e2ec081e07c9ea742f7632.b5d0c27057fd5c19b5efbe48ed6cc6ae566a8de0.png','05de1390d7e2ec081e07c9ea742f7632','b5d0c27057fd5c19b5efbe48ed6cc6ae566a8de0'),(1572,'https://assets.mhw-db.com/armor/8c44641e4c7240e57880b2ab2a721114.c407824802f0c4c404bcc1bf8d49af1b9a843d30.png','8c44641e4c7240e57880b2ab2a721114','c407824802f0c4c404bcc1bf8d49af1b9a843d30'),(1573,'https://assets.mhw-db.com/armor/15076ff84eee823be87039ddaf88fbf4.a2a2ec7dcb8c381fb841b3f705320d24e77d64de.png','15076ff84eee823be87039ddaf88fbf4','a2a2ec7dcb8c381fb841b3f705320d24e77d64de'),(1574,'https://assets.mhw-db.com/armor/5e9fcd9a104e7ac73d9372dd60a7c120.2b01fc6ad6cb1d11dfb9fce657e35103f61306fc.png','5e9fcd9a104e7ac73d9372dd60a7c120','2b01fc6ad6cb1d11dfb9fce657e35103f61306fc'),(1575,'https://assets.mhw-db.com/armor/5a87aca361cd97dc412c2838d4ffa70a.c83117b1a2eaff756b1a7632f2d91a5b9a098a8e.png','5a87aca361cd97dc412c2838d4ffa70a','c83117b1a2eaff756b1a7632f2d91a5b9a098a8e'),(1576,'https://assets.mhw-db.com/armor/ded381ea169406a8952e3aa9a20b7411.0e0fe15e2792897100daa3249f37983e68d56144.png','ded381ea169406a8952e3aa9a20b7411','0e0fe15e2792897100daa3249f37983e68d56144'),(1577,'https://assets.mhw-db.com/armor/20c5ee905dd06f51cc50d753d912752a.35264a1b1d68aa2cb6a6079bf7612d19c76c5a8d.png','20c5ee905dd06f51cc50d753d912752a','35264a1b1d68aa2cb6a6079bf7612d19c76c5a8d'),(1578,'https://assets.mhw-db.com/armor/4920c3c3433235d1261375d02c23299e.5b22304f751c4f076204edf56ad1f9b37902af48.png','4920c3c3433235d1261375d02c23299e','5b22304f751c4f076204edf56ad1f9b37902af48'),(1579,'https://assets.mhw-db.com/armor/5f89b73e2831e9a7b22fd85daff20fd3.ccd2f43c5e24b5a8bffb3700e3ff83c08526b4e5.png','5f89b73e2831e9a7b22fd85daff20fd3','ccd2f43c5e24b5a8bffb3700e3ff83c08526b4e5'),(1580,'https://assets.mhw-db.com/armor/4525e3eabc724d9b2d16a9bffd411e8d.26923a321cc6dfe516cf697456d23fc5eed04861.png','4525e3eabc724d9b2d16a9bffd411e8d','26923a321cc6dfe516cf697456d23fc5eed04861'),(1581,'https://assets.mhw-db.com/armor/7bd9e25738df0c7cb62b9c4b052cb8a6.8fe6961ac80eaa1e061ba22b612b9a255a875f3d.png','7bd9e25738df0c7cb62b9c4b052cb8a6','8fe6961ac80eaa1e061ba22b612b9a255a875f3d'),(1582,'https://assets.mhw-db.com/armor/5f83ac981cb3759422c06471db1762c5.dfb4a659ce3b893280773299ba92ae56a4fa712b.png','5f83ac981cb3759422c06471db1762c5','dfb4a659ce3b893280773299ba92ae56a4fa712b'),(1583,'https://assets.mhw-db.com/armor/3b7de31760d5a7a39191b768e933bbaa.b4e143aa3ed429d57d7484de074e22e242172b53.png','3b7de31760d5a7a39191b768e933bbaa','b4e143aa3ed429d57d7484de074e22e242172b53'),(1584,'https://assets.mhw-db.com/armor/173a5aa3d0678d5528538895db59ae03.4b4a8749ddc0d104939b2b56483e3d7d3961bdd5.png','173a5aa3d0678d5528538895db59ae03','4b4a8749ddc0d104939b2b56483e3d7d3961bdd5'),(1585,'https://assets.mhw-db.com/armor/5caf946f4cfb896785fef6d8534a716b.5cf74555a5790611c9c278416801c877a2fd6707.png','5caf946f4cfb896785fef6d8534a716b','5cf74555a5790611c9c278416801c877a2fd6707'),(1586,'https://assets.mhw-db.com/armor/2a3582c4beaf2842690d5195fef61026.08d1bea6bc7ce5a39617bc058a0fae51de8a6fd1.png','2a3582c4beaf2842690d5195fef61026','08d1bea6bc7ce5a39617bc058a0fae51de8a6fd1'),(1587,'https://assets.mhw-db.com/armor/1ef6db0d0186b6d735d99780fe3035b5.8631e05c7882f78e9f1576f2ddc377c190d2bb9a.png','1ef6db0d0186b6d735d99780fe3035b5','8631e05c7882f78e9f1576f2ddc377c190d2bb9a'),(1588,'https://assets.mhw-db.com/armor/76ce28eefa1d64368ffa2599289e4b05.5936d0a274838aceb22d0d4a3f058d76188569e6.png','76ce28eefa1d64368ffa2599289e4b05','5936d0a274838aceb22d0d4a3f058d76188569e6'),(1589,'https://assets.mhw-db.com/armor/24f0e296e00e12a9244befac0835881e.18e633ba1ed94e49b1342990651976beef5f0a8e.png','24f0e296e00e12a9244befac0835881e','18e633ba1ed94e49b1342990651976beef5f0a8e'),(1590,'https://assets.mhw-db.com/armor/e34708d8be348a3d584e8e9d5cb0365e.5c7d0898332fe6d8be5e42b725a1ea22a3158861.png','e34708d8be348a3d584e8e9d5cb0365e','5c7d0898332fe6d8be5e42b725a1ea22a3158861'),(1591,'https://assets.mhw-db.com/armor/127b5ac77d0dddc2d0065bfd114e43bc.e116b9a9cb7f588592cabaebee699650211d145c.png','127b5ac77d0dddc2d0065bfd114e43bc','e116b9a9cb7f588592cabaebee699650211d145c'),(1592,'https://assets.mhw-db.com/armor/1a33d01e21a4e16cc43b1760e875d2eb.ec4b76c789c2a0940baa590060beb9716cae1b52.png','1a33d01e21a4e16cc43b1760e875d2eb','ec4b76c789c2a0940baa590060beb9716cae1b52'),(1593,'https://assets.mhw-db.com/armor/6d85d8c7b6e7ca30a5894583080c1511.026c23e380c48de323367df4904105d0c1009f92.png','6d85d8c7b6e7ca30a5894583080c1511','026c23e380c48de323367df4904105d0c1009f92'),(1594,'https://assets.mhw-db.com/armor/1630e37e09d72e79b1045888815cbd94.02a4963fde9127474387806dd1591c9c3a3edc42.png','1630e37e09d72e79b1045888815cbd94','02a4963fde9127474387806dd1591c9c3a3edc42'),(1595,'https://assets.mhw-db.com/armor/1a93d7028d42a3bb00f28f2149b1b808.8f116621fd342c8ba032475d4f487694672a22d9.png','1a93d7028d42a3bb00f28f2149b1b808','8f116621fd342c8ba032475d4f487694672a22d9'),(1596,'https://assets.mhw-db.com/armor/7a7246d092db55c15f58d847d8010e88.849857138170c008c63cc27f95d1d146afa52b2f.png','7a7246d092db55c15f58d847d8010e88','849857138170c008c63cc27f95d1d146afa52b2f'),(1597,'https://assets.mhw-db.com/armor/3a30fb08e063db91221ae0ca10c58fb0.c4caf43335716f0fc355371577a79d0440744329.png','3a30fb08e063db91221ae0ca10c58fb0','c4caf43335716f0fc355371577a79d0440744329'),(1598,'https://assets.mhw-db.com/armor/8e0185dc1c35f3847dfcbeebf3db5044.2ef94f12642093eb1493c8d866b73ac6fccce0b7.png','8e0185dc1c35f3847dfcbeebf3db5044','2ef94f12642093eb1493c8d866b73ac6fccce0b7'),(1599,'https://assets.mhw-db.com/armor/7ba5f2a81c6e29176688141de6e91331.da0197bd7a67331016814cc89d69bd3e039cf29f.png','7ba5f2a81c6e29176688141de6e91331','da0197bd7a67331016814cc89d69bd3e039cf29f'),(1600,'https://assets.mhw-db.com/armor/64ca696b30cbe1213473a35e1d4c96d4.ebf702cabb73a01f80a1db01bef779a5cbb30bad.png','64ca696b30cbe1213473a35e1d4c96d4','ebf702cabb73a01f80a1db01bef779a5cbb30bad'),(1601,'https://assets.mhw-db.com/armor/36843bb6efda9158f283dd4e25784e6e.eb78999f99305c25851751357591312d51153c48.png','36843bb6efda9158f283dd4e25784e6e','eb78999f99305c25851751357591312d51153c48'),(1602,'https://assets.mhw-db.com/armor/a6ac7d90584e815661301f4b6bba05ea.167231c9a0a5b128451443b4eb891c5ed79cd50f.png','a6ac7d90584e815661301f4b6bba05ea','167231c9a0a5b128451443b4eb891c5ed79cd50f'),(1603,'https://assets.mhw-db.com/armor/a9c60bd611b5a083d6af1bf2d848d8f8.5c2a8d9130af12e27ca0192677e2beaa3c53d8e5.png','a9c60bd611b5a083d6af1bf2d848d8f8','5c2a8d9130af12e27ca0192677e2beaa3c53d8e5'),(1604,'https://assets.mhw-db.com/armor/0e5369080c99c30ebae516fa8c597fd1.8f5d5fbb59cedefcacc2ce6ca1dc46726b8f9dba.png','0e5369080c99c30ebae516fa8c597fd1','8f5d5fbb59cedefcacc2ce6ca1dc46726b8f9dba'),(1605,'https://assets.mhw-db.com/armor/c0f24677b2ed63a1491151bf38e15139.7081aea3a7e4673ce6dcedf99621f03fac5ffa1b.png','c0f24677b2ed63a1491151bf38e15139','7081aea3a7e4673ce6dcedf99621f03fac5ffa1b'),(1606,'https://assets.mhw-db.com/armor/62c981116947ea67013edcd247f05db4.f80fc0b5d35ca4467a3898567b0cdd70ce9b2edf.png','62c981116947ea67013edcd247f05db4','f80fc0b5d35ca4467a3898567b0cdd70ce9b2edf'),(1607,'https://assets.mhw-db.com/armor/f591bd1e10b13a293b287b9f5e5609b3.b14b2ef8d6d0325363933d38cdfdf285619d6d88.png','f591bd1e10b13a293b287b9f5e5609b3','b14b2ef8d6d0325363933d38cdfdf285619d6d88'),(1608,'https://assets.mhw-db.com/armor/0cf3e5de0ac6a49d398f1efbcbb39936.75732ab20d5372aee8bd9f421bf7e3f3017c1848.png','0cf3e5de0ac6a49d398f1efbcbb39936','75732ab20d5372aee8bd9f421bf7e3f3017c1848'),(1609,'https://assets.mhw-db.com/armor/7a2abde8c60722dc1523d68bd75a884c.65f43a8a5167f1af3d54466ad3c655d431a9c580.png','7a2abde8c60722dc1523d68bd75a884c','65f43a8a5167f1af3d54466ad3c655d431a9c580'),(1610,'https://assets.mhw-db.com/armor/1cc5458f07f22ebeb16ce72a41ac453b.92e0cec08141ec457bd36d8f73648b43dd0e6f05.png','1cc5458f07f22ebeb16ce72a41ac453b','92e0cec08141ec457bd36d8f73648b43dd0e6f05'),(1611,'https://assets.mhw-db.com/armor/eb050db883de8b9fc14ef62ed8672efa.09fd8e299ce3a9ce5901a142e3caf9644dbbcc4b.png','eb050db883de8b9fc14ef62ed8672efa','09fd8e299ce3a9ce5901a142e3caf9644dbbcc4b'),(1612,'https://assets.mhw-db.com/armor/5f017c45b30024d545d8141739f528c8.c34982f55f3e63a669e0019b3653656dc080c3a0.png','5f017c45b30024d545d8141739f528c8','c34982f55f3e63a669e0019b3653656dc080c3a0'),(1613,'https://assets.mhw-db.com/armor/03d96543627a220dd445370be2998b33.c2a31f93b9295e07acac4060927b7db92a01be93.png','03d96543627a220dd445370be2998b33','c2a31f93b9295e07acac4060927b7db92a01be93'),(1614,'https://assets.mhw-db.com/armor/d93b88b87571a009a807720867c14453.474f4db82efb3e3dc5c72b0d627ad5a5ce09a1d3.png','d93b88b87571a009a807720867c14453','474f4db82efb3e3dc5c72b0d627ad5a5ce09a1d3'),(1615,'https://assets.mhw-db.com/armor/dd944d9ccc35158a647e27caeb6178ad.da04be6b8b99534482926133509f700e725d0bd9.png','dd944d9ccc35158a647e27caeb6178ad','da04be6b8b99534482926133509f700e725d0bd9'),(1616,'https://assets.mhw-db.com/armor/2844ea3aed0017f47107b0379d74a5d3.748e9e36fb9c4a8b2a39593a9f60ec66f675492f.png','2844ea3aed0017f47107b0379d74a5d3','748e9e36fb9c4a8b2a39593a9f60ec66f675492f'),(1617,'https://assets.mhw-db.com/armor/e0064b268d8c6a86e1839f0512c6fec9.5938ca0ca8875c7db055e3bc382cab5821c2ce72.png','e0064b268d8c6a86e1839f0512c6fec9','5938ca0ca8875c7db055e3bc382cab5821c2ce72'),(1618,'https://assets.mhw-db.com/armor/ac22956db0e5541c8b81391c7ce611da.68dff245fa2d9ec6ba63cc9e29e64af4bb904da7.png','ac22956db0e5541c8b81391c7ce611da','68dff245fa2d9ec6ba63cc9e29e64af4bb904da7'),(1619,'https://assets.mhw-db.com/armor/b7b67faa9fad7d3b1933d7534198d449.6e86fb424bbb92f37a8687ed6eaf64c5c122f8ec.png','b7b67faa9fad7d3b1933d7534198d449','6e86fb424bbb92f37a8687ed6eaf64c5c122f8ec'),(1620,'https://assets.mhw-db.com/armor/93d44bad8c5d30ffdd2c19e07580d17c.4b8167ae63da8a44dbdfc20d44a57f2a43384fb8.png','93d44bad8c5d30ffdd2c19e07580d17c','4b8167ae63da8a44dbdfc20d44a57f2a43384fb8'),(1621,'https://assets.mhw-db.com/armor/0319bd3621415c1392e03f1791db3455.38fdf22313a55c69c008d3cd05ee70050c720389.png','0319bd3621415c1392e03f1791db3455','38fdf22313a55c69c008d3cd05ee70050c720389'),(1622,'https://assets.mhw-db.com/armor/b42eec5ccc8b7deeeb35526996f1a4e4.70cccb4e1c1838b7be5f5bc44fdd107e37e071cd.png','b42eec5ccc8b7deeeb35526996f1a4e4','70cccb4e1c1838b7be5f5bc44fdd107e37e071cd'),(1623,'https://assets.mhw-db.com/armor/22f4742796e10a47d6df9da1fb0f3eb9.5c5730e7cabc77d808ee1efd4c78ca825feec021.png','22f4742796e10a47d6df9da1fb0f3eb9','5c5730e7cabc77d808ee1efd4c78ca825feec021'),(1624,'https://assets.mhw-db.com/armor/ee6d688dba1d67acafa893a6032b2d15.071df535def5cb350b24d0ae6de6af65e46e28f9.png','ee6d688dba1d67acafa893a6032b2d15','071df535def5cb350b24d0ae6de6af65e46e28f9'),(1625,'https://assets.mhw-db.com/armor/969d175e8565a6203d0813c9b9d0980a.60468a521e5aec2cc6f8614e50ee978f31ca637d.png','969d175e8565a6203d0813c9b9d0980a','60468a521e5aec2cc6f8614e50ee978f31ca637d'),(1626,'https://assets.mhw-db.com/armor/5b6cea3791893029f030c5031549a0ce.b3698a4812c132ece31f9012583f25c97ed56b19.png','5b6cea3791893029f030c5031549a0ce','b3698a4812c132ece31f9012583f25c97ed56b19'),(1627,'https://assets.mhw-db.com/armor/ba123572ae63fb0a19f593c6d6f2ca1c.b9c018a7f0056fdb631ee9ebef308dbab76289d7.png','ba123572ae63fb0a19f593c6d6f2ca1c','b9c018a7f0056fdb631ee9ebef308dbab76289d7'),(1628,'https://assets.mhw-db.com/armor/9a5cd4683822d55ba47404450dcd39a7.dd4fe62ba31d258a6b61cad1a0bd4f89dc5ae0a6.png','9a5cd4683822d55ba47404450dcd39a7','dd4fe62ba31d258a6b61cad1a0bd4f89dc5ae0a6'),(1629,'https://assets.mhw-db.com/armor/0c7749e35a377b925597b698e94fc314.8df3efafb41ae72a7c142bf3b6cea914b6ee7f25.png','0c7749e35a377b925597b698e94fc314','8df3efafb41ae72a7c142bf3b6cea914b6ee7f25'),(1630,'https://assets.mhw-db.com/armor/98f27230a6a22027e87986b0d8f5f5ef.61fc3c314ef49b9553a9a6d914d43c0ad1e85176.png','98f27230a6a22027e87986b0d8f5f5ef','61fc3c314ef49b9553a9a6d914d43c0ad1e85176'),(1631,'https://assets.mhw-db.com/armor/175a9bdd1b778da40e04db2d785daaf7.bd962c8363e57ea02b3fb0a73f01808bcd82ca34.png','175a9bdd1b778da40e04db2d785daaf7','bd962c8363e57ea02b3fb0a73f01808bcd82ca34'),(1632,'https://assets.mhw-db.com/armor/c80e75c31c256d273ef15fe7feb0feef.78e3d0499b6d89aeb15754ab030f0955d095ed30.png','c80e75c31c256d273ef15fe7feb0feef','78e3d0499b6d89aeb15754ab030f0955d095ed30'),(1633,'https://assets.mhw-db.com/armor/2565939093eb049394d1205a615d3559.50fb5399dec833d0887d5a8867d7a69b9172f088.png','2565939093eb049394d1205a615d3559','50fb5399dec833d0887d5a8867d7a69b9172f088'),(1634,'https://assets.mhw-db.com/armor/25806d239f8a695ddac9d74332959538.0770768c589ad66eff518baeff02fde0d03826af.png','25806d239f8a695ddac9d74332959538','0770768c589ad66eff518baeff02fde0d03826af'),(1635,'https://assets.mhw-db.com/armor/385c7c2fb2b8959afeb5cd80fb579759.110ac9ba7f79a08603ebcd65b8ae65e8d8bddd79.png','385c7c2fb2b8959afeb5cd80fb579759','110ac9ba7f79a08603ebcd65b8ae65e8d8bddd79'),(1636,'https://assets.mhw-db.com/armor/21cccb4266c42ca1b9a1df3322be6f28.6113b864547f15bc5925b534589ad8c1fe670aa8.png','21cccb4266c42ca1b9a1df3322be6f28','6113b864547f15bc5925b534589ad8c1fe670aa8'),(1637,'https://assets.mhw-db.com/armor/8950e48938319cd431c49177bb5a13c7.36d49db362050fa95abc46687805cfe7122a184d.png','8950e48938319cd431c49177bb5a13c7','36d49db362050fa95abc46687805cfe7122a184d'),(1638,'https://assets.mhw-db.com/armor/a9643a9263cc6fc681ab6e56bcfa85ec.3b3e9497cb1902aaa927682c7463e0c391513f30.png','a9643a9263cc6fc681ab6e56bcfa85ec','3b3e9497cb1902aaa927682c7463e0c391513f30'),(1639,'https://assets.mhw-db.com/armor/21d519530c1a3ca9a2447231e5c49d97.d3d43ab282d6f84b5679bc5316d5f27f8a3e18a0.png','21d519530c1a3ca9a2447231e5c49d97','d3d43ab282d6f84b5679bc5316d5f27f8a3e18a0'),(1640,'https://assets.mhw-db.com/armor/bc09c4d471f00def14ae8669a515a354.7530fe2e137fc5382510444eb1b67ff3c71f9f83.png','bc09c4d471f00def14ae8669a515a354','7530fe2e137fc5382510444eb1b67ff3c71f9f83'),(1641,'https://assets.mhw-db.com/armor/d0fcb04a25edd6d1334af6d6cd733639.481d05a2127f20676164ce4204c40564d86b5c94.png','d0fcb04a25edd6d1334af6d6cd733639','481d05a2127f20676164ce4204c40564d86b5c94'),(1642,'https://assets.mhw-db.com/armor/5fc88f7f8aab404de8bd7175b37a3670.5fa9ab8a1395d91e4f6305809041335356a8e366.png','5fc88f7f8aab404de8bd7175b37a3670','5fa9ab8a1395d91e4f6305809041335356a8e366'),(1643,'https://assets.mhw-db.com/armor/1e2f9521af091f65fa2d389f7f1417c0.b38ccfd7c6ecf89533cbe9c4ad9387eadee77d23.png','1e2f9521af091f65fa2d389f7f1417c0','b38ccfd7c6ecf89533cbe9c4ad9387eadee77d23'),(1644,'https://assets.mhw-db.com/armor/fe23962a6004646322525854183d7ab3.9fa96e78c6e30113fda89c81ebc5bff1412c4f87.png','fe23962a6004646322525854183d7ab3','9fa96e78c6e30113fda89c81ebc5bff1412c4f87'),(1645,'https://assets.mhw-db.com/armor/786ff534245cbefc472b68a0872a7273.72b82802a2251d80024026547274f1c03b5a4e52.png','786ff534245cbefc472b68a0872a7273','72b82802a2251d80024026547274f1c03b5a4e52'),(1646,'https://assets.mhw-db.com/armor/449721514d3c281ecdf59ba95bc06d2c.b1b01f89f49cc8a81e11578fed56032b6b6083d8.png','449721514d3c281ecdf59ba95bc06d2c','b1b01f89f49cc8a81e11578fed56032b6b6083d8'),(1647,'https://assets.mhw-db.com/armor/92ce5a9d8a28e72a556cf9cbee1e1174.e4323aa6ad770e46e9dc679b8a091003454ff3ec.png','92ce5a9d8a28e72a556cf9cbee1e1174','e4323aa6ad770e46e9dc679b8a091003454ff3ec'),(1648,'https://assets.mhw-db.com/armor/4efb788f6ee947ea1f5b2ddd4d1dafc6.78c16c11d4b9122067b9649b091f064b931c2533.png','4efb788f6ee947ea1f5b2ddd4d1dafc6','78c16c11d4b9122067b9649b091f064b931c2533'),(1649,'https://assets.mhw-db.com/armor/c4d6b2bb375a2623af224146a983d664.76e5ae1b2e866129fd20c80db99145d60666766b.png','c4d6b2bb375a2623af224146a983d664','76e5ae1b2e866129fd20c80db99145d60666766b'),(1650,'https://assets.mhw-db.com/armor/4dd91510dc5e4b04b8bedee5f39992ea.3e049cbbf03220ea642be0a5c60e5d11a1f164a7.png','4dd91510dc5e4b04b8bedee5f39992ea','3e049cbbf03220ea642be0a5c60e5d11a1f164a7'),(1651,'https://assets.mhw-db.com/armor/962ab8a566138930b847da5396317fe7.d65152abd8392e87346f3bfed6100e47f41da8d5.png','962ab8a566138930b847da5396317fe7','d65152abd8392e87346f3bfed6100e47f41da8d5'),(1652,'https://assets.mhw-db.com/armor/0778cfa050c0f8587efb3258a083e69a.8fbf5eaecb9757a76e5c21dc8660c68f386ba287.png','0778cfa050c0f8587efb3258a083e69a','8fbf5eaecb9757a76e5c21dc8660c68f386ba287'),(1653,'https://assets.mhw-db.com/armor/72026b31b320aa85c4489066d7f4875b.b1bf0c76f57e146ca309279de458c49824f0bbbb.png','72026b31b320aa85c4489066d7f4875b','b1bf0c76f57e146ca309279de458c49824f0bbbb'),(1654,'https://assets.mhw-db.com/armor/e65875d00b95bb51a568c2e18374a8d4.cd888b2f4f2dc2a3747013b4f8badef2d1a05370.png','e65875d00b95bb51a568c2e18374a8d4','cd888b2f4f2dc2a3747013b4f8badef2d1a05370'),(1655,'https://assets.mhw-db.com/armor/e39b7cb06176c9b07b9e1715d6827a21.7d3451f9092795bc47cd616701ab320eb939345a.png','e39b7cb06176c9b07b9e1715d6827a21','7d3451f9092795bc47cd616701ab320eb939345a'),(1656,'https://assets.mhw-db.com/armor/24dd0c8d582742ff158aafdc687b0954.fae2caf0e86c90e5a400737b238304e79ae525d7.png','24dd0c8d582742ff158aafdc687b0954','fae2caf0e86c90e5a400737b238304e79ae525d7'),(1657,'https://assets.mhw-db.com/armor/85fc26c99ca17a7cf37265cfa443443e.51544617623f21ae5deb4809125b6a39dae9eb81.png','85fc26c99ca17a7cf37265cfa443443e','51544617623f21ae5deb4809125b6a39dae9eb81'),(1658,'https://assets.mhw-db.com/armor/32b0482c7d2b17afa8e6ab0fcbe18f7c.56862efd4b57f4edf31337d6858ee49dd6221ed1.png','32b0482c7d2b17afa8e6ab0fcbe18f7c','56862efd4b57f4edf31337d6858ee49dd6221ed1'),(1659,'https://assets.mhw-db.com/armor/8c33558e701f1d49fede71b359a85185.1805a13a5d9dc1107a77edc962af6cf17f313cf4.png','8c33558e701f1d49fede71b359a85185','1805a13a5d9dc1107a77edc962af6cf17f313cf4'),(1660,'https://assets.mhw-db.com/armor/ad7f063caf167422436efbac3cac7305.fc3ee213ae4e25a2ecc16270332a62149d55465f.png','ad7f063caf167422436efbac3cac7305','fc3ee213ae4e25a2ecc16270332a62149d55465f'),(1661,'https://assets.mhw-db.com/armor/75c33d04c9e6774fb4df823ec2adc47f.8bc9329e903df202422c31120a35de0c76fda7f1.png','75c33d04c9e6774fb4df823ec2adc47f','8bc9329e903df202422c31120a35de0c76fda7f1'),(1662,'https://assets.mhw-db.com/armor/6caa57359055b47dd63aaa8d7a8812d7.1bf67f67772527522e82411fe00e5df550e95b49.png','6caa57359055b47dd63aaa8d7a8812d7','1bf67f67772527522e82411fe00e5df550e95b49'),(1663,'https://assets.mhw-db.com/armor/c1a333655ac03d55e7271bcc0f6bd18e.483e3df102ad5a9e978ddbace3eef691dd0d8939.png','c1a333655ac03d55e7271bcc0f6bd18e','483e3df102ad5a9e978ddbace3eef691dd0d8939'),(1664,'https://assets.mhw-db.com/armor/b454fabdbdf92d59e7b359f9d486fa3c.fde313363af5af873fa79cdd845962810e54172b.png','b454fabdbdf92d59e7b359f9d486fa3c','fde313363af5af873fa79cdd845962810e54172b'),(1665,'https://assets.mhw-db.com/armor/a6ae8b381eafba2bc355d69f36bed4ea.300f58afc2b79c5e8a01cf32a78fbb905aa00abc.png','a6ae8b381eafba2bc355d69f36bed4ea','300f58afc2b79c5e8a01cf32a78fbb905aa00abc'),(1666,'https://assets.mhw-db.com/armor/690d04dc57831d68d338914bb173834b.8a7ab6de6fad8678c221126482cfb0a2673152d1.png','690d04dc57831d68d338914bb173834b','8a7ab6de6fad8678c221126482cfb0a2673152d1'),(1667,'https://assets.mhw-db.com/armor/1a783060bc15fd3d6a5ffa8ccfb9954f.7b12eb214946b6632572dc51c13d444d8142c504.png','1a783060bc15fd3d6a5ffa8ccfb9954f','7b12eb214946b6632572dc51c13d444d8142c504'),(1668,'https://assets.mhw-db.com/armor/17871167885f51beb44bb513ed31cfa5.a820b5052b0c4111a20e5759c073ab726680cb89.png','17871167885f51beb44bb513ed31cfa5','a820b5052b0c4111a20e5759c073ab726680cb89'),(1669,'https://assets.mhw-db.com/armor/69f6094840126e111cff33492dbfeb66.03f40b6a74764a3944c76f58f80eb706e653556b.png','69f6094840126e111cff33492dbfeb66','03f40b6a74764a3944c76f58f80eb706e653556b'),(1670,'https://assets.mhw-db.com/armor/02e2c455b66a0c4f5af73b7fe0f4b738.7fc9611fbb6b44161f33bf18689c01c2386a06a0.png','02e2c455b66a0c4f5af73b7fe0f4b738','7fc9611fbb6b44161f33bf18689c01c2386a06a0'),(1671,'https://assets.mhw-db.com/armor/476ae1b66b968c17043bd1525de3dbc7.da6864dbc4d37d49ab2def0eae9ae8deed3a4bed.png','476ae1b66b968c17043bd1525de3dbc7','da6864dbc4d37d49ab2def0eae9ae8deed3a4bed'),(1672,'https://assets.mhw-db.com/armor/9a6815ed7ac19548455e547b583b8ba1.a4793b698b0663e88b34314af14a359ba046fbd0.png','9a6815ed7ac19548455e547b583b8ba1','a4793b698b0663e88b34314af14a359ba046fbd0'),(1673,'https://assets.mhw-db.com/armor/5fa24d99bbf23f71bae659ab9a4c6f6b.65457b0bd66e6e13129c5ef0838bfba1db131fd5.png','5fa24d99bbf23f71bae659ab9a4c6f6b','65457b0bd66e6e13129c5ef0838bfba1db131fd5'),(1674,'https://assets.mhw-db.com/armor/915b64e062bbe59b93c22e48958a1893.acd668bb7e2298daf4a45118378506a9da01bfe5.png','915b64e062bbe59b93c22e48958a1893','acd668bb7e2298daf4a45118378506a9da01bfe5'),(1675,'https://assets.mhw-db.com/armor/9b1dab647f8603e27c01373ad52898f3.107bd756f3f7e50265376d447845e08a8bc32fac.png','9b1dab647f8603e27c01373ad52898f3','107bd756f3f7e50265376d447845e08a8bc32fac'),(1676,'https://assets.mhw-db.com/armor/94bf90f48fcca5362237ca9a76407428.3030f88f067cadc7b79fed606f86792580354dbf.png','94bf90f48fcca5362237ca9a76407428','3030f88f067cadc7b79fed606f86792580354dbf'),(1677,'https://assets.mhw-db.com/armor/bcadf2d01620a82ed17028da0117872a.c60081268775bb494e442c5bbdee8d59337dca93.png','bcadf2d01620a82ed17028da0117872a','c60081268775bb494e442c5bbdee8d59337dca93'),(1678,'https://assets.mhw-db.com/armor/240fa11c073f43d10b194ba54519d5e9.19464ffa7c854d0b65a2b4096f9b0e6e35b773c0.png','240fa11c073f43d10b194ba54519d5e9','19464ffa7c854d0b65a2b4096f9b0e6e35b773c0'),(1679,'https://assets.mhw-db.com/armor/f716fc177ffa878a0b190346d9850683.0f8a43598eacf54b48a9635a080e44fb094328cf.png','f716fc177ffa878a0b190346d9850683','0f8a43598eacf54b48a9635a080e44fb094328cf'),(1680,'https://assets.mhw-db.com/armor/bd4ba0d39daeed162fb5576f47fb31f0.951a37c990897ce48fc28d94d4b3739d44f23b32.png','bd4ba0d39daeed162fb5576f47fb31f0','951a37c990897ce48fc28d94d4b3739d44f23b32'),(1681,'https://assets.mhw-db.com/armor/0775e6b63cf4521fdf6a19b11d77b97e.0808c15b2da9f8fe3eb87a5353ab7a65f785f71d.png','0775e6b63cf4521fdf6a19b11d77b97e','0808c15b2da9f8fe3eb87a5353ab7a65f785f71d'),(1682,'https://assets.mhw-db.com/armor/cd63263804eaa2dd185d6046822103d1.9b97de3aafd3c0b4d7b8f97e3bc91e53fdfd2ad8.png','cd63263804eaa2dd185d6046822103d1','9b97de3aafd3c0b4d7b8f97e3bc91e53fdfd2ad8'),(1683,'https://assets.mhw-db.com/armor/9aeada9ee574cfdd665c1048fe12abf0.357b00eb70c38920e1f012daf889853c9e4efd8c.png','9aeada9ee574cfdd665c1048fe12abf0','357b00eb70c38920e1f012daf889853c9e4efd8c'),(1684,'https://assets.mhw-db.com/armor/664ceb503c1838974e3f25efae4cfa9a.7999c94f07b3d1e7b1edd81f854b80bbef3394bf.png','664ceb503c1838974e3f25efae4cfa9a','7999c94f07b3d1e7b1edd81f854b80bbef3394bf'),(1685,'https://assets.mhw-db.com/armor/ec8cc9842fa8dd0f669d94fe00794ade.e100f234c4184e88404e684b4ec8a0db05f23af4.png','ec8cc9842fa8dd0f669d94fe00794ade','e100f234c4184e88404e684b4ec8a0db05f23af4'),(1686,'https://assets.mhw-db.com/armor/b23eb4cc888cbc12317404664681f1a0.60f084f787cd66be8b0cd1873c04b3a4381af894.png','b23eb4cc888cbc12317404664681f1a0','60f084f787cd66be8b0cd1873c04b3a4381af894'),(1687,'https://assets.mhw-db.com/armor/0edfc1430f3619ad3be92f2c6be0cb1a.24ee5fddd7a6610b4019c4d8280f706f15c931c9.png','0edfc1430f3619ad3be92f2c6be0cb1a','24ee5fddd7a6610b4019c4d8280f706f15c931c9'),(1688,'https://assets.mhw-db.com/armor/1f0a1f9350c6156ff8dc3333f3098810.3f4e056afa0fa1d282aaa51bb46dcd33a8dfe2e4.png','1f0a1f9350c6156ff8dc3333f3098810','3f4e056afa0fa1d282aaa51bb46dcd33a8dfe2e4'),(1689,'https://assets.mhw-db.com/armor/38918ad76e210e2efa17ed6063022056.d78c8b7f9c37885de8030991c821ddedc900f3d0.png','38918ad76e210e2efa17ed6063022056','d78c8b7f9c37885de8030991c821ddedc900f3d0'),(1690,'https://assets.mhw-db.com/armor/caa4c60704cb5e58d80b89cad8af8e80.3a95c4dc9343a3bc45fc05ce56d064def30a1ab6.png','caa4c60704cb5e58d80b89cad8af8e80','3a95c4dc9343a3bc45fc05ce56d064def30a1ab6'),(1691,'https://assets.mhw-db.com/armor/0fc84f92690abc914048f6d990826751.b54c31287d2186cc25779c35ec959569f6605a97.png','0fc84f92690abc914048f6d990826751','b54c31287d2186cc25779c35ec959569f6605a97'),(1692,'https://assets.mhw-db.com/armor/3f0290f1065c4b94c21a05b4e7d9676c.0a92ed97d427026a6f9cb2dd4ccdad8111f51b66.png','3f0290f1065c4b94c21a05b4e7d9676c','0a92ed97d427026a6f9cb2dd4ccdad8111f51b66'),(1693,'https://assets.mhw-db.com/armor/3a0c2d1aaf2d7c341e92946c41e9bb5c.ff3418ce6b54236b0e97dcda822e2273e0c5f89c.png','3a0c2d1aaf2d7c341e92946c41e9bb5c','ff3418ce6b54236b0e97dcda822e2273e0c5f89c'),(1694,'https://assets.mhw-db.com/armor/b6f69c755d002d15775d710f06cfb73c.557e7190477dd82c59b0e72ef3972266ee760b25.png','b6f69c755d002d15775d710f06cfb73c','557e7190477dd82c59b0e72ef3972266ee760b25'),(1695,'https://assets.mhw-db.com/armor/66e0b19abee34e1d6addbad0a7c30cbe.e85eb7f2fca34d7f4f325d2e25caf4cd19d840bd.png','66e0b19abee34e1d6addbad0a7c30cbe','e85eb7f2fca34d7f4f325d2e25caf4cd19d840bd'),(1696,'https://assets.mhw-db.com/armor/e7435aac195397fd8d64f9fce58aafb2.3eaf5a813ae6543b8f7cee2b1480ef75ce657e26.png','e7435aac195397fd8d64f9fce58aafb2','3eaf5a813ae6543b8f7cee2b1480ef75ce657e26'),(1697,'https://assets.mhw-db.com/armor/241957e45310a1db86540528daaaebe2.7c3cda6b4275cd855311fdabf01d21ca65b34f18.png','241957e45310a1db86540528daaaebe2','7c3cda6b4275cd855311fdabf01d21ca65b34f18'),(1698,'https://assets.mhw-db.com/armor/25e8d0bbb80f8a53fbc195dfce6cc51f.6fd4435f858236cbed693e9901f4dce1b5530ffe.png','25e8d0bbb80f8a53fbc195dfce6cc51f','6fd4435f858236cbed693e9901f4dce1b5530ffe'),(1699,'https://assets.mhw-db.com/armor/ea3e12a9e3f6d0895c008c095a8dac0f.0bdfc9d3bfadc5d0ef314f69b510668603ede4a5.png','ea3e12a9e3f6d0895c008c095a8dac0f','0bdfc9d3bfadc5d0ef314f69b510668603ede4a5'),(1700,'https://assets.mhw-db.com/armor/19f7aa83bd535512618ce81a4ecbc26f.4f644f41146072cf2f784acf1a6adc9865ebbedb.png','19f7aa83bd535512618ce81a4ecbc26f','4f644f41146072cf2f784acf1a6adc9865ebbedb'),(1701,'https://assets.mhw-db.com/armor/07e38d12b7a980a352cb83c25f971a8a.f6df7f0f5ddc74b91716efb3bf9fdcda8178604c.png','07e38d12b7a980a352cb83c25f971a8a','f6df7f0f5ddc74b91716efb3bf9fdcda8178604c'),(1702,'https://assets.mhw-db.com/armor/c319a2db83411c99c5b2c29bb0450b4d.2edfb4014d67b1bfb70dbd21c156b52fc219a521.png','c319a2db83411c99c5b2c29bb0450b4d','2edfb4014d67b1bfb70dbd21c156b52fc219a521'),(1703,'https://assets.mhw-db.com/armor/069ed78a1ea6f280b06efe06b3f073ee.ccdc6b94ef25c9510ef4427606a22eb80c2bc04b.png','069ed78a1ea6f280b06efe06b3f073ee','ccdc6b94ef25c9510ef4427606a22eb80c2bc04b'),(1704,'https://assets.mhw-db.com/armor/83793d552fb35e1fdbde5d9acc04f339.93cb80f956643f87fae505fc810c2038017e2190.png','83793d552fb35e1fdbde5d9acc04f339','93cb80f956643f87fae505fc810c2038017e2190'),(1705,'https://assets.mhw-db.com/armor/9a63d7b97f507adc189a9443e40e6801.351bb5834531367ebf357d57225368059c8d1450.png','9a63d7b97f507adc189a9443e40e6801','351bb5834531367ebf357d57225368059c8d1450'),(1706,'https://assets.mhw-db.com/armor/04ef8f65d1e3e02b15dc2980ad0b0e2a.224a3a62c447cacedbb6909480dada75f9f7a3fe.png','04ef8f65d1e3e02b15dc2980ad0b0e2a','224a3a62c447cacedbb6909480dada75f9f7a3fe'),(1707,'https://assets.mhw-db.com/armor/b010a7831e6a9e0f1063616980c790df.befb7444345ea53bfbfb586c94eea13ad98cf9b8.png','b010a7831e6a9e0f1063616980c790df','befb7444345ea53bfbfb586c94eea13ad98cf9b8'),(1708,'https://assets.mhw-db.com/armor/ab959dceb168e790b4521e4c906af631.3b834b4f9663e29046e96c4e0a94aa53f0773a6f.png','ab959dceb168e790b4521e4c906af631','3b834b4f9663e29046e96c4e0a94aa53f0773a6f'),(1709,'https://assets.mhw-db.com/armor/c994b2f6d5a3a1fc0eeeb915888e812a.62e162f34040ae7be4721791774deb9d9fcf23b2.png','c994b2f6d5a3a1fc0eeeb915888e812a','62e162f34040ae7be4721791774deb9d9fcf23b2'),(1710,'https://assets.mhw-db.com/armor/0db9b806ce9e8066e248728e4be86936.8330be362d7a72b5f413879d54866b71520fc004.png','0db9b806ce9e8066e248728e4be86936','8330be362d7a72b5f413879d54866b71520fc004'),(1711,'https://assets.mhw-db.com/armor/be534f9aa37b7b8989a986858e34de5c.14c51feda4cb8dd8f20ae0e183985da999a1ced9.png','be534f9aa37b7b8989a986858e34de5c','14c51feda4cb8dd8f20ae0e183985da999a1ced9'),(1712,'https://assets.mhw-db.com/armor/40359d2b7af6fe1bbf55d9acf915df03.1a748c2330c87e22d8d56cf7c47626e5829dfd16.png','40359d2b7af6fe1bbf55d9acf915df03','1a748c2330c87e22d8d56cf7c47626e5829dfd16'),(1713,'https://assets.mhw-db.com/armor/e2352d95ff5778155cc025baaac19419.9acbee401d680f05600df3c50d5b4e409d2f23ed.png','e2352d95ff5778155cc025baaac19419','9acbee401d680f05600df3c50d5b4e409d2f23ed'),(1714,'https://assets.mhw-db.com/armor/2e8ac10e435c22fc41fbb176d0f893a1.e74bf6ff624765c38ec03b6a7cb9092deb3ea7d0.png','2e8ac10e435c22fc41fbb176d0f893a1','e74bf6ff624765c38ec03b6a7cb9092deb3ea7d0'),(1715,'https://assets.mhw-db.com/armor/0794c2186afe7ec20ca6bb85dc6d12c2.16fee8df2ecef002da88a6521d33f59ffd2d32f6.png','0794c2186afe7ec20ca6bb85dc6d12c2','16fee8df2ecef002da88a6521d33f59ffd2d32f6'),(1716,'https://assets.mhw-db.com/armor/08dfdb3fcf25bab001aa46e512f41827.99e77948efb24b89bc5549291010ab966bbf5402.png','08dfdb3fcf25bab001aa46e512f41827','99e77948efb24b89bc5549291010ab966bbf5402'),(1717,'https://assets.mhw-db.com/armor/b674e1963cfe8dac272a3115a49bf429.5ae17efa5bd39bf9bd1e49963d846da22faf8261.png','b674e1963cfe8dac272a3115a49bf429','5ae17efa5bd39bf9bd1e49963d846da22faf8261'),(1718,'https://assets.mhw-db.com/armor/841e9d685fe6cbc24eebf9963e88cd82.75307bf1f1e1463c522054b0de6650975aa62931.png','841e9d685fe6cbc24eebf9963e88cd82','75307bf1f1e1463c522054b0de6650975aa62931'),(1719,'https://assets.mhw-db.com/armor/2d331b08cda944d2625042387ddcf7bc.715413696a3e80050de75166919afc6b2ce69ccf.png','2d331b08cda944d2625042387ddcf7bc','715413696a3e80050de75166919afc6b2ce69ccf'),(1720,'https://assets.mhw-db.com/armor/6b1103285390f952b728237a2a88cc3a.eeb5730904f983632e74a79ab3073d562745506c.png','6b1103285390f952b728237a2a88cc3a','eeb5730904f983632e74a79ab3073d562745506c'),(1721,'https://assets.mhw-db.com/armor/44a761f1160b852d68c23a0ccfc79526.b2dfbda3eeacddd597d19cf96557b9b4978da911.png','44a761f1160b852d68c23a0ccfc79526','b2dfbda3eeacddd597d19cf96557b9b4978da911'),(1722,'https://assets.mhw-db.com/armor/4f3c4b69aa91574f741e2c7c766f04cf.2d50e6db84b72764453d082dbaa53290f6caa4db.png','4f3c4b69aa91574f741e2c7c766f04cf','2d50e6db84b72764453d082dbaa53290f6caa4db'),(1723,'https://assets.mhw-db.com/armor/fc6f705a83722458b0a561494da2c654.ac2bcd29bcbc7e2010edbcb3bad4b32b1913c039.png','fc6f705a83722458b0a561494da2c654','ac2bcd29bcbc7e2010edbcb3bad4b32b1913c039'),(1724,'https://assets.mhw-db.com/armor/6cc6b3bbd6f7a67219f1a29d220156a8.2e29a89b0be738a67fcccbf7339564736b7cd1e9.png','6cc6b3bbd6f7a67219f1a29d220156a8','2e29a89b0be738a67fcccbf7339564736b7cd1e9'),(1725,'https://assets.mhw-db.com/armor/2793d351b330b7d67d5b9e109a1a50e2.85619e90d25657a607cb046a86fcf2e33bd73147.png','2793d351b330b7d67d5b9e109a1a50e2','85619e90d25657a607cb046a86fcf2e33bd73147'),(1726,'https://assets.mhw-db.com/armor/8b101b5f0e032a8ef24069ce619e9585.ac8155fca104eca2f2062f20e989162d6a810e13.png','8b101b5f0e032a8ef24069ce619e9585','ac8155fca104eca2f2062f20e989162d6a810e13'),(1727,'https://assets.mhw-db.com/armor/0c34598865188f52ab0135461279d4ea.ac22e15eb39ca8e409f361670c26c6f177e6b9ef.png','0c34598865188f52ab0135461279d4ea','ac22e15eb39ca8e409f361670c26c6f177e6b9ef'),(1728,'https://assets.mhw-db.com/armor/4e06ad2cfb449020bc204e071b8e8540.6d5a65d895163b9116521c5b07bba94da68f7c24.png','4e06ad2cfb449020bc204e071b8e8540','6d5a65d895163b9116521c5b07bba94da68f7c24'),(1729,'https://assets.mhw-db.com/armor/cca230df36692dc37664963e410edc1f.57dbb6116c416cf24f36d35a5a277a71e08ac915.png','cca230df36692dc37664963e410edc1f','57dbb6116c416cf24f36d35a5a277a71e08ac915'),(1730,'https://assets.mhw-db.com/armor/c4c97277600e17ed1dc0cdb1fe0b74f3.6d34b16c56375dc4f524b39453d728e46016f6de.png','c4c97277600e17ed1dc0cdb1fe0b74f3','6d34b16c56375dc4f524b39453d728e46016f6de'),(1731,'https://assets.mhw-db.com/armor/94df3e70aea62d39e4d19e6471ed00ad.07a1fcff1a5ee127d19bf6943c1c428161c0d7ae.png','94df3e70aea62d39e4d19e6471ed00ad','07a1fcff1a5ee127d19bf6943c1c428161c0d7ae'),(1732,'https://assets.mhw-db.com/armor/d4e0038f60dba48d96ffa89cee6569e1.630acf2d127dfc4a6a53d248db2f0a9bea01d2c7.png','d4e0038f60dba48d96ffa89cee6569e1','630acf2d127dfc4a6a53d248db2f0a9bea01d2c7'),(1733,'https://assets.mhw-db.com/armor/14cb9e05e8fa8111a2687ca4fc67fd1e.2418d8da9a5e3d216e206d0fe4db9cf6bb6ebb8f.png','14cb9e05e8fa8111a2687ca4fc67fd1e','2418d8da9a5e3d216e206d0fe4db9cf6bb6ebb8f'),(1734,'https://assets.mhw-db.com/armor/96689eaa5f479b870da6784a85354c6f.0867d07f6c547eb38dd84a1a031ef83635bc3339.png','96689eaa5f479b870da6784a85354c6f','0867d07f6c547eb38dd84a1a031ef83635bc3339'),(1735,'https://assets.mhw-db.com/armor/c7507e3e9bd703805af108fe7b549542.e6a3c4fe6d06c6bf5d91dce37016bc8dff129504.png','c7507e3e9bd703805af108fe7b549542','e6a3c4fe6d06c6bf5d91dce37016bc8dff129504'),(1736,'https://assets.mhw-db.com/armor/23d6008e2573a8b04eeff6a4c293fcda.e1e0368c4cb8c63591c8df943ef04699baa98b5f.png','23d6008e2573a8b04eeff6a4c293fcda','e1e0368c4cb8c63591c8df943ef04699baa98b5f'),(1737,'https://assets.mhw-db.com/armor/ddca278c1e54444b799c3e25ced711bc.a071eb7c15a47879296e65e94137056c0c84c452.png','ddca278c1e54444b799c3e25ced711bc','a071eb7c15a47879296e65e94137056c0c84c452'),(1738,'https://assets.mhw-db.com/armor/3f3aea27f1adf2bf5cd9ce8677fdd453.a754edfdb2bf4226ff5f548a1b145ca87efc280c.png','3f3aea27f1adf2bf5cd9ce8677fdd453','a754edfdb2bf4226ff5f548a1b145ca87efc280c'),(1739,'https://assets.mhw-db.com/armor/bd0289b4460c56b26a1a3e48fc918da8.6c7e7fdc7ca985086beb4dfe9ebe8e993c188483.png','bd0289b4460c56b26a1a3e48fc918da8','6c7e7fdc7ca985086beb4dfe9ebe8e993c188483'),(1740,'https://assets.mhw-db.com/armor/96cec3b543e74719edf5d2e2913b16ac.2435864222599bd410f4d45e5855267e924a5e66.png','96cec3b543e74719edf5d2e2913b16ac','2435864222599bd410f4d45e5855267e924a5e66'),(1741,'https://assets.mhw-db.com/armor/858b2f9329efda2cbfca7c221e9560d6.6de18137eaf42c064ae9d18c13515439d1ffff76.png','858b2f9329efda2cbfca7c221e9560d6','6de18137eaf42c064ae9d18c13515439d1ffff76'),(1742,'https://assets.mhw-db.com/armor/a74a0da059ba1c319cc69289e12db4cf.f685fc9ba113062e5d067d446579eea021b771d4.png','a74a0da059ba1c319cc69289e12db4cf','f685fc9ba113062e5d067d446579eea021b771d4'),(1743,'https://assets.mhw-db.com/armor/beb215d17e55475c6287d18531e63e8e.b64cadaa4cb2863563ca8904ee1093908026561c.png','beb215d17e55475c6287d18531e63e8e','b64cadaa4cb2863563ca8904ee1093908026561c'),(1744,'https://assets.mhw-db.com/armor/ce3079939d7e0a564b7a52326027efd4.8c357a58c3c755e2dd27400e4a1b24fb3e6cc7c8.png','ce3079939d7e0a564b7a52326027efd4','8c357a58c3c755e2dd27400e4a1b24fb3e6cc7c8'),(1745,'https://assets.mhw-db.com/armor/bccd27b9364b6a64c6028a052e8fb384.9d500274b125e3b1ad640621bbb701bee228a72b.png','bccd27b9364b6a64c6028a052e8fb384','9d500274b125e3b1ad640621bbb701bee228a72b'),(1746,'https://assets.mhw-db.com/armor/222ef3620118dff7627f5d99ea2206f6.c3d59937319b9c2343df325dda8f74e40d622094.png','222ef3620118dff7627f5d99ea2206f6','c3d59937319b9c2343df325dda8f74e40d622094'),(1747,'https://assets.mhw-db.com/armor/afc6e9964a243d1c7f880b94fbd43e78.7f19d7c93238729d05f769b6bdbf502df941b96d.png','afc6e9964a243d1c7f880b94fbd43e78','7f19d7c93238729d05f769b6bdbf502df941b96d'),(1748,'https://assets.mhw-db.com/armor/7394bea709e94cc0ef9e9cc3effce2b0.2d2a59bb27f27f12125e4a4f8c7f497895b625e9.png','7394bea709e94cc0ef9e9cc3effce2b0','2d2a59bb27f27f12125e4a4f8c7f497895b625e9'),(1749,'https://assets.mhw-db.com/armor/f1d1213e8a5cc6270ba559d01cb388a0.eb675d4636733576fdaf9585b9cc65ca69f04597.png','f1d1213e8a5cc6270ba559d01cb388a0','eb675d4636733576fdaf9585b9cc65ca69f04597'),(1750,'https://assets.mhw-db.com/armor/0ddced9feb1c5c3c0205c0bea60a578e.ec887f8ab548785f98e85e172b5e587ce8c69a14.png','0ddced9feb1c5c3c0205c0bea60a578e','ec887f8ab548785f98e85e172b5e587ce8c69a14'),(1751,'https://assets.mhw-db.com/armor/fc9b4ec171e16eadb169970e411e880c.33780d732386a5ef717cad86750111c7f7a25064.png','fc9b4ec171e16eadb169970e411e880c','33780d732386a5ef717cad86750111c7f7a25064'),(1752,'https://assets.mhw-db.com/armor/e5a3fea8db56d3096235d54fa19e99ff.3aa8200a02d96ad54d1f24198ed16c5c19fa668b.png','e5a3fea8db56d3096235d54fa19e99ff','3aa8200a02d96ad54d1f24198ed16c5c19fa668b'),(1753,'https://assets.mhw-db.com/armor/4edff6156bfc677b409eda3d68f32cfd.ea3ae937a795852179f25b284eba06e184cdd0f6.png','4edff6156bfc677b409eda3d68f32cfd','ea3ae937a795852179f25b284eba06e184cdd0f6'),(1754,'https://assets.mhw-db.com/armor/636e95e1d129b59435e929cd4ccfea0d.4b5fbffc5e3f5b4b5fef56b9f13e22f8019dcbc5.png','636e95e1d129b59435e929cd4ccfea0d','4b5fbffc5e3f5b4b5fef56b9f13e22f8019dcbc5'),(1755,'https://assets.mhw-db.com/armor/da4da6fa9f8e201662818908c4078d27.4ab12e42b344c782a8d2015cdf1450e831473eae.png','da4da6fa9f8e201662818908c4078d27','4ab12e42b344c782a8d2015cdf1450e831473eae'),(1756,'https://assets.mhw-db.com/armor/d67a898e7fc3c95dd4343dc19becc1dc.02f6d914bed1be9c27861a05da63fe68bfa29995.png','d67a898e7fc3c95dd4343dc19becc1dc','02f6d914bed1be9c27861a05da63fe68bfa29995'),(1757,'https://assets.mhw-db.com/armor/67c8ce228d6a1b873a0f04dc0f01cc8c.f177c554a15effd79d6200a08e066eba14ff2189.png','67c8ce228d6a1b873a0f04dc0f01cc8c','f177c554a15effd79d6200a08e066eba14ff2189'),(1758,'https://assets.mhw-db.com/armor/346f7f2cc498a94c5104c17f93fe3461.83cf0c81c9293c0bfe8b0ad3d323f897bada31ed.png','346f7f2cc498a94c5104c17f93fe3461','83cf0c81c9293c0bfe8b0ad3d323f897bada31ed'),(1759,'https://assets.mhw-db.com/armor/f1a48cf82678d98e0aa1aa4e3927dd48.1c9d956fe186886611e7325866cfa461ddf79497.png','f1a48cf82678d98e0aa1aa4e3927dd48','1c9d956fe186886611e7325866cfa461ddf79497'),(1760,'https://assets.mhw-db.com/armor/086a130015959b8adef18beb276bab35.f115ca0a84bd38151ad1deddbed335e4fe402880.png','086a130015959b8adef18beb276bab35','f115ca0a84bd38151ad1deddbed335e4fe402880'),(1761,'https://assets.mhw-db.com/armor/b7436420b4e3d64b7ecca1b8bba56248.d525d55879a7e81bb85abcde8d45544d0e7e8589.png','b7436420b4e3d64b7ecca1b8bba56248','d525d55879a7e81bb85abcde8d45544d0e7e8589'),(1762,'https://assets.mhw-db.com/armor/ca80ab5d6feafc142a1f2269873d5d60.e122b8d2c203d95b58865816c438bd71f0cefcc6.png','ca80ab5d6feafc142a1f2269873d5d60','e122b8d2c203d95b58865816c438bd71f0cefcc6'),(1763,'https://assets.mhw-db.com/armor/d0160f9d8056b7db35e6467f0d286b5b.6f2aa45c1f8508c7c3bdefa5af337e215e901fe3.png','d0160f9d8056b7db35e6467f0d286b5b','6f2aa45c1f8508c7c3bdefa5af337e215e901fe3'),(1764,'https://assets.mhw-db.com/armor/edd963a248bedfd23efc0e2257edeffa.69186b87764912195172708e8caa6cbf5fbaa025.png','edd963a248bedfd23efc0e2257edeffa','69186b87764912195172708e8caa6cbf5fbaa025'),(1765,'https://assets.mhw-db.com/armor/269dc8f703a32d531575b4eb8a602658.65eca5fa0ce849a8cdecb49e7ac190fa93eea0b8.png','269dc8f703a32d531575b4eb8a602658','65eca5fa0ce849a8cdecb49e7ac190fa93eea0b8'),(1766,'https://assets.mhw-db.com/armor/1c4f760b9f6d9805ca6c8ce51e5c60c0.65a7609512db0942a0894e100e1c21d0339cb286.png','1c4f760b9f6d9805ca6c8ce51e5c60c0','65a7609512db0942a0894e100e1c21d0339cb286'),(1767,'https://assets.mhw-db.com/armor/a23db2150769470a3b332584af8dbf1a.60c96eb2209192e0d01d5f3b1bd6227a0987962d.png','a23db2150769470a3b332584af8dbf1a','60c96eb2209192e0d01d5f3b1bd6227a0987962d'),(1768,'https://assets.mhw-db.com/armor/ceb0f34594298a9ee055d7b95a46229d.be54face93bca8e31a5d643aeae87b85763c4799.png','ceb0f34594298a9ee055d7b95a46229d','be54face93bca8e31a5d643aeae87b85763c4799'),(1769,'https://assets.mhw-db.com/armor/92a5cb6369a3b9618e488cddd8631d91.0caa7a61aa7da18a2070fd9ae171b189e016fa18.png','92a5cb6369a3b9618e488cddd8631d91','0caa7a61aa7da18a2070fd9ae171b189e016fa18'),(1770,'https://assets.mhw-db.com/armor/808af44c487015cd2edf5bb9fc161831.e3de7bbbdef549667ebc81dfa73fbe3dc1d63a57.png','808af44c487015cd2edf5bb9fc161831','e3de7bbbdef549667ebc81dfa73fbe3dc1d63a57'),(1771,'https://assets.mhw-db.com/armor/ff2566369207a694937a514ba957e843.558efbde6d1211dacc1c969317aee4251547e7ef.png','ff2566369207a694937a514ba957e843','558efbde6d1211dacc1c969317aee4251547e7ef'),(1772,'https://assets.mhw-db.com/armor/b4370c1148430f7ad25ce5e65b55e34a.27f36cd7b710b72a3a9cc8bb1743cb6150c89a70.png','b4370c1148430f7ad25ce5e65b55e34a','27f36cd7b710b72a3a9cc8bb1743cb6150c89a70'),(1773,'https://assets.mhw-db.com/armor/0933f592367e56bbfb13e56a831ceb81.fb0f94ee85814f49ac7e1217736841b600fbfe28.png','0933f592367e56bbfb13e56a831ceb81','fb0f94ee85814f49ac7e1217736841b600fbfe28'),(1774,'https://assets.mhw-db.com/armor/0180183b5bbaded2f2e6da2d41c4ed6b.42dd0e48c4cfc45a07bb72f73d5a9e8a507b8cff.png','0180183b5bbaded2f2e6da2d41c4ed6b','42dd0e48c4cfc45a07bb72f73d5a9e8a507b8cff'),(1775,'https://assets.mhw-db.com/armor/f055972675b2843144d6f1d43975b85f.50c1d88eb5735ddff3dcc9d8bffa8e38f9f9467a.png','f055972675b2843144d6f1d43975b85f','50c1d88eb5735ddff3dcc9d8bffa8e38f9f9467a'),(1776,'https://assets.mhw-db.com/armor/3beaae11d8b1ec1d33557f5ac3324618.4c42010be9aab7b58dc246b70cb7ec64c059a85d.png','3beaae11d8b1ec1d33557f5ac3324618','4c42010be9aab7b58dc246b70cb7ec64c059a85d'),(1777,'https://assets.mhw-db.com/armor/0b20a77c9b86a59dc94f601009970881.7f7ed8e6681c0b83ab4e43e9b840369a0ad6a986.png','0b20a77c9b86a59dc94f601009970881','7f7ed8e6681c0b83ab4e43e9b840369a0ad6a986'),(1778,'https://assets.mhw-db.com/armor/23ae5a318dfa925de5929f7809f700cc.16d62e3f3e9c4f48acc20a483e4b1d7a4e07b93f.png','23ae5a318dfa925de5929f7809f700cc','16d62e3f3e9c4f48acc20a483e4b1d7a4e07b93f'),(1779,'https://assets.mhw-db.com/armor/9f398340e3ba93786134f8a464034f57.c7f6a1a19eabf34f34886fc872746a9f54d5ac2d.png','9f398340e3ba93786134f8a464034f57','c7f6a1a19eabf34f34886fc872746a9f54d5ac2d'),(1780,'https://assets.mhw-db.com/armor/665d83fecf368cb508b9745fc324cada.6e1c7b9dd7935c0c0a2026e7172ecb4816a0e6a1.png','665d83fecf368cb508b9745fc324cada','6e1c7b9dd7935c0c0a2026e7172ecb4816a0e6a1'),(1781,'https://assets.mhw-db.com/armor/0cafffe427f73721768b289a70c64460.fde49e93209d1084fe8f29cb62b99153ef2ef628.png','0cafffe427f73721768b289a70c64460','fde49e93209d1084fe8f29cb62b99153ef2ef628'),(1782,'https://assets.mhw-db.com/armor/d98cdae3bc853e35c8a5169eebe86b42.3d2c30f65db16d084f1798275f024e3aa737220b.png','d98cdae3bc853e35c8a5169eebe86b42','3d2c30f65db16d084f1798275f024e3aa737220b'),(1783,'https://assets.mhw-db.com/armor/0a03296e0e23de11823c476641180ab8.6e928b44ac98fb23381bfc6c4c3cecf4596211a2.png','0a03296e0e23de11823c476641180ab8','6e928b44ac98fb23381bfc6c4c3cecf4596211a2'),(1784,'https://assets.mhw-db.com/armor/6d2e3441c7e66d19d7f0e4eb97b2f0cb.c6b38553bebf16af835ffdfdaf6969434bc88ff4.png','6d2e3441c7e66d19d7f0e4eb97b2f0cb','c6b38553bebf16af835ffdfdaf6969434bc88ff4'),(1785,'https://assets.mhw-db.com/armor/f0f4c8885f83e69db69fdeb8840fbc53.6bb736c5cf73c55fe1b235ea15a51f58e74a8365.png','f0f4c8885f83e69db69fdeb8840fbc53','6bb736c5cf73c55fe1b235ea15a51f58e74a8365'),(1786,'https://assets.mhw-db.com/armor/070a8531f29f411e6b75c0ec3d3e0f01.b5bfffd10e4773ed48971eae71ad6f7e94293f10.png','070a8531f29f411e6b75c0ec3d3e0f01','b5bfffd10e4773ed48971eae71ad6f7e94293f10'),(1787,'https://assets.mhw-db.com/armor/9f500c7b541a5c9f33a58deebf046262.a26d8fd2c5efaa95bfe615c9ccf926de18e847fa.png','9f500c7b541a5c9f33a58deebf046262','a26d8fd2c5efaa95bfe615c9ccf926de18e847fa'),(1788,'https://assets.mhw-db.com/armor/c6dc97665a3f2b210697fa371295a9ec.b48cc944b894d5e70e9565b13fccaae1ff9ce171.png','c6dc97665a3f2b210697fa371295a9ec','b48cc944b894d5e70e9565b13fccaae1ff9ce171'),(1789,'https://assets.mhw-db.com/armor/c9c33b1a6c68c074225161d436456e88.75f0199b36b29fd909eeca364e4d981df8ee5036.png','c9c33b1a6c68c074225161d436456e88','75f0199b36b29fd909eeca364e4d981df8ee5036'),(1790,'https://assets.mhw-db.com/armor/1e2fcd6b4e72b48e71668c2a1de99523.bc9c453a5253c92aea242ff88c430b4c0ac23f37.png','1e2fcd6b4e72b48e71668c2a1de99523','bc9c453a5253c92aea242ff88c430b4c0ac23f37'),(1791,'https://assets.mhw-db.com/armor/0887b4b44d7500da2e326e740b5ac3db.5b8c70dbf5bd5b2bb89eaa031a1f86e283726eab.png','0887b4b44d7500da2e326e740b5ac3db','5b8c70dbf5bd5b2bb89eaa031a1f86e283726eab'),(1792,'https://assets.mhw-db.com/armor/26e5448107fffe3a972861f2d0a76e19.5c2bbc4f9dc10aad47e9196edf3e02732c246c42.png','26e5448107fffe3a972861f2d0a76e19','5c2bbc4f9dc10aad47e9196edf3e02732c246c42'),(1793,'https://assets.mhw-db.com/armor/34a70f601e3de2d49f8d71b71a40bc95.aa3f2c2b6faa6b3bd30dcd555427e30fb054e703.png','34a70f601e3de2d49f8d71b71a40bc95','aa3f2c2b6faa6b3bd30dcd555427e30fb054e703'),(1794,'https://assets.mhw-db.com/armor/ce05eebe67ba150e18bc2c402dcaa5ed.0c0f05ace89707ee775e93cd2ecc8e1bcb4bce8f.png','ce05eebe67ba150e18bc2c402dcaa5ed','0c0f05ace89707ee775e93cd2ecc8e1bcb4bce8f'),(1795,'https://assets.mhw-db.com/armor/fdbcb39cb219a1649ab45ef3dcb0d0d8.3947f5b8fd174fd28b818b370322b77ff7f9effd.png','fdbcb39cb219a1649ab45ef3dcb0d0d8','3947f5b8fd174fd28b818b370322b77ff7f9effd'),(1796,'https://assets.mhw-db.com/armor/45c9a30c4c41a746bb2ac0b9b4f8745b.e22d669815a696fca1a5b0f968118047045b203f.png','45c9a30c4c41a746bb2ac0b9b4f8745b','e22d669815a696fca1a5b0f968118047045b203f'),(1797,'https://assets.mhw-db.com/armor/75dddbb99d32acf09687dcd6df12e360.ad75404a8bf03a644b507335f59c86678d7a3b5e.png','75dddbb99d32acf09687dcd6df12e360','ad75404a8bf03a644b507335f59c86678d7a3b5e'),(1798,'https://assets.mhw-db.com/armor/c841c736241e9ebe3a7c842f716de467.2157d1c2ee5a51168cfaeb3b286dd675c952f5cc.png','c841c736241e9ebe3a7c842f716de467','2157d1c2ee5a51168cfaeb3b286dd675c952f5cc'),(1799,'https://assets.mhw-db.com/armor/e5c8bb8f253e35d75f89baec054e279e.01c22fad8882bd6e086bcb778855f05239746c13.png','e5c8bb8f253e35d75f89baec054e279e','01c22fad8882bd6e086bcb778855f05239746c13'),(1800,'https://assets.mhw-db.com/armor/3b367a143b36994bfdf4027900cd19d1.5482b8d3eeec35849dbc11985723017fdb461be3.png','3b367a143b36994bfdf4027900cd19d1','5482b8d3eeec35849dbc11985723017fdb461be3'),(1801,'https://assets.mhw-db.com/armor/61fcef4ed2ced418fca6ef72a7a0c97e.92ba4872a86e52b92a647a81267115f491cc51ce.png','61fcef4ed2ced418fca6ef72a7a0c97e','92ba4872a86e52b92a647a81267115f491cc51ce'),(1802,'https://assets.mhw-db.com/armor/d892ae3580704af3902fcfbd0c23a9e0.4178559c65e6737ff4d51a850153ceecbb6bfc24.png','d892ae3580704af3902fcfbd0c23a9e0','4178559c65e6737ff4d51a850153ceecbb6bfc24'),(1803,'https://assets.mhw-db.com/armor/6f0bb1f993c32c89608ebf70dc80266a.fb0992d0d9064830d4144d68eeaf17bb0b7dac72.png','6f0bb1f993c32c89608ebf70dc80266a','fb0992d0d9064830d4144d68eeaf17bb0b7dac72'),(1804,'https://assets.mhw-db.com/armor/123cb6888396078b939313e1a277ca0e.0fd97f413c4d4303bd861e67020f6ca1af6ab4a2.png','123cb6888396078b939313e1a277ca0e','0fd97f413c4d4303bd861e67020f6ca1af6ab4a2'),(1805,'https://assets.mhw-db.com/armor/5896119774edc6615c11aa1b6436e410.d8249ead4a4b056817dd43605be5664025331236.png','5896119774edc6615c11aa1b6436e410','d8249ead4a4b056817dd43605be5664025331236'),(1806,'https://assets.mhw-db.com/armor/b98afddbd072977a9281b7d62d784ac7.7ac43fddc1f4d1a1ba110c2b9900e95ae9054364.png','b98afddbd072977a9281b7d62d784ac7','7ac43fddc1f4d1a1ba110c2b9900e95ae9054364'),(1807,'https://assets.mhw-db.com/armor/2a0e43c65394f772f34023e6634f1d9d.dfa8886e49a43538fed5d8383cebfb9a88953b38.png','2a0e43c65394f772f34023e6634f1d9d','dfa8886e49a43538fed5d8383cebfb9a88953b38'),(1808,'https://assets.mhw-db.com/armor/6c418ea34bc5330a7557e0b3ba8a5e32.dead56b4e7da04ca80ff9bbc94586fcd5986a3a2.png','6c418ea34bc5330a7557e0b3ba8a5e32','dead56b4e7da04ca80ff9bbc94586fcd5986a3a2'),(1809,'https://assets.mhw-db.com/armor/c3e8c64afa47dbfe9bf7acbe8fa9c13d.95086b6314f1079661e3b70e8fff0033bd7e61f2.png','c3e8c64afa47dbfe9bf7acbe8fa9c13d','95086b6314f1079661e3b70e8fff0033bd7e61f2'),(1810,'https://assets.mhw-db.com/armor/9fc0e20789387e7ce1163f3bcd96e7ea.0d299edd231fbb68f1caa3070cc24c98f94add49.png','9fc0e20789387e7ce1163f3bcd96e7ea','0d299edd231fbb68f1caa3070cc24c98f94add49'),(1811,'https://assets.mhw-db.com/armor/b9c716994104d6aa35a5835bcec225a7.77100af8966fcc3ef18bcd82b7d38812ed92e3aa.png','b9c716994104d6aa35a5835bcec225a7','77100af8966fcc3ef18bcd82b7d38812ed92e3aa'),(1812,'https://assets.mhw-db.com/armor/e1045a9ffb2221e2c57d7ead27196ef3.37b1101d3437cfe92829a0fe7d9317060349f7b5.png','e1045a9ffb2221e2c57d7ead27196ef3','37b1101d3437cfe92829a0fe7d9317060349f7b5'),(1813,'https://assets.mhw-db.com/armor/6d4876fa7cdf55ec695207ef92233500.6570ebfcdf46ab83223182830647b13f4f17c0d6.png','6d4876fa7cdf55ec695207ef92233500','6570ebfcdf46ab83223182830647b13f4f17c0d6'),(1814,'https://assets.mhw-db.com/armor/5ba1e82be959b5e0e48c190439b6b38b.11b3787058da9b160a772e404458c175168ddcb5.png','5ba1e82be959b5e0e48c190439b6b38b','11b3787058da9b160a772e404458c175168ddcb5'),(1815,'https://assets.mhw-db.com/armor/f0843a1011999215162f69904931b64a.6ea5c8f6eb25eea1e3bab26f333384196c0c3043.png','f0843a1011999215162f69904931b64a','6ea5c8f6eb25eea1e3bab26f333384196c0c3043'),(1816,'https://assets.mhw-db.com/armor/c41f22abbd83f409498e0caa5b592eaa.b5acbe0a764f0a011b8303ad18b6dd32529338c9.png','c41f22abbd83f409498e0caa5b592eaa','b5acbe0a764f0a011b8303ad18b6dd32529338c9'),(1817,'https://assets.mhw-db.com/armor/bb405f6a304918ed92bb1da3e6b9cf11.2658a0c30a7c12f0af24eaa0e426ebdd86860a75.png','bb405f6a304918ed92bb1da3e6b9cf11','2658a0c30a7c12f0af24eaa0e426ebdd86860a75'),(1818,'https://assets.mhw-db.com/armor/e14e710e48d6303e1ecb7dad9de4b0c0.c7ac0f9d7b50a37d7f9e8abfdc06913c35c40190.png','e14e710e48d6303e1ecb7dad9de4b0c0','c7ac0f9d7b50a37d7f9e8abfdc06913c35c40190'),(1819,'https://assets.mhw-db.com/armor/5c8251fbcc2d360208302d3a3c010433.2372e2c3f35564fabc9f5ca925571696b023756e.png','5c8251fbcc2d360208302d3a3c010433','2372e2c3f35564fabc9f5ca925571696b023756e'),(1820,'https://assets.mhw-db.com/armor/5eb9b8413414d78d4600a9ffc8c31b90.bd1c4718a33be486482477f63665f20a2df72216.png','5eb9b8413414d78d4600a9ffc8c31b90','bd1c4718a33be486482477f63665f20a2df72216'),(1821,'https://assets.mhw-db.com/armor/be7298c45d77c5589f3d9436259d3cc1.8c1b0d5e0548f72d6b961ffe15801af78f17d24b.png','be7298c45d77c5589f3d9436259d3cc1','8c1b0d5e0548f72d6b961ffe15801af78f17d24b'),(1822,'https://assets.mhw-db.com/armor/6fcad01cca0a425bc59ac5e40ece1fd8.a150383bdf5f2f44fa46a63d7705b4a443205cc0.png','6fcad01cca0a425bc59ac5e40ece1fd8','a150383bdf5f2f44fa46a63d7705b4a443205cc0'),(1823,'https://assets.mhw-db.com/armor/96c77cae9b134741e40a4631f52d7e27.d4fd91cb5109e105448e9fc2bfd8e0f2cf6ad48e.png','96c77cae9b134741e40a4631f52d7e27','d4fd91cb5109e105448e9fc2bfd8e0f2cf6ad48e'),(1824,'https://assets.mhw-db.com/armor/888c972fd39453e8c4a607ec34f48c84.63c9cc5fbe895d4c1c4d1ebf1c56039f8eba7114.png','888c972fd39453e8c4a607ec34f48c84','63c9cc5fbe895d4c1c4d1ebf1c56039f8eba7114'),(1825,'https://assets.mhw-db.com/armor/4e14f0813bf0692cb10253333a263c6e.d71db426767a51bb601cd2be798d5931ad5cf4d7.png','4e14f0813bf0692cb10253333a263c6e','d71db426767a51bb601cd2be798d5931ad5cf4d7'),(1826,'https://assets.mhw-db.com/armor/b60c39958eeca0bf03a183f5f9efd995.66e74f598f5b302a78a5d9c441b59e7a1571c53e.png','b60c39958eeca0bf03a183f5f9efd995','66e74f598f5b302a78a5d9c441b59e7a1571c53e'),(1827,'https://assets.mhw-db.com/armor/f25fee46e0f0589623edfad08ff654ec.01a1be94503f6980eaca8fe78529b5aa95dc632d.png','f25fee46e0f0589623edfad08ff654ec','01a1be94503f6980eaca8fe78529b5aa95dc632d'),(1828,'https://assets.mhw-db.com/armor/63fc317ed020067bd31ec13c2865172b.d83b3ef6ac9a06a5dbe44a794f1deee5858dd243.png','63fc317ed020067bd31ec13c2865172b','d83b3ef6ac9a06a5dbe44a794f1deee5858dd243'),(1829,'https://assets.mhw-db.com/armor/924af46b4ebc271ea8926f09fa0616e9.6cbaed7bdae4d6be01c5db58b71e43c20a32ca3f.png','924af46b4ebc271ea8926f09fa0616e9','6cbaed7bdae4d6be01c5db58b71e43c20a32ca3f'),(1830,'https://assets.mhw-db.com/armor/0e3361d0b8c66875e8aa64a853bb9053.58557341ad6d0ee19d6ce8f81354ad530224eb29.png','0e3361d0b8c66875e8aa64a853bb9053','58557341ad6d0ee19d6ce8f81354ad530224eb29'),(1831,'https://assets.mhw-db.com/armor/b4d487b328c42c929e2a55fc0fc15bc0.2ff8c6e623a91be0971876a9076566a6c35205e3.png','b4d487b328c42c929e2a55fc0fc15bc0','2ff8c6e623a91be0971876a9076566a6c35205e3'),(1832,'https://assets.mhw-db.com/armor/3cd9d83aef7d9aa9b106e971ca9bee69.999f2996fd28ffb6be5f8dc64a890a1f4f108104.png','3cd9d83aef7d9aa9b106e971ca9bee69','999f2996fd28ffb6be5f8dc64a890a1f4f108104'),(1833,'https://assets.mhw-db.com/armor/0a1118e928395bbb1975add11409b339.df1d3e383a4b361589ef2d9d7e5df6430f8f08c8.png','0a1118e928395bbb1975add11409b339','df1d3e383a4b361589ef2d9d7e5df6430f8f08c8'),(1834,'https://assets.mhw-db.com/armor/bd73c242b06a4c097aafa925b256cb0b.84c92e1596242124847ac4ecabcf82af01dbf8cd.png','bd73c242b06a4c097aafa925b256cb0b','84c92e1596242124847ac4ecabcf82af01dbf8cd'),(1835,'https://assets.mhw-db.com/armor/7f0d0e3a09c3cad1565ba2be6f537948.c3336ef3078b9e01b11f5f5d1996d5780fded17c.png','7f0d0e3a09c3cad1565ba2be6f537948','c3336ef3078b9e01b11f5f5d1996d5780fded17c'),(1836,'https://assets.mhw-db.com/armor/d217fe5dd004a691650b56a124db5105.164426740fc7f67a60dcbd66426f1b738fefb1e6.png','d217fe5dd004a691650b56a124db5105','164426740fc7f67a60dcbd66426f1b738fefb1e6'),(1837,'https://assets.mhw-db.com/armor/25fecd48bf7110c36a847d57e93f01d6.8f66cb3cc8b587d204944ea92800ce0d0b975750.png','25fecd48bf7110c36a847d57e93f01d6','8f66cb3cc8b587d204944ea92800ce0d0b975750'),(1838,'https://assets.mhw-db.com/armor/2a7494ba5a20ac16938c51a4468be61f.2e9584efdf6d8e8f60413606f9cf51c9d0b46a5c.png','2a7494ba5a20ac16938c51a4468be61f','2e9584efdf6d8e8f60413606f9cf51c9d0b46a5c'),(1839,'https://assets.mhw-db.com/armor/f97778643f19949fefd998c0ad4798a9.e2e5f6a98b5d5a72eef15cceb91edbb98ccdb84d.png','f97778643f19949fefd998c0ad4798a9','e2e5f6a98b5d5a72eef15cceb91edbb98ccdb84d'),(1840,'https://assets.mhw-db.com/armor/4efcab4f55f6bf76a22cdd0c571b358b.3d831db7ef54511b0a0cdd5ff0938abc538a3b1e.png','4efcab4f55f6bf76a22cdd0c571b358b','3d831db7ef54511b0a0cdd5ff0938abc538a3b1e'),(1841,'https://assets.mhw-db.com/armor/1efd1191f4284e1befd57033d4c273b9.1e5ee69dd4e8bbe77af4ceb25e65aa715355ba9e.png','1efd1191f4284e1befd57033d4c273b9','1e5ee69dd4e8bbe77af4ceb25e65aa715355ba9e'),(1842,'https://assets.mhw-db.com/armor/8245a9ddac5e2f3b1706856dd839b66f.67d2b12d839edd8c4a6fdbc0b746e503ebb67c16.png','8245a9ddac5e2f3b1706856dd839b66f','67d2b12d839edd8c4a6fdbc0b746e503ebb67c16'),(1843,'https://assets.mhw-db.com/armor/1453b504832056bddfb8ded7df73de19.02002c180ffa4cee7c8deac9b91d54b3fb2a724f.png','1453b504832056bddfb8ded7df73de19','02002c180ffa4cee7c8deac9b91d54b3fb2a724f'),(1844,'https://assets.mhw-db.com/armor/e5a39f5dc5abcf087983b406ffae2a0c.1f4120c92b108952c1713649c936865d831f647f.png','e5a39f5dc5abcf087983b406ffae2a0c','1f4120c92b108952c1713649c936865d831f647f'),(1845,'https://assets.mhw-db.com/armor/86b34c43d5ba69a5e24ff0ce820f104a.90384c92f3abeab466b529308c3a8200c7177f60.png','86b34c43d5ba69a5e24ff0ce820f104a','90384c92f3abeab466b529308c3a8200c7177f60'),(1846,'https://assets.mhw-db.com/armor/24ed18161304339a7f1c7f88ac7fe627.bbe840b96165d2d94776aa7699c77614b03aabf3.png','24ed18161304339a7f1c7f88ac7fe627','bbe840b96165d2d94776aa7699c77614b03aabf3'),(1847,'https://assets.mhw-db.com/armor/535f7776dfbe83d14cc4635c21b8cae1.b911e97652a12f1383741206c35fc2de612eacce.png','535f7776dfbe83d14cc4635c21b8cae1','b911e97652a12f1383741206c35fc2de612eacce'),(1848,'https://assets.mhw-db.com/armor/21651404af18f24ab16d6318ee22ea81.f250b0aec48e4ea40289a05535f0f28665f49c75.png','21651404af18f24ab16d6318ee22ea81','f250b0aec48e4ea40289a05535f0f28665f49c75'),(1849,'https://assets.mhw-db.com/armor/74f1a663349d9b498b88a34307d03422.74149f14be02d4d14f4ab2f55d2f01ace54521b5.png','74f1a663349d9b498b88a34307d03422','74149f14be02d4d14f4ab2f55d2f01ace54521b5'),(1850,'https://assets.mhw-db.com/armor/185c6bf98fc9e1798d201e436a0d80e5.7159660a500f987a31f96de290d8b7d943e1b55e.png','185c6bf98fc9e1798d201e436a0d80e5','7159660a500f987a31f96de290d8b7d943e1b55e'),(1851,'https://assets.mhw-db.com/armor/ee9a3cfe533563a37eb125d935c633b9.78d948bdceee39a2fd8e3755e79607f24f66e1d6.png','ee9a3cfe533563a37eb125d935c633b9','78d948bdceee39a2fd8e3755e79607f24f66e1d6'),(1852,'https://assets.mhw-db.com/armor/38500d95a7360e64d18d65c8e3fac522.c5bebbbc38c0c4a963bcd20234f2c57de6ce79e7.png','38500d95a7360e64d18d65c8e3fac522','c5bebbbc38c0c4a963bcd20234f2c57de6ce79e7'),(1853,'https://assets.mhw-db.com/armor/5e1b7750c5617a27819adfdfe755b2ef.d4455cafb5cc4ea706c47663b81f0d863858f4a6.png','5e1b7750c5617a27819adfdfe755b2ef','d4455cafb5cc4ea706c47663b81f0d863858f4a6'),(1854,'https://assets.mhw-db.com/armor/49be01b1fd9796bbaafc3a3bf87d9455.052fdc35ced99fe11c0660277ec5f6c0b1b21278.png','49be01b1fd9796bbaafc3a3bf87d9455','052fdc35ced99fe11c0660277ec5f6c0b1b21278'),(1855,'https://assets.mhw-db.com/armor/2e8840ad36a393d2a2e088f81a56aba2.5548371c33c367beb96439fcf39c2d4c51f57828.png','2e8840ad36a393d2a2e088f81a56aba2','5548371c33c367beb96439fcf39c2d4c51f57828'),(1856,'https://assets.mhw-db.com/armor/2bb330edc92885a03e7377b9ff9082da.b1ba0902d531e285a151213f8b500fe474184cc0.png','2bb330edc92885a03e7377b9ff9082da','b1ba0902d531e285a151213f8b500fe474184cc0'),(1857,'https://assets.mhw-db.com/armor/1ac74b44d6838dbb1a7d773ba06c1fa9.674f54d520ed4073bb56fdb2b7eff8579710b838.png','1ac74b44d6838dbb1a7d773ba06c1fa9','674f54d520ed4073bb56fdb2b7eff8579710b838'),(1858,'https://assets.mhw-db.com/armor/42f310dc44d0809e6eff301f949b99ca.712844772eade666974b20fd6a4c04700719e6ed.png','42f310dc44d0809e6eff301f949b99ca','712844772eade666974b20fd6a4c04700719e6ed'),(1859,'https://assets.mhw-db.com/armor/10f9a42bc903d413e59b5e45c5e6d868.23e89a1d59b0faf5918f45d54959cad7db1be346.png','10f9a42bc903d413e59b5e45c5e6d868','23e89a1d59b0faf5918f45d54959cad7db1be346'),(1860,'https://assets.mhw-db.com/armor/a2f5dbe8cfebb77309a19134afb45fac.f442fd0eb8e9e0c708d8679389590db4e63156b8.png','a2f5dbe8cfebb77309a19134afb45fac','f442fd0eb8e9e0c708d8679389590db4e63156b8'),(1861,'https://assets.mhw-db.com/armor/befc7898063f73c0613ab84dd5803799.3a278833ea46289124540e1548e73f03332a7d2c.png','befc7898063f73c0613ab84dd5803799','3a278833ea46289124540e1548e73f03332a7d2c'),(1862,'https://assets.mhw-db.com/armor/a7465a6c9a4a5c6e2a50252ae7ab6c11.70f029a258235c3c22e484accdb614898f0736e7.png','a7465a6c9a4a5c6e2a50252ae7ab6c11','70f029a258235c3c22e484accdb614898f0736e7'),(1863,'https://assets.mhw-db.com/armor/9f41b83de1c2a8ba93dff174943681f2.c0c4e777cf479144be5087c9230583d5814a285f.png','9f41b83de1c2a8ba93dff174943681f2','c0c4e777cf479144be5087c9230583d5814a285f'),(1864,'https://assets.mhw-db.com/armor/69e8ceb18b466ac2fa473c42040c8109.10cf382d73d054d6baf5968a9c172f5b4f7ff3da.png','69e8ceb18b466ac2fa473c42040c8109','10cf382d73d054d6baf5968a9c172f5b4f7ff3da'),(1865,'https://assets.mhw-db.com/armor/3c330a704eabf38f99701298694af101.28fbccbc61f7e36c7b18d93a4822589b0be87c56.png','3c330a704eabf38f99701298694af101','28fbccbc61f7e36c7b18d93a4822589b0be87c56'),(1866,'https://assets.mhw-db.com/armor/143edf625aa1e08c71adc3d1a693afc0.e7d30a84df612d3e96b30d6a6b50d57eeb6f2462.png','143edf625aa1e08c71adc3d1a693afc0','e7d30a84df612d3e96b30d6a6b50d57eeb6f2462'),(1867,'https://assets.mhw-db.com/weapons/great-sword/icons/83b9e1fa727ca6ba922b53a42626a167.26ad6221e21811da5278502fabfc138b33d622bc.png','83b9e1fa727ca6ba922b53a42626a167','26ad6221e21811da5278502fabfc138b33d622bc'),(1868,'https://assets.mhw-db.com/weapons/great-sword/icons/1710e0183141dbe3d2103dc3de4e0b11.cea79bf2c9acd356c2a14ced6995def0bba81d3d.png','1710e0183141dbe3d2103dc3de4e0b11','cea79bf2c9acd356c2a14ced6995def0bba81d3d'),(1869,'https://assets.mhw-db.com/weapons/great-sword/icons/9920045cd6c82fd2810eca2d4f498d80.a15b847b35db7c15eed0e223ec524f2127a8b188.png','9920045cd6c82fd2810eca2d4f498d80','a15b847b35db7c15eed0e223ec524f2127a8b188'),(1870,'https://assets.mhw-db.com/weapons/great-sword/icons/223f24731ea26332ab926d0d05113813.cd4a853f70af923133e57475348aa0e0b594b808.png','223f24731ea26332ab926d0d05113813','cd4a853f70af923133e57475348aa0e0b594b808'),(1871,'https://assets.mhw-db.com/weapons/great-sword/icons/e2b396ec3f56dfa8cc5e82ad53a0b445.a527679a7128f54d5a65b612842bfa6d1ece9682.png','e2b396ec3f56dfa8cc5e82ad53a0b445','a527679a7128f54d5a65b612842bfa6d1ece9682'),(1872,'https://assets.mhw-db.com/weapons/great-sword/icons/dfe1b8be199ad60c4d9b8f5a981f176e.3b127b9bb4fd3fb7b7200ca53d6f38860b3af97b.png','dfe1b8be199ad60c4d9b8f5a981f176e','3b127b9bb4fd3fb7b7200ca53d6f38860b3af97b'),(1873,'https://assets.mhw-db.com/weapons/great-sword/icons/b75701cb2979341853698ca0dc81e67a.65f65ea83eb133f54337d4d835d3f4624ace6b85.png','b75701cb2979341853698ca0dc81e67a','65f65ea83eb133f54337d4d835d3f4624ace6b85'),(1874,'https://assets.mhw-db.com/weapons/long-sword/icons/2a69a72d94c1066d3b4134cff64342c9.55c2bc0c2d8dd49efeddbbf289cbb32c6e58d532.png','2a69a72d94c1066d3b4134cff64342c9','55c2bc0c2d8dd49efeddbbf289cbb32c6e58d532'),(1875,'https://assets.mhw-db.com/weapons/long-sword/icons/ed4c84f5203abeec71d9143b70fb7ca6.898887fead77597847d2937f2927c82f1d2e1829.png','ed4c84f5203abeec71d9143b70fb7ca6','898887fead77597847d2937f2927c82f1d2e1829'),(1876,'https://assets.mhw-db.com/weapons/long-sword/icons/769cedbf9887fddb91b9516fceb03eee.ade64d9a2a2b1d4f937bc92762d33bd3446eef8b.png','769cedbf9887fddb91b9516fceb03eee','ade64d9a2a2b1d4f937bc92762d33bd3446eef8b'),(1877,'https://assets.mhw-db.com/weapons/long-sword/icons/ba45f618f96bb56a5f73dcee3087cb33.125fd76aa0bdd8b553285b853a3c20b61f51e9a0.png','ba45f618f96bb56a5f73dcee3087cb33','125fd76aa0bdd8b553285b853a3c20b61f51e9a0'),(1878,'https://assets.mhw-db.com/weapons/long-sword/icons/28d66eee2bc4ea9a702e0b85c4ff0037.90d0e986d4b65df48732d32f950fe828b27afcb1.png','28d66eee2bc4ea9a702e0b85c4ff0037','90d0e986d4b65df48732d32f950fe828b27afcb1'),(1879,'https://assets.mhw-db.com/weapons/long-sword/icons/f2e153d1dd5950d9eb8d543473f580fd.0ab4bdb9763f39b5f5099e33a4f3b3653abf5d44.png','f2e153d1dd5950d9eb8d543473f580fd','0ab4bdb9763f39b5f5099e33a4f3b3653abf5d44'),(1880,'https://assets.mhw-db.com/weapons/long-sword/icons/df5eb0be03ed469c6f750e3126939331.600ff99cb0f97a2b545cce0e8fffa5ab39210fa0.png','df5eb0be03ed469c6f750e3126939331','600ff99cb0f97a2b545cce0e8fffa5ab39210fa0'),(1881,'https://assets.mhw-db.com/weapons/sword-and-shield/icons/bba6138275380056204165eb9ed5d9cb.2e880e7ffa9e558cef1365b0d2e492a092f399a8.png','bba6138275380056204165eb9ed5d9cb','2e880e7ffa9e558cef1365b0d2e492a092f399a8'),(1882,'https://assets.mhw-db.com/weapons/sword-and-shield/icons/e1744c28d0fec4f8edde00178ae0db64.1434da92e5a7ad0916948ebfc4dc11873728f608.png','e1744c28d0fec4f8edde00178ae0db64','1434da92e5a7ad0916948ebfc4dc11873728f608'),(1883,'https://assets.mhw-db.com/weapons/sword-and-shield/icons/1dc382aecfd1130feb521174e3dcafaa.4a7fd2f651fb5a22bf32e723acbc29a9b96d4c14.png','1dc382aecfd1130feb521174e3dcafaa','4a7fd2f651fb5a22bf32e723acbc29a9b96d4c14'),(1884,'https://assets.mhw-db.com/weapons/sword-and-shield/icons/5aa4ffd36cdf053b26dbc2aedb2dfcd3.200f3e51ab3202f6231e685c5e2610faacbf1393.png','5aa4ffd36cdf053b26dbc2aedb2dfcd3','200f3e51ab3202f6231e685c5e2610faacbf1393'),(1885,'https://assets.mhw-db.com/weapons/sword-and-shield/icons/4a6cf9896a5af9fbab1bd2fe08197581.9a047b43213afdea09a370cbfaa287ed126016da.png','4a6cf9896a5af9fbab1bd2fe08197581','9a047b43213afdea09a370cbfaa287ed126016da'),(1886,'https://assets.mhw-db.com/weapons/sword-and-shield/icons/370a1c40a04a7e213b9a45f6acebe8ef.ebb5bd007e8c57e2825215754e8617b83fd4da04.png','370a1c40a04a7e213b9a45f6acebe8ef','ebb5bd007e8c57e2825215754e8617b83fd4da04'),(1887,'https://assets.mhw-db.com/weapons/sword-and-shield/icons/3c160ede7c2c031b755fd0d42b518a9d.36e5b784b1ca084c9bf1e626a03b959c3cd6e402.png','3c160ede7c2c031b755fd0d42b518a9d','36e5b784b1ca084c9bf1e626a03b959c3cd6e402'),(1888,'https://assets.mhw-db.com/weapons/dual-blades/icons/80ac9ee5262d3a1df7d3bab331f0df89.cf5b805b0e174b89510863079bd0211490b39a40.png','80ac9ee5262d3a1df7d3bab331f0df89','cf5b805b0e174b89510863079bd0211490b39a40'),(1889,'https://assets.mhw-db.com/weapons/dual-blades/icons/4acef2822dc162e1174a9b840d00d16f.cc8a71ec66fb7b2e48a62f0ac84b9b4e0e27a5f5.png','4acef2822dc162e1174a9b840d00d16f','cc8a71ec66fb7b2e48a62f0ac84b9b4e0e27a5f5'),(1890,'https://assets.mhw-db.com/weapons/dual-blades/icons/0e1d4df2cf286cf183f98260dac81839.12f0eb36db897bfa73c637010f25ea23e911b6b0.png','0e1d4df2cf286cf183f98260dac81839','12f0eb36db897bfa73c637010f25ea23e911b6b0'),(1891,'https://assets.mhw-db.com/weapons/dual-blades/icons/7f3e9d08ab3ab8661426bb695df73441.6852afbc4dd1519cc25d883470fa194a611f6c1a.png','7f3e9d08ab3ab8661426bb695df73441','6852afbc4dd1519cc25d883470fa194a611f6c1a'),(1892,'https://assets.mhw-db.com/weapons/dual-blades/icons/a5033e867655dd54ffa835accf6003af.e006c046d8a14335c0f6dddac953ee4814d010ef.png','a5033e867655dd54ffa835accf6003af','e006c046d8a14335c0f6dddac953ee4814d010ef'),(1893,'https://assets.mhw-db.com/weapons/dual-blades/icons/27149ea3aa2415493dcf9ade72f7fc40.98a568bbbb7a5f877cc49c3e87f833d4163e8399.png','27149ea3aa2415493dcf9ade72f7fc40','98a568bbbb7a5f877cc49c3e87f833d4163e8399'),(1894,'https://assets.mhw-db.com/weapons/dual-blades/icons/e18e488012c150ee1015914e7737e7d6.762b0022bb518a4a38f8e8519db2c52d984d72e3.png','e18e488012c150ee1015914e7737e7d6','762b0022bb518a4a38f8e8519db2c52d984d72e3'),(1895,'https://assets.mhw-db.com/weapons/hammer/icons/b083d259f0d006f65d99a763306b03d2.5c02c5ecd634959b7210ee96df4599c2622ddf55.png','b083d259f0d006f65d99a763306b03d2','5c02c5ecd634959b7210ee96df4599c2622ddf55'),(1896,'https://assets.mhw-db.com/weapons/hammer/icons/5eba390e4a1d886e04b3ea5b52306870.ed15b372992850a97e80ad4ee8b336c746a4209b.png','5eba390e4a1d886e04b3ea5b52306870','ed15b372992850a97e80ad4ee8b336c746a4209b'),(1897,'https://assets.mhw-db.com/weapons/hammer/icons/51d2640827c3b9e6d2932eb98b5c7ff0.626d743b3dc5c3808157f986a39107b6d9a6cad4.png','51d2640827c3b9e6d2932eb98b5c7ff0','626d743b3dc5c3808157f986a39107b6d9a6cad4'),(1898,'https://assets.mhw-db.com/weapons/hammer/icons/f401fd6d0aa5c476988d1785ec89b085.39ab96b84be840bb85f0134dce8adc19ea2cdd4e.png','f401fd6d0aa5c476988d1785ec89b085','39ab96b84be840bb85f0134dce8adc19ea2cdd4e'),(1899,'https://assets.mhw-db.com/weapons/hammer/icons/ff139d4e7f871f9ff29639925421ab01.7ebd7e527db55399395ba18d7ba1ce9e5e8399a9.png','ff139d4e7f871f9ff29639925421ab01','7ebd7e527db55399395ba18d7ba1ce9e5e8399a9'),(1900,'https://assets.mhw-db.com/weapons/hammer/icons/cf2ea70d6676eba4ba5fd93455adb2e5.82bc4e94ed82b92a0b9f9fcf255c814b0dbd941e.png','cf2ea70d6676eba4ba5fd93455adb2e5','82bc4e94ed82b92a0b9f9fcf255c814b0dbd941e'),(1901,'https://assets.mhw-db.com/weapons/hammer/icons/5d104c6fa9a458531c260b480513d34a.3fac5dc34f663fdafe36274761f9e2da15a812da.png','5d104c6fa9a458531c260b480513d34a','3fac5dc34f663fdafe36274761f9e2da15a812da'),(1902,'https://assets.mhw-db.com/weapons/hunting-horn/icons/59bdd0a7c0c06437a4037e23f4ebc9f2.52cbfc64034e1ec14c6af6a56be42ea1ee6f3515.png','59bdd0a7c0c06437a4037e23f4ebc9f2','52cbfc64034e1ec14c6af6a56be42ea1ee6f3515'),(1903,'https://assets.mhw-db.com/weapons/hunting-horn/icons/051aa808de39cf678dfa37e6b396272a.0e4b58ffba7eba51f24ed55fce03e0486bb9c2bd.png','051aa808de39cf678dfa37e6b396272a','0e4b58ffba7eba51f24ed55fce03e0486bb9c2bd'),(1904,'https://assets.mhw-db.com/weapons/hunting-horn/icons/860d9b8ceb7e4415d53a931c22ed6e7b.35b3c37b395035d7f7598a27286d034823b1a537.png','860d9b8ceb7e4415d53a931c22ed6e7b','35b3c37b395035d7f7598a27286d034823b1a537'),(1905,'https://assets.mhw-db.com/weapons/hunting-horn/icons/ed4ec571ac9ab93349c3e38dd5237f3e.2a19ad051c81a19ee2c577434a0b56be2b2cb35f.png','ed4ec571ac9ab93349c3e38dd5237f3e','2a19ad051c81a19ee2c577434a0b56be2b2cb35f'),(1906,'https://assets.mhw-db.com/weapons/hunting-horn/icons/2b4aed8cffca901f271848b219285ae0.4767e666ca90ac689dc56b7ea49c1104b9684843.png','2b4aed8cffca901f271848b219285ae0','4767e666ca90ac689dc56b7ea49c1104b9684843'),(1907,'https://assets.mhw-db.com/weapons/hunting-horn/icons/77e2d18d3bb42c833ffaaa72240b1778.1e495a6dd75aeb04e56ab8c398c05fa338ed2d9d.png','77e2d18d3bb42c833ffaaa72240b1778','1e495a6dd75aeb04e56ab8c398c05fa338ed2d9d'),(1908,'https://assets.mhw-db.com/weapons/hunting-horn/icons/07f6d5e013653be2edb0545f310e6cc7.c20c701997eeb8b288146caef0519825d779bda6.png','07f6d5e013653be2edb0545f310e6cc7','c20c701997eeb8b288146caef0519825d779bda6'),(1909,'https://assets.mhw-db.com/weapons/lance/icons/e04c5d1a416b9725f0c777cfc32cbf30.f2223ca278f456e522fdfb05d7c324b533731e22.png','e04c5d1a416b9725f0c777cfc32cbf30','f2223ca278f456e522fdfb05d7c324b533731e22'),(1910,'https://assets.mhw-db.com/weapons/lance/icons/2a1bdda2cd5a220e1bcefadca81d9f54.a1a1d02749b359941a9994f57e7eb8360d0148f3.png','2a1bdda2cd5a220e1bcefadca81d9f54','a1a1d02749b359941a9994f57e7eb8360d0148f3'),(1911,'https://assets.mhw-db.com/weapons/lance/icons/263161a462479731dfc04a00b601b5b2.556761e98a9ce7f3929ae7a460b2aee38ba3e8d9.png','263161a462479731dfc04a00b601b5b2','556761e98a9ce7f3929ae7a460b2aee38ba3e8d9'),(1912,'https://assets.mhw-db.com/weapons/lance/icons/d11683d36a7bbf283e09174c108a4e18.1a9c0a53374a636bfa20c8fee128cc966d47f6ba.png','d11683d36a7bbf283e09174c108a4e18','1a9c0a53374a636bfa20c8fee128cc966d47f6ba'),(1913,'https://assets.mhw-db.com/weapons/lance/icons/8f8e6a679ca088fad4d0fcc92a78d44e.c097ce2326ca14499aaf145e3ff595371fec52cf.png','8f8e6a679ca088fad4d0fcc92a78d44e','c097ce2326ca14499aaf145e3ff595371fec52cf'),(1914,'https://assets.mhw-db.com/weapons/lance/icons/b9df57d96c28ee14e6d99b2ac5751dbb.583091aef01c769924c43839f9a721e3f0598eff.png','b9df57d96c28ee14e6d99b2ac5751dbb','583091aef01c769924c43839f9a721e3f0598eff'),(1915,'https://assets.mhw-db.com/weapons/lance/icons/958dc0778f550ca58388a544e3c46105.941da3a8d40fca611f748ae40165d92c48246a94.png','958dc0778f550ca58388a544e3c46105','941da3a8d40fca611f748ae40165d92c48246a94'),(1916,'https://assets.mhw-db.com/weapons/gunlance/icons/c4a5f3c750236580edd4c9ab7cf190b1.e4a1a3f179bc4e9ccbf094992b1078de160f2e60.png','c4a5f3c750236580edd4c9ab7cf190b1','e4a1a3f179bc4e9ccbf094992b1078de160f2e60'),(1917,'https://assets.mhw-db.com/weapons/gunlance/icons/5d6d40158dab88728cdf8dd372c6856b.165d158bf770874fd93751be1cd4143b504d0c1f.png','5d6d40158dab88728cdf8dd372c6856b','165d158bf770874fd93751be1cd4143b504d0c1f'),(1918,'https://assets.mhw-db.com/weapons/gunlance/icons/78d23b34e462cd2d86f3e77cbba8ccba.650cc015aa4036d50f4daa049ae0b00e578f7321.png','78d23b34e462cd2d86f3e77cbba8ccba','650cc015aa4036d50f4daa049ae0b00e578f7321'),(1919,'https://assets.mhw-db.com/weapons/gunlance/icons/1f9ff9b6eef86036ec6bb29e3a5c71d1.768976100bf6b11558413a4af65c59c1e4846258.png','1f9ff9b6eef86036ec6bb29e3a5c71d1','768976100bf6b11558413a4af65c59c1e4846258'),(1920,'https://assets.mhw-db.com/weapons/gunlance/icons/76594faba5749c2211e5cd406fb1572e.30155771d9114b0a301ebcbdec62ed71f32ed9c3.png','76594faba5749c2211e5cd406fb1572e','30155771d9114b0a301ebcbdec62ed71f32ed9c3'),(1921,'https://assets.mhw-db.com/weapons/gunlance/icons/747cba6ee4a1ec9b8dad9fe9f8b78d19.b343da4ea9072b01b79940a8819bee5cdb0a5853.png','747cba6ee4a1ec9b8dad9fe9f8b78d19','b343da4ea9072b01b79940a8819bee5cdb0a5853'),(1922,'https://assets.mhw-db.com/weapons/gunlance/icons/e02bf1fdd876802e9e41f179d19c9700.cdb51f23d4e95fb1cf583f3ebdf867315a28a944.png','e02bf1fdd876802e9e41f179d19c9700','cdb51f23d4e95fb1cf583f3ebdf867315a28a944'),(1923,'https://assets.mhw-db.com/weapons/switch-axe/icons/ce22fc63e780e33286dc290e5995aa12.f00a8ac99c99c078559939ed9af02e52908ded3d.png','ce22fc63e780e33286dc290e5995aa12','f00a8ac99c99c078559939ed9af02e52908ded3d'),(1924,'https://assets.mhw-db.com/weapons/switch-axe/icons/ccbf67c410622fe133163f2d7204ffbe.e9e6514176ca0346b50db44be5372a4989706ce9.png','ccbf67c410622fe133163f2d7204ffbe','e9e6514176ca0346b50db44be5372a4989706ce9'),(1925,'https://assets.mhw-db.com/weapons/switch-axe/icons/76708077d219e0f431f7f8449a2e4b36.4367625021db5073d72dff0de80460bb312e1ae3.png','76708077d219e0f431f7f8449a2e4b36','4367625021db5073d72dff0de80460bb312e1ae3'),(1926,'https://assets.mhw-db.com/weapons/switch-axe/icons/572f5940ec7d4c0eb1be8790f8ced66c.76e5cf191c1d15e17980ad0d5d2ca80cba68e154.png','572f5940ec7d4c0eb1be8790f8ced66c','76e5cf191c1d15e17980ad0d5d2ca80cba68e154'),(1927,'https://assets.mhw-db.com/weapons/switch-axe/icons/24041ff5e8a2953d60c66d8e147a9e18.54978109aba70707e8e33d609d5ee42a78c0a259.png','24041ff5e8a2953d60c66d8e147a9e18','54978109aba70707e8e33d609d5ee42a78c0a259'),(1928,'https://assets.mhw-db.com/weapons/switch-axe/icons/913c3f96569e8ec52583784aa8bb1beb.2baae4f93b4458eef44f4a36acefc97c991df88c.png','913c3f96569e8ec52583784aa8bb1beb','2baae4f93b4458eef44f4a36acefc97c991df88c'),(1929,'https://assets.mhw-db.com/weapons/switch-axe/icons/f8d119209cad42d90b58457d42ef19e5.2841155370117e043bb02c41865f4573b6843393.png','f8d119209cad42d90b58457d42ef19e5','2841155370117e043bb02c41865f4573b6843393'),(1930,'https://assets.mhw-db.com/weapons/charge-blade/icons/05ca3341f2c9304ed7b6a01a7c74a225.762ef180b991cfc6a2d36f2ab7010726179c095c.png','05ca3341f2c9304ed7b6a01a7c74a225','762ef180b991cfc6a2d36f2ab7010726179c095c'),(1931,'https://assets.mhw-db.com/weapons/charge-blade/icons/b5593f513dfcdfff363975fdc478e213.f86e096c8a7554c9be3ae061dab466d62f5480aa.png','b5593f513dfcdfff363975fdc478e213','f86e096c8a7554c9be3ae061dab466d62f5480aa'),(1932,'https://assets.mhw-db.com/weapons/charge-blade/icons/f4f57e81c8e74d216a2539695e0e9a4f.ce59fb0e42bfd3b10e43493e0b7565a87e156b6e.png','f4f57e81c8e74d216a2539695e0e9a4f','ce59fb0e42bfd3b10e43493e0b7565a87e156b6e'),(1933,'https://assets.mhw-db.com/weapons/charge-blade/icons/32d57e93fb25bc9e0786d343a2e5c345.551086d344b7a52d71a3b25957e1e06054bbbcfb.png','32d57e93fb25bc9e0786d343a2e5c345','551086d344b7a52d71a3b25957e1e06054bbbcfb'),(1934,'https://assets.mhw-db.com/weapons/charge-blade/icons/a7401ee0001c781407ce358ca05540d4.9fa5c88cb6272bff811ab0a1157a692c3d5642c9.png','a7401ee0001c781407ce358ca05540d4','9fa5c88cb6272bff811ab0a1157a692c3d5642c9'),(1935,'https://assets.mhw-db.com/weapons/charge-blade/icons/b2a4dcda84b10f8986b79d4d57366f67.3cce76ab97960c9d2bde7084670c3d1dd5604e37.png','b2a4dcda84b10f8986b79d4d57366f67','3cce76ab97960c9d2bde7084670c3d1dd5604e37'),(1936,'https://assets.mhw-db.com/weapons/charge-blade/icons/b3fdf7188556d35bed2663ab819c02e9.101c1b2b8a21d1bad6d573ee4a1bb16f45541e3f.png','b3fdf7188556d35bed2663ab819c02e9','101c1b2b8a21d1bad6d573ee4a1bb16f45541e3f'),(1937,'https://assets.mhw-db.com/weapons/insect-glaive/icons/d686e3c4e9a394c8975893256bdba3ac.07b48cc26c9cc82a6b77252bc303c3c4ac58eb1d.png','d686e3c4e9a394c8975893256bdba3ac','07b48cc26c9cc82a6b77252bc303c3c4ac58eb1d'),(1938,'https://assets.mhw-db.com/weapons/insect-glaive/icons/9b4243956f0a8bbd9cf9e742b9fd7484.ea60375bae2954b8a86a5f4792989e36e6c21bb2.png','9b4243956f0a8bbd9cf9e742b9fd7484','ea60375bae2954b8a86a5f4792989e36e6c21bb2'),(1939,'https://assets.mhw-db.com/weapons/insect-glaive/icons/36dd7205ff368129969268b5f1b133bf.b48f1c1083a9e3fec4edc96419a43acb67ffa3b0.png','36dd7205ff368129969268b5f1b133bf','b48f1c1083a9e3fec4edc96419a43acb67ffa3b0'),(1940,'https://assets.mhw-db.com/weapons/insect-glaive/icons/d259ed1e32e2fc5cc6e87a181f4387d8.95b36b713dc79ba341273c3b822db2cbc3088653.png','d259ed1e32e2fc5cc6e87a181f4387d8','95b36b713dc79ba341273c3b822db2cbc3088653'),(1941,'https://assets.mhw-db.com/weapons/insect-glaive/icons/b428f94bc0391f1ef98d7dbc3de96662.b5c049c212722b30f57efa9474451bb190ad4d1d.png','b428f94bc0391f1ef98d7dbc3de96662','b5c049c212722b30f57efa9474451bb190ad4d1d'),(1942,'https://assets.mhw-db.com/weapons/insect-glaive/icons/efe2068df57e6f4f1fc43ea1e0f3629d.c9a9d8f6d20160e7ff9892de181336a12803030a.png','efe2068df57e6f4f1fc43ea1e0f3629d','c9a9d8f6d20160e7ff9892de181336a12803030a'),(1943,'https://assets.mhw-db.com/weapons/insect-glaive/icons/79d13d0fe6c5e50a3db556bb34176df1.c8e7d9e5e93a91f54837d24b9758eec88147a01d.png','79d13d0fe6c5e50a3db556bb34176df1','c8e7d9e5e93a91f54837d24b9758eec88147a01d'),(1944,'https://assets.mhw-db.com/weapons/light-bowgun/icons/ad00c31f8ceaa250a35d2779d7e64f0c.31db87d4c0bfc79d1452de7a0e51479ea63cd022.png','ad00c31f8ceaa250a35d2779d7e64f0c','31db87d4c0bfc79d1452de7a0e51479ea63cd022'),(1945,'https://assets.mhw-db.com/weapons/light-bowgun/icons/b0fb3e04f336525e68148ca21b4ec979.65796b6647075a55298bdb10b68a9cdb83107dcc.png','b0fb3e04f336525e68148ca21b4ec979','65796b6647075a55298bdb10b68a9cdb83107dcc'),(1946,'https://assets.mhw-db.com/weapons/light-bowgun/icons/9e6a6a5d7a8bd1f17aa04c462b9cf34f.a1a4d2442093535f6906ec2c325ec06d3ee1c359.png','9e6a6a5d7a8bd1f17aa04c462b9cf34f','a1a4d2442093535f6906ec2c325ec06d3ee1c359'),(1947,'https://assets.mhw-db.com/weapons/light-bowgun/icons/049b673c84574eb918d97e33dc13f9ed.cc4e6a85d61e69a9e88ed1ddffb786e9385de324.png','049b673c84574eb918d97e33dc13f9ed','cc4e6a85d61e69a9e88ed1ddffb786e9385de324'),(1948,'https://assets.mhw-db.com/weapons/light-bowgun/icons/09e1ddee8a01aeb7f59ff2d2c683ee99.af759cc9ea4d4c0f5507505fe7402b94944f3a9a.png','09e1ddee8a01aeb7f59ff2d2c683ee99','af759cc9ea4d4c0f5507505fe7402b94944f3a9a'),(1949,'https://assets.mhw-db.com/weapons/light-bowgun/icons/6bc5bdefa4c920891dd87f4ab95e2350.1385d35a017762d91d292f4c62a1f22168a03307.png','6bc5bdefa4c920891dd87f4ab95e2350','1385d35a017762d91d292f4c62a1f22168a03307'),(1950,'https://assets.mhw-db.com/weapons/light-bowgun/icons/c9c0d586dcb407bb4d1167b450ad8482.8d2308c50497f9ef539bd40fddd1edcbdb9aee8c.png','c9c0d586dcb407bb4d1167b450ad8482','8d2308c50497f9ef539bd40fddd1edcbdb9aee8c'),(1951,'https://assets.mhw-db.com/weapons/heavy-bowgun/icons/5e06c28a3a591ec29a38b5446be9bfbc.3dfff989967a9250150ebc5f284c9f171c55b656.png','5e06c28a3a591ec29a38b5446be9bfbc','3dfff989967a9250150ebc5f284c9f171c55b656'),(1952,'https://assets.mhw-db.com/weapons/heavy-bowgun/icons/0e1ee91f5cd0aaae0ebf7890be24eff0.1770ebc314483f7e845d0ca6bba9067e6cf5e88f.png','0e1ee91f5cd0aaae0ebf7890be24eff0','1770ebc314483f7e845d0ca6bba9067e6cf5e88f'),(1953,'https://assets.mhw-db.com/weapons/heavy-bowgun/icons/5d34a4f64410ce0e9ba2bc2493f09f0c.b7e8d270c56c758e282b88e4590ea60e8cc0b644.png','5d34a4f64410ce0e9ba2bc2493f09f0c','b7e8d270c56c758e282b88e4590ea60e8cc0b644'),(1954,'https://assets.mhw-db.com/weapons/heavy-bowgun/icons/e534262a0d19127c79ec12c5465db1b2.f4720ed89dbb4ecb0b9270dadfae2227ae636618.png','e534262a0d19127c79ec12c5465db1b2','f4720ed89dbb4ecb0b9270dadfae2227ae636618'),(1955,'https://assets.mhw-db.com/weapons/heavy-bowgun/icons/6b9f93809d83465a0fb534f8bcff2824.73a3cc6aee936856f217898d051e8eea70c2c2e7.png','6b9f93809d83465a0fb534f8bcff2824','73a3cc6aee936856f217898d051e8eea70c2c2e7'),(1956,'https://assets.mhw-db.com/weapons/heavy-bowgun/icons/4ace1941356b83e20ba412073a30d888.d24ea707674933c63ebec47d3446d79c40bc7d64.png','4ace1941356b83e20ba412073a30d888','d24ea707674933c63ebec47d3446d79c40bc7d64'),(1957,'https://assets.mhw-db.com/weapons/heavy-bowgun/icons/90275b93301a426a5b68f58a5a2d03c3.9c664424798bb4994b8d563ed707cd4cf5dad292.png','90275b93301a426a5b68f58a5a2d03c3','9c664424798bb4994b8d563ed707cd4cf5dad292'),(1958,'https://assets.mhw-db.com/weapons/bow/icons/a40eb3cc7825656a0181839b9f9eca43.417e0bb3bde62394bddd667752ce1687c0b1dd46.png','a40eb3cc7825656a0181839b9f9eca43','417e0bb3bde62394bddd667752ce1687c0b1dd46'),(1959,'https://assets.mhw-db.com/weapons/bow/icons/1b087915bc8089e8550fd6585f1fc3b0.25cfb7757d2a09acdce30555011860b7e33e9047.png','1b087915bc8089e8550fd6585f1fc3b0','25cfb7757d2a09acdce30555011860b7e33e9047'),(1960,'https://assets.mhw-db.com/weapons/bow/icons/a0b22b13947ad76a365a41a7a3c54b3c.1aea6294f1ca2eef5763c61fb4354d22c5bcec98.png','a0b22b13947ad76a365a41a7a3c54b3c','1aea6294f1ca2eef5763c61fb4354d22c5bcec98'),(1961,'https://assets.mhw-db.com/weapons/bow/icons/6cc056b628542995277656bf80be580b.07e0e24480f0e7630f6390f9c20991a9dfcc5f79.png','6cc056b628542995277656bf80be580b','07e0e24480f0e7630f6390f9c20991a9dfcc5f79'),(1962,'https://assets.mhw-db.com/weapons/bow/icons/32ffcfad5a90a478dab41208093ea5af.e05ae1e5d1a29738aa3562d3778bf39728489f09.png','32ffcfad5a90a478dab41208093ea5af','e05ae1e5d1a29738aa3562d3778bf39728489f09'),(1963,'https://assets.mhw-db.com/weapons/bow/icons/25f8ea6d74f3f6952658c0a2be62908b.bdcffbb929dbd5250076e71bfebb4d30865c6428.png','25f8ea6d74f3f6952658c0a2be62908b','bdcffbb929dbd5250076e71bfebb4d30865c6428'),(1964,'https://assets.mhw-db.com/weapons/bow/icons/0de2e14646f4959e54868595817d6b07.d9951f1de312edfbb597a06d7026d7469afa14e0.png','0de2e14646f4959e54868595817d6b07','d9951f1de312edfbb597a06d7026d7469afa14e0'),(1965,'https://assets.mhw-db.com/weapons/great-sword/fba5bc47b2183d38369d5ed1c3ad45d8482a57b7.2a0fc2d216e8d90353422dd2f3db8165.png','fba5bc47b2183d38369d5ed1c3ad45d8482a57b7','2a0fc2d216e8d90353422dd2f3db8165'),(1966,'https://assets.mhw-db.com/weapons/great-sword/f0201691108b4fc2327c8e6983c302cab9c73c92.983fe41f3bce01dbab55b8d26dd47b53.png','f0201691108b4fc2327c8e6983c302cab9c73c92','983fe41f3bce01dbab55b8d26dd47b53'),(1967,'https://assets.mhw-db.com/weapons/great-sword/02a3643368681febd5d0c1d0335846c999e516d6.6333b01b9b872c1152c68aae39aaf3a5.png','02a3643368681febd5d0c1d0335846c999e516d6','6333b01b9b872c1152c68aae39aaf3a5'),(1968,'https://assets.mhw-db.com/weapons/great-sword/ef4937214b610b35b945bc4906f96181c600d0b0.1b059957e9d5f1a76227303d5ce7e5ae.png','ef4937214b610b35b945bc4906f96181c600d0b0','1b059957e9d5f1a76227303d5ce7e5ae'),(1969,'https://assets.mhw-db.com/weapons/great-sword/fc7c2271ca5c0947bb730fe8d66935fa0707bd6c.378c788473fc54fd3d384d74da1c9e3f.png','fc7c2271ca5c0947bb730fe8d66935fa0707bd6c','378c788473fc54fd3d384d74da1c9e3f'),(1970,'https://assets.mhw-db.com/weapons/great-sword/52d1617a7e446fc59ba61f731ba1e6f82598f6fc.92190ade74023067fe8de1280bbb4f85.png','52d1617a7e446fc59ba61f731ba1e6f82598f6fc','92190ade74023067fe8de1280bbb4f85'),(1971,'https://assets.mhw-db.com/weapons/great-sword/ed038ea2e4a25abc327241dd02e415ee8746621e.a520b3665bb08bb519835d4eaa41b343.png','ed038ea2e4a25abc327241dd02e415ee8746621e','a520b3665bb08bb519835d4eaa41b343'),(1972,'https://assets.mhw-db.com/weapons/great-sword/a5cdcf5627fed985c41355b53832525ba5d8028e.24ce25246a86bb9e96885a4bdb2f0239.png','a5cdcf5627fed985c41355b53832525ba5d8028e','24ce25246a86bb9e96885a4bdb2f0239'),(1973,'https://assets.mhw-db.com/weapons/great-sword/95d0ad44239b6a257dc48089b75e2f7df701d1cd.f0e6098aaa1c1322b5d9bc91897ba07c.png','95d0ad44239b6a257dc48089b75e2f7df701d1cd','f0e6098aaa1c1322b5d9bc91897ba07c'),(1974,'https://assets.mhw-db.com/weapons/great-sword/33941f896f1aa6470960fe6070c6c4c54e1aa7af.e304054a795a6ddb7e43eb4ae847c9f1.png','33941f896f1aa6470960fe6070c6c4c54e1aa7af','e304054a795a6ddb7e43eb4ae847c9f1'),(1975,'https://assets.mhw-db.com/weapons/great-sword/625d69c5583674585bac998de01bb29a7d73ac2e.b1ebeb63fd6429b93a5024641adca2b1.png','625d69c5583674585bac998de01bb29a7d73ac2e','b1ebeb63fd6429b93a5024641adca2b1'),(1976,'https://assets.mhw-db.com/weapons/great-sword/fd8131c985b37b9b77aa7f506dbc9ed19a9b10b4.73cd3ea27498e0631c323c2e3d5a5d56.png','fd8131c985b37b9b77aa7f506dbc9ed19a9b10b4','73cd3ea27498e0631c323c2e3d5a5d56'),(1977,'https://assets.mhw-db.com/weapons/great-sword/c2917f14d8ac01b69d945ac875af0821e0e2c69a.cb8534e4e965b7a2133200c68460c537.png','c2917f14d8ac01b69d945ac875af0821e0e2c69a','cb8534e4e965b7a2133200c68460c537'),(1978,'https://assets.mhw-db.com/weapons/great-sword/35e572dab12f0157614509d955b185c949a70d51.062c8a4853049345b7ca375297f6fb39.png','35e572dab12f0157614509d955b185c949a70d51','062c8a4853049345b7ca375297f6fb39'),(1979,'https://assets.mhw-db.com/weapons/great-sword/9beaf7c3d0832f03fd15752d50f42a7cc6380da1.7d4b6aa96f8004aba7fa2da3dbbe2f0e.png','9beaf7c3d0832f03fd15752d50f42a7cc6380da1','7d4b6aa96f8004aba7fa2da3dbbe2f0e'),(1980,'https://assets.mhw-db.com/weapons/great-sword/cd26ffc22d9bbb50311c1750caff0911304e2bb0.9db022ab0cf0f3108a21075c916fbd17.png','cd26ffc22d9bbb50311c1750caff0911304e2bb0','9db022ab0cf0f3108a21075c916fbd17'),(1981,'https://assets.mhw-db.com/weapons/great-sword/94e1669b737e0a349a41c824d7d56987bb0ae0c9.628601189bdaecaba06b3a3f97e0505a.png','94e1669b737e0a349a41c824d7d56987bb0ae0c9','628601189bdaecaba06b3a3f97e0505a'),(1982,'https://assets.mhw-db.com/weapons/great-sword/4c63b0c5b78ae6aababba070d68c15e89ca75b70.deef9d2eb99ce746396b3978ba09a845.png','4c63b0c5b78ae6aababba070d68c15e89ca75b70','deef9d2eb99ce746396b3978ba09a845'),(1983,'https://assets.mhw-db.com/weapons/great-sword/e6c1852501e724f123c9ffdcea4aabd499c97dc0.368962405fd706ffb9305b7bc7a481d8.png','e6c1852501e724f123c9ffdcea4aabd499c97dc0','368962405fd706ffb9305b7bc7a481d8'),(1984,'https://assets.mhw-db.com/weapons/great-sword/d56552beab859c2f38f7e1521e1fb98b10ea7460.8b791ad26435e2b3ab8e94649eaaf088.png','d56552beab859c2f38f7e1521e1fb98b10ea7460','8b791ad26435e2b3ab8e94649eaaf088'),(1985,'https://assets.mhw-db.com/weapons/great-sword/7b366afec4974c543344a9f8981013b0fcabc057.2c86df439c8efe7145a9f12ee366748e.png','7b366afec4974c543344a9f8981013b0fcabc057','2c86df439c8efe7145a9f12ee366748e'),(1986,'https://assets.mhw-db.com/weapons/great-sword/af72424b4c50d826983d685c5574a989128b4b53.16f0e8d0581e8b0c4a1028e2f869f171.png','af72424b4c50d826983d685c5574a989128b4b53','16f0e8d0581e8b0c4a1028e2f869f171'),(1987,'https://assets.mhw-db.com/weapons/great-sword/67db0809f3d7a1ef75c629a95c66b7ccb8f54396.d0c5060b71b8737ea317c1036de9831c.png','67db0809f3d7a1ef75c629a95c66b7ccb8f54396','d0c5060b71b8737ea317c1036de9831c'),(1988,'https://assets.mhw-db.com/weapons/great-sword/53ac7cca5451c650d369fa7d921f21e3aded6b89.bae774763cbd5d706ebf74a23efb137a.png','53ac7cca5451c650d369fa7d921f21e3aded6b89','bae774763cbd5d706ebf74a23efb137a'),(1989,'https://assets.mhw-db.com/weapons/great-sword/d8430c1c400936de21728b68d5f90236a681cf29.1b831038a0f6a8daec24085b32e6f855.png','d8430c1c400936de21728b68d5f90236a681cf29','1b831038a0f6a8daec24085b32e6f855'),(1990,'https://assets.mhw-db.com/weapons/great-sword/939efb98c4eccb9535b56aa76911b8ee925a9cf0.94c40d3c4d09aa7cbf540189089093e8.png','939efb98c4eccb9535b56aa76911b8ee925a9cf0','94c40d3c4d09aa7cbf540189089093e8'),(1991,'https://assets.mhw-db.com/weapons/great-sword/368beeb355182afdc0951889d2d162b9df06200a.82a5184da349647d80219a53707a24c6.png','368beeb355182afdc0951889d2d162b9df06200a','82a5184da349647d80219a53707a24c6'),(1992,'https://assets.mhw-db.com/weapons/great-sword/317253a2c2628a8e49c08c1a014f91056c74c0fa.f7f5e00dd805302c361d5ae36c2e3541.png','317253a2c2628a8e49c08c1a014f91056c74c0fa','f7f5e00dd805302c361d5ae36c2e3541'),(1993,'https://assets.mhw-db.com/weapons/great-sword/091df2186e000dbcd87c73fc7c0b757152b086ad.cf732431ce134ce3803e12fda0282927.png','091df2186e000dbcd87c73fc7c0b757152b086ad','cf732431ce134ce3803e12fda0282927'),(1994,'https://assets.mhw-db.com/weapons/great-sword/e29af1d29a884c90d0b59c1180f0263620821900.24f1388f5e662fe3b1169c4ad9cff800.png','e29af1d29a884c90d0b59c1180f0263620821900','24f1388f5e662fe3b1169c4ad9cff800'),(1995,'https://assets.mhw-db.com/weapons/great-sword/998c8b5d6173852c193acddd9b8681900b572e15.2275a80ad44b85ccb3ed6442a7a5a6c2.png','998c8b5d6173852c193acddd9b8681900b572e15','2275a80ad44b85ccb3ed6442a7a5a6c2'),(1996,'https://assets.mhw-db.com/weapons/great-sword/bdab3dacc1f1e86fae1274412f05f343f39e2553.a3d5eb154875faf66bf08377876cdb80.png','bdab3dacc1f1e86fae1274412f05f343f39e2553','a3d5eb154875faf66bf08377876cdb80'),(1997,'https://assets.mhw-db.com/weapons/great-sword/67485401f2f980c37db6ed443bc8a850f96314c8.e0bc30d9aa5b3ac0a348093da05c6359.png','67485401f2f980c37db6ed443bc8a850f96314c8','e0bc30d9aa5b3ac0a348093da05c6359'),(1998,'https://assets.mhw-db.com/weapons/great-sword/22a4255947a455add7ef4ceb79ea332081a8706e.5324b0ef63af06051d71b30adf3e25a3.png','22a4255947a455add7ef4ceb79ea332081a8706e','5324b0ef63af06051d71b30adf3e25a3'),(1999,'https://assets.mhw-db.com/weapons/great-sword/ec0d11d505bbdc6ead592f7fdcb85f9c4fae5266.8844d5ce3cb8135672ff15aaba214b21.png','ec0d11d505bbdc6ead592f7fdcb85f9c4fae5266','8844d5ce3cb8135672ff15aaba214b21'),(2000,'https://assets.mhw-db.com/weapons/great-sword/edd7226408382a58c2f8b57c3a3db085cde8efa0.9f228c500c69f2482deab38b69f27a49.png','edd7226408382a58c2f8b57c3a3db085cde8efa0','9f228c500c69f2482deab38b69f27a49'),(2001,'https://assets.mhw-db.com/weapons/great-sword/a392be3dc2581ca7c553fc14d3381b0ecea1ff96.36238a0b00a0eb17f30a4f41b020fb87.png','a392be3dc2581ca7c553fc14d3381b0ecea1ff96','36238a0b00a0eb17f30a4f41b020fb87'),(2002,'https://assets.mhw-db.com/weapons/long-sword/cd7510e7141ccac5cc3bde5aec235038678fbdb0.1ce1d7994e6e191e6e5ef68e3cfaf6a3.png','cd7510e7141ccac5cc3bde5aec235038678fbdb0','1ce1d7994e6e191e6e5ef68e3cfaf6a3'),(2003,'https://assets.mhw-db.com/weapons/long-sword/33823a92bd3428d55546009c388d71805eb3a26e.44c9672d1ceaa6d0ca3c243cf59fbb8a.png','33823a92bd3428d55546009c388d71805eb3a26e','44c9672d1ceaa6d0ca3c243cf59fbb8a'),(2004,'https://assets.mhw-db.com/weapons/long-sword/b14f41092f368caa95a77ec2929086651bd69a9a.8ceb41f456dd6c2ba0016f83cc6d697a.png','b14f41092f368caa95a77ec2929086651bd69a9a','8ceb41f456dd6c2ba0016f83cc6d697a'),(2005,'https://assets.mhw-db.com/weapons/long-sword/40700a703ebe4ce135539b2e966f3fe852862b1a.afcb7838b92d00b7b6a9055d580d3459.png','40700a703ebe4ce135539b2e966f3fe852862b1a','afcb7838b92d00b7b6a9055d580d3459'),(2006,'https://assets.mhw-db.com/weapons/long-sword/15e13fe36eea026f257eae694549e0679ae39504.0a2b927b9e34585777b34e216aa43680.png','15e13fe36eea026f257eae694549e0679ae39504','0a2b927b9e34585777b34e216aa43680'),(2007,'https://assets.mhw-db.com/weapons/long-sword/c42f15df035c1e9663c5696c94f4a1459cc84a40.809640bfaf7e67a329fd951dacaa2207.png','c42f15df035c1e9663c5696c94f4a1459cc84a40','809640bfaf7e67a329fd951dacaa2207'),(2008,'https://assets.mhw-db.com/weapons/long-sword/8cb97dc18b2410ae40e4856a8b246bd1609f9411.a46229540a055566b210815357143c07.png','8cb97dc18b2410ae40e4856a8b246bd1609f9411','a46229540a055566b210815357143c07'),(2009,'https://assets.mhw-db.com/weapons/long-sword/c154ae638f5ab5e91bb7d11f751245b0bf72933a.854cf2b20e51fc01efbfeeefaf17f56e.png','c154ae638f5ab5e91bb7d11f751245b0bf72933a','854cf2b20e51fc01efbfeeefaf17f56e'),(2010,'https://assets.mhw-db.com/weapons/long-sword/c80af92d49fafcf962e1179733ad6367b0c1ba6a.054a474b324d72001030e539b9b3f796.png','c80af92d49fafcf962e1179733ad6367b0c1ba6a','054a474b324d72001030e539b9b3f796'),(2011,'https://assets.mhw-db.com/weapons/long-sword/8c38097707c5166c1bf82e9fa191adb8fc67ae3e.03d9ed8d58eaab677ff631f71acabed1.png','8c38097707c5166c1bf82e9fa191adb8fc67ae3e','03d9ed8d58eaab677ff631f71acabed1'),(2012,'https://assets.mhw-db.com/weapons/long-sword/53bfba960a525a60b396024d569b31d4beeef8f5.60a518b202d6074e23093d982b7c3401.png','53bfba960a525a60b396024d569b31d4beeef8f5','60a518b202d6074e23093d982b7c3401'),(2013,'https://assets.mhw-db.com/weapons/long-sword/7e6c7972568ec47d5d0462687d83f94cad9e3910.71c749e6e6b7b4e65c401634ad5ac5a0.png','7e6c7972568ec47d5d0462687d83f94cad9e3910','71c749e6e6b7b4e65c401634ad5ac5a0'),(2014,'https://assets.mhw-db.com/weapons/long-sword/ba4e73134ec97808a28f319b033dbd2dbcd4aa33.1f63cc9ae1c45394b6f7a6b470a32e47.png','ba4e73134ec97808a28f319b033dbd2dbcd4aa33','1f63cc9ae1c45394b6f7a6b470a32e47'),(2015,'https://assets.mhw-db.com/weapons/long-sword/bd10d762fcd46fef380dc72696a4d02cb82cf5eb.df5e58a2bfb762543d5e198e6a6fed0d.png','bd10d762fcd46fef380dc72696a4d02cb82cf5eb','df5e58a2bfb762543d5e198e6a6fed0d'),(2016,'https://assets.mhw-db.com/weapons/long-sword/de14e95aae83a04fa5bc71420f0c7e42ac5a9556.37fce458c2feffe1ee03dea867d0985c.png','de14e95aae83a04fa5bc71420f0c7e42ac5a9556','37fce458c2feffe1ee03dea867d0985c'),(2017,'https://assets.mhw-db.com/weapons/long-sword/dc6fecb5149ad6e6e0018b624ccc296a17b65ded.ea80aedebf3d9c8c5ad672773ca552f4.png','dc6fecb5149ad6e6e0018b624ccc296a17b65ded','ea80aedebf3d9c8c5ad672773ca552f4'),(2018,'https://assets.mhw-db.com/weapons/long-sword/eec7813fe5b66ab2f998aecc0bf1bc366d518703.76632bb387bc231989359a0373b04441.png','eec7813fe5b66ab2f998aecc0bf1bc366d518703','76632bb387bc231989359a0373b04441'),(2019,'https://assets.mhw-db.com/weapons/long-sword/654fa5f5723b35acf4f33d2b0cf8bc4964dfdab9.83b8e2afcb485c37da08be800a3f5f32.png','654fa5f5723b35acf4f33d2b0cf8bc4964dfdab9','83b8e2afcb485c37da08be800a3f5f32'),(2020,'https://assets.mhw-db.com/weapons/long-sword/b2d1b4005f679dbced3d7a70051eea640da1f389.aa554dd81559056101a7d833fb59cc49.png','b2d1b4005f679dbced3d7a70051eea640da1f389','aa554dd81559056101a7d833fb59cc49'),(2021,'https://assets.mhw-db.com/weapons/long-sword/71720f807e18a37cb3c1a79a45e8a542f63b4389.fe5e97a95476155ce5408f200518d111.png','71720f807e18a37cb3c1a79a45e8a542f63b4389','fe5e97a95476155ce5408f200518d111'),(2022,'https://assets.mhw-db.com/weapons/long-sword/4c0100d12de983113a95dee1bd9c548d6eddcfc2.55a9206ac1dfbffc8ccb79d0883d12fb.png','4c0100d12de983113a95dee1bd9c548d6eddcfc2','55a9206ac1dfbffc8ccb79d0883d12fb'),(2023,'https://assets.mhw-db.com/weapons/long-sword/95aded8da6fea06173e9ec95c6dbba6040d55b35.cb1e3052087de0acdefbcd4683eb5107.png','95aded8da6fea06173e9ec95c6dbba6040d55b35','cb1e3052087de0acdefbcd4683eb5107'),(2024,'https://assets.mhw-db.com/weapons/long-sword/f24970b4965e54473448b19e65da61a66ab2950e.a3f15994d709f1d625137188e06bf11b.png','f24970b4965e54473448b19e65da61a66ab2950e','a3f15994d709f1d625137188e06bf11b'),(2025,'https://assets.mhw-db.com/weapons/long-sword/e72518ca2d31e04ff654c36f2dc07584d8b255b2.b41e32ceffe701f113fa3e39af6d4228.png','e72518ca2d31e04ff654c36f2dc07584d8b255b2','b41e32ceffe701f113fa3e39af6d4228'),(2026,'https://assets.mhw-db.com/weapons/long-sword/765938889f288737df73ef8f69353d67eefe5fef.b66bf1cb949779f407138d43c4ab26f5.png','765938889f288737df73ef8f69353d67eefe5fef','b66bf1cb949779f407138d43c4ab26f5'),(2027,'https://assets.mhw-db.com/weapons/long-sword/b18a310343f468cb73e2021f316efcef6f144e3f.49d0550731ad7a84487fb6cd66880bba.png','b18a310343f468cb73e2021f316efcef6f144e3f','49d0550731ad7a84487fb6cd66880bba'),(2028,'https://assets.mhw-db.com/weapons/long-sword/a613f49e36d3a9ca9d66d0a33cffc89772950ce1.ba2a5d464cd9e24b45735f06f9193f1f.png','a613f49e36d3a9ca9d66d0a33cffc89772950ce1','ba2a5d464cd9e24b45735f06f9193f1f'),(2029,'https://assets.mhw-db.com/weapons/long-sword/088a93cbf68423abf41343100a022da519f2be73.46029750184a8011a2b92c49cb699c8b.png','088a93cbf68423abf41343100a022da519f2be73','46029750184a8011a2b92c49cb699c8b'),(2030,'https://assets.mhw-db.com/weapons/long-sword/150c3bc2541650c3bb3152739238404c3778f3d4.a84c2dd4ced5738fedcc6eb4d04793bd.png','150c3bc2541650c3bb3152739238404c3778f3d4','a84c2dd4ced5738fedcc6eb4d04793bd'),(2031,'https://assets.mhw-db.com/weapons/long-sword/207bbde0969774c0fba52973f92f6ecb6dff4703.c4c87eefcd9fdaa1ceb524f543df828f.png','207bbde0969774c0fba52973f92f6ecb6dff4703','c4c87eefcd9fdaa1ceb524f543df828f'),(2032,'https://assets.mhw-db.com/weapons/long-sword/237abf04a185fb93862c67757def003a9a91c1ba.ba0497e138d6b18205cce5b89b5e3c9b.png','237abf04a185fb93862c67757def003a9a91c1ba','ba0497e138d6b18205cce5b89b5e3c9b'),(2033,'https://assets.mhw-db.com/weapons/long-sword/16fdc10dc2c04388fd885a12c73616e6844269e1.6a4ae44503e3dc7c9561625d2c0eaadf.png','16fdc10dc2c04388fd885a12c73616e6844269e1','6a4ae44503e3dc7c9561625d2c0eaadf'),(2034,'https://assets.mhw-db.com/weapons/long-sword/fb363624f38a2c4af14ef7a2b59f83620873cd5d.fb86543291414e88f1b57dd3bb941c0b.png','fb363624f38a2c4af14ef7a2b59f83620873cd5d','fb86543291414e88f1b57dd3bb941c0b'),(2035,'https://assets.mhw-db.com/weapons/sword-and-shield/db78d6a42f1ec38b2591343caf90a694208bcb7a.13207871537694349a0f662e5be76ad1.png','db78d6a42f1ec38b2591343caf90a694208bcb7a','13207871537694349a0f662e5be76ad1'),(2036,'https://assets.mhw-db.com/weapons/sword-and-shield/2066892866fdcb21ff07d37f9ebf7f3d022d38f2.55f961f6daea8a7cd8543180692c1aa8.png','2066892866fdcb21ff07d37f9ebf7f3d022d38f2','55f961f6daea8a7cd8543180692c1aa8'),(2037,'https://assets.mhw-db.com/weapons/sword-and-shield/3709d763f468a9d89fdf8d492fd647360d4d6660.e9606ac1734189c8b43db0517ba63681.png','3709d763f468a9d89fdf8d492fd647360d4d6660','e9606ac1734189c8b43db0517ba63681'),(2038,'https://assets.mhw-db.com/weapons/sword-and-shield/19511e39952e6f6b5e79dbf25199282d6831f577.39e1a8f37678d4ef6cc8f5d1960b29ca.png','19511e39952e6f6b5e79dbf25199282d6831f577','39e1a8f37678d4ef6cc8f5d1960b29ca'),(2039,'https://assets.mhw-db.com/weapons/sword-and-shield/5364536e3e78ef8522589125d5af7f4b3780c0c7.a60928eba41aed7a4e5e69751128043b.png','5364536e3e78ef8522589125d5af7f4b3780c0c7','a60928eba41aed7a4e5e69751128043b'),(2040,'https://assets.mhw-db.com/weapons/sword-and-shield/0a113dcfef33077bf39cb30d7b22e1670e0ed030.c74432ae06159bd60da850254a923c00.png','0a113dcfef33077bf39cb30d7b22e1670e0ed030','c74432ae06159bd60da850254a923c00'),(2041,'https://assets.mhw-db.com/weapons/sword-and-shield/2c911cdac51c24240bd48931e0054fd04fa0ec97.510de2dfe0588ba9aeb76db84a321c2a.png','2c911cdac51c24240bd48931e0054fd04fa0ec97','510de2dfe0588ba9aeb76db84a321c2a'),(2042,'https://assets.mhw-db.com/weapons/sword-and-shield/52e44d3a69576d9e2b7d02fa271e06f2c4678d4a.a33b4ad833364f6732219442b57b848b.png','52e44d3a69576d9e2b7d02fa271e06f2c4678d4a','a33b4ad833364f6732219442b57b848b'),(2043,'https://assets.mhw-db.com/weapons/sword-and-shield/35254c930b8e83baa8656b000ac54112bbd24ba1.847bed276350559e9fac925c332e9e2c.png','35254c930b8e83baa8656b000ac54112bbd24ba1','847bed276350559e9fac925c332e9e2c'),(2044,'https://assets.mhw-db.com/weapons/sword-and-shield/64f4e8c2522fcc9f8e78590b2a3be19c87e994e1.eb6d572dd32ca94b08f0f03e490abcf8.png','64f4e8c2522fcc9f8e78590b2a3be19c87e994e1','eb6d572dd32ca94b08f0f03e490abcf8'),(2045,'https://assets.mhw-db.com/weapons/sword-and-shield/793755f8d1a5998279f9eb607a319ff888d40076.85a9ebdb489ce633380ad97ac4a9a3d0.png','793755f8d1a5998279f9eb607a319ff888d40076','85a9ebdb489ce633380ad97ac4a9a3d0'),(2046,'https://assets.mhw-db.com/weapons/sword-and-shield/fe122f124d5eabbdf0e166a9fbc6d196a56ca73e.6378ccd0dc271321f124c145ef5594b7.png','fe122f124d5eabbdf0e166a9fbc6d196a56ca73e','6378ccd0dc271321f124c145ef5594b7'),(2047,'https://assets.mhw-db.com/weapons/sword-and-shield/7c408145196d9fcb0d66bce50b7c5d6895fa6fdc.1ea4c49efcfcd2205f602c5b7ee26d93.png','7c408145196d9fcb0d66bce50b7c5d6895fa6fdc','1ea4c49efcfcd2205f602c5b7ee26d93'),(2048,'https://assets.mhw-db.com/weapons/sword-and-shield/057e0fce37413313afb22160bfdbdedd86392647.a2f06f5bc94cae4a7564a4db2767877f.png','057e0fce37413313afb22160bfdbdedd86392647','a2f06f5bc94cae4a7564a4db2767877f'),(2049,'https://assets.mhw-db.com/weapons/sword-and-shield/d9ebd920ac8a2ced449d96ce629cf4e7f5a3e5d1.c771e39bfbb91c0e6f7212c2e5341111.png','d9ebd920ac8a2ced449d96ce629cf4e7f5a3e5d1','c771e39bfbb91c0e6f7212c2e5341111'),(2050,'https://assets.mhw-db.com/weapons/sword-and-shield/9bb337db0316d200546993fa3432300151b5d92d.c581c85868839e105d7b0b5c2839bd69.png','9bb337db0316d200546993fa3432300151b5d92d','c581c85868839e105d7b0b5c2839bd69'),(2051,'https://assets.mhw-db.com/weapons/sword-and-shield/2700cf0716d2b0b119fb4f6c1cf4f6c9fe52801b.ff4ee4fc2d5abeebadf8d12913543c85.png','2700cf0716d2b0b119fb4f6c1cf4f6c9fe52801b','ff4ee4fc2d5abeebadf8d12913543c85'),(2052,'https://assets.mhw-db.com/weapons/sword-and-shield/816a3be37b7615b632ae38744947c59698067f3d.6befad7f283f254e67955c7137ceb9f4.png','816a3be37b7615b632ae38744947c59698067f3d','6befad7f283f254e67955c7137ceb9f4'),(2053,'https://assets.mhw-db.com/weapons/sword-and-shield/5ff892fc0deaaa5a8e08d97b19965a910bdeb6c7.4ee9a019c04e2b78fbec63aa2c36d878.png','5ff892fc0deaaa5a8e08d97b19965a910bdeb6c7','4ee9a019c04e2b78fbec63aa2c36d878'),(2054,'https://assets.mhw-db.com/weapons/sword-and-shield/68dc5976f54452f462e1100dddfb95eac0e6ac68.d6d6ea5c25c8355fddd8f630b01b9957.png','68dc5976f54452f462e1100dddfb95eac0e6ac68','d6d6ea5c25c8355fddd8f630b01b9957'),(2055,'https://assets.mhw-db.com/weapons/sword-and-shield/f271b9991d9c1cdfdb971ea40857bea3060cb642.af9c75ae45ad3a27b806dcea6fa7c688.png','f271b9991d9c1cdfdb971ea40857bea3060cb642','af9c75ae45ad3a27b806dcea6fa7c688'),(2056,'https://assets.mhw-db.com/weapons/sword-and-shield/afaaedfdcf21961e08707b3f51dfc067e097e58d.9195479f2b0622f0f873bcedf7607294.png','afaaedfdcf21961e08707b3f51dfc067e097e58d','9195479f2b0622f0f873bcedf7607294'),(2057,'https://assets.mhw-db.com/weapons/sword-and-shield/69e85665580b5f4394a6fce8aa8390822d0d808e.a429616c35e71f233ed2cd11ddc69ed6.png','69e85665580b5f4394a6fce8aa8390822d0d808e','a429616c35e71f233ed2cd11ddc69ed6'),(2058,'https://assets.mhw-db.com/weapons/sword-and-shield/1dabee838a9e7a70d08b6acfc5cf69224acad5a6.203eceffceb6c35110e7414cf3453abd.png','1dabee838a9e7a70d08b6acfc5cf69224acad5a6','203eceffceb6c35110e7414cf3453abd'),(2059,'https://assets.mhw-db.com/weapons/sword-and-shield/7ee9245b4c10405887847805538fe61feb63e440.b8cf3c14a937ea8d7056f350e8fadc97.png','7ee9245b4c10405887847805538fe61feb63e440','b8cf3c14a937ea8d7056f350e8fadc97'),(2060,'https://assets.mhw-db.com/weapons/sword-and-shield/0e8a4b26ee88d6a1754f42ee16e7e8da8faeef6e.f285f9b324f64842954224b22ab55b29.png','0e8a4b26ee88d6a1754f42ee16e7e8da8faeef6e','f285f9b324f64842954224b22ab55b29'),(2061,'https://assets.mhw-db.com/weapons/sword-and-shield/d02c04d01ab227eafc7fe3bd2f6ea1ec25f755b5.7312ee9530214a4832d298fa0732d220.png','d02c04d01ab227eafc7fe3bd2f6ea1ec25f755b5','7312ee9530214a4832d298fa0732d220'),(2062,'https://assets.mhw-db.com/weapons/sword-and-shield/3194f3fd4aa07f3be05cfd8ab991d0c14b45e0bf.4c08f764ecfc640b09900d62461a2a8a.png','3194f3fd4aa07f3be05cfd8ab991d0c14b45e0bf','4c08f764ecfc640b09900d62461a2a8a'),(2063,'https://assets.mhw-db.com/weapons/sword-and-shield/2a9ac39eab7004b8918a4b9575ac58b30dde3332.2b3da431a1ca891c7a15a4353d0fedac.png','2a9ac39eab7004b8918a4b9575ac58b30dde3332','2b3da431a1ca891c7a15a4353d0fedac'),(2064,'https://assets.mhw-db.com/weapons/sword-and-shield/6116fff2842dbf63f0fcd143eaeaa3dc42dbdc80.41f1e06ac55e541e6a9687952b2d3936.png','6116fff2842dbf63f0fcd143eaeaa3dc42dbdc80','41f1e06ac55e541e6a9687952b2d3936'),(2065,'https://assets.mhw-db.com/weapons/sword-and-shield/ddf47e691ae024a54d3c41e99060d09b619de766.ae31c1fd218f58b22f44532e5583d14e.png','ddf47e691ae024a54d3c41e99060d09b619de766','ae31c1fd218f58b22f44532e5583d14e'),(2066,'https://assets.mhw-db.com/weapons/sword-and-shield/ad52db1bc4600df1be1c9ac85d1a62f0643b24aa.9ad20456e886a2b5ea8f4f95a8aaef6e.png','ad52db1bc4600df1be1c9ac85d1a62f0643b24aa','9ad20456e886a2b5ea8f4f95a8aaef6e'),(2067,'https://assets.mhw-db.com/weapons/sword-and-shield/8d3832a70d55d80dfdaa34e64a29505a2a7059e4.8034b66bb567d5e1a4a13a58128defca.png','8d3832a70d55d80dfdaa34e64a29505a2a7059e4','8034b66bb567d5e1a4a13a58128defca'),(2068,'https://assets.mhw-db.com/weapons/sword-and-shield/0d604ca5120e278d05fec4c1eacb4a731dc983d7.289d7da006e2e2069cfe70027a037b9c.png','0d604ca5120e278d05fec4c1eacb4a731dc983d7','289d7da006e2e2069cfe70027a037b9c'),(2069,'https://assets.mhw-db.com/weapons/sword-and-shield/5f782a1108f2b18c666a3601c4bfbbc22c29030c.cf6c784763ea842a061c73565ab7245d.png','5f782a1108f2b18c666a3601c4bfbbc22c29030c','cf6c784763ea842a061c73565ab7245d'),(2070,'https://assets.mhw-db.com/weapons/sword-and-shield/24858f077e289e9a4739a17f7b69d6ad32ffdea9.597445e23fbdbb629dab210fafbc6501.png','24858f077e289e9a4739a17f7b69d6ad32ffdea9','597445e23fbdbb629dab210fafbc6501'),(2071,'https://assets.mhw-db.com/weapons/dual-blades/7c2015029922c0f0115159ed0d00a5e5a061cb54.b79f34336b9155acec9c4d324d052f28.png','7c2015029922c0f0115159ed0d00a5e5a061cb54','b79f34336b9155acec9c4d324d052f28'),(2072,'https://assets.mhw-db.com/weapons/dual-blades/1a107be1f70a6a25f01e57f28a77f660f5c7cd42.ecafb4edf178138772f651994af80d15.png','1a107be1f70a6a25f01e57f28a77f660f5c7cd42','ecafb4edf178138772f651994af80d15'),(2073,'https://assets.mhw-db.com/weapons/dual-blades/569478de68752036565a8287c0af8a12bcf5d1bc.33523f5c6304790ce428539a29d927a4.png','569478de68752036565a8287c0af8a12bcf5d1bc','33523f5c6304790ce428539a29d927a4'),(2074,'https://assets.mhw-db.com/weapons/dual-blades/d95cfb4532408b200fcfb705986b2a88f6901c94.f3742df5527e8209dafc967eca2d0dd4.png','d95cfb4532408b200fcfb705986b2a88f6901c94','f3742df5527e8209dafc967eca2d0dd4'),(2075,'https://assets.mhw-db.com/weapons/dual-blades/dcde01b664762a5fc89a8725f357796ad1b114a2.27a540fac072adfa9449d066dfef770a.png','dcde01b664762a5fc89a8725f357796ad1b114a2','27a540fac072adfa9449d066dfef770a'),(2076,'https://assets.mhw-db.com/weapons/dual-blades/0151cb2a555de6ff18e97c1129eb21fe0d922309.3e1f02e78072f67b124285d57e964d0e.png','0151cb2a555de6ff18e97c1129eb21fe0d922309','3e1f02e78072f67b124285d57e964d0e'),(2077,'https://assets.mhw-db.com/weapons/dual-blades/f4c07d9fecd743089e87302076bc08c8c04803d4.c94741521d7cbbf10152794cb2194a52.png','f4c07d9fecd743089e87302076bc08c8c04803d4','c94741521d7cbbf10152794cb2194a52'),(2078,'https://assets.mhw-db.com/weapons/dual-blades/8ceadca27adf1d77d5ab3952c3d720e0f795f04c.1510bcfc6e79f98befb6157964d6e00c.png','8ceadca27adf1d77d5ab3952c3d720e0f795f04c','1510bcfc6e79f98befb6157964d6e00c'),(2079,'https://assets.mhw-db.com/weapons/dual-blades/3b4db999a56b26fd7d0562efb8bcedd0636a05f6.cb0bfdadfeace338509e6d10b80c4edf.png','3b4db999a56b26fd7d0562efb8bcedd0636a05f6','cb0bfdadfeace338509e6d10b80c4edf'),(2080,'https://assets.mhw-db.com/weapons/dual-blades/81a1d26c02ac51590a3d1c4df21f215927ce575f.2706ec7ffc36aa7a8dcc2e10f89180d2.png','81a1d26c02ac51590a3d1c4df21f215927ce575f','2706ec7ffc36aa7a8dcc2e10f89180d2'),(2081,'https://assets.mhw-db.com/weapons/dual-blades/60c8766a16302dd467dccf6f0957398c44f2ee3f.f13e6ebd5b9d9b349d17626ce8aa0920.png','60c8766a16302dd467dccf6f0957398c44f2ee3f','f13e6ebd5b9d9b349d17626ce8aa0920'),(2082,'https://assets.mhw-db.com/weapons/dual-blades/d39dd77c9e811c69ee6c50b8edc7ecfae5f3cbd5.b1b90f4114a933ac4c66e234bc4b2eb4.png','d39dd77c9e811c69ee6c50b8edc7ecfae5f3cbd5','b1b90f4114a933ac4c66e234bc4b2eb4'),(2083,'https://assets.mhw-db.com/weapons/dual-blades/14e3cf146ebfb00071ba81f9f452d22ed953dce8.4e7bc333fd52b62f3cca6594d4d7396e.png','14e3cf146ebfb00071ba81f9f452d22ed953dce8','4e7bc333fd52b62f3cca6594d4d7396e'),(2084,'https://assets.mhw-db.com/weapons/dual-blades/483ae8a9d01758d6e72029f5e0a54dbccd220224.f7d586e62eca3fc611a3ecb7db09c09d.png','483ae8a9d01758d6e72029f5e0a54dbccd220224','f7d586e62eca3fc611a3ecb7db09c09d'),(2085,'https://assets.mhw-db.com/weapons/dual-blades/66361489ff0f3cd79079b9f127230c333cffae41.7c18bfe2dce086b7311b4edb1761fd6d.png','66361489ff0f3cd79079b9f127230c333cffae41','7c18bfe2dce086b7311b4edb1761fd6d'),(2086,'https://assets.mhw-db.com/weapons/dual-blades/511109424f87b564e296cc5480a838e8fc9d7889.2b1a65c9047c4a6c9671bf5fad4599ed.png','511109424f87b564e296cc5480a838e8fc9d7889','2b1a65c9047c4a6c9671bf5fad4599ed'),(2087,'https://assets.mhw-db.com/weapons/dual-blades/83ea1bcc08bc887d484ac05c369eba32f717117f.5f1baafeb848414e9923029bc443ed96.png','83ea1bcc08bc887d484ac05c369eba32f717117f','5f1baafeb848414e9923029bc443ed96'),(2088,'https://assets.mhw-db.com/weapons/dual-blades/36ee320827ba625c254e6d31bf205c877f66bb76.1104b12fe04882ede93673b5e19c9285.png','36ee320827ba625c254e6d31bf205c877f66bb76','1104b12fe04882ede93673b5e19c9285'),(2089,'https://assets.mhw-db.com/weapons/dual-blades/19dc6716f0cb5d8bfc91f54b6b5fa258d086f4f1.2cab4a85d3ec987a0fd7e24efe5c7763.png','19dc6716f0cb5d8bfc91f54b6b5fa258d086f4f1','2cab4a85d3ec987a0fd7e24efe5c7763'),(2090,'https://assets.mhw-db.com/weapons/dual-blades/418a9cbf7648fb503d2ebd681272a035f7222f0e.6d9beef18b8b830d02434c4b667b4b39.png','418a9cbf7648fb503d2ebd681272a035f7222f0e','6d9beef18b8b830d02434c4b667b4b39'),(2091,'https://assets.mhw-db.com/weapons/dual-blades/f0000090c8e71d9affbf232ac00d3a1481428b8f.73f46688568118864c1bceb39d2cb7eb.png','f0000090c8e71d9affbf232ac00d3a1481428b8f','73f46688568118864c1bceb39d2cb7eb'),(2092,'https://assets.mhw-db.com/weapons/dual-blades/52d9fb65967e91104e0154b290ce9d37128a9fda.64f4ab680219ba3913595695061ca170.png','52d9fb65967e91104e0154b290ce9d37128a9fda','64f4ab680219ba3913595695061ca170'),(2093,'https://assets.mhw-db.com/weapons/dual-blades/87ac6824e96c09c9867363d909379c7a168acf61.e6d17807b81f4a27dfae8c8bdabce731.png','87ac6824e96c09c9867363d909379c7a168acf61','e6d17807b81f4a27dfae8c8bdabce731'),(2094,'https://assets.mhw-db.com/weapons/dual-blades/376aec566f5af7309fbb0f385f881938ff6867a8.5bc53e7e1abdd53483e2df434a1f127e.png','376aec566f5af7309fbb0f385f881938ff6867a8','5bc53e7e1abdd53483e2df434a1f127e'),(2095,'https://assets.mhw-db.com/weapons/dual-blades/5fbb04f2d7037a4464ffeebf66557b342ceb81d8.161db9f66e5083f75c39053cfe9b155b.png','5fbb04f2d7037a4464ffeebf66557b342ceb81d8','161db9f66e5083f75c39053cfe9b155b'),(2096,'https://assets.mhw-db.com/weapons/dual-blades/c41f5602918f57620709262756d17632f7bc96d7.6118a1fd844831006f017b69e5583e81.png','c41f5602918f57620709262756d17632f7bc96d7','6118a1fd844831006f017b69e5583e81'),(2097,'https://assets.mhw-db.com/weapons/dual-blades/5f00ca6865d3f333598b1cf21307b757f85050f8.ddd382bce5d221242ff7a6b706e6b1e7.png','5f00ca6865d3f333598b1cf21307b757f85050f8','ddd382bce5d221242ff7a6b706e6b1e7'),(2098,'https://assets.mhw-db.com/weapons/dual-blades/2a7ac6944fede068c9fb479a249c104f9e5e8157.6977c5354f4f14009d1a2e102ce8429f.png','2a7ac6944fede068c9fb479a249c104f9e5e8157','6977c5354f4f14009d1a2e102ce8429f'),(2099,'https://assets.mhw-db.com/weapons/dual-blades/2b13c6cdb74c8f79c882935eb8dc43584a2ad065.5d6022910fa97d185a7ec45e0c7a239d.png','2b13c6cdb74c8f79c882935eb8dc43584a2ad065','5d6022910fa97d185a7ec45e0c7a239d'),(2100,'https://assets.mhw-db.com/weapons/dual-blades/d5feb683b983dc1bb1b7f0c33753fe1f14d91ab6.5d4d375d0ff29ef412f23554b681c5a0.png','d5feb683b983dc1bb1b7f0c33753fe1f14d91ab6','5d4d375d0ff29ef412f23554b681c5a0'),(2101,'https://assets.mhw-db.com/weapons/dual-blades/36b540f13dfa98ce6d39a7158a4fced4f2e05d04.643333c93415ac22a4067538cc8d4822.png','36b540f13dfa98ce6d39a7158a4fced4f2e05d04','643333c93415ac22a4067538cc8d4822'),(2102,'https://assets.mhw-db.com/weapons/dual-blades/2b50c03e25a2579a6274a738e0160de7b9e40084.9a67890b655972c7984c26b5895325e3.png','2b50c03e25a2579a6274a738e0160de7b9e40084','9a67890b655972c7984c26b5895325e3'),(2103,'https://assets.mhw-db.com/weapons/dual-blades/035b64cea477836dac0e9898f635a1b452266e7b.493268a61efc908e48d96d39c86a9c7b.png','035b64cea477836dac0e9898f635a1b452266e7b','493268a61efc908e48d96d39c86a9c7b'),(2104,'https://assets.mhw-db.com/weapons/dual-blades/c802c8147a43f984ab21168bbce083ae520d15bf.6395320bf80b333c35a7f2c602f8edde.png','c802c8147a43f984ab21168bbce083ae520d15bf','6395320bf80b333c35a7f2c602f8edde'),(2105,'https://assets.mhw-db.com/weapons/hammer/fb90ab01e5d86a970d97be96bdf1925d5442f9cd.4955a0b54e45ca8d9a69e0bc96a5b752.png','fb90ab01e5d86a970d97be96bdf1925d5442f9cd','4955a0b54e45ca8d9a69e0bc96a5b752'),(2106,'https://assets.mhw-db.com/weapons/hammer/ef2b37f066c5b773fdf4324af1312d23cea4bd56.296705cb29bdcbd64603a37f05f7b1f3.png','ef2b37f066c5b773fdf4324af1312d23cea4bd56','296705cb29bdcbd64603a37f05f7b1f3'),(2107,'https://assets.mhw-db.com/weapons/hammer/cf62809c32666e53faab556c513ecde52dc2043e.d09334b4342e47a91143e3f560e41204.png','cf62809c32666e53faab556c513ecde52dc2043e','d09334b4342e47a91143e3f560e41204'),(2108,'https://assets.mhw-db.com/weapons/hammer/7e002ca6134892584df47bba5b3e4c6746099356.d43a8d5f1bd1645f1b21eb95067fba6c.png','7e002ca6134892584df47bba5b3e4c6746099356','d43a8d5f1bd1645f1b21eb95067fba6c'),(2109,'https://assets.mhw-db.com/weapons/hammer/0afb6771188934ac238c95a5278bec2cc9018215.11ede589525c3962eab1af373692dbcf.png','0afb6771188934ac238c95a5278bec2cc9018215','11ede589525c3962eab1af373692dbcf'),(2110,'https://assets.mhw-db.com/weapons/hammer/ee8bbb4fcaae0fee9e8c477f285ee97eeeeec23c.c40897537a4f38b83fda1531ddafb55b.png','ee8bbb4fcaae0fee9e8c477f285ee97eeeeec23c','c40897537a4f38b83fda1531ddafb55b'),(2111,'https://assets.mhw-db.com/weapons/hammer/bf31e2dbe0d66b515acdf9bc79e562fb8e55f25f.57db09637c22cc55968eda5a27b07348.png','bf31e2dbe0d66b515acdf9bc79e562fb8e55f25f','57db09637c22cc55968eda5a27b07348'),(2112,'https://assets.mhw-db.com/weapons/hammer/3635116bbe23c5c6e81bc8e3d1d3c6ee4d7ac117.1f55c80d540791a0b61993d14591f933.png','3635116bbe23c5c6e81bc8e3d1d3c6ee4d7ac117','1f55c80d540791a0b61993d14591f933'),(2113,'https://assets.mhw-db.com/weapons/hammer/f898715e051e705382dcdafc48ee7b767903cdfe.37469d3b65ae7310e0333025db1f1655.png','f898715e051e705382dcdafc48ee7b767903cdfe','37469d3b65ae7310e0333025db1f1655'),(2114,'https://assets.mhw-db.com/weapons/hammer/3d812e4565c3bf8af74c7d1bd12efb73ecd51acd.0fcdf96e5f36f280f91bb079e71c57c5.png','3d812e4565c3bf8af74c7d1bd12efb73ecd51acd','0fcdf96e5f36f280f91bb079e71c57c5'),(2115,'https://assets.mhw-db.com/weapons/hammer/cdd5404a9ccd0b0cd908ad574343b2ca57634ad1.b25ced42d8a7cb2dc4ff6c04b1771fe9.png','cdd5404a9ccd0b0cd908ad574343b2ca57634ad1','b25ced42d8a7cb2dc4ff6c04b1771fe9'),(2116,'https://assets.mhw-db.com/weapons/hammer/fdab03b1722821a587372c948d5f197e2ca74347.7161c6cf0d713086393a5ab4124edf40.png','fdab03b1722821a587372c948d5f197e2ca74347','7161c6cf0d713086393a5ab4124edf40'),(2117,'https://assets.mhw-db.com/weapons/hammer/22fd389d152e5993ed7f1750447e8baa328e4ff8.a6f33cb39cfda65f76159e9b52444b39.png','22fd389d152e5993ed7f1750447e8baa328e4ff8','a6f33cb39cfda65f76159e9b52444b39'),(2118,'https://assets.mhw-db.com/weapons/hammer/8127f118fdebd0903e1044a6b1b7a4db3f5dd825.0829476cf3ac0736e811a686b2855165.png','8127f118fdebd0903e1044a6b1b7a4db3f5dd825','0829476cf3ac0736e811a686b2855165'),(2119,'https://assets.mhw-db.com/weapons/hammer/307ee5b886aa48a1a8878ef19a8ae9b26327a270.9f6f846cc179392c72f85d9b316ec0a8.png','307ee5b886aa48a1a8878ef19a8ae9b26327a270','9f6f846cc179392c72f85d9b316ec0a8'),(2120,'https://assets.mhw-db.com/weapons/hammer/232c29d6caee3b9f1dd32c16f6733171769f419d.24b28d6d4762e603c9baeea7887bb6b5.png','232c29d6caee3b9f1dd32c16f6733171769f419d','24b28d6d4762e603c9baeea7887bb6b5'),(2121,'https://assets.mhw-db.com/weapons/hammer/1e01e2b5390e8611d08d4dbb199285ab8fb98889.df682ed39a181ad21ffe72918ec63ba7.png','1e01e2b5390e8611d08d4dbb199285ab8fb98889','df682ed39a181ad21ffe72918ec63ba7'),(2122,'https://assets.mhw-db.com/weapons/hammer/46b2cd59492c4f251416fd659c997e039110e110.477fa5a62fcd9faff5fca0ba2543d7f1.png','46b2cd59492c4f251416fd659c997e039110e110','477fa5a62fcd9faff5fca0ba2543d7f1'),(2123,'https://assets.mhw-db.com/weapons/hammer/d8928a5b4bda80e062c8e1caee1540fea52837c8.be12cae7422d6377a002578e6818fddb.png','d8928a5b4bda80e062c8e1caee1540fea52837c8','be12cae7422d6377a002578e6818fddb'),(2124,'https://assets.mhw-db.com/weapons/hammer/0701923003c0fb922af320ef6a1a5c6b79af4929.0d3227299a909894408bcf50977a4a9d.png','0701923003c0fb922af320ef6a1a5c6b79af4929','0d3227299a909894408bcf50977a4a9d'),(2125,'https://assets.mhw-db.com/weapons/hammer/181727b9ccf16fbe58079103464c0aac317b8de8.3f60903b919a58d8d29b3cdaccab21b5.png','181727b9ccf16fbe58079103464c0aac317b8de8','3f60903b919a58d8d29b3cdaccab21b5'),(2126,'https://assets.mhw-db.com/weapons/hammer/1526db555426f68ec36f194ef1f92034f2535b51.eff6524eed9d5dd728519ed8064091ef.png','1526db555426f68ec36f194ef1f92034f2535b51','eff6524eed9d5dd728519ed8064091ef'),(2127,'https://assets.mhw-db.com/weapons/hammer/934a2ef93c516f3004db22597df38f55168d0b20.fd223995d801d2bf9ce9e1590f0c50fd.png','934a2ef93c516f3004db22597df38f55168d0b20','fd223995d801d2bf9ce9e1590f0c50fd'),(2128,'https://assets.mhw-db.com/weapons/hammer/62354f0b6b4f69f935f61d73d7859d668450c509.d06c0158df63b8fad4c839f06c11dd76.png','62354f0b6b4f69f935f61d73d7859d668450c509','d06c0158df63b8fad4c839f06c11dd76'),(2129,'https://assets.mhw-db.com/weapons/hammer/496febf00a466e04cd1f25642049378633fe14e2.3e96090bc658731c83aafb335c7501d0.png','496febf00a466e04cd1f25642049378633fe14e2','3e96090bc658731c83aafb335c7501d0'),(2130,'https://assets.mhw-db.com/weapons/hammer/b47f19034fa72b703a890996ac515aeb2ca631c9.e57bf47c5b9c45e2a51bdfd1e213f4ff.png','b47f19034fa72b703a890996ac515aeb2ca631c9','e57bf47c5b9c45e2a51bdfd1e213f4ff'),(2131,'https://assets.mhw-db.com/weapons/hammer/531d963bf7aba66922800088761d68ad73ee5018.2989a2a843ce8b6a8ed0bf7627d87fcf.png','531d963bf7aba66922800088761d68ad73ee5018','2989a2a843ce8b6a8ed0bf7627d87fcf'),(2132,'https://assets.mhw-db.com/weapons/hammer/a6be125120931174dc29ab210574f3265b47a1a4.236991e0a72b1796cb5fb37d2b5f8d12.png','a6be125120931174dc29ab210574f3265b47a1a4','236991e0a72b1796cb5fb37d2b5f8d12'),(2133,'https://assets.mhw-db.com/weapons/hammer/be1537486516990bd99ddd8c789be8a7f7017789.60f3913e21ec3b2e0ae7339f371db204.png','be1537486516990bd99ddd8c789be8a7f7017789','60f3913e21ec3b2e0ae7339f371db204'),(2134,'https://assets.mhw-db.com/weapons/hammer/829ebb9df74c12d659665a506631b659eeb97539.76fa719c3ff10bd8d64071a35518fdab.png','829ebb9df74c12d659665a506631b659eeb97539','76fa719c3ff10bd8d64071a35518fdab'),(2135,'https://assets.mhw-db.com/weapons/hammer/70716ae49d64739aed10a2db7cf7228e42dbc785.413d7d28c52eb4945ee114cc323e2959.png','70716ae49d64739aed10a2db7cf7228e42dbc785','413d7d28c52eb4945ee114cc323e2959'),(2136,'https://assets.mhw-db.com/weapons/hammer/fea51d73612f9359ea3a16e715af6ea49b2c3986.4dcf5cb4fbb27056c367912f067a3dc9.png','fea51d73612f9359ea3a16e715af6ea49b2c3986','4dcf5cb4fbb27056c367912f067a3dc9'),(2137,'https://assets.mhw-db.com/weapons/hammer/0b5a068529f56a103e8fd7631cafd1c771a44271.c0bccd93bcc5e7ab404c12707989e01e.png','0b5a068529f56a103e8fd7631cafd1c771a44271','c0bccd93bcc5e7ab404c12707989e01e'),(2138,'https://assets.mhw-db.com/weapons/hammer/0752927921a408d0f7ad33ef4c4d74c8561831b8.cff410a9e12a1e4f0e90de54bb2acb50.png','0752927921a408d0f7ad33ef4c4d74c8561831b8','cff410a9e12a1e4f0e90de54bb2acb50'),(2139,'https://assets.mhw-db.com/weapons/hammer/d893b09d874688203f23915bc080235956271de2.fc3cb075d3f8c98fd404ae1447201d26.png','d893b09d874688203f23915bc080235956271de2','fc3cb075d3f8c98fd404ae1447201d26'),(2140,'https://assets.mhw-db.com/weapons/hammer/d393addc00370cc0893f75910509afe377c142ac.919f7b762c1dde99f1d11a1e24d50348.png','d393addc00370cc0893f75910509afe377c142ac','919f7b762c1dde99f1d11a1e24d50348'),(2141,'https://assets.mhw-db.com/weapons/hunting-horn/0aff64c460fe345e8475290dc8d9774f97d2d070.7b15f95dfc9d6601c0d5867dacf4f4f1.png','0aff64c460fe345e8475290dc8d9774f97d2d070','7b15f95dfc9d6601c0d5867dacf4f4f1'),(2142,'https://assets.mhw-db.com/weapons/hunting-horn/4d3d7d2d6a662f0100b19fc3dc145dd70228f319.a22e900a864f43d02ca3eeecce6ded29.png','4d3d7d2d6a662f0100b19fc3dc145dd70228f319','a22e900a864f43d02ca3eeecce6ded29'),(2143,'https://assets.mhw-db.com/weapons/hunting-horn/db1b7c74b657d158ba24fa4ab8a0b2a3f0738cac.26a76b2b31845495c3ff14d55ae5def3.png','db1b7c74b657d158ba24fa4ab8a0b2a3f0738cac','26a76b2b31845495c3ff14d55ae5def3'),(2144,'https://assets.mhw-db.com/weapons/hunting-horn/112c6b6a070e90929d9d2242eb379dd56ff230de.643e241f6610a91fdf3ce2be29a0223b.png','112c6b6a070e90929d9d2242eb379dd56ff230de','643e241f6610a91fdf3ce2be29a0223b'),(2145,'https://assets.mhw-db.com/weapons/hunting-horn/4e87ba91e307dcd73e98d8c6ae443053fb8490d4.125589180c54d2475ececf0aed4a6025.png','4e87ba91e307dcd73e98d8c6ae443053fb8490d4','125589180c54d2475ececf0aed4a6025'),(2146,'https://assets.mhw-db.com/weapons/hunting-horn/423b8d55a6d8b7a05938cd160b95cd6b0daeb902.dcc0d400ecf9dabdd346158669978606.png','423b8d55a6d8b7a05938cd160b95cd6b0daeb902','dcc0d400ecf9dabdd346158669978606'),(2147,'https://assets.mhw-db.com/weapons/hunting-horn/e4d81390999c1a18281183ea5422f54d5573930c.37d4f6bfee30b8962edaa223ba634451.png','e4d81390999c1a18281183ea5422f54d5573930c','37d4f6bfee30b8962edaa223ba634451'),(2148,'https://assets.mhw-db.com/weapons/hunting-horn/fa631fc67881c55f675e886a3f7985166cd2432e.632898ceb347634e9dafd43299491181.png','fa631fc67881c55f675e886a3f7985166cd2432e','632898ceb347634e9dafd43299491181'),(2149,'https://assets.mhw-db.com/weapons/hunting-horn/55a7d00958539fd650e270f9139a734a05b1a137.fdf5c370ef8d699d520f16c6f5dfa082.png','55a7d00958539fd650e270f9139a734a05b1a137','fdf5c370ef8d699d520f16c6f5dfa082'),(2150,'https://assets.mhw-db.com/weapons/hunting-horn/1e37b9d7ede00d0cf7d2cd10333e0fe4af96dbe1.5cf9802f4b5d81fc4b6f2516139d68c5.png','1e37b9d7ede00d0cf7d2cd10333e0fe4af96dbe1','5cf9802f4b5d81fc4b6f2516139d68c5'),(2151,'https://assets.mhw-db.com/weapons/hunting-horn/d655cbf22db8190ed02a75fa8a355395a993a4ef.4288b747499eef35b04852a72c61690c.png','d655cbf22db8190ed02a75fa8a355395a993a4ef','4288b747499eef35b04852a72c61690c'),(2152,'https://assets.mhw-db.com/weapons/hunting-horn/4f4b6f2fab29ac297497c82476c8458f6f530caa.bffbc83aad3eb1814733c1589c33e7bc.png','4f4b6f2fab29ac297497c82476c8458f6f530caa','bffbc83aad3eb1814733c1589c33e7bc'),(2153,'https://assets.mhw-db.com/weapons/hunting-horn/2d1db709852c962a3058b6934de18916f0518c26.b4bea794fe0951809ccda7fd6e11dc5e.png','2d1db709852c962a3058b6934de18916f0518c26','b4bea794fe0951809ccda7fd6e11dc5e'),(2154,'https://assets.mhw-db.com/weapons/hunting-horn/b2a02e5e41602d5f2ea399901895a80e231f0f0c.c72c23b4960af770e3556f8d3443e929.png','b2a02e5e41602d5f2ea399901895a80e231f0f0c','c72c23b4960af770e3556f8d3443e929'),(2155,'https://assets.mhw-db.com/weapons/hunting-horn/1c58dce5d73940520cb3398ce7a35b534194d420.51b09d769deecc56aadf75a574cdeb53.png','1c58dce5d73940520cb3398ce7a35b534194d420','51b09d769deecc56aadf75a574cdeb53'),(2156,'https://assets.mhw-db.com/weapons/hunting-horn/55373ddb9a687223e590792cec79a61fb764cced.4e5e5eabbd2dd9d948cff21907e223f5.png','55373ddb9a687223e590792cec79a61fb764cced','4e5e5eabbd2dd9d948cff21907e223f5'),(2157,'https://assets.mhw-db.com/weapons/hunting-horn/f049cf20961d468f43cfb30281eb5c11b7103057.6c2f264d3ffe8ec36fd900e0b682c4ef.png','f049cf20961d468f43cfb30281eb5c11b7103057','6c2f264d3ffe8ec36fd900e0b682c4ef'),(2158,'https://assets.mhw-db.com/weapons/hunting-horn/5b971e21970f66db979d8d868613c0e0a65c86dc.e31d8f45f232f5d169abfb77e638af90.png','5b971e21970f66db979d8d868613c0e0a65c86dc','e31d8f45f232f5d169abfb77e638af90'),(2159,'https://assets.mhw-db.com/weapons/hunting-horn/9f7a0fcbefa30d50eace1a16272cf1101b44ec59.25651eb5c97f17dea662b26305901a95.png','9f7a0fcbefa30d50eace1a16272cf1101b44ec59','25651eb5c97f17dea662b26305901a95'),(2160,'https://assets.mhw-db.com/weapons/hunting-horn/b89640ac954b24ff4f98577478bc82664b945abf.9a0f72ba9f994888b9a3a01bf63f742e.png','b89640ac954b24ff4f98577478bc82664b945abf','9a0f72ba9f994888b9a3a01bf63f742e'),(2161,'https://assets.mhw-db.com/weapons/hunting-horn/043f304903fc44a1921fd242a130e8a4b700d451.4cbb2caaa9ba375dd0b68f70ed618b2d.png','043f304903fc44a1921fd242a130e8a4b700d451','4cbb2caaa9ba375dd0b68f70ed618b2d'),(2162,'https://assets.mhw-db.com/weapons/hunting-horn/c995ec1a3d7ac1e2a968b644cf77b46d88aa4f58.b24bb8a6ad2a0b40cc907715b477a091.png','c995ec1a3d7ac1e2a968b644cf77b46d88aa4f58','b24bb8a6ad2a0b40cc907715b477a091'),(2163,'https://assets.mhw-db.com/weapons/hunting-horn/9a10f24abd0e4378497cb72301e895afdedbfdbd.7e96ebd553413d7e89a55933c4530535.png','9a10f24abd0e4378497cb72301e895afdedbfdbd','7e96ebd553413d7e89a55933c4530535'),(2164,'https://assets.mhw-db.com/weapons/hunting-horn/eb3dde7623cad27b117ab6ef9f817fbb740613d2.fc9fec94af44d454aae4ce017b12a346.png','eb3dde7623cad27b117ab6ef9f817fbb740613d2','fc9fec94af44d454aae4ce017b12a346'),(2165,'https://assets.mhw-db.com/weapons/hunting-horn/0a443d1b5ffaa52ab1e29a48110c432ad011ac75.ad46fb095a12a9a9006d3fa98571cef9.png','0a443d1b5ffaa52ab1e29a48110c432ad011ac75','ad46fb095a12a9a9006d3fa98571cef9'),(2166,'https://assets.mhw-db.com/weapons/hunting-horn/7ddf5d781051c18c6b8e7986183db3e99d6d3cd2.33be4167e4778fd07eca0c2692340ee7.png','7ddf5d781051c18c6b8e7986183db3e99d6d3cd2','33be4167e4778fd07eca0c2692340ee7'),(2167,'https://assets.mhw-db.com/weapons/hunting-horn/a426b8b4121bba20ad8d926ac9f6bd6778d8bae2.465f0af9d007521ba878a3f2aac6744d.png','a426b8b4121bba20ad8d926ac9f6bd6778d8bae2','465f0af9d007521ba878a3f2aac6744d'),(2168,'https://assets.mhw-db.com/weapons/hunting-horn/1679cd2d3323d251615e05a2a0c5e8d4be52ef6e.f1a903677d609cacea0f49ab69511de4.png','1679cd2d3323d251615e05a2a0c5e8d4be52ef6e','f1a903677d609cacea0f49ab69511de4'),(2169,'https://assets.mhw-db.com/weapons/hunting-horn/282a9e03858bc625cb011be0a97565bd10022e9b.6d85915a109fb009bfdb6d7a5bba6561.png','282a9e03858bc625cb011be0a97565bd10022e9b','6d85915a109fb009bfdb6d7a5bba6561'),(2170,'https://assets.mhw-db.com/weapons/hunting-horn/dd9b74a0c78e69417be54f23ddedabc66a2d938f.d0a3c7b46fa2e8c718a094a219dfcb56.png','dd9b74a0c78e69417be54f23ddedabc66a2d938f','d0a3c7b46fa2e8c718a094a219dfcb56'),(2171,'https://assets.mhw-db.com/weapons/hunting-horn/be53ed642277c7718f8503320d88969fe6d93bf1.d51128adc009b80808c2119ec98f7ea6.png','be53ed642277c7718f8503320d88969fe6d93bf1','d51128adc009b80808c2119ec98f7ea6'),(2172,'https://assets.mhw-db.com/weapons/hunting-horn/3a7a57a8b96ba8d95fc56333997eac9e151f83aa.38287cb198382197e85022626385aea2.png','3a7a57a8b96ba8d95fc56333997eac9e151f83aa','38287cb198382197e85022626385aea2'),(2173,'https://assets.mhw-db.com/weapons/hunting-horn/fff5fa8789585e71f3873bd9f87885a7ccf7e72c.c8367bf13d504a8f690bbc340cf24944.png','fff5fa8789585e71f3873bd9f87885a7ccf7e72c','c8367bf13d504a8f690bbc340cf24944'),(2174,'https://assets.mhw-db.com/weapons/hunting-horn/bbb30423c866b343bc19c0791cd2ad9ecfa1d9a9.621ad70aa35bc48a061958166a48a41f.png','bbb30423c866b343bc19c0791cd2ad9ecfa1d9a9','621ad70aa35bc48a061958166a48a41f'),(2175,'https://assets.mhw-db.com/weapons/hunting-horn/6f0b70ccf8e4614c2ac01916fa742741874bb90d.89ce3dafa3594ce2edcc1e0d06a3011d.png','6f0b70ccf8e4614c2ac01916fa742741874bb90d','89ce3dafa3594ce2edcc1e0d06a3011d'),(2176,'https://assets.mhw-db.com/weapons/lance/a4d7aec62ca75030fc6c9c6516811866e111aabe.2a7fe34e0aabce1a4b5918affaf88c6b.png','a4d7aec62ca75030fc6c9c6516811866e111aabe','2a7fe34e0aabce1a4b5918affaf88c6b'),(2177,'https://assets.mhw-db.com/weapons/lance/09fe3280771a00289946410739f6c964499f919c.d53ecc644f540e424e874cd480d7ca0c.png','09fe3280771a00289946410739f6c964499f919c','d53ecc644f540e424e874cd480d7ca0c'),(2178,'https://assets.mhw-db.com/weapons/lance/30f7f4f641977dad9a43ea0e56806679370a6a8f.46d46837984f7455ed0076926b43957f.png','30f7f4f641977dad9a43ea0e56806679370a6a8f','46d46837984f7455ed0076926b43957f'),(2179,'https://assets.mhw-db.com/weapons/lance/2f771109f16cfaf85232e1d10329794a230002d2.d744fdcb141b72a0248090099ab897d0.png','2f771109f16cfaf85232e1d10329794a230002d2','d744fdcb141b72a0248090099ab897d0'),(2180,'https://assets.mhw-db.com/weapons/lance/358f5b051480291a04366793972803a3dc2e840e.617371f7cfb909dceadcec5fa857d7aa.png','358f5b051480291a04366793972803a3dc2e840e','617371f7cfb909dceadcec5fa857d7aa'),(2181,'https://assets.mhw-db.com/weapons/lance/e82c2ae8d6b84463c4ab893948e2786a131cfc97.2ae92679f059a9082bdd4ccb62a47453.png','e82c2ae8d6b84463c4ab893948e2786a131cfc97','2ae92679f059a9082bdd4ccb62a47453'),(2182,'https://assets.mhw-db.com/weapons/lance/3e91ba218910f9931865f404e033bb5db9d1a6e1.13d274ee6085a9b92bc9dfcb45c6cb9b.png','3e91ba218910f9931865f404e033bb5db9d1a6e1','13d274ee6085a9b92bc9dfcb45c6cb9b'),(2183,'https://assets.mhw-db.com/weapons/lance/6466fb4ba94f316a6f710a3c9ad9d9efe5879c22.b752c6c3df26168b7a3ed73d2f5c6f29.png','6466fb4ba94f316a6f710a3c9ad9d9efe5879c22','b752c6c3df26168b7a3ed73d2f5c6f29'),(2184,'https://assets.mhw-db.com/weapons/lance/f840c9c70f86eeea8a92b4508ed957e622113ded.087f19000ec99f24bc97b9d88ffcfec7.png','f840c9c70f86eeea8a92b4508ed957e622113ded','087f19000ec99f24bc97b9d88ffcfec7'),(2185,'https://assets.mhw-db.com/weapons/lance/26bac9db0b5f56e72eb4928e17d26a5c7f31008b.dda7e9421b9b49adca8e84e5666333fa.png','26bac9db0b5f56e72eb4928e17d26a5c7f31008b','dda7e9421b9b49adca8e84e5666333fa'),(2186,'https://assets.mhw-db.com/weapons/lance/5edffaaa2e0e3dfda5c25b640d165b72ded280a9.545666a432bea2a82743c15dda459693.png','5edffaaa2e0e3dfda5c25b640d165b72ded280a9','545666a432bea2a82743c15dda459693'),(2187,'https://assets.mhw-db.com/weapons/lance/e3433cd018a04c7da0db59e2b44179f3cdf418f1.c500cd18ad08fd2b63b7be31384d146a.png','e3433cd018a04c7da0db59e2b44179f3cdf418f1','c500cd18ad08fd2b63b7be31384d146a'),(2188,'https://assets.mhw-db.com/weapons/lance/38a4cf03052b4ac4a95018ff882d578976cc51f0.5af59fa40c23799a3c66ba20d7dae5f9.png','38a4cf03052b4ac4a95018ff882d578976cc51f0','5af59fa40c23799a3c66ba20d7dae5f9'),(2189,'https://assets.mhw-db.com/weapons/lance/ff860d3059e592082dc756cd978677cfefe67a33.abf43ac2e5086668f22e8396c1301087.png','ff860d3059e592082dc756cd978677cfefe67a33','abf43ac2e5086668f22e8396c1301087'),(2190,'https://assets.mhw-db.com/weapons/lance/e2d08af0dbdbda5ff234973eea68890abcb24f3c.b4edc58753df6facf3913ab4776a76f5.png','e2d08af0dbdbda5ff234973eea68890abcb24f3c','b4edc58753df6facf3913ab4776a76f5'),(2191,'https://assets.mhw-db.com/weapons/lance/dbab2eaada427832070d35d2b173ece6417a1f7d.6a83ee2771e0ad78b055374730c4aa0d.png','dbab2eaada427832070d35d2b173ece6417a1f7d','6a83ee2771e0ad78b055374730c4aa0d'),(2192,'https://assets.mhw-db.com/weapons/lance/f56a2824c9346113336aea120367c0d309499a39.c37e249d0f16d72b406cff93f5b3bf08.png','f56a2824c9346113336aea120367c0d309499a39','c37e249d0f16d72b406cff93f5b3bf08'),(2193,'https://assets.mhw-db.com/weapons/lance/e8594e4fbbd486b12023d433aa87622bd516cb5c.44a932c0c4732fbeca1aca492474aac6.png','e8594e4fbbd486b12023d433aa87622bd516cb5c','44a932c0c4732fbeca1aca492474aac6'),(2194,'https://assets.mhw-db.com/weapons/lance/9136e23f21fe79b71cb295b15fada16fb8456753.dcc96acef5976905b0335aa47648a435.png','9136e23f21fe79b71cb295b15fada16fb8456753','dcc96acef5976905b0335aa47648a435'),(2195,'https://assets.mhw-db.com/weapons/lance/116e68f6ebb12014fb229d86a7171423e7d41e1e.9f0c02cf2dd966f89b3dff6fb348055f.png','116e68f6ebb12014fb229d86a7171423e7d41e1e','9f0c02cf2dd966f89b3dff6fb348055f'),(2196,'https://assets.mhw-db.com/weapons/lance/5e213edcc419e82ada8d24e132f751d001e6aec2.5c5b4771fba5e71c34b3421078460e41.png','5e213edcc419e82ada8d24e132f751d001e6aec2','5c5b4771fba5e71c34b3421078460e41'),(2197,'https://assets.mhw-db.com/weapons/lance/0abe2459dc63df5d8c32bc6f9914436dec81543c.1e340f996065a9f5c4f14fbbc7fbfaee.png','0abe2459dc63df5d8c32bc6f9914436dec81543c','1e340f996065a9f5c4f14fbbc7fbfaee'),(2198,'https://assets.mhw-db.com/weapons/lance/6ac5a44b2fd7b60426d16f85677fce01015e20c7.20f3e33a740a45b40a2cb08cd5aefb90.png','6ac5a44b2fd7b60426d16f85677fce01015e20c7','20f3e33a740a45b40a2cb08cd5aefb90'),(2199,'https://assets.mhw-db.com/weapons/lance/043bea36df2c8fd3d581e01505b550b39c4684ac.3299736837fb25e99521ac37be7771b0.png','043bea36df2c8fd3d581e01505b550b39c4684ac','3299736837fb25e99521ac37be7771b0'),(2200,'https://assets.mhw-db.com/weapons/lance/dc978d6d9f8ed4249a6bb8b447958d59027b434d.df5d2372200296353b3611a84912f8c3.png','dc978d6d9f8ed4249a6bb8b447958d59027b434d','df5d2372200296353b3611a84912f8c3'),(2201,'https://assets.mhw-db.com/weapons/lance/3b304c88a1835eb0d7f8986a3be841a9cbc1e24b.19079303da54b4cc23a0e14ef8cad3ef.png','3b304c88a1835eb0d7f8986a3be841a9cbc1e24b','19079303da54b4cc23a0e14ef8cad3ef'),(2202,'https://assets.mhw-db.com/weapons/lance/edaab3f1f83d184fe6081c9e8b2212632fb378eb.4a6430a145266be907ac69abe97a9430.png','edaab3f1f83d184fe6081c9e8b2212632fb378eb','4a6430a145266be907ac69abe97a9430'),(2203,'https://assets.mhw-db.com/weapons/lance/c1d1c547abbce256b128010eaef3e1c59e061bf2.489796c9fcf3a693229037a9c9f3573b.png','c1d1c547abbce256b128010eaef3e1c59e061bf2','489796c9fcf3a693229037a9c9f3573b'),(2204,'https://assets.mhw-db.com/weapons/lance/8866789a758fd83bb76972c8a55d603ed348ec71.ae305622770e83ee77392d1dfd8f35fd.png','8866789a758fd83bb76972c8a55d603ed348ec71','ae305622770e83ee77392d1dfd8f35fd'),(2205,'https://assets.mhw-db.com/weapons/lance/a4a4d5eb59e60d94dfdf6fc8d108f0a24d625006.035557838d4f801a9354ca06225efed7.png','a4a4d5eb59e60d94dfdf6fc8d108f0a24d625006','035557838d4f801a9354ca06225efed7'),(2206,'https://assets.mhw-db.com/weapons/lance/9fe61a23379c58fbb8b4677eff0e4595be095e57.ae72275dbb1ecc121dbbc017cfbe6eaf.png','9fe61a23379c58fbb8b4677eff0e4595be095e57','ae72275dbb1ecc121dbbc017cfbe6eaf'),(2207,'https://assets.mhw-db.com/weapons/lance/5e623d18f376822911c748a9456a583bbd627453.a329294bae4ddc765d2e3a25efcb9902.png','5e623d18f376822911c748a9456a583bbd627453','a329294bae4ddc765d2e3a25efcb9902'),(2208,'https://assets.mhw-db.com/weapons/lance/319236eda9eafe1dcd8a567cbfa432da601f7863.cb9228634e4a97d90f4db0c97d4497b5.png','319236eda9eafe1dcd8a567cbfa432da601f7863','cb9228634e4a97d90f4db0c97d4497b5'),(2209,'https://assets.mhw-db.com/weapons/lance/00a3d977eb138697792b7f40013fb0224b758955.6e1e68fa489bb94c72ba99bfd3a0c566.png','00a3d977eb138697792b7f40013fb0224b758955','6e1e68fa489bb94c72ba99bfd3a0c566'),(2210,'https://assets.mhw-db.com/weapons/lance/3da38cb53d6982059c184eb0d04cb75ae523a034.ce1dc332638a612b825ff5654f297720.png','3da38cb53d6982059c184eb0d04cb75ae523a034','ce1dc332638a612b825ff5654f297720'),(2211,'https://assets.mhw-db.com/weapons/lance/5b216d9c0b8f6d3b0d51b2702f875f72d9137387.4bf1afa91305e3f6856a9b2296160b69.png','5b216d9c0b8f6d3b0d51b2702f875f72d9137387','4bf1afa91305e3f6856a9b2296160b69'),(2212,'https://assets.mhw-db.com/weapons/lance/24a38f3e90b6b694e0f976d5b712a056533bcb8e.e48c253d083b77f8b05426e841283444.png','24a38f3e90b6b694e0f976d5b712a056533bcb8e','e48c253d083b77f8b05426e841283444'),(2213,'https://assets.mhw-db.com/weapons/lance/efa80ad049fbaca40fa909880f84048d5e81900d.ba9a0299f15f9fd26a201c8d2841cc1e.png','efa80ad049fbaca40fa909880f84048d5e81900d','ba9a0299f15f9fd26a201c8d2841cc1e'),(2214,'https://assets.mhw-db.com/weapons/gunlance/99cf2723a0b6e016829c1c3163a944315384a552.aeb9b45f19ef281d54541283394a1288.png','99cf2723a0b6e016829c1c3163a944315384a552','aeb9b45f19ef281d54541283394a1288'),(2215,'https://assets.mhw-db.com/weapons/gunlance/426f26e474d2696adbac6d3f33cc83def7f73368.d88618608d81d82f73dd7e3d1f0525b8.png','426f26e474d2696adbac6d3f33cc83def7f73368','d88618608d81d82f73dd7e3d1f0525b8'),(2216,'https://assets.mhw-db.com/weapons/gunlance/75a11559411c3c3e0d649f8ed62492241ad5b610.73bd8eaa88b0d0f9fd8fe89ac61e2868.png','75a11559411c3c3e0d649f8ed62492241ad5b610','73bd8eaa88b0d0f9fd8fe89ac61e2868'),(2217,'https://assets.mhw-db.com/weapons/gunlance/405bd45cf1adf1d3fec92a38ce91db6728151d08.3cd26a4cba23b9c20cb3a6265855a114.png','405bd45cf1adf1d3fec92a38ce91db6728151d08','3cd26a4cba23b9c20cb3a6265855a114'),(2218,'https://assets.mhw-db.com/weapons/gunlance/ff29c8508f25e0868bc30def18f04eef6770b1c0.bd514b4d02186b4d4d8544268b441586.png','ff29c8508f25e0868bc30def18f04eef6770b1c0','bd514b4d02186b4d4d8544268b441586'),(2219,'https://assets.mhw-db.com/weapons/gunlance/01bc581dfb260df6191053cf81af6ef73bb861a5.aed0c4b16985a62468e11bc9a37cfbc4.png','01bc581dfb260df6191053cf81af6ef73bb861a5','aed0c4b16985a62468e11bc9a37cfbc4'),(2220,'https://assets.mhw-db.com/weapons/gunlance/be497e5837883884d153aa9cef11f93cfe471cee.2b2ebb5e9d1225cb9dfae27a76cafd31.png','be497e5837883884d153aa9cef11f93cfe471cee','2b2ebb5e9d1225cb9dfae27a76cafd31'),(2221,'https://assets.mhw-db.com/weapons/gunlance/c330d23e80c57e637f7ce63d1a7dbbefe22dc847.5b7b6041b3ea22b1617305a66e4d8ec2.png','c330d23e80c57e637f7ce63d1a7dbbefe22dc847','5b7b6041b3ea22b1617305a66e4d8ec2'),(2222,'https://assets.mhw-db.com/weapons/gunlance/2ea8d29198c1b3864fe9bf761e68747e1bfbe4c8.e2f1cbb6fc31b30c799edf67bb22d26d.png','2ea8d29198c1b3864fe9bf761e68747e1bfbe4c8','e2f1cbb6fc31b30c799edf67bb22d26d'),(2223,'https://assets.mhw-db.com/weapons/gunlance/13085b0831787712ce72c3a66a6f90af76bd6eae.d68b940476f86ba7d138846ff4ed0681.png','13085b0831787712ce72c3a66a6f90af76bd6eae','d68b940476f86ba7d138846ff4ed0681'),(2224,'https://assets.mhw-db.com/weapons/gunlance/271c90465af00884565ceda55ad4afc5beea0fdf.75d57dae5d97132607d44ebc3a38ec41.png','271c90465af00884565ceda55ad4afc5beea0fdf','75d57dae5d97132607d44ebc3a38ec41'),(2225,'https://assets.mhw-db.com/weapons/gunlance/aed375c8a3083512ac9dd9ad41784bb2ea551423.51988c9a4302a795708fe234111790f8.png','aed375c8a3083512ac9dd9ad41784bb2ea551423','51988c9a4302a795708fe234111790f8'),(2226,'https://assets.mhw-db.com/weapons/gunlance/4b922e379519e2907061197777556538691dcb8f.3dfe2f6546869efcbcf888c559f62b45.png','4b922e379519e2907061197777556538691dcb8f','3dfe2f6546869efcbcf888c559f62b45'),(2227,'https://assets.mhw-db.com/weapons/gunlance/1fa9e8bcba5c53318a14d58121734d26851c1b51.2c9d07e933b56e45f92ab202a103f124.png','1fa9e8bcba5c53318a14d58121734d26851c1b51','2c9d07e933b56e45f92ab202a103f124'),(2228,'https://assets.mhw-db.com/weapons/gunlance/48f24b8326aaf0b631efbf729ce955015a003127.3185097485687ad2814dba13224d98ae.png','48f24b8326aaf0b631efbf729ce955015a003127','3185097485687ad2814dba13224d98ae'),(2230,'https://assets.mhw-db.com/weapons/gunlance/ae7e3215e44474d8883e8eb26209a0d9895fad5d.c70de25ce2008e4141ee545e09f41564.png','ae7e3215e44474d8883e8eb26209a0d9895fad5d','c70de25ce2008e4141ee545e09f41564'),(2231,'https://assets.mhw-db.com/weapons/gunlance/95caf4d318354fdd948d9fbc0d895ee7bded536c.4a7eff144b8b2878d1a3c0c740767a53.png','95caf4d318354fdd948d9fbc0d895ee7bded536c','4a7eff144b8b2878d1a3c0c740767a53'),(2233,'https://assets.mhw-db.com/weapons/gunlance/d20d57ebfaf0b105bd86f63d68402c7b494b5a17.3861b737160eb08d7b784d5ace5ac019.png','d20d57ebfaf0b105bd86f63d68402c7b494b5a17','3861b737160eb08d7b784d5ace5ac019'),(2235,'https://assets.mhw-db.com/weapons/gunlance/cd9be6de3f9b5dc05d874aa1fac3dcc2155ec7a4.1576a8cba35e9b11b7e7101ecaff483c.png','cd9be6de3f9b5dc05d874aa1fac3dcc2155ec7a4','1576a8cba35e9b11b7e7101ecaff483c'),(2236,'https://assets.mhw-db.com/weapons/gunlance/6321e06411a953e3c3da2aa04be26284b17a6316.96c7fa8049da6a497c5e2e12153ea8aa.png','6321e06411a953e3c3da2aa04be26284b17a6316','96c7fa8049da6a497c5e2e12153ea8aa'),(2237,'https://assets.mhw-db.com/weapons/gunlance/0bca477d19352cd52824af29b74abecae020e55e.996646d6d97b5803e1fce33f9cf86168.png','0bca477d19352cd52824af29b74abecae020e55e','996646d6d97b5803e1fce33f9cf86168'),(2238,'https://assets.mhw-db.com/weapons/gunlance/75a9f7f565ff6420d34be4fdae1c870fbe37e4a1.311333bdae4fe1dfb19e3e53d0c31d98.png','75a9f7f565ff6420d34be4fdae1c870fbe37e4a1','311333bdae4fe1dfb19e3e53d0c31d98'),(2239,'https://assets.mhw-db.com/weapons/gunlance/b366df70b70569f2120ea951cecca66f38702956.8d0a39d9e67dea688d65265695ee709e.png','b366df70b70569f2120ea951cecca66f38702956','8d0a39d9e67dea688d65265695ee709e'),(2240,'https://assets.mhw-db.com/weapons/gunlance/35e6617fab135f1be5af8d6f7dec95227abb6974.f1b356f84f465efca2c42e8a1797b7ff.png','35e6617fab135f1be5af8d6f7dec95227abb6974','f1b356f84f465efca2c42e8a1797b7ff'),(2241,'https://assets.mhw-db.com/weapons/gunlance/3158cdfd865674baac755bc56375038a066d6b47.d3636affb9c86a9fa6193253eee1b12b.png','3158cdfd865674baac755bc56375038a066d6b47','d3636affb9c86a9fa6193253eee1b12b'),(2243,'https://assets.mhw-db.com/weapons/gunlance/3ddc9bc33a96690e97ee74f68f0ae9c961fde9a0.fadaf87223258a3e14855cfc2b3cf3a4.png','3ddc9bc33a96690e97ee74f68f0ae9c961fde9a0','fadaf87223258a3e14855cfc2b3cf3a4'),(2244,'https://assets.mhw-db.com/weapons/gunlance/fe952074528b567ef1ca54c76623226667ea9cd6.7e6d635dde6fb55ef535740d34c9d06a.png','fe952074528b567ef1ca54c76623226667ea9cd6','7e6d635dde6fb55ef535740d34c9d06a'),(2245,'https://assets.mhw-db.com/weapons/gunlance/0e5f2a46cf19d05ad02bd075c53f9995a457095b.888f4865e70f6403859b2e6e6a204520.png','0e5f2a46cf19d05ad02bd075c53f9995a457095b','888f4865e70f6403859b2e6e6a204520'),(2246,'https://assets.mhw-db.com/weapons/gunlance/de026e14b8655a809810a974c42ef1e815f32bd1.187f531d3a421f58af2e8137740cebcc.png','de026e14b8655a809810a974c42ef1e815f32bd1','187f531d3a421f58af2e8137740cebcc'),(2247,'https://assets.mhw-db.com/weapons/gunlance/ecf4e6e5750f1d7e51e8687e44159c2ae521006f.e6a7e9a856dd87d59a1019c048ec519b.png','ecf4e6e5750f1d7e51e8687e44159c2ae521006f','e6a7e9a856dd87d59a1019c048ec519b'),(2248,'https://assets.mhw-db.com/weapons/gunlance/1e45f2156afb6e894eb8dc2728dc2fbf4d7ad959.1e3ee5c84520952d7dc7e36ff9e6a725.png','1e45f2156afb6e894eb8dc2728dc2fbf4d7ad959','1e3ee5c84520952d7dc7e36ff9e6a725'),(2249,'https://assets.mhw-db.com/weapons/switch-axe/6a71197f07c96b0be13f08b2c2cda0584ffcfec7.e8f3b8f04099579d8800f2316dc7d4e9.png','6a71197f07c96b0be13f08b2c2cda0584ffcfec7','e8f3b8f04099579d8800f2316dc7d4e9'),(2250,'https://assets.mhw-db.com/weapons/switch-axe/957b719527ba666005a89068b510c616bd75c6a3.1892166e431072459764c4b579ab1199.png','957b719527ba666005a89068b510c616bd75c6a3','1892166e431072459764c4b579ab1199'),(2251,'https://assets.mhw-db.com/weapons/switch-axe/d6ea797b26877fe60484690fdbc0df5c70a1e917.54bea81df4a2183c16cd283a7203df60.png','d6ea797b26877fe60484690fdbc0df5c70a1e917','54bea81df4a2183c16cd283a7203df60'),(2252,'https://assets.mhw-db.com/weapons/switch-axe/f6dc898936d54911d114ac062d0d517013a9c6d6.123a7c3327daeb246fb80904faa761ce.png','f6dc898936d54911d114ac062d0d517013a9c6d6','123a7c3327daeb246fb80904faa761ce'),(2253,'https://assets.mhw-db.com/weapons/switch-axe/04e891c1ca574fa0ab30a4e9e79f7e4ca86931e1.a934b33135f298326df0197896eeb571.png','04e891c1ca574fa0ab30a4e9e79f7e4ca86931e1','a934b33135f298326df0197896eeb571'),(2254,'https://assets.mhw-db.com/weapons/switch-axe/2a65123f0cf919e7a263268d7006479a06f78eef.2466a08e4ec17237a633a2cf38388dd1.png','2a65123f0cf919e7a263268d7006479a06f78eef','2466a08e4ec17237a633a2cf38388dd1'),(2255,'https://assets.mhw-db.com/weapons/switch-axe/5751e0462e8e07d582cb215f2928d8edeaa5a116.db45881df7d7a230f20673da370d34de.png','5751e0462e8e07d582cb215f2928d8edeaa5a116','db45881df7d7a230f20673da370d34de'),(2256,'https://assets.mhw-db.com/weapons/switch-axe/5359f24eb01bf7ce616ce65b17ebbdb0c74e0b33.2450e452eccb8b4af6b1126dcdcee09b.png','5359f24eb01bf7ce616ce65b17ebbdb0c74e0b33','2450e452eccb8b4af6b1126dcdcee09b'),(2257,'https://assets.mhw-db.com/weapons/switch-axe/85a8e5658f2818bd52e1b45ea6020af995dd6bf5.8d98d593beea2b44e6e8a1b852c288c0.png','85a8e5658f2818bd52e1b45ea6020af995dd6bf5','8d98d593beea2b44e6e8a1b852c288c0'),(2258,'https://assets.mhw-db.com/weapons/switch-axe/a09d21e9ef63fff9d276acf3d61af22c2814b17b.7081bf539836730ce8ecdf7f94eecc3c.png','a09d21e9ef63fff9d276acf3d61af22c2814b17b','7081bf539836730ce8ecdf7f94eecc3c'),(2259,'https://assets.mhw-db.com/weapons/switch-axe/4ecfecadc4f216c2919e17874ac9848bbe9a8c70.56746301b4dea56939b798f993f14071.png','4ecfecadc4f216c2919e17874ac9848bbe9a8c70','56746301b4dea56939b798f993f14071'),(2260,'https://assets.mhw-db.com/weapons/switch-axe/4d5b5b527a725b7e9edb841d1e93ee5f5cbc6a20.515bcd49ae623b7fe266a415577868b8.png','4d5b5b527a725b7e9edb841d1e93ee5f5cbc6a20','515bcd49ae623b7fe266a415577868b8'),(2261,'https://assets.mhw-db.com/weapons/switch-axe/8f7f9a6ae7a570563a80eaecbd6ad0952b419d4f.6f13e9532505af64024756d87605bdb2.png','8f7f9a6ae7a570563a80eaecbd6ad0952b419d4f','6f13e9532505af64024756d87605bdb2'),(2262,'https://assets.mhw-db.com/weapons/switch-axe/6d0efdf5ef8deb69297fa91a1856ebb4a3ad319f.3939d9c42204c2322df102d0a56a053e.png','6d0efdf5ef8deb69297fa91a1856ebb4a3ad319f','3939d9c42204c2322df102d0a56a053e'),(2263,'https://assets.mhw-db.com/weapons/switch-axe/1296b3cc40160a8e99fdbfda6a057f50f9699562.974a0ff62c698be7bf6dc48495f559b5.png','1296b3cc40160a8e99fdbfda6a057f50f9699562','974a0ff62c698be7bf6dc48495f559b5'),(2264,'https://assets.mhw-db.com/weapons/switch-axe/bbc149311c76cedeeefa2c5b08bb7877bc146096.ca22f92e77a011a1ef521d05dd2fecfe.png','bbc149311c76cedeeefa2c5b08bb7877bc146096','ca22f92e77a011a1ef521d05dd2fecfe'),(2265,'https://assets.mhw-db.com/weapons/switch-axe/c39cb0baaea055217f4adc5905a0179323c390cb.28dd64f8a7d90a9a5f40b99b6e940302.png','c39cb0baaea055217f4adc5905a0179323c390cb','28dd64f8a7d90a9a5f40b99b6e940302'),(2266,'https://assets.mhw-db.com/weapons/switch-axe/770433dee74f3266197aa568dc999aaa71e3b678.eaf0365dc1bc4fa57ded211c16da5e4a.png','770433dee74f3266197aa568dc999aaa71e3b678','eaf0365dc1bc4fa57ded211c16da5e4a'),(2267,'https://assets.mhw-db.com/weapons/switch-axe/93031650407a48b7ef555a9d21a1b7a767d8ef19.659385d4c230a35a9160b43c53b64e2f.png','93031650407a48b7ef555a9d21a1b7a767d8ef19','659385d4c230a35a9160b43c53b64e2f'),(2268,'https://assets.mhw-db.com/weapons/switch-axe/1631655108d6e5b1adc7a78c80077a0ed38eba9e.6d63a877fd8835f833d4dfc3fc504e97.png','1631655108d6e5b1adc7a78c80077a0ed38eba9e','6d63a877fd8835f833d4dfc3fc504e97'),(2269,'https://assets.mhw-db.com/weapons/switch-axe/6cd0075d5ee68e4be7f45237dcc7caefd2e5b74a.01640d32d6e0811230a3ad3266fc91bd.png','6cd0075d5ee68e4be7f45237dcc7caefd2e5b74a','01640d32d6e0811230a3ad3266fc91bd'),(2270,'https://assets.mhw-db.com/weapons/switch-axe/487429eeb9e9b3b0e23e5ba8e88830ddeba291c9.3e03bbfdc758d9da1e2a7cd72debf37a.png','487429eeb9e9b3b0e23e5ba8e88830ddeba291c9','3e03bbfdc758d9da1e2a7cd72debf37a'),(2271,'https://assets.mhw-db.com/weapons/switch-axe/c8a852e95a9fbe6b0c98bd4a499e669b4d01bb38.454d096a404820addabfd5e4db0d5bc3.png','c8a852e95a9fbe6b0c98bd4a499e669b4d01bb38','454d096a404820addabfd5e4db0d5bc3'),(2272,'https://assets.mhw-db.com/weapons/switch-axe/40a488b1c048f4558e13b558bebef7b098dfadd5.30b2ea5ea6d1659cb7e26d5b33e71c25.png','40a488b1c048f4558e13b558bebef7b098dfadd5','30b2ea5ea6d1659cb7e26d5b33e71c25'),(2273,'https://assets.mhw-db.com/weapons/switch-axe/85b7f11f32690a9c6f01156866480abfdf8e731c.f8de1d9f28316629431d80e4b969f452.png','85b7f11f32690a9c6f01156866480abfdf8e731c','f8de1d9f28316629431d80e4b969f452'),(2274,'https://assets.mhw-db.com/weapons/switch-axe/4c6b52dd6402a0c4751105e44adbc2a6ac0006ce.56b94bc2b113867e8e9cfc730415e4d6.png','4c6b52dd6402a0c4751105e44adbc2a6ac0006ce','56b94bc2b113867e8e9cfc730415e4d6'),(2275,'https://assets.mhw-db.com/weapons/switch-axe/50e6b8ac0ec9153699b9a86b063f3dad0cb752e3.794a877c70b337c0cd423813028b57c4.png','50e6b8ac0ec9153699b9a86b063f3dad0cb752e3','794a877c70b337c0cd423813028b57c4'),(2276,'https://assets.mhw-db.com/weapons/switch-axe/01cd2d2fea738c73b40be6970800176ce8d5175e.865fc30321d4db69632eb409f652e739.png','01cd2d2fea738c73b40be6970800176ce8d5175e','865fc30321d4db69632eb409f652e739'),(2277,'https://assets.mhw-db.com/weapons/switch-axe/c5c947f9443c825de2b5546cea68eadd5ba6f5b9.71b9abe45c3a660784e7a456eaa32a85.png','c5c947f9443c825de2b5546cea68eadd5ba6f5b9','71b9abe45c3a660784e7a456eaa32a85'),(2278,'https://assets.mhw-db.com/weapons/switch-axe/f675e096e5b2dd5c63a7c8e162c2150a525ff2f5.18fcfc79c5a7bd0290e0a98a5f48cb25.png','f675e096e5b2dd5c63a7c8e162c2150a525ff2f5','18fcfc79c5a7bd0290e0a98a5f48cb25'),(2279,'https://assets.mhw-db.com/weapons/switch-axe/37421729212b8cd2c2846b05ee85e4361ecf2e7a.b1873a8997c71ba17bbefac285149128.png','37421729212b8cd2c2846b05ee85e4361ecf2e7a','b1873a8997c71ba17bbefac285149128'),(2280,'https://assets.mhw-db.com/weapons/charge-blade/ac0808624d7bf2176ac59debf7dccb6cb10d8860.95c81371343420cd2de6c173e54eec1f.png','ac0808624d7bf2176ac59debf7dccb6cb10d8860','95c81371343420cd2de6c173e54eec1f'),(2281,'https://assets.mhw-db.com/weapons/charge-blade/5ca0401c4d057b1e6ce7ce6182c1fd0cfab29b1f.bd80a0363fce8e072d8df97d60dd1de5.png','5ca0401c4d057b1e6ce7ce6182c1fd0cfab29b1f','bd80a0363fce8e072d8df97d60dd1de5'),(2282,'https://assets.mhw-db.com/weapons/charge-blade/7ce18aedb7f3fbe42df2485fb7f293d49bdde3fd.f3e7f82b4f591b2cd0f34132ce175900.png','7ce18aedb7f3fbe42df2485fb7f293d49bdde3fd','f3e7f82b4f591b2cd0f34132ce175900'),(2283,'https://assets.mhw-db.com/weapons/charge-blade/04a9e32376af2336d281e883ba240fe7e5af3fb9.13c71a61930e7b000e8a52f64d240748.png','04a9e32376af2336d281e883ba240fe7e5af3fb9','13c71a61930e7b000e8a52f64d240748'),(2284,'https://assets.mhw-db.com/weapons/charge-blade/7dc4232120c1c2a0c64e49161f1de06af3f7a10b.a5f5892e07e8926ed164025a56edb2ec.png','7dc4232120c1c2a0c64e49161f1de06af3f7a10b','a5f5892e07e8926ed164025a56edb2ec'),(2285,'https://assets.mhw-db.com/weapons/charge-blade/99462c21dadeab58d96f33ed7793e79f610bc23e.8b3b7ec280d56cde6a38c03064fe44b9.png','99462c21dadeab58d96f33ed7793e79f610bc23e','8b3b7ec280d56cde6a38c03064fe44b9'),(2286,'https://assets.mhw-db.com/weapons/charge-blade/10b603f5c92757d4ceb462a18738c44ecf8e7797.302ea7dcd5b3f1ec5bc10ffc41315ef3.png','10b603f5c92757d4ceb462a18738c44ecf8e7797','302ea7dcd5b3f1ec5bc10ffc41315ef3'),(2287,'https://assets.mhw-db.com/weapons/charge-blade/92201f140af4ec699183055210bf6d5756f9f5fb.231381a4b21e76070b5e355fc42d5643.png','92201f140af4ec699183055210bf6d5756f9f5fb','231381a4b21e76070b5e355fc42d5643'),(2288,'https://assets.mhw-db.com/weapons/charge-blade/8d68549d2428b5a878ccd56dc6beb1f52b7070a2.52b765389dd8a7bf7e5b590c7c216a90.png','8d68549d2428b5a878ccd56dc6beb1f52b7070a2','52b765389dd8a7bf7e5b590c7c216a90'),(2289,'https://assets.mhw-db.com/weapons/charge-blade/5d40ae298c7e73325a88cc4eb12336520849dc3b.647c7b246aa66db67088fff0720c28d7.png','5d40ae298c7e73325a88cc4eb12336520849dc3b','647c7b246aa66db67088fff0720c28d7'),(2290,'https://assets.mhw-db.com/weapons/charge-blade/ebf674bd0546bec3d7ea84f952d4d3e9599ef075.bfff90ace1e0efb2be0f0b4163d2a66d.png','ebf674bd0546bec3d7ea84f952d4d3e9599ef075','bfff90ace1e0efb2be0f0b4163d2a66d'),(2291,'https://assets.mhw-db.com/weapons/charge-blade/80a888b29b87fa25cb00a11d760875ca502ed32d.71fb0f8573d4230cb14dbee78915ce8a.png','80a888b29b87fa25cb00a11d760875ca502ed32d','71fb0f8573d4230cb14dbee78915ce8a'),(2292,'https://assets.mhw-db.com/weapons/charge-blade/9b0d9970fc214ec8cda918a06b6934dd1ab1f1d5.0f01395cd307e3797a26be0968da7b99.png','9b0d9970fc214ec8cda918a06b6934dd1ab1f1d5','0f01395cd307e3797a26be0968da7b99'),(2293,'https://assets.mhw-db.com/weapons/charge-blade/3b7bbfcbba4040c493acf3828e3aa07e9cc50598.ca23061d6c56daa61f5da0bfd6f0f9f6.png','3b7bbfcbba4040c493acf3828e3aa07e9cc50598','ca23061d6c56daa61f5da0bfd6f0f9f6'),(2294,'https://assets.mhw-db.com/weapons/charge-blade/ec59bcddf3ce55856b5888ca8c892747ab3bed9f.111b4c88ab95bfc5bff1425840e0a265.png','ec59bcddf3ce55856b5888ca8c892747ab3bed9f','111b4c88ab95bfc5bff1425840e0a265'),(2295,'https://assets.mhw-db.com/weapons/charge-blade/0bdf52a1afcecbd1366d473ef01e1ebdf1f84dd9.e70c7831cd1c658d891555212ff516b9.png','0bdf52a1afcecbd1366d473ef01e1ebdf1f84dd9','e70c7831cd1c658d891555212ff516b9'),(2296,'https://assets.mhw-db.com/weapons/charge-blade/ba1e6720e239b7b75c569f9183acb0922b8df51e.69c52c5ece00ab857207d4df7049e0b6.png','ba1e6720e239b7b75c569f9183acb0922b8df51e','69c52c5ece00ab857207d4df7049e0b6'),(2297,'https://assets.mhw-db.com/weapons/charge-blade/d6ff711c1fa430cd7edbe7115ab90eb1d0d8d8a7.ea27cde311626fb6638947e24d92014d.png','d6ff711c1fa430cd7edbe7115ab90eb1d0d8d8a7','ea27cde311626fb6638947e24d92014d'),(2298,'https://assets.mhw-db.com/weapons/charge-blade/fe2311feb1ad4dc643a2a99c469913b45842bfdb.916343d59f70da9553434cbea8643089.png','fe2311feb1ad4dc643a2a99c469913b45842bfdb','916343d59f70da9553434cbea8643089'),(2299,'https://assets.mhw-db.com/weapons/charge-blade/b4218958f3c69f8c3a30b88dabae27a9f74d83f6.ba0e7ba93dcf14fd19438b5eed6a8e70.png','b4218958f3c69f8c3a30b88dabae27a9f74d83f6','ba0e7ba93dcf14fd19438b5eed6a8e70'),(2300,'https://assets.mhw-db.com/weapons/charge-blade/8456fa8c18bc345511f371da29d3f404aa998788.b8247b7f4eb944a743db39af366ede7f.png','8456fa8c18bc345511f371da29d3f404aa998788','b8247b7f4eb944a743db39af366ede7f'),(2301,'https://assets.mhw-db.com/weapons/charge-blade/34306c8de5862b6af40941acb0006467a4ba5614.bb324c3e7d76026210aa1965b09bfb8f.png','34306c8de5862b6af40941acb0006467a4ba5614','bb324c3e7d76026210aa1965b09bfb8f'),(2302,'https://assets.mhw-db.com/weapons/charge-blade/9a7e1c62191074474a1bc3e8e4efeb481fe52388.8951e75201063d42e1b79a8fd87ff2a6.png','9a7e1c62191074474a1bc3e8e4efeb481fe52388','8951e75201063d42e1b79a8fd87ff2a6'),(2303,'https://assets.mhw-db.com/weapons/charge-blade/74ac5df3d3ddc82d84f3e4a0683315b44f8b45a5.f1934da06a185183f47845e8787c3c55.png','74ac5df3d3ddc82d84f3e4a0683315b44f8b45a5','f1934da06a185183f47845e8787c3c55'),(2304,'https://assets.mhw-db.com/weapons/charge-blade/bc5178da89c1bb295486f233e69fe5f48b6f86dc.79fac9ae8f1111b9e8e1171076c3841c.png','bc5178da89c1bb295486f233e69fe5f48b6f86dc','79fac9ae8f1111b9e8e1171076c3841c'),(2305,'https://assets.mhw-db.com/weapons/charge-blade/7bf36b85b65414174efc6e76ca38f4cac31ab62b.1c88e97fb1dcb99fff9391cc89a54af4.png','7bf36b85b65414174efc6e76ca38f4cac31ab62b','1c88e97fb1dcb99fff9391cc89a54af4'),(2306,'https://assets.mhw-db.com/weapons/charge-blade/4459024411d4674fc1dcdc4a1bcae42914267ba5.a7b4120a0f67d672efee305b95eb89ff.png','4459024411d4674fc1dcdc4a1bcae42914267ba5','a7b4120a0f67d672efee305b95eb89ff'),(2307,'https://assets.mhw-db.com/weapons/charge-blade/4e01670ab082dc6dc19340c9f115f505ffa90d73.01c8a4b88c65f05ae9ef67b47a21167d.png','4e01670ab082dc6dc19340c9f115f505ffa90d73','01c8a4b88c65f05ae9ef67b47a21167d'),(2308,'https://assets.mhw-db.com/weapons/charge-blade/dffbce02c5c0b6dbb62bc75f932f4b5924f9cd47.aa9d6b2d3af684826f8dac3549b38be9.png','dffbce02c5c0b6dbb62bc75f932f4b5924f9cd47','aa9d6b2d3af684826f8dac3549b38be9'),(2309,'https://assets.mhw-db.com/weapons/charge-blade/47da85a4240662fbfb6d227d7cee3e1ba4daa248.31a86fc1e0bc6afe47757d6da8331cd8.png','47da85a4240662fbfb6d227d7cee3e1ba4daa248','31a86fc1e0bc6afe47757d6da8331cd8'),(2310,'https://assets.mhw-db.com/weapons/charge-blade/b637bfefbb7acecf294714d493be155060746d3d.bf00baa7e6a71b5564726a9b16335990.png','b637bfefbb7acecf294714d493be155060746d3d','bf00baa7e6a71b5564726a9b16335990'),(2311,'https://assets.mhw-db.com/weapons/charge-blade/73efc63c7a975d41d2caed21e2712ce512dbe03f.65870b223ae73d60ff30e235318b2bdf.png','73efc63c7a975d41d2caed21e2712ce512dbe03f','65870b223ae73d60ff30e235318b2bdf'),(2312,'https://assets.mhw-db.com/weapons/charge-blade/9b50183f55b660c7b92dbee145965c3601c17133.c3d78b0043ffe5522ac254ec37e8a88d.png','9b50183f55b660c7b92dbee145965c3601c17133','c3d78b0043ffe5522ac254ec37e8a88d'),(2313,'https://assets.mhw-db.com/weapons/charge-blade/d388a11803175507bbfbf5e3c44496d9be1447b0.909b3c2fc263a4ec6dffcb2676b5bffd.png','d388a11803175507bbfbf5e3c44496d9be1447b0','909b3c2fc263a4ec6dffcb2676b5bffd'),(2314,'https://assets.mhw-db.com/weapons/charge-blade/c97b89488be33658e759e253b076507356e17255.30cc663a9959426f7fb71af949935ae5.png','c97b89488be33658e759e253b076507356e17255','30cc663a9959426f7fb71af949935ae5'),(2315,'https://assets.mhw-db.com/weapons/insect-glaive/491dfe632699628f1f242e5b1cbe32bd0a385a7d.0252c014013199a80e92b065dfee5916.png','491dfe632699628f1f242e5b1cbe32bd0a385a7d','0252c014013199a80e92b065dfee5916'),(2316,'https://assets.mhw-db.com/weapons/insect-glaive/0f6e8fc4a262a00a12b4354ac10859093436e8b9.e725d7f91a013437ebfe097be1515979.png','0f6e8fc4a262a00a12b4354ac10859093436e8b9','e725d7f91a013437ebfe097be1515979'),(2317,'https://assets.mhw-db.com/weapons/insect-glaive/90e65dfd3715eb83a6e83851056fc0e54794fb59.498181838c24d7d9c86effb1f0e1916c.png','90e65dfd3715eb83a6e83851056fc0e54794fb59','498181838c24d7d9c86effb1f0e1916c'),(2318,'https://assets.mhw-db.com/weapons/insect-glaive/fd30cd7922e9b8cdac6da09134df54d562d0c196.42c481638d998b3f420dbde5f799ca23.png','fd30cd7922e9b8cdac6da09134df54d562d0c196','42c481638d998b3f420dbde5f799ca23'),(2319,'https://assets.mhw-db.com/weapons/insect-glaive/41725ea1ee58d14949f2e1042e89ef8df4d38f24.092a35afad326be783cd3f5fdeaceb82.png','41725ea1ee58d14949f2e1042e89ef8df4d38f24','092a35afad326be783cd3f5fdeaceb82'),(2320,'https://assets.mhw-db.com/weapons/insect-glaive/e63a710a5b52857d8ae9e08dc34adf8623666102.a85a612a83f16b6fe8f0c44aa350f66e.png','e63a710a5b52857d8ae9e08dc34adf8623666102','a85a612a83f16b6fe8f0c44aa350f66e'),(2321,'https://assets.mhw-db.com/weapons/insect-glaive/a70a9da8607310b6017b4a671e16e4bc2a489af4.40c4a0845c4a213d79d3b41a5b8d39fb.png','a70a9da8607310b6017b4a671e16e4bc2a489af4','40c4a0845c4a213d79d3b41a5b8d39fb'),(2322,'https://assets.mhw-db.com/weapons/insect-glaive/b48c4ffacd884560e3f8dcdc70b6485fa235ae97.4729ed5b1e6f9f8bb78d13f2a500f45d.png','b48c4ffacd884560e3f8dcdc70b6485fa235ae97','4729ed5b1e6f9f8bb78d13f2a500f45d'),(2323,'https://assets.mhw-db.com/weapons/insect-glaive/e749f3a7aa95039c846d7c73e98830b79f283f22.413bce53a1737c61eccabbf4a8c836c7.png','e749f3a7aa95039c846d7c73e98830b79f283f22','413bce53a1737c61eccabbf4a8c836c7'),(2324,'https://assets.mhw-db.com/weapons/insect-glaive/99317707ad9ccf088382860d0b97172e50cb2c41.578e3de94f9a5f6a994cb3b9b7519900.png','99317707ad9ccf088382860d0b97172e50cb2c41','578e3de94f9a5f6a994cb3b9b7519900'),(2325,'https://assets.mhw-db.com/weapons/insect-glaive/604364b1ecdd56b9d73ec7189c7f8ef089e7204a.d4869884743eb0e813fe03113a10c4c6.png','604364b1ecdd56b9d73ec7189c7f8ef089e7204a','d4869884743eb0e813fe03113a10c4c6'),(2326,'https://assets.mhw-db.com/weapons/insect-glaive/906f99b81c603368e122155d3cd9c3d737113a01.75665a150ec4cc51db4c4f5f9ead760e.png','906f99b81c603368e122155d3cd9c3d737113a01','75665a150ec4cc51db4c4f5f9ead760e'),(2327,'https://assets.mhw-db.com/weapons/insect-glaive/af093690be14424fb8fd8a3cbfc2c9a9705c0227.333ce9d561425e49966baabee7c314be.png','af093690be14424fb8fd8a3cbfc2c9a9705c0227','333ce9d561425e49966baabee7c314be'),(2328,'https://assets.mhw-db.com/weapons/insect-glaive/090ed6d0d7f828b85677b87ce6268ae8a202d566.d72967dce21f7e4d17376603187be8ab.png','090ed6d0d7f828b85677b87ce6268ae8a202d566','d72967dce21f7e4d17376603187be8ab'),(2329,'https://assets.mhw-db.com/weapons/insect-glaive/a3adedbfba81d31841aa80c4756a8702ec6c495e.c942bcba00863586fac39525a165cd5d.png','a3adedbfba81d31841aa80c4756a8702ec6c495e','c942bcba00863586fac39525a165cd5d'),(2330,'https://assets.mhw-db.com/weapons/insect-glaive/eb104611073538f699ff8f079807814cefebf8f7.e6e7572b2af99fff279778d22147d4a1.png','eb104611073538f699ff8f079807814cefebf8f7','e6e7572b2af99fff279778d22147d4a1'),(2331,'https://assets.mhw-db.com/weapons/insect-glaive/7e304dd87a71e13b16ffc149311b333f38f654c9.81eaa72cac03fa54360a0b5b68172777.png','7e304dd87a71e13b16ffc149311b333f38f654c9','81eaa72cac03fa54360a0b5b68172777'),(2332,'https://assets.mhw-db.com/weapons/insect-glaive/123956a0e8ee22c3a710cac66e5961baaaed5ecc.2db978566a5176bcba90c6f2a638a48d.png','123956a0e8ee22c3a710cac66e5961baaaed5ecc','2db978566a5176bcba90c6f2a638a48d'),(2333,'https://assets.mhw-db.com/weapons/insect-glaive/c2e3105dc027a46de6325aafe0f41ad5dfd829f8.d0411d54cc9d6f812a3fe6ac27d82c28.png','c2e3105dc027a46de6325aafe0f41ad5dfd829f8','d0411d54cc9d6f812a3fe6ac27d82c28'),(2334,'https://assets.mhw-db.com/weapons/insect-glaive/e379a467a09b32b4c1e01f3513ca8fb283fb1181.b29b811362f031f1f085d925c2750eaa.png','e379a467a09b32b4c1e01f3513ca8fb283fb1181','b29b811362f031f1f085d925c2750eaa'),(2335,'https://assets.mhw-db.com/weapons/insect-glaive/3bc96bb435203a751c0998a7f24f30644b50441b.82fc275b6166ac646c9911b1770648d3.png','3bc96bb435203a751c0998a7f24f30644b50441b','82fc275b6166ac646c9911b1770648d3'),(2336,'https://assets.mhw-db.com/weapons/insect-glaive/e282d4899fb8d80d60f10f20ed16627c3b7cf42c.1ec1044affbbe8796860d17906e55d7c.png','e282d4899fb8d80d60f10f20ed16627c3b7cf42c','1ec1044affbbe8796860d17906e55d7c'),(2337,'https://assets.mhw-db.com/weapons/insect-glaive/b22ec890dac46d8eb596502e950abd039f02839c.0b3f1674248e22df95c8219126f5aa96.png','b22ec890dac46d8eb596502e950abd039f02839c','0b3f1674248e22df95c8219126f5aa96'),(2338,'https://assets.mhw-db.com/weapons/insect-glaive/d928b6cd7f1bd749c777b3932f0fe093315d631e.ae7f35c8c21e26bf9d8558dc26c78e37.png','d928b6cd7f1bd749c777b3932f0fe093315d631e','ae7f35c8c21e26bf9d8558dc26c78e37'),(2339,'https://assets.mhw-db.com/weapons/insect-glaive/ad6c7072653b38c2e8f32be4d91aeb07aef80f44.19d27c4be2c526616720375fdbc73221.png','ad6c7072653b38c2e8f32be4d91aeb07aef80f44','19d27c4be2c526616720375fdbc73221'),(2340,'https://assets.mhw-db.com/weapons/insect-glaive/6c18be887d5f487519898413848a0e9a90bb9465.3913aa7c7823a2bdc64dc7f518e728db.png','6c18be887d5f487519898413848a0e9a90bb9465','3913aa7c7823a2bdc64dc7f518e728db'),(2341,'https://assets.mhw-db.com/weapons/insect-glaive/29ae1b5a09b14b54bb225c17559ab8291cd2f08f.123b88aea794b3cabd07ba6e654f13e7.png','29ae1b5a09b14b54bb225c17559ab8291cd2f08f','123b88aea794b3cabd07ba6e654f13e7'),(2342,'https://assets.mhw-db.com/weapons/insect-glaive/f880652ecf25b4209e0607891409c57aaf815aef.285b70312e410bf86fad64be64a77d67.png','f880652ecf25b4209e0607891409c57aaf815aef','285b70312e410bf86fad64be64a77d67'),(2343,'https://assets.mhw-db.com/weapons/insect-glaive/c105c68620fcbeece3b61affe5c1cef18ab90f85.23faa690fd87b226f6a9eac2280f419b.png','c105c68620fcbeece3b61affe5c1cef18ab90f85','23faa690fd87b226f6a9eac2280f419b'),(2344,'https://assets.mhw-db.com/weapons/insect-glaive/95f190467defa05717d8ea77c213773bcd03fa74.a7147e9152c2af5007c5395091cd9c9d.png','95f190467defa05717d8ea77c213773bcd03fa74','a7147e9152c2af5007c5395091cd9c9d'),(2345,'https://assets.mhw-db.com/weapons/insect-glaive/8b23c4310fe30e0b57f466419417d5360476419a.bdae133c17257ac7c97ef0cb14237526.png','8b23c4310fe30e0b57f466419417d5360476419a','bdae133c17257ac7c97ef0cb14237526'),(2346,'https://assets.mhw-db.com/weapons/insect-glaive/20672a6ca6f45d041c3a8baf302f7478a731ecb0.b7e1edf42f827635c528723243caf443.png','20672a6ca6f45d041c3a8baf302f7478a731ecb0','b7e1edf42f827635c528723243caf443'),(2347,'https://assets.mhw-db.com/weapons/insect-glaive/1c7e33e3a590b41e004ee745d6d1cb2e70eeb5d1.308edeff94a52c385a71d88254fd7fc8.png','1c7e33e3a590b41e004ee745d6d1cb2e70eeb5d1','308edeff94a52c385a71d88254fd7fc8'),(2348,'https://assets.mhw-db.com/weapons/insect-glaive/e353da73174eed5415e3aa01f08521b4a9bb666c.cadb8c30e9f4b180592a86fbf5424d77.png','e353da73174eed5415e3aa01f08521b4a9bb666c','cadb8c30e9f4b180592a86fbf5424d77'),(2349,'https://assets.mhw-db.com/weapons/light-bowgun/e31d1efa80cfe385b59d6cf272afe9aa1b889e6c.5fe882762edd6d370e4d094bd2228637.png','e31d1efa80cfe385b59d6cf272afe9aa1b889e6c','5fe882762edd6d370e4d094bd2228637'),(2350,'https://assets.mhw-db.com/weapons/light-bowgun/3f5e051319f420b5f6dce8e28cb15ea9f12de985.9a5df5675356223dc9948ee25d5b2cec.png','3f5e051319f420b5f6dce8e28cb15ea9f12de985','9a5df5675356223dc9948ee25d5b2cec'),(2351,'https://assets.mhw-db.com/weapons/light-bowgun/e9aaa46c40cdb9ffc0f65fb8c5cc53700fa42a2e.f1133e28b128f00e67666a31e30e672f.png','e9aaa46c40cdb9ffc0f65fb8c5cc53700fa42a2e','f1133e28b128f00e67666a31e30e672f'),(2352,'https://assets.mhw-db.com/weapons/light-bowgun/74ef610697a52e1149244e4e0eac5e4c45c78e5d.76ef4265d81cbbe57a22a256617388e4.png','74ef610697a52e1149244e4e0eac5e4c45c78e5d','76ef4265d81cbbe57a22a256617388e4'),(2353,'https://assets.mhw-db.com/weapons/light-bowgun/8ccd515a86fc65b367520f9f36a0cd9bf37b8156.17a4d793d04592cc2165c3ac57300ce1.png','8ccd515a86fc65b367520f9f36a0cd9bf37b8156','17a4d793d04592cc2165c3ac57300ce1'),(2354,'https://assets.mhw-db.com/weapons/light-bowgun/7c019e32dbab17b5fe1d2da45bbe97d3937f7f92.bbb0e716d4a1b83d5a488851e47c4587.png','7c019e32dbab17b5fe1d2da45bbe97d3937f7f92','bbb0e716d4a1b83d5a488851e47c4587'),(2355,'https://assets.mhw-db.com/weapons/light-bowgun/3b3b200a901e429bec629f95e02e47c7de632abb.1502f5e075a27501e6bf67105bf584c4.png','3b3b200a901e429bec629f95e02e47c7de632abb','1502f5e075a27501e6bf67105bf584c4'),(2356,'https://assets.mhw-db.com/weapons/light-bowgun/59f913622271a6a39e56d0c41e6aa69e32590cb6.45a522ace11046690533b1c68f30d1bd.png','59f913622271a6a39e56d0c41e6aa69e32590cb6','45a522ace11046690533b1c68f30d1bd'),(2357,'https://assets.mhw-db.com/weapons/light-bowgun/cdc73835348ba1b0e1afc48a46d82d1aedb8419d.58af108d80929d2b67d20756c64f69d7.png','cdc73835348ba1b0e1afc48a46d82d1aedb8419d','58af108d80929d2b67d20756c64f69d7'),(2358,'https://assets.mhw-db.com/weapons/light-bowgun/a96485118425755fedeb684c94fa48938c7e4467.0416ab702e21f6a5e51b1ccc303c207b.png','a96485118425755fedeb684c94fa48938c7e4467','0416ab702e21f6a5e51b1ccc303c207b'),(2359,'https://assets.mhw-db.com/weapons/light-bowgun/b9e862b798fb1acfd91305c98b75a6e935350c46.daf330c927507e9c5d2a3c623d22c8bc.png','b9e862b798fb1acfd91305c98b75a6e935350c46','daf330c927507e9c5d2a3c623d22c8bc'),(2360,'https://assets.mhw-db.com/weapons/light-bowgun/c7d95cfb36c289bdbe1f757f0c6c06d52d9fff94.3747d07926e63b9b9f4faf6563a2f003.png','c7d95cfb36c289bdbe1f757f0c6c06d52d9fff94','3747d07926e63b9b9f4faf6563a2f003'),(2361,'https://assets.mhw-db.com/weapons/light-bowgun/ea80b094c6d64eb56151a0b6835688b990711da3.be13c07ec82a4288ada817608084e5cf.png','ea80b094c6d64eb56151a0b6835688b990711da3','be13c07ec82a4288ada817608084e5cf'),(2362,'https://assets.mhw-db.com/weapons/light-bowgun/319a0a54e80a3d048cadc80389bb2ee55923efc0.7775c5bcd85424e959b71d59da5c8117.png','319a0a54e80a3d048cadc80389bb2ee55923efc0','7775c5bcd85424e959b71d59da5c8117'),(2363,'https://assets.mhw-db.com/weapons/light-bowgun/215d425bae473843a3a0d32c0ab36128e1de6b41.4e1df72b9202bd03f55baf153e2e2e89.png','215d425bae473843a3a0d32c0ab36128e1de6b41','4e1df72b9202bd03f55baf153e2e2e89'),(2364,'https://assets.mhw-db.com/weapons/light-bowgun/4f34fecc3a33ea90b6e7cad57f0984b6da55b455.245bf31feb258588c53dbb155a7dbb6b.png','4f34fecc3a33ea90b6e7cad57f0984b6da55b455','245bf31feb258588c53dbb155a7dbb6b'),(2365,'https://assets.mhw-db.com/weapons/light-bowgun/2b9e47e84ee9f3ab378318d73fd635924d5dabe5.6685adc5ac0a82bbde641c703ae21a97.png','2b9e47e84ee9f3ab378318d73fd635924d5dabe5','6685adc5ac0a82bbde641c703ae21a97'),(2366,'https://assets.mhw-db.com/weapons/light-bowgun/73d11f5f04f51430132d1262dba1c33fb57053cb.57036b5a0682353cb5d671a4d8e4d9c1.png','73d11f5f04f51430132d1262dba1c33fb57053cb','57036b5a0682353cb5d671a4d8e4d9c1'),(2367,'https://assets.mhw-db.com/weapons/light-bowgun/0256bca702608c094b56572d2da60c0d2c101a5c.a11c0f68cdae4bf1bd9b5fc65c8dfb14.png','0256bca702608c094b56572d2da60c0d2c101a5c','a11c0f68cdae4bf1bd9b5fc65c8dfb14'),(2368,'https://assets.mhw-db.com/weapons/light-bowgun/c51a5e5a03e400bbf45bbf52b25a52df7d0dcf6c.b9cb181e54ec19b9b87f01b0d4e8db84.png','c51a5e5a03e400bbf45bbf52b25a52df7d0dcf6c','b9cb181e54ec19b9b87f01b0d4e8db84'),(2369,'https://assets.mhw-db.com/weapons/light-bowgun/655f5f27de2b0319988aab33af574e898ce8b8ec.107308593ffb69753e0146bf3386eab4.png','655f5f27de2b0319988aab33af574e898ce8b8ec','107308593ffb69753e0146bf3386eab4'),(2370,'https://assets.mhw-db.com/weapons/light-bowgun/4fd7e06ebb325035fba040f74d7de332bd9e77d7.efa60ea3e1c098646e71aed2c2e76fa2.png','4fd7e06ebb325035fba040f74d7de332bd9e77d7','efa60ea3e1c098646e71aed2c2e76fa2'),(2371,'https://assets.mhw-db.com/weapons/light-bowgun/341469e2e30d92849e7521ed6f3be6f5f38f1a5d.5fbac52a472045f5c15df5fb24351c1b.png','341469e2e30d92849e7521ed6f3be6f5f38f1a5d','5fbac52a472045f5c15df5fb24351c1b'),(2372,'https://assets.mhw-db.com/weapons/light-bowgun/91a283c7f76edf52e22b6950a3638c29ff5ca78a.1760383ef2b56c567e7a019b46ff939d.png','91a283c7f76edf52e22b6950a3638c29ff5ca78a','1760383ef2b56c567e7a019b46ff939d'),(2373,'https://assets.mhw-db.com/weapons/light-bowgun/d28f33e7d2d94929d55bf1b21e32fec0dbd7d991.199b7ac19c6b3923fe25ad143ae77974.png','d28f33e7d2d94929d55bf1b21e32fec0dbd7d991','199b7ac19c6b3923fe25ad143ae77974'),(2374,'https://assets.mhw-db.com/weapons/light-bowgun/1bcd752c844e76edf6395b0e5e34f5e207c85a9f.c585802a420009622ed8ac45e2ad3583.png','1bcd752c844e76edf6395b0e5e34f5e207c85a9f','c585802a420009622ed8ac45e2ad3583'),(2375,'https://assets.mhw-db.com/weapons/light-bowgun/ed5a9ed634817016ff8b4d5adb0cd9283e3e7b38.97dc55c8d534c9de303a41a8cc48a3d8.png','ed5a9ed634817016ff8b4d5adb0cd9283e3e7b38','97dc55c8d534c9de303a41a8cc48a3d8'),(2376,'https://assets.mhw-db.com/weapons/light-bowgun/0ea4f66b3d33d975709284663b6268c6b473682b.79091461d6c3b82324748042827e1857.png','0ea4f66b3d33d975709284663b6268c6b473682b','79091461d6c3b82324748042827e1857'),(2377,'https://assets.mhw-db.com/weapons/light-bowgun/b6293dffd2073c43ab3ab5735f4514c5f9f7f407.ff206cd1167a246a5eb16a04f57aa09a.png','b6293dffd2073c43ab3ab5735f4514c5f9f7f407','ff206cd1167a246a5eb16a04f57aa09a'),(2378,'https://assets.mhw-db.com/weapons/light-bowgun/2aa6d0b96b7ccc7405d50d5e7db86674babc0fd4.a5db8e1161305a3fde11f109df876109.png','2aa6d0b96b7ccc7405d50d5e7db86674babc0fd4','a5db8e1161305a3fde11f109df876109'),(2379,'https://assets.mhw-db.com/weapons/light-bowgun/8d5281b4098be6fcd1ad488a6e1c689d67e0801f.80e3b3cd33cff183eed51cc9fe9ba4bb.png','8d5281b4098be6fcd1ad488a6e1c689d67e0801f','80e3b3cd33cff183eed51cc9fe9ba4bb'),(2380,'https://assets.mhw-db.com/weapons/light-bowgun/7848ce80f830f9171f140a8d323cac55794ab094.d0c097167131fc4b3da71219f6c96f26.png','7848ce80f830f9171f140a8d323cac55794ab094','d0c097167131fc4b3da71219f6c96f26'),(2381,'https://assets.mhw-db.com/weapons/light-bowgun/312214779c8389f25c678ed592616d4bcccbc476.db44fb54701742015735ccd40f6405a7.png','312214779c8389f25c678ed592616d4bcccbc476','db44fb54701742015735ccd40f6405a7'),(2382,'https://assets.mhw-db.com/weapons/light-bowgun/f3e1e6d3e179dfda938b7827c44d535d6d1f0c83.ea0cb58fabd683f758653fad2f657374.png','f3e1e6d3e179dfda938b7827c44d535d6d1f0c83','ea0cb58fabd683f758653fad2f657374'),(2383,'https://assets.mhw-db.com/weapons/light-bowgun/e2f69d32561b2cda9d70e35d4c80025ab9389a26.c56ce566f01739e574b7b8ff7b656dd8.png','e2f69d32561b2cda9d70e35d4c80025ab9389a26','c56ce566f01739e574b7b8ff7b656dd8'),(2384,'https://assets.mhw-db.com/weapons/light-bowgun/f515ccd1194aee828e9fca1e9229600a1545df72.bcc3fdb4f3d5b7e00b8795eff89d7670.png','f515ccd1194aee828e9fca1e9229600a1545df72','bcc3fdb4f3d5b7e00b8795eff89d7670'),(2385,'https://assets.mhw-db.com/weapons/light-bowgun/05225577c733b154d76264f372cd546b2c82737c.d1591901b279a41a54b6ee35e174037e.png','05225577c733b154d76264f372cd546b2c82737c','d1591901b279a41a54b6ee35e174037e'),(2386,'https://assets.mhw-db.com/weapons/light-bowgun/d3d4490c9627f02845cdbc35039a2736a0bbb163.1ce8affb33deba2089d8c3b52c73bb9a.png','d3d4490c9627f02845cdbc35039a2736a0bbb163','1ce8affb33deba2089d8c3b52c73bb9a'),(2387,'https://assets.mhw-db.com/weapons/light-bowgun/e1d0b86a461b0a24b9a458d265a252c7f1ba2ede.4a9d869d209d2a8c447312d4ed1f4cee.png','e1d0b86a461b0a24b9a458d265a252c7f1ba2ede','4a9d869d209d2a8c447312d4ed1f4cee'),(2388,'https://assets.mhw-db.com/weapons/light-bowgun/a9bf54e7b653a6ef21c41669192465c1788e48cb.bd1f3f55e306ce0e318dc753363c5922.png','a9bf54e7b653a6ef21c41669192465c1788e48cb','bd1f3f55e306ce0e318dc753363c5922'),(2389,'https://assets.mhw-db.com/weapons/light-bowgun/3ce1b2291000ef5b59d770617b2fad45fbbf0fe0.99fe7a61f90ae36b3a6f0ef5a4ea5c01.png','3ce1b2291000ef5b59d770617b2fad45fbbf0fe0','99fe7a61f90ae36b3a6f0ef5a4ea5c01'),(2390,'https://assets.mhw-db.com/weapons/light-bowgun/c5186265481fe3a4c4faa4240e54242296af8b02.d1e8ed8e3510e8f986546d3c084427a6.png','c5186265481fe3a4c4faa4240e54242296af8b02','d1e8ed8e3510e8f986546d3c084427a6'),(2391,'https://assets.mhw-db.com/weapons/light-bowgun/6eec2b92a4cd072346751243d1ad7c514b2e2371.b0458bee7eb166f18097375dc9cda438.png','6eec2b92a4cd072346751243d1ad7c514b2e2371','b0458bee7eb166f18097375dc9cda438'),(2392,'https://assets.mhw-db.com/weapons/light-bowgun/5b21ecf2917fa9ed962ec1431e744a82178ec4ca.939128b73dd75561fd4fde748cb6f1e1.png','5b21ecf2917fa9ed962ec1431e744a82178ec4ca','939128b73dd75561fd4fde748cb6f1e1'),(2393,'https://assets.mhw-db.com/weapons/light-bowgun/7b75e1438a5c0ab74ee0c39a78ed20f209631514.42ab66b7302c32263c2ab03090610a70.png','7b75e1438a5c0ab74ee0c39a78ed20f209631514','42ab66b7302c32263c2ab03090610a70'),(2394,'https://assets.mhw-db.com/weapons/light-bowgun/c38d66d4e7567ed94b15934af4bca017dc2b5c13.8d5015ca1db5ba46beeda356e206c5c7.png','c38d66d4e7567ed94b15934af4bca017dc2b5c13','8d5015ca1db5ba46beeda356e206c5c7'),(2395,'https://assets.mhw-db.com/weapons/light-bowgun/84cf1d3c9a5235450a91cdabf5d55fbddfc2138d.27472467a87fd78003e60ac726f3ed77.png','84cf1d3c9a5235450a91cdabf5d55fbddfc2138d','27472467a87fd78003e60ac726f3ed77'),(2396,'https://assets.mhw-db.com/weapons/heavy-bowgun/025bb27f61302a2fed634c37a7ac1acef03e6351.c547660e8387b367f2667a14d18f8888.png','025bb27f61302a2fed634c37a7ac1acef03e6351','c547660e8387b367f2667a14d18f8888'),(2397,'https://assets.mhw-db.com/weapons/heavy-bowgun/75380e79e73e1c789a530e1de68f8a8e5d7a8d02.25ee66d59337cee62ed50a6959058052.png','75380e79e73e1c789a530e1de68f8a8e5d7a8d02','25ee66d59337cee62ed50a6959058052'),(2398,'https://assets.mhw-db.com/weapons/heavy-bowgun/5ba7199d56f2b861964a1d7719d2320d0b2dc12c.232407c983b77b16ba03f7b517e78a90.png','5ba7199d56f2b861964a1d7719d2320d0b2dc12c','232407c983b77b16ba03f7b517e78a90'),(2399,'https://assets.mhw-db.com/weapons/heavy-bowgun/9e21b43d5e05770647e74b20d992575d8d9414a3.6f0b058b32324c7d86fd4839c23d1203.png','9e21b43d5e05770647e74b20d992575d8d9414a3','6f0b058b32324c7d86fd4839c23d1203'),(2400,'https://assets.mhw-db.com/weapons/heavy-bowgun/6ae20302bc8a20867648cf845df007e134b48cf4.64561e1694b651fff49f3b158aaf5ccc.png','6ae20302bc8a20867648cf845df007e134b48cf4','64561e1694b651fff49f3b158aaf5ccc'),(2401,'https://assets.mhw-db.com/weapons/heavy-bowgun/a579f91546c41d43fbcf86af7b75bdb06d1d78f0.05db56b9960a090b27447e7b31d36633.png','a579f91546c41d43fbcf86af7b75bdb06d1d78f0','05db56b9960a090b27447e7b31d36633'),(2402,'https://assets.mhw-db.com/weapons/heavy-bowgun/ac499c23d6924772c6c174467a2c6743a0dbb13a.e7f9d1395c8588ec9aeb925bde7542da.png','ac499c23d6924772c6c174467a2c6743a0dbb13a','e7f9d1395c8588ec9aeb925bde7542da'),(2403,'https://assets.mhw-db.com/weapons/heavy-bowgun/7c2891de8b3a835646e6a897aefd0f24a9e81f01.e56bf8257f4348a81fea24b82bc3a204.png','7c2891de8b3a835646e6a897aefd0f24a9e81f01','e56bf8257f4348a81fea24b82bc3a204'),(2404,'https://assets.mhw-db.com/weapons/heavy-bowgun/1ec0419932c5ae134c3331b9b32daf52128d4c4c.141e02b3e91c6e4e877bfc78ae7f1950.png','1ec0419932c5ae134c3331b9b32daf52128d4c4c','141e02b3e91c6e4e877bfc78ae7f1950'),(2405,'https://assets.mhw-db.com/weapons/heavy-bowgun/991157f69f8052962938c23113b74eabd46e5cb7.ff8f9a5297c6fa56911cd7da1c710741.png','991157f69f8052962938c23113b74eabd46e5cb7','ff8f9a5297c6fa56911cd7da1c710741'),(2406,'https://assets.mhw-db.com/weapons/heavy-bowgun/58ef8f90fd358b1489bf15a1331eb4c74eec926f.9985d28c1e6c97512c22a09f15cb6388.png','58ef8f90fd358b1489bf15a1331eb4c74eec926f','9985d28c1e6c97512c22a09f15cb6388'),(2407,'https://assets.mhw-db.com/weapons/heavy-bowgun/820b5a1bebeff5dd64e7a851b966122305d85bc8.c91f39e8cde77dd8486eecdab3f883e4.png','820b5a1bebeff5dd64e7a851b966122305d85bc8','c91f39e8cde77dd8486eecdab3f883e4'),(2408,'https://assets.mhw-db.com/weapons/heavy-bowgun/3dcb1140d3888380b5445014b5a485118fe02184.e47f6b22855d9c1eda4dfde6d1c2c6c4.png','3dcb1140d3888380b5445014b5a485118fe02184','e47f6b22855d9c1eda4dfde6d1c2c6c4'),(2409,'https://assets.mhw-db.com/weapons/heavy-bowgun/050c9fcef4dd0dc191083e57b98be8e013c0f72e.3b8386f2ce99836d91bb75994017ba91.png','050c9fcef4dd0dc191083e57b98be8e013c0f72e','3b8386f2ce99836d91bb75994017ba91'),(2410,'https://assets.mhw-db.com/weapons/heavy-bowgun/d40c404331d831296f0b7a0e9fca9294c3a09b6f.9cc67e09e4335bcf160894ac9d5ad050.png','d40c404331d831296f0b7a0e9fca9294c3a09b6f','9cc67e09e4335bcf160894ac9d5ad050'),(2411,'https://assets.mhw-db.com/weapons/heavy-bowgun/7471af1b358b0e5ebd5d37aad908870b17ca2d3e.294ba14a52494eac90e88dd6dea9a63c.png','7471af1b358b0e5ebd5d37aad908870b17ca2d3e','294ba14a52494eac90e88dd6dea9a63c'),(2412,'https://assets.mhw-db.com/weapons/heavy-bowgun/33b21e472baf78e868c1e5a5d81f6d3b8b573d62.899125353e3a056c3570d5233bdcce8f.png','33b21e472baf78e868c1e5a5d81f6d3b8b573d62','899125353e3a056c3570d5233bdcce8f'),(2413,'https://assets.mhw-db.com/weapons/heavy-bowgun/212a820c3af77e398e8c83059cf3c0299acc042b.be57c0300bee2fe75acdf874f8b354be.png','212a820c3af77e398e8c83059cf3c0299acc042b','be57c0300bee2fe75acdf874f8b354be'),(2414,'https://assets.mhw-db.com/weapons/heavy-bowgun/00a9b8792d5674bd5dcd0c4b6e646b6d234dc6cf.80b38e309b58d62e10a23ba784b08c9f.png','00a9b8792d5674bd5dcd0c4b6e646b6d234dc6cf','80b38e309b58d62e10a23ba784b08c9f'),(2415,'https://assets.mhw-db.com/weapons/heavy-bowgun/8c715c5202de2ce96abebbf1366790c7c9800e50.874f54a21e011b70291e175414c4ab88.png','8c715c5202de2ce96abebbf1366790c7c9800e50','874f54a21e011b70291e175414c4ab88'),(2416,'https://assets.mhw-db.com/weapons/heavy-bowgun/b8cdd57975f0074c7d3c45e8d7c0bd31b1de0bd2.1271e0fd560ddc9ee319888b9f921efb.png','b8cdd57975f0074c7d3c45e8d7c0bd31b1de0bd2','1271e0fd560ddc9ee319888b9f921efb'),(2417,'https://assets.mhw-db.com/weapons/heavy-bowgun/6ac9022092ff8957507ee048a18e6f3a15353738.3f5c1038d49ed0fd37e241cafb4e9674.png','6ac9022092ff8957507ee048a18e6f3a15353738','3f5c1038d49ed0fd37e241cafb4e9674'),(2418,'https://assets.mhw-db.com/weapons/heavy-bowgun/b761eadd9c3770902082a5039a1b795df407d5e0.c7a8c7f41c4ae667940adb3d3f20433e.png','b761eadd9c3770902082a5039a1b795df407d5e0','c7a8c7f41c4ae667940adb3d3f20433e'),(2419,'https://assets.mhw-db.com/weapons/heavy-bowgun/25c71756849e31242056f5300b8659642932a2c5.75785ceaeda30acfcddb64c38a67d241.png','25c71756849e31242056f5300b8659642932a2c5','75785ceaeda30acfcddb64c38a67d241'),(2420,'https://assets.mhw-db.com/weapons/heavy-bowgun/ae76503d916d89b142b8d27fc58675ff2b179ff1.f322853df30d657c5151e59f09c4e056.png','ae76503d916d89b142b8d27fc58675ff2b179ff1','f322853df30d657c5151e59f09c4e056'),(2421,'https://assets.mhw-db.com/weapons/heavy-bowgun/cb11b1820fa814625e75116fae589211621fff3e.4c84bd86f15a19547a2889580a8fb5b0.png','cb11b1820fa814625e75116fae589211621fff3e','4c84bd86f15a19547a2889580a8fb5b0'),(2422,'https://assets.mhw-db.com/weapons/heavy-bowgun/5a81a32863ed89e7f67e5b325986fba26954a4cb.03a614c8a26510f1e2e4cb199c860e5c.png','5a81a32863ed89e7f67e5b325986fba26954a4cb','03a614c8a26510f1e2e4cb199c860e5c'),(2423,'https://assets.mhw-db.com/weapons/heavy-bowgun/5160fcd43eb023dd2f4a2d42b266078a371b7aea.bb913ce55686875e733c7a81c74c9416.png','5160fcd43eb023dd2f4a2d42b266078a371b7aea','bb913ce55686875e733c7a81c74c9416'),(2424,'https://assets.mhw-db.com/weapons/heavy-bowgun/44503b882c4f868ff25f0d2231c91dea19faf68d.88121d5bfcbcec3a340ee7bd00907329.png','44503b882c4f868ff25f0d2231c91dea19faf68d','88121d5bfcbcec3a340ee7bd00907329'),(2425,'https://assets.mhw-db.com/weapons/heavy-bowgun/757112a351f8799aba8f87093e5a63817d7fd26c.83ab4bd3373c200e710b47625b037d2a.png','757112a351f8799aba8f87093e5a63817d7fd26c','83ab4bd3373c200e710b47625b037d2a'),(2426,'https://assets.mhw-db.com/weapons/heavy-bowgun/24f4d29688338c62811c983b81d49099de53edf0.622c7ad252c44478709916a6cb39b37e.png','24f4d29688338c62811c983b81d49099de53edf0','622c7ad252c44478709916a6cb39b37e'),(2427,'https://assets.mhw-db.com/weapons/heavy-bowgun/0d6cf00e3472dca9d5dbd17cf289dc164be7b0a0.62165f760198f8acad5171ec476b516e.png','0d6cf00e3472dca9d5dbd17cf289dc164be7b0a0','62165f760198f8acad5171ec476b516e'),(2428,'https://assets.mhw-db.com/weapons/heavy-bowgun/3a0bc4226231f153e24fd8536ef33d27b43af0b6.001c57552ebdb283cb3eca8ab6ffbe85.png','3a0bc4226231f153e24fd8536ef33d27b43af0b6','001c57552ebdb283cb3eca8ab6ffbe85'),(2429,'https://assets.mhw-db.com/weapons/heavy-bowgun/2d275fd9e2c0e52c6c9435505667a9b601047bc5.dceccde6ab0b7a39f432b4a7582c9c0c.png','2d275fd9e2c0e52c6c9435505667a9b601047bc5','dceccde6ab0b7a39f432b4a7582c9c0c'),(2430,'https://assets.mhw-db.com/weapons/heavy-bowgun/f3c997481155141567ea9f3fb189932f87396210.e5d2d3f072069c1ba6da358c4bd5cb50.png','f3c997481155141567ea9f3fb189932f87396210','e5d2d3f072069c1ba6da358c4bd5cb50'),(2431,'https://assets.mhw-db.com/weapons/heavy-bowgun/5f2c0d5b89cf28cea650f76a05d1ef393e1c2657.e083303dfe69513ec6e4cd3bb0570f29.png','5f2c0d5b89cf28cea650f76a05d1ef393e1c2657','e083303dfe69513ec6e4cd3bb0570f29'),(2432,'https://assets.mhw-db.com/weapons/heavy-bowgun/78b44abf3f9b566a7f84d79c8ebde620b4c41e5d.83d5f63b92198974e0de8b35ed9a8d2d.png','78b44abf3f9b566a7f84d79c8ebde620b4c41e5d','83d5f63b92198974e0de8b35ed9a8d2d'),(2433,'https://assets.mhw-db.com/weapons/heavy-bowgun/6cbf168d375b13fd51ba0e78bf4417293694dbda.50d7d2a412c6db5fd2043c8c92e029fe.png','6cbf168d375b13fd51ba0e78bf4417293694dbda','50d7d2a412c6db5fd2043c8c92e029fe'),(2434,'https://assets.mhw-db.com/weapons/heavy-bowgun/1c2443386f201635da8f30e4a258a15e276c1e77.74c192fccd1737c19229a1dab0f7843e.png','1c2443386f201635da8f30e4a258a15e276c1e77','74c192fccd1737c19229a1dab0f7843e'),(2435,'https://assets.mhw-db.com/weapons/heavy-bowgun/1531302d07423a434f2b9eca0a7000d282bcee95.2800dc18176147c712caf00973e31e74.png','1531302d07423a434f2b9eca0a7000d282bcee95','2800dc18176147c712caf00973e31e74'),(2436,'https://assets.mhw-db.com/weapons/heavy-bowgun/01a9c9ed099086f00a7a02f4cfd832d630ff6990.23aa713611af8f60a02b62406eccd20d.png','01a9c9ed099086f00a7a02f4cfd832d630ff6990','23aa713611af8f60a02b62406eccd20d'),(2437,'https://assets.mhw-db.com/weapons/heavy-bowgun/a799d6c1cc0dd7aa548aa8868f5898c69dee4c4b.8081939503799eb6fc564f1913f0c221.png','a799d6c1cc0dd7aa548aa8868f5898c69dee4c4b','8081939503799eb6fc564f1913f0c221'),(2438,'https://assets.mhw-db.com/weapons/heavy-bowgun/1ee2e3422cb375933fc13d9914678a486ee6a329.3aa984f2b18ef1b980d078386dd2705a.png','1ee2e3422cb375933fc13d9914678a486ee6a329','3aa984f2b18ef1b980d078386dd2705a'),(2439,'https://assets.mhw-db.com/weapons/bow/1aea9e566dc8e89583bd3cb45881b61fe0277ff7.bb1095cf01ff8b08daa0d1f67ce80dc7.png','1aea9e566dc8e89583bd3cb45881b61fe0277ff7','bb1095cf01ff8b08daa0d1f67ce80dc7'),(2440,'https://assets.mhw-db.com/weapons/bow/6cab76b7df2a8a1b83e43d4aa012a27a192366ed.8a8596d747920f015355c07a02e58a40.png','6cab76b7df2a8a1b83e43d4aa012a27a192366ed','8a8596d747920f015355c07a02e58a40'),(2441,'https://assets.mhw-db.com/weapons/bow/3abd2f313a27a467174259a544e07287cfd62658.31e22df45eab9031d8cb846ef9be216b.png','3abd2f313a27a467174259a544e07287cfd62658','31e22df45eab9031d8cb846ef9be216b'),(2442,'https://assets.mhw-db.com/weapons/bow/09358cb0b4e954a44558e37b5b13adb45c9bc155.3c0838dc23611420563ae4edaae73c45.png','09358cb0b4e954a44558e37b5b13adb45c9bc155','3c0838dc23611420563ae4edaae73c45'),(2443,'https://assets.mhw-db.com/weapons/bow/aa0c83c7bbdc4599b00a906ef63aecb15879ec75.94fca5e43c2b0aebb1c65c3320182c00.png','aa0c83c7bbdc4599b00a906ef63aecb15879ec75','94fca5e43c2b0aebb1c65c3320182c00'),(2444,'https://assets.mhw-db.com/weapons/bow/2ca7c57b68713546201b9689a09b251fabf6623c.dd6989ca4b359691d2a125ab527bb70e.png','2ca7c57b68713546201b9689a09b251fabf6623c','dd6989ca4b359691d2a125ab527bb70e'),(2445,'https://assets.mhw-db.com/weapons/bow/9ed3827fb89b3438ccc2bc5d310870f5253a3c4d.3f5c4a34f727e1ebc9b808730d223597.png','9ed3827fb89b3438ccc2bc5d310870f5253a3c4d','3f5c4a34f727e1ebc9b808730d223597'),(2446,'https://assets.mhw-db.com/weapons/bow/d2f68200cb3c5aa80f8f5eb504cabb2b8f0e7896.834d4f9a11c646bae212f1cc75217995.png','d2f68200cb3c5aa80f8f5eb504cabb2b8f0e7896','834d4f9a11c646bae212f1cc75217995'),(2447,'https://assets.mhw-db.com/weapons/bow/da6b2aa502a01e20c490e3aa06ba757d2a354ef5.31374bbdce0afa0aed0a5009dd9eb790.png','da6b2aa502a01e20c490e3aa06ba757d2a354ef5','31374bbdce0afa0aed0a5009dd9eb790'),(2448,'https://assets.mhw-db.com/weapons/bow/cc76c3549aa43a534b7ada5d019706e126b8ef78.38934669adc3eb5124842e8e9f0012d2.png','cc76c3549aa43a534b7ada5d019706e126b8ef78','38934669adc3eb5124842e8e9f0012d2'),(2449,'https://assets.mhw-db.com/weapons/bow/2b9dfd4f64f50fddc5e0016fb21217a531809af5.61f678d6775dc548f1ca42849a491d74.png','2b9dfd4f64f50fddc5e0016fb21217a531809af5','61f678d6775dc548f1ca42849a491d74'),(2450,'https://assets.mhw-db.com/weapons/bow/7b8efa20d08b835c38dcae478cca2fb424f6070d.1e92ea7537ff608c0d56ba82f25620e6.png','7b8efa20d08b835c38dcae478cca2fb424f6070d','1e92ea7537ff608c0d56ba82f25620e6'),(2451,'https://assets.mhw-db.com/weapons/bow/449936723e0076e5d0a62c652317781c549be2a1.7acd8b04db7311a7530536b984a05cdf.png','449936723e0076e5d0a62c652317781c549be2a1','7acd8b04db7311a7530536b984a05cdf'),(2452,'https://assets.mhw-db.com/weapons/bow/0be5eccb424c773b3ebb7d39140fa9201260a855.b50e401dd0a6738c355bb6784d7c07e1.png','0be5eccb424c773b3ebb7d39140fa9201260a855','b50e401dd0a6738c355bb6784d7c07e1'),(2453,'https://assets.mhw-db.com/weapons/bow/7ad709e695da79fb0dde460a85532162a923d029.fcbce05c5ebe4e40ed03583cae2eec40.png','7ad709e695da79fb0dde460a85532162a923d029','fcbce05c5ebe4e40ed03583cae2eec40'),(2454,'https://assets.mhw-db.com/weapons/bow/bb2ed0b9aaa249f50bc118bb792bbdb4fe107a6b.e75fa37a1a79319a2dae25a2623fc7bf.png','bb2ed0b9aaa249f50bc118bb792bbdb4fe107a6b','e75fa37a1a79319a2dae25a2623fc7bf'),(2455,'https://assets.mhw-db.com/weapons/bow/e314b17a17c3d5694656319e03c605555b7ffebb.b0076944ab8173295841ce7c700722cf.png','e314b17a17c3d5694656319e03c605555b7ffebb','b0076944ab8173295841ce7c700722cf'),(2456,'https://assets.mhw-db.com/weapons/bow/cbd9f5f49c50b65999998cba057b16db3fcaa3bc.53476dc202fa5c3f651e034a04086fa8.png','cbd9f5f49c50b65999998cba057b16db3fcaa3bc','53476dc202fa5c3f651e034a04086fa8'),(2457,'https://assets.mhw-db.com/weapons/bow/c39b6df7ae5406c3b86e2675e257ba3b5ea32271.0347b8f5389ef8d70e70dfa34d1fbfab.png','c39b6df7ae5406c3b86e2675e257ba3b5ea32271','0347b8f5389ef8d70e70dfa34d1fbfab'),(2458,'https://assets.mhw-db.com/weapons/bow/9afae68eaee1845036a6680989163f150afc6714.82fc543cc2b29f378d4f4c85351dfea3.png','9afae68eaee1845036a6680989163f150afc6714','82fc543cc2b29f378d4f4c85351dfea3'),(2459,'https://assets.mhw-db.com/weapons/bow/fac4abb855ad938568ad2336eda9aec4b96bf56b.2e18980a1f94d23cc6286cf01d534ec4.png','fac4abb855ad938568ad2336eda9aec4b96bf56b','2e18980a1f94d23cc6286cf01d534ec4'),(2460,'https://assets.mhw-db.com/weapons/bow/b2431f658aa2a4975c2396172fa8508720adda0a.d13cc55548eb2a45549058a3ab3f581e.png','b2431f658aa2a4975c2396172fa8508720adda0a','d13cc55548eb2a45549058a3ab3f581e'),(2461,'https://assets.mhw-db.com/weapons/bow/c9b3d18a99adcd85c3850fa1d3605a35d43976ed.5e0b286b5f776a4244c1ba96a9b6a8df.png','c9b3d18a99adcd85c3850fa1d3605a35d43976ed','5e0b286b5f776a4244c1ba96a9b6a8df'),(2462,'https://assets.mhw-db.com/weapons/bow/594e3ea2c31d5bf190f11500ea7e4337b89f4d70.2f5991ac81acc5816ce28c84f47fa948.png','594e3ea2c31d5bf190f11500ea7e4337b89f4d70','2f5991ac81acc5816ce28c84f47fa948'),(2463,'https://assets.mhw-db.com/weapons/bow/d125ebb5f750ba0fd3522f1b039d9a1476ed8506.5e611ad8207c199a5d4c6d4f0b1e11a8.png','d125ebb5f750ba0fd3522f1b039d9a1476ed8506','5e611ad8207c199a5d4c6d4f0b1e11a8'),(2464,'https://assets.mhw-db.com/weapons/bow/4efef4e7d4b93ac95a1ecd4bb12cdaef0335df4e.f8cb57c8f41b67631d89a975a1ed9f2e.png','4efef4e7d4b93ac95a1ecd4bb12cdaef0335df4e','f8cb57c8f41b67631d89a975a1ed9f2e'),(2465,'https://assets.mhw-db.com/weapons/bow/bdc6dabb77dbbe6af455b53bb39da663f4b41bb5.0902c2a56f72f85fe942afafaa900848.png','bdc6dabb77dbbe6af455b53bb39da663f4b41bb5','0902c2a56f72f85fe942afafaa900848'),(2466,'https://assets.mhw-db.com/weapons/bow/4e5a719558a6dd6d51e0c24d6b5b43bbab8aa1a4.a1b46cb9ff9b8e4962602b3ea04709bb.png','4e5a719558a6dd6d51e0c24d6b5b43bbab8aa1a4','a1b46cb9ff9b8e4962602b3ea04709bb'),(2467,'https://assets.mhw-db.com/weapons/bow/3ee79994e178c1e027204170dbfea62200ac3d73.c19298b2c8422b27d9129c8ddd322bb1.png','3ee79994e178c1e027204170dbfea62200ac3d73','c19298b2c8422b27d9129c8ddd322bb1'),(2468,'https://assets.mhw-db.com/weapons/bow/e71e0eda0f13f95efe4ae85cc4129349bdb8f7f5.c82de94612a2b01d60d426a4a76985de.png','e71e0eda0f13f95efe4ae85cc4129349bdb8f7f5','c82de94612a2b01d60d426a4a76985de'),(2469,'https://assets.mhw-db.com/weapons/bow/5039f1190d158182d584c8d55d0bf80a1ad82d55.92747094a8b721adda438025db715acb.png','5039f1190d158182d584c8d55d0bf80a1ad82d55','92747094a8b721adda438025db715acb'),(2470,'https://assets.mhw-db.com/weapons/bow/b9ef27713c1959475e5620b2f73459d57f504423.d0f0c2c38b3d876df6cb9003de34fb60.png','b9ef27713c1959475e5620b2f73459d57f504423','d0f0c2c38b3d876df6cb9003de34fb60'),(2471,'https://assets.mhw-db.com/weapons/sword-and-shield/50060e59cc5656c00152d77953ef86c48cd303e1.828601e486d41575dfaaf6aae4552493.png','50060e59cc5656c00152d77953ef86c48cd303e1','828601e486d41575dfaaf6aae4552493'),(2472,'https://assets.mhw-db.com/weapons/sword-and-shield/a9a2ae7a492a8548044fc4acfc03e6a4d3683923.9ec7bf1e37bfa5bca40ddc05fddbc612.png','a9a2ae7a492a8548044fc4acfc03e6a4d3683923','9ec7bf1e37bfa5bca40ddc05fddbc612'),(2473,'https://assets.mhw-db.com/weapons/dual-blades/068fc16617d07ff76f71edc46a6d9e3c2c845cc6.0504fe3a52b39cd35f1fba967b781812.png','068fc16617d07ff76f71edc46a6d9e3c2c845cc6','0504fe3a52b39cd35f1fba967b781812'),(2474,'https://assets.mhw-db.com/weapons/dual-blades/93675126d4822e587d2da04d3cead72e04a6a7e7.dc81dbff74e80b8415b6f6fe081d20d0.png','93675126d4822e587d2da04d3cead72e04a6a7e7','dc81dbff74e80b8415b6f6fe081d20d0'),(2475,'https://assets.mhw-db.com/weapons/hammer/eb76a6b3919a4f1fa15daf6572a186ba9974d852.0e6c324736c683b754625ba21769846e.png','eb76a6b3919a4f1fa15daf6572a186ba9974d852','0e6c324736c683b754625ba21769846e'),(2476,'https://assets.mhw-db.com/weapons/hammer/576b1d278a6c02af96e900a28b9e8986c319e7fb.d09efd4e0e431f24c98b2e270414fc55.png','576b1d278a6c02af96e900a28b9e8986c319e7fb','d09efd4e0e431f24c98b2e270414fc55'),(2477,'https://assets.mhw-db.com/weapons/hunting-horn/6ba071379f8eb8e55a0f3f6ac71c66e2e4c50060.64490a0b9f282195cf43e45b109823e3.png','6ba071379f8eb8e55a0f3f6ac71c66e2e4c50060','64490a0b9f282195cf43e45b109823e3'),(2478,'https://assets.mhw-db.com/weapons/hunting-horn/30ddaf7793c9d8e739de0208829e0e8f7adc6b0d.a960e390c2b8025a50b87749a1da2cf2.png','30ddaf7793c9d8e739de0208829e0e8f7adc6b0d','a960e390c2b8025a50b87749a1da2cf2'),(2479,'https://assets.mhw-db.com/weapons/lance/0b809ee52de9fa21772f0521c62741df60cccffa.4ca64716e0a19b543b6a5a5f14b67a9e.png','0b809ee52de9fa21772f0521c62741df60cccffa','4ca64716e0a19b543b6a5a5f14b67a9e'),(2480,'https://assets.mhw-db.com/weapons/lance/dd1ea0c118abc9669e21526fa5f30ea38918f9e5.ade665eaac83a07e72e2ed184eeb15d4.png','dd1ea0c118abc9669e21526fa5f30ea38918f9e5','ade665eaac83a07e72e2ed184eeb15d4'),(2481,'https://assets.mhw-db.com/weapons/gunlance/70f7cbf72e2d0bf119c0fd791aa97b101e81f82c.87c5976e37b2d1de1264406a882d1309.png','70f7cbf72e2d0bf119c0fd791aa97b101e81f82c','87c5976e37b2d1de1264406a882d1309'),(2482,'https://assets.mhw-db.com/weapons/gunlance/a031232ba16edbb2575a9f4919f2d1607b8252a2.a078cf0ccac61d96a90901ada9a55c3b.png','a031232ba16edbb2575a9f4919f2d1607b8252a2','a078cf0ccac61d96a90901ada9a55c3b'),(2483,'https://assets.mhw-db.com/weapons/switch-axe/eaef30fdd7081db473edbc8444c3417af5232b4d.b8c8b6880a32e984840db92eac6756f4.png','eaef30fdd7081db473edbc8444c3417af5232b4d','b8c8b6880a32e984840db92eac6756f4'),(2484,'https://assets.mhw-db.com/weapons/charge-blade/6caddfad8653b5da94520b6bc44ed137ded5eb80.e05e73e9da3a980ae38b7f63a07ff02f.png','6caddfad8653b5da94520b6bc44ed137ded5eb80','e05e73e9da3a980ae38b7f63a07ff02f'),(2485,'https://assets.mhw-db.com/weapons/insect-glaive/c75e5b98de738d257a4e91d7f12d205370f29399.ff434cd699104d6aed1170b720b46c8d.png','c75e5b98de738d257a4e91d7f12d205370f29399','ff434cd699104d6aed1170b720b46c8d'),(2486,'https://assets.mhw-db.com/weapons/insect-glaive/5f2b8f93be10be3358e12c8d08c4a3777217499f.bfec97a987343883f25db2d661715f06.png','5f2b8f93be10be3358e12c8d08c4a3777217499f','bfec97a987343883f25db2d661715f06'),(2487,'https://assets.mhw-db.com/weapons/light-bowgun/949ec1e402f37dcddf87df7a27b209b274041a39.7e2073832180babfb3990e2424b99dee.png','949ec1e402f37dcddf87df7a27b209b274041a39','7e2073832180babfb3990e2424b99dee'),(2488,'https://assets.mhw-db.com/weapons/heavy-bowgun/c9d78656dcb9180dde86c933206a96cc5b820694.d69af21ab3a3fc7f2a06426d3ba01901.png','c9d78656dcb9180dde86c933206a96cc5b820694','d69af21ab3a3fc7f2a06426d3ba01901'),(2489,'https://assets.mhw-db.com/weapons/bow/3089bfb72b2cd58d1e75d1e3a54bd074edd9452e.e181b796b07091e313c11d2e56695168.png','3089bfb72b2cd58d1e75d1e3a54bd074edd9452e','e181b796b07091e313c11d2e56695168'),(2490,'https://assets.mhw-db.com/weapons/bow/91eb179c364c44ef194a8510f032ec9920f6c71f.8f5efe9eb8cb226aceddf426364a555e.png','91eb179c364c44ef194a8510f032ec9920f6c71f','8f5efe9eb8cb226aceddf426364a555e'),(2491,'https://assets.mhw-db.com/weapons/bow/bb1bab98786e898ceeb73892a9fa2b06873cc2fe.99e95818bb4ff0ed1ed282ba3a22fd15.png','bb1bab98786e898ceeb73892a9fa2b06873cc2fe','99e95818bb4ff0ed1ed282ba3a22fd15'),(2492,'https://assets.mhw-db.com/weapons/long-sword/fa8afe205e7b91800c2acc184b5b34de6ba8b1a3.b733be3c6962b264c1d342d667796a97.png','fa8afe205e7b91800c2acc184b5b34de6ba8b1a3','b733be3c6962b264c1d342d667796a97'),(2549,'https://assets.mhw-db.com/weapons/dual-blades/d5339a69624e9450716be3b525a12561bd87f756.d463e3879b8a1f56a345bdf191b46a13.png','d5339a69624e9450716be3b525a12561bd87f756','d463e3879b8a1f56a345bdf191b46a13'),(2550,'https://assets.mhw-db.com/weapons/hunting-horn/5a2770ed7c41f9b0b9aaf6310ee8ef8d5bad30cc.34aa377c19b89e6dc81c3087fbff6f79.png','5a2770ed7c41f9b0b9aaf6310ee8ef8d5bad30cc','34aa377c19b89e6dc81c3087fbff6f79'),(2551,'https://assets.mhw-db.com/weapons/charge-blade/5b635b20f0187e7aced7ce652f782c143defa5da.ff9cd5701433a6823d9586526ab3f959.png','5b635b20f0187e7aced7ce652f782c143defa5da','ff9cd5701433a6823d9586526ab3f959'),(2552,'https://assets.mhw-db.com/weapons/light-bowgun/14f7c14cdb55453ba779ec85e97bb62a5be931eb.148657df14726ecd9220fcdf43382442.png','14f7c14cdb55453ba779ec85e97bb62a5be931eb','148657df14726ecd9220fcdf43382442'),(2553,'https://assets.mhw-db.com/weapons/heavy-bowgun/6adaebf483e05c18b97938e9d36afec71227d698.acae7df15ef6c3c2ba48c081b90a158b.png','6adaebf483e05c18b97938e9d36afec71227d698','acae7df15ef6c3c2ba48c081b90a158b'),(2554,'https://assets.mhw-db.com/weapons/bow/bae42f9795fb998600da80151a32075e2aaf16e3.a42b163168d2d9a4d855e0c1d6a4af0c.png','bae42f9795fb998600da80151a32075e2aaf16e3','a42b163168d2d9a4d855e0c1d6a4af0c');
/*!40000 ALTER TABLE `assets` ENABLE KEYS */;
UNLOCK TABLES;

--
-- Table structure for table `charm_rank_crafting_info`
--

DROP TABLE IF EXISTS `charm_rank_crafting_info`;
/*!40101 SET @saved_cs_client     = @@character_set_client */;
/*!40101 SET character_set_client = utf8 */;
CREATE TABLE `charm_rank_crafting_info` (
  `id` int(10) unsigned NOT NULL AUTO_INCREMENT,
  `craftable` tinyint(1) NOT NULL,
  `materials_length` int(10) unsigned NOT NULL DEFAULT 0,
  PRIMARY KEY (`id`)
) ENGINE=InnoDB AUTO_INCREMENT=233 DEFAULT CHARSET=utf8mb4 COLLATE=utf8mb4_unicode_ci;
/*!40101 SET character_set_client = @saved_cs_client */;

--
-- Dumping data for table `charm_rank_crafting_info`
--

LOCK TABLES `charm_rank_crafting_info` WRITE;
/*!40000 ALTER TABLE `charm_rank_crafting_info` DISABLE KEYS */;
INSERT INTO `charm_rank_crafting_info` VALUES (1,1,4),(2,0,4),(3,0,4),(4,1,4),(5,0,4),(6,0,4),(7,1,4),(8,0,4),(9,0,4),(10,1,4),(11,0,4),(12,0,4),(13,1,4),(14,0,4),(15,0,4),(16,1,4),(17,0,4),(18,0,4),(19,1,4),(20,0,4),(21,0,4),(22,1,4),(23,0,4),(24,0,4),(25,1,4),(26,0,4),(27,0,4),(28,1,4),(29,0,4),(30,0,4),(31,1,4),(32,0,4),(33,0,4),(34,1,4),(35,0,4),(36,0,4),(37,1,4),(38,0,4),(39,0,4),(40,1,4),(41,0,4),(42,0,4),(43,1,4),(44,0,4),(45,0,4),(46,1,4),(47,0,4),(48,0,4),(49,1,4),(50,0,4),(51,0,4),(52,1,4),(53,0,4),(54,0,4),(55,1,4),(56,0,4),(57,0,4),(58,1,4),(59,0,4),(60,0,4),(61,1,4),(62,0,4),(63,0,4),(64,1,4),(65,0,4),(66,0,4),(67,1,4),(68,0,4),(69,0,4),(70,1,4),(71,0,4),(72,0,4),(73,1,4),(74,0,4),(75,0,4),(76,1,4),(77,0,4),(78,0,4),(79,1,4),(80,0,4),(81,0,4),(82,1,4),(83,0,4),(84,0,4),(85,1,4),(86,0,4),(87,0,4),(88,1,4),(89,0,4),(90,0,4),(91,1,4),(92,0,4),(93,0,4),(94,1,4),(95,0,4),(96,0,4),(97,1,4),(98,0,4),(99,0,4),(100,1,4),(101,0,4),(102,0,4),(103,1,4),(104,0,4),(105,0,4),(106,1,4),(107,0,4),(108,0,4),(109,1,4),(110,0,4),(111,1,4),(112,1,4),(113,1,4),(114,1,4),(115,1,4),(116,1,4),(117,0,4),(118,0,4),(119,1,4),(120,0,4),(121,0,4),(122,1,4),(123,0,4),(124,0,4),(125,1,4),(126,0,4),(127,0,4),(128,1,4),(129,0,4),(130,0,4),(131,1,4),(132,0,4),(133,0,4),(134,1,4),(135,0,4),(136,0,4),(137,1,4),(138,0,4),(139,0,4),(140,1,4),(141,0,4),(142,0,4),(143,1,4),(144,0,4),(145,0,4),(146,1,4),(147,0,4),(148,0,4),(149,1,4),(150,0,4),(151,0,4),(152,1,4),(153,0,4),(154,0,4),(155,1,4),(156,0,4),(157,1,4),(158,0,4),(159,1,4),(160,0,4),(161,1,4),(162,0,4),(163,0,4),(164,1,4),(165,0,4),(166,1,4),(167,0,4),(168,1,4),(169,0,4),(170,0,4),(171,1,4),(172,0,4),(173,1,4),(174,0,4),(175,1,4),(176,0,4),(177,0,4),(178,1,4),(179,1,4),(180,1,4),(181,1,4),(182,1,4),(183,0,4),(184,0,4),(185,1,4),(186,0,4),(187,0,4),(188,1,4),(189,0,4),(190,1,4),(191,0,4),(192,1,4),(193,0,4),(194,1,4),(195,0,4),(196,1,4),(197,0,4),(198,1,4),(199,0,4),(200,1,4),(201,0,4),(202,0,4),(203,1,8),(204,1,4),(205,0,4),(206,1,4),(207,0,4),(208,1,4),(209,0,4),(210,1,4),(211,0,4),(212,1,4),(213,0,4),(214,0,4),(215,1,4),(216,1,4),(217,1,4),(218,1,4),(219,1,4),(220,1,4),(221,0,4),(222,1,4),(223,1,4),(224,1,4),(225,1,4),(226,1,4),(227,1,4),(228,1,4),(229,1,4),(230,1,4),(231,1,4),(232,1,0);
/*!40000 ALTER TABLE `charm_rank_crafting_info` ENABLE KEYS */;
UNLOCK TABLES;

--
-- Table structure for table `charm_rank_crafting_info_crafting_material_costs`
--

DROP TABLE IF EXISTS `charm_rank_crafting_info_crafting_material_costs`;
/*!40101 SET @saved_cs_client     = @@character_set_client */;
/*!40101 SET character_set_client = utf8 */;
CREATE TABLE `charm_rank_crafting_info_crafting_material_costs` (
  `charm_rank_id` int(10) unsigned NOT NULL,
  `crafting_material_cost_id` int(10) unsigned NOT NULL,
  PRIMARY KEY (`charm_rank_id`,`crafting_material_cost_id`),
  KEY `IDX_8EEF4252DD94392C` (`crafting_material_cost_id`),
  CONSTRAINT `FK_8EEF42523BA5C9D1` FOREIGN KEY (`charm_rank_id`) REFERENCES `charm_rank_crafting_info` (`id`),
  CONSTRAINT `FK_8EEF4252DD94392C` FOREIGN KEY (`crafting_material_cost_id`) REFERENCES `crafting_material_costs` (`id`)
) ENGINE=InnoDB DEFAULT CHARSET=utf8mb4 COLLATE=utf8mb4_unicode_ci;
/*!40101 SET character_set_client = @saved_cs_client */;

--
-- Dumping data for table `charm_rank_crafting_info_crafting_material_costs`
--

LOCK TABLES `charm_rank_crafting_info_crafting_material_costs` WRITE;
/*!40000 ALTER TABLE `charm_rank_crafting_info_crafting_material_costs` DISABLE KEYS */;
INSERT INTO `charm_rank_crafting_info_crafting_material_costs` VALUES (1,55884),(1,55885),(1,55886),(1,55887),(2,55888),(2,55889),(2,55890),(2,55891),(3,55892),(3,55893),(3,55894),(3,55895),(4,55896),(4,55897),(4,55898),(4,55899),(5,55900),(5,55901),(5,55902),(5,55903),(6,55904),(6,55905),(6,55906),(6,55907),(7,55908),(7,55909),(7,55910),(7,55911),(8,55912),(8,55913),(8,55914),(8,55915),(9,55916),(9,55917),(9,55918),(9,55919),(10,55920),(10,55921),(10,55922),(10,55923),(11,55924),(11,55925),(11,55926),(11,55927),(12,55928),(12,55929),(12,55930),(12,55931),(13,55932),(13,55933),(13,55934),(13,55935),(14,55936),(14,55937),(14,55938),(14,55939),(15,55940),(15,55941),(15,55942),(15,55943),(16,55944),(16,55945),(16,55946),(16,55947),(17,55948),(17,55949),(17,55950),(17,55951),(18,55952),(18,55953),(18,55954),(18,55955),(19,55956),(19,55957),(19,55958),(19,55959),(20,55960),(20,55961),(20,55962),(20,55963),(21,55964),(21,55965),(21,55966),(21,55967),(22,55968),(22,55969),(22,55970),(22,55971),(23,55972),(23,55973),(23,55974),(23,55975),(24,55976),(24,55977),(24,55978),(24,55979),(25,55980),(25,55981),(25,55982),(25,55983),(26,55984),(26,55985),(26,55986),(26,55987),(27,55988),(27,55989),(27,55990),(27,55991),(28,55992),(28,55993),(28,55994),(28,55995),(29,55996),(29,55997),(29,55998),(29,55999),(30,56000),(30,56001),(30,56002),(30,56003),(31,56004),(31,56005),(31,56006),(31,56007),(32,56008),(32,56009),(32,56010),(32,56011),(33,56012),(33,56013),(33,56014),(33,56015),(34,56016),(34,56017),(34,56018),(34,56019),(35,56020),(35,56021),(35,56022),(35,56023),(36,56024),(36,56025),(36,56026),(36,56027),(37,56028),(37,56029),(37,56030),(37,56031),(38,56032),(38,56033),(38,56034),(38,56035),(39,56036),(39,56037),(39,56038),(39,56039),(40,56040),(40,56041),(40,56042),(40,56043),(41,56044),(41,56045),(41,56046),(41,56047),(42,56048),(42,56049),(42,56050),(42,56051),(43,56052),(43,56053),(43,56054),(43,56055),(44,56056),(44,56057),(44,56058),(44,56059),(45,56060),(45,56061),(45,56062),(45,56063),(46,56064),(46,56065),(46,56066),(46,56067),(47,56068),(47,56069),(47,56070),(47,56071),(48,56072),(48,56073),(48,56074),(48,56075),(49,56076),(49,56077),(49,56078),(49,56079),(50,56080),(50,56081),(50,56082),(50,56083),(51,56084),(51,56085),(51,56086),(51,56087),(52,56088),(52,56089),(52,56090),(52,56091),(53,56092),(53,56093),(53,56094),(53,56095),(54,56096),(54,56097),(54,56098),(54,56099),(55,56100),(55,56101),(55,56102),(55,56103),(56,56104),(56,56105),(56,56106),(56,56107),(57,56108),(57,56109),(57,56110),(57,56111),(58,56112),(58,56113),(58,56114),(58,56115),(59,56116),(59,56117),(59,56118),(59,56119),(60,56120),(60,56121),(60,56122),(60,56123),(61,56124),(61,56125),(61,56126),(61,56127),(62,56128),(62,56129),(62,56130),(62,56131),(63,56132),(63,56133),(63,56134),(63,56135),(64,56136),(64,56137),(64,56138),(64,56139),(65,56140),(65,56141),(65,56142),(65,56143),(66,56144),(66,56145),(66,56146),(66,56147),(67,56148),(67,56149),(67,56150),(67,56151),(68,56152),(68,56153),(68,56154),(68,56155),(69,56156),(69,56157),(69,56158),(69,56159),(70,56160),(70,56161),(70,56162),(70,56163),(71,56164),(71,56165),(71,56166),(71,56167),(72,56168),(72,56169),(72,56170),(72,56171),(73,56172),(73,56173),(73,56174),(73,56175),(74,56176),(74,56177),(74,56178),(74,56179),(75,56180),(75,56181),(75,56182),(75,56183),(76,56184),(76,56185),(76,56186),(76,56187),(77,56188),(77,56189),(77,56190),(77,56191),(78,56192),(78,56193),(78,56194),(78,56195),(79,56196),(79,56197),(79,56198),(79,56199),(80,56200),(80,56201),(80,56202),(80,56203),(81,56204),(81,56205),(81,56206),(81,56207),(82,56208),(82,56209),(82,56210),(82,56211),(83,56212),(83,56213),(83,56214),(83,56215),(84,56216),(84,56217),(84,56218),(84,56219),(85,56220),(85,56221),(85,56222),(85,56223),(86,56224),(86,56225),(86,56226),(86,56227),(87,56228),(87,56229),(87,56230),(87,56231),(88,56232),(88,56233),(88,56234),(88,56235),(89,56236),(89,56237),(89,56238),(89,56239),(90,56240),(90,56241),(90,56242),(90,56243),(91,56244),(91,56245),(91,56246),(91,56247),(92,56248),(92,56249),(92,56250),(92,56251),(93,56252),(93,56253),(93,56254),(93,56255),(94,56256),(94,56257),(94,56258),(94,56259),(95,56260),(95,56261),(95,56262),(95,56263),(96,56264),(96,56265),(96,56266),(96,56267),(97,56268),(97,56269),(97,56270),(97,56271),(98,56272),(98,56273),(98,56274),(98,56275),(99,56276),(99,56277),(99,56278),(99,56279),(100,56280),(100,56281),(100,56282),(100,56283),(101,56284),(101,56285),(101,56286),(101,56287),(102,56288),(102,56289),(102,56290),(102,56291),(103,56292),(103,56293),(103,56294),(103,56295),(104,56296),(104,56297),(104,56298),(104,56299),(105,56300),(105,56301),(105,56302),(105,56303),(106,56304),(106,56305),(106,56306),(106,56307),(107,56308),(107,56309),(107,56310),(107,56311),(108,56312),(108,56313),(108,56314),(108,56315),(109,56316),(109,56317),(109,56318),(109,56319),(110,56320),(110,56321),(110,56322),(110,56323),(111,56324),(111,56325),(111,56326),(111,56327),(112,56328),(112,56329),(112,56330),(112,56331),(113,56332),(113,56333),(113,56334),(113,56335),(114,56336),(114,56337),(114,56338),(114,56339),(115,56340),(115,56341),(115,56342),(115,56343),(116,56344),(116,56345),(116,56346),(116,56347),(117,56348),(117,56349),(117,56350),(117,56351),(118,56352),(118,56353),(118,56354),(118,56355),(119,56356),(119,56357),(119,56358),(119,56359),(120,56360),(120,56361),(120,56362),(120,56363),(121,56364),(121,56365),(121,56366),(121,56367),(122,56368),(122,56369),(122,56370),(122,56371),(123,56372),(123,56373),(123,56374),(123,56375),(124,56376),(124,56377),(124,56378),(124,56379),(125,56380),(125,56381),(125,56382),(125,56383),(126,56384),(126,56385),(126,56386),(126,56387),(127,56388),(127,56389),(127,56390),(127,56391),(128,56392),(128,56393),(128,56394),(128,56395),(129,56396),(129,56397),(129,56398),(129,56399),(130,56400),(130,56401),(130,56402),(130,56403),(131,56404),(131,56405),(131,56406),(131,56407),(132,56408),(132,56409),(132,56410),(132,56411),(133,56412),(133,56413),(133,56414),(133,56415),(134,56416),(134,56417),(134,56418),(134,56419),(135,56420),(135,56421),(135,56422),(135,56423),(136,56424),(136,56425),(136,56426),(136,56427),(137,56428),(137,56429),(137,56430),(137,56431),(138,56432),(138,56433),(138,56434),(138,56435),(139,56436),(139,56437),(139,56438),(139,56439),(140,56440),(140,56441),(140,56442),(140,56443),(141,56444),(141,56445),(141,56446),(141,56447),(142,56448),(142,56449),(142,56450),(142,56451),(143,56452),(143,56453),(143,56454),(143,56455),(144,56456),(144,56457),(144,56458),(144,56459),(145,56460),(145,56461),(145,56462),(145,56463),(146,56464),(146,56465),(146,56466),(146,56467),(147,56468),(147,56469),(147,56470),(147,56471),(148,56472),(148,56473),(148,56474),(148,56475),(149,56476),(149,56477),(149,56478),(149,56479),(150,56480),(150,56481),(150,56482),(150,56483),(151,56484),(151,56485),(151,56486),(151,56487),(152,56488),(152,56489),(152,56490),(152,56491),(153,56492),(153,56493),(153,56494),(153,56495),(154,56496),(154,56497),(154,56498),(154,56499),(155,56500),(155,56501),(155,56502),(155,56503),(156,56504),(156,56505),(156,56506),(156,56507),(157,56508),(157,56509),(157,56510),(157,56511),(158,56512),(158,56513),(158,56514),(158,56515),(159,56516),(159,56517),(159,56518),(159,56519),(160,56520),(160,56521),(160,56522),(160,56523),(161,56524),(161,56525),(161,56526),(161,56527),(162,56528),(162,56529),(162,56530),(162,56531),(163,56532),(163,56533),(163,56534),(163,56535),(164,56536),(164,56537),(164,56538),(164,56539),(165,56540),(165,56541),(165,56542),(165,56543),(166,56544),(166,56545),(166,56546),(166,56547),(167,56548),(167,56549),(167,56550),(167,56551),(168,56552),(168,56553),(168,56554),(168,56555),(169,56556),(169,56557),(169,56558),(169,56559),(170,56560),(170,56561),(170,56562),(170,56563),(171,56564),(171,56565),(171,56566),(171,56567),(172,56568),(172,56569),(172,56570),(172,56571),(173,56572),(173,56573),(173,56574),(173,56575),(174,56576),(174,56577),(174,56578),(174,56579),(175,56580),(175,56581),(175,56582),(175,56583),(176,56584),(176,56585),(176,56586),(176,56587),(177,56588),(177,56589),(177,56590),(177,56591),(178,56592),(178,56593),(178,56594),(178,56595),(179,56596),(179,56597),(179,56598),(179,56599),(180,56600),(180,56601),(180,56602),(180,56603),(181,56604),(181,56605),(181,56606),(181,56607),(182,56608),(182,56609),(182,56610),(182,56611),(183,56612),(183,56613),(183,56614),(183,56615),(184,56616),(184,56617),(184,56618),(184,56619),(185,56620),(185,56621),(185,56622),(185,56623),(186,56624),(186,56625),(186,56626),(186,56627),(187,56628),(187,56629),(187,56630),(187,56631),(188,56632),(188,56633),(188,56634),(188,56635),(189,56636),(189,56637),(189,56638),(189,56639),(190,56640),(190,56641),(190,56642),(190,56643),(191,56644),(191,56645),(191,56646),(191,56647),(192,56648),(192,56649),(192,56650),(192,56651),(193,56652),(193,56653),(193,56654),(193,56655),(194,56656),(194,56657),(194,56658),(194,56659),(195,56660),(195,56661),(195,56662),(195,56663),(196,56664),(196,56665),(196,56666),(196,56667),(197,56668),(197,56669),(197,56670),(197,56671),(198,56672),(198,56673),(198,56674),(198,56675),(199,56676),(199,56677),(199,56678),(199,56679),(200,56680),(200,56681),(200,56682),(200,56683),(201,56684),(201,56685),(201,56686),(201,56687),(202,56688),(202,56689),(202,56690),(202,56691),(203,56692),(203,56693),(203,56694),(203,56695),(203,56696),(203,56697),(203,56698),(203,56699),(204,56700),(204,56701),(204,56702),(204,56703),(205,56704),(205,56705),(205,56706),(205,56707),(206,56708),(206,56709),(206,56710),(206,56711),(207,56712),(207,56713),(207,56714),(207,56715),(208,56716),(208,56717),(208,56718),(208,56719),(209,56720),(209,56721),(209,56722),(209,56723),(210,56724),(210,56725),(210,56726),(210,56727),(211,56728),(211,56729),(211,56730),(211,56731),(212,56732),(212,56733),(212,56734),(212,56735),(213,56736),(213,56737),(213,56738),(213,56739),(214,56740),(214,56741),(214,56742),(214,56743),(215,56744),(215,56745),(215,56746),(215,56747),(216,56748),(216,56749),(216,56750),(216,56751),(217,56752),(217,56753),(217,56754),(217,56755),(218,56756),(218,56757),(218,56758),(218,56759),(219,56760),(219,56761),(219,56762),(219,56763),(220,56764),(220,56765),(220,56766),(220,56767),(221,56768),(221,56769),(221,56770),(221,56771),(222,56772),(222,56773),(222,56774),(222,56775),(223,56776),(223,56777),(223,56778),(223,56779),(224,56780),(224,56781),(224,56782),(224,56783),(225,56784),(225,56785),(225,56786),(225,56787),(226,56788),(226,56789),(226,56790),(226,56791),(227,56792),(227,56793),(227,56794),(227,56795),(228,56796),(228,56797),(228,56798),(228,56799),(229,56800),(229,56801),(229,56802),(229,56803),(230,56804),(230,56805),(230,56806),(230,56807),(231,56808),(231,56809),(231,56810),(231,56811);
/*!40000 ALTER TABLE `charm_rank_crafting_info_crafting_material_costs` ENABLE KEYS */;
UNLOCK TABLES;

--
-- Table structure for table `charm_ranks`
--

DROP TABLE IF EXISTS `charm_ranks`;
/*!40101 SET @saved_cs_client     = @@character_set_client */;
/*!40101 SET character_set_client = utf8 */;
CREATE TABLE `charm_ranks` (
  `id` int(10) unsigned NOT NULL AUTO_INCREMENT,
  `charm_id` int(10) unsigned NOT NULL,
  `name` varchar(64) COLLATE utf8mb4_unicode_ci NOT NULL,
  `level` smallint(6) NOT NULL,
  `crafting_id` int(10) unsigned DEFAULT NULL,
  `rarity` smallint(5) unsigned NOT NULL,
  `skills_length` int(10) unsigned NOT NULL DEFAULT 0,
  PRIMARY KEY (`id`),
  UNIQUE KEY `UNIQ_DF91C65523BE98B5` (`crafting_id`),
  KEY `IDX_DF91C65593E9261F` (`charm_id`),
  CONSTRAINT `FK_DF91C65523BE98B5` FOREIGN KEY (`crafting_id`) REFERENCES `charm_rank_crafting_info` (`id`),
  CONSTRAINT `FK_DF91C65593E9261F` FOREIGN KEY (`charm_id`) REFERENCES `charms` (`id`)
) ENGINE=InnoDB AUTO_INCREMENT=233 DEFAULT CHARSET=utf8mb4 COLLATE=utf8mb4_unicode_ci;
/*!40101 SET character_set_client = @saved_cs_client */;

--
-- Dumping data for table `charm_ranks`
--

LOCK TABLES `charm_ranks` WRITE;
/*!40000 ALTER TABLE `charm_ranks` DISABLE KEYS */;
INSERT INTO `charm_ranks` VALUES (1,234,'Poison Charm 1',1,1,3,1),(2,234,'Poison Charm 2',2,2,4,1),(3,234,'Poison Charm 3',3,3,5,1),(4,235,'Attack Charm 1',1,4,3,1),(5,235,'Attack Charm 2',2,5,4,1),(6,235,'Attack Charm 3',3,6,5,1),(7,236,'Defense Charm 1',1,7,3,1),(8,236,'Defense Charm 2',2,8,4,1),(9,236,'Defense Charm 3',3,9,5,1),(10,237,'Paralysis Charm 1',1,10,3,1),(11,237,'Paralysis Charm 2',2,11,4,1),(12,237,'Paralysis Charm 3',3,12,5,1),(13,238,'Sleep Charm 1',1,13,3,1),(14,238,'Sleep Charm 2',2,14,4,1),(15,238,'Sleep Charm 3',3,15,5,1),(16,239,'Stun Charm 1',1,16,3,1),(17,239,'Stun Charm 2',2,17,4,1),(18,239,'Stun Charm 3',3,18,6,1),(19,240,'Windproof Charm 1',1,19,3,1),(20,240,'Windproof Charm 2',2,20,4,1),(21,240,'Windproof Charm 3',3,21,5,1),(22,241,'Health Charm 1',1,22,5,1),(23,241,'Health Charm 2',2,23,6,1),(24,241,'Health Charm 3',3,24,7,1),(25,242,'Recovery Charm 1',1,25,0,1),(26,242,'Recovery Charm 2',2,26,0,1),(27,242,'Recovery Charm 3',3,27,0,1),(28,243,'Fire Charm 1',1,28,3,1),(29,243,'Fire Charm 2',2,29,4,1),(30,243,'Fire Charm 3',3,30,5,1),(31,244,'Water Charm 1',1,31,3,1),(32,244,'Water Charm 2',2,32,4,1),(33,244,'Water Charm 3',3,33,5,1),(34,245,'Thunder Charm 1',1,34,3,1),(35,245,'Thunder Charm 2',2,35,4,1),(36,245,'Thunder Charm 3',3,36,5,1),(37,246,'Blaze Charm 1',1,37,0,1),(38,246,'Blaze Charm 2',2,38,0,1),(39,246,'Blaze Charm 3',3,39,0,1),(40,247,'Flood Charm 1',1,40,0,1),(41,247,'Flood Charm 2',2,41,0,1),(42,247,'Flood Charm 3',3,42,0,1),(43,248,'Shock Charm 1',1,43,0,1),(44,248,'Shock Charm 2',2,44,0,1),(45,248,'Shock Charm 3',3,45,0,1),(46,249,'Venom Charm 1',1,46,3,1),(47,249,'Venom Charm 2',2,47,4,1),(48,249,'Venom Charm 3',3,48,5,1),(49,250,'Immobilize Charm 1',1,49,0,1),(50,250,'Immobilize Charm 2',2,50,0,1),(51,250,'Immobilize Charm 3',3,51,7,1),(52,251,'Tranq Charm 1',1,52,3,1),(53,251,'Tranq Charm 2',2,53,4,1),(54,251,'Tranq Charm 3',3,54,5,1),(55,252,'KO Charm 1',1,55,0,1),(56,252,'KO Charm 2',2,56,0,1),(57,252,'KO Charm 3',3,57,0,1),(58,253,'Enervate Charm 1',1,58,3,1),(59,253,'Enervate Charm 2',2,59,5,1),(60,253,'Enervate Charm 3',3,60,6,1),(61,254,'Artillery Charm 1',1,61,3,1),(62,254,'Artillery Charm 2',2,62,4,1),(63,254,'Artillery Charm 3',3,63,5,1),(64,255,'Hungerless Charm 1',1,64,0,1),(65,255,'Hungerless Charm 2',2,65,0,1),(66,255,'Hungerless Charm 3',3,66,0,1),(67,256,'Ironside Charm 1',1,67,3,1),(68,256,'Ironside Charm 2',2,68,4,1),(69,256,'Ironside Charm 3',3,69,5,1),(70,257,'Friendship Charm 1',1,70,3,1),(71,257,'Friendship Charm 2',2,71,4,1),(72,257,'Friendship Charm 3',3,72,5,1),(73,258,'Extension Charm 1',1,73,0,1),(74,258,'Extension Charm 2',2,74,0,1),(75,258,'Extension Charm 3',3,75,0,1),(76,259,'Glutton\'s Charm 1',1,76,3,1),(77,259,'Glutton\'s Charm 2',2,77,5,1),(78,259,'Glutton\'s Charm 3',3,78,4,1),(79,260,'Blessing Charm 1',1,79,3,1),(80,260,'Blessing Charm 2',2,80,4,1),(81,260,'Blessing Charm 3',3,81,5,1),(82,261,'Rally Charm 1',1,82,0,1),(83,261,'Rally Charm 2',2,83,0,1),(84,261,'Rally Charm 3',3,84,0,1),(85,262,'Botany Charm 1',1,85,0,1),(86,262,'Botany Charm 2',2,86,0,1),(87,262,'Botany Charm 3',3,87,0,1),(88,263,'Geology Charm 1',1,88,0,1),(89,263,'Geology Charm 2',2,89,0,1),(90,263,'Geology Charm 3',3,90,0,1),(91,264,'Slinger Charm 1',1,91,0,1),(92,264,'Slinger Charm 2',2,92,0,1),(93,264,'Slinger Charm 3',3,93,0,1),(94,265,'Stealth Charm 1',1,94,0,1),(95,265,'Stealth Charm 2',2,95,0,1),(96,265,'Stealth Charm 3',3,96,0,1),(97,266,'Smoke Charm 1',1,97,0,1),(98,266,'Smoke Charm 2',2,98,0,1),(99,266,'Smoke Charm 3',3,99,0,1),(100,267,'Mirewalker Charm 1',1,100,0,1),(101,267,'Mirewalker Charm 2',2,101,0,1),(102,267,'Mirewalker Charm 3',3,102,0,1),(103,268,'Insect Charm 1',1,103,3,1),(104,268,'Insect Charm 2',2,104,4,1),(105,268,'Insect Charm 3',3,105,5,1),(106,269,'Intimidator Charm 1',1,106,3,1),(107,269,'Intimidator Charm 2',2,107,4,1),(108,269,'Intimidator Charm 3',3,108,5,1),(109,270,'Heavy Artillery Charm 1',1,109,0,1),(110,270,'Heavy Artillery Charm 2',2,110,0,1),(111,271,'Light Eater\'s Charm',1,111,3,1),(112,272,'Tracker Charm',1,112,0,1),(113,273,'Fortification Charm',1,113,3,1),(114,274,'Performer\'s Charm',1,114,3,1),(115,275,'Capacity Charm',1,115,0,1),(116,276,'Bleed Charm 1',1,116,4,1),(117,276,'Bleed Charm 2',2,117,5,1),(118,276,'Bleed Charm 3',3,118,6,1),(119,277,'Speed Heal Charm 1',1,119,4,1),(120,277,'Speed Heal Charm 2',2,120,5,1),(121,277,'Speed Heal Charm 3',3,121,6,1),(122,278,'Ice Charm 1',1,122,0,1),(123,278,'Ice Charm 2',2,123,0,1),(124,278,'Ice Charm 3',3,124,0,1),(125,279,'Blight Charm 1',1,125,4,1),(126,279,'Blight Charm 2',2,126,5,1),(127,279,'Blight Charm 3',3,127,6,1),(128,280,'Frost Charm 1',1,128,0,1),(129,280,'Frost Charm 2',2,129,0,1),(130,280,'Frost Charm 3',3,130,0,1),(131,281,'Master\'s Charm 1',1,131,4,1),(132,281,'Master\'s Charm 2',2,132,6,1),(133,281,'Master\'s Charm 3',3,133,7,1),(134,282,'Evasion Charm 1',1,134,4,1),(135,282,'Evasion Charm 2',2,135,5,1),(136,282,'Evasion Charm 3',3,136,6,1),(137,283,'Sheath Charm 1',1,137,4,1),(138,283,'Sheath Charm 2',2,138,5,1),(139,283,'Sheath Charm 3',3,139,6,1),(140,284,'Whetstone Charm 1',1,140,4,1),(141,284,'Whetstone Charm 2',2,141,5,1),(142,284,'Whetstone Charm 3',3,142,6,1),(143,285,'Blast Charm 1',1,143,0,1),(144,285,'Blast Charm 2',2,144,0,1),(145,285,'Blast Charm 3',3,145,0,1),(146,286,'Dragon Charm 1',1,146,5,1),(147,286,'Dragon Charm 2',2,147,6,1),(148,286,'Dragon Charm 3',3,148,7,1),(149,287,'Wyrmsbane Charm 1',1,149,5,1),(150,287,'Wyrmsbane Charm 2',2,150,6,1),(151,287,'Wyrmsbane Charm 3',3,151,7,1),(152,288,'Demolition Charm 1',1,152,5,1),(153,288,'Demolition Charm 2',2,153,0,1),(154,288,'Demolition Charm 3',3,154,0,1),(155,289,'Draw Charm 1',1,155,5,1),(156,289,'Draw Charm 2',2,156,6,1),(157,290,'Trickshot Charm 1',1,157,0,2),(158,290,'Trickshot Charm 2',2,158,0,1),(159,291,'Marathon Charm 1',1,159,0,1),(160,291,'Marathon Charm 2',2,160,0,1),(161,292,'Fitness Charm 1',1,161,5,1),(162,292,'Fitness Charm 2',2,162,6,1),(163,292,'Fitness Charm 3',3,163,7,1),(164,293,'Surge Charm 1',1,164,5,1),(165,293,'Surge Charm 2',2,165,6,1),(166,294,'Leaping Charm 1',1,166,0,1),(167,294,'Leaping Charm 2',2,167,0,1),(168,295,'Bombardier Charm 1',1,168,5,1),(169,295,'Bombardier Charm 2',2,169,6,1),(170,295,'Bombardier Charm 3',3,170,7,1),(171,296,'Mushroom Charm 1',1,171,5,1),(172,296,'Mushroom Charm 2',2,172,6,1),(173,297,'Awakening Charm 1',1,173,5,1),(174,297,'Awakening Charm 2',2,174,6,1),(175,298,'Handicraft Charm 1',1,175,5,1),(176,298,'Handicraft Charm 2',2,176,6,1),(177,298,'Handicraft Charm 3',3,177,8,1),(178,299,'Mud Puppy Charm',1,178,5,2),(179,300,'Hunter\'s Life Charm',1,179,0,2),(180,301,'Procurer\'s Charm',1,180,5,2),(181,302,'Gatherer\'s Charm',1,181,5,2),(182,303,'Guard Charm 1',1,182,6,1),(183,303,'Guard Charm 2',2,183,7,1),(184,303,'Guard Charm 3',3,184,8,1),(185,304,'Earplugs Charm 1',1,185,6,1),(186,304,'Earplugs Charm 2',2,186,7,1),(187,304,'Earplugs Charm 3',3,187,8,1),(188,305,'Tremor Charm 1',1,188,6,1),(189,305,'Tremor Charm 2',2,189,7,1),(190,306,'Exploiter Charm 1',1,190,6,1),(191,306,'Exploiter Charm 2',2,191,7,1),(192,307,'Focus Charm 1',1,192,6,1),(193,307,'Focus Charm 2',2,193,7,1),(194,308,'Breaker Charm 1',1,194,6,1),(195,308,'Breaker Charm 2',2,195,7,1),(196,309,'Fury Charm 1',1,196,0,1),(197,309,'Fury Charm 2',2,197,0,1),(198,310,'Grit Charm 1',1,198,6,1),(199,310,'Grit Charm 2',2,199,7,1),(200,311,'Maintenance Charm 1',1,200,6,1),(201,311,'Maintenance Charm 2',2,201,7,1),(202,311,'Maintenance Charm 3',3,202,8,1),(203,312,'Power Charm 1',1,203,7,2),(204,313,'Challenger Charm 1',1,204,7,1),(205,313,'Challenger Charm 2',2,205,8,1),(206,314,'Unscathed Charm 1',1,206,7,1),(207,314,'Unscathed Charm 2',2,207,0,1),(208,315,'Mighty Charm 1',1,208,7,1),(209,315,'Mighty Charm 2',2,209,8,1),(210,316,'Impact Charm 1',1,210,7,1),(211,316,'Impact Charm 2',2,211,8,1),(212,317,'Miasma Charm 1',1,212,7,1),(213,317,'Miasma Charm 2',2,213,8,1),(214,317,'Miasma Charm 3',3,214,9,1),(215,318,'Normal Shots Charm',1,215,7,1),(216,319,'Clearmind Charm',1,216,7,2),(217,320,'Rider\'s Charm',1,217,7,2),(218,321,'Surveyor\'s Charm',1,218,7,2),(219,322,'Critical Charm 1',1,219,0,1),(220,323,'Invigorate Charm 1',1,220,7,1),(221,323,'Invigorate Charm 2',2,221,8,1),(222,324,'Penetration Charm',1,222,0,1),(223,325,'Dispersal Charm',1,223,8,1),(224,326,'Poison Coating Charm',1,224,0,1),(225,327,'Para Coating Charm',1,225,0,1),(226,328,'Sleep Coating Charm',1,226,0,1),(227,329,'Blast Coating Charm',1,227,0,1),(228,330,'Geomancy Charm',1,228,7,2),(229,331,'Gale Charm',1,229,0,2),(230,332,'Wyrmslayer Charm',1,230,8,2),(231,333,'Bulwark Charm',1,231,8,2),(232,334,'Fair Wind Charm',1,232,3,2);
/*!40000 ALTER TABLE `charm_ranks` ENABLE KEYS */;
UNLOCK TABLES;

--
-- Table structure for table `charm_ranks_skill_ranks`
--

DROP TABLE IF EXISTS `charm_ranks_skill_ranks`;
/*!40101 SET @saved_cs_client     = @@character_set_client */;
/*!40101 SET character_set_client = utf8 */;
CREATE TABLE `charm_ranks_skill_ranks` (
  `charm_rank_id` int(10) unsigned NOT NULL,
  `skill_rank_id` int(10) unsigned NOT NULL,
  PRIMARY KEY (`charm_rank_id`,`skill_rank_id`),
  KEY `IDX_B86027C63BA5C9D1` (`charm_rank_id`),
  KEY `IDX_B86027C66CE3F9A6` (`skill_rank_id`),
  CONSTRAINT `FK_B86027C63BA5C9D1` FOREIGN KEY (`charm_rank_id`) REFERENCES `charm_ranks` (`id`),
  CONSTRAINT `FK_B86027C66CE3F9A6` FOREIGN KEY (`skill_rank_id`) REFERENCES `skill_ranks` (`id`)
) ENGINE=InnoDB DEFAULT CHARSET=utf8mb4 COLLATE=utf8mb4_unicode_ci;
/*!40101 SET character_set_client = @saved_cs_client */;

--
-- Dumping data for table `charm_ranks_skill_ranks`
--

LOCK TABLES `charm_ranks_skill_ranks` WRITE;
/*!40000 ALTER TABLE `charm_ranks_skill_ranks` DISABLE KEYS */;
INSERT INTO `charm_ranks_skill_ranks` VALUES (1,1),(2,2),(3,3),(4,39),(5,40),(6,41),(7,46),(8,47),(9,48),(10,4),(11,5),(12,6),(13,7),(14,8),(15,9),(16,10),(17,11),(18,12),(19,28),(20,29),(21,30),(22,53),(23,54),(24,55),(25,56),(26,57),(27,58),(28,62),(29,63),(30,64),(31,65),(32,66),(33,67),(34,71),(35,72),(36,73),(37,80),(38,81),(39,82),(40,85),(41,86),(42,87),(43,95),(44,96),(45,97),(46,105),(47,106),(48,107),(49,108),(50,109),(51,110),(52,111),(53,112),(54,113),(55,153),(56,154),(57,155),(58,156),(59,157),(60,158),(61,190),(62,191),(63,192),(64,207),(65,208),(66,209),(67,218),(68,219),(69,220),(70,226),(71,227),(72,228),(73,231),(74,232),(75,233),(76,235),(77,236),(78,237),(79,252),(80,253),(81,254),(82,255),(83,256),(84,257),(85,260),(86,261),(87,262),(88,264),(89,265),(90,266),(91,270),(92,271),(93,272),(94,273),(95,274),(96,275),(97,282),(98,283),(99,284),(100,285),(101,286),(102,287),(103,291),(104,292),(105,293),(106,305),(107,306),(108,307),(109,193),(110,194),(111,234),(112,297),(113,179),(114,186),(115,187),(116,17),(117,18),(118,19),(119,59),(120,60),(121,61),(122,68),(123,69),(124,70),(125,77),(126,78),(127,79),(128,90),(129,91),(130,92),(131,123),(132,124),(133,125),(134,210),(135,211),(136,212),(137,223),(138,224),(139,225),(140,238),(141,239),(142,240),(143,14),(144,15),(145,16),(146,74),(147,75),(148,76),(149,100),(150,101),(151,102),(152,114),(153,115),(154,116),(155,147),(156,148),(157,36),(157,289),(158,189),(159,195),(160,196),(161,198),(162,199),(163,200),(164,204),(165,205),(166,215),(167,216),(168,241),(169,242),(170,243),(171,244),(172,245),(173,120),(174,121),(175,142),(176,143),(177,144),(178,13),(178,203),(179,247),(179,300),(180,248),(180,250),(181,249),(181,251),(182,20),(183,21),(184,22),(185,23),(186,24),(187,25),(188,33),(189,34),(190,133),(191,134),(192,136),(193,137),(194,150),(195,151),(196,180),(197,181),(198,174),(199,175),(200,301),(201,302),(202,303),(203,161),(203,162),(204,166),(205,167),(206,171),(207,172),(208,267),(209,268),(210,276),(211,277),(212,294),(213,295),(214,296),(215,117),(216,37),(216,38),(217,159),(217,281),(218,279),(218,290),(219,130),(220,139),(221,140),(222,118),(223,119),(224,328),(225,329),(226,330),(227,331),(228,298),(228,299),(229,160),(229,304),(230,100),(230,332),(231,185),(231,318),(232,39),(232,252);
/*!40000 ALTER TABLE `charm_ranks_skill_ranks` ENABLE KEYS */;
UNLOCK TABLES;

--
-- Table structure for table `charms`
--

DROP TABLE IF EXISTS `charms`;
/*!40101 SET @saved_cs_client     = @@character_set_client */;
/*!40101 SET character_set_client = utf8 */;
CREATE TABLE `charms` (
  `id` int(10) unsigned NOT NULL AUTO_INCREMENT,
  `name` varchar(64) COLLATE utf8_unicode_ci NOT NULL,
  `slug` varchar(64) COLLATE utf8_unicode_ci NOT NULL,
  `ranks_length` int(10) unsigned NOT NULL DEFAULT 0,
  PRIMARY KEY (`id`),
  UNIQUE KEY `UNIQ_5B50F9EF5E237E06` (`name`),
  UNIQUE KEY `UNIQ_5B50F9EF989D9B62` (`slug`)
) ENGINE=InnoDB AUTO_INCREMENT=335 DEFAULT CHARSET=utf8 COLLATE=utf8_unicode_ci;
/*!40101 SET character_set_client = @saved_cs_client */;

--
-- Dumping data for table `charms`
--

LOCK TABLES `charms` WRITE;
/*!40000 ALTER TABLE `charms` DISABLE KEYS */;
INSERT INTO `charms` VALUES (234,'Poison Charm','poison-charm',3),(235,'Attack Charm','attack-charm',3),(236,'Defense Charm','defense-charm',3),(237,'Paralysis Charm','paralysis-charm',3),(238,'Sleep Charm','sleep-charm',3),(239,'Stun Charm','stun-charm',3),(240,'Windproof Charm','windproof-charm',3),(241,'Health Charm','health-charm',3),(242,'Recovery Charm','recovery-charm',3),(243,'Fire Charm','fire-charm',3),(244,'Water Charm','water-charm',3),(245,'Thunder Charm','thunder-charm',3),(246,'Blaze Charm','blaze-charm',3),(247,'Flood Charm','flood-charm',3),(248,'Shock Charm','shock-charm',3),(249,'Venom Charm','venom-charm',3),(250,'Immobilize Charm','immobilize-charm',3),(251,'Tranq Charm','tranq-charm',3),(252,'KO Charm','ko-charm',3),(253,'Enervate Charm','enervate-charm',3),(254,'Artillery Charm','artillery-charm',3),(255,'Hungerless Charm','hungerless-charm',3),(256,'Ironside Charm','ironside-charm',3),(257,'Friendship Charm','friendship-charm',3),(258,'Extension Charm','extension-charm',3),(259,'Glutton\'s Charm','gluttons-charm',3),(260,'Blessing Charm','blessing-charm',3),(261,'Rally Charm','rally-charm',3),(262,'Botany Charm','botany-charm',3),(263,'Geology Charm','geology-charm',3),(264,'Slinger Charm','slinger-charm',3),(265,'Stealth Charm','stealth-charm',3),(266,'Smoke Charm','smoke-charm',3),(267,'Mirewalker Charm','mirewalker-charm',3),(268,'Insect Charm','insect-charm',3),(269,'Intimidator Charm','intimidator-charm',3),(270,'Heavy Artillery Charm','heavy-artillery-charm',2),(271,'Light Eater\'s Charm','light-eaters-charm',1),(272,'Tracker Charm','tracker-charm',1),(273,'Fortification Charm','fortification-charm',1),(274,'Performer\'s Charm','performers-charm',1),(275,'Capacity Charm','capacity-charm',1),(276,'Bleed Charm','bleed-charm',3),(277,'Speed Heal Charm','speed-heal-charm',3),(278,'Ice Charm','ice-charm',3),(279,'Blight Charm','blight-charm',3),(280,'Frost Charm','frost-charm',3),(281,'Master\'s Charm','masters-charm',3),(282,'Evasion Charm','evasion-charm',3),(283,'Sheath Charm','sheath-charm',3),(284,'Whetstone Charm','whetstone-charm',3),(285,'Blast Charm','blast-charm',3),(286,'Dragon Charm','dragon-charm',3),(287,'Wyrmsbane Charm','wyrmsbane-charm',3),(288,'Demolition Charm','demolition-charm',3),(289,'Draw Charm','draw-charm',2),(290,'Trickshot Charm','trickshot-charm',2),(291,'Marathon Charm','marathon-charm',2),(292,'Fitness Charm','fitness-charm',3),(293,'Surge Charm','surge-charm',2),(294,'Leaping Charm','leaping-charm',2),(295,'Bombardier Charm','bombardier-charm',3),(296,'Mushroom Charm','mushroom-charm',2),(297,'Awakening Charm','awakening-charm',2),(298,'Handicraft Charm','handicraft-charm',3),(299,'Mud Puppy Charm','mud-puppy-charm',1),(300,'Hunter\'s Life Charm','hunters-life-charm',1),(301,'Procurer\'s Charm','procurers-charm',1),(302,'Gatherer\'s Charm','gatherers-charm',1),(303,'Guard Charm','guard-charm',3),(304,'Earplugs Charm','earplugs-charm',3),(305,'Tremor Charm','tremor-charm',2),(306,'Exploiter Charm','exploiter-charm',2),(307,'Focus Charm','focus-charm',2),(308,'Breaker Charm','breaker-charm',2),(309,'Fury Charm','fury-charm',2),(310,'Grit Charm','grit-charm',2),(311,'Maintenance Charm','maintenance-charm',3),(312,'Power Charm','power-charm',1),(313,'Challenger Charm','challenger-charm',2),(314,'Unscathed Charm','unscathed-charm',2),(315,'Mighty Charm','mighty-charm',2),(316,'Impact Charm','impact-charm',2),(317,'Miasma Charm','miasma-charm',3),(318,'Normal Shots Charm','normal-shots-charm',1),(319,'Clearmind Charm','clearmind-charm',1),(320,'Rider\'s Charm','riders-charm',1),(321,'Surveyor\'s Charm','surveyors-charm',1),(322,'Critical Charm','critical-charm',1),(323,'Invigorate Charm','invigorate-charm',2),(324,'Penetration Charm','penetration-charm',1),(325,'Dispersal Charm','dispersal-charm',1),(326,'Poison Coating Charm','poison-coating-charm',1),(327,'Para Coating Charm','para-coating-charm',1),(328,'Sleep Coating Charm','sleep-coating-charm',1),(329,'Blast Coating Charm','blast-coating-charm',1),(330,'Geomancy Charm','geomancy-charm',1),(331,'Gale Charm','gale-charm',1),(332,'Wyrmslayer Charm','wyrmslayer-charm',1),(333,'Bulwark Charm','bulwark-charm',1),(334,'Fair Wind Charm','fair-wind-charm',1);
/*!40000 ALTER TABLE `charms` ENABLE KEYS */;
UNLOCK TABLES;

--
-- Table structure for table `crafting_material_costs`
--

DROP TABLE IF EXISTS `crafting_material_costs`;
/*!40101 SET @saved_cs_client     = @@character_set_client */;
/*!40101 SET character_set_client = utf8 */;
CREATE TABLE `crafting_material_costs` (
  `id` int(10) unsigned NOT NULL AUTO_INCREMENT,
  `item_id` int(10) unsigned NOT NULL,
  `quantity` int(10) unsigned NOT NULL,
  PRIMARY KEY (`id`),
  KEY `IDX_1B8FBFE6126F525E` (`item_id`),
  CONSTRAINT `FK_1B8FBFE6126F525E` FOREIGN KEY (`item_id`) REFERENCES `items` (`id`)
) ENGINE=InnoDB AUTO_INCREMENT=68126 DEFAULT CHARSET=utf8 COLLATE=utf8_unicode_ci;
/*!40101 SET character_set_client = @saved_cs_client */;

--
-- Dumping data for table `crafting_material_costs`
--

LOCK TABLES `crafting_material_costs` WRITE;
/*!40000 ALTER TABLE `crafting_material_costs` DISABLE KEYS */;
INSERT INTO `crafting_material_costs` VALUES (55884,231,1),(55885,232,2),(55886,121,4),(55887,127,1),(55888,236,2),(55889,235,2),(55890,123,3),(55891,128,1),(55892,351,1),(55893,349,2),(55894,126,1),(55895,129,1),(55896,136,4),(55897,139,4),(55898,124,1),(55899,127,1),(55900,137,3),(55901,143,1),(55902,125,1),(55903,128,1),(55904,153,2),(55905,483,1),(55906,142,2),(55907,129,1),(55908,118,4),(55909,117,4),(55910,124,1),(55911,127,1),(55912,119,6),(55913,118,8),(55914,125,1),(55915,128,1),(55916,120,6),(55917,119,8),(55918,126,1),(55919,129,1),(55920,303,1),(55921,304,2),(55922,141,6),(55923,127,1),(55924,308,2),(55925,161,4),(55926,123,3),(55927,128,1),(55928,428,1),(55929,423,2),(55930,126,1),(55931,129,1),(55932,314,1),(55933,312,2),(55934,122,3),(55935,127,1),(55936,317,1),(55937,312,3),(55938,123,3),(55939,128,1),(55940,396,1),(55941,393,2),(55942,126,1),(55943,129,1),(55944,288,1),(55945,287,2),(55946,122,4),(55947,127,1),(55948,292,2),(55949,291,2),(55950,125,1),(55951,128,1),(55952,368,3),(55953,367,2),(55954,142,2),(55955,129,1),(55956,296,3),(55957,295,5),(55958,122,3),(55959,127,1),(55960,300,3),(55961,173,2),(55962,123,1),(55963,128,1),(55964,355,3),(55965,351,1),(55966,125,1),(55967,129,1),(55968,278,1),(55969,276,3),(55970,121,3),(55971,127,1),(55972,282,1),(55973,277,2),(55974,123,3),(55975,128,1),(55976,411,1),(55977,409,2),(55978,142,2),(55979,129,1),(55980,278,1),(55981,277,2),(55982,121,3),(55983,127,1),(55984,284,2),(55985,281,1),(55986,125,1),(55987,128,1),(55988,411,1),(55989,409,2),(55990,142,2),(55991,129,1),(55992,268,1),(55993,265,2),(55994,141,3),(55995,127,1),(55996,273,1),(55997,271,2),(55998,121,4),(55999,128,1),(56000,483,1),(56001,351,1),(56002,165,3),(56003,129,1),(56004,249,3),(56005,248,3),(56006,121,6),(56007,127,1),(56008,253,3),(56009,252,2),(56010,122,4),(56011,128,1),(56012,483,1),(56013,173,1),(56014,167,3),(56015,129,1),(56016,258,1),(56017,257,2),(56018,138,6),(56019,127,1),(56020,262,1),(56021,261,2),(56022,121,4),(56023,128,1),(56024,483,1),(56025,173,1),(56026,171,3),(56027,129,1),(56028,268,1),(56029,265,2),(56030,141,3),(56031,127,1),(56032,390,3),(56033,389,2),(56034,121,6),(56035,128,1),(56036,428,1),(56037,423,2),(56038,165,3),(56039,129,1),(56040,249,2),(56041,248,2),(56042,121,3),(56043,127,1),(56044,253,3),(56045,252,2),(56046,122,6),(56047,128,1),(56048,419,1),(56049,417,2),(56050,167,3),(56051,129,1),(56052,258,2),(56053,257,2),(56054,138,4),(56055,127,1),(56056,262,2),(56057,261,2),(56058,121,6),(56059,128,1),(56060,375,1),(56061,374,2),(56062,171,3),(56063,129,1),(56064,278,1),(56065,277,1),(56066,121,3),(56067,127,1),(56068,284,2),(56069,281,1),(56070,119,4),(56071,128,1),(56072,483,1),(56073,282,1),(56074,159,3),(56075,129,1),(56076,303,2),(56077,304,2),(56078,141,4),(56079,127,1),(56080,308,1),(56081,309,2),(56082,119,4),(56083,128,1),(56084,483,1),(56085,173,1),(56086,161,3),(56087,129,1),(56088,314,1),(56089,312,2),(56090,122,3),(56091,127,1),(56092,317,1),(56093,312,3),(56094,119,4),(56095,128,1),(56096,483,1),(56097,419,1),(56098,163,3),(56099,129,1),(56100,314,1),(56101,312,2),(56102,122,3),(56103,127,1),(56104,317,1),(56105,312,3),(56106,141,6),(56107,128,1),(56108,428,1),(56109,423,2),(56110,126,1),(56111,129,1),(56112,240,2),(56113,239,2),(56114,121,3),(56115,127,1),(56116,240,3),(56117,245,2),(56118,141,6),(56119,128,1),(56120,365,1),(56121,359,3),(56122,142,2),(56123,129,1),(56124,268,1),(56125,265,2),(56126,141,3),(56127,127,1),(56128,273,1),(56129,271,2),(56130,125,1),(56131,128,1),(56132,428,1),(56133,423,2),(56134,126,1),(56135,129,1),(56136,210,2),(56137,209,4),(56138,122,3),(56139,127,1),(56140,203,6),(56141,202,8),(56142,124,1),(56143,128,1),(56144,173,1),(56145,120,5),(56146,143,1),(56147,129,1),(56148,314,1),(56149,312,2),(56150,122,3),(56151,127,1),(56152,317,1),(56153,312,3),(56154,125,1),(56155,128,1),(56156,419,1),(56157,417,2),(56158,126,1),(56159,129,1),(56160,288,2),(56161,287,2),(56162,122,4),(56163,127,1),(56164,292,1),(56165,291,2),(56166,125,1),(56167,128,1),(56168,174,1),(56169,483,1),(56170,142,2),(56171,129,1),(56172,223,2),(56173,222,2),(56174,138,4),(56175,127,1),(56176,284,2),(56177,281,1),(56178,125,1),(56179,128,1),(56180,483,1),(56181,433,1),(56182,126,1),(56183,129,1),(56184,215,2),(56185,216,2),(56186,138,4),(56187,127,1),(56188,273,1),(56189,271,2),(56190,125,1),(56191,128,1),(56192,411,1),(56193,409,2),(56194,137,2),(56195,129,1),(56196,296,2),(56197,293,3),(56198,140,4),(56199,127,1),(56200,300,2),(56201,297,4),(56202,136,6),(56203,128,1),(56204,483,1),(56205,143,1),(56206,142,2),(56207,129,1),(56208,444,1),(56209,146,1),(56210,124,1),(56211,127,1),(56212,444,2),(56213,124,2),(56214,136,6),(56215,128,1),(56216,444,3),(56217,483,2),(56218,137,2),(56219,129,1),(56220,138,3),(56221,139,3),(56222,124,1),(56223,127,1),(56224,137,3),(56225,143,1),(56226,121,6),(56227,128,1),(56228,483,1),(56229,125,1),(56230,137,2),(56231,129,1),(56232,118,4),(56233,117,4),(56234,124,1),(56235,127,1),(56236,119,6),(56237,118,8),(56238,124,2),(56239,128,1),(56240,483,1),(56241,125,1),(56242,126,1),(56243,129,1),(56244,314,1),(56245,312,2),(56246,122,3),(56247,127,1),(56248,317,1),(56249,312,3),(56250,143,1),(56251,128,1),(56252,483,1),(56253,172,1),(56254,126,1),(56255,129,1),(56256,215,2),(56257,216,2),(56258,124,1),(56259,127,1),(56260,390,3),(56261,389,2),(56262,143,3),(56263,128,1),(56264,483,1),(56265,172,1),(56266,137,2),(56267,129,1),(56268,231,2),(56269,232,2),(56270,121,2),(56271,127,1),(56272,173,1),(56273,482,5),(56274,121,6),(56275,128,1),(56276,483,1),(56277,172,1),(56278,126,1),(56279,129,1),(56280,249,2),(56281,248,2),(56282,121,4),(56283,127,1),(56284,253,3),(56285,252,2),(56286,122,6),(56287,128,1),(56288,173,1),(56289,482,5),(56290,140,6),(56291,129,1),(56292,180,2),(56293,178,2),(56294,138,4),(56295,127,1),(56296,181,4),(56297,179,6),(56298,124,2),(56299,128,1),(56300,173,1),(56301,482,5),(56302,137,2),(56303,129,1),(56304,303,2),(56305,304,2),(56306,141,4),(56307,127,1),(56308,215,3),(56309,219,2),(56310,139,6),(56311,128,1),(56312,351,1),(56313,349,2),(56314,141,4),(56315,129,1),(56316,118,4),(56317,287,3),(56318,124,1),(56319,127,1),(56320,380,3),(56321,379,1),(56322,123,3),(56323,127,1),(56324,184,4),(56325,183,6),(56326,304,3),(56327,127,1),(56328,266,1),(56329,264,5),(56330,240,2),(56331,127,1),(56332,146,3),(56333,265,3),(56334,141,5),(56335,127,1),(56336,303,3),(56337,231,5),(56338,136,5),(56339,127,1),(56340,118,8),(56341,344,3),(56342,124,2),(56343,127,1),(56344,334,1),(56345,332,2),(56346,141,4),(56347,127,1),(56348,339,1),(56349,337,2),(56350,125,1),(56351,128,1),(56352,419,1),(56353,417,2),(56354,142,2),(56355,129,1),(56356,482,1),(56357,136,3),(56358,124,1),(56359,127,1),(56360,390,3),(56361,389,2),(56362,125,1),(56363,128,1),(56364,419,1),(56365,418,2),(56366,142,2),(56367,129,1),(56368,323,1),(56369,320,2),(56370,122,3),(56371,127,1),(56372,173,1),(56373,326,2),(56374,122,4),(56375,128,1),(56376,483,1),(56377,328,1),(56378,169,3),(56379,129,1),(56380,372,1),(56381,371,2),(56382,140,3),(56383,127,1),(56384,375,1),(56385,374,2),(56386,125,1),(56387,129,1),(56388,435,1),(56389,439,2),(56390,142,2),(56391,130,1),(56392,323,1),(56393,320,2),(56394,122,3),(56395,127,1),(56396,328,1),(56397,326,2),(56398,122,6),(56399,128,1),(56400,435,1),(56401,433,1),(56402,169,3),(56403,129,1),(56404,334,1),(56405,332,2),(56406,141,3),(56407,127,1),(56408,339,1),(56409,337,2),(56410,137,3),(56411,128,1),(56412,411,1),(56413,409,2),(56414,142,2),(56415,129,1),(56416,322,2),(56417,320,2),(56418,122,3),(56419,127,1),(56420,328,1),(56421,326,2),(56422,120,1),(56423,128,1),(56424,435,1),(56425,433,1),(56426,142,2),(56427,129,1),(56428,361,1),(56429,359,2),(56430,121,3),(56431,127,1),(56432,390,1),(56433,389,2),(56434,125,1),(56435,128,1),(56436,404,1),(56437,440,1),(56438,126,1),(56439,129,1),(56440,334,1),(56441,332,2),(56442,141,3),(56443,127,1),(56444,339,1),(56445,337,2),(56446,125,1),(56447,128,1),(56448,411,1),(56449,409,2),(56450,126,1),(56451,129,1),(56452,384,1),(56453,385,2),(56454,126,1),(56455,128,1),(56456,404,1),(56457,402,2),(56458,125,1),(56459,128,1),(56460,428,1),(56461,423,2),(56462,126,1),(56463,129,1),(56464,143,1),(56465,137,3),(56466,123,3),(56467,128,1),(56468,396,1),(56469,393,1),(56470,123,1),(56471,128,1),(56472,174,1),(56473,419,1),(56474,143,3),(56475,129,1),(56476,143,1),(56477,137,3),(56478,123,2),(56479,128,1),(56480,419,1),(56481,417,2),(56482,123,4),(56483,129,1),(56484,443,1),(56485,441,2),(56486,143,3),(56487,129,1),(56488,384,2),(56489,385,2),(56490,126,1),(56491,128,1),(56492,404,1),(56493,402,2),(56494,119,4),(56495,129,1),(56496,428,1),(56497,437,3),(56498,126,1),(56499,129,1),(56500,361,1),(56501,359,3),(56502,121,3),(56503,128,1),(56504,428,1),(56505,423,2),(56506,120,1),(56507,129,1),(56508,245,2),(56509,292,3),(56510,124,2),(56511,128,2),(56512,404,1),(56513,442,2),(56514,125,1),(56515,129,1),(56516,240,2),(56517,245,2),(56518,123,3),(56519,128,1),(56520,443,1),(56521,438,2),(56522,120,1),(56523,129,1),(56524,262,2),(56525,261,2),(56526,123,3),(56527,128,1),(56528,339,1),(56529,337,2),(56530,120,1),(56531,129,1),(56532,435,1),(56533,434,1),(56534,122,3),(56535,129,1),(56536,300,2),(56537,297,3),(56538,143,3),(56539,128,1),(56540,411,1),(56541,409,2),(56542,120,1),(56543,129,1),(56544,262,2),(56545,261,2),(56546,123,3),(56547,128,1),(56548,435,1),(56549,433,1),(56550,126,1),(56551,129,1),(56552,384,2),(56553,385,2),(56554,126,1),(56555,128,1),(56556,404,1),(56557,402,2),(56558,125,1),(56559,128,1),(56560,428,1),(56561,423,2),(56562,126,1),(56563,129,1),(56564,482,1),(56565,175,5),(56566,125,1),(56567,129,1),(56568,484,1),(56569,483,1),(56570,125,1),(56571,130,1),(56572,381,1),(56573,380,5),(56574,123,4),(56575,127,1),(56576,375,1),(56577,374,1),(56578,125,1),(56579,129,1),(56580,381,1),(56581,379,3),(56582,123,4),(56583,128,1),(56584,435,1),(56585,433,1),(56586,173,1),(56587,129,1),(56588,484,1),(56589,443,1),(56590,441,2),(56591,130,1),(56592,252,2),(56593,262,3),(56594,123,5),(56595,128,2),(56596,177,3),(56597,176,5),(56598,155,5),(56599,128,1),(56600,197,5),(56601,196,5),(56602,179,5),(56603,128,1),(56604,175,5),(56605,202,5),(56606,203,5),(56607,128,1),(56608,194,3),(56609,193,3),(56610,142,6),(56611,128,1),(56612,173,1),(56613,126,1),(56614,118,6),(56615,128,1),(56616,174,1),(56617,483,1),(56618,123,2),(56619,129,1),(56620,365,1),(56621,364,2),(56622,126,2),(56623,129,1),(56624,404,1),(56625,402,2),(56626,125,1),(56627,129,1),(56628,428,1),(56629,423,2),(56630,173,1),(56631,130,1),(56632,365,1),(56633,363,2),(56634,126,1),(56635,129,1),(56636,419,1),(56637,417,2),(56638,125,1),(56639,129,1),(56640,346,1),(56641,350,1),(56642,125,1),(56643,129,1),(56644,428,1),(56645,423,2),(56646,126,1),(56647,130,1),(56648,365,1),(56649,363,2),(56650,126,1),(56651,128,1),(56652,419,1),(56653,417,2),(56654,120,1),(56655,129,1),(56656,395,1),(56657,393,2),(56658,126,1),(56659,128,1),(56660,428,1),(56661,436,6),(56662,126,1),(56663,129,1),(56664,368,1),(56665,363,2),(56666,126,1),(56667,128,1),(56668,411,1),(56669,436,6),(56670,126,1),(56671,129,1),(56672,365,1),(56673,363,2),(56674,126,1),(56675,128,1),(56676,435,1),(56677,433,2),(56678,123,3),(56679,129,1),(56680,284,2),(56681,277,2),(56682,142,3),(56683,128,1),(56684,428,1),(56685,423,2),(56686,137,2),(56687,129,1),(56688,419,1),(56689,438,2),(56690,123,2),(56691,129,1),(56692,423,3),(56693,421,2),(56694,125,1),(56695,129,1),(56696,428,1),(56697,423,2),(56698,126,1),(56699,130,1),(56700,411,1),(56701,408,2),(56702,125,1),(56703,129,1),(56704,411,1),(56705,409,2),(56706,120,1),(56707,130,1),(56708,419,1),(56709,416,2),(56710,125,1),(56711,129,1),(56712,419,1),(56713,417,2),(56714,120,1),(56715,130,1),(56716,411,1),(56717,408,2),(56718,125,1),(56719,129,1),(56720,443,1),(56721,439,2),(56722,125,1),(56723,130,1),(56724,443,1),(56725,440,2),(56726,126,1),(56727,129,1),(56728,435,1),(56729,437,5),(56730,153,2),(56731,130,1),(56732,419,1),(56733,416,2),(56734,125,1),(56735,129,1),(56736,419,1),(56737,417,2),(56738,124,2),(56739,129,1),(56740,483,3),(56741,442,2),(56742,143,3),(56743,129,1),(56744,483,2),(56745,173,1),(56746,172,2),(56747,129,1),(56748,428,1),(56749,419,1),(56750,413,5),(56751,129,2),(56752,435,1),(56753,328,1),(56754,324,5),(56755,129,2),(56756,411,1),(56757,376,5),(56758,380,3),(56759,129,2),(56760,351,1),(56761,282,1),(56762,443,1),(56763,130,1),(56764,443,1),(56765,440,1),(56766,125,1),(56767,129,1),(56768,411,1),(56769,441,2),(56770,126,3),(56771,130,1),(56772,484,1),(56773,443,1),(56774,439,3),(56775,130,1),(56776,484,1),(56777,411,1),(56778,407,3),(56779,130,1),(56780,282,1),(56781,281,3),(56782,159,3),(56783,130,1),(56784,308,5),(56785,305,5),(56786,161,3),(56787,130,1),(56788,317,1),(56789,173,2),(56790,163,3),(56791,130,1),(56792,404,1),(56793,400,3),(56794,401,3),(56795,130,1),(56796,443,1),(56797,438,3),(56798,421,2),(56799,129,2),(56800,484,1),(56801,339,1),(56802,328,1),(56803,130,2),(56804,484,1),(56805,443,1),(56806,417,1),(56807,130,2),(56808,484,1),(56809,364,2),(56810,368,2),(56811,130,2),(61241,116,1),(61242,116,2),(61243,121,2),(61244,116,5),(61245,117,2),(61246,216,1),(61247,214,1),(61248,213,3),(61249,154,1),(61250,158,1),(61251,230,2),(61252,228,3),(61253,118,2),(61254,117,5),(61255,148,2),(61256,118,5),(61257,170,1),(61258,257,2),(61259,258,1),(61260,122,2),(61261,118,5),(61262,117,10),(61263,150,2),(61264,119,8),(61265,118,5),(61266,123,2),(61267,119,5),(61268,118,10),(61269,123,3),(61270,120,8),(61271,119,20),(61272,174,2),(61273,126,1),(61274,120,13),(61275,406,2),(61276,410,4),(61277,407,2),(61278,409,3),(61279,411,1),(61280,408,5),(61281,409,5),(61282,440,2),(61283,122,3),(61284,150,2),(61285,258,2),(61286,256,2),(61287,122,3),(61288,168,2),(61289,320,3),(61290,318,4),(61291,119,5),(61292,260,3),(61293,259,4),(61294,181,3),(61295,120,5),(61296,171,3),(61297,262,2),(61298,256,4),(61299,174,3),(61300,261,6),(61301,262,4),(61302,173,1),(61303,119,5),(61304,322,2),(61305,321,3),(61306,204,5),(61307,169,3),(61308,120,5),(61309,324,5),(61310,327,3),(61311,174,3),(61312,326,5),(61313,325,3),(61314,173,1),(61315,140,2),(61316,216,2),(61317,215,2),(61318,287,3),(61319,210,3),(61320,304,1),(61321,301,3),(61322,216,3),(61323,215,3),(61324,213,5),(61325,150,3),(61326,219,4),(61327,215,6),(61328,217,6),(61329,155,5),(61330,219,6),(61331,203,6),(61332,152,4),(61333,291,5),(61334,219,8),(61335,218,6),(61336,125,1),(61337,417,2),(61338,359,2),(61339,304,3),(61340,303,2),(61341,160,2),(61342,119,6),(61343,309,5),(61344,308,3),(61345,161,6),(61346,211,6),(61347,309,3),(61348,306,5),(61349,305,2),(61350,365,1),(61351,309,4),(61352,308,2),(61353,161,4),(61354,389,2),(61355,390,2),(61356,387,4),(61357,172,1),(61358,309,5),(61359,308,3),(61360,416,2),(61361,389,3),(61362,390,3),(61363,421,2),(61364,173,1),(61365,122,3),(61366,231,2),(61367,229,3),(61368,232,1),(61369,164,2),(61370,345,1),(61371,340,1),(61372,342,2),(61373,150,2),(61374,158,2),(61375,230,4),(61376,231,2),(61377,233,3),(61378,235,2),(61379,137,3),(61380,159,2),(61381,152,3),(61382,234,5),(61383,235,3),(61384,159,2),(61385,172,1),(61386,236,4),(61387,235,6),(61388,418,2),(61389,165,3),(61390,346,1),(61391,340,6),(61392,343,2),(61393,348,4),(61394,350,1),(61395,347,6),(61396,349,2),(61397,353,4),(61398,352,6),(61399,355,3),(61400,173,1),(61401,352,8),(61402,354,3),(61403,351,1),(61404,423,2),(61405,147,1),(61406,147,2),(61407,138,1),(61408,148,2),(61409,166,1),(61410,139,2),(61411,246,3),(61412,247,1),(61413,239,1),(61414,238,2),(61415,237,3),(61416,139,2),(61417,149,1),(61418,148,5),(61419,265,3),(61420,264,2),(61421,263,3),(61422,164,2),(61423,149,1),(61424,150,2),(61425,136,4),(61426,150,2),(61427,151,2),(61428,137,2),(61429,142,4),(61430,143,1),(61431,152,4),(61432,151,6),(61433,137,10),(61434,143,1),(61435,153,4),(61436,152,6),(61437,137,20),(61438,412,6),(61439,416,5),(61440,414,4),(61441,417,4),(61442,419,1),(61443,415,2),(61444,417,6),(61445,438,3),(61446,271,4),(61447,268,1),(61448,269,5),(61449,165,3),(61450,273,1),(61451,272,2),(61452,270,4),(61453,416,5),(61454,187,3),(61455,248,2),(61456,249,3),(61457,136,5),(61458,140,2),(61459,188,3),(61460,248,4),(61461,150,2),(61462,189,5),(61463,251,2),(61464,250,3),(61465,137,5),(61466,190,3),(61467,253,4),(61468,152,3),(61469,167,3),(61470,153,4),(61471,252,5),(61472,253,6),(61473,173,1),(61474,239,2),(61475,241,1),(61476,118,3),(61477,195,3),(61478,310,4),(61479,162,2),(61480,313,2),(61481,239,4),(61482,240,2),(61483,356,3),(61484,150,3),(61485,243,3),(61486,245,2),(61487,244,2),(61488,197,5),(61489,243,3),(61490,245,4),(61491,362,3),(61492,198,5),(61493,245,5),(61494,244,5),(61495,408,1),(61496,173,1),(61497,150,3),(61498,314,1),(61499,312,2),(61500,313,3),(61501,163,2),(61502,151,3),(61503,316,4),(61504,312,3),(61505,163,3),(61506,152,5),(61507,317,1),(61508,315,8),(61509,163,4),(61510,153,5),(61511,316,6),(61512,173,1),(61513,138,5),(61514,139,5),(61515,140,5),(61516,141,5),(61517,149,8),(61518,150,6),(61519,136,8),(61520,369,3),(61521,370,1),(61522,372,3),(61523,124,1),(61524,377,8),(61525,381,1),(61526,376,4),(61527,380,4),(61528,142,4),(61529,143,2),(61530,153,10),(61531,173,1),(61532,123,5),(61533,375,4),(61534,373,5),(61535,371,4),(61536,375,6),(61537,374,3),(61538,125,2),(61539,437,4),(61540,126,3),(61541,437,4),(61542,379,2),(61543,378,2),(61544,122,10),(61545,123,10),(61546,121,10),(61547,124,1),(61548,119,10),(61549,126,1),(61550,120,5),(61551,173,1),(61552,434,3),(61553,433,2),(61554,431,4),(61555,406,5),(61556,441,4),(61557,443,1),(61558,437,6),(61559,439,2),(61560,434,4),(61561,435,1),(61562,432,5),(61563,442,2),(61564,489,4),(61565,495,5),(61566,125,1),(61567,491,4),(61568,496,5),(61569,492,4),(61570,493,4),(61571,173,2),(61572,522,2),(61573,516,6),(61574,518,3),(61575,519,2),(61576,523,1),(61577,520,2),(61578,518,5),(61579,174,5),(61580,118,7),(61581,526,2),(61582,296,2),(61583,345,2),(61584,174,2),(61585,126,5),(61586,526,3),(61587,173,1),(61588,116,1),(61589,116,2),(61590,121,2),(61591,116,5),(61592,117,2),(61593,223,1),(61594,221,2),(61595,220,3),(61596,118,2),(61597,117,5),(61598,148,2),(61599,287,2),(61600,288,1),(61601,285,3),(61602,122,2),(61603,118,5),(61604,117,10),(61605,150,2),(61606,119,8),(61607,118,5),(61608,123,2),(61609,119,5),(61610,118,10),(61611,123,3),(61612,120,8),(61613,119,20),(61614,174,2),(61615,126,1),(61616,120,13),(61617,406,2),(61618,410,4),(61619,407,2),(61620,409,3),(61621,411,1),(61622,408,5),(61623,409,5),(61624,440,2),(61625,322,2),(61626,154,3),(61627,287,3),(61628,288,2),(61629,124,1),(61630,291,3),(61631,292,1),(61632,289,5),(61633,327,2),(61634,155,5),(61635,291,4),(61636,292,2),(61637,172,1),(61638,431,2),(61639,291,5),(61640,292,3),(61641,139,3),(61642,223,2),(61643,222,2),(61644,310,3),(61645,117,10),(61646,158,4),(61647,278,1),(61648,275,5),(61649,274,5),(61650,275,4),(61651,277,3),(61652,223,2),(61653,222,4),(61654,331,2),(61655,141,3),(61656,227,3),(61657,225,4),(61658,224,6),(61659,142,3),(61660,227,4),(61661,226,3),(61662,337,2),(61663,392,4),(61664,393,1),(61665,395,1),(61666,391,6),(61667,172,1),(61668,227,5),(61669,226,4),(61670,409,2),(61671,420,4),(61672,393,2),(61673,396,1),(61674,394,4),(61675,280,4),(61676,278,1),(61677,279,5),(61678,281,3),(61679,164,2),(61680,344,3),(61681,345,1),(61682,341,2),(61683,174,3),(61684,283,6),(61685,282,1),(61686,281,5),(61687,348,4),(61688,346,1),(61689,347,6),(61690,349,2),(61691,353,4),(61692,352,6),(61693,355,3),(61694,350,1),(61695,352,8),(61696,354,3),(61697,351,1),(61698,423,2),(61699,147,1),(61700,147,2),(61701,138,1),(61702,148,2),(61703,166,1),(61704,249,1),(61705,246,3),(61706,247,1),(61707,257,1),(61708,255,2),(61709,254,3),(61710,139,2),(61711,149,1),(61712,148,5),(61713,265,2),(61714,263,3),(61715,164,1),(61716,149,1),(61717,150,2),(61718,136,4),(61719,150,2),(61720,151,2),(61721,137,2),(61722,152,4),(61723,151,6),(61724,137,10),(61725,143,1),(61726,153,4),(61727,152,6),(61728,137,20),(61729,401,4),(61730,398,5),(61731,402,3),(61732,126,1),(61733,404,1),(61734,402,4),(61735,403,4),(61736,442,3),(61737,265,4),(61738,266,1),(61739,267,1),(61740,345,1),(61741,271,4),(61742,268,1),(61743,269,5),(61744,165,3),(61745,271,5),(61746,270,4),(61747,126,1),(61748,350,2),(61749,271,6),(61750,273,1),(61751,272,2),(61752,421,2),(61753,187,3),(61754,302,2),(61755,249,3),(61756,247,3),(61757,188,3),(61758,248,4),(61759,247,3),(61760,150,2),(61761,119,6),(61762,251,3),(61763,253,3),(61764,250,6),(61765,189,5),(61766,251,2),(61767,253,2),(61768,250,3),(61769,190,3),(61770,253,4),(61771,152,3),(61772,167,3),(61773,153,2),(61774,252,5),(61775,253,6),(61776,173,1),(61777,412,6),(61778,416,5),(61779,414,4),(61780,417,4),(61781,419,1),(61782,415,2),(61783,417,6),(61784,438,3),(61785,122,3),(61786,170,2),(61787,257,3),(61788,258,2),(61789,182,3),(61790,183,2),(61791,156,2),(61792,150,2),(61793,258,2),(61794,256,2),(61795,141,2),(61796,168,2),(61797,320,3),(61798,318,4),(61799,123,3),(61800,261,3),(61801,260,3),(61802,259,4),(61803,364,2),(61804,171,3),(61805,261,4),(61806,262,2),(61807,409,2),(61808,261,6),(61809,262,4),(61810,173,1),(61811,320,4),(61812,323,1),(61813,322,3),(61814,300,4),(61815,169,2),(61816,326,3),(61817,324,5),(61818,327,3),(61819,434,2),(61820,326,5),(61821,328,1),(61822,325,3),(61823,184,2),(61824,182,5),(61825,183,4),(61826,332,2),(61827,123,3),(61828,185,5),(61829,186,4),(61830,157,2),(61831,355,2),(61832,185,5),(61833,186,4),(61834,125,1),(61835,185,8),(61836,186,6),(61837,416,3),(61838,173,1),(61839,138,5),(61840,139,5),(61841,140,5),(61842,141,5),(61843,149,8),(61844,150,6),(61845,136,8),(61846,377,8),(61847,381,1),(61848,376,4),(61849,380,4),(61850,142,4),(61851,143,2),(61852,153,10),(61853,173,1),(61854,126,3),(61855,437,4),(61856,379,2),(61857,378,2),(61858,122,10),(61859,123,10),(61860,121,10),(61861,124,1),(61862,119,10),(61863,126,1),(61864,120,5),(61865,173,1),(61866,420,5),(61867,425,2),(61868,421,2),(61869,427,4),(61870,441,4),(61871,443,1),(61872,437,6),(61873,439,2),(61874,425,2),(61875,428,1),(61876,423,5),(61877,436,5),(61878,495,5),(61879,125,1),(61880,491,4),(61881,496,5),(61882,492,4),(61883,493,4),(61884,173,2),(61885,522,2),(61886,516,6),(61887,518,3),(61888,519,2),(61889,523,1),(61890,520,2),(61891,518,5),(61892,174,5),(61893,452,3),(61894,216,4),(61895,124,1),(61896,148,4),(61897,116,1),(61898,116,2),(61899,121,2),(61900,116,5),(61901,117,2),(61902,166,1),(61903,121,3),(61904,246,3),(61905,247,1),(61906,158,1),(61907,230,2),(61908,228,3),(61909,118,2),(61910,117,5),(61911,148,2),(61912,122,2),(61913,118,5),(61914,117,10),(61915,150,2),(61916,164,2),(61917,345,1),(61918,340,1),(61919,342,2),(61920,482,1),(61921,359,2),(61922,331,2),(61923,343,1),(61924,119,8),(61925,118,5),(61926,123,2),(61927,119,5),(61928,118,10),(61929,123,3),(61930,120,8),(61931,119,20),(61932,174,2),(61933,126,1),(61934,120,13),(61935,406,2),(61936,410,4),(61937,407,2),(61938,409,3),(61939,411,1),(61940,408,5),(61941,409,5),(61942,440,2),(61943,165,3),(61944,346,1),(61945,340,6),(61946,343,2),(61947,348,4),(61948,350,1),(61949,347,6),(61950,349,2),(61951,353,4),(61952,352,6),(61953,355,3),(61954,351,1),(61955,172,1),(61956,119,10),(61957,337,3),(61958,333,2),(61959,402,3),(61960,434,3),(61961,483,1),(61962,173,1),(61963,118,5),(61964,187,3),(61965,248,2),(61966,249,3),(61967,117,10),(61968,158,3),(61969,278,1),(61970,275,5),(61971,274,5),(61972,275,4),(61973,277,3),(61974,293,2),(61975,294,3),(61976,295,1),(61977,122,3),(61978,188,3),(61979,248,4),(61980,150,2),(61981,168,2),(61982,320,3),(61983,318,4),(61984,119,5),(61985,189,5),(61986,251,2),(61987,250,3),(61988,120,5),(61989,190,3),(61990,253,4),(61991,167,3),(61992,174,3),(61993,252,5),(61994,253,6),(61995,173,1),(61996,320,4),(61997,323,1),(61998,322,3),(61999,300,4),(62000,169,2),(62001,326,3),(62002,324,5),(62003,327,3),(62004,434,2),(62005,326,5),(62006,328,1),(62007,325,3),(62008,280,4),(62009,278,1),(62010,279,5),(62011,281,3),(62012,284,4),(62013,283,5),(62014,281,4),(62015,173,1),(62016,174,3),(62017,283,6),(62018,282,1),(62019,281,5),(62020,356,3),(62021,295,3),(62022,296,2),(62023,204,5),(62024,299,3),(62025,297,4),(62026,298,5),(62027,206,5),(62028,365,2),(62029,125,1),(62030,299,4),(62031,300,3),(62032,153,3),(62033,299,5),(62034,298,7),(62035,173,1),(62036,122,3),(62037,231,2),(62038,229,3),(62039,232,1),(62040,210,3),(62041,304,1),(62042,301,3),(62043,150,2),(62044,158,2),(62045,230,4),(62046,231,2),(62047,233,3),(62048,235,2),(62049,137,3),(62050,159,2),(62051,152,3),(62052,234,5),(62053,235,3),(62054,159,2),(62055,172,1),(62056,236,4),(62057,235,6),(62058,418,2),(62059,359,2),(62060,304,3),(62061,303,2),(62062,160,2),(62063,211,6),(62064,309,3),(62065,306,5),(62066,305,2),(62067,365,1),(62068,309,4),(62069,308,2),(62070,161,4),(62071,172,1),(62072,309,5),(62073,308,3),(62074,416,2),(62075,147,1),(62076,147,2),(62077,138,1),(62078,148,2),(62079,216,1),(62080,214,1),(62081,213,3),(62082,154,1),(62083,239,1),(62084,238,2),(62085,237,3),(62086,139,2),(62087,149,1),(62088,148,5),(62089,310,4),(62090,162,2),(62091,313,2),(62092,149,1),(62093,150,2),(62094,136,4),(62095,150,2),(62096,151,2),(62097,137,2),(62098,152,4),(62099,151,6),(62100,137,10),(62101,143,1),(62102,153,4),(62103,152,6),(62104,137,20),(62105,150,3),(62106,314,1),(62107,312,2),(62108,313,3),(62109,163,2),(62110,151,3),(62111,316,4),(62112,312,3),(62113,163,3),(62114,152,5),(62115,317,1),(62116,315,8),(62117,163,4),(62118,153,5),(62119,316,6),(62120,173,1),(62121,140,2),(62122,216,2),(62123,215,2),(62124,287,3),(62125,170,1),(62126,136,5),(62127,257,2),(62128,258,1),(62129,216,3),(62130,215,3),(62131,213,5),(62132,150,3),(62133,219,4),(62134,215,6),(62135,217,6),(62136,155,5),(62137,219,6),(62138,203,6),(62139,152,4),(62140,291,5),(62141,219,8),(62142,218,6),(62143,125,1),(62144,417,2),(62145,150,2),(62146,258,2),(62147,256,2),(62148,141,2),(62149,137,5),(62150,260,3),(62151,259,4),(62152,181,3),(62153,152,3),(62154,171,3),(62155,262,2),(62156,256,4),(62157,153,4),(62158,261,6),(62159,262,4),(62160,173,1),(62161,239,2),(62162,241,1),(62163,118,3),(62164,195,3),(62165,265,2),(62166,263,3),(62167,164,1),(62168,239,4),(62169,240,2),(62170,356,3),(62171,150,3),(62172,243,3),(62173,245,2),(62174,244,2),(62175,197,5),(62176,243,3),(62177,245,4),(62178,362,3),(62179,198,5),(62180,245,5),(62181,244,5),(62182,408,1),(62183,173,1),(62184,265,4),(62185,266,1),(62186,267,1),(62187,345,1),(62188,271,5),(62189,270,6),(62190,268,1),(62191,269,6),(62192,271,4),(62193,268,1),(62194,269,5),(62195,165,3),(62196,271,6),(62197,273,1),(62198,272,2),(62199,421,2),(62200,138,5),(62201,139,5),(62202,140,5),(62203,141,5),(62204,149,8),(62205,150,6),(62206,136,8),(62207,369,3),(62208,370,1),(62209,372,3),(62210,124,1),(62211,142,4),(62212,143,2),(62213,153,10),(62214,173,1),(62215,123,5),(62216,375,4),(62217,373,5),(62218,371,4),(62219,375,6),(62220,374,3),(62221,125,2),(62222,437,4),(62223,122,10),(62224,123,10),(62225,121,10),(62226,124,1),(62227,119,10),(62228,126,1),(62229,120,5),(62230,173,1),(62231,420,5),(62232,425,2),(62233,421,2),(62234,427,4),(62235,441,4),(62236,443,1),(62237,437,6),(62238,439,2),(62239,425,2),(62240,428,1),(62241,423,5),(62242,436,5),(62243,522,2),(62244,516,6),(62245,518,3),(62246,519,2),(62247,523,1),(62248,520,2),(62249,518,5),(62250,174,5),(62251,116,1),(62252,116,2),(62253,121,2),(62254,116,5),(62255,117,2),(62256,118,2),(62257,117,5),(62258,148,2),(62259,287,2),(62260,288,1),(62261,285,3),(62262,122,2),(62263,118,5),(62264,117,10),(62265,150,2),(62266,119,8),(62267,118,5),(62268,123,2),(62269,223,1),(62270,221,2),(62271,220,3),(62272,119,5),(62273,118,10),(62274,123,3),(62275,120,8),(62276,119,20),(62277,174,2),(62278,126,1),(62279,120,13),(62280,406,2),(62281,410,4),(62282,407,2),(62283,409,3),(62284,411,1),(62285,408,5),(62286,409,5),(62287,440,2),(62288,322,2),(62289,154,3),(62290,287,3),(62291,288,2),(62292,122,3),(62293,168,2),(62294,320,3),(62295,318,4),(62296,125,1),(62297,291,5),(62298,292,3),(62299,289,6),(62300,124,1),(62301,291,3),(62302,292,1),(62303,289,5),(62304,327,2),(62305,155,5),(62306,291,4),(62307,292,2),(62308,401,4),(62309,398,5),(62310,402,3),(62311,126,1),(62312,172,1),(62313,431,2),(62314,291,5),(62315,292,3),(62316,404,1),(62317,402,4),(62318,403,4),(62319,442,3),(62320,119,5),(62321,322,2),(62322,321,3),(62323,204,5),(62324,169,3),(62325,120,5),(62326,324,5),(62327,327,3),(62328,174,3),(62329,326,5),(62330,325,3),(62331,173,1),(62332,139,3),(62333,223,2),(62334,222,2),(62335,310,3),(62336,118,3),(62337,121,6),(62338,124,1),(62339,117,5),(62340,223,2),(62341,222,4),(62342,331,2),(62343,141,3),(62344,227,3),(62345,225,4),(62346,224,6),(62347,142,3),(62348,227,4),(62349,226,3),(62350,337,2),(62351,172,1),(62352,227,5),(62353,226,4),(62354,409,2),(62355,119,5),(62356,482,2),(62357,122,8),(62358,123,4),(62359,123,6),(62360,483,3),(62361,125,2),(62362,173,2),(62363,147,1),(62364,147,2),(62365,138,1),(62366,148,2),(62367,166,1),(62368,249,1),(62369,246,3),(62370,247,1),(62371,257,1),(62372,255,2),(62373,254,3),(62374,139,2),(62375,149,1),(62376,148,5),(62377,265,2),(62378,263,3),(62379,164,1),(62380,149,1),(62381,150,2),(62382,136,4),(62383,150,2),(62384,151,2),(62385,137,2),(62386,152,4),(62387,151,6),(62388,137,10),(62389,143,1),(62390,153,4),(62391,152,6),(62392,137,20),(62393,265,4),(62394,266,1),(62395,267,1),(62396,345,1),(62397,359,2),(62398,356,4),(62399,150,3),(62400,360,1),(62401,271,4),(62402,268,1),(62403,269,5),(62404,165,3),(62405,271,5),(62406,270,4),(62407,126,1),(62408,350,2),(62409,271,6),(62410,273,1),(62411,272,2),(62412,421,2),(62413,361,1),(62414,357,4),(62415,358,2),(62416,151,4),(62417,365,1),(62418,362,6),(62419,363,5),(62420,364,3),(62421,366,4),(62422,368,3),(62423,408,2),(62424,173,1),(62425,187,3),(62426,302,2),(62427,249,3),(62428,247,3),(62429,182,3),(62430,183,2),(62431,156,2),(62432,188,3),(62433,248,4),(62434,247,3),(62435,150,2),(62436,119,5),(62437,251,4),(62438,253,3),(62439,250,5),(62440,189,5),(62441,251,2),(62442,253,2),(62443,250,3),(62444,190,3),(62445,253,4),(62446,152,3),(62447,167,3),(62448,389,2),(62449,390,2),(62450,387,4),(62451,153,2),(62452,252,5),(62453,253,6),(62454,173,1),(62455,389,3),(62456,390,3),(62457,421,2),(62458,173,1),(62459,184,2),(62460,182,5),(62461,183,4),(62462,332,2),(62463,123,3),(62464,185,5),(62465,186,4),(62466,157,2),(62467,355,2),(62468,185,5),(62469,186,4),(62470,125,1),(62471,185,8),(62472,186,6),(62473,416,3),(62474,173,1),(62475,122,3),(62476,170,2),(62477,257,3),(62478,258,2),(62479,150,2),(62480,258,2),(62481,256,2),(62482,141,2),(62483,331,2),(62484,332,2),(62485,329,4),(62486,123,3),(62487,261,3),(62488,260,3),(62489,259,4),(62490,364,2),(62491,171,3),(62492,261,4),(62493,262,2),(62494,409,2),(62495,261,6),(62496,262,4),(62497,173,1),(62498,331,2),(62499,334,1),(62500,333,2),(62501,137,5),(62502,143,1),(62503,337,4),(62504,338,3),(62505,335,8),(62506,337,6),(62507,338,5),(62508,339,1),(62509,425,2),(62510,138,5),(62511,139,5),(62512,140,5),(62513,141,5),(62514,149,8),(62515,150,6),(62516,136,8),(62517,369,3),(62518,370,1),(62519,372,3),(62520,124,1),(62521,377,8),(62522,381,1),(62523,376,4),(62524,380,4),(62525,142,4),(62526,143,2),(62527,153,10),(62528,173,1),(62529,123,5),(62530,375,4),(62531,373,5),(62532,371,4),(62533,375,6),(62534,374,3),(62535,125,2),(62536,437,4),(62537,126,3),(62538,437,4),(62539,379,2),(62540,378,2),(62541,122,10),(62542,123,10),(62543,121,10),(62544,124,1),(62545,119,10),(62546,126,1),(62547,120,5),(62548,173,1),(62549,434,2),(62550,126,2),(62551,425,2),(62552,173,1),(62553,441,4),(62554,443,1),(62555,437,6),(62556,439,2),(62557,432,3),(62558,125,2),(62559,423,3),(62560,441,2),(62561,522,2),(62562,516,6),(62563,518,3),(62564,519,2),(62565,523,1),(62566,520,2),(62567,518,5),(62568,174,5),(62569,116,1),(62570,116,2),(62571,121,2),(62572,116,5),(62573,117,2),(62574,118,2),(62575,117,5),(62576,148,2),(62577,122,2),(62578,118,5),(62579,117,10),(62580,150,2),(62581,122,4),(62582,168,4),(62583,318,3),(62584,124,3),(62585,166,1),(62586,121,3),(62587,246,3),(62588,247,1),(62589,158,1),(62590,230,2),(62591,228,3),(62592,119,8),(62593,118,5),(62594,123,2),(62595,119,5),(62596,118,10),(62597,123,3),(62598,120,8),(62599,119,20),(62600,174,2),(62601,126,1),(62602,120,13),(62603,406,2),(62604,410,4),(62605,407,2),(62606,409,3),(62607,411,1),(62608,408,5),(62609,409,5),(62610,440,2),(62611,123,4),(62612,169,4),(62613,324,3),(62614,125,3),(62615,434,3),(62616,169,4),(62617,327,3),(62618,125,6),(62619,118,5),(62620,187,3),(62621,248,2),(62622,249,3),(62623,210,3),(62624,304,1),(62625,301,3),(62626,122,3),(62627,188,3),(62628,248,4),(62629,150,2),(62630,119,5),(62631,189,5),(62632,251,2),(62633,250,3),(62634,120,5),(62635,190,3),(62636,253,4),(62637,167,3),(62638,174,3),(62639,252,5),(62640,253,6),(62641,173,1),(62642,359,2),(62643,304,3),(62644,303,2),(62645,160,2),(62646,211,6),(62647,309,3),(62648,306,5),(62649,305,2),(62650,365,1),(62651,309,4),(62652,308,2),(62653,161,4),(62654,172,1),(62655,309,5),(62656,308,3),(62657,416,2),(62658,122,3),(62659,231,2),(62660,229,3),(62661,232,1),(62662,118,5),(62663,170,1),(62664,257,2),(62665,258,1),(62666,150,2),(62667,158,2),(62668,230,4),(62669,231,2),(62670,119,8),(62671,236,3),(62672,235,4),(62673,159,2),(62674,233,3),(62675,235,2),(62676,137,3),(62677,159,2),(62678,172,1),(62679,236,4),(62680,235,6),(62681,418,2),(62682,122,3),(62683,150,2),(62684,258,2),(62685,256,2),(62686,119,5),(62687,260,3),(62688,259,4),(62689,181,3),(62690,120,5),(62691,171,3),(62692,262,2),(62693,256,4),(62694,174,3),(62695,261,6),(62696,262,4),(62697,173,1),(62698,147,1),(62699,147,2),(62700,138,1),(62701,148,2),(62702,223,1),(62703,221,2),(62704,220,3),(62705,239,1),(62706,238,2),(62707,237,3),(62708,139,2),(62709,149,1),(62710,148,5),(62711,310,4),(62712,162,2),(62713,313,2),(62714,149,1),(62715,150,2),(62716,136,4),(62717,150,2),(62718,151,2),(62719,137,2),(62720,152,4),(62721,151,6),(62722,137,10),(62723,412,6),(62724,416,5),(62725,414,4),(62726,417,4),(62727,143,1),(62728,153,4),(62729,152,6),(62730,137,20),(62731,419,1),(62732,415,2),(62733,417,6),(62734,438,3),(62735,150,3),(62736,314,1),(62737,312,2),(62738,313,3),(62739,316,4),(62740,317,2),(62741,312,4),(62742,173,1),(62743,163,2),(62744,151,3),(62745,316,4),(62746,312,3),(62747,392,4),(62748,393,1),(62749,395,1),(62750,391,6),(62751,163,3),(62752,152,5),(62753,317,1),(62754,315,8),(62755,163,4),(62756,153,5),(62757,316,6),(62758,173,1),(62759,420,4),(62760,393,2),(62761,396,1),(62762,394,4),(62763,139,3),(62764,223,2),(62765,222,2),(62766,310,3),(62767,223,2),(62768,222,4),(62769,331,2),(62770,141,3),(62771,359,2),(62772,356,4),(62773,150,3),(62774,360,1),(62775,227,3),(62776,225,4),(62777,224,6),(62778,142,3),(62779,227,4),(62780,226,3),(62781,337,2),(62782,172,1),(62783,227,5),(62784,226,4),(62785,409,2),(62786,361,1),(62787,357,4),(62788,358,2),(62789,151,4),(62790,365,1),(62791,362,6),(62792,363,5),(62793,364,3),(62794,366,4),(62795,368,3),(62796,408,2),(62797,173,1),(62798,239,2),(62799,241,1),(62800,118,3),(62801,195,3),(62802,265,2),(62803,263,3),(62804,164,1),(62805,239,4),(62806,240,2),(62807,356,3),(62808,150,3),(62809,243,3),(62810,245,2),(62811,244,2),(62812,197,5),(62813,243,3),(62814,245,4),(62815,362,3),(62816,198,5),(62817,245,5),(62818,244,5),(62819,408,1),(62820,173,1),(62821,265,4),(62822,266,1),(62823,267,1),(62824,345,1),(62825,271,4),(62826,268,1),(62827,269,5),(62828,165,3),(62829,271,5),(62830,270,4),(62831,126,1),(62832,350,2),(62833,271,6),(62834,273,1),(62835,272,2),(62836,421,2),(62837,138,5),(62838,139,5),(62839,140,5),(62840,141,5),(62841,149,8),(62842,150,6),(62843,136,8),(62844,377,8),(62845,381,1),(62846,376,4),(62847,380,4),(62848,142,4),(62849,143,2),(62850,153,10),(62851,173,1),(62852,126,3),(62853,437,4),(62854,379,2),(62855,378,2),(62856,122,10),(62857,123,10),(62858,121,10),(62859,124,1),(62860,119,10),(62861,126,1),(62862,120,5),(62863,173,1),(62864,434,3),(62865,433,2),(62866,431,4),(62867,406,5),(62868,441,4),(62869,443,1),(62870,437,6),(62871,439,2),(62872,434,4),(62873,435,1),(62874,432,5),(62875,442,2),(62876,495,5),(62877,125,1),(62878,491,4),(62879,488,4),(62880,496,5),(62881,492,4),(62882,493,4),(62883,173,2),(62884,522,2),(62885,516,6),(62886,518,3),(62887,519,2),(62888,523,1),(62889,520,2),(62890,518,5),(62891,174,5),(62892,116,1),(62893,116,2),(62894,121,2),(62895,116,5),(62896,117,2),(62897,223,1),(62898,221,2),(62899,220,3),(62900,166,1),(62901,121,3),(62902,246,3),(62903,247,1),(62904,118,2),(62905,117,5),(62906,148,2),(62907,118,5),(62908,170,1),(62909,257,2),(62910,258,1),(62911,122,2),(62912,118,5),(62913,117,10),(62914,150,2),(62915,119,8),(62916,118,5),(62917,123,2),(62918,119,5),(62919,118,10),(62920,123,3),(62921,120,8),(62922,119,20),(62923,174,2),(62924,126,1),(62925,120,13),(62926,406,2),(62927,410,4),(62928,407,2),(62929,409,3),(62930,411,1),(62931,408,5),(62932,409,5),(62933,440,2),(62934,122,3),(62935,150,2),(62936,258,2),(62937,256,2),(62938,119,5),(62939,260,3),(62940,259,4),(62941,181,3),(62942,120,5),(62943,171,3),(62944,262,2),(62945,256,4),(62946,174,3),(62947,261,6),(62948,262,4),(62949,173,1),(62950,139,3),(62951,223,2),(62952,222,2),(62953,310,3),(62954,117,10),(62955,158,3),(62956,278,1),(62957,275,5),(62958,274,5),(62959,275,4),(62960,277,3),(62961,223,2),(62962,222,4),(62963,331,2),(62964,141,3),(62965,227,3),(62966,225,4),(62967,224,6),(62968,142,3),(62969,227,4),(62970,226,3),(62971,337,2),(62972,172,1),(62973,227,5),(62974,226,4),(62975,409,2),(62976,280,4),(62977,278,1),(62978,279,5),(62979,281,3),(62980,284,4),(62981,283,5),(62982,281,4),(62983,173,1),(62984,174,3),(62985,283,6),(62986,282,1),(62987,281,5),(62988,118,5),(62989,187,3),(62990,248,2),(62991,249,3),(62992,122,3),(62993,188,3),(62994,248,4),(62995,150,2),(62996,168,2),(62997,320,3),(62998,318,4),(62999,119,5),(63000,189,5),(63001,251,2),(63002,250,3),(63003,120,5),(63004,190,3),(63005,253,4),(63006,167,3),(63007,174,3),(63008,252,5),(63009,253,6),(63010,173,1),(63011,320,4),(63012,323,1),(63013,322,3),(63014,300,4),(63015,169,2),(63016,326,3),(63017,324,5),(63018,327,3),(63019,434,2),(63020,326,5),(63021,328,1),(63022,325,3),(63023,147,1),(63024,147,2),(63025,138,1),(63026,148,2),(63027,158,1),(63028,230,2),(63029,228,3),(63030,138,1),(63031,178,2),(63032,180,1),(63033,139,2),(63034,149,1),(63035,148,5),(63036,265,2),(63037,263,3),(63038,164,1),(63039,149,1),(63040,150,2),(63041,136,4),(63042,150,2),(63043,151,2),(63044,137,2),(63045,152,4),(63046,151,6),(63047,137,10),(63048,383,4),(63049,382,6),(63050,385,4),(63051,143,1),(63052,153,4),(63053,152,6),(63054,137,20),(63055,384,4),(63056,386,3),(63057,424,4),(63058,173,1),(63059,265,4),(63060,266,1),(63061,267,1),(63062,345,1),(63063,271,4),(63064,268,1),(63065,269,5),(63066,165,3),(63067,271,5),(63068,270,4),(63069,126,1),(63070,350,2),(63071,271,6),(63072,273,1),(63073,272,2),(63074,421,2),(63075,122,3),(63076,231,2),(63077,229,3),(63078,232,1),(63079,293,2),(63080,294,3),(63081,295,1),(63082,150,2),(63083,158,2),(63084,230,4),(63085,231,2),(63086,233,3),(63087,235,2),(63088,137,3),(63089,159,2),(63090,152,3),(63091,234,5),(63092,235,3),(63093,159,2),(63094,172,1),(63095,236,4),(63096,235,6),(63097,418,2),(63098,356,3),(63099,295,3),(63100,296,2),(63101,204,5),(63102,299,4),(63103,297,6),(63104,296,6),(63105,173,1),(63106,299,3),(63107,297,4),(63108,298,5),(63109,206,5),(63110,365,2),(63111,125,1),(63112,299,4),(63113,300,3),(63114,401,4),(63115,398,5),(63116,402,3),(63117,126,1),(63118,153,3),(63119,299,5),(63120,298,7),(63121,173,1),(63122,404,1),(63123,402,4),(63124,403,4),(63125,442,3),(63126,156,2),(63127,160,1),(63128,178,2),(63129,180,2),(63130,310,4),(63131,162,2),(63132,313,2),(63133,210,6),(63134,183,3),(63135,160,2),(63136,180,3),(63137,157,5),(63138,161,2),(63139,179,6),(63140,181,3),(63141,142,2),(63142,309,5),(63143,186,6),(63144,181,6),(63145,431,3),(63146,184,1),(63147,125,2),(63148,181,3),(63149,150,3),(63150,314,1),(63151,312,2),(63152,313,3),(63153,163,2),(63154,151,3),(63155,316,4),(63156,312,3),(63157,163,3),(63158,152,5),(63159,317,1),(63160,315,8),(63161,163,4),(63162,153,5),(63163,316,6),(63164,173,1),(63165,138,5),(63166,139,5),(63167,140,5),(63168,141,5),(63169,149,8),(63170,150,6),(63171,136,8),(63172,369,3),(63173,370,1),(63174,372,3),(63175,124,1),(63176,142,4),(63177,143,2),(63178,153,10),(63179,173,1),(63180,123,5),(63181,375,4),(63182,373,5),(63183,371,4),(63184,375,6),(63185,374,3),(63186,125,2),(63187,437,4),(63188,122,10),(63189,123,10),(63190,121,10),(63191,124,1),(63192,119,10),(63193,126,1),(63194,120,5),(63195,173,1),(63196,420,5),(63197,425,2),(63198,421,2),(63199,427,4),(63200,441,4),(63201,443,1),(63202,437,6),(63203,439,2),(63204,425,2),(63205,428,1),(63206,423,5),(63207,436,5),(63208,522,2),(63209,516,6),(63210,518,3),(63211,519,2),(63212,523,1),(63213,520,2),(63214,518,5),(63215,174,5),(63216,116,1),(63217,116,2),(63218,121,2),(63219,116,5),(63220,117,2),(63221,223,1),(63222,221,2),(63223,220,3),(63224,158,1),(63225,230,2),(63226,228,3),(63227,118,2),(63228,117,5),(63229,148,2),(63230,122,2),(63231,118,5),(63232,117,10),(63233,150,2),(63234,168,2),(63235,320,3),(63236,318,4),(63237,119,8),(63238,118,5),(63239,123,2),(63240,119,5),(63241,118,10),(63242,123,3),(63243,120,8),(63244,119,20),(63245,174,2),(63246,126,1),(63247,120,13),(63248,406,2),(63249,410,4),(63250,407,2),(63251,409,3),(63252,411,1),(63253,408,5),(63254,409,5),(63255,440,2),(63256,320,4),(63257,323,1),(63258,322,3),(63259,300,4),(63260,169,2),(63261,326,3),(63262,324,5),(63263,327,3),(63264,434,2),(63265,326,5),(63266,328,1),(63267,325,3),(63268,139,3),(63269,223,2),(63270,222,2),(63271,310,3),(63272,118,5),(63273,170,1),(63274,257,2),(63275,258,1),(63276,223,2),(63277,222,4),(63278,331,2),(63279,141,3),(63280,119,10),(63281,227,3),(63282,225,6),(63283,224,6),(63284,227,3),(63285,225,4),(63286,224,6),(63287,142,3),(63288,227,4),(63289,226,3),(63290,337,2),(63291,383,4),(63292,382,6),(63293,385,4),(63294,172,1),(63295,227,5),(63296,226,4),(63297,409,2),(63298,384,4),(63299,386,3),(63300,424,4),(63301,173,1),(63302,122,3),(63303,150,2),(63304,258,2),(63305,256,2),(63306,119,5),(63307,260,3),(63308,259,4),(63309,181,3),(63310,120,5),(63311,171,3),(63312,262,2),(63313,256,4),(63314,174,3),(63315,261,6),(63316,262,4),(63317,173,1),(63318,122,3),(63319,231,2),(63320,229,3),(63321,232,1),(63322,150,2),(63323,158,2),(63324,230,4),(63325,231,2),(63326,164,2),(63327,345,1),(63328,340,1),(63329,342,2),(63330,233,3),(63331,235,2),(63332,137,3),(63333,159,2),(63334,152,3),(63335,234,5),(63336,235,3),(63337,159,2),(63338,172,1),(63339,236,4),(63340,235,6),(63341,418,2),(63342,165,3),(63343,346,1),(63344,340,6),(63345,343,2),(63346,348,4),(63347,350,1),(63348,347,6),(63349,349,2),(63350,353,4),(63351,352,6),(63352,355,3),(63353,351,1),(63354,352,8),(63355,354,3),(63356,351,1),(63357,423,2),(63358,147,1),(63359,147,2),(63360,138,1),(63361,148,2),(63362,239,1),(63363,238,2),(63364,237,3),(63365,139,2),(63366,149,1),(63367,148,5),(63368,182,3),(63369,183,2),(63370,156,2),(63371,149,1),(63372,150,2),(63373,136,4),(63374,150,2),(63375,151,2),(63376,137,2),(63377,152,4),(63378,151,6),(63379,137,10),(63380,143,1),(63381,153,4),(63382,152,6),(63383,137,20),(63384,412,6),(63385,416,5),(63386,414,4),(63387,417,4),(63388,419,1),(63389,415,2),(63390,417,6),(63391,438,3),(63392,184,2),(63393,182,5),(63394,183,4),(63395,332,2),(63396,185,6),(63397,184,1),(63398,186,4),(63399,125,1),(63400,123,3),(63401,185,5),(63402,186,4),(63403,157,2),(63404,355,2),(63405,185,5),(63406,186,4),(63407,125,1),(63408,185,8),(63409,186,6),(63410,416,3),(63411,173,1),(63412,239,2),(63413,241,1),(63414,118,3),(63415,195,3),(63416,239,4),(63417,240,2),(63418,356,3),(63419,150,3),(63420,331,2),(63421,332,2),(63422,329,4),(63423,166,1),(63424,139,2),(63425,246,3),(63426,247,1),(63427,243,3),(63428,245,2),(63429,244,2),(63430,197,5),(63431,243,3),(63432,245,4),(63433,362,3),(63434,198,5),(63435,245,5),(63436,244,5),(63437,408,1),(63438,173,1),(63439,331,2),(63440,334,1),(63441,333,2),(63442,137,5),(63443,143,1),(63444,337,4),(63445,338,3),(63446,335,8),(63447,337,6),(63448,338,5),(63449,339,1),(63450,425,2),(63451,187,3),(63452,248,2),(63453,249,3),(63454,136,5),(63455,140,2),(63456,188,3),(63457,248,4),(63458,150,2),(63459,189,5),(63460,251,2),(63461,250,3),(63462,137,5),(63463,190,3),(63464,253,4),(63465,152,3),(63466,167,3),(63467,153,4),(63468,252,5),(63469,253,6),(63470,173,1),(63471,138,5),(63472,139,5),(63473,140,5),(63474,141,5),(63475,149,8),(63476,150,6),(63477,136,8),(63478,369,3),(63479,370,1),(63480,372,3),(63481,124,1),(63482,142,4),(63483,143,2),(63484,153,10),(63485,173,1),(63486,401,4),(63487,398,5),(63488,402,3),(63489,126,1),(63490,404,1),(63491,402,4),(63492,403,4),(63493,442,3),(63494,123,5),(63495,375,4),(63496,373,5),(63497,371,4),(63498,375,6),(63499,374,3),(63500,125,2),(63501,437,4),(63502,122,10),(63503,123,10),(63504,121,10),(63505,124,1),(63506,119,10),(63507,126,1),(63508,120,5),(63509,173,1),(63510,434,3),(63511,433,2),(63512,431,4),(63513,406,5),(63514,441,4),(63515,443,1),(63516,437,6),(63517,439,2),(63518,434,4),(63519,435,1),(63520,432,5),(63521,442,2),(63522,490,4),(63523,495,5),(63524,125,1),(63525,491,4),(63526,496,5),(63527,492,4),(63528,493,4),(63529,173,2),(63530,522,2),(63531,516,6),(63532,518,3),(63533,519,2),(63534,523,1),(63535,520,2),(63536,518,5),(63537,174,5),(63538,116,1),(63539,116,2),(63540,121,2),(63541,116,5),(63542,117,2),(63543,257,1),(63544,255,2),(63545,254,3),(63546,166,1),(63547,249,1),(63548,246,3),(63549,247,1),(63550,118,2),(63551,117,5),(63552,148,2),(63553,122,2),(63554,118,5),(63555,117,10),(63556,150,2),(63557,119,8),(63558,118,5),(63559,123,2),(63560,119,5),(63561,118,10),(63562,123,3),(63563,120,8),(63564,119,20),(63565,174,2),(63566,126,1),(63567,120,13),(63568,406,2),(63569,410,4),(63570,407,2),(63571,409,3),(63572,411,1),(63573,408,5),(63574,409,5),(63575,440,2),(63576,122,3),(63577,170,2),(63578,257,3),(63579,258,2),(63580,274,5),(63581,275,4),(63582,277,3),(63583,150,2),(63584,258,2),(63585,256,2),(63586,141,2),(63587,164,2),(63588,345,1),(63589,340,1),(63590,342,2),(63591,261,6),(63592,262,2),(63593,260,7),(63594,173,1),(63595,123,3),(63596,261,3),(63597,260,3),(63598,259,4),(63599,364,2),(63600,171,3),(63601,261,4),(63602,262,2),(63603,409,2),(63604,261,6),(63605,262,4),(63606,173,1),(63607,165,3),(63608,346,1),(63609,340,6),(63610,343,2),(63611,348,4),(63612,350,1),(63613,347,6),(63614,349,2),(63615,353,4),(63616,352,6),(63617,355,3),(63618,351,1),(63619,352,8),(63620,354,3),(63621,351,1),(63622,423,2),(63623,280,4),(63624,278,1),(63625,279,5),(63626,281,3),(63627,284,4),(63628,283,5),(63629,281,4),(63630,173,1),(63631,174,3),(63632,283,6),(63633,282,1),(63634,281,5),(63635,187,3),(63636,302,2),(63637,249,3),(63638,247,3),(63639,188,3),(63640,248,4),(63641,247,3),(63642,150,2),(63643,168,2),(63644,320,3),(63645,318,4),(63646,189,5),(63647,251,2),(63648,253,2),(63649,250,3),(63650,190,3),(63651,253,4),(63652,152,3),(63653,167,3),(63654,153,2),(63655,252,5),(63656,253,6),(63657,173,1),(63658,320,4),(63659,323,1),(63660,322,3),(63661,300,4),(63662,169,2),(63663,326,3),(63664,324,5),(63665,327,3),(63666,434,2),(63667,326,5),(63668,328,1),(63669,325,3),(63670,147,1),(63671,147,2),(63672,138,1),(63673,148,2),(63674,216,1),(63675,214,1),(63676,213,3),(63677,154,1),(63678,239,1),(63679,238,2),(63680,237,3),(63681,139,2),(63682,149,1),(63683,148,5),(63684,149,1),(63685,150,2),(63686,136,4),(63687,150,2),(63688,151,2),(63689,137,2),(63690,152,4),(63691,151,6),(63692,137,10),(63693,401,4),(63694,398,5),(63695,402,3),(63696,126,1),(63697,143,1),(63698,153,4),(63699,152,6),(63700,137,20),(63701,404,1),(63702,402,4),(63703,403,4),(63704,442,3),(63705,140,2),(63706,216,2),(63707,215,2),(63708,287,3),(63709,210,3),(63710,304,1),(63711,301,3),(63712,216,3),(63713,215,3),(63714,213,5),(63715,150,3),(63716,219,4),(63717,215,6),(63718,217,6),(63719,155,5),(63720,219,6),(63721,203,6),(63722,152,4),(63723,291,5),(63724,219,8),(63725,218,6),(63726,125,1),(63727,417,2),(63728,359,2),(63729,304,3),(63730,303,2),(63731,160,2),(63732,309,5),(63733,308,3),(63734,161,6),(63735,137,5),(63736,211,6),(63737,309,3),(63738,306,5),(63739,305,2),(63740,365,1),(63741,309,4),(63742,308,2),(63743,161,4),(63744,172,1),(63745,309,5),(63746,308,3),(63747,416,2),(63748,412,6),(63749,416,5),(63750,414,4),(63751,417,4),(63752,419,1),(63753,415,2),(63754,417,6),(63755,438,3),(63756,239,2),(63757,241,1),(63758,118,3),(63759,195,3),(63760,265,2),(63761,263,3),(63762,164,1),(63763,239,4),(63764,240,2),(63765,356,3),(63766,150,3),(63767,243,3),(63768,245,2),(63769,244,2),(63770,197,5),(63771,243,3),(63772,245,4),(63773,362,3),(63774,198,5),(63775,245,5),(63776,244,5),(63777,408,1),(63778,173,1),(63779,265,4),(63780,266,1),(63781,267,1),(63782,345,1),(63783,271,4),(63784,268,1),(63785,269,5),(63786,165,3),(63787,271,5),(63788,270,4),(63789,126,1),(63790,350,2),(63791,271,6),(63792,273,1),(63793,272,2),(63794,421,2),(63795,138,5),(63796,139,5),(63797,140,5),(63798,141,5),(63799,149,8),(63800,150,6),(63801,136,8),(63802,377,8),(63803,381,1),(63804,376,4),(63805,380,4),(63806,142,4),(63807,143,2),(63808,153,10),(63809,173,1),(63810,126,3),(63811,437,4),(63812,379,2),(63813,378,2),(63814,122,10),(63815,123,10),(63816,121,10),(63817,124,1),(63818,119,10),(63819,126,1),(63820,120,5),(63821,173,1),(63822,434,3),(63823,433,2),(63824,431,4),(63825,406,5),(63826,441,4),(63827,443,1),(63828,437,6),(63829,439,2),(63830,434,4),(63831,435,1),(63832,432,5),(63833,442,2),(63834,522,2),(63835,516,6),(63836,518,3),(63837,519,2),(63838,523,1),(63839,520,2),(63840,518,5),(63841,174,5),(63842,116,1),(63843,116,2),(63844,121,2),(63845,116,5),(63846,117,2),(63847,216,1),(63848,214,1),(63849,213,3),(63850,154,1),(63851,118,2),(63852,117,5),(63853,148,2),(63854,118,5),(63855,170,1),(63856,257,2),(63857,258,1),(63858,122,2),(63859,118,5),(63860,117,10),(63861,150,2),(63862,168,2),(63863,320,3),(63864,318,4),(63865,119,8),(63866,118,5),(63867,123,2),(63868,119,5),(63869,118,10),(63870,123,3),(63871,120,8),(63872,119,20),(63873,174,2),(63874,126,1),(63875,120,13),(63876,406,2),(63877,410,4),(63878,407,2),(63879,409,3),(63880,411,1),(63881,408,5),(63882,409,5),(63883,440,2),(63884,320,4),(63885,323,1),(63886,322,3),(63887,300,4),(63888,169,2),(63889,326,3),(63890,324,5),(63891,327,3),(63892,434,2),(63893,326,5),(63894,328,1),(63895,325,3),(63896,122,3),(63897,150,2),(63898,258,2),(63899,256,2),(63900,119,7),(63901,124,1),(63902,171,4),(63903,259,3),(63904,119,5),(63905,260,3),(63906,259,4),(63907,181,3),(63908,120,5),(63909,171,3),(63910,262,2),(63911,256,4),(63912,392,4),(63913,393,1),(63914,395,1),(63915,391,6),(63916,174,3),(63917,261,6),(63918,262,4),(63919,173,1),(63920,420,4),(63921,393,2),(63922,396,1),(63923,394,4),(63924,140,2),(63925,216,2),(63926,215,2),(63927,287,3),(63928,216,3),(63929,215,3),(63930,213,5),(63931,150,3),(63932,164,2),(63933,345,1),(63934,340,1),(63935,342,2),(63936,219,4),(63937,215,6),(63938,217,6),(63939,155,5),(63940,219,6),(63941,203,6),(63942,152,4),(63943,291,5),(63944,401,4),(63945,398,5),(63946,402,3),(63947,126,1),(63948,219,8),(63949,218,6),(63950,125,1),(63951,417,2),(63952,404,1),(63953,402,4),(63954,403,4),(63955,442,3),(63956,165,3),(63957,346,1),(63958,340,6),(63959,343,2),(63960,348,4),(63961,350,1),(63962,347,6),(63963,349,2),(63964,353,4),(63965,352,6),(63966,355,3),(63967,351,1),(63968,147,1),(63969,147,2),(63970,138,1),(63971,148,2),(63972,166,1),(63973,249,1),(63974,246,3),(63975,247,1),(63976,239,1),(63977,238,2),(63978,237,3),(63979,139,2),(63980,149,1),(63981,148,5),(63982,149,1),(63983,150,2),(63984,136,4),(63985,150,2),(63986,151,2),(63987,137,2),(63988,152,4),(63989,151,6),(63990,137,10),(63991,143,1),(63992,153,4),(63993,152,6),(63994,137,20),(63995,412,6),(63996,416,5),(63997,414,4),(63998,417,4),(63999,419,1),(64000,415,2),(64001,417,6),(64002,438,3),(64003,187,3),(64004,302,2),(64005,249,3),(64006,247,3),(64007,293,2),(64008,294,3),(64009,295,1),(64010,188,3),(64011,248,4),(64012,247,3),(64013,150,2),(64014,119,5),(64015,251,4),(64016,253,3),(64017,250,5),(64018,189,5),(64019,251,2),(64020,253,2),(64021,250,3),(64022,190,3),(64023,253,4),(64024,152,3),(64025,167,3),(64026,153,2),(64027,252,5),(64028,253,6),(64029,173,1),(64030,356,3),(64031,295,3),(64032,296,2),(64033,204,5),(64034,299,3),(64035,297,4),(64036,298,5),(64037,206,5),(64038,365,2),(64039,125,1),(64040,299,4),(64041,300,3),(64042,153,3),(64043,299,5),(64044,298,7),(64045,173,1),(64046,239,2),(64047,241,1),(64048,118,3),(64049,195,3),(64050,265,3),(64051,264,2),(64052,263,3),(64053,164,2),(64054,239,4),(64055,240,2),(64056,356,3),(64057,150,3),(64058,359,2),(64059,356,4),(64060,150,3),(64061,360,1),(64062,243,3),(64063,245,2),(64064,244,2),(64065,197,5),(64066,243,3),(64067,245,4),(64068,362,3),(64069,198,5),(64070,245,5),(64071,244,5),(64072,408,1),(64073,173,1),(64074,361,1),(64075,357,4),(64076,358,2),(64077,151,4),(64078,365,1),(64079,362,6),(64080,363,5),(64081,364,3),(64082,366,4),(64083,367,2),(64084,368,1),(64085,173,1),(64086,366,6),(64087,368,3),(64088,143,2),(64089,439,2),(64090,271,4),(64091,268,1),(64092,269,5),(64093,165,3),(64094,273,1),(64095,272,2),(64096,270,4),(64097,416,5),(64098,138,5),(64099,139,5),(64100,140,5),(64101,141,5),(64102,149,8),(64103,150,6),(64104,136,8),(64105,369,3),(64106,370,1),(64107,372,3),(64108,124,1),(64109,142,4),(64110,143,2),(64111,153,10),(64112,173,1),(64113,123,5),(64114,375,4),(64115,373,5),(64116,371,4),(64117,375,6),(64118,374,3),(64119,125,2),(64120,437,4),(64121,122,10),(64122,123,10),(64123,121,10),(64124,124,1),(64125,119,10),(64126,126,1),(64127,120,5),(64128,173,1),(64129,420,5),(64130,425,2),(64131,421,2),(64132,427,4),(64133,441,4),(64134,443,1),(64135,437,6),(64136,439,2),(64137,425,2),(64138,428,1),(64139,423,5),(64140,436,5),(64141,522,2),(64142,516,6),(64143,518,3),(64144,519,2),(64145,523,1),(64146,520,2),(64147,518,5),(64148,174,5),(64149,116,1),(64150,116,2),(64151,121,2),(64152,116,5),(64153,117,2),(64154,166,1),(64155,249,1),(64156,246,3),(64157,247,1),(64158,118,2),(64159,117,5),(64160,148,2),(64161,122,2),(64162,118,5),(64163,117,10),(64164,150,2),(64165,164,2),(64166,345,1),(64167,340,1),(64168,342,2),(64169,119,8),(64170,118,5),(64171,123,2),(64172,119,5),(64173,118,10),(64174,123,3),(64175,120,8),(64176,119,20),(64177,174,2),(64178,126,1),(64179,120,13),(64180,406,2),(64181,410,4),(64182,407,2),(64183,409,3),(64184,411,1),(64185,408,5),(64186,409,5),(64187,440,2),(64188,165,3),(64189,346,1),(64190,340,6),(64191,343,2),(64192,348,4),(64193,350,1),(64194,347,6),(64195,349,2),(64196,353,4),(64197,352,6),(64198,355,3),(64199,351,1),(64200,187,3),(64201,302,2),(64202,249,3),(64203,247,3),(64204,117,10),(64205,158,3),(64206,278,1),(64207,275,5),(64208,274,5),(64209,275,4),(64210,277,3),(64211,188,3),(64212,248,4),(64213,247,3),(64214,150,2),(64215,122,3),(64216,168,2),(64217,320,3),(64218,318,4),(64219,189,5),(64220,251,2),(64221,253,2),(64222,250,3),(64223,190,3),(64224,253,4),(64225,152,3),(64226,167,3),(64227,153,2),(64228,252,5),(64229,253,6),(64230,173,1),(64231,119,5),(64232,322,2),(64233,321,3),(64234,204,5),(64235,169,3),(64236,120,5),(64237,324,5),(64238,327,3),(64239,174,3),(64240,326,5),(64241,325,3),(64242,173,1),(64243,280,4),(64244,278,1),(64245,279,5),(64246,281,3),(64247,284,4),(64248,283,5),(64249,281,4),(64250,173,1),(64251,174,3),(64252,283,6),(64253,282,1),(64254,281,5),(64255,147,1),(64256,147,2),(64257,138,1),(64258,148,2),(64259,216,1),(64260,214,1),(64261,213,3),(64262,154,1),(64263,257,1),(64264,255,2),(64265,254,3),(64266,139,2),(64267,149,1),(64268,148,5),(64269,149,1),(64270,150,2),(64271,136,4),(64272,359,2),(64273,356,4),(64274,150,3),(64275,360,1),(64276,150,2),(64277,151,2),(64278,137,2),(64279,152,4),(64280,151,6),(64281,137,10),(64282,143,1),(64283,153,4),(64284,152,6),(64285,137,20),(64286,361,1),(64287,357,4),(64288,358,2),(64289,151,4),(64290,365,1),(64291,362,6),(64292,363,5),(64293,364,3),(64294,366,4),(64295,368,3),(64296,408,2),(64297,173,1),(64298,140,2),(64299,216,2),(64300,215,2),(64301,287,3),(64302,210,3),(64303,304,1),(64304,301,3),(64305,216,3),(64306,215,3),(64307,213,5),(64308,150,3),(64309,219,4),(64310,215,6),(64311,217,6),(64312,155,5),(64313,219,6),(64314,203,6),(64315,152,4),(64316,291,5),(64317,383,4),(64318,382,6),(64319,385,4),(64320,219,8),(64321,218,6),(64322,125,1),(64323,417,2),(64324,384,4),(64325,386,3),(64326,424,4),(64327,173,1),(64328,359,2),(64329,304,3),(64330,303,2),(64331,160,2),(64332,309,5),(64333,308,3),(64334,161,6),(64335,137,5),(64336,211,6),(64337,309,3),(64338,306,5),(64339,305,2),(64340,365,1),(64341,309,4),(64342,308,2),(64343,161,4),(64344,172,1),(64345,309,5),(64346,308,3),(64347,416,2),(64348,412,6),(64349,416,5),(64350,414,4),(64351,417,4),(64352,419,1),(64353,415,2),(64354,417,6),(64355,438,3),(64356,122,3),(64357,170,2),(64358,257,3),(64359,258,2),(64360,150,2),(64361,258,2),(64362,256,2),(64363,141,2),(64364,331,2),(64365,332,2),(64366,329,4),(64367,123,3),(64368,261,3),(64369,260,3),(64370,259,4),(64371,364,2),(64372,171,3),(64373,261,4),(64374,262,2),(64375,409,2),(64376,261,6),(64377,262,4),(64378,173,1),(64379,331,2),(64380,334,1),(64381,333,2),(64382,137,5),(64383,143,1),(64384,337,4),(64385,338,3),(64386,335,8),(64387,337,6),(64388,338,5),(64389,339,1),(64390,425,2),(64391,138,5),(64392,139,5),(64393,140,5),(64394,141,5),(64395,149,8),(64396,150,6),(64397,136,8),(64398,377,8),(64399,381,1),(64400,376,4),(64401,380,4),(64402,142,4),(64403,143,2),(64404,153,10),(64405,173,1),(64406,126,3),(64407,437,4),(64408,379,2),(64409,378,2),(64410,122,10),(64411,123,10),(64412,121,10),(64413,124,1),(64414,119,10),(64415,126,1),(64416,120,5),(64417,173,1),(64418,434,3),(64419,433,2),(64420,431,4),(64421,406,5),(64422,441,4),(64423,443,1),(64424,437,6),(64425,439,2),(64426,434,4),(64427,435,1),(64428,432,5),(64429,442,2),(64430,522,2),(64431,516,6),(64432,518,3),(64433,519,2),(64434,523,1),(64435,520,2),(64436,518,5),(64437,174,5),(64438,116,1),(64439,116,2),(64440,121,2),(64441,116,5),(64442,117,2),(64443,223,1),(64444,221,2),(64445,220,3),(64446,158,1),(64447,230,2),(64448,228,3),(64449,118,2),(64450,117,5),(64451,148,2),(64452,122,2),(64453,118,5),(64454,117,10),(64455,150,2),(64456,164,2),(64457,345,1),(64458,340,1),(64459,342,2),(64460,119,8),(64461,118,5),(64462,123,2),(64463,119,5),(64464,118,10),(64465,123,3),(64466,120,8),(64467,119,20),(64468,174,2),(64469,126,1),(64470,120,13),(64471,406,2),(64472,410,4),(64473,407,2),(64474,409,3),(64475,411,1),(64476,408,5),(64477,409,5),(64478,440,2),(64479,165,3),(64480,346,1),(64481,340,6),(64482,343,2),(64483,348,4),(64484,350,1),(64485,347,6),(64486,349,2),(64487,353,4),(64488,352,6),(64489,355,3),(64490,351,1),(64491,139,3),(64492,223,2),(64493,222,2),(64494,310,3),(64495,287,2),(64496,288,1),(64497,285,3),(64498,223,2),(64499,222,4),(64500,331,2),(64501,141,3),(64502,227,3),(64503,225,4),(64504,224,6),(64505,142,3),(64506,227,4),(64507,226,3),(64508,337,2),(64509,172,1),(64510,227,5),(64511,226,4),(64512,409,2),(64513,322,2),(64514,154,3),(64515,287,3),(64516,288,2),(64517,122,3),(64518,168,2),(64519,320,3),(64520,318,4),(64521,124,1),(64522,291,3),(64523,292,1),(64524,289,5),(64525,327,2),(64526,155,5),(64527,291,4),(64528,292,2),(64529,172,1),(64530,431,2),(64531,291,5),(64532,292,3),(64533,119,5),(64534,322,2),(64535,321,3),(64536,204,5),(64537,169,3),(64538,120,5),(64539,324,5),(64540,327,3),(64541,174,3),(64542,326,5),(64543,325,3),(64544,173,1),(64545,122,3),(64546,231,2),(64547,229,3),(64548,232,1),(64549,150,2),(64550,158,2),(64551,230,4),(64552,231,2),(64553,119,8),(64554,236,3),(64555,235,4),(64556,159,2),(64557,233,3),(64558,235,2),(64559,137,3),(64560,159,2),(64561,152,3),(64562,234,5),(64563,235,3),(64564,159,2),(64565,383,4),(64566,382,6),(64567,385,4),(64568,172,1),(64569,236,4),(64570,235,6),(64571,418,2),(64572,384,4),(64573,386,3),(64574,424,4),(64575,173,1),(64576,147,1),(64577,147,2),(64578,138,1),(64579,148,2),(64580,166,1),(64581,139,2),(64582,246,3),(64583,247,1),(64584,257,1),(64585,255,2),(64586,254,3),(64587,139,2),(64588,149,1),(64589,148,5),(64590,265,5),(64591,264,4),(64592,268,1),(64593,267,2),(64594,265,3),(64595,264,2),(64596,263,3),(64597,164,2),(64598,149,1),(64599,150,2),(64600,136,4),(64601,150,2),(64602,151,2),(64603,137,2),(64604,152,4),(64605,151,6),(64606,137,10),(64607,143,1),(64608,153,4),(64609,152,6),(64610,137,20),(64611,412,6),(64612,416,5),(64613,414,4),(64614,417,4),(64615,419,1),(64616,415,2),(64617,417,6),(64618,438,3),(64619,271,4),(64620,268,1),(64621,269,5),(64622,165,3),(64623,273,1),(64624,272,2),(64625,270,4),(64626,416,5),(64627,187,3),(64628,248,2),(64629,249,3),(64630,136,5),(64631,140,2),(64632,188,3),(64633,248,4),(64634,150,2),(64635,359,2),(64636,356,4),(64637,150,3),(64638,360,1),(64639,189,5),(64640,251,2),(64641,250,3),(64642,137,5),(64643,190,3),(64644,253,4),(64645,152,3),(64646,167,3),(64647,153,4),(64648,252,5),(64649,253,6),(64650,173,1),(64651,361,1),(64652,357,4),(64653,358,2),(64654,151,4),(64655,365,1),(64656,362,6),(64657,363,5),(64658,364,3),(64659,366,4),(64660,368,3),(64661,408,2),(64662,173,1),(64663,122,3),(64664,170,2),(64665,257,3),(64666,258,2),(64667,150,2),(64668,258,2),(64669,256,2),(64670,141,2),(64671,331,2),(64672,332,2),(64673,329,4),(64674,123,3),(64675,261,3),(64676,260,3),(64677,259,4),(64678,364,2),(64679,171,3),(64680,261,4),(64681,262,2),(64682,409,2),(64683,261,6),(64684,262,4),(64685,173,1),(64686,331,2),(64687,334,1),(64688,333,2),(64689,137,5),(64690,143,1),(64691,337,4),(64692,338,3),(64693,335,8),(64694,337,6),(64695,338,5),(64696,339,1),(64697,425,2),(64698,138,5),(64699,139,5),(64700,140,5),(64701,141,5),(64702,149,8),(64703,150,6),(64704,136,8),(64705,369,3),(64706,370,1),(64707,372,3),(64708,124,1),(64709,142,4),(64710,143,2),(64711,153,10),(64712,173,1),(64713,123,5),(64714,375,4),(64715,373,5),(64716,371,4),(64717,375,6),(64718,374,3),(64719,125,2),(64720,437,4),(64721,122,10),(64722,123,10),(64723,121,10),(64724,124,1),(64725,119,10),(64726,126,1),(64727,120,5),(64728,173,1),(64729,434,3),(64730,433,2),(64731,431,4),(64732,406,5),(64733,441,4),(64734,443,1),(64735,437,6),(64736,439,2),(64737,434,4),(64738,435,1),(64739,432,5),(64740,442,2),(64741,522,2),(64742,516,6),(64743,518,3),(64744,519,2),(64745,523,1),(64746,520,2),(64747,518,5),(64748,174,5),(64749,147,1),(64750,147,2),(64751,138,1),(64752,148,2),(64753,216,1),(64754,214,1),(64755,213,3),(64756,154,1),(64757,139,2),(64758,149,1),(64759,148,5),(64760,293,2),(64761,294,3),(64762,295,1),(64763,149,1),(64764,150,2),(64765,136,4),(64766,150,2),(64767,151,2),(64768,137,2),(64769,119,5),(64770,118,10),(64771,123,3),(64772,120,8),(64773,119,20),(64774,174,2),(64775,126,1),(64776,120,13),(64777,406,2),(64778,410,4),(64779,407,2),(64780,409,3),(64781,411,1),(64782,408,5),(64783,409,5),(64784,440,2),(64785,356,3),(64786,295,3),(64787,296,2),(64788,204,5),(64789,299,4),(64790,297,6),(64791,296,5),(64792,173,1),(64793,299,3),(64794,297,4),(64795,298,5),(64796,206,5),(64797,365,2),(64798,125,1),(64799,299,4),(64800,300,3),(64801,401,4),(64802,398,5),(64803,402,3),(64804,126,1),(64805,153,3),(64806,299,5),(64807,298,7),(64808,173,1),(64809,404,1),(64810,402,4),(64811,403,4),(64812,442,3),(64813,140,2),(64814,216,2),(64815,215,2),(64816,287,3),(64817,118,5),(64818,170,1),(64819,257,2),(64820,258,1),(64821,216,3),(64822,215,3),(64823,213,5),(64824,150,3),(64825,164,2),(64826,345,1),(64827,340,1),(64828,342,2),(64829,219,4),(64830,215,6),(64831,217,6),(64832,155,5),(64833,219,6),(64834,203,6),(64835,152,4),(64836,291,5),(64837,219,8),(64838,218,6),(64839,125,1),(64840,417,2),(64841,165,3),(64842,346,1),(64843,340,6),(64844,343,2),(64845,348,4),(64846,350,1),(64847,347,6),(64848,349,2),(64849,353,4),(64850,352,6),(64851,355,3),(64852,351,1),(64853,122,3),(64854,150,2),(64855,258,2),(64856,256,2),(64857,122,3),(64858,168,2),(64859,320,3),(64860,318,4),(64861,119,5),(64862,260,3),(64863,259,4),(64864,181,3),(64865,120,5),(64866,171,3),(64867,262,2),(64868,256,4),(64869,174,3),(64870,261,6),(64871,262,4),(64872,173,1),(64873,119,5),(64874,322,2),(64875,321,3),(64876,204,5),(64877,169,3),(64878,120,5),(64879,324,5),(64880,327,3),(64881,174,3),(64882,326,5),(64883,325,3),(64884,173,1),(64885,147,1),(64886,147,2),(64887,138,1),(64888,148,2),(64889,166,1),(64890,249,1),(64891,246,3),(64892,247,1),(64893,239,1),(64894,238,2),(64895,237,3),(64896,139,2),(64897,149,1),(64898,148,5),(64899,265,2),(64900,263,3),(64901,164,1),(64902,149,1),(64903,150,2),(64904,136,4),(64905,150,2),(64906,151,2),(64907,137,2),(64908,142,4),(64909,143,1),(64910,152,4),(64911,151,10),(64912,152,4),(64913,151,6),(64914,137,10),(64915,143,1),(64916,153,4),(64917,152,6),(64918,137,20),(64919,412,6),(64920,416,5),(64921,414,4),(64922,417,4),(64923,419,1),(64924,415,2),(64925,417,6),(64926,438,3),(64927,265,4),(64928,266,1),(64929,267,1),(64930,345,1),(64931,271,4),(64932,268,1),(64933,269,5),(64934,165,3),(64935,271,5),(64936,270,4),(64937,126,1),(64938,350,2),(64939,271,6),(64940,273,1),(64941,272,2),(64942,421,2),(64943,187,3),(64944,302,2),(64945,249,3),(64946,247,3),(64947,188,3),(64948,248,4),(64949,247,3),(64950,150,2),(64951,189,5),(64952,251,2),(64953,253,2),(64954,250,3),(64955,190,3),(64956,253,4),(64957,152,3),(64958,167,3),(64959,389,2),(64960,390,2),(64961,387,4),(64962,153,2),(64963,252,5),(64964,253,6),(64965,173,1),(64966,389,3),(64967,390,3),(64968,421,2),(64969,173,1),(64970,239,2),(64971,241,1),(64972,118,3),(64973,195,3),(64974,239,4),(64975,240,2),(64976,356,3),(64977,150,3),(64978,331,2),(64979,332,2),(64980,329,4),(64981,243,3),(64982,245,2),(64983,244,2),(64984,197,5),(64985,243,3),(64986,245,4),(64987,362,3),(64988,198,5),(64989,245,5),(64990,244,5),(64991,408,1),(64992,173,1),(64993,331,2),(64994,334,1),(64995,333,2),(64996,137,5),(64997,143,1),(64998,337,4),(64999,338,3),(65000,335,8),(65001,337,6),(65002,338,5),(65003,339,1),(65004,425,2),(65005,138,5),(65006,139,5),(65007,140,5),(65008,141,5),(65009,149,8),(65010,150,6),(65011,136,8),(65012,369,3),(65013,370,1),(65014,372,3),(65015,124,1),(65016,142,4),(65017,143,2),(65018,153,10),(65019,173,1),(65020,401,4),(65021,402,3),(65022,126,1),(65023,483,1),(65024,404,1),(65025,402,4),(65026,403,4),(65027,441,4),(65028,123,5),(65029,375,4),(65030,373,5),(65031,371,4),(65032,375,6),(65033,374,3),(65034,125,2),(65035,437,4),(65036,122,10),(65037,123,10),(65038,121,10),(65039,124,1),(65040,119,10),(65041,126,1),(65042,120,5),(65043,173,1),(65044,434,3),(65045,433,2),(65046,431,4),(65047,406,5),(65048,441,4),(65049,443,1),(65050,437,6),(65051,439,2),(65052,434,4),(65053,435,1),(65054,432,5),(65055,442,2),(65056,490,4),(65057,495,5),(65058,125,1),(65059,491,4),(65060,496,5),(65061,492,4),(65062,493,4),(65063,173,2),(65064,522,2),(65065,516,6),(65066,518,3),(65067,519,2),(65068,523,1),(65069,520,2),(65070,518,5),(65071,174,5),(65072,116,1),(65073,116,2),(65074,121,2),(65075,116,5),(65076,117,2),(65077,166,1),(65078,121,3),(65079,246,3),(65080,247,1),(65081,216,1),(65082,214,1),(65083,213,3),(65084,154,1),(65085,118,2),(65086,117,5),(65087,148,2),(65088,122,2),(65089,118,5),(65090,117,10),(65091,150,2),(65092,119,8),(65093,118,5),(65094,123,2),(65095,119,5),(65096,118,10),(65097,123,3),(65098,120,8),(65099,119,20),(65100,174,2),(65101,126,1),(65102,120,13),(65103,406,2),(65104,410,4),(65105,407,2),(65106,409,3),(65107,411,1),(65108,408,5),(65109,409,5),(65110,440,2),(65111,118,5),(65112,187,3),(65113,248,2),(65114,249,3),(65115,287,2),(65116,288,1),(65117,285,3),(65118,122,3),(65119,188,3),(65120,248,4),(65121,150,2),(65122,119,5),(65123,189,5),(65124,251,2),(65125,250,3),(65126,120,5),(65127,190,3),(65128,253,4),(65129,167,3),(65130,174,3),(65131,252,5),(65132,253,6),(65133,173,1),(65134,322,2),(65135,154,3),(65136,287,3),(65137,288,2),(65138,168,3),(65139,320,4),(65140,323,1),(65141,322,3),(65142,168,2),(65143,320,3),(65144,318,4),(65145,124,1),(65146,291,3),(65147,292,1),(65148,289,5),(65149,327,2),(65150,155,5),(65151,291,4),(65152,292,2),(65153,172,1),(65154,431,2),(65155,291,5),(65156,292,3),(65157,169,2),(65158,326,3),(65159,324,5),(65160,327,3),(65161,434,2),(65162,326,5),(65163,328,1),(65164,325,3),(65165,140,2),(65166,216,2),(65167,215,2),(65168,287,3),(65169,265,2),(65170,263,3),(65171,164,1),(65172,216,3),(65173,215,3),(65174,213,5),(65175,150,3),(65176,219,4),(65177,215,6),(65178,217,6),(65179,155,5),(65180,219,6),(65181,203,6),(65182,152,4),(65183,291,5),(65184,219,8),(65185,218,6),(65186,125,1),(65187,417,2),(65188,265,4),(65189,266,1),(65190,267,1),(65191,345,1),(65192,271,4),(65193,268,1),(65194,269,5),(65195,165,3),(65196,271,6),(65197,273,1),(65198,272,2),(65199,421,2),(65200,147,1),(65201,147,2),(65202,138,1),(65203,148,2),(65204,158,1),(65205,230,2),(65206,228,3),(65207,257,1),(65208,255,2),(65209,254,3),(65210,139,2),(65211,149,1),(65212,148,5),(65213,149,1),(65214,150,2),(65215,136,4),(65216,359,2),(65217,356,4),(65218,150,3),(65219,360,1),(65220,150,2),(65221,151,2),(65222,137,2),(65223,152,4),(65224,151,6),(65225,137,10),(65226,143,1),(65227,153,4),(65228,152,6),(65229,137,20),(65230,361,1),(65231,357,4),(65232,358,2),(65233,151,4),(65234,365,1),(65235,362,6),(65236,363,5),(65237,364,3),(65238,366,4),(65239,367,2),(65240,368,1),(65241,173,1),(65242,366,6),(65243,368,3),(65244,143,2),(65245,439,2),(65246,122,3),(65247,231,2),(65248,229,3),(65249,232,1),(65250,310,4),(65251,162,2),(65252,313,2),(65253,150,2),(65254,158,2),(65255,230,4),(65256,231,2),(65257,233,3),(65258,235,2),(65259,137,3),(65260,159,2),(65261,152,3),(65262,234,5),(65263,235,3),(65264,159,2),(65265,172,1),(65266,236,4),(65267,235,6),(65268,418,2),(65269,150,3),(65270,314,1),(65271,312,2),(65272,313,3),(65273,316,6),(65274,317,2),(65275,312,5),(65276,173,1),(65277,163,2),(65278,151,3),(65279,316,4),(65280,312,3),(65281,163,3),(65282,152,5),(65283,317,1),(65284,315,8),(65285,383,4),(65286,382,6),(65287,385,4),(65288,163,4),(65289,153,5),(65290,316,6),(65291,173,1),(65292,384,4),(65293,386,3),(65294,424,4),(65295,173,1),(65296,122,3),(65297,170,2),(65298,257,3),(65299,258,2),(65300,150,2),(65301,258,2),(65302,256,2),(65303,141,2),(65304,123,3),(65305,261,3),(65306,260,3),(65307,259,4),(65308,364,2),(65309,171,3),(65310,261,4),(65311,262,2),(65312,409,2),(65313,261,6),(65314,262,4),(65315,173,1),(65316,138,5),(65317,139,5),(65318,140,5),(65319,141,5),(65320,149,8),(65321,150,6),(65322,136,8),(65323,369,3),(65324,370,1),(65325,372,3),(65326,124,1),(65327,377,8),(65328,381,1),(65329,376,4),(65330,380,4),(65331,142,4),(65332,143,2),(65333,153,10),(65334,173,1),(65335,123,5),(65336,375,4),(65337,373,5),(65338,371,4),(65339,375,6),(65340,374,3),(65341,125,2),(65342,437,4),(65343,126,3),(65344,437,4),(65345,379,2),(65346,378,2),(65347,122,10),(65348,123,10),(65349,121,10),(65350,124,1),(65351,119,10),(65352,126,1),(65353,120,5),(65354,173,1),(65355,420,5),(65356,425,2),(65357,421,2),(65358,427,4),(65359,441,4),(65360,443,1),(65361,437,6),(65362,439,2),(65363,425,2),(65364,428,1),(65365,423,5),(65366,436,5),(65367,522,2),(65368,516,6),(65369,518,3),(65370,519,2),(65371,523,1),(65372,520,2),(65373,518,5),(65374,174,5),(65375,116,1),(65376,116,2),(65377,121,2),(65378,116,5),(65379,117,2),(65380,223,1),(65381,221,2),(65382,220,3),(65383,166,1),(65384,121,3),(65385,246,3),(65386,247,1),(65387,118,2),(65388,117,5),(65389,148,2),(65390,122,2),(65391,118,5),(65392,117,10),(65393,150,2),(65394,119,8),(65395,118,5),(65396,123,2),(65397,119,5),(65398,118,10),(65399,123,3),(65400,120,8),(65401,119,20),(65402,174,2),(65403,126,1),(65404,120,13),(65405,406,2),(65406,410,4),(65407,407,2),(65408,409,3),(65409,411,1),(65410,408,5),(65411,409,5),(65412,440,2),(65413,139,3),(65414,223,2),(65415,222,2),(65416,310,3),(65417,274,5),(65418,275,4),(65419,277,3),(65420,223,2),(65421,222,4),(65422,331,2),(65423,141,3),(65424,119,10),(65425,227,3),(65426,225,6),(65427,224,6),(65428,227,3),(65429,225,4),(65430,224,6),(65431,142,3),(65432,227,4),(65433,226,3),(65434,337,2),(65435,392,4),(65436,393,1),(65437,395,1),(65438,391,6),(65439,172,1),(65440,227,5),(65441,226,4),(65442,409,2),(65443,420,4),(65444,393,2),(65445,396,1),(65446,394,4),(65447,280,4),(65448,278,1),(65449,279,5),(65450,281,3),(65451,164,2),(65452,344,3),(65453,345,1),(65454,341,2),(65455,174,3),(65456,283,6),(65457,282,1),(65458,281,5),(65459,348,4),(65460,350,1),(65461,347,6),(65462,349,2),(65463,353,4),(65464,352,6),(65465,355,3),(65466,351,1),(65467,118,5),(65468,187,3),(65469,248,2),(65470,249,3),(65471,119,5),(65472,189,5),(65473,251,2),(65474,250,3),(65475,122,3),(65476,188,3),(65477,248,4),(65478,150,2),(65479,168,2),(65480,320,3),(65481,318,4),(65482,120,5),(65483,190,3),(65484,253,4),(65485,167,3),(65486,174,3),(65487,252,5),(65488,253,6),(65489,173,1),(65490,320,4),(65491,323,1),(65492,322,3),(65493,300,4),(65494,169,2),(65495,326,3),(65496,324,5),(65497,327,3),(65498,434,2),(65499,326,5),(65500,328,1),(65501,325,3),(65502,147,1),(65503,147,2),(65504,138,1),(65505,148,2),(65506,158,1),(65507,230,2),(65508,228,3),(65509,257,1),(65510,255,2),(65511,254,3),(65512,139,2),(65513,149,1),(65514,148,5),(65515,149,1),(65516,150,2),(65517,136,4),(65518,359,2),(65519,356,4),(65520,150,3),(65521,360,1),(65522,150,2),(65523,151,2),(65524,137,2),(65525,152,4),(65526,151,6),(65527,137,10),(65528,143,1),(65529,153,4),(65530,152,6),(65531,137,20),(65532,412,6),(65533,416,5),(65534,414,4),(65535,417,4),(65536,419,1),(65537,415,2),(65538,417,6),(65539,438,3),(65540,361,1),(65541,357,4),(65542,358,2),(65543,151,4),(65544,365,1),(65545,363,6),(65546,364,4),(65547,173,1),(65548,365,1),(65549,362,6),(65550,363,5),(65551,364,3),(65552,366,4),(65553,367,2),(65554,368,1),(65555,173,1),(65556,366,6),(65557,368,3),(65558,143,2),(65559,439,2),(65560,122,3),(65561,231,2),(65562,229,3),(65563,232,1),(65564,265,2),(65565,263,3),(65566,164,1),(65567,150,2),(65568,158,2),(65569,230,4),(65570,231,2),(65571,233,3),(65572,235,2),(65573,137,3),(65574,159,2),(65575,152,3),(65576,234,5),(65577,235,3),(65578,159,2),(65579,172,1),(65580,236,4),(65581,235,6),(65582,418,2),(65583,265,4),(65584,266,1),(65585,267,1),(65586,345,1),(65587,271,4),(65588,268,1),(65589,269,5),(65590,165,3),(65591,271,5),(65592,270,4),(65593,126,1),(65594,350,2),(65595,271,6),(65596,273,1),(65597,272,2),(65598,421,2),(65599,122,3),(65600,170,2),(65601,257,3),(65602,258,2),(65603,150,2),(65604,258,2),(65605,256,2),(65606,141,2),(65607,123,3),(65608,261,3),(65609,260,3),(65610,259,4),(65611,409,2),(65612,261,6),(65613,262,4),(65614,173,1),(65615,138,5),(65616,139,5),(65617,140,5),(65618,141,5),(65619,149,8),(65620,150,6),(65621,136,8),(65622,142,4),(65623,143,2),(65624,153,10),(65625,173,1),(65626,122,10),(65627,123,10),(65628,121,10),(65629,124,1),(65630,119,10),(65631,126,1),(65632,120,5),(65633,173,1),(65634,434,3),(65635,433,2),(65636,431,4),(65637,406,5),(65638,441,4),(65639,443,1),(65640,437,6),(65641,439,2),(65642,434,4),(65643,435,1),(65644,432,5),(65645,442,2),(65646,489,4),(65647,495,5),(65648,125,1),(65649,491,4),(65650,496,5),(65651,492,4),(65652,493,4),(65653,173,2),(65654,522,2),(65655,516,6),(65656,518,3),(65657,519,2),(65658,523,1),(65659,520,2),(65660,518,5),(65661,174,5),(65662,265,3),(65663,268,1),(65664,151,5),(65665,527,2),(65666,269,7),(65667,153,3),(65668,527,3),(65669,173,1),(65670,116,2),(65671,116,1),(65672,116,1),(65673,116,1),(65674,116,1),(65675,116,2),(65676,116,1),(65677,116,1),(65678,116,1),(65679,116,1),(65680,201,2),(65681,200,2),(65682,201,2),(65683,147,2),(65684,201,1),(65685,200,1),(65686,201,1),(65687,147,1),(65688,201,1),(65689,147,1),(65690,147,2),(65691,138,2),(65692,147,1),(65693,138,1),(65694,147,3),(65695,195,2),(65696,147,1),(65697,195,1),(65698,147,1),(65699,138,1),(65700,178,2),(65701,116,2),(65702,178,1),(65703,117,1),(65704,180,2),(65705,156,1),(65706,178,1),(65707,116,4),(65708,180,2),(65709,156,1),(65710,195,6),(65711,196,3),(65712,187,4),(65713,188,2),(65714,214,2),(65715,215,2),(65716,216,2),(65717,138,1),(65718,214,2),(65719,216,1),(65720,213,2),(65721,147,3),(65722,213,2),(65723,214,1),(65724,201,3),(65725,214,1),(65726,215,1),(65727,213,2),(65728,154,2),(65729,213,1),(65730,214,1),(65731,215,1),(65732,200,2),(65733,220,2),(65734,221,1),(65735,222,1),(65736,221,2),(65737,222,1),(65738,223,1),(65739,117,2),(65740,220,2),(65741,221,1),(65742,116,3),(65743,221,2),(65744,223,1),(65745,191,2),(65746,221,2),(65747,220,3),(65748,191,2),(65749,117,4),(65750,116,4),(65751,121,2),(65752,117,3),(65753,116,6),(65754,121,1),(65755,117,3),(65756,116,6),(65757,121,1),(65758,117,4),(65759,116,4),(65760,121,2),(65761,117,3),(65762,116,6),(65763,121,1),(65764,229,2),(65765,232,1),(65766,230,2),(65767,117,2),(65768,228,2),(65769,229,1),(65770,116,3),(65771,228,2),(65772,229,1),(65773,158,1),(65774,229,3),(65775,232,1),(65776,231,1),(65777,158,1),(65778,229,2),(65779,231,1),(65780,228,2),(65781,148,1),(65782,238,2),(65783,241,1),(65784,239,2),(65785,195,2),(65786,237,2),(65787,238,1),(65788,239,1),(65789,139,1),(65790,238,3),(65791,241,1),(65792,240,1),(65793,196,1),(65794,237,2),(65795,238,1),(65796,242,2),(65797,238,2),(65798,240,1),(65799,237,1),(65800,242,2),(65801,246,2),(65802,247,1),(65803,249,1),(65804,187,3),(65805,247,2),(65806,249,1),(65807,248,1),(65808,166,1),(65809,247,2),(65810,248,1),(65811,188,2),(65812,246,2),(65813,247,1),(65814,166,1),(65815,247,3),(65816,248,2),(65817,249,2),(65818,121,3),(65819,255,2),(65820,258,2),(65821,257,1),(65822,170,1),(65823,255,2),(65824,258,1),(65825,256,2),(65826,191,2),(65827,255,2),(65828,257,1),(65829,254,2),(65830,148,2),(65831,254,2),(65832,255,1),(65833,170,1),(65834,254,2),(65835,255,1),(65836,176,1),(65837,118,2),(65838,117,1),(65839,116,6),(65840,118,2),(65841,117,2),(65842,116,2),(65843,154,2),(65844,118,2),(65845,117,2),(65846,121,2),(65847,154,2),(65848,118,2),(65849,117,1),(65850,116,6),(65851,118,2),(65852,117,1),(65853,116,6),(65854,145,2),(65855,118,2),(65856,122,2),(65857,164,1),(65858,145,1),(65859,121,2),(65860,122,2),(65861,158,1),(65862,145,1),(65863,121,2),(65864,122,1),(65865,166,1),(65866,145,1),(65867,121,2),(65868,156,1),(65869,170,1),(65870,145,1),(65871,118,2),(65872,156,3),(65873,160,1),(65874,145,1),(65875,118,2),(65876,122,2),(65877,164,1),(65878,145,1),(65879,121,2),(65880,122,2),(65881,158,1),(65882,145,1),(65883,121,2),(65884,122,2),(65885,166,1),(65886,145,1),(65887,121,2),(65888,156,1),(65889,170,1),(65890,145,1),(65891,118,2),(65892,156,3),(65893,160,1),(65894,205,2),(65895,204,3),(65896,140,1),(65897,122,1),(65898,184,1),(65899,182,1),(65900,117,1),(65901,156,1),(65902,183,2),(65903,182,2),(65904,118,2),(65905,117,2),(65906,183,1),(65907,182,1),(65908,116,3),(65909,117,1),(65910,183,1),(65911,182,1),(65912,116,3),(65913,117,1),(65914,183,2),(65915,182,2),(65916,118,3),(65917,156,2),(65918,264,3),(65919,263,3),(65920,267,1),(65921,164,1),(65922,264,3),(65923,265,2),(65924,266,1),(65925,268,1),(65926,264,2),(65927,263,2),(65928,266,1),(65929,149,1),(65930,263,2),(65931,264,1),(65932,265,2),(65933,117,2),(65934,263,2),(65935,264,1),(65936,164,1),(65937,117,2),(65938,275,2),(65939,274,3),(65940,276,2),(65941,164,1),(65942,274,2),(65943,275,1),(65944,276,1),(65945,138,2),(65946,275,2),(65947,274,2),(65948,277,1),(65949,149,2),(65950,274,2),(65951,275,1),(65952,344,2),(65953,139,2),(65954,275,4),(65955,277,1),(65956,344,2),(65957,278,1),(65958,285,2),(65959,286,1),(65960,288,1),(65961,122,1),(65962,286,3),(65963,287,2),(65964,288,2),(65965,124,1),(65966,286,2),(65967,288,1),(65968,285,3),(65969,122,2),(65970,286,2),(65971,287,2),(65972,122,2),(65973,285,2),(65974,286,1),(65975,287,1),(65976,294,2),(65977,296,2),(65978,295,2),(65979,124,1),(65980,294,2),(65981,295,1),(65982,293,2),(65983,140,1),(65984,293,2),(65985,294,1),(65986,296,1),(65987,293,2),(65988,294,1),(65989,295,1),(65990,294,2),(65991,293,2),(65992,296,1),(65993,140,1),(65994,301,2),(65995,302,1),(65996,303,1),(65997,208,3),(65998,302,2),(65999,305,1),(66000,304,2),(66001,160,2),(66002,301,2),(66003,302,1),(66004,210,2),(66005,302,2),(66006,305,1),(66007,303,1),(66008,209,3),(66009,302,2),(66010,304,2),(66011,301,2),(66012,148,4),(66013,311,3),(66014,312,2),(66015,313,2),(66016,314,1),(66017,310,2),(66018,311,1),(66019,312,1),(66020,162,1),(66021,310,2),(66022,311,1),(66023,312,1),(66024,136,3),(66025,310,2),(66026,312,1),(66027,162,1),(66028,149,3),(66029,311,2),(66030,310,2),(66031,313,2),(66032,141,2),(66033,118,2),(66034,150,1),(66035,116,8),(66036,117,3),(66037,118,2),(66038,150,1),(66039,116,8),(66040,117,3),(66041,118,3),(66042,150,1),(66043,122,3),(66044,124,1),(66045,118,3),(66046,150,1),(66047,122,3),(66048,124,1),(66049,118,2),(66050,150,1),(66051,121,3),(66052,117,3),(66053,146,1),(66054,141,1),(66055,150,2),(66056,154,3),(66057,146,1),(66058,140,2),(66059,136,2),(66060,156,2),(66061,146,1),(66062,141,3),(66063,136,6),(66064,124,1),(66065,146,1),(66066,141,1),(66067,136,2),(66068,156,2),(66069,146,1),(66070,140,3),(66071,150,4),(66072,124,1),(66073,494,2),(66074,485,2),(66075,486,2),(66076,482,1),(66077,494,3),(66078,485,2),(66079,487,4),(66080,124,1),(66081,494,2),(66082,485,2),(66083,486,2),(66084,482,1),(66085,494,2),(66086,485,2),(66087,486,2),(66088,482,1),(66089,494,3),(66090,486,2),(66091,487,4),(66092,124,1),(66093,318,2),(66094,319,1),(66095,320,1),(66096,204,2),(66097,319,3),(66098,320,2),(66099,321,2),(66100,323,1),(66101,319,2),(66102,318,2),(66103,321,1),(66104,168,1),(66105,319,2),(66106,318,2),(66107,168,1),(66108,205,2),(66109,318,2),(66110,319,1),(66111,320,1),(66112,118,2),(66113,329,2),(66114,330,1),(66115,331,1),(66116,141,1),(66117,330,2),(66118,329,2),(66119,332,1),(66120,182,3),(66121,330,2),(66122,329,2),(66123,333,1),(66124,183,2),(66125,330,3),(66126,331,2),(66127,332,2),(66128,334,1),(66129,329,2),(66130,330,1),(66131,331,1),(66132,118,2),(66133,340,2),(66134,341,2),(66135,344,2),(66136,345,1),(66137,340,2),(66138,341,4),(66139,342,2),(66140,346,1),(66141,341,2),(66142,342,1),(66143,164,2),(66144,150,2),(66145,340,2),(66146,341,2),(66147,342,1),(66148,150,3),(66149,341,2),(66150,340,2),(66151,344,2),(66152,343,1),(66153,357,3),(66154,359,2),(66155,360,1),(66156,361,1),(66157,356,2),(66158,357,1),(66159,360,2),(66160,150,3),(66161,357,2),(66162,356,2),(66163,358,1),(66164,124,1),(66165,356,1),(66166,357,1),(66167,359,1),(66168,149,2),(66169,357,2),(66170,356,2),(66171,360,1),(66172,150,3),(66173,369,2),(66174,370,2),(66175,372,3),(66176,124,1),(66177,369,2),(66178,371,2),(66179,122,4),(66180,140,2),(66181,369,3),(66182,371,2),(66183,295,2),(66184,124,1),(66185,369,2),(66186,372,1),(66187,370,1),(66188,170,1),(66189,369,2),(66190,372,1),(66191,295,2),(66192,525,1),(66193,121,1),(66194,525,1),(66195,121,3),(66196,525,1),(66197,121,1),(66198,525,1),(66199,121,1),(66200,525,1),(66201,121,2),(66202,528,1),(66203,145,1),(66204,178,1),(66205,156,1),(66206,528,1),(66207,145,1),(66208,180,1),(66209,156,1),(66210,528,1),(66211,145,1),(66212,178,1),(66213,156,1),(66214,528,1),(66215,145,1),(66216,180,1),(66217,156,1),(66218,528,1),(66219,145,1),(66220,178,1),(66221,156,1),(66222,119,3),(66223,177,1),(66224,119,2),(66225,177,1),(66226,119,2),(66227,177,1),(66228,119,2),(66229,177,1),(66230,119,2),(66231,177,1),(66232,119,2),(66233,177,1),(66234,119,2),(66235,177,1),(66236,119,2),(66237,177,1),(66238,119,2),(66239,177,1),(66240,119,2),(66241,177,1),(66242,119,3),(66243,118,2),(66244,119,2),(66245,118,2),(66246,119,2),(66247,118,2),(66248,119,2),(66249,118,2),(66250,119,2),(66251,118,2),(66252,119,2),(66253,118,2),(66254,119,2),(66255,118,2),(66256,119,2),(66257,118,2),(66258,119,2),(66259,118,2),(66260,119,2),(66261,118,2),(66262,203,3),(66263,202,4),(66264,203,3),(66265,137,4),(66266,203,2),(66267,202,4),(66268,203,2),(66269,137,3),(66270,203,2),(66271,202,3),(66272,203,3),(66273,202,4),(66274,203,3),(66275,137,4),(66276,203,2),(66277,202,4),(66278,203,2),(66279,137,3),(66280,203,2),(66281,202,3),(66282,137,3),(66283,150,2),(66284,141,2),(66285,137,2),(66286,150,2),(66287,149,3),(66288,137,3),(66289,150,2),(66290,140,2),(66291,137,2),(66292,150,2),(66293,138,3),(66294,137,2),(66295,150,2),(66296,139,3),(66297,137,3),(66298,150,2),(66299,141,2),(66300,137,2),(66301,150,2),(66302,149,3),(66303,137,3),(66304,150,2),(66305,140,2),(66306,137,2),(66307,150,2),(66308,138,3),(66309,137,2),(66310,150,2),(66311,139,3),(66312,119,3),(66313,118,6),(66314,123,3),(66315,117,5),(66316,119,2),(66317,118,4),(66318,122,4),(66319,117,5),(66320,119,2),(66321,118,4),(66322,121,4),(66323,117,5),(66324,119,3),(66325,118,6),(66326,123,3),(66327,117,5),(66328,119,2),(66329,118,4),(66330,124,1),(66331,117,5),(66332,119,3),(66333,118,6),(66334,123,3),(66335,117,5),(66336,119,2),(66337,118,4),(66338,122,4),(66339,117,5),(66340,119,2),(66341,118,4),(66342,121,4),(66343,117,5),(66344,119,3),(66345,118,6),(66346,123,3),(66347,117,5),(66348,119,2),(66349,118,4),(66350,124,1),(66351,117,5),(66352,145,1),(66353,119,2),(66354,157,2),(66355,165,3),(66356,145,1),(66357,123,2),(66358,185,3),(66359,159,2),(66360,145,1),(66361,123,2),(66362,157,2),(66363,167,2),(66364,145,1),(66365,123,2),(66366,179,3),(66367,171,2),(66368,145,1),(66369,119,2),(66370,157,2),(66371,161,2),(66372,145,1),(66373,119,2),(66374,157,2),(66375,165,3),(66376,145,1),(66377,123,2),(66378,185,3),(66379,159,2),(66380,145,1),(66381,123,2),(66382,157,2),(66383,167,2),(66384,145,1),(66385,123,2),(66386,179,3),(66387,171,2),(66388,145,1),(66389,119,2),(66390,157,2),(66391,161,2),(66392,145,1),(66393,119,2),(66394,157,2),(66395,165,3),(66396,145,1),(66397,123,2),(66398,185,3),(66399,159,2),(66400,145,1),(66401,123,2),(66402,157,2),(66403,167,2),(66404,145,1),(66405,123,2),(66406,179,3),(66407,171,2),(66408,145,1),(66409,119,2),(66410,157,2),(66411,161,2),(66412,145,1),(66413,119,2),(66414,157,2),(66415,165,3),(66416,145,1),(66417,123,2),(66418,185,3),(66419,159,2),(66420,145,1),(66421,123,2),(66422,157,2),(66423,167,2),(66424,145,1),(66425,123,2),(66426,179,3),(66427,171,2),(66428,145,1),(66429,119,2),(66430,157,2),(66431,161,2),(66432,179,3),(66433,181,2),(66434,151,2),(66435,179,3),(66436,181,2),(66437,151,2),(66438,179,4),(66439,181,2),(66440,157,3),(66441,161,2),(66442,179,3),(66443,181,2),(66444,151,2),(66445,179,4),(66446,181,2),(66447,157,3),(66448,161,2),(66449,179,3),(66450,181,2),(66451,151,2),(66452,179,3),(66453,181,2),(66454,151,2),(66455,179,4),(66456,181,2),(66457,157,3),(66458,161,2),(66459,179,3),(66460,181,2),(66461,151,2),(66462,179,4),(66463,181,2),(66464,157,3),(66465,161,2),(66466,185,3),(66467,186,2),(66468,157,2),(66469,185,4),(66470,186,2),(66471,184,1),(66472,124,1),(66473,185,3),(66474,186,2),(66475,157,2),(66476,185,3),(66477,186,2),(66478,157,2),(66479,185,4),(66480,186,2),(66481,184,1),(66482,125,1),(66483,185,3),(66484,186,2),(66485,157,2),(66486,185,4),(66487,186,2),(66488,184,1),(66489,124,1),(66490,185,3),(66491,186,2),(66492,157,2),(66493,185,3),(66494,186,2),(66495,157,2),(66496,185,4),(66497,186,2),(66498,184,1),(66499,125,1),(66500,175,3),(66501,272,1),(66502,307,3),(66503,125,1),(66504,197,6),(66505,196,3),(66506,137,3),(66507,197,6),(66508,196,3),(66509,137,3),(66510,187,4),(66511,190,2),(66512,119,3),(66513,187,4),(66514,190,2),(66515,119,3),(66516,207,3),(66517,206,4),(66518,123,3),(66519,207,3),(66520,206,4),(66521,123,3),(66522,218,4),(66523,215,2),(66524,219,4),(66525,155,2),(66526,218,2),(66527,219,4),(66528,217,4),(66529,203,2),(66530,217,4),(66531,218,2),(66532,150,3),(66533,203,1),(66534,218,3),(66535,215,3),(66536,217,4),(66537,202,3),(66538,217,4),(66539,218,2),(66540,215,2),(66541,202,1),(66542,218,4),(66543,215,2),(66544,219,4),(66545,155,2),(66546,218,2),(66547,219,4),(66548,217,4),(66549,203,2),(66550,217,4),(66551,218,2),(66552,150,3),(66553,203,1),(66554,218,3),(66555,215,3),(66556,217,4),(66557,202,3),(66558,217,4),(66559,218,2),(66560,215,2),(66561,202,1),(66562,224,4),(66563,225,2),(66564,226,2),(66565,225,4),(66566,226,2),(66567,227,2),(66568,172,1),(66569,224,4),(66570,225,2),(66571,119,3),(66572,225,4),(66573,227,2),(66574,192,3),(66575,121,2),(66576,225,4),(66577,224,6),(66578,192,2),(66579,121,2),(66580,224,4),(66581,225,2),(66582,226,2),(66583,225,4),(66584,226,2),(66585,227,2),(66586,172,1),(66587,224,4),(66588,225,2),(66589,119,3),(66590,225,4),(66591,227,2),(66592,192,3),(66593,121,2),(66594,225,4),(66595,224,6),(66596,192,2),(66597,121,2),(66598,289,4),(66599,290,2),(66600,292,2),(66601,122,5),(66602,290,4),(66603,291,4),(66604,292,3),(66605,172,1),(66606,290,4),(66607,292,2),(66608,289,4),(66609,123,2),(66610,290,2),(66611,291,4),(66612,123,3),(66613,124,2),(66614,289,4),(66615,290,2),(66616,291,2),(66617,119,6),(66618,289,4),(66619,290,2),(66620,292,2),(66621,122,5),(66622,290,4),(66623,291,4),(66624,292,3),(66625,172,1),(66626,290,4),(66627,292,2),(66628,289,4),(66629,123,2),(66630,290,2),(66631,291,4),(66632,123,3),(66633,124,2),(66634,289,4),(66635,290,2),(66636,291,2),(66637,119,6),(66638,306,4),(66639,307,2),(66640,308,1),(66641,211,4),(66642,307,4),(66643,309,4),(66644,161,3),(66645,172,1),(66646,306,4),(66647,307,2),(66648,210,2),(66649,161,2),(66650,307,4),(66651,305,2),(66652,308,2),(66653,212,4),(66654,307,2),(66655,309,4),(66656,306,4),(66657,141,5),(66658,306,4),(66659,307,2),(66660,308,1),(66661,211,4),(66662,307,4),(66663,309,4),(66664,161,3),(66665,172,1),(66666,306,4),(66667,307,2),(66668,210,2),(66669,161,2),(66670,307,4),(66671,305,2),(66672,308,2),(66673,212,4),(66674,307,2),(66675,309,4),(66676,306,4),(66677,141,5),(66678,234,2),(66679,232,2),(66680,235,3),(66681,159,2),(66682,233,4),(66683,234,3),(66684,119,3),(66685,233,4),(66686,234,3),(66687,159,1),(66688,234,4),(66689,235,2),(66690,236,2),(66691,172,1),(66692,234,2),(66693,236,2),(66694,233,2),(66695,151,2),(66696,234,2),(66697,232,2),(66698,235,3),(66699,159,2),(66700,233,4),(66701,234,3),(66702,119,3),(66703,233,4),(66704,234,3),(66705,159,1),(66706,234,4),(66707,235,2),(66708,236,2),(66709,172,1),(66710,234,2),(66711,236,2),(66712,233,2),(66713,151,2),(66714,244,3),(66715,241,2),(66716,245,3),(66717,197,4),(66718,243,4),(66719,244,2),(66720,245,2),(66721,137,5),(66722,244,4),(66723,240,2),(66724,197,3),(66725,172,1),(66726,243,4),(66727,244,3),(66728,150,4),(66729,244,2),(66730,243,4),(66731,242,4),(66732,151,4),(66733,244,3),(66734,241,2),(66735,245,3),(66736,197,4),(66737,243,4),(66738,244,2),(66739,245,2),(66740,137,5),(66741,244,4),(66742,240,2),(66743,197,3),(66744,172,1),(66745,243,4),(66746,244,3),(66747,150,4),(66748,244,2),(66749,243,4),(66750,242,4),(66751,151,4),(66752,270,4),(66753,269,4),(66754,267,2),(66755,165,3),(66756,270,6),(66757,271,4),(66758,272,2),(66759,273,1),(66760,270,4),(66761,269,4),(66762,272,1),(66763,151,4),(66764,269,4),(66765,270,3),(66766,271,3),(66767,155,4),(66768,269,4),(66769,270,3),(66770,165,2),(66771,119,5),(66772,270,4),(66773,269,4),(66774,267,2),(66775,165,3),(66776,270,6),(66777,271,4),(66778,272,2),(66779,273,1),(66780,270,4),(66781,269,4),(66782,272,1),(66783,151,4),(66784,269,4),(66785,270,3),(66786,271,3),(66787,155,4),(66788,269,4),(66789,270,3),(66790,165,2),(66791,119,5),(66792,250,4),(66793,251,2),(66794,253,2),(66795,189,6),(66796,250,4),(66797,253,3),(66798,252,2),(66799,167,2),(66800,251,4),(66801,252,3),(66802,190,2),(66803,151,3),(66804,250,4),(66805,251,2),(66806,167,2),(66807,251,4),(66808,252,2),(66809,253,2),(66810,173,1),(66811,250,4),(66812,251,2),(66813,253,2),(66814,189,6),(66815,250,4),(66816,253,3),(66817,252,2),(66818,167,2),(66819,251,4),(66820,252,3),(66821,190,2),(66822,151,3),(66823,250,4),(66824,251,2),(66825,167,2),(66826,251,4),(66827,252,2),(66828,253,2),(66829,173,1),(66830,260,4),(66831,262,4),(66832,261,4),(66833,173,1),(66834,260,3),(66835,262,2),(66836,256,4),(66837,171,2),(66838,260,4),(66839,261,4),(66840,259,2),(66841,151,4),(66842,259,4),(66843,260,3),(66844,171,1),(66845,192,3),(66846,259,4),(66847,256,2),(66848,171,1),(66849,177,3),(66850,260,4),(66851,262,4),(66852,261,4),(66853,173,1),(66854,260,3),(66855,262,2),(66856,256,4),(66857,171,2),(66858,260,4),(66859,261,4),(66860,259,2),(66861,151,4),(66862,259,4),(66863,260,3),(66864,171,1),(66865,192,3),(66866,259,4),(66867,256,2),(66868,171,1),(66869,177,3),(66870,298,4),(66871,300,2),(66872,297,2),(66873,124,2),(66874,298,2),(66875,299,3),(66876,297,2),(66877,151,4),(66878,297,4),(66879,298,2),(66880,300,2),(66881,137,5),(66882,297,4),(66883,298,2),(66884,299,3),(66885,140,5),(66886,298,4),(66887,297,2),(66888,300,4),(66889,173,1),(66890,298,4),(66891,300,2),(66892,297,2),(66893,124,2),(66894,298,2),(66895,299,3),(66896,297,2),(66897,151,4),(66898,297,4),(66899,298,2),(66900,300,2),(66901,137,5),(66902,297,4),(66903,298,2),(66904,299,3),(66905,140,5),(66906,298,4),(66907,297,2),(66908,300,4),(66909,173,1),(66910,280,4),(66911,279,4),(66912,276,2),(66913,165,3),(66914,279,4),(66915,280,2),(66916,276,2),(66917,137,6),(66918,280,2),(66919,279,4),(66920,281,2),(66921,151,4),(66922,279,4),(66923,280,2),(66924,165,2),(66925,157,2),(66926,280,6),(66927,281,3),(66928,344,4),(66929,282,1),(66930,280,4),(66931,279,4),(66932,276,2),(66933,165,3),(66934,279,4),(66935,280,2),(66936,276,2),(66937,137,6),(66938,280,2),(66939,279,4),(66940,281,2),(66941,151,4),(66942,279,4),(66943,280,2),(66944,165,2),(66945,157,2),(66946,280,6),(66947,281,3),(66948,344,4),(66949,282,1),(66950,283,4),(66951,284,2),(66952,152,3),(66953,206,4),(66954,284,4),(66955,283,3),(66956,281,2),(66957,125,1),(66958,284,6),(66959,283,2),(66960,281,3),(66961,282,1),(66962,284,4),(66963,283,3),(66964,152,4),(66965,278,1),(66966,283,4),(66967,284,2),(66968,152,3),(66969,207,3),(66970,283,4),(66971,284,2),(66972,152,3),(66973,206,4),(66974,284,4),(66975,283,3),(66976,281,2),(66977,125,1),(66978,284,6),(66979,283,2),(66980,281,3),(66981,282,1),(66982,284,4),(66983,283,3),(66984,152,4),(66985,278,1),(66986,283,4),(66987,284,2),(66988,152,3),(66989,207,3),(66990,316,6),(66991,315,4),(66992,317,1),(66993,173,1),(66994,315,4),(66995,316,3),(66996,163,2),(66997,137,6),(66998,315,4),(66999,316,3),(67000,312,2),(67001,136,8),(67002,315,4),(67003,316,3),(67004,163,3),(67005,313,5),(67006,316,4),(67007,315,4),(67008,312,2),(67009,313,5),(67010,316,6),(67011,315,4),(67012,317,1),(67013,173,1),(67014,315,4),(67015,316,3),(67016,163,2),(67017,137,6),(67018,315,4),(67019,316,3),(67020,312,2),(67021,136,8),(67022,315,4),(67023,316,3),(67024,163,3),(67025,313,5),(67026,316,4),(67027,315,4),(67028,312,2),(67029,313,5),(67030,199,3),(67031,198,4),(67032,197,3),(67033,118,5),(67034,199,3),(67035,198,4),(67036,197,3),(67037,118,5),(67038,193,4),(67039,194,2),(67040,155,3),(67041,123,3),(67042,193,4),(67043,194,2),(67044,155,3),(67045,123,3),(67046,382,4),(67047,383,2),(67048,384,1),(67049,199,3),(67050,383,4),(67051,386,1),(67052,384,3),(67053,126,1),(67054,383,4),(67055,385,4),(67056,382,4),(67057,120,6),(67058,382,4),(67059,383,2),(67060,384,1),(67061,198,5),(67062,383,6),(67063,386,2),(67064,385,4),(67065,173,1),(67066,382,4),(67067,383,2),(67068,384,1),(67069,199,3),(67070,383,4),(67071,386,1),(67072,384,3),(67073,126,1),(67074,383,4),(67075,385,4),(67076,382,4),(67077,120,6),(67078,382,4),(67079,383,2),(67080,384,1),(67081,198,5),(67082,383,6),(67083,386,2),(67084,385,4),(67085,173,1),(67086,376,3),(67087,378,2),(67088,377,6),(67089,118,8),(67090,377,6),(67091,376,1),(67092,378,2),(67093,379,1),(67094,376,3),(67095,379,3),(67096,380,2),(67097,118,8),(67098,377,8),(67099,376,1),(67100,378,3),(67101,380,2),(67102,378,3),(67103,377,3),(67104,380,3),(67105,381,1),(67106,376,3),(67107,378,2),(67108,377,6),(67109,118,8),(67110,377,6),(67111,376,1),(67112,378,2),(67113,379,1),(67114,376,3),(67115,379,3),(67116,380,2),(67117,118,8),(67118,377,8),(67119,376,1),(67120,378,3),(67121,380,2),(67122,378,3),(67123,377,3),(67124,380,3),(67125,381,1),(67126,120,3),(67127,119,4),(67128,123,2),(67129,193,3),(67130,120,4),(67131,119,3),(67132,123,4),(67133,194,3),(67134,120,4),(67135,119,3),(67136,123,4),(67137,193,4),(67138,120,3),(67139,119,4),(67140,123,2),(67141,194,2),(67142,120,3),(67143,119,4),(67144,123,2),(67145,193,3),(67146,120,3),(67147,119,4),(67148,123,2),(67149,193,3),(67150,120,4),(67151,119,3),(67152,123,4),(67153,194,3),(67154,120,4),(67155,119,3),(67156,123,4),(67157,193,4),(67158,120,3),(67159,119,4),(67160,123,2),(67161,194,2),(67162,120,3),(67163,119,4),(67164,123,2),(67165,193,3),(67166,120,1),(67167,152,2),(67168,118,4),(67169,199,2),(67170,120,1),(67171,152,2),(67172,118,4),(67173,198,2),(67174,120,1),(67175,152,3),(67176,118,4),(67177,199,2),(67178,120,1),(67179,152,3),(67180,118,4),(67181,198,3),(67182,120,1),(67183,152,2),(67184,118,4),(67185,198,2),(67186,120,1),(67187,152,2),(67188,118,4),(67189,199,2),(67190,120,1),(67191,152,2),(67192,118,4),(67193,198,2),(67194,120,1),(67195,152,3),(67196,118,4),(67197,199,2),(67198,120,1),(67199,152,3),(67200,118,4),(67201,198,3),(67202,120,1),(67203,152,2),(67204,118,4),(67205,198,2),(67206,495,2),(67207,488,4),(67208,490,3),(67209,152,2),(67210,495,3),(67211,488,4),(67212,491,3),(67213,152,2),(67214,495,2),(67215,489,4),(67216,491,3),(67217,152,2),(67218,495,2),(67219,489,4),(67220,490,3),(67221,152,2),(67222,495,3),(67223,490,3),(67224,491,3),(67225,152,2),(67226,495,2),(67227,488,4),(67228,490,3),(67229,152,2),(67230,495,3),(67231,488,4),(67232,491,3),(67233,152,2),(67234,495,2),(67235,489,4),(67236,491,3),(67237,152,2),(67238,495,2),(67239,489,4),(67240,490,3),(67241,152,2),(67242,495,3),(67243,490,3),(67244,491,3),(67245,152,2),(67246,444,3),(67247,297,3),(67248,177,3),(67249,126,1),(67250,126,2),(67251,125,2),(67252,120,6),(67253,387,4),(67254,388,2),(67255,390,2),(67256,152,6),(67257,388,4),(67258,390,2),(67259,387,6),(67260,120,5),(67261,388,4),(67262,389,4),(67263,387,6),(67264,189,6),(67265,387,4),(67266,388,2),(67267,389,2),(67268,190,4),(67269,388,6),(67270,389,2),(67271,390,4),(67272,126,1),(67273,387,4),(67274,388,2),(67275,390,2),(67276,152,6),(67277,388,4),(67278,390,2),(67279,387,6),(67280,120,5),(67281,388,4),(67282,389,4),(67283,387,6),(67284,189,6),(67285,387,4),(67286,388,2),(67287,389,2),(67288,190,4),(67289,388,6),(67290,389,2),(67291,390,4),(67292,126,1),(67293,324,4),(67294,325,2),(67295,169,2),(67296,289,2),(67297,325,6),(67298,326,3),(67299,327,3),(67300,328,1),(67301,325,4),(67302,324,4),(67303,322,3),(67304,125,1),(67305,325,4),(67306,324,4),(67307,169,2),(67308,323,1),(67309,324,4),(67310,325,2),(67311,327,2),(67312,290,2),(67313,324,4),(67314,325,2),(67315,169,2),(67316,289,2),(67317,325,6),(67318,326,3),(67319,327,3),(67320,328,1),(67321,325,4),(67322,324,4),(67323,322,3),(67324,125,1),(67325,325,4),(67326,324,4),(67327,169,2),(67328,323,1),(67329,324,4),(67330,325,2),(67331,327,2),(67332,290,2),(67333,335,4),(67334,336,2),(67335,337,2),(67336,141,3),(67337,336,4),(67338,335,4),(67339,334,1),(67340,185,5),(67341,336,4),(67342,335,4),(67343,333,2),(67344,186,4),(67345,336,6),(67346,337,4),(67347,338,2),(67348,339,1),(67349,335,4),(67350,336,2),(67351,338,2),(67352,152,6),(67353,335,4),(67354,336,2),(67355,337,2),(67356,141,3),(67357,336,4),(67358,335,4),(67359,334,1),(67360,185,5),(67361,336,4),(67362,335,4),(67363,333,2),(67364,186,4),(67365,336,6),(67366,337,4),(67367,338,2),(67368,339,1),(67369,335,4),(67370,336,2),(67371,338,2),(67372,152,6),(67373,347,4),(67374,348,4),(67375,165,2),(67376,350,1),(67377,347,4),(67378,348,6),(67379,349,3),(67380,351,1),(67381,348,6),(67382,349,2),(67383,165,2),(67384,344,6),(67385,347,4),(67386,348,4),(67387,349,2),(67388,343,2),(67389,348,6),(67390,347,4),(67391,165,2),(67392,346,1),(67393,347,4),(67394,348,4),(67395,165,2),(67396,350,1),(67397,347,4),(67398,348,6),(67399,349,3),(67400,351,1),(67401,348,6),(67402,349,2),(67403,165,2),(67404,344,6),(67405,347,4),(67406,348,4),(67407,349,2),(67408,343,2),(67409,348,6),(67410,347,4),(67411,165,2),(67412,346,1),(67413,352,4),(67414,353,4),(67415,355,3),(67416,351,1),(67417,352,4),(67418,353,6),(67419,355,2),(67420,193,6),(67421,353,6),(67422,355,2),(67423,354,1),(67424,194,4),(67425,352,4),(67426,353,4),(67427,350,1),(67428,152,6),(67429,353,6),(67430,352,4),(67431,354,2),(67432,346,1),(67433,352,4),(67434,353,4),(67435,355,3),(67436,351,1),(67437,352,4),(67438,353,6),(67439,355,2),(67440,193,6),(67441,353,6),(67442,355,2),(67443,354,1),(67444,194,4),(67445,352,4),(67446,353,4),(67447,350,1),(67448,152,6),(67449,353,6),(67450,352,4),(67451,354,2),(67452,346,1),(67453,363,4),(67454,359,4),(67455,364,2),(67456,173,1),(67457,362,4),(67458,363,3),(67459,364,2),(67460,124,2),(67461,363,4),(67462,362,6),(67463,358,3),(67464,197,5),(67465,362,4),(67466,363,3),(67467,359,2),(67468,196,3),(67469,363,4),(67470,362,4),(67471,364,1),(67472,365,1),(67473,363,4),(67474,359,4),(67475,364,2),(67476,173,1),(67477,362,4),(67478,363,3),(67479,364,2),(67480,124,2),(67481,363,4),(67482,362,6),(67483,358,3),(67484,197,5),(67485,362,4),(67486,363,3),(67487,359,2),(67488,196,3),(67489,363,4),(67490,362,4),(67491,364,1),(67492,365,1),(67493,367,4),(67494,364,2),(67495,368,1),(67496,125,1),(67497,366,4),(67498,367,3),(67499,368,1),(67500,365,2),(67501,367,4),(67502,366,6),(67503,119,5),(67504,198,5),(67505,366,4),(67506,367,3),(67507,358,2),(67508,199,3),(67509,367,6),(67510,366,4),(67511,368,1),(67512,173,1),(67513,367,4),(67514,364,2),(67515,368,1),(67516,125,1),(67517,366,4),(67518,367,3),(67519,368,1),(67520,365,2),(67521,367,4),(67522,366,6),(67523,119,5),(67524,198,5),(67525,366,4),(67526,367,3),(67527,358,2),(67528,199,3),(67529,367,6),(67530,366,4),(67531,368,1),(67532,173,1),(67533,391,4),(67534,392,2),(67535,397,4),(67536,126,1),(67537,392,6),(67538,394,3),(67539,393,2),(67540,396,1),(67541,392,4),(67542,391,4),(67543,395,1),(67544,397,4),(67545,391,4),(67546,392,2),(67547,120,5),(67548,152,5),(67549,392,4),(67550,391,4),(67551,394,2),(67552,198,5),(67553,391,4),(67554,392,2),(67555,397,4),(67556,126,1),(67557,392,6),(67558,394,3),(67559,393,2),(67560,396,1),(67561,392,4),(67562,391,4),(67563,395,1),(67564,397,4),(67565,391,4),(67566,392,2),(67567,120,5),(67568,152,5),(67569,392,4),(67570,391,4),(67571,394,2),(67572,198,5),(67573,399,5),(67574,402,2),(67575,403,2),(67576,404,1),(67577,398,4),(67578,399,4),(67579,401,1),(67580,394,2),(67581,399,4),(67582,402,2),(67583,400,2),(67584,126,1),(67585,399,4),(67586,398,4),(67587,401,2),(67588,395,1),(67589,398,4),(67590,399,4),(67591,402,2),(67592,383,4),(67593,399,5),(67594,402,2),(67595,403,2),(67596,404,1),(67597,398,4),(67598,399,4),(67599,401,1),(67600,394,2),(67601,399,4),(67602,402,2),(67603,400,2),(67604,126,1),(67605,399,4),(67606,398,4),(67607,401,2),(67608,395,1),(67609,398,4),(67610,399,4),(67611,402,2),(67612,383,4),(67613,174,2),(67614,120,3),(67615,308,3),(67616,125,1),(67617,174,2),(67618,120,3),(67619,394,3),(67620,126,1),(67621,174,2),(67622,120,3),(67623,367,5),(67624,125,1),(67625,174,2),(67626,120,3),(67627,384,3),(67628,126,1),(67629,174,2),(67630,120,3),(67631,388,5),(67632,125,1),(67633,174,2),(67634,120,3),(67635,308,3),(67636,125,1),(67637,174,2),(67638,120,3),(67639,394,3),(67640,126,1),(67641,174,2),(67642,120,3),(67643,367,5),(67644,125,1),(67645,174,2),(67646,120,3),(67647,384,3),(67648,126,1),(67649,174,2),(67650,120,3),(67651,388,5),(67652,125,1),(67653,153,3),(67654,137,3),(67655,401,1),(67656,143,1),(67657,153,3),(67658,137,3),(67659,365,1),(67660,143,1),(67661,153,3),(67662,137,3),(67663,395,1),(67664,142,3),(67665,153,3),(67666,137,3),(67667,350,1),(67668,142,3),(67669,153,3),(67670,137,3),(67671,317,1),(67672,143,1),(67673,153,3),(67674,137,3),(67675,401,1),(67676,143,1),(67677,153,3),(67678,137,3),(67679,365,1),(67680,143,1),(67681,153,3),(67682,137,3),(67683,395,1),(67684,142,3),(67685,153,3),(67686,137,3),(67687,350,1),(67688,142,3),(67689,153,3),(67690,137,3),(67691,317,1),(67692,143,1),(67693,146,2),(67694,142,1),(67695,414,1),(67696,155,3),(67697,146,2),(67698,143,1),(67699,414,1),(67700,157,2),(67701,146,2),(67702,142,2),(67703,414,2),(67704,125,1),(67705,146,2),(67706,142,1),(67707,414,1),(67708,157,2),(67709,146,2),(67710,143,1),(67711,414,2),(67712,125,1),(67713,146,2),(67714,142,1),(67715,414,1),(67716,155,3),(67717,146,2),(67718,143,1),(67719,414,1),(67720,157,2),(67721,146,2),(67722,142,2),(67723,414,2),(67724,125,1),(67725,146,2),(67726,142,1),(67727,414,1),(67728,157,2),(67729,146,2),(67730,143,1),(67731,414,2),(67732,125,1),(67733,144,1),(67734,142,2),(67735,141,3),(67736,143,1),(67737,408,2),(67738,406,6),(67739,405,4),(67740,411,1),(67741,406,4),(67742,405,4),(67743,409,2),(67744,153,3),(67745,406,4),(67746,408,1),(67747,407,2),(67748,126,1),(67749,406,4),(67750,405,4),(67751,410,4),(67752,125,1),(67753,406,4),(67754,405,4),(67755,410,2),(67756,153,2),(67757,408,2),(67758,406,6),(67759,405,4),(67760,411,1),(67761,406,4),(67762,405,4),(67763,409,2),(67764,153,3),(67765,406,4),(67766,408,1),(67767,407,2),(67768,126,1),(67769,406,4),(67770,405,4),(67771,410,4),(67772,125,1),(67773,406,4),(67774,405,4),(67775,410,2),(67776,153,2),(67777,420,5),(67778,423,2),(67779,422,2),(67780,126,1),(67781,420,5),(67782,426,4),(67783,427,4),(67784,346,1),(67785,424,4),(67786,420,4),(67787,425,4),(67788,153,4),(67789,424,4),(67790,420,4),(67791,421,1),(67792,153,3),(67793,423,3),(67794,424,6),(67795,421,2),(67796,428,1),(67797,420,5),(67798,423,2),(67799,422,2),(67800,126,1),(67801,420,5),(67802,426,4),(67803,427,4),(67804,346,1),(67805,424,4),(67806,420,4),(67807,425,4),(67808,153,4),(67809,424,4),(67810,420,4),(67811,421,1),(67812,153,3),(67813,423,3),(67814,424,6),(67815,421,2),(67816,428,1),(67817,430,4),(67818,429,4),(67819,431,2),(67820,153,4),(67821,429,5),(67822,432,3),(67823,434,2),(67824,435,1),(67825,429,5),(67826,432,2),(67827,433,2),(67828,323,1),(67829,430,4),(67830,429,4),(67831,432,2),(67832,119,5),(67833,429,5),(67834,430,4),(67835,431,3),(67836,174,3),(67837,430,4),(67838,429,4),(67839,431,2),(67840,153,4),(67841,429,5),(67842,432,3),(67843,434,2),(67844,435,1),(67845,429,5),(67846,432,2),(67847,433,2),(67848,323,1),(67849,430,4),(67850,429,4),(67851,432,2),(67852,119,5),(67853,429,5),(67854,430,4),(67855,431,3),(67856,174,3),(67857,412,5),(67858,413,4),(67859,417,4),(67860,153,4),(67861,413,5),(67862,416,3),(67863,415,2),(67864,334,1),(67865,416,3),(67866,412,6),(67867,414,2),(67868,419,1),(67869,413,5),(67870,418,4),(67871,414,2),(67872,174,3),(67873,412,5),(67874,413,4),(67875,414,2),(67876,123,6),(67877,412,5),(67878,413,4),(67879,417,4),(67880,153,4),(67881,413,5),(67882,416,3),(67883,415,2),(67884,334,1),(67885,416,3),(67886,412,6),(67887,414,2),(67888,419,1),(67889,413,5),(67890,418,4),(67891,414,2),(67892,174,3),(67893,412,5),(67894,413,4),(67895,414,2),(67896,123,6),(67897,373,3),(67898,375,1),(67899,206,2),(67900,171,4),(67901,373,3),(67902,375,1),(67903,374,2),(67904,120,4),(67905,373,3),(67906,371,4),(67907,299,3),(67908,123,6),(67909,373,4),(67910,371,4),(67911,375,3),(67912,125,1),(67913,373,3),(67914,374,3),(67915,299,3),(67916,143,1),(67917,373,3),(67918,375,1),(67919,206,2),(67920,171,4),(67921,373,3),(67922,375,1),(67923,374,2),(67924,120,4),(67925,373,3),(67926,371,4),(67927,299,3),(67928,123,6),(67929,373,4),(67930,371,4),(67931,375,3),(67932,125,1),(67933,373,3),(67934,374,3),(67935,299,3),(67936,143,1),(67937,436,5),(67938,437,4),(67939,440,2),(67940,346,1),(67941,440,3),(67942,436,6),(67943,442,3),(67944,443,1),(67945,437,4),(67946,441,3),(67947,438,2),(67948,173,1),(67949,437,4),(67950,442,2),(67951,439,2),(67952,334,1),(67953,436,4),(67954,437,4),(67955,438,2),(67956,323,1),(67957,436,5),(67958,437,4),(67959,440,2),(67960,346,1),(67961,440,3),(67962,436,6),(67963,442,3),(67964,443,1),(67965,437,4),(67966,441,3),(67967,438,2),(67968,173,1),(67969,437,4),(67970,442,2),(67971,439,2),(67972,334,1),(67973,436,4),(67974,437,4),(67975,438,2),(67976,323,1),(67977,496,3),(67978,493,2),(67979,495,2),(67980,483,1),(67981,496,2),(67982,492,3),(67983,495,2),(67984,483,1),(67985,496,3),(67986,492,3),(67987,495,2),(67988,483,1),(67989,496,2),(67990,493,2),(67991,494,3),(67992,483,1),(67993,496,2),(67994,493,2),(67995,494,3),(67996,483,1),(67997,496,3),(67998,493,2),(67999,495,2),(68000,483,1),(68001,496,2),(68002,492,3),(68003,495,2),(68004,483,1),(68005,496,3),(68006,492,3),(68007,495,2),(68008,483,1),(68009,496,2),(68010,493,2),(68011,494,3),(68012,483,1),(68013,496,2),(68014,493,2),(68015,494,3),(68016,483,1),(68017,123,2),(68018,483,1),(68019,405,6),(68020,484,1),(68021,279,8),(68022,146,2),(68023,483,2),(68024,484,1),(68025,335,8),(68026,145,2),(68027,483,2),(68028,484,1),(68029,324,8),(68030,146,2),(68031,483,2),(68032,484,1),(68033,362,8),(68034,145,2),(68035,483,2),(68036,484,1),(68037,405,5),(68038,146,2),(68039,483,2),(68040,484,1),(68041,279,8),(68042,146,2),(68043,483,2),(68044,484,1),(68045,335,8),(68046,145,2),(68047,483,2),(68048,484,1),(68049,324,8),(68050,146,2),(68051,483,2),(68052,484,1),(68053,362,8),(68054,145,2),(68055,483,2),(68056,484,1),(68057,405,5),(68058,146,2),(68059,483,2),(68060,517,5),(68061,520,2),(68062,519,2),(68063,523,1),(68064,516,3),(68065,517,4),(68066,522,2),(68067,152,4),(68068,517,4),(68069,518,2),(68070,521,2),(68071,143,1),(68072,516,3),(68073,517,4),(68074,522,2),(68075,211,3),(68076,516,3),(68077,517,4),(68078,519,2),(68079,212,4),(68080,517,5),(68081,520,2),(68082,519,2),(68083,523,1),(68084,516,3),(68085,517,4),(68086,522,2),(68087,152,4),(68088,517,4),(68089,518,2),(68090,521,2),(68091,143,1),(68092,516,3),(68093,517,4),(68094,522,2),(68095,211,3),(68096,516,3),(68097,517,4),(68098,519,2),(68099,212,4),(68100,525,3),(68101,119,1),(68102,525,3),(68103,119,3),(68104,525,3),(68105,119,1),(68106,525,3),(68107,119,1),(68108,525,3),(68109,119,2),(68110,446,2),(68111,206,7),(68112,207,5),(68113,155,4),(68114,447,3),(68115,124,1),(68116,125,1),(68117,123,3),(68118,524,3),(68119,227,1),(68120,226,4),(68121,225,5),(68122,448,3),(68123,207,4),(68124,189,4),(68125,140,3);
/*!40000 ALTER TABLE `crafting_material_costs` ENABLE KEYS */;
UNLOCK TABLES;

--
-- Table structure for table `decorations`
--

DROP TABLE IF EXISTS `decorations`;
/*!40101 SET @saved_cs_client     = @@character_set_client */;
/*!40101 SET character_set_client = utf8 */;
CREATE TABLE `decorations` (
  `id` int(10) unsigned NOT NULL AUTO_INCREMENT,
  `name` varchar(64) COLLATE utf8_unicode_ci NOT NULL,
  `slug` varchar(64) COLLATE utf8_unicode_ci NOT NULL,
  `rarity` smallint(5) unsigned NOT NULL,
  `slot` smallint(5) unsigned NOT NULL,
  `skills_length` int(10) unsigned NOT NULL DEFAULT 0,
  PRIMARY KEY (`id`),
  UNIQUE KEY `UNIQ_53BB9DDD5E237E06` (`name`),
  UNIQUE KEY `UNIQ_53BB9DDD989D9B62` (`slug`)
) ENGINE=InnoDB AUTO_INCREMENT=98 DEFAULT CHARSET=utf8 COLLATE=utf8_unicode_ci;
/*!40101 SET character_set_client = @saved_cs_client */;

--
-- Dumping data for table `decorations`
--

LOCK TABLES `decorations` WRITE;
/*!40000 ALTER TABLE `decorations` DISABLE KEYS */;
INSERT INTO `decorations` VALUES (1,'Antidote Jewel 1','antidote-jewel-1',5,1,1),(2,'Geology Jewel 1','geology-jewel-1',5,1,1),(3,'Heavy Artillery Jewel 1','heavy-artillery-jewel-1',5,1,1),(4,'Hungerless Jewel 1','hungerless-jewel-1',5,1,1),(5,'Satiated Jewel 1','satiated-jewel-1',5,1,1),(6,'Protection Jewel 1','protection-jewel-1',5,1,1),(7,'Meowster Jewel 1','meowster-jewel-1',5,1,1),(8,'Botany Jewel 1','botany-jewel-1',5,1,1),(9,'Tip Toe Jewel 1','tip-toe-jewel-1',5,1,1),(10,'Flight Jewel 2','flight-jewel-2',5,2,1),(11,'Smoke Jewel 1','smoke-jewel-1',5,1,1),(12,'Mirewalker Jewel 1','mirewalker-jewel-1',5,1,1),(13,'Specimen Jewel 1','specimen-jewel-1',5,1,1),(14,'Miasma Jewel 1','miasma-jewel-1',5,1,1),(15,'Scent Jewel 1','scent-jewel-1',5,1,1),(16,'Intimidator Jewel 1','intimidator-jewel-1',5,1,1),(17,'Crisis Jewel 1','crisis-jewel-1',5,1,1),(18,'Antipara Jewel 1','antipara-jewel-1',5,1,1),(19,'Fortitude Jewel 1','fortitude-jewel-1',5,1,1),(20,'Water Res Jewel 1','water-res-jewel-1',5,1,1),(21,'Suture Jewel 1','suture-jewel-1',5,1,1),(22,'Dragon Res Jewel 1','dragon-res-jewel-1',5,1,1),(23,'Fire Res Jewel 1','fire-res-jewel-1',5,1,1),(24,'Ice Res Jewel 1','ice-res-jewel-1',5,1,1),(25,'Def Lock Jewel 1','def-lock-jewel-1',5,1,1),(26,'Thunder Res Jewel 1','thunder-res-jewel-1',5,1,1),(27,'Pep Jewel 1','pep-jewel-1',5,1,1),(28,'Antiblast Jewel 1','antiblast-jewel-1',5,1,1),(29,'Gobbler Jewel 1','gobbler-jewel-1',6,1,1),(30,'Physique Jewel 2','physique-jewel-2',6,2,1),(31,'Blaze Jewel 1','blaze-jewel-1',6,1,1),(32,'Evasion Jewel 2','evasion-jewel-2',6,2,1),(33,'Jumping Jewel 2','jumping-jewel-2',6,2,1),(34,'Sheath Jewel 1','sheath-jewel-1',6,1,1),(35,'Friendship Jewel 1','friendship-jewel-1',6,1,1),(36,'Enduring Jewel 1','enduring-jewel-1',6,1,1),(37,'Medicine Jewel 1','medicine-jewel-1',6,1,1),(38,'Grinder Jewel 1','grinder-jewel-1',6,1,1),(39,'Steadfast Jewel 1','steadfast-jewel-1',6,1,1),(40,'Bomber Jewel 1','bomber-jewel-1',6,1,1),(41,'Recovery Jewel 1','recovery-jewel-1',6,1,1),(42,'Slider Jewel 2','slider-jewel-2',6,2,1),(43,'Defense Jewel 1','defense-jewel-1',6,1,1),(44,'Stonethrower Jewel 1','stonethrower-jewel-1',6,1,1),(45,'Footing Jewel 2','footing-jewel-2',6,2,1),(46,'Brace Jewel 3','brace-jewel-3',6,3,1),(47,'Wind Resist Jewel 2','wind-resist-jewel-2',6,2,1),(48,'Earplug Jewel 3','earplug-jewel-3',6,3,1),(49,'Vitality Jewel 1','vitality-jewel-1',6,1,1),(50,'Resistor Jewel 1','resistor-jewel-1',6,1,1),(51,'Sonorous Jewel 1','sonorous-jewel-1',6,1,1),(52,'KO Jewel 2','ko-jewel-2',6,2,1),(53,'Stream Jewel 1','stream-jewel-1',6,1,1),(54,'Frost Jewel 1','frost-jewel-1',6,1,1),(55,'Bolt Jewel 1','bolt-jewel-1',6,1,1),(56,'Dragon Jewel 1','dragon-jewel-1',6,1,1),(57,'Venom Jewel 1','venom-jewel-1',6,1,1),(58,'Poisoncoat Jewel 3','poisoncoat-jewel-3',6,3,1),(59,'Expert Jewel 1','expert-jewel-1',6,1,1),(60,'Tenderizer Jewel 2','tenderizer-jewel-2',6,2,1),(61,'Destroyer Jewel 2','destroyer-jewel-2',6,2,1),(62,'Elementless Jewel 2','elementless-jewel-2',6,2,1),(63,'Drain Jewel 1','drain-jewel-1',6,1,1),(64,'Paracoat Jewel 3','paracoat-jewel-3',7,3,1),(65,'Sharp Jewel 2','sharp-jewel-2',7,2,1),(66,'Shield Jewel 2','shield-jewel-2',7,2,1),(67,'Dragonseal Jewel 3','dragonseal-jewel-3',7,3,1),(68,'Trueshot Jewel 1','trueshot-jewel-1',7,1,1),(69,'Enhancer Jewel 2','enhancer-jewel-2',7,2,1),(70,'Forceshot Jewel 3','forceshot-jewel-3',7,3,1),(71,'Furor Jewel 2','furor-jewel-2',7,2,1),(72,'Potential Jewel 2','potential-jewel-2',7,2,1),(73,'Paralyzer Jewel 1','paralyzer-jewel-1',7,1,1),(74,'Sleep Jewel 1','sleep-jewel-1',7,1,1),(75,'Ironwall Jewel 1','ironwall-jewel-1',7,1,1),(76,'Refresh Jewel 2','refresh-jewel-2',7,2,1),(77,'Blast Jewel 1','blast-jewel-1',7,1,1),(78,'Sleepcoat Jewel 3','sleepcoat-jewel-3',7,3,1),(79,'Blastcoat Jewel 3','blastcoat-jewel-3',7,3,1),(80,'Throttle Jewel 2','throttle-jewel-2',7,2,1),(81,'Challenger Jewel 2','challenger-jewel-2',7,2,1),(82,'Attack Jewel 1','attack-jewel-1',7,1,1),(83,'Flawless Jewel 2','flawless-jewel-2',7,2,1),(84,'Magazine Jewel 2','magazine-jewel-2',7,2,1),(85,'Mighty Jewel 2','mighty-jewel-2',7,2,1),(86,'Sprinter Jewel 2','sprinter-jewel-2',8,2,1),(87,'Critical Jewel 2','critical-jewel-2',8,2,1),(88,'Artillery Jewel 1','artillery-jewel-1',8,1,1),(89,'Fungiform Jewel 1','fungiform-jewel-1',8,1,1),(90,'Release Jewel 3','release-jewel-3',8,3,1),(91,'Spread Jewel 3','spread-jewel-3',8,3,1),(92,'Charger Jewel 2','charger-jewel-2',8,2,1),(93,'Handicraft Jewel 3','handicraft-jewel-3',8,3,1),(94,'Mighty Bow Jewel 2','mighty-bow-jewel-2',8,2,1),(95,'Mind\'s Eye Jewel 2','minds-eye-jewel-2',8,2,1),(96,'Draw Jewel 2','draw-jewel-2',8,2,1),(97,'Pierce Jewel 3','pierce-jewel-3',8,3,1);
/*!40000 ALTER TABLE `decorations` ENABLE KEYS */;
UNLOCK TABLES;

--
-- Table structure for table `decorations_skill_ranks`
--

DROP TABLE IF EXISTS `decorations_skill_ranks`;
/*!40101 SET @saved_cs_client     = @@character_set_client */;
/*!40101 SET character_set_client = utf8 */;
CREATE TABLE `decorations_skill_ranks` (
  `decoration_id` int(10) unsigned NOT NULL,
  `skill_rank_id` int(10) unsigned NOT NULL,
  PRIMARY KEY (`decoration_id`,`skill_rank_id`),
  KEY `IDX_5D2A04FA3446DFC4` (`decoration_id`),
  KEY `IDX_5D2A04FA6CE3F9A6` (`skill_rank_id`),
  CONSTRAINT `FK_5D2A04FA3446DFC4` FOREIGN KEY (`decoration_id`) REFERENCES `decorations` (`id`),
  CONSTRAINT `FK_5D2A04FA6CE3F9A6` FOREIGN KEY (`skill_rank_id`) REFERENCES `skill_ranks` (`id`)
) ENGINE=InnoDB DEFAULT CHARSET=utf8mb4 COLLATE=utf8mb4_unicode_ci;
/*!40101 SET character_set_client = @saved_cs_client */;

--
-- Dumping data for table `decorations_skill_ranks`
--

LOCK TABLES `decorations_skill_ranks` WRITE;
/*!40000 ALTER TABLE `decorations_skill_ranks` DISABLE KEYS */;
INSERT INTO `decorations_skill_ranks` VALUES (1,1),(2,264),(3,193),(4,207),(5,234),(6,252),(7,255),(8,260),(9,273),(10,160),(11,282),(12,285),(13,291),(14,294),(15,297),(16,305),(17,185),(18,4),(19,179),(20,65),(21,17),(22,74),(23,62),(24,68),(25,20),(26,71),(27,7),(28,14),(29,235),(30,198),(31,80),(32,210),(33,215),(34,223),(35,226),(36,231),(37,56),(38,238),(39,10),(40,241),(41,59),(42,304),(43,46),(44,270),(45,33),(46,276),(47,28),(48,23),(49,53),(50,77),(51,186),(52,153),(53,85),(54,90),(55,95),(56,100),(57,105),(58,328),(59,123),(60,133),(61,150),(62,316),(63,156),(64,329),(65,327),(66,318),(67,332),(68,188),(69,139),(70,117),(71,180),(72,174),(73,108),(74,111),(75,218),(76,204),(77,114),(78,330),(79,331),(80,161),(81,166),(82,39),(83,171),(84,187),(85,267),(86,195),(87,130),(88,190),(89,244),(90,120),(91,119),(92,136),(93,142),(94,325),(95,314),(96,147),(97,118);
/*!40000 ALTER TABLE `decorations_skill_ranks` ENABLE KEYS */;
UNLOCK TABLES;

--
-- Table structure for table `items`
--

DROP TABLE IF EXISTS `items`;
/*!40101 SET @saved_cs_client     = @@character_set_client */;
/*!40101 SET character_set_client = utf8 */;
CREATE TABLE `items` (
  `id` int(10) unsigned NOT NULL AUTO_INCREMENT,
  `name` varchar(64) COLLATE utf8_unicode_ci NOT NULL,
  `description` longtext COLLATE utf8_unicode_ci NOT NULL,
  `rarity` smallint(5) unsigned NOT NULL,
  `sell_price` int(10) unsigned NOT NULL,
  `buy_price` int(10) unsigned NOT NULL,
  `carry_limit` int(10) unsigned NOT NULL,
  PRIMARY KEY (`id`),
  UNIQUE KEY `UNIQ_E11EE94D5E237E06` (`name`)
) ENGINE=InnoDB AUTO_INCREMENT=535 DEFAULT CHARSET=utf8 COLLATE=utf8_unicode_ci;
/*!40101 SET character_set_client = @saved_cs_client */;

--
-- Dumping data for table `items`
--

LOCK TABLES `items` WRITE;
/*!40000 ALTER TABLE `items` DISABLE KEYS */;
INSERT INTO `items` VALUES (1,'Potion','Restores a small amount of health.',1,8,0,10),(2,'Mega Potion','Restores a moderate amount of health.',2,2,0,10),(3,'Max Potion','Fully restores health and maximizes the size of your Health Gauge.',3,210,0,2),(4,'Ancient Potion','Fully restores health and maximizes the size of your Health and Stamina Gauges.',5,345,0,1),(5,'Antidote','A cure for poison.',1,6,0,10),(6,'Herbal Medicine','Removes all traces of poison and restores a slight amount of health.',2,25,0,5),(7,'Nulberry','A mysterious berry that cures various blights.',2,120,0,10),(8,'Energy Drink','A Guild-approved beverage that boosts your stamina. Helps shake off sleep, too!',2,6,0,10),(9,'Ration','Food that restores a bit of stamina.',1,3,0,10),(10,'Rare Steak','Provides a moderate boost to your stamina. This one\'s still red in the middle.',1,3,0,10),(11,'Well-done Steak','Provides a moderate boost to your stamina and keeps it at max for a longer period. Meat done right!',2,48,0,10),(12,'Burnt Meat','Provides a small boost to your stamina. Can be eaten quickly.',1,1,0,10),(13,'Cool Drink','Provides temporary relief from extreme heat.',1,30,0,5),(14,'Nutrients','Very slightly increases your maximum health level.',2,25,0,5),(15,'Mega Nutrients','Slightly increases your maximum health level.',3,92,0,5),(16,'Immunizer','Boosts your natural ability to heal.',3,92,0,10),(17,'Astera Jerky','Juicy, dried meat made by Astera\'s chef. Boosts natural healing and cures bleeding.',2,10,0,5),(18,'Dash Juice','Dulls one\'s sense of exhaustion. Reduces stamina depletion for a time.',2,29,0,5),(19,'Mega Dash Juice','Lets you dash without tiring for longer than regular dash juice does.',3,205,0,5),(20,'Might Seed','Temporarily strengthens your attacks when ingested by improving energy flow.',2,140,0,10),(21,'Demondrug','',0,0,0,0),(22,'Mega Demondrug','',0,0,0,0),(23,'Might Pill','',0,0,0,0),(24,'Adamant Seed','',0,0,0,0),(25,'Armorskin','',0,0,0,0),(26,'Mega Armorskin','',0,0,0,0),(27,'Adamant Pill','',0,0,0,0),(28,'Lifepowder','',0,0,0,0),(29,'Herbal Powder','',0,0,0,0),(30,'Demon Powder','',0,0,0,0),(31,'Hardshell Powder','A mysterious powder that produces a cloud around the area that temporarily strengthens defense.',4,315,0,3),(32,'Honey','Highly nutritious honey. Combine this with Potions to craft Mega Potions for maximum potency.',2,45,0,10),(33,'Herb','A primary ingredient in potions.',1,2,0,10),(34,'Antidote Herb','A primary ingredient in antidotes.',1,2,0,10),(35,'Fire Herb','A wondrous, flammable plant. Useful for crafting explosives.',2,4,0,20),(36,'Flowfern','This plant\'s leaves store a great amount of water. A component for making Water Ammo.',1,4,0,20),(37,'Snow Herb','A plant that radiates ice-cold air. Use in combinations to create freeze ammo.',2,6,0,20),(38,'Sleep Herb','A plant containing sleeping agents. Used to craft tranquilizers.',1,5,0,10),(39,'Ivy','A lightweight and extremely strong plant. Used to make nets for pitfall traps.',1,8,0,10),(40,'Smokenut','A nut that produces a copious amount of smoke. Combine with other items to create smoke with various properties.',1,4,0,10),(41,'Dragonfell Berry','A mysterious berry, rumored for eons to be loathed by dragons. Required to craft Dragon Ammo.',4,78,0,10),(42,'Blue Mushroom','A mushroom infused with power-enhancing effects. Used in restorative items.',2,2,0,10),(43,'Mandragora','A dangerous fungus said to draw the life out of people. Beware. Required to craft Max Potions.',3,40,0,10),(44,'Nitroshroom','A hard-to-find mushroom with the power to generate blazing heat. Required to craft Gunpowder.',2,6,0,20),(45,'Devil\'s Blight','A very rare fungus that pulses with extreme heat. Add to a barrel bomb for a dramatically stronger blast.',2,60,0,10),(46,'Parashroom','A mushroom that induces paralysis. Required to craft Tranq Bombs.',3,15,0,10),(47,'Toadstool','A poisonous fungus. Can be used as a toxin for knives.',2,8,0,10),(48,'Exciteshroom','This one has a very strange aroma. Is it edible? Only one way to find out! Required to craft Farcasters.',3,18,0,10),(49,'Chillshroom','This mushroom is a primary ingredient in cool drinks.',3,18,0,10),(50,'Bitterbug','A sharp-tasting bug with innate healing abilities. Used as an ingredient in many medicines.',1,2,0,10),(51,'Flashbug','An insect that emits a powerful flash when it dies. Required to craft Flash Pods.',2,48,0,10),(52,'Godbug','An insect said to live a millennium. Combine it with other items to add their properties to the powder.',4,120,0,10),(53,'Thunderbug','An insect that emits electricity when struck. Required to craft Shock Traps and Thunder Ammo.',4,80,0,10),(54,'Baitbug','An insect used as fishing bait. A fish favorite, it practically races down the nearest gilly gullet.',3,2,0,10),(55,'Kelbi Horn','While not practical when forging equipment, Kelbi horns are a vital component of many items.',4,52,0,99),(56,'Dash Extract','A mysterious substance culled from certain monsters that increases endurance.',4,56,0,20),(57,'Nourishing Extract','Can be obtained from certain large monsters. Has the ability to amplify the effects of certain medicines.',4,122,0,20),(58,'Screamer Sac','A monster organ that emits an earsplitting sonic blast when ruptured. Used to craft screamer pods.',2,15,0,10),(59,'Catalyst','Works with other materials to enhance their effects. Cannot be used by itself.',2,48,0,5),(60,'Tranq Bomb','A hand grenade used to capture monsters ensnared in traps. Can be slammed against the ground.',3,35,0,8),(61,'Flash Pod','Slinger ammo that flashes brightly on impact. Fire it right under a monster\'s nose to blind it.',2,57,0,3),(62,'Screamer Pod','Used as ammo for your slinger. Emits a harsh, high-frequency sound that can disrupt sensitive monsters.',2,45,0,3),(63,'Dung Pod','Slinger ammo that releases a strong odor on impact. Causes certain monsters to flee.',2,20,0,10),(64,'Smoke Bomb','Creates a large cloud of smoke wherever it lands.',2,44,0,3),(65,'Poison Smoke Bomb','Releases a toxic cloud of mist when used. Also popular as a household bug bomb.',2,60,0,5),(66,'Farcaster','Call for a wingdrake to transport you to the nearest camp. Can also be used during battles.',3,30,0,1),(67,'Raw Meat','Meat carved from a monster. Can be cooked, combined, or used to set a trap.',1,5,0,10),(68,'Poisoned Meat','Raw meat that poisons whatever eats it. Makes great bait for traps.',2,19,0,10),(69,'Tinged Meat','Raw meat that paralyzes whatever eats it. Makes great bait for traps.',2,30,0,10),(70,'Drugged Meat','Raw meat that puts whatever eats it to sleep. Makes great bait for traps.',2,32,0,10),(71,'Gunpowder','A dangerous substance that explodes when struct or heated.',2,45,0,20),(72,'Small Barrel','',0,0,0,0),(73,'Barrel Bomb','',0,0,0,0),(74,'Bounce Bomb','',0,0,0,0),(75,'Mega Bounce Bomb','',0,0,0,0),(76,'Large Barrel','A large, empty barrel. Combine with gunpowser to make it into a bomb.',2,21,0,5),(77,'Large Barrel Bomb','',0,0,0,0),(78,'Mega Barrel Bomb','An upgraded large barrel bomb. Effective against large monsters.',4,80,0,2),(79,'Spider Web','A very sticky web. Used to craft pitfall traps.',1,6,0,10),(80,'Net','A sturdy net that supports a certain amount of weight without breaking. Perfect for pitfall traps.',2,54,0,10),(81,'Trap Tool','A must-have item for putting together pitfall traps and other kinds of traps.',3,20,0,2),(82,'Pitfall Trap','A trap for catching certain large monsters. It is tripped by a heavy weight.',3,200,0,1),(83,'Shock Trap','A trap that immobilizes a target. Use it to capture monsters.',3,160,0,1),(84,'Rolled-up Dung','A ball of condensed monster dung. Used to make dung pods for your slinger.',1,10,0,20),(85,'Dung','Exudes a prodigious smell. Used to make ammo for your slinger called dung pods.',1,1,0,10),(86,'Arowana Bait','A ball of bait favored by fish of the Arowana family.',2,15,0,10),(87,'Gunpowderfish Bait','A ball of bait favored by fish of the Gunpowderfish family.',2,15,0,10),(88,'Goldenfish Bait','A ball of bait favored by fish of the Goldenfish family.',2,30,0,10),(89,'Boomerang','An unusually-shaped weapon from abroad that returns to its user when thrown.',4,15,0,5),(90,'Binoculars','Allows you to see farther and observe from a distance.',1,5,0,1),(91,'Powercharm','An amulet that strengthens attacks. Just carrying this gives you demonic strength.',5,3,0,1),(92,'Powertalon','A charm that strengthens attacks. Its effects are amplified by the dragon parts it contains.',5,6,0,1),(93,'Armorcharm','An amulet that increases defense. Just carrying this hardens your skin like stone.',5,2,0,1),(94,'Armortalon','A charm that increases defense. Its effects are amplified by the dragon parts it contains.',5,5,0,1),(95,'Needleberry','A nut covered in needle-like spines. Used to make spread ammo.',1,1,0,99),(96,'Blastnut','A nut used to make sticky ammo.',1,4,0,30),(97,'Dragonstrike nut','A nut that explodes on impact. Used to make wyvern ammo.',2,12,0,5),(98,'Slashberry','Used to make slicing ammo.',1,4,0,60),(99,'Latchberry','A nut that bears a spiral groove. Used to make pierce ammo.',1,4,0,99),(100,'Bomberry','A nut that ruptures on impact. Used to make cluster bombs.',2,12,0,10),(101,'Flamenut','Used to make gunpowder that increases ammo firepower.',2,12,0,80),(102,'Blazenut','Used to make gunpowder that greatly increases ammo firepower.',2,12,0,60),(103,'Gunpowder Level 2','Combustible powser. Combine with level 1 ammo to raise its level.',2,1,0,80),(104,'Gunpowser Level 3','Highly combustible powser. Combine with level 1 ammo to raise its level.',2,3,0,80),(105,'Whetfish Fin','A fish fin used to sharpen weapons. Restores sharpness greatly, but good for fewer uses than a whetstone.',2,45,0,10),(106,'Whetfish Fin+','A fish fin used to sharpen weapons. Works better than a whetstone, and can be reused if you\'re lucky.',4,45,0,5),(107,'Sushifish Scale','A scale from a Sushifish. Eat to restore a small amount of health. Also works to treat bleeding.',2,45,0,10),(108,'Great Sushifish Scale','Scale from a Great Sushifish. Eat to get large health boost, a natural healing boost, and treat bleeding.',4,45,0,5),(109,'Gunpowderfish Scale','The scales of a Gunpowderfish. Combine with a large barrel bomb to dramatically increase its firepower.',3,150,0,5),(110,'Great Gunpowderfish Scale','The scales of a Great Gunpowderfish. Combine with a large barrel bomb to make a mega barrel bomb.',4,150,0,5),(111,'Burst Arowana Scale','The scales of a Burst Arowana. Combine with fire herb to make a large amount of level 2 gunpowder.',2,45,0,5),(112,'Great Burst Arowana Scale','The scales of a Great Burst Arowana. Combine with fire herb to make a vast amount of level 2 gunpowder.',4,45,0,5),(113,'Bomb Arowana Scale','The scales of a Bomb Arowana. Combine with fire herb to make a large amount of Lv3 gunpowder.',2,135,0,5),(114,'Great Bomb Arowana Scale','The scales of a Great Bomb Arowana. Combine with fire herb to make a vast amount of Lv3 gunpowder.',4,135,0,5),(115,'Empty Phial','A regularly old empty phial. Nothing more, nothing less.',1,1,0,99),(116,'Iron Ore','Ore that can be smelted into metal and used for many different purposes.',0,0,0,0),(117,'Machalite Ore','Ore that\'s more difficult to procure than Iron Ore. Produces fine metal.',0,0,0,0),(118,'Dragonite Ore','An ore that yields metal superior to that of Machalite. Invaluable for making durable armor.',0,0,0,0),(119,'Carbalite Ore','Ore obtained from mining outcrops. Still under research, but known to yield highly pure metal.',0,0,0,0),(120,'Fucium Ore','Ore obtained from the Elder\'s Recess. A mysterious metal, capable of fusing nearly any two materials together.',0,0,0,0),(121,'Earth Crystal','Crystallized microbes prized as an abrasive when forging weapons. Mainly found in the Wildspire Waste.',0,0,0,0),(122,'Coral Crystal','Crystal prized at the Smithy for use in high-grade abrasives. Mainly found in the Coral Highlands.',0,0,0,0),(123,'Dragonvein Crystal','Mined from high rank areas. Many expect this newly-discovered crystal to usher in a new era of metalwork.',0,0,0,0),(124,'Lightcrystal','A precious and extremely hard substance with a faint glow. Sometimes used for crafting tools.',0,0,0,0),(125,'Novacrystal','High quality Lightcrystal. Highly coveted for its rarity, it\'s used for only the finest of metalworking.',0,0,0,0),(126,'Firecell Stone','A magma-like deposit that only trained hands can work with. Armor made from it is first-class.',0,0,0,0),(127,'Aquacore Ore','A valuable mineral used to create charms. Gives off a vibrant glow that mirrors the ocean.',0,0,0,0),(128,'Spiritcore Ore','A valuable mineral used to create charms. Gives off a warm, sunny glow.',0,0,0,0),(129,'Dreamcore Ore','A valuable mineral used to create charms. Gives off a blazing glow reminiscent of a bonfire.',0,0,0,0),(130,'Dragoncore Ore','A valuable mineral used to create charms. Gives off a mysterious glow that grants the holder sagely wisdom.',0,0,0,0),(131,'Armor Sphere','Reacts uniquely to heat. Fuse this to armor to improve it by a tiny amount.',0,0,0,0),(132,'Armor Sphere+','Reacts uniquely to heat. Fuse this to armor to improve it by a small amount.',0,0,0,0),(133,'Advanced Armor Sphere','Reacts uniquely to heat. Fuse this to armor to improve it.',0,0,0,0),(134,'Hard Armor Sphere','Reacts uniquely to heat. Fuse this to armor to significantly improve it.',0,0,0,0),(135,'Heavy Armor Sphere','Reacts uniquely to heat. Fuse this to armor to greatly improve it.',0,0,0,0),(136,'Sturdy Bone','A bone used as crafting material. Can be found in bonepiles in the Coral Highlands and Rotten Vale.',0,0,0,0),(137,'Quality Bone','A bone used as crafting material. Its ease of use and hardness allow it to be shaped into better gear.',0,0,0,0),(138,'Ancient Bone','A bone used as crafting material. Can be found in bonepiles in the Ancient Forest. Its size evokes a certain primal quality.',0,0,0,0),(139,'Boulder Bone','A bone used as crafting material. Can be found in bonepiles in the Wildspire Waste. Its size evokes a certain primal quality.',0,0,0,0),(140,'Coral Bone','A bone used as crafting material. Can be found in bonepiles in the Coral Highlands. Its size evokes a certain primal quality.',0,0,0,0),(141,'Warped Bone','A bone used as crafting material. Can be found in bonepiles in the Rotten Vale. Its size evokes a certain primal quality.',0,0,0,0),(142,'Brutal Bone','A bone used as crafting material. Can be found in bonepiles in the Elder\'s Recess. Its size evokes a certain primal quality.',0,0,0,0),(143,'Dragonbone Relic','A high quality material found in bone piles. The only remains left of a species of dragon now lost to time.',0,0,0,0),(144,'Unknown Skull','A rare material found in bonepiles in the Elder\'s Recess. It appears to be some kind of animal skull.',0,0,0,0),(145,'Great Hornfly','Discovered by Botanical Research. An insect with a giant horn, massive shell, and butterfly-like wings.',0,0,0,0),(146,'Sinister Cloth','Suspect cloth the Tailraider Safari dug up from who-knows-where. Drips with an aura of pure evil.',0,0,0,0),(147,'Monster Bone S','A material found in bonepiles. Indispensable for both hunting and daily life.',0,0,0,0),(148,'Monster Bone M','Bone obtained from large monsters. Strong yet flexible, it\'s as reliable as steel or wood.',0,0,0,0),(149,'Monster Bone L','Bone obtained from large monsters. Hard to work with due to its size, but vital when crafting larger items.',0,0,0,0),(150,'Monster Bone+','Bone obtained from large monsters. Hard to obtain, but vital for crafting powerful equipment.',0,0,0,0),(151,'Monster Keenbone','Bone obtained from high rank large monsters. It has a razor-sharp tip that retains its strength after forging.',0,0,0,0),(152,'Monster Hardbone','Precious bone obtained from high rank large monsters. Their rarity makes them highly sought after.',0,0,0,0),(153,'Elder Dragon Bone','A bone from an elder dragon. It exudes the great majesty of the beast that bore it.',0,0,0,0),(154,'Sharp Claw','Obtained from small fanged wyverns. Unlike wyvern claws, this is shaped to grip objects.',0,0,0,0),(155,'Piercing Claw','Material from high rank small fanged wyverns. Sharp enough that it might serve as a makeshift knife.',0,0,0,0),(156,'Monster Fluid','Material obtained from small insects. Mixes with insect gastric fluids to form adhesive.',0,0,0,0),(157,'Monster Broth','Material from high rank insects. A rich broth made from only the thickest of monster juices.',0,0,0,0),(158,'Poison Sac','A monster organ that contains a lethal toxin. Handle with extreme care.',0,0,0,0),(159,'Toxin Sac','A monster organ filled with an extremely potent toxin. Just touching it is dangerous.',0,0,0,0),(160,'Paralysis Sac','A monster organ that contains paralyzing neurotoxins.',0,0,0,0),(161,'Omniplegia Sac','A monster organ filled with potent neurotoxins. A single touch can cause paralysis.',0,0,0,0),(162,'Sleep Sac','A monster organ that contains a knockout powder capable of inducing sleep.',0,0,0,0),(163,'Coma Sac','A monster organ that contains dangerous powder. One whiff can induce a coma.',0,0,0,0),(164,'Flame Sac','A monster organ filled with flammable powder. Handle with extreme care.',0,0,0,0),(165,'Inferno Sac','A monster organ filled with powder that ignites if it so much as touches air. Danger!',0,0,0,0),(166,'Aqua Sac','A monster organ designed to hold and preserve water.',0,0,0,0),(167,'Torrent Sac','A monster organ designed to hold and preserve copious amounts of water.',0,0,0,0),(168,'Frost Sac','A monster internal organ, filled with extremely low temperature fluid. Handle with care.',0,0,0,0),(169,'Freezer Sac','A monster organ with tremendous freezing power. Turns its surroundings to ice.',0,0,0,0),(170,'Electro Sac','A monster organ that can store up electricity, which is released on impact.',0,0,0,0),(171,'Thunder Sac','A monster organ that can store up large amounts of high voltage electricity.',0,0,0,0),(172,'Bird Wyvern Gem','A valuable gem that can be harvested from bird wyverns. Said to fetch a high price on the market.',0,0,0,0),(173,'Wyvern Gem','Throughout a wyvern\'s life, impurities gather and form this peculiar gem.',0,0,0,0),(174,'Elder Dragon Blood','Contains an unknown compound. The object of much scholarly research.',0,0,0,0),(175,'Mosswine Hide','A musty hide covered in moss.',0,0,0,0),(176,'Warm Pelt','A pelt from a small animal. Used for many things, but mostly just regular clothes.',0,0,0,0),(177,'High-quality Pelt','Rare pelt from a small animal. Feels wonderful to the touch and valued highly by the Commission.',0,0,0,0),(178,'Vespoid Shell','Vespoid material. Obtained by carving. Used for many purposes.',0,0,0,0),(179,'Vespoid Carapace','Rare Vespoid material. Obtained by carving. Used for many purposes.',0,0,0,0),(180,'Vespoid Wing','Vespoid material. Obtained by carving. Light and sharp, used in many weapons.',0,0,0,0),(181,'Vespoid Innerwing','Rare Vespoid material. Obtained by carving. Light and sharp, used in many weapons.',0,0,0,0),(182,'Hornetaur Shell','Hornetaur material. Obtained by carving. Used for many purposes.',0,0,0,0),(183,'Hornetaur Wing','Hornetaur material. Obtained by carving. Used for many purposes.',0,0,0,0),(184,'Hornetaur Head','Hornetaur material. Obtained by carving. Unusual, used in select gear.',0,0,0,0),(185,'Hornetaur Carapace','Rare Hornetaur material. Obtained by carving. Used for many purposes.',0,0,0,0),(186,'Hornetaur Innerwing','Rare Hornetaur material. Obtained by carving. Light and sharp, used in many weapons.',0,0,0,0),(187,'Gajau Skin','Gajau material. Obtained by carving. Water resistant, used to craft gear.',0,0,0,0),(188,'Gajau Whisker','Gajau material. Obtained by carving. Hardy, used to craft gear.',0,0,0,0),(189,'Gajau Scale','Rare Gajau material. Obtained by carving. Water resistant, used to craft gear.',0,0,0,0),(190,'Grand Gajau Whisker','Rare Gajau material. Obtained by carving. Hardy, used to craft gear.',0,0,0,0),(191,'Wingdrake Hide','A material carved from wingdrakes. Lightweight and often used when crafting armor.',0,0,0,0),(192,'Wingdrake Hide+','A rare material carved from wingdrakes. Lightweight and often used when crafting armor.',0,0,0,0),(193,'Barnos Hide+','Rare Barnos material. Obtained by carving. Supple, used to craft gear.',0,0,0,0),(194,'Barnos Talon','Rare Barnos material. Obtained by carving. Unusual, used in select gear.',0,0,0,0),(195,'Kestodon Shell','Kestodon material. Obtained by carving. Sturdy, used to craft gear.',0,0,0,0),(196,'Kestodon Scalp','Kestodon material. Obtained by carving. Unusual, used in select gear.',0,0,0,0),(197,'Kestodon Carapace','Superior Kestodon material. Obtained by carving. Sturdy, used to craft gear.',0,0,0,0),(198,'Gastodon Carapace','Rare Gastodon material. Obtained by carving. Sturdy, used to craft gear.',0,0,0,0),(199,'Gastodon Horn','Rare Gastodon material. Obtained by carving. Unusual, used in select gear.',0,0,0,0),(200,'Jagras Scale','Jagras material. Obtained by carving. Used for many purposes.',0,0,0,0),(201,'Jagras Hide','Jagras material. Obtained by carving. Supple, used to craft gear.',0,0,0,0),(202,'Jagras Scale+','Rare Jagras material. Obtained by carving. Used for many purposes.',0,0,0,0),(203,'Jagras Hide+','Rare Jagras material. Obtained by carving. Supple, used to craft gear.',0,0,0,0),(204,'Shamos Scale','Shamos material. Obtained by carving. Used for many purposes.',0,0,0,0),(205,'Shamos Hide','Shamos material. Obtained by carving. Supple, used to craft gear.',0,0,0,0),(206,'Shamos Scale+','Rare Shamos material. Obtained by carving. Used for many purposes.',0,0,0,0),(207,'Shamos Hide+','Rare Shamos material. Obtained by carving. Supple, used to craft gear.',0,0,0,0),(208,'Girros Scale','Girros material. Obtained by carving Used for many purposes.',0,0,0,0),(209,'Girros Hide','Girros material. Obtained by carving. Supple, used to craft gear.',0,0,0,0),(210,'Girros Fang','Girros material. Obtained by carving. Grants paralytic properties.',0,0,0,0),(211,'Girros Scale+','Rare Girros material. Obtained by carving. Used for many purposes.',0,0,0,0),(212,'Girros Hide+','Rare Girros material. Obtained by carving. Supple, used to craft gear.',0,0,0,0),(213,'Great Jagras Scale','Great Jagras material. Mostly obtained by carving. Broadly used for many purposes.',0,0,0,0),(214,'Great Jagras Hide','Great Jagras material. Mostly obtained as a reward. Broadly used for many purposes.',0,0,0,0),(215,'Great Jagras Mane','Great Jagras material. Obtained by breaking its head. Used for many purposes.',0,0,0,0),(216,'Great Jagras Claw','Great Jagras material. Obtained by breaking its forelegs. Sharp, used in many weapons.',0,0,0,0),(217,'Great Jagras Scale+','Rare Great Jagras material. Mostly obtained by carving. Broadly used for many purposes.',0,0,0,0),(218,'Great Jagras Hide+','Rare Great Jagras material. Mostly obtained as a reward. Supple, used to craft gear.',0,0,0,0),(219,'Great Jagras Claw+','Rare Great Jagras material. Obtained by breaking its forelegs. Sharp, used in many weapons.',0,0,0,0),(220,'Kulu-Ya-Ku Scale','Kulu-Ya-Ku material. Mostly obtained as a reward. Broadly used for many purposes.',0,0,0,0),(221,'Kulu-Ya-Ku Hide','Kulu-Ya-Ku material. Mostly obtained by carving Supple, often used in gear.',0,0,0,0),(222,'Kulu-Ya-Ku Plume','Kulu-Ya-Ku material. Obtained by breaking its forelimbs. Used for many purposes.',0,0,0,0),(223,'Kulu-Ya-Ku Beak','Kulu-Ya-Ku material. Obtained by breaking its head. Hard, used in many weapons.',0,0,0,0),(224,'Kulu-Ya-Ku Scale+','Rare Kulu-Ya-Ku material. Mostly obtained by carving. Broadly used for many purposes.',0,0,0,0),(225,'Kulu-Ya-Ku Hide+','Rare Kulu-Ya-Ku material. Mostly obtained as a reward. Supple, often used in gear.',0,0,0,0),(226,'Kulu-Ya-Ku Plume+','Rare Kulu-Ya-Ku material. Obtained by breaking its forelimbs. Used for many purposes.',0,0,0,0),(227,'Kulu-Ya-Ku Beak+','Rare Kulu-Ya-Ku material. Obtained by breaking its head. Hard, used in many weapons.',0,0,0,0),(228,'Pukei-Pukei Scale','Pukei-Pukei material. Mostly obtained by carving. Broadly used for many purposes.',0,0,0,0),(229,'Pukei-Pukei Shell','Pukei-Pukei material. Mostly obtained as a reward. Solid, used to craft gear.',0,0,0,0),(230,'Pukei-Pukei Quill','Pukei-Pukei material. Obtained by breaking its wings. Used for many purposes.',0,0,0,0),(231,'Pukei-Pukei Sac','Pukei-Pukei material. Obtained by breaking its head. Grants poisonous properties.',0,0,0,0),(232,'Pukei-Pukei Tail','Rare Pukei-Pukei material. Obtained by carving its severed tail. Unusual, used to craft gear.',0,0,0,0),(233,'Pukei-Pukei Scale+','Rare Pukei-Pukei material. Mostly obtained by carving Broadly used for many purposes.',0,0,0,0),(234,'Pukei-Pukei Carapace','Rare Pukei-Pukei material. Mostly obtained as a reward. Solid, used to craft gear.',0,0,0,0),(235,'Pukei-Pukei Wing','Rare Pukei-Pukei material. Obtained by breaking its wings. Used for many purposes.',0,0,0,0),(236,'Pukei-Pukei Sac+','Rare Pukei-Pukei material. Obtained by breaking its head. Grants poisonous properties.',0,0,0,0),(237,'Barroth Shell','Barroth material. Mostly obtained by carving. Broadly used for many purposes.',0,0,0,0),(238,'Barroth Ridge','Barroth material. Mostly obtained as a reward. Solid, used to craft gear.',0,0,0,0),(239,'Barroth Claw','Barroth material. Obtained by breaking its forelimbs. Hardy, used in many weapons.',0,0,0,0),(240,'Barroth Scalp','Barroth material. Obtained by breaking its scalp. Tough, used in many weapons.',0,0,0,0),(241,'Barroth Tail','Barroth material. Obtained by carving its severed tail. Stiff, used to craft gear.',0,0,0,0),(242,'Fertile Mud','Barroth material. Obtained by breaking its mud covering Unusual, used in select gear.',0,0,0,0),(243,'Barroth Carapace','Rare Barroth material. Mostly obtained by carving. Broadly used for many purposes.',0,0,0,0),(244,'Barroth Ridge+','Rare Barroth material. Mostly obtained as a reward. Solid, used to craft gear.',0,0,0,0),(245,'Barroth Claw+','Rare Barroth material. Obtained by breaking its forelimbs. Hardy, used in many weapons.',0,0,0,0),(246,'Jyuratodus Scale','Jyuratodus material. Mostly obtained by carving. Used for many purposes.',0,0,0,0),(247,'Jyuratodus Shell','Jyuratodus material. Mostly obtained as a reward. Hardy, used to craft gear.',0,0,0,0),(248,'Jyuratodus Fang','Jyuratodus material. Obtained by breaking its head. Sharp, used in many weapons.',0,0,0,0),(249,'Jyuratodus Fin','Jyuratodus material. Obtained by breaking its back. Used for many purposes.',0,0,0,0),(250,'Jyuratodus Scale+','Rare Jyuratodus material. Mostly obtained by carving Used for many purposes.',0,0,0,0),(251,'Jyuratodus Carapace','Rare Jyuratodus material. Mostly obtained as a reward. Hardy, used to craft gear.',0,0,0,0),(252,'Jyuratodus Fang+','Rare Jyuratodus material. Obtained by breaking its head. Sharp, used in many weapons.',0,0,0,0),(253,'Jyuratodus Fin+','Rare Jyuratodus material. Obtained by breaking its back. Used for many purposes.',0,0,0,0),(254,'Tobi-Kadachi Scale','Tobi-Kadachi material. Mostly obtained by carving. Broadly used for many purposes.',0,0,0,0),(255,'Tobi-Kadachi Pelt','Tobi-Kadachi material. Mostly obtained as a reward. Highly thunder-resistant, used to craft gear.',0,0,0,0),(256,'Tobi-Kadachi Membrane','Tobi-Kadachi material. Mostly obtained by carving. Supple, used to craft gear.',0,0,0,0),(257,'Tobi-Kadachi Claw','Tobi-Kadachi material. Obtained by breaking its forelimbs. Sharp, used in many weapons.',0,0,0,0),(258,'Tobi-Kadachi Electrode','Tobi-Kadachi material. Obtained by breaking its head. Grants thunder element properties.',0,0,0,0),(259,'Tobi-Kadachi Scale+','Rare Tobi-Kadachi material. Mostly obtained by carving. Broadly used for many purposes.',0,0,0,0),(260,'Tobi-Kadachi Pelt+','Rare Tobi-Kadachi material. Mostly obtained as a reward. Highly thunder-resistant, used to craft gear.',0,0,0,0),(261,'Tobi-Kadachi Claw+','Rare Tobi-Kadachi material. Obtained by breaking its forelimbs. Sharp, used in many weapons.',0,0,0,0),(262,'Tobi-Kadachi Electrode+','Rare Tobi-Kadachi material. Obtained by breaking its head. Grants thunder element properties.',0,0,0,0),(263,'Anjanath Scale','Anjanath material. Mostly obtained by carving. Broadly used for many purposes.',0,0,0,0),(264,'Anjanath Pelt','Anjanath material. Mostly obtained as a reward. Highly heat-resistant, used to craft gear.',0,0,0,0),(265,'Anjanath Fang','Anjanath material. Obtained by breaking its head. Sharp, used in many weapons.',0,0,0,0),(266,'Anjanath Nosebone','Anjanath material. Obtained by breaking its head. Unusual and difficult to handle.',0,0,0,0),(267,'Anjanath Tail','Anjanath material. Obtained by carving its severed tail. Stiff, used to craft gear.',0,0,0,0),(268,'Anjanath Plate','Anjanath material. A valuable find, used to fortify gear. Said to be quite hard to come by.',0,0,0,0),(269,'Anjanath Scale+','Rare Anjanath material. Mostly obtained by carving. Broadly used for many purposes.',0,0,0,0),(270,'Anjanath Pelt+','Rare Anjanath material. Mostly obtained as a reward. Highly heat-resistant, used to craft gear.',0,0,0,0),(271,'Anjanath Fang+','Rare Anjanath material. Obtained by breaking its head. Sharp, used in many weapons.',0,0,0,0),(272,'Anjanath Nosebone+','Rare Anjanath material. Obtained by breaking its head. Unusual, used in select gear.',0,0,0,0),(273,'Anjanath Gem','A rare gem said to have formed within Anjanath tissue. Used to dramatically improve gear.',0,0,0,0),(274,'Rathian Scale','Rathian material. Mostly obtained by carving. Broadly used for many purposes.',0,0,0,0),(275,'Rathian Shell','Rathian material. Mostly obtained as a reward. Solid, used to craft gear.',0,0,0,0),(276,'Rathian Webbing','Rathian material. Obtained by breaking its wings. Supple, used to craft gear.',0,0,0,0),(277,'Rathian Spike','Rathian material. Obtained by carving its severed tail. Grants poisonous properties.',0,0,0,0),(278,'Rathian Plate','Rathian material. A valuable find, used to fortify gear. Said to be quite hard to come by.',0,0,0,0),(279,'Rathian Scale+','Rare Rathian material. Mostly obtained by carving. Broadly used for many purposes.',0,0,0,0),(280,'Rathian Carapace','Rare Rathian material. Mostly obtained as a reward. Solid, used to craft gear.',0,0,0,0),(281,'Rathian Spike+','Rare Rathian material. Obtained by carving its severed tail. Grants poisonous properties.',0,0,0,0),(282,'Rathian Ruby','A rare gem said to have formed within Rathian tissue. Used to dramatically improve gear.',0,0,0,0),(283,'Pink Rathian Scale+','Rare Pink Rathian material. Mostly obtained by carving. Broadly used for many purposes.',0,0,0,0),(284,'Pink Rathian Carapace','Rare Pink Rathian material. Mostly obtained as a reward. Solid, used to craft gear.',0,0,0,0),(285,'Tzitzi-Ya-Ku Scale','Tzitzi-Ya-Ku material. Mostly obtained by carving Broadly used for many purposes.',0,0,0,0),(286,'Tzitzi-Ya-Ku Hide','Tzitzi-Ya-Ku material. Mostly obtained as a reward. Supple, used to craft gear.',0,0,0,0),(287,'Tzitzi-Ya-Ku Claw','Tzitzi-Ya-Ku material. Mostly obtained by carving. Sharp, used in many weapons.',0,0,0,0),(288,'Tzitzi-Ya-Ku Photophore','Tzitzi-Ya-Ku material obtained by breaking its pulse organs. Unusual, used for many purposes.',0,0,0,0),(289,'Tzitzi-Ya-Ku Scale+','Rare Tzitzi-Ya-Ku material. Mostly obtained by carving. Broadly used for many purposes.',0,0,0,0),(290,'Tzitzi-Ya-Ku Hide+','Rare Tzitzi-Ya-Ku material. Mostly obtained as a reward. Supple, used to craft gear.',0,0,0,0),(291,'Tzitzi-Ya-Ku Claw+','Rare Tzitzi-Ya-Ku material. Mostly obtained by carving. Sharp, used in many weapons.',0,0,0,0),(292,'Tzitzi-Ya-Ku Photophore+','Rare Tzitzi-Ya-Ku material obtained by breaking its pulse organs. Unusual, used for many purposes.',0,0,0,0),(293,'Paolumu Pelt','Paolumu material. Mostly obtained as a reward. Broadly used for many purposes.',0,0,0,0),(294,'Paolumu Scale','Paolumu material. Mostly obtained by carving. Solid, used to craft gear.',0,0,0,0),(295,'Paolumu Shell','Paolumu material. Obtained by breaking its tail. Used for many purposes.',0,0,0,0),(296,'Paolumu Webbing','Paolumu material. Obtained by breaking its wings. Lightweight, used to craft gear.',0,0,0,0),(297,'Paolumu Pelt+','Rare Paolumu material. Mostly obtained as a reward. Broadly used for many purposes.',0,0,0,0),(298,'Paolumu Scale+','Rare Paolumu material. Mostly obtained by carving. Solid, used to craft gear.',0,0,0,0),(299,'Paolumu Carapace+','Rare Paolumu material. Obtained by breaking its tail. Used for many purposes.',0,0,0,0),(300,'Paolumu Wing','Rare Paolumu material. Obtained by breaking its wings. Lightweight, used to craft gear.',0,0,0,0),(301,'Great Girros Scale','Great Girros material. Mostly obtained by carving Broadly used for many purposes.',0,0,0,0),(302,'Great Girros Hide','Great Girros material. Mostly obtained as a reward. Supple, used to craft gear.',0,0,0,0),(303,'Great Girros Hood','Great Girros material. Obtained by breaking its head. Unusual and difficult to handle.',0,0,0,0),(304,'Great Girros Fang','Great Girros material. Obtained by breaking its head. Grants paralytic properties.',0,0,0,0),(305,'Great Girros Tail','Great Girros material. Obtained by carving its severed tail. Stiff, used to craft gear.',0,0,0,0),(306,'Great Girros Scale+','Rare Great Girros material. Mostly obtained by carving. Broadly used for many purposes.',0,0,0,0),(307,'Great Girros Hide+','Rare Great Girros material. Mostly obtained as a reward. Supple, used to craft gear.',0,0,0,0),(308,'Great Girros Hood+','Rare Great Girros material. Obtained by breaking its head. Unusual, used in select gear.',0,0,0,0),(309,'Great Girros Fang+','Rare Great Girros material. Obtained by breaking its head. Grants paralytic properties.',0,0,0,0),(310,'Radobaan Scale','Radobaan material. Mostly obtained by carving. Broadly used for many purposes.',0,0,0,0),(311,'Radobaan Shell','Radobaan material. Mostly obtained as a reward. Solid, used to craft gear.',0,0,0,0),(312,'Radobaan Oilshell','Radobaan material. Obtained by carving its severed tail. Impact resistant, used to craft gear.',0,0,0,0),(313,'Wyvern Bonemass','Radobaan material. Obtained by collecting rare drops. Highly dense, used for many purposes.',0,0,0,0),(314,'Radobaan Marrow','Radobaan material. A valuable find, used to fortify gear. Said to be quite hard to come by.',0,0,0,0),(315,'Radobaan Scale+','Rare Radobaan material. Mostly obtained by carving. Broadly used for many purposes.',0,0,0,0),(316,'Radobaan Carapace','Rare Radobaan material. Mostly obtained as a reward. Solid, used to craft gear.',0,0,0,0),(317,'Radobaan Medulla','Rare Radobaan material. A valuable find, used to fortify gear. Said to be quite hard to come by.',0,0,0,0),(318,'Legiana Scale','Legiana material. Mostly obtained by carving Broadly used for many purposes.',0,0,0,0),(319,'Legiana Hide','Legiana material. Mostly obtained as a reward. Solid, used to craft gear.',0,0,0,0),(320,'Legiana Claw','Legiana material. Mostly obtained by carving. Grants ice element properties.',0,0,0,0),(321,'Legiana Webbing','Legiana material. Obtained by breaking its wings. Supple, used to craft gear.',0,0,0,0),(322,'Legiana Tail Webbing','Legiana material. Obtained by breaking its tail. Supple, used to craft gear.',0,0,0,0),(323,'Legiana Plate','Legiana material. A valuable find, used to fortify gear. Said to be quite hard to come by.',0,0,0,0),(324,'Legiana Scale+','Rare Legiana material. Mostly obtained by carving Broadly used for many purposes.',0,0,0,0),(325,'Legiana Hide+','Rare Legiana material. Mostly obtained as a reward. Lightweight, used to craft gear.',0,0,0,0),(326,'Legiana Claw+','Rare Legiana material. Mostly obtained by carving. Grants ice element properties.',0,0,0,0),(327,'Legiana Wing','Rare Legiana material. Obtained by breaking its wings. Supple, used to craft gear.',0,0,0,0),(328,'Legiana Gem','A rare gem said to have formed within Legiana tissue. Used to dramatically improve gear.',0,0,0,0),(329,'Odogaron Scale','Odogaron material. Mostly obtained by carving. Broadly used for many purposes.',0,0,0,0),(330,'Odogaron Sinew','Odogaron material. Mostly obtained as a reward. Solid, used to craft gear.',0,0,0,0),(331,'Odogaron Claw','Odogaron material. Obtained by breaking its forelegs. Sharp, used in many weapons.',0,0,0,0),(332,'Odogaron Fang','Odogaron material. Obtained by breaking its head. Sharp, used in many weapons.',0,0,0,0),(333,'Odogaron Tail','Odogaron material. Obtained by carving its severed tail. Stiff, used to craft gear.',0,0,0,0),(334,'Odogaron Plate','Odogaron material. A valuable find, used to fortify gear. Said to be quite hard to come by.',0,0,0,0),(335,'Odogaron Scale+','Rare Odogaron material. Mostly obtained by carving Broadly used for many purposes.',0,0,0,0),(336,'Odogaron Sinew+','Rare Odogaron material. Mostly obtained as a reward. Solid, used to craft gear.',0,0,0,0),(337,'Odogaron Claw+','Rare Odogaron material. Obtained by breaking its forelegs. Sharp, used in many weapons.',0,0,0,0),(338,'Odogaron Fang+','Rare Odogaron material. Obtained by breaking its head. Sharp, used in many weapons.',0,0,0,0),(339,'Odogaron Gem','A rare gem said to have formed within Odogaron tissue. Used to dramatically improve gear.',0,0,0,0),(340,'Rathalos Scale','Rathalos material. Mostly obtained by carving. Broadly used for many purposes.',0,0,0,0),(341,'Rathalos Shell','Rathalos material. Mostly obtained as a reward. Solid, used to craft gear.',0,0,0,0),(342,'Rathalos Webbing','Rathalos material. Obtained by breaking its wings. Supple, used to craft gear.',0,0,0,0),(343,'Rathalos Tail','Rathalos material. Obtained by carving its severed tail. Compatible with fire element.',0,0,0,0),(344,'Rath Wingtalon','Material from Rathian and Rathalos. Obtained by breaking its wings. Sharp, used in many weapons.',0,0,0,0),(345,'Rathalos Marrow','Rathalos material. Mostly obtained by carving Grants fire element properties.',0,0,0,0),(346,'Rathalos Plate','Rathalos material. A valuable find, used to fortify gear. Said to be quite hard to come by.',0,0,0,0),(347,'Rathalos Scale+','Rare Rathalos material. Mostly obtained by carving. Broadly used for many purposes.',0,0,0,0),(348,'Rathalos Carapace','Rare Rathalos material. Mostly obtained as a reward. Solid, used to craft gear.',0,0,0,0),(349,'Rathalos Wing','Rare Rathalos material. Obtained by breaking its wings. Supple, used to craft gear.',0,0,0,0),(350,'Rathalos Medulla','Rare Rathalos material. Obtained by carving. Grants fire element properties.',0,0,0,0),(351,'Rathalos Ruby','A rare gem said to have formed within Rathalos tissue. Almost too nice to use.',0,0,0,0),(352,'Azure Rathalos Scale+','Rare Azure Rathalos material. Mostly obtained by carving. Broadly used for many purposes.',0,0,0,0),(353,'Azure Rathalos Carapace','Rare Azure Rathalos material. Mostly obtained as a reward. Solid, used to craft gear.',0,0,0,0),(354,'Azure Rathalos Tail','Rare Azure Rathalos material. Obtained by carving its severed tail. Compatible with fire element.',0,0,0,0),(355,'Azure Rathalos Wing','Rare Azure Rathalos material. Obtained by breaking its wings. Supple, used to craft gear.',0,0,0,0),(356,'Diablos Shell','Diablos material. Mostly obtained by carving. Broadly used for many purposes.',0,0,0,0),(357,'Diablos Ridge','Diablos material. Mostly obtained as a reward. Solid, used to craft gear.',0,0,0,0),(358,'Diablos Tailcase','Diablos material. Obtained by carving its severed tail. Sturdy, but difficult to handle.',0,0,0,0),(359,'Diablos Fang','Diablos material. Mostly obtained by carving. Sharp, used in many weapons.',0,0,0,0),(360,'Twisted Horn','Diablos material. Obtained by breaking its horns. Stout, used in many weapons.',0,0,0,0),(361,'Diablos Marrow','Diablos material. A valuable find, used to fortify gear. Said to be quite hard to come by.',0,0,0,0),(362,'Diablos Carapace','Rare Diablos material. Mostly obtained by carving. Broadly used for many purposes.',0,0,0,0),(363,'Diablos Ridge+','Rare Diablos material. Mostly obtained as a reward. Solid, used to craft gear.',0,0,0,0),(364,'Majestic Horn','Rare Diablos material. Obtained by breaking its horns. Stout, used in many weapons.',0,0,0,0),(365,'Blos Medulla','Rare Diablos material. A valuable find, used to fortify gear. Said to be quite hard to come by.',0,0,0,0),(366,'Black Diablos Carapace','Rare Black Diablos material. Mostly obtained by carving Broadly used for many purposes.',0,0,0,0),(367,'Black Diablos Ridge+','Rare Black Diablos material. Mostly obtained as a reward. Solid, used to craft gear.',0,0,0,0),(368,'Black Spiral Horn+','Rare Black Diablos material. Obtained by breaking its horns. Stout, used in many weapons.',0,0,0,0),(369,'Kirin Hide','Kirin material. Mostly obtained by carving. Broadly used for many purposes.',0,0,0,0),(370,'Kirin Tail','Kirin material. Mostly obtained as a reward. Compatible with thunder element.',0,0,0,0),(371,'Kirin Mane','Kirin material. Mostly obtained by carving. Highly thunder-resistant, used to craft gear.',0,0,0,0),(372,'Kirin Thunderhorn','Kirin material. Obtain by breaking its horn. Grants thunder element properties.',0,0,0,0),(373,'Kirin Hide+','Rare Kirin material. Mostly obtained by carving. Broadly used for many purposes.',0,0,0,0),(374,'Kirin Thundertail','Rare Kirin material. Mostly obtained as a reward. Compatible with thunder element.',0,0,0,0),(375,'Kirin Azure Horn','Rare Kirin material. Obtain by breaking its horn. Grants thunder element properties.',0,0,0,0),(376,'Zorah Magdaros Heat Scale','Zorah Magdaros material. Mostly obtained as a reward. Broadly used for many purposes.',0,0,0,0),(377,'Zorah Magdaros Carapace','Zorah Magdaros material. Obtained as a rare drop or by mining. Solid, used to craft gear.',0,0,0,0),(378,'Zorah Magdaros Ridge','Rare Zorah Magdaros material. Mostly obtained as a reward. Stout, used in many weapons.',0,0,0,0),(379,'Zorah Magdaros Pleura','Rare Zorah Magdaros material. Obtained by breaking its chest. Heavy, used to craft armor.',0,0,0,0),(380,'Zorah Magdaros Magma','Rare Zorah Magdaros material. Obtained by breaking its head. Unusual and difficult to handle.',0,0,0,0),(381,'Zorah Magdaros Gem','A rare gem said to have formed within Zorah Magdaros tissue. Holds untold potential.',0,0,0,0),(382,'Dodogama Scale+','Rare Dodogama material. Mostly obtained by carving. Broadly used for many purposes.',0,0,0,0),(383,'Dodogama Hide+','Rare Dodogama material. Mostly obtained as a reward. Supple, used to craft gear.',0,0,0,0),(384,'Dodogama Jaw','Rare Dodogama material. Obtained by breaking its head. Unusual and difficult to handle.',0,0,0,0),(385,'Dodogama Talon','Rare Dodogama material. Obtained by breaking its forelegs. Heavy, used to craft armor.',0,0,0,0),(386,'Dodogama Tail','Rare Dodogama material. Obtained by carving its severed tail. Tough, used in many weapons.',0,0,0,0),(387,'Lavasioth Scale+','Rare Lavasioth material. Mostly obtained by carving. Broadly used for many purposes.',0,0,0,0),(388,'Lavasioth Carapace','Rare Lavasioth material. Mostly obtained as a reward. Solid, used to craft gear.',0,0,0,0),(389,'Lavasioth Fang+','Rare Lavasioth material. Obtained by breaking its head. Sharp, used in many weapons.',0,0,0,0),(390,'Lavasioth Fin+','Rare Lavasioth material. Obtained by breaking its dorsal fin. Used for many purposes.',0,0,0,0),(391,'Uragaan Scale+','Rare Uragaan material. Mostly obtained by carving. Broadly used for many purposes.',0,0,0,0),(392,'Uragaan Carapace','Rare Uragaan material. Mostly obtained as a reward. Solid, used to craft gear.',0,0,0,0),(393,'Uragaan Jaw','Rare Uragaan material. Obtained from breaking its jaw. Unusual, used in select gear.',0,0,0,0),(394,'Uragaan Scute','Rare Uragaan material. Obtained by carving its severed tail. Highly heat resistant, used to craft gear.',0,0,0,0),(395,'Uragaan Marrow','Rare Uragaan material. A valuable find, used to fortify gear. Said to be quite hard to come by.',0,0,0,0),(396,'Uragaan Ruby','A rare gem said to have formed within Uragaan tissue. Used to dramatically improve gear.',0,0,0,0),(397,'Lava Nugget','A rare conglomerate or ore found growing on an Uragaan. Comprised of various ores, melted together.',0,0,0,0),(398,'Bazelgeuse Scale+','Rare Bazelgeuse material. Mostly obtained by carving. Broadly used for many purposes.',0,0,0,0),(399,'Bazelgeuse Carapace','Rare Bazelgeuse material. Mostly obtained as a reward. Solid, used to craft gear.',0,0,0,0),(400,'Bazelgeuse Tail','Rare Bazelgeuse material. Obtained by carving its severed tail. Stiff, used to craft gear.',0,0,0,0),(401,'Bazelgeuse Fuse','Rare Bazelgeuse material. Obtained by breaking its head. Grants blast element properties.',0,0,0,0),(402,'Bazelgeuse Talon','Rare Bazelgeuse material. Mostly obtained by carving. Compatible with blast element.',0,0,0,0),(403,'Bazelgeuse Wing','Rare Bazelgeuse material. Obtained by breaking its wings. Hard, used in many weapons.',0,0,0,0),(404,'Bazelgeuse Gem','A rare gem said to have formed within Bazelgeuse tissue. Used to dramatically improve gear.',0,0,0,0),(405,'Immortal Dragonscale','Rare Nergigante material. Mostly obtained by carving. Broadly used for many purposes.',0,0,0,0),(406,'Nergigante Carapace','Rare Nergigante material. Mostly obtained as a reward. Solid, used to craft gear.',0,0,0,0),(407,'Nergigante Tail','Rare Nergigante material. Obtained by carving its severed tail. Stiff, used to craft gear.',0,0,0,0),(408,'Nergigante Horn+','Rare Nergigante material. Obtained by breaking its horns. Stout, used in many weapons.',0,0,0,0),(409,'Nergigante Talon','Rare Nergigante material. Mostly obtained by carving. Sharp, used in many weapons.',0,0,0,0),(410,'Nergigante Regrowth Plate','Rare Nergigante material. Obtained by collecting rare drops. Unusual, used to craft gear.',0,0,0,0),(411,'Nergigante Gem','A rare gem said to have formed within Nergigante tissue. Holds untold potential.',0,0,0,0),(412,'Deceased Scale','Rare Vaal Hazak material. Mostly obtained by carving. Broadly used for many purposes.',0,0,0,0),(413,'Vaal Hazak Carapace','Rare Vaal Hazak material. Mostly obtained as a reward. Solid, used to craft gear.',0,0,0,0),(414,'Vaal Hazak Membrane','Rare Vaal Hazak material. Obtained by collecting rare drops. Grants dragon element properties.',0,0,0,0),(415,'Vaal Hazak Tail','Rare Vaal Hazak material. Obtained by carving its severed tail. Stiff, used to craft gear.',0,0,0,0),(416,'Vaal Hazak Fang+','Rare Vaal Hazak material. Obtained by breaking its head. Sharp, used in many weapons.',0,0,0,0),(417,'Vaal Hazak Talon','Rare Vaal Hazak material. Obtained by breaking its forelegs. Sharp, used in many weapons.',0,0,0,0),(418,'Vaal Hazak Wing','Rare Vaal Hazak material. Obtained by breaking its torso. Light yet firm, used to craft gear.',0,0,0,0),(419,'Vaal Hazak Gem','A rare gem said to have formed within Vaal Hazak tissue. Holds untold potential.',0,0,0,0),(420,'Teostra Carapace','Rare Teostra material. Mostly obtained as a reward. Solid, used to craft gear.',0,0,0,0),(421,'Teostra Mane','Rare Teostra material. Obtained by breaking its head. Highly fire-resistant, used to craft gear.',0,0,0,0),(422,'Teostra Tail','Rare Teostra material. Obtained by carving its severed tail. Stiff, used to craft gear.',0,0,0,0),(423,'Teostra Horn+','Rare Teostra material. Obtained by breaking its head. Stout, used in many weapons.',0,0,0,0),(424,'Fire Dragon Scale+','Rare Teostra material. Mostly obtained by carving. Broadly used for many purposes.',0,0,0,0),(425,'Teostra Claw+','Rare Teostra material. Mostly obtained by carving. Sharp, used in many weapons.',0,0,0,0),(426,'Teostra Webbing','Rare Teostra material. Obtained by breaking its wings. Supple, used to craft gear.',0,0,0,0),(427,'Teostra Powder','Rare Teostra material. Obtained by collecting rare drops. Unusual, used in select gear.',0,0,0,0),(428,'Teostra Gem','A rare gem said to have formed within Teostra tissue. Within it lies unimaginable power.',0,0,0,0),(429,'Daora Carapace','Rare Kushala Daora material. Mostly obtained as a reward. Solid, used to craft gear.',0,0,0,0),(430,'Daora Dragon Scale+','Rare Kushala Daora material. Mostly obtained by carving. Broadly used for many purposes.',0,0,0,0),(431,'Daora Webbing','Rare Kushala Daora material. Obtained by breaking its wings. Lightweight, used to craft gear.',0,0,0,0),(432,'Daora Horn+','Rare Kushala Daora material. Obtained by breaking its head. Stout, used in many weapons.',0,0,0,0),(433,'Daora Tail','Rare Kushala Daora material. Obtained by carving its severed tail. Stiff, used to craft gear.',0,0,0,0),(434,'Daora Claw+','Rare Kushala Daora material. Mostly obtained by carving. Imbued with potent ice element.',0,0,0,0),(435,'Daora Gem','A rare gem said to have formed within Kushala Daora tissue. Holds untold potential.',0,0,0,0),(436,'Xeno\'jiiva Soulscale','Rare Xeno\'jiiva material. The burnt scale still radiates vestiges of the hereafter.',0,0,0,0),(437,'Xeno\'jiiva Shell','A rare piece of Xeno\'jiiva shell, tempered to act as a vessel for the flames of the underworld.',0,0,0,0),(438,'Xeno\'jiiva Veil','A rare Xeno\'jiiva organ that stores energy that can be released in a violent torrent.',0,0,0,0),(439,'Xeno\'jiiva Tail','A rare, strong Xeno\'jiiva tail that can brush aside all enemies in a single lash.',0,0,0,0),(440,'Xeno\'jiiva Horn','A rare Xeno\'jiiva horn. During growth, it\'s theorized that it helps control the beast\'s power.',0,0,0,0),(441,'Xeno\'jiiva Claw','A rare Xeno\'jiiva claw, said to cleave soul from flesh.',0,0,0,0),(442,'Xeno\'jiiva Wing','A rare Xeno\'jiva wing. The wing membrane shines with the divine light of a powerful deity.',0,0,0,0),(443,'Xeno\'jiiva Gem','A phantasmal gem formed inside the tissue of Xeno\'jiiva. The power it holds defies comprehension.',0,0,0,0),(444,'Tailraider Voucher','Proof of friendship with the Lynians of the new continent. Show it to the Smithy and see what happens!',0,0,0,0),(445,'Gajalaka Sketch','Proof of friendship with the Gajalaka tribes of the new continent. Show it to the Smithy and see what happens!',0,0,0,0),(446,'Black Bandage','Cloth made from the glossy black hide of a monster. Not obtainable by normal means.',0,0,0,0),(447,'Black Crystal Ticket','A ticket you can trade for a crystal that emits a darkness-sucking light. Not obtainable by normal means.',0,0,0,0),(448,'Wiggler Ticket','A ticket given to those who help with Wiggler research. Comes with a rough sketch from a researcher.',0,0,0,0),(449,'Watcher Lens','Material obtained from a Machine. Its unusual circuitry can be used to craft special Palico equipment.',0,0,0,0),(450,'Nora Brave Trophy','Proof that you have completed the Proving. Grants you the right to craft special equipment.',0,0,0,0),(451,'SFV Ticket','A ticket for a special Street Fighter tie-in. Wait...does that mean that legendary fighter is going to...!?',0,0,0,0),(452,'Azure Star Shard','Special material given to those who complete USJ\'s challenge. Glows a beautiful, transparent blue.',0,0,0,0),(453,'Mysterious Feystone','A jewel that conceals faint traces of power within it. (Appraisal Item)',0,0,0,0),(454,'Glowing Feystone','A jewel that conceals an unknown power within it. (Appraisal Item)',0,0,0,0),(455,'Worn Feystone','A jewel that conceals considerable power within it. (Appraisal Item)',0,0,0,0),(456,'Warped Feystone','A jewel that conceals a mystical power within it. (Appraisal Item)',0,0,0,0),(457,'Sullied Streamstone','Though dirty, this stone pulses with undeniable power. (Appraisal Item)',0,0,0,0),(458,'Shining Streamstone','A stone that shines with the brilliance of endless possibility. (Appraisal Item)',0,0,0,0),(459,'Streamstone Shard','A rare stone taken from a tempered monster. The longer a beast\'s reign of terror, the larger the shard.',0,0,0,0),(460,'Streamstone','A rare stone taken from a tempered monster. A crystal of pure power, born of a beast\'s endless desires.',0,0,0,0),(461,'Gleaming Streamstone','A rare stone taken from a tempered monster. Proof that it ruled for an age as a tyrant unchallenged.',0,0,0,0),(462,'Warrior\'s Streamstone: Sword','A material used by champions of old. Used to bring out the hidden power in long swords and great swords.',0,0,0,0),(463,'Warrior\'s Streamstone: Blade','A material used by champions of old. Used to bring out the hidden power in swords and shields and dual blades.',0,0,0,0),(464,'Warrior\'s Streamstone: Hammer','A material used by champions of old. Used to bring out the hidden power in hammers and hunting horns.',0,0,0,0),(465,'Warrior\'s Streamstone: Lance','A material used by champions of old. Used to bring out the hidden power in lances and gunlances.',0,0,0,0),(466,'Warrior\'s Streamstone: Axe','A material used by champions of old. Used to bring out the hidden power in switch axes and charge blades.',0,0,0,0),(467,'Warrior\'s Streamstone: Shaft','A material used by champions of old. Used to bring out the hidden power in insect glaives and bows.',0,0,0,0),(468,'Warrior\'s Streamstone: Ranged','A material used by champions of old. Used to bring out the hidden power in light bowguns and heavy bowguns.',0,0,0,0),(469,'Hero\'s Streamstone: Sword','A material used by legendary heroes. Used to bring out the hidden power in long swords and great swords.',0,0,0,0),(470,'Hero\'s Streamstone: Blade','A material used by legendary heroes. Used to bring out the hidden power in swords and shields and dual blades.',0,0,0,0),(471,'Hero\'s Streamstone: Hammer','A material used by legendary heroes. Used to bring out the hidden power in hammers and hunting horns.',0,0,0,0),(472,'Hero\'s Streamstone: Lance','A material used by legendary heroes. Used to bring out the hidden power in lances and gunlances.',0,0,0,0),(473,'Hero\'s Streamstone: Axe','A material used by legendary heroes. Used to bring out the hidden power in switch axes and charge blades.',0,0,0,0),(474,'Hero\'s Streamstone: Shaft','A material used by legendary heroes. Used to bring out the hidden power in insect glaives and bows.',0,0,0,0),(475,'Hero\'s Streamstone: Ranged','A material used by legendary heroes. Used to bring out the hidden power in light bowguns and heavy bowguns.',0,0,0,0),(476,'Voucher','Redeem this for a special meal with stronger effects than usual.',0,0,0,0),(477,'First Wyverian Print','A ticket with a handprint, used by the First Wyverians. You can exchange it for items at the Melding Pot.',0,0,0,0),(478,'Deluxe First Wyverian Print','A ticket with a handprint, used by the First Wyverians. You can exchange it for items at the Melding Pot.',0,0,0,0),(479,'Steel Wyverian Print','A ticket with a handprint, used by the First Wyverians. Exchange it for materials at the Melding Pot.',0,0,0,0),(480,'Silver Wyverian Print','A ticket with a handprint, used by the First Wyverians. Exchange it for rare materials at the Melding Pot.',0,0,0,0),(481,'Gold Wyverian Print','A ticket with a handprint, used by the First Wyverians. Exchange it for very rare materials at the Melding Pot.',0,0,0,0),(482,'Commendation','A ticket awarded for demonstrating courage. Collect them and something wonderful may happen!',0,0,0,0),(483,'High Commendation','A ticket awarded for demonstrating tremendous courage. Collect them and something wonderful may happen!',0,0,0,0),(484,'Research Commission Ticket','A ticket issued by the commander to those who have aided the Research Commission. Show it to the Smithy!',0,0,0,0),(485,'Pukei Coin','A coin given to those who have bested a Pukei-Pukei in the Arena.',0,0,0,0),(486,'Kulu Coin','A coin given to those who have bested a Kulu-Ya-Ku in the Arena.',0,0,0,0),(487,'Rathian Coin','A coin given to those who have bested a Rathian in the Arena.',0,0,0,0),(488,'Tzitzi Coin','A coin given to those who have bested a Tzitzi-Ya-Ku in the Arena.',0,0,0,0),(489,'Barroth Coin','A coin given to those who have bested a Barroth in the Arena.',0,0,0,0),(490,'Gama Coin','A coin given to those who have bested a Dodogama in the Arena.',0,0,0,0),(491,'Rathalos Coin','A coin given to those who have bested a Rathalos in the Arena.',0,0,0,0),(492,'Brute Coin','A coin given to those who have bested multiple brute Wyverns at the same time in the Arena.',0,0,0,0),(493,'Flying Coin','A coin given to those who have bested multiple flying Wyverns at the same time in the Arena.',0,0,0,0),(494,'Pinnacle Coin','A commemorative coin bestowed on hunters who have mastered the craft. The value of its sheen? Priceless.',0,0,0,0),(495,'Hunter King Coin','A silver coin given to true hunters. It shines with all the glory of the Hunter King.',0,0,0,0),(496,'Ace Hunter Coin','A golden coin given to hunters at the pinnacle of their field. Only a small handful ever know such honor.',0,0,0,0),(497,'Steel Egg','An egg of glittering steel. Valuable and rare, but of no use to a hunter. (Trade-in Item)',0,0,0,0),(498,'Silver Egg','An egg of glittering silver. Valuable and rare, but of no use to a hunter. (Trade-in Item)',0,0,0,0),(499,'Golden Egg','An egg of glittering gold. Super valuable and rare, but of no use to a hunter. (Trade-in Item)',0,0,0,0),(500,'Chipped Scale','Acquired by using the Bandit Mantle. Chipped, but still prized by collectors. (Trade-in Item)',0,0,0,0),(501,'Large Scale','Acquired by using the Bandit Mantle. Consistently popular among collectors. (Trade-in Item)',0,0,0,0),(502,'Beautiful Scale','Acquired by using the Bandit Mantle. In perpetual demand among collectors. (Trade-in Item)',0,0,0,0),(503,'Lustrous Scale','Acquired by using the Bandit Mantle. A source of pride for any collector. (Trade-in Item)',0,0,0,0),(504,'Glimmering Scale','Acquired by using the Bandit Mantle. A must-have for any collector. (Trade-in Item)',0,0,0,0),(505,'Bhernastone','An Old World import. Beautiful, but not suitable for crafting (Trade-in Item)',0,0,0,0),(506,'Dundormarin','An Old World import. Beautiful, but not suitable for crafting (Trade-in Item)',0,0,0,0),(507,'Loc Lac Ore','An Old World import. Beautiful, but not suitable for crafting. (Trade-in Item)',0,0,0,0),(508,'Val Habar Quartz','An Old World import. Beautiful, but not suitable for crafting. (Trade-in Item)',0,0,0,0),(509,'Minegardenite','An Old World import. Beautiful, but not suitable for crafting. (Trade-in Item)',0,0,0,0),(510,'Golden Scale','The scales of a Goldenfish. They shimmer like only pure gold can. (Trade-in Item)',0,0,0,0),(511,'Golden Scale+','The scales of a Great Goldenfish. Trades at the same price as actual gold. (Trade-in Item)',0,0,0,0),(512,'Platinum Scale','The scales of a Platinumfish. They give off a beautiful gleam. (Trade-in Item)',0,0,0,0),(513,'Platinum Scale+','The scales of a Great Platinumfish. Their shine is nigh on blinding. (Trade-in Item)',0,0,0,0),(514,'Gilded Scale','The scales of a Goldenfry. Used by artisans in their crafts. (Trade-in Item)',0,0,0,0),(515,'Gilded Scale+','The scales of a Great Goldenfry. Used in the very finest of crafts. (Trade-in Item)',0,0,0,0),(516,'Deviljho Scale','Rare Deviljho material. Mostly obtained by carving. Broadly used for many purposes.',0,0,0,0),(517,'Deviljho Hide','Rare Deviljho material. Mostly obtained as a reward. Supple, used to craft gear.',0,0,0,0),(518,'Deviljho Tallfang','Rare Deviljho material. Obtained by breaking its head. Stout, used in many weapons.',0,0,0,0),(519,'Deviljho Talon','Rare Deviljho material. Mostly obtained by carving. Compatible with dragon element.',0,0,0,0),(520,'Deviljho Scalp','Rare Deviljho material. Obtained by breakin gits head. Unusual, used in select gear.',0,0,0,0),(521,'Deviljho Tail','Rare Deviljho material. Obtained by carving its severed tail. Stiff, used to craft gear.',0,0,0,0),(522,'Deviljho Saliva','Rare Deviljho material. Obtained by collecting rare drops. Unusual and difficult to handle.',0,0,0,0),(523,'Deviljho Gem','A rare gem said to have formed iwithin Deviljho tissue. Used to dramaticaly improve gear.',0,0,0,0),(524,'Kulu-Ya-Ku Ticket','',0,0,0,0),(525,'Spring Blossom Ticket','',0,0,0,0),(526,'Master Craftsman\'s Blueprint','',0,0,0,0),(527,'Nova Brave Trophy','',0,0,0,0),(528,'Spring Insect Field Guide','',0,0,0,0),(529,'Kulve Taroth Golden Scale','',0,0,0,0),(530,'Kulve Taroth Golden Shell','',0,0,0,0),(531,'Kulve Taroth Golden Nugget','',0,0,0,0),(532,'Kulve Taroth Golden Spiralhorn','',0,0,0,0),(533,'Kulve Taroth Golden Tailshell','',0,0,0,0),(534,'Kulve Taroth Golden Glimstone','',0,0,0,0);
/*!40000 ALTER TABLE `items` ENABLE KEYS */;
UNLOCK TABLES;

--
-- Table structure for table `migration_versions`
--

DROP TABLE IF EXISTS `migration_versions`;
/*!40101 SET @saved_cs_client     = @@character_set_client */;
/*!40101 SET character_set_client = utf8 */;
CREATE TABLE `migration_versions` (
  `version` varchar(255) COLLATE utf8_unicode_ci NOT NULL,
  PRIMARY KEY (`version`)
) ENGINE=InnoDB DEFAULT CHARSET=utf8 COLLATE=utf8_unicode_ci;
/*!40101 SET character_set_client = @saved_cs_client */;

--
-- Dumping data for table `migration_versions`
--

LOCK TABLES `migration_versions` WRITE;
/*!40000 ALTER TABLE `migration_versions` DISABLE KEYS */;
INSERT INTO `migration_versions` VALUES ('20180305182815'),('20180305213108'),('20180311004633'),('20180314175357'),('20180319155834'),('20180320200544'),('20180323034352'),('20180324193558'),('20180325041554'),('20180330194208'),('20180401034729'),('20180406032338'),('20180417030407'),('20180420125649'),('20180420144556'),('20180420154806'),('20180420180120'),('20180423145852'),('20180424142246'),('20180424202745'),('20180425142735'),('20180425224813'),('20180426174437'),('20180501002023'),('20180504075817'),('20180508195230'),('20180509025030'),('20180509191153'),('20180510043211'),('20180510213010'),('20180511152554');
/*!40000 ALTER TABLE `migration_versions` ENABLE KEYS */;
UNLOCK TABLES;

--
-- Table structure for table `motion_values`
--

DROP TABLE IF EXISTS `motion_values`;
/*!40101 SET @saved_cs_client     = @@character_set_client */;
/*!40101 SET character_set_client = utf8 */;
CREATE TABLE `motion_values` (
  `id` int(10) unsigned NOT NULL AUTO_INCREMENT,
  `name` varchar(64) COLLATE utf8mb4_unicode_ci NOT NULL,
  `weapon_type` varchar(32) COLLATE utf8mb4_unicode_ci NOT NULL,
  `damage_type` varchar(32) COLLATE utf8mb4_unicode_ci DEFAULT NULL,
  `stun_potency` smallint(5) unsigned DEFAULT NULL,
  `exhaust_potency` smallint(5) unsigned DEFAULT NULL,
  `hits` longtext CHARACTER SET utf8mb4 COLLATE utf8mb4_bin NOT NULL,
  PRIMARY KEY (`id`),
  UNIQUE KEY `name_weapon_type_idx` (`weapon_type`,`name`)
) ENGINE=InnoDB AUTO_INCREMENT=365 DEFAULT CHARSET=utf8mb4 COLLATE=utf8mb4_unicode_ci;
/*!40101 SET character_set_client = @saved_cs_client */;

--
-- Dumping data for table `motion_values`
--

LOCK TABLES `motion_values` WRITE;
/*!40000 ALTER TABLE `motion_values` DISABLE KEYS */;
INSERT INTO `motion_values` VALUES (1,'Charged Slash Lv1','great-sword','sever',NULL,NULL,'[48]'),(2,'Charged Slash Lv2','great-sword','sever',NULL,NULL,'[77]'),(3,'Charged Slash Lv3','great-sword','sever',NULL,NULL,'[105]'),(4,'Charged Slash Lv4','great-sword','sever',NULL,NULL,'[77]'),(5,'Overhead Slash','great-sword','sever',NULL,NULL,'[48]'),(6,'Strong Charged Slash Lv1','great-sword','sever',NULL,NULL,'[65]'),(7,'Strong Charged Slash Lv2','great-sword','sever',NULL,NULL,'[90]'),(8,'Strong Charged Slash Lv3','great-sword','sever',NULL,NULL,'[115]'),(9,'Strong Charged Slash Lv4','great-sword','sever',NULL,NULL,'[90]'),(10,'True Charged Slash Lv1','great-sword','sever',NULL,NULL,'[15,165]'),(11,'True Charged Slash Lv2','great-sword','sever',NULL,NULL,'[20,182]'),(12,'True Charged Slash Lv3','great-sword','sever',NULL,NULL,'[22,211]'),(13,'True Charged Slash Lv4','great-sword','sever',NULL,NULL,'[20,182]'),(14,'Wide Slash','great-sword','sever',NULL,NULL,'[26]'),(15,'Rising Slash','great-sword','sever',NULL,NULL,'[38]'),(16,'Side Blow','great-sword','blunt',20,15,'[16]'),(17,'Tackle Lv1','great-sword','blunt',30,20,'[26]'),(18,'Tackle Lv2','great-sword','blunt',40,25,'[35]'),(19,'Tackle Lv3','great-sword','blunt',55,30,'[48]'),(20,'Jumping Wide Slash Lv1','great-sword','sever',NULL,NULL,'[71]'),(21,'Jumping Wide Slash Lv2','great-sword','sever',NULL,NULL,'[85]'),(22,'Jumping Wide Slash Lv3','great-sword','blunt',NULL,NULL,'[110]'),(23,'Jumping Slash','great-sword','sever',NULL,NULL,'[70]'),(24,'Midair Charged Slash Lv1','great-sword','sever',NULL,NULL,'[70]'),(25,'Midair Charged Slash Lv2','great-sword','sever',NULL,NULL,'[92]'),(26,'Midair Charged Slash Lv3','great-sword','sever',NULL,NULL,'[106]'),(27,'Strong Wide Slash Lv1','great-sword','sever',NULL,NULL,'[59]'),(28,'Strong Wide Slash Lv2','great-sword','sever',NULL,NULL,'[66]'),(29,'Strong Wide Slash Lv3','great-sword','sever',NULL,NULL,'[78]'),(30,'Charged Rising Slash Lv1','great-sword','sever',NULL,NULL,'[48]'),(31,'Charged Rising Slash Lv2','great-sword','sever',NULL,NULL,'[72]'),(32,'Charged Rising Slash Lv3','great-sword','sever',NULL,NULL,'[98]'),(33,'Plunging Thrust Lv1','great-sword','sever',NULL,NULL,'[16]'),(34,'Plunging Thrust Lv2','great-sword','sever',NULL,NULL,'[22]'),(35,'Plunging Thrust Lv3','great-sword','sever',NULL,NULL,'[27]'),(36,'Step Slash','long-sword','sever',NULL,NULL,'[24]'),(37,'Thrust','long-sword','sever',NULL,NULL,'[12]'),(38,'Overhead Slash','long-sword','sever',NULL,NULL,'[21]'),(39,'Rising Slash','long-sword','sever',NULL,NULL,'[18]'),(40,'Fade Slash','long-sword','sever',NULL,NULL,'[22]'),(41,'Lateral Fade Slash','long-sword','sever',NULL,NULL,'[22]'),(42,'Spirit Jumping Slash','long-sword','sever',NULL,NULL,'[18]'),(43,'Spirit Blade I','long-sword','sever',NULL,NULL,'[14]'),(44,'Spirit Blade II','long-sword','sever',NULL,NULL,'[30]'),(45,'Spirit Blade III','long-sword','sever',NULL,NULL,'[12,14,34]'),(46,'Spirit Roundslash','long-sword','sever',NULL,NULL,'[38]'),(47,'Spirit Thrust','long-sword','sever',NULL,NULL,'[42]'),(48,'Spirit Helm Breaker (White)','long-sword','sever',NULL,NULL,'[10,10,10,10,10,10,10]'),(49,'Spirit Helm Breaker (Yellow)','long-sword','sever',NULL,NULL,'[10,10,10,10,10,10,10]'),(50,'Spirit Helm Breaker (Red)','long-sword','sever',NULL,NULL,'[25,25,25,25,25,25,25]'),(51,'Foresight Slash','long-sword','sever',NULL,NULL,'[14]'),(52,'Jumping Slash','long-sword','sever',NULL,NULL,'[26]'),(53,'Jumping Rising Slash','long-sword','sever',NULL,NULL,'[20]'),(54,'Aerial Draw Spirit Blade','long-sword','sever',NULL,NULL,'[26]'),(55,'Jumping Spirit Blade','long-sword','sever',NULL,NULL,'[16]'),(56,'Jumping Spirit Blade II','long-sword','sever',NULL,NULL,'[4,16]'),(57,'Jumping Spirit Blade III','long-sword','sever',NULL,NULL,'[4,16,28]'),(58,'Chop','sword-and-shield','sever',NULL,NULL,'[14]'),(59,'Side Slash','sword-and-shield','sever',NULL,NULL,'[13]'),(60,'Sword/Shield Combo','sword-and-shield','sever + blunt',15,15,'[10,20]'),(61,'Spiral Slash (Right)','sword-and-shield','sever',NULL,NULL,'[16]'),(62,'Spiral Slash (Left)','sword-and-shield','sever',NULL,NULL,'[16]'),(63,'Spiral Slash (Back)','sword-and-shield','sever',NULL,NULL,'[17]'),(64,'Thrust','sword-and-shield','sever',NULL,NULL,'[22]'),(65,'Lateral Slash','sword-and-shield','sever',NULL,NULL,'[22]'),(66,'Return Stroke','sword-and-shield','sever',NULL,NULL,'[21]'),(67,'Advancing Slash','sword-and-shield','sever',NULL,NULL,'[18]'),(68,'Short Shield Bash','sword-and-shield','blunt',15,10,'[6]'),(69,'Round Slash','sword-and-shield','sever',NULL,NULL,'[30]'),(70,'Shield Attack','sword-and-shield','blunt',15,10,'[8]'),(71,'Shield Bash','sword-and-shield','blunt',15,25,'[16]'),(72,'Hard Bash','sword-and-shield','blunt',30,25,'[31]'),(73,'Sliding Slash','sword-and-shield','sever',NULL,NULL,'[10,35]'),(74,'Guard Slash','sword-and-shield','sever',NULL,NULL,'[14]'),(75,'Rising Slash','sword-and-shield','sever',NULL,NULL,'[14]'),(76,'Charged Slash','sword-and-shield','sever + blunt',15,25,'[29,40]'),(77,'Scaling Slash','sword-and-shield','sever',NULL,NULL,'[15]'),(78,'Jumping Slash','sword-and-shield','sever',NULL,NULL,'[20]'),(79,'Falling Bash','sword-and-shield','blunt',15,15,'[39]'),(80,'Jumping Rising Slash','sword-and-shield','sever',NULL,NULL,'[20]'),(81,'Jumping Advancing Slash','sword-and-shield','sever',NULL,NULL,'[18]'),(82,'Helm Breaker','sword-and-shield','sever',NULL,NULL,'[20]'),(83,'Double Slash','dual-blades','sever',NULL,NULL,'[8,10]'),(84,'Double Slash Return Stroke','dual-blades','sever',NULL,NULL,'[9,10]'),(85,'Circle Slash','dual-blades','sever',NULL,NULL,'[11,9,11]'),(86,'Lunging Strike','dual-blades','sever',NULL,NULL,'[3,3,5,5]'),(87,'Left RoundSlash','dual-blades','sever',NULL,NULL,'[7,5,15]'),(88,'Right RoundSlash','dual-blades','sever',NULL,NULL,'[7,5,15]'),(89,'Turn Slash','dual-blades','sever',NULL,NULL,'[5,5]'),(90,'Rising Slash','dual-blades','sever',NULL,NULL,'[7]'),(91,'Sliding Slash','dual-blades','sever',NULL,NULL,'[10,10,13,13]'),(92,'Demon Fangs','dual-blades','sever',NULL,NULL,'[11]'),(93,'Twofold Demon Slash','dual-blades','sever',NULL,NULL,'[7,14]'),(94,'Sixfold Demon Slash','dual-blades','sever',NULL,NULL,'[10,10,9,9,16,16]'),(95,'Demon Flurry Rush','dual-blades','sever',NULL,NULL,'[5,5,4,4,8,8]'),(96,'Right Fade Slash','dual-blades','sever',NULL,NULL,'[7]'),(97,'Left Fade Slash','dual-blades','sever',NULL,NULL,'[7]'),(98,'Right Double Roundslash','dual-blades','sever',NULL,NULL,'[19,7,11]'),(99,'Left Double Roundslash','dual-blades','sever',NULL,NULL,'[19,7,11]'),(100,'Blade Dance','dual-blades','sever',NULL,NULL,'[17,17,6,6,10,10,9,9,11,11,9,9,12,7,12]'),(101,'Demon Flurry','dual-blades','sever',NULL,NULL,'[9,9,7,7,3,17,17]'),(102,'Jumping Double Slash','dual-blades','sever',NULL,NULL,'[9,12]'),(103,'Heavenly Blade Dance','dual-blades','sever',NULL,NULL,'[17,11,11,17,20,20,12,12,21,21]'),(104,'Midair Spinning Blade Dance','dual-blades','sever',NULL,NULL,'[15,10,15,10]'),(105,'Spinning Blade Dance Finisher','dual-blades','sever',NULL,NULL,'[20,20,20,20,12,12]'),(106,'Swing','hammer','blunt',15,10,'[20]'),(107,'Backswing','hammer','blunt',15,10,'[16]'),(108,'Overhead Smash I','hammer','blunt',20,10,'[37]'),(109,'Side Smash','hammer','blunt',20,5,'[15]'),(110,'Overhead Smash II','hammer','blunt',25,15,'[23]'),(111,'Upswing','hammer','blunt',50,10,'[86]'),(112,'Big Bang I','hammer','blunt',5,5,'[28]'),(113,'Big Bang II','hammer','blunt',5,5,'[32]'),(114,'Big Bang III','hammer','blunt',10,10,'[45]'),(115,'Big Bang IV','hammer','blunt',10,10,'[65]'),(116,'Big Bang Finisher','hammer','blunt',NULL,NULL,'[28,28,0,100]'),(117,'Charged Side Blow','hammer','blunt',15,10,'[18]'),(118,'Charged Upswing','hammer','blunt',NULL,10,'[38]'),(119,'Charged Big Bang','hammer','blunt',NULL,40,'[15,76]'),(120,'Spinning Bludgeon','hammer','blunt',NULL,NULL,'[26,18,18,18,18,18,0,32]'),(121,'Charged Brutal Upswing','hammer','blunt',NULL,20,'[45]'),(122,'Charged Brutal Big Bang','hammer','blunt',NULL,NULL,'[15,15,0,85]'),(123,'Charged Follow Up','hammer','blunt',10,5,'[25]'),(124,'Charged Follow Up (Power Charge)','hammer','blunt',25,5,'[55]'),(125,'Spinning Side Smash','hammer','blunt',20,10,'[15]'),(126,'Spinning Follow Up','hammer','blunt',25,10,'[55]'),(127,'Spinning Strong Upswing','hammer','blunt',50,10,'[90]'),(128,'Jumping Smash','hammer','blunt',20,10,'[37]'),(129,'Midair Spinning Bludgeon','hammer','blunt',NULL,NULL,'[25,100]'),(130,'Jumping Charge Attack','hammer','blunt',40,10,'[65]'),(131,'Jumping Charge Attack II','hammer','blunt',45,10,'[70]'),(132,'Jumping Charge Attack III','hammer','blunt',55,10,'[80]'),(133,'Right Swing','hunting-horn','blunt',20,15,'[27]'),(134,'Left Swing','hunting-horn','blunt',20,15,'[22]'),(135,'Forward Swing','hunting-horn','blunt',20,20,'[28]'),(136,'Backward Slam','hunting-horn','blunt',20,25,'[34]'),(137,'Handle Poke','hunting-horn','sever',NULL,NULL,'[10]'),(138,'Forward Slam','hunting-horn','blunt',NULL,NULL,'[14,39]'),(139,'Double Right Swing','hunting-horn','blunt',NULL,NULL,'[15,22]'),(140,'Performance','hunting-horn','blunt',22,22,'[29]'),(141,'Encore','hunting-horn','blunt',27,22,'[35]'),(142,'Shockwave','hunting-horn','blunt',27,15,'[27]'),(143,'Jumping Smash','hunting-horn','blunt',20,20,'[35]'),(144,'Jumping Strong Overhead Smash','hunting-horn','blunt',30,20,'[55]'),(145,'Mid-air Performance','hunting-horn','blunt',22,22,'[35]'),(146,'Mid Thrust I','lance','sever',NULL,NULL,'[20]'),(147,'Mid Thrust II','lance','sever',NULL,NULL,'[20]'),(148,'Mid Thrust III','lance','sever',NULL,NULL,'[27]'),(149,'High Thrust I','lance','sever',NULL,NULL,'[22]'),(150,'High Thrust II','lance','sever',NULL,NULL,'[22]'),(151,'High Thrust III','lance','sever',NULL,NULL,'[27]'),(152,'Wide Sweep I','lance','sever',NULL,NULL,'[20]'),(153,'Wide Sweep II','lance','sever',NULL,NULL,'[20]'),(154,'Wide Sweep III','lance','sever',NULL,NULL,'[20]'),(155,'Counter Thrust','lance','sever',NULL,NULL,'[40]'),(156,'Cancel Thrust','lance','sever',NULL,NULL,'[22]'),(157,'Guard Thrust','lance','sever',NULL,NULL,'[20]'),(158,'Dash Attack','lance','sever',NULL,NULL,'[11]'),(159,'Mid-Air Dash Attack','lance','sever',NULL,NULL,'[25]'),(160,'Reverse Attack','lance','sever',NULL,NULL,'[50]'),(161,'Advancing Jump Thrust','lance','sever',NULL,NULL,'[50]'),(162,'Finishing Thrust','lance','sever',NULL,NULL,'[50]'),(163,'Finishing Twin Thrust','lance','sever',NULL,NULL,'[25,50]'),(164,'Shield Attack','lance','blunt',27,27,'[14]'),(165,'Leaping Thrust','lance','sever',NULL,NULL,'[8,8,8]'),(166,'Jumping Thrust','lance','sever',NULL,NULL,'[30]'),(167,'Lunging Upthrust','gunlance','sever',NULL,NULL,'[30]'),(168,'Lateral Thrust I, II, III','gunlance','sever',NULL,NULL,'[24]'),(169,'Rising Slash','gunlance','sever',NULL,NULL,'[30]'),(170,'Overhead Smash','gunlance','sever',NULL,NULL,'[48]'),(171,'Wide Sweep','gunlance','sever',NULL,NULL,'[68]'),(172,'Guard Thrust I, II, III','gunlance','sever',NULL,NULL,'[18]'),(173,'Jumping Thrust','gunlance','sever',NULL,NULL,'[25]'),(174,'Jumping Reload Smash','gunlance','sever',NULL,NULL,'[44]'),(175,'Jumping Smash','gunlance','sever',NULL,NULL,'[44]'),(176,'Jumping Rising Slash','gunlance','sever',NULL,NULL,'[35]'),(177,'Axe: Morph Slash','switch-axe','sever',NULL,NULL,'[29]'),(178,'Axe: Side Slash','switch-axe','sever',NULL,NULL,'[23]'),(179,'Axe: Forward Slash','switch-axe','sever',NULL,NULL,'[19]'),(180,'Axe: Rising Slash','switch-axe','sever',NULL,NULL,'[25]'),(181,'Axe: Overhead Slash','switch-axe','sever',NULL,NULL,'[40]'),(182,'Axe: Wild Swing','switch-axe','sever',NULL,NULL,'[21,23]'),(183,'Axe: Fade Slash','switch-axe','sever',NULL,NULL,'[23]'),(184,'Axe: Morph Sweep','switch-axe','sever',NULL,NULL,'[20,70,35]'),(185,'Axe: Jumping Slash','switch-axe','sever',NULL,NULL,'[43]'),(186,'Axe: Jumping Morph Slash','switch-axe','sever',NULL,NULL,'[35]'),(187,'Axe: Jumping Sweep','switch-axe','sever',NULL,NULL,'[74]'),(188,'Sword: Morph Slash','switch-axe','sever',NULL,NULL,'[23]'),(189,'Sword: Downward Fade Slash','switch-axe','sever',NULL,NULL,'[45]'),(190,'Sword: Overhead Slash','switch-axe','sever',NULL,NULL,'[29]'),(191,'Sword: Right Rising Slash','switch-axe','sever',NULL,NULL,'[21]'),(192,'Sword: Left Rising Slash','switch-axe','sever',NULL,NULL,'[18]'),(193,'Sword: Double Slash','switch-axe','sever',NULL,NULL,'[22,26]'),(194,'Sword: Heavensward Flurry','switch-axe','sever',NULL,NULL,'[24,32]'),(195,'Sword: Element Discharge','switch-axe','sever',NULL,NULL,'[10]'),(196,'Sword: Element Discharge (Bash )','switch-axe','sever',NULL,NULL,'[6]'),(197,'Element Discharge Finisher','switch-axe','sever',NULL,NULL,'[80]'),(198,'Element Discharge Finisher (Early release)','switch-axe','sever',NULL,NULL,'[67]'),(199,'Zero Sum Discharge (Initial hit)','switch-axe','sever',NULL,NULL,'[15]'),(200,'Zero Sum Discharge (Bash )','switch-axe','sever',NULL,NULL,'[12]'),(201,'Zero Sum Discharge Finisher','switch-axe','sever',NULL,NULL,'[96]'),(202,'Sword: Jumping Slash','switch-axe','sever',NULL,NULL,'[35]'),(203,'Sword: Jumping Element Discharge','switch-axe','sever',NULL,NULL,'[10]'),(204,'Sword: Jumping Morph Slash','switch-axe','sever',NULL,NULL,'[43]'),(205,'Sword: Jumping Rising Slash','switch-axe','sever',NULL,NULL,'[35]'),(206,'Sword: Forward Slash','charge-blade','sever',NULL,NULL,'[20]'),(207,'Sword: Weak Slash','charge-blade','sever',NULL,NULL,'[12]'),(208,'Sword: Charged Rising Slash','charge-blade','sever',NULL,NULL,'[13]'),(209,'Sword: Charged Double Slash','charge-blade','sever',NULL,NULL,'[27,18]'),(210,'Sword: Sliding Slash','charge-blade','sever',NULL,NULL,'[25]'),(211,'Sword: Return Stroke','charge-blade','sever',NULL,NULL,'[15]'),(212,'Sword: Shield Thrust','charge-blade','sever',NULL,NULL,'[12,8]'),(213,'Sword: Spinning Slash','charge-blade','sever',NULL,NULL,'[28]'),(214,'Sword: Morph Slash','charge-blade','sever',NULL,NULL,'[44]'),(215,'Sword: Condensed Element Slash','charge-blade','sever',NULL,NULL,'[75]'),(216,'Sword: Jumping Slash','charge-blade','sever',NULL,NULL,'[22]'),(217,'Sword: Jumping Morph Slash','charge-blade','sever',NULL,NULL,'[46]'),(218,'Sword: Jumping Rising Slash','charge-blade','sever',NULL,NULL,'[21]'),(219,'Axe: Smash','charge-blade','sever',NULL,NULL,'[44]'),(220,'Axe: Morph Slash','charge-blade','sever',NULL,NULL,'[28]'),(221,'Elemental Roundslash','charge-blade','sever',NULL,NULL,'[50]'),(222,'Axe: Rising Slash','charge-blade','sever',NULL,NULL,'[35]'),(223,'Axe: Overhead Slash','charge-blade','sever',NULL,NULL,'[37]'),(224,'Axe: Dash Slam','charge-blade','sever',NULL,NULL,'[45]'),(225,'Axe: ED I','charge-blade','sever',NULL,NULL,'[21]'),(226,'Axe: Rushing ED I','charge-blade','sever',NULL,NULL,'[21]'),(227,'Axe: ED II','charge-blade','sever',NULL,NULL,'[10,66]'),(228,'Axe: Amped Element Discharge','charge-blade','sever',NULL,NULL,'[90]'),(229,'Axe: Super AED (Has Phials)','charge-blade','sever',NULL,NULL,'[15,90,97]'),(230,'Axe: Super AED (No Phials)','charge-blade','sever',NULL,NULL,'[15,97]'),(231,'Axe: Jumping Slash','charge-blade','sever',NULL,NULL,'[46]'),(232,'Axe: Jumping Morph Slash','charge-blade','sever',NULL,NULL,'[22]'),(233,'Leaping Slash','insect-glaive','sever',NULL,NULL,'[26]'),(234,'Rising Slash Combo','insect-glaive','sever',NULL,NULL,'[16,14]'),(235,'Wide Sweep','insect-glaive','sever',NULL,NULL,'[22]'),(236,'Overhead Smash','insect-glaive','sever',NULL,NULL,'[30]'),(237,'Thrust','insect-glaive','sever',NULL,NULL,'[10]'),(238,'Reaping Slash','insect-glaive','sever',NULL,NULL,'[18]'),(239,'Double Slash','insect-glaive','sever',NULL,NULL,'[18,24]'),(240,'Strong Rising Slash Combo','insect-glaive','sever',NULL,NULL,'[16,14,15]'),(241,'Strong Wide Sweep','insect-glaive','sever',NULL,NULL,'[18,26]'),(242,'Tornado Slash','insect-glaive','sever',NULL,NULL,'[24,42]'),(243,'Strong Thrust','insect-glaive','sever',NULL,NULL,'[12,11]'),(244,'Strong Reaping Slash','insect-glaive','sever',NULL,NULL,'[15,19]'),(245,'Strong Double Slash','insect-glaive','sever',NULL,NULL,'[16,14,28]'),(246,'Dodge Slash','insect-glaive','sever',NULL,NULL,'[17]'),(247,'Jumping Slash','insect-glaive','sever',NULL,NULL,'[15]'),(248,'Strong Jumping Slash','insect-glaive','sever',NULL,NULL,'[10]'),(249,'Jumping Advancing Slash','insect-glaive','sever',NULL,NULL,'[28]'),(250,'Strong Jumping Advancing Slash','insect-glaive','sever',NULL,NULL,'[6,4,7,4,3,32]'),(251,'Kinsect (Mark Target)','insect-glaive','blunt',5,5,'[5]'),(252,'Kinsect: Harvest Extract','insect-glaive','blunt',NULL,NULL,'[20]'),(253,'Melee Attack','light-bowgun','blunt',30,30,'[25]'),(254,'Jumping Reload','light-bowgun','blunt',30,30,'[25]'),(255,'Wyvernblast (S)','light-bowgun','projectile',NULL,NULL,'[26]'),(256,'Wyvernblast (M)','light-bowgun','projectile',NULL,NULL,'[32]'),(257,'Wyvernblast (L)','light-bowgun','projectile',NULL,NULL,'[49]'),(258,'Normal 1','light-bowgun','projectile',NULL,NULL,'[10]'),(259,'Normal 2','light-bowgun','projectile',NULL,NULL,'[20]'),(260,'Normal 3','light-bowgun','projectile',NULL,NULL,'[32]'),(261,'Pierce 1','light-bowgun','projectile',NULL,NULL,'[7]'),(262,'Pierce 2','light-bowgun','projectile',NULL,NULL,'[7]'),(263,'Pierce 3','light-bowgun','projectile',NULL,NULL,'[8]'),(264,'Spread 1','light-bowgun','projectile',NULL,NULL,'[6]'),(265,'Spread 2','light-bowgun','projectile',NULL,NULL,'[7]'),(266,'Spread 3','light-bowgun','projectile',NULL,NULL,'[8]'),(267,'Sticky 1','light-bowgun','projectile',30,NULL,'[12]'),(268,'Sticky 2','light-bowgun','projectile',50,NULL,'[16]'),(269,'Sticky 3','light-bowgun','projectile',100,NULL,'[19]'),(270,'Sticky Projectile','light-bowgun','projectile',NULL,NULL,'[1]'),(271,'Cluster Bomb 1','light-bowgun','projectile',NULL,NULL,'[19]'),(272,'Cluster Bomb 2','light-bowgun','projectile',NULL,NULL,'[22]'),(273,'Cluster Bomb 3','light-bowgun','projectile',NULL,NULL,'[28]'),(274,'Cluster Projectile','light-bowgun','projectile',NULL,NULL,'[1]'),(275,'Recover 1','light-bowgun','projectile',NULL,NULL,'[0]'),(276,'Recover 2','light-bowgun','projectile',NULL,NULL,'[0]'),(277,'Poison 1','light-bowgun','projectile',NULL,NULL,'[1]'),(278,'Poison 2','light-bowgun','projectile',NULL,NULL,'[1]'),(279,'Paralysis 1','light-bowgun','projectile',NULL,NULL,'[1]'),(280,'Paralysis 2','light-bowgun','projectile',NULL,NULL,'[1]'),(281,'Sleep 1','light-bowgun','projectile',NULL,NULL,'[1]'),(282,'Sleep 2','light-bowgun','projectile',NULL,NULL,'[1]'),(283,'Exhaust 1','light-bowgun','projectile',20,50,'[1]'),(284,'Exhaust 2','light-bowgun','projectile',30,100,'[1]'),(285,'Flaming','light-bowgun','projectile',NULL,NULL,'[5]'),(286,'Water','light-bowgun','projectile',NULL,NULL,'[5]'),(287,'Freeze','light-bowgun','projectile',NULL,NULL,'[5]'),(288,'Thunder','light-bowgun','projectile',NULL,NULL,'[5]'),(289,'Dragon','light-bowgun','projectile',NULL,NULL,'[2]'),(290,'Slicing Projectile','light-bowgun','projectile',NULL,NULL,'[1]'),(291,'Slicing','light-bowgun','projectile',NULL,NULL,'[6]'),(292,'Wyvern (Primary)','light-bowgun','projectile',NULL,NULL,'[70]'),(293,'Wyvern (Additional)','light-bowgun','projectile',NULL,NULL,'[16]'),(294,'Demon','light-bowgun','projectile',NULL,NULL,'[0]'),(295,'Armor','light-bowgun','projectile',NULL,NULL,'[0]'),(296,'Tranq','light-bowgun','projectile',NULL,NULL,'[0]'),(297,'Normal 1','heavy-bowgun','projectile',NULL,NULL,'[10]'),(298,'Normal 2','heavy-bowgun','projectile',NULL,NULL,'[20]'),(299,'Normal 3','heavy-bowgun','projectile',NULL,NULL,'[32]'),(300,'Pierce 1','heavy-bowgun','projectile',NULL,NULL,'[7]'),(301,'Pierce 2','heavy-bowgun','projectile',NULL,NULL,'[7]'),(302,'Pierce 3','heavy-bowgun','projectile',NULL,NULL,'[8]'),(303,'Spread 1','heavy-bowgun','projectile',NULL,NULL,'[6]'),(304,'Spread 2','heavy-bowgun','projectile',NULL,NULL,'[7]'),(305,'Spread 3','heavy-bowgun','projectile',NULL,NULL,'[8]'),(306,'Sticky 1','heavy-bowgun','projectile',30,NULL,'[12]'),(307,'Sticky 2','heavy-bowgun','projectile',50,NULL,'[16]'),(308,'Sticky 3','heavy-bowgun','projectile',100,NULL,'[19]'),(309,'Sticky Projectile','heavy-bowgun','projectile',NULL,NULL,'[1]'),(310,'Cluster Bomb 1','heavy-bowgun','projectile',NULL,NULL,'[19]'),(311,'Cluster Bomb 2','heavy-bowgun','projectile',NULL,NULL,'[22]'),(312,'Cluster Bomb 3','heavy-bowgun','projectile',NULL,NULL,'[28]'),(313,'Cluster Projectile','heavy-bowgun','projectile',NULL,NULL,'[1]'),(314,'Recover 1','heavy-bowgun','projectile',NULL,NULL,'[0]'),(315,'Recover 2','heavy-bowgun','projectile',NULL,NULL,'[0]'),(316,'Poison 1','heavy-bowgun','projectile',NULL,NULL,'[1]'),(317,'Poison 2','heavy-bowgun','projectile',NULL,NULL,'[1]'),(318,'Paralysis 1','heavy-bowgun','projectile',NULL,NULL,'[1]'),(319,'Paralysis 2','heavy-bowgun','projectile',NULL,NULL,'[1]'),(320,'Sleep 1','heavy-bowgun','projectile',NULL,NULL,'[1]'),(321,'Sleep 2','heavy-bowgun','projectile',NULL,NULL,'[1]'),(322,'Exhaust 1','heavy-bowgun','projectile',20,50,'[1]'),(323,'Exhaust 2','heavy-bowgun','projectile',30,100,'[1]'),(324,'Flaming','heavy-bowgun','projectile',NULL,NULL,'[5]'),(325,'Water','heavy-bowgun','projectile',NULL,NULL,'[5]'),(326,'Freeze','heavy-bowgun','projectile',NULL,NULL,'[5]'),(327,'Thunder','heavy-bowgun','projectile',NULL,NULL,'[5]'),(328,'Dragon','heavy-bowgun','projectile',NULL,NULL,'[2]'),(329,'Slicing Projectile','heavy-bowgun','projectile',NULL,NULL,'[1]'),(330,'Slicing','heavy-bowgun','projectile',NULL,NULL,'[6]'),(331,'Wyvern (Primary)','heavy-bowgun','projectile',NULL,NULL,'[70]'),(332,'Wyvern (Additional)','heavy-bowgun','projectile',NULL,NULL,'[16]'),(333,'Demon','heavy-bowgun','projectile',NULL,NULL,'[0]'),(334,'Armor','heavy-bowgun','projectile',NULL,NULL,'[0]'),(335,'Tranq','heavy-bowgun','projectile',NULL,NULL,'[0]'),(336,'Melee Attack','heavy-bowgun','blunt',30,30,'[30]'),(337,'Jumping Reload','heavy-bowgun','blunt',30,30,'[30]'),(338,'Wyvernheart','heavy-bowgun','projectile',NULL,NULL,'[9]'),(339,'Wyvernsnipe','heavy-bowgun','projectile',NULL,NULL,'[20]'),(340,'Wyvernsnipe Explosion (S)','heavy-bowgun','blunt',20,NULL,'[38]'),(341,'Wyvernsnipe Explosion (M)','heavy-bowgun','blunt',35,NULL,'[49]'),(342,'Wyvernsnipe Explosion (L)','heavy-bowgun','blunt',55,NULL,'[81]'),(343,'Charged Shot (Lv 1)','bow','projectile',NULL,NULL,'[7]'),(344,'Charged Shot (Lv 2)','bow','projectile',NULL,NULL,'[10]'),(345,'Charged Shot (Lv 3)','bow','projectile',NULL,NULL,'[11]'),(346,'Charged Shot (Lv 4)','bow','projectile',NULL,NULL,'[12]'),(347,'Power Shot (Lv 1)','bow','projectile',NULL,NULL,'[6]'),(348,'Power Shot (Lv 2)','bow','projectile',NULL,NULL,'[9]'),(349,'Power Shot (Lv 3)','bow','projectile',NULL,NULL,'[11]'),(350,'Power Shot (Lv 4)','bow','projectile',NULL,NULL,'[13]'),(351,'Arc Shot (Lv 1)','bow','projectile',5,5,'[1]'),(352,'Arc Shot (Lv 2)','bow','projectile',5,10,'[2]'),(353,'Arc Shot (Lv 3)','bow','projectile',10,15,'[2]'),(354,'Arc Shot (Lv 4)','bow','projectile',15,20,'[2]'),(355,'Dragon Piercer (Lv 1)','bow','projectile',NULL,NULL,'[19]'),(356,'Dragon Piercer (Lv 2)','bow','projectile',NULL,NULL,'[20]'),(357,'Dragon Piercer (Lv 3)','bow','projectile',NULL,NULL,'[23]'),(358,'Quick Shot','bow','projectile',NULL,NULL,'[6]'),(359,'Lunging Melee Attack','bow','sever',NULL,NULL,'[35]'),(360,'Wall Climb Power Shot','bow','sever',NULL,NULL,'[35]'),(361,'Jumping Melee Attack','bow','sever',NULL,NULL,'[10]'),(362,'Mid-air Charged Shot (Lv 1)','bow','projectile',NULL,NULL,'[7]'),(363,'Mid-air Charged Shot (Lv 2)','bow','projectile',NULL,NULL,'[10]'),(364,'Mid-air Charged Shot (Lv 3)','bow','projectile',NULL,NULL,'[11]');
/*!40000 ALTER TABLE `motion_values` ENABLE KEYS */;
UNLOCK TABLES;

--
-- Table structure for table `skill_ranks`
--

DROP TABLE IF EXISTS `skill_ranks`;
/*!40101 SET @saved_cs_client     = @@character_set_client */;
/*!40101 SET character_set_client = utf8 */;
CREATE TABLE `skill_ranks` (
  `id` int(10) unsigned NOT NULL AUTO_INCREMENT,
  `skill_id` int(10) unsigned NOT NULL,
  `level` smallint(5) unsigned NOT NULL,
  `description` longtext COLLATE utf8_unicode_ci NOT NULL,
  `modifiers` longtext CHARACTER SET utf8mb4 COLLATE utf8mb4_bin NOT NULL,
  `slug` varchar(64) COLLATE utf8_unicode_ci NOT NULL,
  PRIMARY KEY (`id`),
  UNIQUE KEY `UNIQ_EECE3328989D9B62` (`slug`),
  UNIQUE KEY `skill_level_idx` (`skill_id`,`level`),
  KEY `IDX_EECE33285585C142` (`skill_id`),
  CONSTRAINT `FK_EECE33285585C142` FOREIGN KEY (`skill_id`) REFERENCES `skills` (`id`)
) ENGINE=InnoDB AUTO_INCREMENT=333 DEFAULT CHARSET=utf8 COLLATE=utf8_unicode_ci;
/*!40101 SET character_set_client = @saved_cs_client */;

--
-- Dumping data for table `skill_ranks`
--

LOCK TABLES `skill_ranks` WRITE;
/*!40000 ALTER TABLE `skill_ranks` DISABLE KEYS */;
INSERT INTO `skill_ranks` VALUES (1,1,1,'Reduces the duration of poison by 30%.','[]','poison-resistance-rank-1'),(2,1,2,'Reduces the duration of poison by 60%.','[]','poison-resistance-rank-2'),(3,1,3,'Prevents poison.','[]','poison-resistance-rank-3'),(4,2,1,'Reduces the duration of paralysis by 30%.','[]','paralysis-resistance-rank-1'),(5,2,2,'Reduces the duration of paralysis by 60%.','[]','paralysis-resistance-rank-2'),(6,2,3,'Prevents paralysis.','[]','paralysis-resistance-rank-3'),(7,3,1,'Reduces the duration of sleep by 30%.','[]','sleep-resistance-rank-1'),(8,3,2,'Reduces the duration of sleep by 60%.','[]','sleep-resistance-rank-2'),(9,3,3,'Prevents sleep.','[]','sleep-resistance-rank-3'),(10,4,1,'Reduces the duration of stun by 30%.','[]','stun-resistance-rank-1'),(11,4,2,'Reduces the duration of stun by 60%.','[]','stun-resistance-rank-2'),(12,4,3,'Prevents stun.','[]','stun-resistance-rank-3'),(13,5,1,'Reduces limits on movement speed and evasion.','[]','muck-resistance-rank-1'),(14,6,1,'Delays blastblight and reduces blast damage.','[]','blast-resistance-rank-1'),(15,6,2,'Greatly delays blastblight and greatly reduces blast damage.','[]','blast-resistance-rank-2'),(16,6,3,'Prevents blastblight.','[]','blast-resistance-rank-3'),(17,7,1,'Reduces damage while bleeding.','[]','bleeding-resistance-rank-1'),(18,7,2,'Greatly reduces damage while bleeding.','[]','bleeding-resistance-rank-2'),(19,7,3,'Prevents bleeding.','[]','bleeding-resistance-rank-3'),(20,8,1,'Reduces the duration of Defense Down by 30%.','[]','iron-skin-rank-1'),(21,8,2,'Reduces the duration of Defense Down by 60%.','[]','iron-skin-rank-2'),(22,8,3,'Prevents Defense Down.','[]','iron-skin-rank-3'),(23,9,1,'Slightly reduces the effects of weak monster roars.','[]','earplugs-rank-1'),(24,9,2,'Reduces the effects of weak monster roars.','[]','earplugs-rank-2'),(25,9,3,'Nullifies weak monster roars.','[]','earplugs-rank-3'),(26,9,4,'Nullifies weak monster roars and reduces the effects of strong monster roars.','[]','earplugs-rank-4'),(27,9,5,'Nullifies weak and strong monster roars.','[]','earplugs-rank-5'),(28,10,1,'Slightly reduces the effects of minor wind pressure.','[]','windproof-rank-1'),(29,10,2,'Reduces the effects of minor wind pressure.','[]','windproof-rank-2'),(30,10,3,'Negates minor wind pressure.','[]','windproof-rank-3'),(31,10,4,'Negates minor wind pressure and reduces the effects of major wind pressure.','[]','windproof-rank-4'),(32,10,5,'Negates minor and major wind pressure.','[]','windproof-rank-5'),(33,11,1,'Nullifies minor ground tremors.','[]','tremor-resistance-rank-1'),(34,11,2,'Nullifies minor ground tremors and reduces the effects of major ground tremors.','[]','tremor-resistance-rank-2'),(35,11,3,'Nullifies minor and major ground tremors.','[]','tremor-resistance-rank-3'),(36,12,1,'Makes slinger dung pods more effective at making monsters run away.','[]','dungmaster-rank-1'),(37,13,1,'Nullifies damage from effluvia and reduces damage from acids.','[]','effluvial-expert-rank-1'),(38,14,1,'Nullfies heat damage.','[]','heat-guard-rank-1'),(39,15,1,'Attack +3','{\"attack\":3}','attack-boost-rank-1'),(40,15,2,'Attack +6','{\"attack\":6}','attack-boost-rank-2'),(41,15,3,'Attack +9','{\"attack\":9}','attack-boost-rank-3'),(42,15,4,'Attack +12 Affinity +5%','{\"attack\":12,\"affinity\":5}','attack-boost-rank-4'),(43,15,5,'Attack +15 Affinity +5%','{\"attack\":15,\"affinity\":5}','attack-boost-rank-5'),(44,15,6,'Attack +18 Affinity +5%','{\"attack\":18,\"affinity\":5}','attack-boost-rank-6'),(45,15,7,'Attack +21 Affinity +5%','{\"attack\":21,\"affinity\":5}','attack-boost-rank-7'),(46,16,1,'Defense +5','{\"defense\":5}','defense-boost-rank-1'),(47,16,2,'Defense +10','{\"defense\":10}','defense-boost-rank-2'),(48,16,3,'Defense +15','{\"defense\":15}','defense-boost-rank-3'),(49,16,4,'Defense +20 All Elemental Resistances +3','{\"defense\":20,\"resistAll\":3}','defense-boost-rank-4'),(50,16,5,'Defense +25 All Elemental Resistances +3','{\"defense\":25,\"resistAll\":3}','defense-boost-rank-5'),(51,16,6,'Defense +30 All Elemental Resistances +3','{\"defense\":30,\"resistAll\":3}','defense-boost-rank-6'),(52,16,7,'Defense +35 All Elemental Resistances +3','{\"defense\":35,\"resistAll\":3}','defense-boost-rank-7'),(53,17,1,'Health +15','{\"health\":15}','health-boost-rank-1'),(54,17,2,'Health +30','{\"health\":30}','health-boost-rank-2'),(55,17,3,'Health +50','{\"health\":50}','health-boost-rank-3'),(56,18,1,'Recovery +10%','[]','recovery-up-rank-1'),(57,18,2,'Recovery +20%','[]','recovery-up-rank-2'),(58,18,3,'Recovery +30%','[]','recovery-up-rank-3'),(59,19,1,'Doubles the speed at which you heal recoverable damage.','[]','recovery-speed-rank-1'),(60,19,2,'Triples the speed at which you heal recoverable damage.','[]','recovery-speed-rank-2'),(61,19,3,'Quadruples the speed at which you heal recoverable damage.','[]','recovery-speed-rank-3'),(62,20,1,'Fire resistance +6','{\"resistFire\":6}','fire-resistance-rank-1'),(63,20,2,'Fire resistance +12','{\"resistFire\":12}','fire-resistance-rank-2'),(64,20,3,'Fire resistance +20 Defense +10','{\"defense\":10,\"resistFire\":20}','fire-resistance-rank-3'),(65,21,1,'Water resistance +6','{\"resistWater\":6}','water-resistance-rank-1'),(66,21,2,'Water resistance +12','{\"resistWater\":12}','water-resistance-rank-2'),(67,21,3,'Water resistance +20 Defense +10','{\"defense\":10,\"resistWater\":20}','water-resistance-rank-3'),(68,22,1,'Ice resistance +6','{\"resistIce\":6}','ice-resistance-rank-1'),(69,22,2,'Ice resistance +12','{\"resistIce\":12}','ice-resistance-rank-2'),(70,22,3,'Ice resistance +20 Defense +10','{\"defense\":10,\"resistIce\":20}','ice-resistance-rank-3'),(71,23,1,'Thunder resistance +6','{\"resistThunder\":6}','thunder-resistance-rank-1'),(72,23,2,'Thunder resistance +12','{\"resistThunder\":12}','thunder-resistance-rank-2'),(73,23,3,'Thunder resistance +20 Defense +10','{\"defense\":10,\"resistThunder\":20}','thunder-resistance-rank-3'),(74,24,1,'Dragon resistance +6','[]','dragon-resistance-rank-1'),(75,24,2,'Dragon resistance +12','[]','dragon-resistance-rank-2'),(76,24,3,'Dragon resistance +20 Defense +10','{\"defense\":10}','dragon-resistance-rank-3'),(77,25,1,'Reduces the duration of all elemental blights by 30%.','[]','blight-resistance-rank-1'),(78,25,2,'Reduces the duration of all elemental blights by 60%.','[]','blight-resistance-rank-2'),(79,25,3,'Nullifies all elemental blights.','[]','blight-resistance-rank-3'),(80,26,1,'Fire attack +30','{\"damageFire\":30}','fire-attack-rank-1'),(81,26,2,'Fire attack +60','{\"damageFire\":60}','fire-attack-rank-2'),(82,26,3,'Fire attack +100','{\"damageFire\":100}','fire-attack-rank-3'),(83,26,4,'Fire attack +5% Bonus: +100','{\"damageFire\":\"100+5%\"}','fire-attack-rank-4'),(84,26,5,'Fire attack +10% Bonus: +100','{\"damageFire\":\"100+10%\"}','fire-attack-rank-5'),(85,27,1,'Water attack +30','{\"damageWater\":30}','water-attack-rank-1'),(86,27,2,'Water attack +60','{\"damageWater\":60}','water-attack-rank-2'),(87,27,3,'Water attack +100','{\"damageWater\":100}','water-attack-rank-3'),(88,27,4,'Water attack +5% Bonus: +100','{\"damageWater\":\"100+5%\"}','water-attack-rank-4'),(89,27,5,'Water attack +10% Bonus: +100','{\"damageWater\":\"100+10%\"}','water-attack-rank-5'),(90,28,1,'Ice attack +30','{\"damageIce\":30}','ice-attack-rank-1'),(91,28,2,'Ice attack +60','{\"damageIce\":60}','ice-attack-rank-2'),(92,28,3,'Ice attack +100','{\"damageIce\":100}','ice-attack-rank-3'),(93,28,4,'Ice attack +5% Bonus: +100','{\"damageIce\":\"100+5%\"}','ice-attack-rank-4'),(94,28,5,'Ice attack +10% Bonus: +100','{\"damageIce\":\"100+10%\"}','ice-attack-rank-5'),(95,29,1,'Thunder attack +30','{\"damageThunder\":30}','thunder-attack-rank-1'),(96,29,2,'Thunder attack +60','{\"damageThunder\":60}','thunder-attack-rank-2'),(97,29,3,'Thunder attack +100','{\"damageThunder\":100}','thunder-attack-rank-3'),(98,29,4,'Thunder attack +5% Bonus: +100','{\"damageThunder\":\"100+5%\"}','thunder-attack-rank-4'),(99,29,5,'Thunder attack +10% Bonus: +100','{\"damageThunder\":\"100+10%\"}','thunder-attack-rank-5'),(100,30,1,'Dragon attack +30','[]','dragon-attack-rank-1'),(101,30,2,'Dragon attack +60','[]','dragon-attack-rank-2'),(102,30,3,'Dragon attack +100','[]','dragon-attack-rank-3'),(103,30,4,'Dragon attack +5% Bonus: +100','[]','dragon-attack-rank-4'),(104,30,5,'Dragon attack +10% Bonus: +100','[]','dragon-attack-rank-5'),(105,31,1,'Poison buildup +5% Bonus: +10','[]','poison-attack-rank-1'),(106,31,2,'Poison buildup +10% Bonus: +10','[]','poison-attack-rank-2'),(107,31,3,'Poison buildup +20% Bonus: +10','[]','poison-attack-rank-3'),(108,32,1,'Paralysis buildup +5% Bonus: +10','[]','paralysis-attack-rank-1'),(109,32,2,'Paralysis buildup +10% Bonus: +10','[]','paralysis-attack-rank-2'),(110,32,3,'Paralysis buildup +20% Bonus: +10','[]','paralysis-attack-rank-3'),(111,33,1,'Sleep buildup +5% Bonus: +10','[]','sleep-attack-rank-1'),(112,33,2,'Sleep buildup +10% Bonus: +10','[]','sleep-attack-rank-2'),(113,33,3,'Sleep buildup +20% Bonus: +10','[]','sleep-attack-rank-3'),(114,34,1,'Blast buildup +5% Bonus: +10','[]','blast-attack-rank-1'),(115,34,2,'Blast buildup +10% Bonus: +10','[]','blast-attack-rank-2'),(116,34,3,'Blast buildup +20% Bonus: +10','[]','blast-attack-rank-3'),(117,35,1,'Increases the power of normal ammo and normal arrows.','[]','normal-shots-rank-1'),(118,36,1,'Increases the power of piercing ammo and Dragon Piercer.','[]','piercing-shots-rank-1'),(119,37,1,'Increases the power of spread ammo and power shot arrows.','[]','spread/power-shots-rank-1'),(120,38,1,'Draws out 33% of hidden element and expands clip size for some ammo.','[]','free-elem/ammo-up-rank-1'),(121,38,2,'Draws out 66% of hidden element and expands clip size for some ammo.','[]','free-elem/ammo-up-rank-2'),(122,38,3,'Draws out 100% of hidden element and expands clip size for some ammo.','[]','free-elem/ammo-up-rank-3'),(123,39,1,'Affinity +3%','{\"affinity\":3}','critical-eye-rank-1'),(124,39,2,'Affinity +6%','{\"affinity\":6}','critical-eye-rank-2'),(125,39,3,'Affinity +10%','{\"affinity\":10}','critical-eye-rank-3'),(126,39,4,'Affinity +15%','{\"affinity\":15}','critical-eye-rank-4'),(127,39,5,'Affinity +20%','{\"affinity\":20}','critical-eye-rank-5'),(128,39,6,'Affinity +25%','{\"affinity\":25}','critical-eye-rank-6'),(129,39,7,'Affinity +30%','{\"affinity\":30}','critical-eye-rank-7'),(130,40,1,'Increases damage dealt by critical hits by 30%.','[]','critical-boost-rank-1'),(131,40,2,'Increases damage dealt by critical hits by 35%.','[]','critical-boost-rank-2'),(132,40,3,'Increases damage dealt by critical hits by 40%.','[]','critical-boost-rank-3'),(133,41,1,'Attacks that hit weak spots have 15% increased affinity.','[]','weakness-exploit-rank-1'),(134,41,2,'Attacks that hit weak spots have 30% increased affinity.','[]','weakness-exploit-rank-2'),(135,41,3,'Attacks that hit weak spots have 50% increased affinity.','[]','weakness-exploit-rank-3'),(136,42,1,'Increases gauge fill rate by 5% and reduces charge times by 5%.','[]','focus-rank-1'),(137,42,2,'Increases gauge fill rate by 10% and reduces charge times by 10%.','[]','focus-rank-2'),(138,42,3,'Increases gauge fill rate by 20% and reduces charge times by 20%.','[]','focus-rank-3'),(139,43,1,'Bonus duration +10%','[]','power-prolonger-rank-1'),(140,43,2,'Bonus duration +20%','[]','power-prolonger-rank-2'),(141,43,3,'Bonus duration +30%','[]','power-prolonger-rank-3'),(142,44,1,'Weapon sharpness +10','{\"sharpnessBonus\":10}','handicraft-rank-1'),(143,44,2,'Weapon sharpness +20','{\"sharpnessBonus\":20}','handicraft-rank-2'),(144,44,3,'Weapon sharpness +30','{\"sharpnessBonus\":30}','handicraft-rank-3'),(145,44,4,'Weapon sharpness +40','{\"sharpnessBonus\":40}','handicraft-rank-4'),(146,44,5,'Weapon sharpness +50','{\"sharpnessBonus\":50}','handicraft-rank-5'),(147,45,1,'Draw attack affinity +30%','[]','critical-draw-rank-1'),(148,45,2,'Draw attack affinity +60%','[]','critical-draw-rank-2'),(149,45,3,'Draw attack affinity +100%','[]','critical-draw-rank-3'),(150,46,1,'Part damage +10%','[]','partbreaker-rank-1'),(151,46,2,'Part damage +20%','[]','partbreaker-rank-2'),(152,46,3,'Part damage +30%','[]','partbreaker-rank-3'),(153,47,1,'Stun power +10%','[]','slugger-rank-1'),(154,47,2,'Stun power +20%','[]','slugger-rank-2'),(155,47,3,'Stun power +30%','[]','slugger-rank-3'),(156,48,1,'Exhaust power +10%','[]','stamina-thief-rank-1'),(157,48,2,'Exhaust power +20%','[]','stamina-thief-rank-2'),(158,48,3,'Exhaust power +30%','[]','stamina-thief-rank-3'),(159,49,1,'Makes it easier to mount monsters and down mounted monsters.','[]','master-mounter-rank-1'),(160,50,1,'Jumping attack power +10%','[]','airborne-rank-1'),(161,51,1,'While active, increases affinity by 10% and reduces stamina depletion by 10%.','[]','latent-power-rank-1'),(162,51,2,'While active, increases affinity by 20% and reduces stamina depletion by 10%.','[]','latent-power-rank-2'),(163,51,3,'While active, increases affinity by 30% and reduces stamina depletion by 30%.','[]','latent-power-rank-3'),(164,51,4,'While active, increases affinity by 40% and reduces stamina depletion by 30%.','[]','latent-power-rank-4'),(165,51,5,'While active, increases affinity by 50% and reduces stamina depletion by 50%.','[]','latent-power-rank-5'),(166,52,1,'While active, grants attack +4 and increases affinity by 3%.','[]','agitator-rank-1'),(167,52,2,'While active, grants attack +8 and increases affinity by 6%.','[]','agitator-rank-2'),(168,52,3,'While active, grants attack +12 and increases affinity by 9%.','[]','agitator-rank-3'),(169,52,4,'While active, grants attack +16 and increases affinity by 12%.','[]','agitator-rank-4'),(170,52,5,'While active, grants attack +20 and increases affinity by 15%.','[]','agitator-rank-5'),(171,53,1,'While active, grants attack +5.','[]','peak-performance-rank-1'),(172,53,2,'While active, grants attack +10.','[]','peak-performance-rank-2'),(173,53,3,'While active, grants attack +20.','[]','peak-performance-rank-3'),(174,54,1,'While active, increases attack power by 5% and increases defense by 15 points.','[]','heroics-rank-1'),(175,54,2,'While active, increases attack power by 10% and increases defense by 20 points.','[]','heroics-rank-2'),(176,54,3,'While active, increases attack power by 15% and increases defense by 25 points.','[]','heroics-rank-3'),(177,54,4,'While active, increases attack power by 20% and increases defense by 30 points.','[]','heroics-rank-4'),(178,54,5,'While active, increases attack power by 30% and increases defense by 40 points.','[]','heroics-rank-5'),(179,55,1,'Increases attack by 10% and defense by 15% with each use.','[]','fortify-rank-1'),(180,56,1,'While active, grants attack +5.','[]','resentment-rank-1'),(181,56,2,'While active, grants attack +10.','[]','resentment-rank-2'),(182,56,3,'While active, grants attack +15.','[]','resentment-rank-3'),(183,56,4,'While active, grants attack +20.','[]','resentment-rank-4'),(184,56,5,'While active, grants attack +25.','[]','resentment-rank-5'),(185,57,1,'While active, greatly improves evasion invulnerability time and reduces stamina depletion.','[]','resuscitate-rank-1'),(186,58,1,'Extends melody effect duration and increases health recovery.','[]','horn-maestro-rank-1'),(187,59,1,'Loading capacity +1','[]','capacity-boost-rank-1'),(188,60,1,'Increases the power of bowgun special ammo and Dragon Piercer by 10%.','[]','special-ammo-boost-rank-1'),(189,60,2,'Increases the power of bowgun special ammo and Dragon Piercer by 20%.','[]','special-ammo-boost-rank-2'),(190,61,1,'Increases power of each attack by 10% and reduces Wyvern\'s Fire cooldown by 15%.','[]','artillery-rank-1'),(191,61,2,'Increases power of each attack by 20% and reduces Wyvern\'s Fire cooldown by 30%.','[]','artillery-rank-2'),(192,61,3,'Increases power of each attack by 30% and reduces Wyvern\'s Fire cooldown by 50%.','[]','artillery-rank-3'),(193,62,1,'Firepower +10%','[]','heavy-artillery-rank-1'),(194,62,2,'Firepower +20%','[]','heavy-artillery-rank-2'),(195,63,1,'Reduces continuous stamina depletion by 15%.','[]','marathon-runner-rank-1'),(196,63,2,'Reduces continuous stamina depletion by 30%.','[]','marathon-runner-rank-2'),(197,63,3,'Reduces continuous stamina depletion by 50%.','[]','marathon-runner-rank-3'),(198,64,1,'Reduces fixed stamina depletion by 10%.','[]','constitution-rank-1'),(199,64,2,'Reduces fixed stamina depletion by 20%.','[]','constitution-rank-2'),(200,64,3,'Reduces fixed stamina depletion by 30%.','[]','constitution-rank-3'),(201,64,4,'Reduces fixed stamina depletion by 40%.','[]','constitution-rank-4'),(202,64,5,'Reduces fixed stamina depletion by 50%.','[]','constitution-rank-5'),(203,65,1,'Enables Leap of Faith.','[]','leap-of-faith-rank-1'),(204,66,1,'Stamina recovery speed +10%','[]','stamina-surge-rank-1'),(205,66,2,'Stamina recovery speed +20%','[]','stamina-surge-rank-2'),(206,66,3,'Stamina recovery speed +30%','[]','stamina-surge-rank-3'),(207,67,1,'Extends the time until your stamina cap decreases by 30%.','[]','hunger-resistance-rank-1'),(208,67,2,'Extends the time until your stamina cap decreases by 60%.','[]','hunger-resistance-rank-2'),(209,67,3,'Prevents your stamina cap from decreasing.','[]','hunger-resistance-rank-3'),(210,68,1,'Very slightly increases invulnerability window.','[]','evade-window-rank-1'),(211,68,2,'Slightly increases invulnerability window.','[]','evade-window-rank-2'),(212,68,3,'Increases invulnerability window.','[]','evade-window-rank-3'),(213,68,4,'Greatly increases invulnerability window.','[]','evade-window-rank-4'),(214,68,5,'Massively increases invulnerability window.','[]','evade-window-rank-5'),(215,69,1,'Slightly extends evasion distance.','[]','evade-extender-rank-1'),(216,69,2,'Extends evasion distance.','[]','evade-extender-rank-2'),(217,69,3,'Greatly extends evasion distance.','[]','evade-extender-rank-3'),(218,70,1,'Very slightly decreases the impact of attacks.','[]','guard-rank-1'),(219,70,2,'Slightly decreases the impact of attacks and reduces stamina depletion by 15%.','[]','guard-rank-2'),(220,70,3,'Greatly decreases the impact of attacks and redcues stamina depletion by 15%.','[]','guard-rank-3'),(221,70,4,'Greatly decreases the impact of attacks and redcues stamina depletion by 30%.','[]','guard-rank-4'),(222,70,5,'Greatly decreases the impact of attacks and redcues stamina depletion by 50%.','[]','guard-rank-5'),(223,71,1,'Slightly increases sheathing speed.','[]','quick-sheath-rank-1'),(224,71,2,'Moderately increases sheathing speed.','[]','quick-sheath-rank-2'),(225,71,3,'Greatly increases sheathing speed.','[]','quick-sheath-rank-3'),(226,72,1,'Items affect nearby allies with 33% of their efficacy.','[]','wide-range-rank-1'),(227,72,2,'Items affect nearby allies in a wider radius with 33% of their efficacy.','[]','wide-range-rank-2'),(228,72,3,'Items affect nearby allies in a wider radius with 66% of their efficacy.','[]','wide-range-rank-3'),(229,72,4,'Items affect nearby allies in a much wider radius with 66% of their efficacy.','[]','wide-range-rank-4'),(230,72,5,'Items affect nearby allies in a wider radius with full efficacy.','[]','wide-range-rank-5'),(231,73,1,'Item effect duration +10%','[]','item-prolonger-rank-1'),(232,73,2,'Item effect duration +25%','[]','item-prolonger-rank-2'),(233,73,3,'Item effect duration +50%','[]','item-prolonger-rank-3'),(234,74,1,'Activates 25% of the time.','[]','free-meal-rank-1'),(235,75,1,'Slightly increases item use speed.','[]','speed-eating-rank-1'),(236,75,2,'Moderately increases item use speed.','[]','speed-eating-rank-2'),(237,75,3,'Greatly increases item use speed.','[]','speed-eating-rank-3'),(238,76,1,'Removes one cycle from the sharpening process.','[]','speed-sharpening-rank-1'),(239,76,2,'Removes two cycles from the sharpening process.','[]','speed-sharpening-rank-2'),(240,76,3,'Removes three cycles from the sharpening process.','[]','speed-sharpening-rank-3'),(241,77,1,'Explosive power +10%','[]','bombardier-rank-1'),(242,77,2,'Explosive power +20%','[]','bombardier-rank-2'),(243,77,3,'Explosive power +30%','[]','bombardier-rank-3'),(244,78,1,'Lets you digest blue mushrooms and toadstools.','[]','mushroomancer-rank-1'),(245,78,2,'Additionally lets you digest nitroshrooms and parashrooms.','[]','mushroomancer-rank-2'),(246,78,3,'Additionally lets you digest mandragoras, devil\'s blight, and exciteshrooms.','[]','mushroomancer-rank-3'),(247,79,1,'Increases the time window for reeling in fish, and makes it easier to catch large fish.','[]','master-fisher-rank-1'),(248,80,1,'Increases movement speed while transporting and reduces downtime on landings.','[]','pro-transporter-rank-1'),(249,81,1,'Speeds up gathering and prevents knockbacks while gathering.','[]','master-gatherer-rank-1'),(250,82,1,'One extra honey per gather.','[]','honey-hunter-rank-1'),(251,83,1,'Prevents knockback while carving.','[]','carving-pro-rank-1'),(252,84,1,'While active, reduces damage taken by 15%.','[]','divine-blessing-rank-1'),(253,84,2,'While active, reduces damage taken by 30%.','[]','divine-blessing-rank-2'),(254,84,3,'While active, reduces damage taken by 50%.','[]','divine-blessing-rank-3'),(255,85,1,'Increases Palico attack power and defense by 5%.','[]','palico-rally-rank-1'),(256,85,2,'Increases Palico attack power and defense by 10%.','[]','palico-rally-rank-2'),(257,85,3,'Increases Palico attack power and defense by 15%.','[]','palico-rally-rank-3'),(258,85,4,'Increases Palico attack power and defense by 20%.','[]','palico-rally-rank-4'),(259,85,5,'Increases Palico attack power and defense by 25%.','[]','palico-rally-rank-5'),(260,86,1,'One extra consumable herb item per gather.','[]','botanist-rank-1'),(261,86,2,'One extra consumable herb, fruit, nut, or seed item per gather.','[]','botanist-rank-2'),(262,86,3,'One extra consumable herb, fruit, nut, seed, or insect item per gather.','[]','botanist-rank-3'),(263,86,4,'One extra consumable herb, fruit, nut, seed, insect or mushroom item per gather.','[]','botanist-rank-4'),(264,87,1,'Allows you to gather one extra time from bonepiles.','[]','geologist-rank-1'),(265,87,2,'Allows you to gather one extra time from bonepiles and special item gathering points.','[]','geologist-rank-2'),(266,87,3,'Allows you to gather one extra time from bonepiles, gathering points, and mining outcrops.','[]','geologist-rank-3'),(267,88,1,'While active, increases affinity by 10%.','[]','maximum-might-rank-1'),(268,88,2,'While active, increases affinity by 20%.','[]','maximum-might-rank-2'),(269,88,3,'While active, increases affinity by 30%.','[]','maximum-might-rank-3'),(270,89,1,'Increases the loading capacity for slinger ammo collected from the ground or plants.','[]','slinger-capacity-rank-1'),(271,89,2,'In addition, increases the loading capacity for some slinger ammo dropped by monsters.','[]','slinger-capacity-rank-2'),(272,89,3,'In addition, increases the loading capacity for all slinger ammo dropped by monsters.','[]','slinger-capacity-rank-3'),(273,90,1,'Makes it slightly easier for monsters to lose sight of you.','[]','stealth-rank-1'),(274,90,2,'Makes it moderately easier for monsters to lose sight of you.','[]','stealth-rank-2'),(275,90,3,'Makes it much easier for monsters to lose sight of you.','[]','stealth-rank-3'),(276,91,1,'Prevents knockbacks.','[]','flinch-free-rank-1'),(277,91,2,'Prevents standard knockbacks. Tripping is reduced to a knockback instead.','[]','flinch-free-rank-2'),(278,91,3,'Prevents knockbacks and tripping.','[]','flinch-free-rank-3'),(279,92,1,'Expands your scoutflies\' detection range.','[]','scoutfly-range-up-rank-1'),(280,93,1,'Increases movement speed while crouching.','[]','speed-crawler-rank-1'),(281,94,1,'Negates knockback during jumps.','[]','jump-master-rank-1'),(282,95,1,'Sporepuffs restore 20 health.','[]','sporepuff-expert-rank-1'),(283,95,2,'Sporepuffs restore 35 health.','[]','sporepuff-expert-rank-2'),(284,95,3,'Sporepuffs restore 60 health.','[]','sporepuff-expert-rank-3'),(285,96,1,'Prevents water from slowing movement.','[]','aquatic-expert-rank-1'),(286,96,2,'Prevents water from slowing movement and improves evasion while in water.','[]','aquatic-expert-rank-2'),(287,96,3,'Prevents water from slowing movement and greatly improves evasion while in water.','[]','aquatic-expert-rank-3'),(288,97,1,'Reduces stamina depletion while climbing by 25%.','[]','cliffhanger-rank-1'),(289,98,1,'Increases the success rate of flash effects.','[]','blindsider-rank-1'),(290,99,1,'Speeds up progress on research levels and special investigations.','[]','scholar-rank-1'),(291,100,1,'Increases the chances of a corpse being left behind.','[]','entomologist-rank-1'),(292,100,2,'Greatly increases the chances of a corpse being left behind.','[]','entomologist-rank-2'),(293,100,3,'Makes it so corpses will always be left behind.','[]','entomologist-rank-3'),(294,101,1,'Reduces effluvial buildup.','[]','effluvia-resistance-rank-1'),(295,101,2,'Greatly reduces effluvial buildup.','[]','effluvia-resistance-rank-2'),(296,101,3,'Prevents effluvial buildup.','[]','effluvia-resistance-rank-3'),(297,102,1,'Increases gauge fill rate by 50%.','[]','scenthound-rank-1'),(298,103,1,'Increases the likelihood of rare gathering points respawning.','[]','foragers-luck-rank-1'),(299,104,1,'Marks rare sites on the wildlife map.','[]','detector-rank-1'),(300,105,1,'Makes it easier to cook well-done steaks.','[]','bbq-master-rank-1'),(301,106,1,'Shortens time until reuse by 5%.','[]','tool-specialist-rank-1'),(302,106,2,'Shortens time until reuse by 10%.','[]','tool-specialist-rank-2'),(303,106,3,'Shortens time until reuse by 20%.','[]','tool-specialist-rank-3'),(304,107,1,'Increases affinity by 30% for a short time after sliding.','[]','affinity-sliding-rank-1'),(305,108,1,'Discourages monsters from engaging you even if you\'ve been spotted.','[]','intimidator-rank-1'),(306,108,2,'Highly discourages monsters from engaging you even if you\'ve been spotted.','[]','intimidator-rank-2'),(307,108,3,'Prevents monsters from engaging you even if you\'ve been spotted.','[]','intimidator-rank-3'),(308,109,1,'Regenerates your health as you continually attack a monster. Recovery varies by weapon.','[]','hasten-recovery-rank-1'),(309,110,1,'Allows recovery to exceed the red portion of the health gauge.','[]','super-recovery-rank-1'),(310,111,1,'Extends the duration of your poison\'s effect on monsters.','[]','poison-duration-up-rank-1'),(311,112,1,'Temporarily reduces stamina depletion when health is at 40% or lower.','[]','adrenaline-rank-1'),(312,113,1,'Increases stamina cap.','[]','stamina-cap-up-rank-1'),(313,114,1,'Increases elemental damage (fire, water, thunder, ice, dragon) when landing critical hits.','[]','critical-element-rank-1'),(314,115,1,'Prevents attacks from being deflected. Also shortens the distance before ammo and arrows reach maximum power.','[]','minds-eye/ballistics-rank-1'),(315,116,1,'Raises attack as your weapon loses sharpness. Also boosts ranged weapon melee attacks and odds of stunning.','[]','bludgeoner-rank-1'),(316,117,1,'Powers up non-elemental weapons you have equipped.','[]','non-elemental-boost-rank-1'),(317,118,1,'High chance of increased capture rewards. (No effect when joining mid-quest.)','[]','capture-master-rank-1'),(318,119,1,'Allows you to guard against ordinarily unblockable attacks.','[]','guard-up-rank-1'),(319,120,1,'Above a certain health threshold, you withstand an attack that would normally cart you (once only).','[]','guts-rank-1'),(320,121,1,'Prevents your weapon from losing sharpness during critical hits.','[]','masters-touch-rank-1'),(321,122,1,'Negates all wind pressure.','[]','nullify-wind-pressure-rank-1'),(322,123,1,'Halves sharpness loss. For bows and bowguns, shots have a chance not to expend coatings or ammo.','[]','razor-sharp/spare-shot-rank-1'),(323,124,1,'Increases abnormal status effect damage (paralysis, poison, sleep, blast) when landing critical hits.','[]','critical-status-rank-1'),(324,125,1,'Good chance of increased quest rewards. (No effect when joining mid-quest.)','[]','good-luck-rank-1'),(325,126,1,'Increases max bow charge level by one.','[]','bow-charge-plus-rank-1'),(326,127,1,'Adds a stun effect to draw attacks and slightly increases attack power.','[]','punishing-draw-rank-1'),(327,128,1,'Weapon sharpness does not decrease for a set time after sharpening.','[]','protective-polish-rank-1'),(328,129,1,'Lets you use poison coating.','[]','poison-functionality-rank-1'),(329,130,1,'Lets you use paralysis coating.','[]','para-functionality-rank-1'),(330,131,1,'Lets you use sleep coating.','[]','sleep-functionality-rank-1'),(331,132,1,'Lets you use blast coating.','[]','blast-functionality-rank-1'),(332,133,1,'Boosts Elderseal one level.','[]','elderseal-boost-rank-1');
/*!40000 ALTER TABLE `skill_ranks` ENABLE KEYS */;
UNLOCK TABLES;

--
-- Table structure for table `skills`
--

DROP TABLE IF EXISTS `skills`;
/*!40101 SET @saved_cs_client     = @@character_set_client */;
/*!40101 SET character_set_client = utf8 */;
CREATE TABLE `skills` (
  `id` int(10) unsigned NOT NULL AUTO_INCREMENT,
  `name` varchar(64) COLLATE utf8_unicode_ci NOT NULL,
  `slug` varchar(64) COLLATE utf8_unicode_ci NOT NULL,
  `description` longtext COLLATE utf8_unicode_ci NOT NULL,
  `ranks_length` int(10) unsigned NOT NULL DEFAULT 0,
  PRIMARY KEY (`id`),
  UNIQUE KEY `UNIQ_D53116705E237E06` (`name`),
  UNIQUE KEY `UNIQ_D5311670989D9B62` (`slug`)
) ENGINE=InnoDB AUTO_INCREMENT=134 DEFAULT CHARSET=utf8 COLLATE=utf8_unicode_ci;
/*!40101 SET character_set_client = @saved_cs_client */;

--
-- Dumping data for table `skills`
--

LOCK TABLES `skills` WRITE;
/*!40000 ALTER TABLE `skills` DISABLE KEYS */;
INSERT INTO `skills` VALUES (1,'Poison Resistance','poison-resistance','Grants protection against the effects of poison.',3),(2,'Paralysis Resistance','paralysis-resistance','Reduces the duration of paralysis.',3),(3,'Sleep Resistance','sleep-resistance','Reduces the duration of sleep.',3),(4,'Stun Resistance','stun-resistance','Reduces stun duration.',3),(5,'Muck Resistance','muck-resistance','Reduces impairments to mobility while stuck in monster muck.',1),(6,'Blast Resistance','blast-resistance','Grants protection against blastblight.',3),(7,'Bleeding Resistance','bleeding-resistance','Grants protection against bleeding.',3),(8,'Iron Skin','iron-skin','Grants protection against Defense Down.',3),(9,'Earplugs','earplugs','Grants protection from large monsters\' roars.',5),(10,'Windproof','windproof','Grants protection against wind pressure.',5),(11,'Tremor Resistance','tremor-resistance','Grants protection against ground tremors.',3),(12,'Dungmaster','dungmaster','Makes monsters hit with slinger dung pods more likely to run.',1),(13,'Effluvial Expert','effluvial-expert','Nullifies or reduces environmental damage in the Rotten Vale.',1),(14,'Heat Guard','heat-guard','Nullifies damage from heat.',1),(15,'Attack Boost','attack-boost','Increases attack power. Also improves affinity at higher levels.',7),(16,'Defense Boost','defense-boost','Increases defense. Level up to improve resistances as well.',7),(17,'Health Boost','health-boost','Increases health.',3),(18,'Recovery Up','recovery-up','Increases the amount recovered when restoring health.',3),(19,'Recovery Speed','recovery-speed','Speeds healing of recoverable damage (the red portion of the health gauge).',3),(20,'Fire Resistance','fire-resistance','Increases fire resistance. Also improves defense at higher levels.',3),(21,'Water Resistance','water-resistance','Increases water resistance. Also improves defense at higher levels.',3),(22,'Ice Resistance','ice-resistance','Increases ice resistance. Also improves defense at higher levels.',3),(23,'Thunder Resistance','thunder-resistance','Increases thunder resistance. Also improves defense at higher levels.',3),(24,'Dragon Resistance','dragon-resistance','Increases dragon resistance. Also improves defense at higher levels.',3),(25,'Blight Resistance','blight-resistance','Grants protection against all elemental blights.',3),(26,'Fire Attack','fire-attack','Increases fire element attack power. (Elemental attack power has a maximum limit.)',5),(27,'Water Attack','water-attack','Increases water element attack power. (Elemental attack power has a maximum limit.)',5),(28,'Ice Attack','ice-attack','Increases ice element attack power. (Elemental attack power has as maximum limit.)',5),(29,'Thunder Attack','thunder-attack','Increases thunder element attack power. (Elemental attack power has a maximum limit.)',5),(30,'Dragon Attack','dragon-attack','Increases dragon element attack power. (Elemental attack power has a maximum limit.)',5),(31,'Poison Attack','poison-attack','Increases the rate of poison buildup. (Elemental buildup has a maximum limit.)',3),(32,'Paralysis Attack','paralysis-attack','Increases the rate of paralysis buildup. (Elemental buildup has a maximum limit.)',3),(33,'Sleep Attack','sleep-attack','Increases the rate of sleep buildup. (Elemental buildup has maximum limit.)',3),(34,'Blast Attack','blast-attack','Increases the rate of the blast buildup. (Elemental buildup has a maximum limit.)',3),(35,'Normal Shots','normal-shots','Increases the attack power of normal ammo and normal arrows.',1),(36,'Piercing Shots','piercing-shots','Increases the attack power of piercing ammo and Dragon Piercer.',1),(37,'Spread/Power Shots','spread/power-shots','Increases the attack power of spread ammo and power shot arrows.',1),(38,'Free Elem/Ammo Up','free-elem/ammo-up','Unlocks your weapon\'s hidden element. Also increases bowgun loading capacity. (There is a cap to loading capacity.)',3),(39,'Critical Eye','critical-eye','Increases affinity.',7),(40,'Critical Boost','critical-boost','Increases the damage of critical hits.',3),(41,'Weakness Exploit','weakness-exploit','Increases the affinity of attacks that exploit a monster weak spot.',3),(42,'Focus','focus','Increases the fill rate for weapons with gauges and the charge rate for weapons with charge attacks.',3),(43,'Power Prolonger','power-prolonger','Allows long swords, dual blades, insect glaives, switch axes, and charge blades to stay powered up longer.',3),(44,'Handicraft','handicraft','Extends the weapon sharpness gauage. However, it will not increase the gauge past its maximum.',5),(45,'Critical Draw','critical-draw','Increases affinity when performing draw attacks.',3),(46,'Partbreaker','partbreaker','Makes it easier to break or sever parts of large monsters.',3),(47,'Slugger','slugger','Makes it easier to stun monsters.',3),(48,'Stamina Thief','stamina-thief','Increases certain attacks\' ability to exhaust monsters.',3),(49,'Master Mounter','master-mounter','Makes it easier to mount monsters.',1),(50,'Airborne','airborne','Increases the damage caused by jumping attacks.',1),(51,'Latent Power','latent-power','Temporarily increases affinity and reduces stamina depletion when certain conditions are met.',5),(52,'Agitator','agitator','Increases attack power and affinity when large monsters become enraged.',5),(53,'Peak Performance','peak-performance','Increases attack when your health is full.',3),(54,'Heroics','heroics','Increases attack power and defense when health drops to 35% or lower.',5),(55,'Fortify','fortify','Increases your attack and defense every time you fall in battle. (This effect can stack twice.)',1),(56,'Resentment','resentment','Increases attack when you have recoverable damage (the red portion of your health gauge).',5),(57,'Resuscitate','resuscitate','Improves evasion and reduces stamina depletion when afflicted with abnormal status effects.',1),(58,'Horn Maestro','horn-maestro','Increases the effect duration of hunting horn melodies.',1),(59,'Capacity Boost','capacity-boost','Increases the gunlance\'s shell capacity and charge blade\'s phial capacity.',1),(60,'Special Ammo Boost','special-ammo-boost','Increases the power of bowgun special ammo and Dragon Piercer.',2),(61,'Artillery','artillery','Strengthens explosive attacks like gunlance shells, Wyvern\'s Fire, charge blade phial attacks, and sticky ammo.',3),(62,'Heavy Artillery','heavy-artillery','Increases the firepower of ballistae and cannons.',2),(63,'Marathon Runner','marathon-runner','Slows down stamina depletion for actions which continuously drain stamina (such as dashing).',3),(64,'Constitution','constitution','Reduces stamina depletion when performing stamina-draining moves such as evading, etc.',5),(65,'Leap of Faith','leap-of-faith','Allows you to do a dive-evade when facing towards large monsters, and extends the dive-evade distance.',1),(66,'Stamina Surge','stamina-surge','Speeds up stamina recovery.',3),(67,'Hunger Resistance','hunger-resistance','Reduces maximum stamina depletion over time.',3),(68,'Evade Window','evade-window','Extends the invulnerability period when evading.',5),(69,'Evade Extender','evade-extender','Increases evade distance.',3),(70,'Guard','guard','Reduces knockbacks and stamina depletion when guarding.',5),(71,'Quick Sheath','quick-sheath','Speeds up weapon sheathing.',3),(72,'Wide-Range','wide-range','Allows the effects of certain items to also affect nearby allies.',5),(73,'Item Prolonger','item-prolonger','Extends the duration of some item effects.',3),(74,'Free Meal','free-meal','Gives you a predetermined chance of consuming a food or drink item for free.',1),(75,'Speed Eating','speed-eating','Increases meat-eating and item-consumption speed.',3),(76,'Speed Sharpening','speed-sharpening','Speeds up weapon sharpening when using a whetstone.',3),(77,'Bombardier','bombardier','Increases the damage of explosive items.',3),(78,'Mushroomancer','mushroomancer','Lets you digest mushrooms that would otherwise be inedible and gain their advantageous effects.',3),(79,'Master Fisher','master-fisher','Improves your skill at fishing.',1),(80,'Pro Transporter','pro-transporter','Increases your speed while transporting items and decreases the likelihood of dropping them.',1),(81,'Master Gatherer','master-gatherer','Allows you to gather more quickly, and also prevents attacks from knocking you back while gathering.',1),(82,'Honey Hunter','honey-hunter','Increases the quantity of honey you receive when gathering in the field.',1),(83,'Carving Pro','carving-pro','Prevents knockback from attacks while carving.',1),(84,'Divine Blessing','divine-blessing','Has a predetermined chance of reducing the damage you take.',3),(85,'Palico Rally','palico-rally','Powers up Palicoes.',5),(86,'Botanist','botanist','Increases the quantity of herbs and other consumable items you gather.',4),(87,'Geologist','geologist','Increases the number of times you can use a gathering point.',3),(88,'Maximum Might','maximum-might','Increases affinity when stamina is full.',3),(89,'Slinger Capacity','slinger-capacity','Increases the loading capacity for slinger ammo obtained in the field.',3),(90,'Stealth','stealth','Makes it easier for monsters to lose sight of you.',3),(91,'Flinch Free','flinch-free','Prevents knockbacks and other reactions to small damage.',3),(92,'Scoutfly Range Up','scoutfly-range-up','Expands your scoutflies\' detection range.',1),(93,'Speed Crawler','speed-crawler','Increases movement speed while crouching.',1),(94,'Jump Master','jump-master','Prevents attacks from knocking you back during a jump.',1),(95,'Sporepuff Expert','sporepuff-expert','Recover health when using sporepuffs.',3),(96,'Aquatic Expert','aquatic-expert','Improves mobility in water.',3),(97,'Cliffhanger','cliffhanger','Decreases stamina depletion when evading while clinging to walls or ivy.',1),(98,'Blindsider','blindsider','Improves the effectiveness of flash attacks and items.',1),(99,'Scholar','scholar','Speeds up progress on research levels and special investigations. (Effect is applied at the quest results screen.)',1),(100,'Entomologist','entomologist','Decreases the chances of destroying the bodies of small insect monsters, allowing them to be carved.',3),(101,'Effluvia Resistance','effluvia-resistance','Gain a resistance to effluvial buildup.',3),(102,'Scenthound','scenthound','Increases your scoutflies\' gauge fill rate when you find tracks and other traces left by monsters.',1),(103,'Forager\'s Luck','foragers-luck','Increases the chance of finding rare gathering points.',1),(104,'Detector','detector','Shows rare gathering points on the Wildlife Map.',1),(105,'BBQ Master','bbq-master','Improves your skill at cooking meat.',1),(106,'Tool Specialist','tool-specialist','Reduces the recharge time for specialized tools.',3),(107,'Affinity Sliding','affinity-sliding','Sliding increases your affinity for a short time.',1),(108,'Intimidator','intimidator','Reduces the chances small monsters will attack after spotting you. (No effect on certain monsters.)',3),(109,'Hasten Recovery','hasten-recovery','Regenerates your health as you continually attack a monster. Recovery varies by weapon.',1),(110,'Super Recovery','super-recovery','Allows recovery to exceed the red portion of the health gauge.',1),(111,'Poison Duration Up','poison-duration-up','Extends the duration of your poison\'s effect on monsters.',1),(112,'Adrenaline','adrenaline','Temporarily reduces stamina depletion when health is at 40% or lower.',1),(113,'Stamina Cap Up','stamina-cap-up','Increases stamina cap.',1),(114,'Critical Element','critical-element','Increases elemental damage (fire, water, thunder, ice, dragon) when landing critical hits.',1),(115,'Mind\'s Eye/Ballistics','minds-eye/ballistics','Prevents attacks from being deflected. Also shortens the distance before ammo and arrows reach maximum power.',1),(116,'Bludgeoner','bludgeoner','Raises attack as your weapon loses sharpness. Also boosts ranged weapon melee attacks and odds of stunning.',1),(117,'Non-elemental Boost','non-elemental-boost','Powers up non-elemental weapons you have equipped.',1),(118,'Capture Master','capture-master','High chance of increased capture rewards. (No effect when joining mid-quest.)',1),(119,'Guard Up','guard-up','Allows you to guard against ordinarily unblockable attacks.',1),(120,'Guts','guts','Above a certain health threshold, you withstand an attack that would normally cart you (once only).',1),(121,'Master\'s Touch','masters-touch','Prevents your weapon from losing sharpness during critical hits.',1),(122,'Nullify Wind Pressure','nullify-wind-pressure','Negates all wind pressure.',1),(123,'Razor Sharp/Spare Shot','razor-sharp/spare-shot','Halves sharpness loss. For bows and bowguns, shots have a chance not to expend coatings or ammo.',1),(124,'Critical Status','critical-status','Increases abnormal status effect damage (paralysis, poison, sleep, blast) when landing critical hits.',1),(125,'Good Luck','good-luck','Good chance of increased quest rewards. (No effect when joining mid-quest.)',1),(126,'Bow Charge Plus','bow-charge-plus','Increases max bow charge level by one.',1),(127,'Punishing Draw','punishing-draw','Adds a stun effect to draw attacks and slightly increases attack power.',1),(128,'Protective Polish','protective-polish','Weapon sharpness does not decrease for a set time after sharpening.',1),(129,'Poison Functionality','poison-functionality','Allows you to apply poison coatings.',1),(130,'Para Functionality','para-functionality','Allows you to apply paralysis coatings.',1),(131,'Sleep Functionality','sleep-functionality','Allows you to apply sleep coatings.',1),(132,'Blast Functionality','blast-functionality','Allows you to apply blast coatings.',1),(133,'Elderseal Boost','elderseal-boost','Increases the Elderseal of weapons and dragon ammo.',1);
/*!40000 ALTER TABLE `skills` ENABLE KEYS */;
UNLOCK TABLES;

--
-- Table structure for table `slots`
--

DROP TABLE IF EXISTS `slots`;
/*!40101 SET @saved_cs_client     = @@character_set_client */;
/*!40101 SET character_set_client = utf8 */;
CREATE TABLE `slots` (
  `id` int(10) unsigned NOT NULL AUTO_INCREMENT,
  `rank` smallint(5) unsigned NOT NULL,
  PRIMARY KEY (`id`)
) ENGINE=InnoDB AUTO_INCREMENT=7953 DEFAULT CHARSET=utf8mb4 COLLATE=utf8mb4_unicode_ci;
/*!40101 SET character_set_client = @saved_cs_client */;

--
-- Dumping data for table `slots`
--

LOCK TABLES `slots` WRITE;
/*!40000 ALTER TABLE `slots` DISABLE KEYS */;
INSERT INTO `slots` VALUES (6915,1),(6916,1),(6917,1),(6918,1),(6919,1),(6920,2),(6921,2),(6922,2),(6923,1),(6924,2),(6925,3),(6926,1),(6927,1),(6928,2),(6929,2),(6930,3),(6931,3),(6932,2),(6933,1),(6934,2),(6935,2),(6936,1),(6937,1),(6938,1),(6939,1),(6940,2),(6941,1),(6942,1),(6943,1),(6944,1),(6945,2),(6946,2),(6947,3),(6948,2),(6949,2),(6950,2),(6951,2),(6952,2),(6953,1),(6954,1),(6955,1),(6956,2),(6957,1),(6958,2),(6959,1),(6960,1),(6961,2),(6962,2),(6963,3),(6964,3),(6965,2),(6966,3),(6967,3),(6968,1),(6969,1),(6970,1),(6971,1),(6972,1),(6973,1),(6974,1),(6975,1),(6976,2),(6977,3),(6978,3),(6979,3),(6980,3),(6981,1),(6982,1),(6983,1),(6984,1),(6985,1),(6986,1),(6987,1),(6988,2),(6989,3),(6990,1),(6991,1),(6992,1),(6993,1),(6994,1),(6995,2),(6996,3),(6997,2),(6998,2),(6999,1),(7000,1),(7001,1),(7002,2),(7003,2),(7004,2),(7005,2),(7006,1),(7007,2),(7008,3),(7009,3),(7010,3),(7011,3),(7012,1),(7013,1),(7014,1),(7015,1),(7016,1),(7017,1),(7018,1),(7019,1),(7020,1),(7021,2),(7022,3),(7023,2),(7024,2),(7025,2),(7026,1),(7027,1),(7028,1),(7029,1),(7030,1),(7031,1),(7032,1),(7033,1),(7034,2),(7035,1),(7036,2),(7037,1),(7038,2),(7039,1),(7040,2),(7041,1),(7042,2),(7043,1),(7044,2),(7045,2),(7046,3),(7047,2),(7048,1),(7049,2),(7050,2),(7051,3),(7052,2),(7053,2),(7054,2),(7055,2),(7056,1),(7057,1),(7058,1),(7059,1),(7060,1),(7061,1),(7062,3),(7063,3),(7064,1),(7065,1),(7066,1),(7067,1),(7068,1),(7069,1),(7070,1),(7071,2),(7072,1),(7073,3),(7074,1),(7075,2),(7076,2),(7077,2),(7078,2),(7079,3),(7080,2),(7081,2),(7082,3),(7083,2),(7084,2),(7085,2),(7086,1),(7087,1),(7088,2),(7089,2),(7090,1),(7091,2),(7092,2),(7093,2),(7094,2),(7095,2),(7096,1),(7097,1),(7098,1),(7099,2),(7100,1),(7101,1),(7102,2),(7103,2),(7104,3),(7105,3),(7106,2),(7107,1),(7108,1),(7109,1),(7110,1),(7111,1),(7112,1),(7113,2),(7114,3),(7115,2),(7116,2),(7117,2),(7118,1),(7119,1),(7120,2),(7121,2),(7122,2),(7123,2),(7124,2),(7125,2),(7126,2),(7127,2),(7128,3),(7129,2),(7130,3),(7131,3),(7132,1),(7133,2),(7134,2),(7135,1),(7136,1),(7137,1),(7138,2),(7139,1),(7140,2),(7141,2),(7142,2),(7143,3),(7144,3),(7145,2),(7146,2),(7147,3),(7148,3),(7149,3),(7150,1),(7151,1),(7152,1),(7153,1),(7154,1),(7155,1),(7156,3),(7157,3),(7158,3),(7159,2),(7160,2),(7161,2),(7162,2),(7163,2),(7164,2),(7165,2),(7166,2),(7167,2),(7168,3),(7169,2),(7170,1),(7171,1),(7172,1),(7173,1),(7174,2),(7175,1),(7176,1),(7177,1),(7178,2),(7179,1),(7180,2),(7181,2),(7182,3),(7183,1),(7184,2),(7185,2),(7186,1),(7187,1),(7188,1),(7189,1),(7190,1),(7191,1),(7192,1),(7193,1),(7194,3),(7195,3),(7196,1),(7197,1),(7198,1),(7199,1),(7200,1),(7201,1),(7202,2),(7203,2),(7204,2),(7205,2),(7206,2),(7207,2),(7208,2),(7209,1),(7210,1),(7211,2),(7212,1),(7213,2),(7214,1),(7215,1),(7216,1),(7217,1),(7218,1),(7219,2),(7220,2),(7221,3),(7222,2),(7223,2),(7224,3),(7225,3),(7226,3),(7227,1),(7228,1),(7229,1),(7230,2),(7231,1),(7232,2),(7233,2),(7234,2),(7235,1),(7236,2),(7237,3),(7238,3),(7239,2),(7240,2),(7241,3),(7242,1),(7243,1),(7244,1),(7245,1),(7246,1),(7247,2),(7248,1),(7249,1),(7250,1),(7251,1),(7252,1),(7253,1),(7254,1),(7255,1),(7256,1),(7257,1),(7258,1),(7259,2),(7260,1),(7261,3),(7262,1),(7263,2),(7264,1),(7265,2),(7266,2),(7267,3),(7268,2),(7269,1),(7270,2),(7271,1),(7272,1),(7273,3),(7274,3),(7275,3),(7276,3),(7277,1),(7278,1),(7279,1),(7280,1),(7281,1),(7282,1),(7283,1),(7284,2),(7285,1),(7286,2),(7287,1),(7288,1),(7289,2),(7290,2),(7291,1),(7292,3),(7293,2),(7294,1),(7295,1),(7296,1),(7297,1),(7298,2),(7299,2),(7300,2),(7301,2),(7302,1),(7303,1),(7304,1),(7305,1),(7306,2),(7307,3),(7308,1),(7309,1),(7310,1),(7311,2),(7312,1),(7313,1),(7314,1),(7315,1),(7316,1),(7317,1),(7318,1),(7319,3),(7320,3),(7321,1),(7322,1),(7323,1),(7324,1),(7325,1),(7326,1),(7327,1),(7328,1),(7329,1),(7330,1),(7331,1),(7332,1),(7333,1),(7334,1),(7335,2),(7336,2),(7337,2),(7338,2),(7339,2),(7340,2),(7341,2),(7342,2),(7343,2),(7344,2),(7345,2),(7346,3),(7347,2),(7348,1),(7349,2),(7350,2),(7351,2),(7352,2),(7353,3),(7354,2),(7355,2),(7356,2),(7357,2),(7358,2),(7359,1),(7360,1),(7361,1),(7362,1),(7363,1),(7364,2),(7365,3),(7366,3),(7367,2),(7368,1),(7369,1),(7370,1),(7371,1),(7372,1),(7373,1),(7374,1),(7375,1),(7376,1),(7377,1),(7378,1),(7379,2),(7380,3),(7381,1),(7382,1),(7383,2),(7384,2),(7385,2),(7386,2),(7387,1),(7388,1),(7389,2),(7390,2),(7391,2),(7392,1),(7393,2),(7394,2),(7395,2),(7396,2),(7397,3),(7398,2),(7399,2),(7400,2),(7401,2),(7402,2),(7403,2),(7404,2),(7405,2),(7406,1),(7407,1),(7408,1),(7409,2),(7410,2),(7411,1),(7412,1),(7413,2),(7414,3),(7415,3),(7416,2),(7417,1),(7418,1),(7419,1),(7420,1),(7421,1),(7422,1),(7423,1),(7424,1),(7425,1),(7426,1),(7427,1),(7428,1),(7429,1),(7430,2),(7431,2),(7432,3),(7433,2),(7434,1),(7435,1),(7436,1),(7437,1),(7438,1),(7439,1),(7440,2),(7441,3),(7442,2),(7443,2),(7444,1),(7445,1),(7446,1),(7447,1),(7448,2),(7449,2),(7450,1),(7451,1),(7452,2),(7453,2),(7454,1),(7455,1),(7456,1),(7457,1),(7458,1),(7459,1),(7460,1),(7461,1),(7462,2),(7463,3),(7464,3),(7465,2),(7466,2),(7467,3),(7468,1),(7469,1),(7470,1),(7471,1),(7472,1),(7473,1),(7474,1),(7475,1),(7476,1),(7477,1),(7478,1),(7479,1),(7480,1),(7481,1),(7482,1),(7483,1),(7484,2),(7485,3),(7486,1),(7487,1),(7488,1),(7489,1),(7490,1),(7491,1),(7492,1),(7493,1),(7494,2),(7495,1),(7496,1),(7497,1),(7498,1),(7499,1),(7500,1),(7501,1),(7502,1),(7503,1),(7504,1),(7505,2),(7506,3),(7507,3),(7508,1),(7509,1),(7510,2),(7511,2),(7512,1),(7513,1),(7514,3),(7515,3),(7516,1),(7517,1),(7518,2),(7519,1),(7520,1),(7521,1),(7522,2),(7523,2),(7524,3),(7525,2),(7526,2),(7527,3),(7528,2),(7529,2),(7530,1),(7531,1),(7532,1),(7533,1),(7534,1),(7535,1),(7536,1),(7537,1),(7538,2),(7539,1),(7540,2),(7541,1),(7542,2),(7543,1),(7544,1),(7545,1),(7546,1),(7547,1),(7548,2),(7549,1),(7550,3),(7551,3),(7552,2),(7553,1),(7554,3),(7555,3),(7556,2),(7557,3),(7558,1),(7559,1),(7560,1),(7561,1),(7562,1),(7563,1),(7564,1),(7565,1),(7566,1),(7567,1),(7568,1),(7569,1),(7570,1),(7571,1),(7572,1),(7573,1),(7574,1),(7575,1),(7576,1),(7577,1),(7578,1),(7579,1),(7580,1),(7581,1),(7582,1),(7583,1),(7584,1),(7585,1),(7586,1),(7587,1),(7588,2),(7589,1),(7590,2),(7591,1),(7592,2),(7593,1),(7594,1),(7595,1),(7596,2),(7597,1),(7598,2),(7599,1),(7600,2),(7601,1),(7602,1),(7603,1),(7604,1),(7605,1),(7606,1),(7607,1),(7608,1),(7609,1),(7610,1),(7611,1),(7612,1),(7613,1),(7614,1),(7615,1),(7616,1),(7617,1),(7618,1),(7619,1),(7620,1),(7621,1),(7622,1),(7623,2),(7624,2),(7625,1),(7626,1),(7627,1),(7628,1),(7629,1),(7630,2),(7631,1),(7632,1),(7633,1),(7634,1),(7635,1),(7636,1),(7637,1),(7638,1),(7639,1),(7640,1),(7641,1),(7642,1),(7643,2),(7644,1),(7645,1),(7646,1),(7647,2),(7648,1),(7649,1),(7650,2),(7651,1),(7652,1),(7653,1),(7654,2),(7655,1),(7656,1),(7657,1),(7658,1),(7659,1),(7660,2),(7661,2),(7662,2),(7663,2),(7664,1),(7665,1),(7666,1),(7667,1),(7668,2),(7669,1),(7670,1),(7671,1),(7672,1),(7673,1),(7674,1),(7675,1),(7676,1),(7677,1),(7678,1),(7679,2),(7680,1),(7681,1),(7682,2),(7683,1),(7684,2),(7685,2),(7686,1),(7687,1),(7688,2),(7689,1),(7690,1),(7691,1),(7692,1),(7693,1),(7694,1),(7695,1),(7696,1),(7697,1),(7698,2),(7699,1),(7700,2),(7701,2),(7702,2),(7703,2),(7704,1),(7705,1),(7706,1),(7707,1),(7708,1),(7709,1),(7710,3),(7711,2),(7712,2),(7713,1),(7714,1),(7715,2),(7716,2),(7717,1),(7718,1),(7719,3),(7720,1),(7721,2),(7722,1),(7723,1),(7724,1),(7725,1),(7726,1),(7727,3),(7728,1),(7729,2),(7730,1),(7731,1),(7732,3),(7733,2),(7734,3),(7735,2),(7736,1),(7737,1),(7738,2),(7739,1),(7740,1),(7741,1),(7742,1),(7743,2),(7744,3),(7745,1),(7746,1),(7747,1),(7748,1),(7749,2),(7750,2),(7751,3),(7752,1),(7753,2),(7754,2),(7755,2),(7756,2),(7757,1),(7758,1),(7759,1),(7760,1),(7761,1),(7762,3),(7763,2),(7764,1),(7765,2),(7766,1),(7767,2),(7768,2),(7769,3),(7770,1),(7771,1),(7772,1),(7773,1),(7774,1),(7775,3),(7776,1),(7777,3),(7778,2),(7779,2),(7780,1),(7781,3),(7782,2),(7783,1),(7784,1),(7785,3),(7786,1),(7787,1),(7788,1),(7789,3),(7790,3),(7791,3),(7792,1),(7793,1),(7794,1),(7795,1),(7796,3),(7797,1),(7798,1),(7799,1),(7800,1),(7801,1),(7802,1),(7803,1),(7804,3),(7805,1),(7806,2),(7807,1),(7808,3),(7809,1),(7810,1),(7811,3),(7812,1),(7813,2),(7814,1),(7815,3),(7816,3),(7817,1),(7818,1),(7819,1),(7820,1),(7821,1),(7822,1),(7823,2),(7824,1),(7825,1),(7826,1),(7827,1),(7828,1),(7829,2),(7830,1),(7831,1),(7832,2),(7833,2),(7834,1),(7835,2),(7836,1),(7837,1),(7838,3),(7839,2),(7840,1),(7841,1),(7842,1),(7843,1),(7844,2),(7845,3),(7846,1),(7847,1),(7848,3),(7849,1),(7850,1),(7851,1),(7852,1),(7853,1),(7854,1),(7855,1),(7856,1),(7857,1),(7858,1),(7859,1),(7860,1),(7861,1),(7862,1),(7863,1),(7864,1),(7865,1),(7866,1),(7867,1),(7868,1),(7869,1),(7870,1),(7871,1),(7872,1),(7873,1),(7874,1),(7875,3),(7876,1),(7877,2),(7878,1),(7879,1),(7880,3),(7881,2),(7882,1),(7883,1),(7884,1),(7885,1),(7886,1),(7887,1),(7888,1),(7889,1),(7890,1),(7891,1),(7892,1),(7893,3),(7894,3),(7895,1),(7896,1),(7897,1),(7898,3),(7899,3),(7900,1),(7901,1),(7902,1),(7903,2),(7904,1),(7905,2),(7906,2),(7907,2),(7908,1),(7909,2),(7910,1),(7911,3),(7912,1),(7913,3),(7914,2),(7915,3),(7916,1),(7917,1),(7918,1),(7919,1),(7920,1),(7921,1),(7922,1),(7923,1),(7924,2),(7925,1),(7926,3),(7927,1),(7928,3),(7929,1),(7930,3),(7931,1),(7932,2),(7933,1),(7934,1),(7935,1),(7936,1),(7937,1),(7938,1),(7939,1),(7940,1),(7941,1),(7942,1),(7943,1),(7944,2),(7945,1),(7946,1),(7947,1),(7948,1),(7949,3),(7950,1),(7951,1),(7952,1);
/*!40000 ALTER TABLE `slots` ENABLE KEYS */;
UNLOCK TABLES;

--
-- Table structure for table `weapon_assets`
--

DROP TABLE IF EXISTS `weapon_assets`;
/*!40101 SET @saved_cs_client     = @@character_set_client */;
/*!40101 SET character_set_client = utf8 */;
CREATE TABLE `weapon_assets` (
  `id` int(10) unsigned NOT NULL AUTO_INCREMENT,
  `icon_id` int(10) unsigned DEFAULT NULL,
  `image_id` int(10) unsigned DEFAULT NULL,
  PRIMARY KEY (`id`),
  KEY `IDX_442452A954B9D732` (`icon_id`),
  KEY `IDX_442452A93DA5256D` (`image_id`),
  CONSTRAINT `FK_442452A93DA5256D` FOREIGN KEY (`image_id`) REFERENCES `assets` (`id`),
  CONSTRAINT `FK_442452A954B9D732` FOREIGN KEY (`icon_id`) REFERENCES `assets` (`id`)
) ENGINE=InnoDB AUTO_INCREMENT=1182 DEFAULT CHARSET=utf8 COLLATE=utf8_unicode_ci;
/*!40101 SET character_set_client = @saved_cs_client */;

--
-- Dumping data for table `weapon_assets`
--

LOCK TABLES `weapon_assets` WRITE;
/*!40000 ALTER TABLE `weapon_assets` DISABLE KEYS */;
INSERT INTO `weapon_assets` VALUES (1,1867,1965),(2,1867,1965),(3,1867,1982),(4,1867,1982),(5,1867,1965),(6,1867,1972),(7,1867,1977),(8,1867,1982),(9,1867,1987),(10,1867,1989),(11,1868,1965),(12,1868,1968),(13,1868,1972),(14,1868,1974),(15,1868,1977),(16,1868,1982),(17,1868,1986),(18,1868,1987),(19,1868,1989),(20,1868,1991),(21,1868,1993),(22,1869,1965),(23,1869,1968),(24,1869,1970),(25,1869,1972),(26,1869,1974),(27,1869,1977),(28,1869,1979),(29,1869,1982),(30,1869,1987),(31,1869,1989),(32,1869,1991),(33,1869,1993),(34,1869,1994),(35,1869,2001),(36,1870,1965),(37,1870,1969),(38,1870,1970),(39,1870,1973),(40,1870,1975),(41,1870,1978),(42,1870,1979),(43,1870,1982),(44,1870,1986),(45,1870,1988),(46,1870,1990),(47,1870,1992),(48,1870,1995),(49,1870,1996),(50,1871,1965),(51,1871,1965),(52,1871,1969),(53,1871,1969),(54,1871,1971),(55,1871,1971),(56,1871,1973),(57,1871,1973),(58,1871,1975),(59,1871,1975),(60,1871,1976),(61,1871,1978),(62,1871,1978),(63,1871,1980),(64,1871,1983),(65,1871,1983),(66,1871,1988),(67,1871,1988),(68,1871,1990),(69,1871,1990),(70,1871,1992),(71,1871,1992),(72,1871,1993),(73,1871,1996),(74,1871,1999),(75,1871,2000),(76,1872,1966),(77,1872,1976),(78,1872,1981),(79,1872,1984),(80,1872,1986),(81,1872,1994),(82,1872,1995),(83,1872,1997),(84,1872,2000),(85,1872,2001),(86,1873,1967),(87,1873,1981),(88,1873,1985),(89,1873,1994),(90,1873,1997),(91,1873,1998),(92,1873,1999),(93,1874,2002),(94,1874,2002),(95,1874,2014),(96,1874,2014),(97,1874,2002),(98,1874,2008),(99,1874,2014),(100,1874,2020),(101,1875,2002),(102,1875,2006),(103,1875,2008),(104,1875,2011),(105,1875,2014),(106,1875,2018),(107,1875,2020),(108,1875,2023),(109,1875,2023),(110,1875,2027),(111,1875,2029),(112,1875,2010),(113,1876,2002),(114,1876,2006),(115,1876,2008),(116,1876,2012),(117,1876,2014),(118,1876,2018),(119,1876,2020),(120,1876,2023),(121,1876,2025),(122,1876,2027),(123,1876,2029),(124,1877,2002),(125,1877,2007),(126,1877,2009),(127,1877,2011),(128,1877,2015),(129,1877,2019),(130,1877,2021),(131,1877,2024),(132,1877,2025),(133,1877,2028),(134,1877,2030),(135,1877,2031),(136,1878,2003),(137,1878,2003),(138,1878,2007),(139,1878,2007),(140,1878,2009),(141,1878,2009),(142,1878,2010),(143,1878,2012),(144,1878,2016),(145,1878,2016),(146,1878,2017),(147,1878,2019),(148,1878,2019),(149,1878,2021),(150,1878,2021),(151,1878,2024),(152,1878,2024),(153,1878,2026),(154,1878,2028),(155,1878,2028),(156,1878,2029),(157,1878,2031),(158,1878,2034),(159,1878,2492),(160,1879,2004),(161,1879,2010),(162,1879,2011),(163,1879,2013),(164,1879,2022),(165,1879,2022),(166,1879,2030),(167,1879,2032),(168,1879,2492),(169,1880,2005),(170,1880,2013),(171,1880,2017),(172,1880,2026),(173,1880,2032),(174,1880,2033),(175,1880,2034),(176,1881,2035),(177,1881,2035),(178,1881,2053),(179,1881,2053),(180,1881,2035),(181,1881,2035),(182,1881,2049),(183,1881,2053),(184,1881,2058),(185,1881,2061),(186,1882,2036),(187,1882,2035),(188,1882,2045),(189,1882,2047),(190,1882,2049),(191,1882,2051),(192,1882,2053),(193,1882,2056),(194,1882,2058),(195,1882,2053),(196,1882,2061),(197,1882,2063),(198,1882,2065),(199,1883,2036),(200,1883,2039),(201,1883,2041),(202,1883,2035),(203,1883,2043),(204,1883,2047),(205,1883,2049),(206,1883,2051),(207,1883,2053),(208,1883,2056),(209,1883,2058),(210,1883,2053),(211,1883,2061),(212,1883,2063),(213,1883,2065),(214,1883,2066),(215,1884,2036),(216,1884,2039),(217,1884,2042),(218,1884,2043),(219,1884,2045),(220,1884,2048),(221,1884,2050),(222,1884,2052),(223,1884,2054),(224,1884,2057),(225,1884,2059),(226,1884,2060),(227,1884,2062),(228,1884,2064),(229,1884,2068),(230,1885,2036),(231,1885,2036),(232,1885,2040),(233,1885,2041),(234,1885,2042),(235,1885,2042),(236,1885,2044),(237,1885,2046),(238,1885,2048),(239,1885,2048),(240,1885,2050),(241,1885,2050),(242,1885,2052),(243,1885,2052),(244,1885,2055),(245,1885,2055),(246,1885,2057),(247,1885,2057),(248,1885,2059),(249,1885,2059),(250,1885,2060),(251,1885,2060),(252,1885,2062),(253,1885,2062),(254,1885,2065),(255,1885,2067),(256,1885,2068),(257,1885,2472),(258,1886,2037),(259,1886,2040),(260,1886,2041),(261,1886,2046),(262,1886,2064),(263,1886,2067),(264,1886,2069),(265,1886,2472),(266,1887,2038),(267,1887,2044),(268,1887,2069),(269,1887,2070),(270,1888,2071),(271,1888,2071),(272,1888,2083),(273,1888,2083),(274,1888,2071),(275,1888,2080),(276,1888,2083),(277,1888,2089),(278,1888,2094),(279,1889,2072),(280,1889,2075),(281,1889,2080),(282,1889,2082),(283,1889,2084),(284,1889,2085),(285,1889,2089),(286,1889,2092),(287,1889,2094),(288,1889,2098),(289,1890,2072),(290,1890,2075),(291,1890,2078),(292,1890,2080),(293,1890,2084),(294,1890,2085),(295,1890,2087),(296,1890,2089),(297,1890,2092),(298,1890,2094),(299,1890,2096),(300,1890,2098),(301,1890,2100),(302,1891,2072),(303,1891,2076),(304,1891,2078),(305,1891,2081),(306,1891,2082),(307,1891,2084),(308,1891,2086),(309,1891,2087),(310,1891,2090),(311,1891,2093),(312,1891,2095),(313,1891,2096),(314,1891,2101),(315,1891,2102),(316,1892,2072),(317,1892,2072),(318,1892,2076),(319,1892,2076),(320,1892,2077),(321,1892,2079),(322,1892,2079),(323,1892,2081),(324,1892,2081),(325,1892,2084),(326,1892,2084),(327,1892,2086),(328,1892,2088),(329,1892,2090),(330,1892,2090),(331,1892,2091),(332,1892,2093),(333,1892,2093),(334,1892,2095),(335,1892,2095),(336,1892,2097),(337,1892,2102),(338,1892,2473),(339,1893,2073),(340,1893,2082),(341,1893,2086),(342,1893,2088),(343,1893,2091),(344,1893,2099),(345,1893,2100),(346,1893,2101),(347,1893,2103),(348,1893,2474),(349,1894,2074),(350,1894,2077),(351,1894,2097),(352,1894,2100),(353,1894,2103),(354,1894,2549),(355,1895,2105),(356,1895,2105),(357,1895,2119),(358,1895,2119),(359,1895,2105),(360,1895,2110),(361,1895,2114),(362,1895,2119),(363,1895,2127),(364,1895,2131),(365,1896,2106),(366,1896,2110),(367,1896,2112),(368,1896,2114),(369,1896,2117),(370,1896,2120),(371,1896,2124),(372,1896,2127),(373,1896,2131),(374,1896,2133),(375,1896,2135),(376,1897,2106),(377,1897,2109),(378,1897,2110),(379,1897,2112),(380,1897,2114),(381,1897,2117),(382,1897,2120),(383,1897,2124),(384,1897,2127),(385,1897,2129),(386,1897,2131),(387,1897,2133),(388,1897,2135),(389,1898,2106),(390,1898,2111),(391,1898,2113),(392,1898,2115),(393,1898,2118),(394,1898,2120),(395,1898,2125),(396,1898,2128),(397,1898,2129),(398,1898,2132),(399,1898,2134),(400,1898,2136),(401,1898,2137),(402,1899,2106),(403,1899,2106),(404,1899,2109),(405,1899,2111),(406,1899,2111),(407,1899,2113),(408,1899,2113),(409,1899,2118),(410,1899,2118),(411,1899,2121),(412,1899,2121),(413,1899,2125),(414,1899,2125),(415,1899,2126),(416,1899,2128),(417,1899,2128),(418,1899,2130),(419,1899,2132),(420,1899,2132),(421,1899,2134),(422,1899,2134),(423,1899,2135),(424,1899,2137),(425,1899,2140),(426,1899,2475),(427,1900,2107),(428,1900,2109),(429,1900,2116),(430,1900,2122),(431,1900,2126),(432,1900,2130),(433,1900,2138),(434,1900,2476),(435,1901,2108),(436,1901,2123),(437,1901,2136),(438,1901,2138),(439,1901,2139),(440,1901,2140),(441,1902,2141),(442,1902,2141),(443,1902,2156),(444,1902,2156),(445,1902,2141),(446,1902,2147),(447,1902,2151),(448,1902,2156),(449,1902,2161),(450,1902,2166),(451,1903,2142),(452,1903,2145),(453,1903,2147),(454,1903,2149),(455,1903,2151),(456,1903,2157),(457,1903,2159),(458,1903,2161),(459,1903,2163),(460,1903,2166),(461,1903,2168),(462,1903,2170),(463,1904,2142),(464,1904,2145),(465,1904,2147),(466,1904,2151),(467,1904,2153),(468,1904,2157),(469,1904,2159),(470,1904,2161),(471,1904,2163),(472,1904,2166),(473,1904,2168),(474,1904,2170),(475,1904,2171),(476,1905,2142),(477,1905,2146),(478,1905,2148),(479,1905,2149),(480,1905,2152),(481,1905,2153),(482,1905,2157),(483,1905,2160),(484,1905,2162),(485,1905,2164),(486,1905,2167),(487,1905,2169),(488,1905,2173),(489,1906,2142),(490,1906,2142),(491,1906,2146),(492,1906,2146),(493,1906,2148),(494,1906,2148),(495,1906,2150),(496,1906,2152),(497,1906,2152),(498,1906,2154),(499,1906,2157),(500,1906,2157),(501,1906,2158),(502,1906,2160),(503,1906,2160),(504,1906,2162),(505,1906,2162),(506,1906,2164),(507,1906,2164),(508,1906,2165),(509,1906,2167),(510,1906,2169),(511,1906,2169),(512,1906,2170),(513,1906,2172),(514,1906,2173),(515,1906,2477),(516,1907,2143),(517,1907,2150),(518,1907,2154),(519,1907,2158),(520,1907,2167),(521,1907,2172),(522,1907,2174),(523,1907,2478),(524,1908,2144),(525,1908,2165),(526,1908,2550),(527,1908,2175),(528,1909,2176),(529,1909,2176),(530,1909,2194),(531,1909,2194),(532,1909,2176),(533,1909,2184),(534,1909,2184),(535,1909,2189),(536,1909,2194),(537,1909,2200),(538,1909,2204),(539,1909,2204),(540,1910,2177),(541,1910,2187),(542,1910,2189),(543,1910,2195),(544,1910,2198),(545,1910,2200),(546,1910,2206),(547,1911,2178),(548,1911,2182),(549,1911,2184),(550,1911,2187),(551,1911,2189),(552,1911,2191),(553,1911,2195),(554,1911,2198),(555,1911,2200),(556,1911,2202),(557,1911,2204),(558,1911,2206),(559,1911,2208),(560,1912,2177),(561,1912,2182),(562,1912,2185),(563,1912,2188),(564,1912,2190),(565,1912,2191),(566,1912,2195),(567,1912,2199),(568,1912,2201),(569,1912,2202),(570,1912,2205),(571,1912,2210),(572,1913,2179),(573,1913,2179),(574,1913,2183),(575,1913,2185),(576,1913,2185),(577,1913,2186),(578,1913,2188),(579,1913,2188),(580,1913,2190),(581,1913,2190),(582,1913,2192),(583,1913,2195),(584,1913,2195),(585,1913,2199),(586,1913,2199),(587,1913,2201),(588,1913,2201),(589,1913,2203),(590,1913,2205),(591,1913,2205),(592,1913,2206),(593,1913,2207),(594,1913,2210),(595,1913,2213),(596,1913,2479),(597,1914,2180),(598,1914,2183),(599,1914,2186),(600,1914,2193),(601,1914,2196),(602,1914,2203),(603,1914,2209),(604,1914,2211),(605,1914,2480),(606,1915,2181),(607,1915,2193),(608,1915,2197),(609,1915,2207),(610,1915,2208),(611,1915,2211),(612,1915,2212),(613,1915,2213),(614,1916,2214),(615,1916,2214),(616,1916,2230),(617,1916,2230),(618,1916,2214),(619,1916,2218),(620,1916,2225),(621,1916,2230),(622,1916,2235),(623,1916,2231),(624,1917,2215),(625,1917,2218),(626,1917,2223),(627,1917,2225),(628,1917,2231),(629,1917,2235),(630,1917,2237),(631,1917,2231),(632,1917,2241),(633,1917,2244),(634,1918,2215),(635,1918,2218),(636,1918,2220),(637,1918,2225),(638,1918,2227),(639,1918,2231),(640,1918,2235),(641,1918,2237),(642,1918,2231),(643,1918,2241),(644,1918,2244),(645,1919,2215),(646,1919,2219),(647,1919,2220),(648,1919,2223),(649,1919,2226),(650,1919,2227),(651,1919,2231),(652,1919,2236),(653,1919,2238),(654,1919,2240),(655,1919,2243),(656,1919,2245),(657,1919,2246),(658,1920,2215),(659,1920,2215),(660,1920,NULL),(661,1920,2221),(662,1920,2224),(663,1920,2226),(664,1920,2226),(665,1920,2228),(666,1920,2231),(667,1920,2231),(668,1920,2233),(669,1920,2236),(670,1920,2236),(671,1920,2238),(672,1920,2238),(673,1920,2240),(674,1920,2240),(675,1920,2243),(676,1920,2243),(677,1920,2244),(678,1920,2246),(679,1920,2481),(680,1921,2216),(681,1921,2219),(682,1921,2222),(683,1921,2224),(684,1921,2228),(685,1921,2233),(686,1921,2239),(687,1921,2239),(688,1921,2247),(689,1921,2482),(690,1922,2217),(691,1922,2222),(692,1922,2245),(693,1922,2247),(694,1922,2248),(695,1923,2249),(696,1923,2249),(697,1923,2262),(698,1923,2262),(699,1923,2249),(700,1923,2257),(701,1923,2262),(702,1923,2265),(703,1923,2268),(704,1924,2249),(705,1924,2255),(706,1924,2257),(707,1924,2262),(708,1924,2265),(709,1924,2267),(710,1924,2268),(711,1924,2273),(712,1924,2274),(713,1925,2249),(714,1925,2253),(715,1925,2255),(716,1925,2257),(717,1925,2260),(718,1925,2260),(719,1925,2262),(720,1925,2265),(721,1925,2267),(722,1925,2270),(723,1925,2274),(724,1925,2275),(725,1926,2249),(726,1926,2253),(727,1926,2255),(728,1926,2258),(729,1926,2262),(730,1926,2266),(731,1926,2267),(732,1926,2268),(733,1926,2269),(734,1926,2270),(735,1926,2273),(736,1926,2276),(737,1927,2250),(738,1927,2250),(739,1927,2254),(740,1927,2255),(741,1927,2255),(742,1927,2256),(743,1927,2258),(744,1927,2258),(745,1927,2259),(746,1927,2261),(747,1927,2263),(748,1927,2263),(749,1927,2266),(750,1927,2267),(751,1927,2269),(752,1927,2269),(753,1927,2271),(754,1927,2274),(755,1927,2276),(756,1927,2483),(757,1928,2251),(758,1928,2254),(759,1928,2256),(760,1928,2259),(761,1928,2261),(762,1928,2264),(763,1928,2264),(764,1928,2266),(765,1928,2267),(766,1928,2272),(767,1928,2273),(768,1928,2275),(769,1928,2277),(770,1928,2483),(771,1929,2252),(772,1929,2272),(773,1929,2275),(774,1929,2278),(775,1929,2279),(776,1930,2280),(777,1930,2280),(778,1930,2295),(779,1930,2295),(780,1930,2280),(781,1930,2295),(782,1930,2299),(783,1930,2306),(784,1931,2280),(785,1931,2288),(786,1931,2288),(787,1931,2293),(788,1931,2296),(789,1931,2299),(790,1931,2303),(791,1931,2306),(792,1931,2310),(793,1932,2280),(794,1932,2285),(795,1932,2290),(796,1932,2296),(797,1932,2297),(798,1932,2299),(799,1932,2303),(800,1932,2306),(801,1932,2308),(802,1932,2310),(803,1933,2282),(804,1933,2285),(805,1933,2288),(806,1933,2289),(807,1933,2290),(808,1933,2293),(809,1933,2296),(810,1933,2297),(811,1933,2301),(812,1933,2304),(813,1933,2307),(814,1933,2308),(815,1933,2311),(816,1933,2312),(817,1934,2282),(818,1934,2282),(819,1934,2286),(820,1934,2289),(821,1934,2289),(822,1934,2292),(823,1934,2292),(824,1934,2294),(825,1934,2296),(826,1934,2296),(827,1934,2298),(828,1934,2301),(829,1934,2301),(830,1934,2302),(831,1934,2304),(832,1934,2304),(833,1934,2307),(834,1934,2307),(835,1934,2309),(836,1934,2310),(837,1934,2312),(838,1934,2484),(839,1935,2283),(840,1935,2287),(841,1935,2294),(842,1935,2298),(843,1935,2302),(844,1935,2305),(845,1935,2305),(846,1935,2313),(847,1935,2484),(848,1936,2551),(849,1936,2309),(850,1936,2311),(851,1936,2313),(852,1936,2314),(853,1937,2315),(854,1937,2315),(855,1937,2331),(856,1937,2331),(857,1937,2315),(858,1937,2322),(859,1937,2328),(860,1937,2331),(861,1937,2336),(862,1937,2340),(863,1938,2316),(864,1938,2322),(865,1938,2324),(866,1938,2328),(867,1938,2332),(868,1938,2335),(869,1938,2336),(870,1938,2340),(871,1938,2343),(872,1939,2316),(873,1939,2320),(874,1939,2322),(875,1939,2324),(876,1939,2326),(877,1939,2326),(878,1939,2328),(879,1939,2332),(880,1939,2336),(881,1939,2338),(882,1939,2340),(883,1939,2341),(884,1939,2343),(885,1939,2344),(886,1940,2316),(887,1940,2320),(888,1940,2323),(889,1940,2325),(890,1940,2329),(891,1940,2332),(892,1940,2335),(893,1940,2337),(894,1940,2338),(895,1940,2340),(896,1940,2341),(897,1940,2345),(898,1941,2317),(899,1941,2317),(900,1941,2321),(901,1941,2323),(902,1941,2323),(903,1941,2325),(904,1941,2325),(905,1941,2327),(906,1941,2327),(907,1941,2329),(908,1941,2329),(909,1941,2330),(910,1941,2333),(911,1941,2333),(912,1941,2337),(913,1941,2337),(914,1941,2339),(915,1941,2340),(916,1941,2340),(917,1941,2342),(918,1941,2343),(919,1941,2345),(920,1941,2485),(921,1942,2318),(922,1942,2321),(923,1942,2330),(924,1942,2334),(925,1942,2334),(926,1942,2335),(927,1942,2339),(928,1942,2344),(929,1942,2346),(930,1942,2486),(931,1943,2319),(932,1943,2342),(933,1943,2344),(934,1943,2347),(935,1943,2348),(936,1944,2349),(937,1944,2349),(938,1944,2370),(939,1944,2370),(940,1944,2349),(941,1944,2357),(942,1944,2370),(943,1944,2377),(944,1944,2382),(945,1945,2350),(946,1945,2354),(947,1945,2357),(948,1945,2363),(949,1945,2371),(950,1945,2375),(951,1945,2377),(952,1945,2382),(953,1945,2387),(954,1946,2350),(955,1946,2354),(956,1946,2357),(957,1946,2360),(958,1946,2363),(959,1946,2367),(960,1946,2371),(961,1946,2375),(962,1946,2377),(963,1946,2382),(964,1946,2384),(965,1946,2387),(966,1946,2389),(967,1947,2350),(968,1947,2355),(969,1947,2358),(970,1947,2360),(971,1947,2365),(972,1947,2367),(973,1947,2371),(974,1947,2376),(975,1947,2379),(976,1947,2383),(977,1947,2384),(978,1947,2391),(979,1948,2351),(980,1948,2351),(981,1948,2355),(982,1948,2356),(983,1948,2358),(984,1948,2358),(985,1948,2361),(986,1948,2365),(987,1948,2365),(988,1948,2369),(989,1948,2369),(990,1948,2372),(991,1948,2372),(992,1948,2376),(993,1948,2376),(994,1948,2379),(995,1948,2379),(996,1948,2380),(997,1948,2383),(998,1948,2383),(999,1948,2385),(1000,1948,2387),(1001,1948,2391),(1002,1948,2395),(1003,1948,2487),(1004,1949,2352),(1005,1949,2355),(1006,1949,2356),(1007,1949,2361),(1008,1949,2373),(1009,1949,2380),(1010,1949,2552),(1011,1949,2389),(1012,1949,2392),(1013,1949,2487),(1014,1950,2353),(1015,1950,2374),(1016,1950,2385),(1017,1950,2552),(1018,1950,2389),(1019,1950,2392),(1020,1950,2393),(1021,1950,2395),(1022,1951,2396),(1023,1951,2396),(1024,1951,2415),(1025,1951,2415),(1026,1951,2396),(1027,1951,2402),(1028,1951,2409),(1029,1951,2415),(1030,1951,2422),(1031,1951,2429),(1032,1952,2397),(1033,1952,2402),(1034,1952,2405),(1035,1952,2409),(1036,1952,2412),(1037,1952,2416),(1038,1952,2422),(1039,1952,2426),(1040,1952,2429),(1041,1952,2432),(1042,1953,2397),(1043,1953,2402),(1044,1953,2405),(1045,1953,2406),(1046,1953,2407),(1047,1953,2409),(1048,1953,2412),(1049,1953,2416),(1050,1953,2418),(1051,1953,2422),(1052,1953,2426),(1053,1953,2429),(1054,1953,2432),(1055,1953,2433),(1056,1954,2397),(1057,1954,2404),(1058,1954,2410),(1059,1954,2413),(1060,1954,2416),(1061,1954,2418),(1062,1954,2424),(1063,1954,2427),(1064,1954,2430),(1065,1954,2434),(1066,1954,2436),(1067,1955,2398),(1068,1955,2398),(1069,1955,2404),(1070,1955,2404),(1071,1955,2406),(1072,1955,2406),(1073,1955,2407),(1074,1955,2410),(1075,1955,2417),(1076,1955,2417),(1077,1955,2419),(1078,1955,2424),(1079,1955,2424),(1080,1955,2427),(1081,1955,2427),(1082,1955,2428),(1083,1955,2430),(1084,1955,2430),(1085,1955,2432),(1086,1955,2436),(1087,1955,2488),(1088,1956,2399),(1089,1956,2407),(1090,1956,2553),(1091,1956,2414),(1092,1956,2420),(1093,1956,2428),(1094,1956,2433),(1095,1956,2434),(1096,1956,2437),(1097,1956,2488),(1098,1957,2400),(1099,1957,2420),(1100,1957,2433),(1101,1957,2437),(1102,1957,2438),(1103,1958,2439),(1104,1958,2439),(1105,1958,2452),(1106,1958,2452),(1107,1958,2439),(1108,1958,2443),(1109,1958,2448),(1110,1958,2452),(1111,1958,2459),(1112,1958,2464),(1113,1959,2440),(1114,1959,2443),(1115,1959,2446),(1116,1959,2448),(1117,1959,2453),(1118,1959,2459),(1119,1959,2462),(1120,1959,2464),(1121,1959,2466),(1122,1960,2440),(1123,1960,2443),(1124,1960,2447),(1125,1960,2448),(1126,1960,2450),(1127,1960,2453),(1128,1960,2456),(1129,1960,2554),(1130,1960,2462),(1131,1960,2464),(1132,1960,2466),(1133,1961,2440),(1134,1961,2444),(1135,1961,2446),(1136,1961,2449),(1137,1961,2450),(1138,1961,2453),(1139,1961,2456),(1140,1961,2461),(1141,1961,2463),(1142,1961,2465),(1143,1961,2467),(1144,1961,2491),(1145,1962,2440),(1146,1962,2440),(1147,1962,2444),(1148,1962,2444),(1149,1962,2445),(1150,1962,2446),(1151,1962,2447),(1152,1962,2449),(1153,1962,2449),(1154,1962,2451),(1155,1962,2453),(1156,1962,2453),(1157,1962,2461),(1158,1962,2461),(1159,1962,2463),(1160,1962,2463),(1161,1962,2466),(1162,1962,2467),(1163,1962,2470),(1164,1962,2489),(1165,1962,2491),(1166,1963,2441),(1167,1963,2447),(1168,1963,2455),(1169,1963,2455),(1170,1963,2457),(1171,1963,2458),(1172,1963,2465),(1173,1963,2468),(1174,1963,2490),(1175,1964,2442),(1176,1964,2445),(1177,1964,2451),(1178,1964,2458),(1179,1964,2468),(1180,1964,2469),(1181,1964,2470);
/*!40000 ALTER TABLE `weapon_assets` ENABLE KEYS */;
UNLOCK TABLES;

--
-- Table structure for table `weapon_crafting_info`
--

DROP TABLE IF EXISTS `weapon_crafting_info`;
/*!40101 SET @saved_cs_client     = @@character_set_client */;
/*!40101 SET character_set_client = utf8 */;
CREATE TABLE `weapon_crafting_info` (
  `id` int(10) unsigned NOT NULL AUTO_INCREMENT,
  `previous_id` int(10) unsigned DEFAULT NULL,
  `craftable` tinyint(1) NOT NULL,
  `branches_length` int(10) unsigned NOT NULL DEFAULT 0,
  `crafting_materials_length` int(10) unsigned NOT NULL DEFAULT 0,
  `upgrade_materials_length` int(10) unsigned NOT NULL DEFAULT 0,
  PRIMARY KEY (`id`),
  KEY `IDX_BBF70A542DE62210` (`previous_id`),
  CONSTRAINT `FK_BBF70A542DE62210` FOREIGN KEY (`previous_id`) REFERENCES `weapons` (`id`)
) ENGINE=InnoDB AUTO_INCREMENT=1182 DEFAULT CHARSET=utf8 COLLATE=utf8_unicode_ci;
/*!40101 SET character_set_client = @saved_cs_client */;

--
-- Dumping data for table `weapon_crafting_info`
--

LOCK TABLES `weapon_crafting_info` WRITE;
/*!40000 ALTER TABLE `weapon_crafting_info` DISABLE KEYS */;
INSERT INTO `weapon_crafting_info` VALUES (1,NULL,1,1,1,0),(2,1,0,3,0,1),(3,2,0,2,0,3),(4,3,0,1,0,3),(5,4,0,1,0,4),(6,5,0,1,0,3),(7,6,0,2,0,4),(8,7,0,0,0,4),(9,7,0,1,0,4),(10,9,0,0,0,4),(11,3,0,2,0,4),(12,11,0,1,0,4),(13,12,0,1,0,4),(14,13,0,1,0,4),(15,14,0,0,0,4),(16,11,0,1,0,4),(17,16,0,1,0,4),(18,17,0,1,0,4),(19,18,0,0,0,4),(20,2,0,2,0,4),(21,20,0,1,0,4),(22,21,0,1,0,4),(23,22,0,1,0,4),(24,23,0,1,0,4),(25,24,0,0,0,4),(26,20,0,1,0,3),(27,26,0,1,0,4),(28,27,1,2,4,4),(29,28,0,1,0,4),(30,29,0,0,0,4),(31,28,0,1,0,3),(32,31,0,0,0,4),(33,2,0,2,0,3),(34,33,0,1,0,4),(35,34,0,1,0,4),(36,35,0,1,0,4),(37,36,0,1,0,4),(38,37,0,0,0,4),(39,33,0,1,0,4),(40,39,0,1,0,4),(41,40,0,1,0,4),(42,41,0,1,0,4),(43,42,0,0,0,4),(44,NULL,1,1,1,0),(45,44,0,3,0,1),(46,45,0,2,0,2),(47,46,0,1,0,3),(48,47,0,1,0,3),(49,48,0,1,0,3),(50,49,0,2,0,5),(51,50,0,0,0,4),(52,50,0,1,0,4),(53,52,0,0,0,4),(54,46,0,1,0,4),(55,54,0,1,0,4),(56,55,0,0,0,4),(57,45,0,1,0,4),(58,57,0,1,0,4),(59,58,0,1,0,4),(60,59,0,1,0,4),(61,60,0,1,0,4),(62,61,0,0,0,4),(63,45,0,2,0,3),(64,63,0,1,0,4),(65,64,0,1,0,4),(66,65,0,1,0,4),(67,66,0,1,0,4),(68,67,0,0,0,4),(69,63,0,1,0,3),(70,69,0,1,0,4),(71,70,0,1,0,4),(72,71,0,1,0,4),(73,72,0,0,0,4),(74,NULL,1,3,4,0),(75,74,0,1,0,3),(76,75,0,0,0,4),(77,74,0,1,0,4),(78,77,0,1,0,4),(79,78,0,0,0,4),(80,74,0,1,0,4),(81,80,0,0,0,4),(82,NULL,1,1,4,0),(83,82,0,2,0,4),(84,83,0,1,0,4),(85,84,0,0,0,4),(86,83,0,0,0,4),(87,NULL,1,1,4,0),(88,87,0,0,0,4),(89,NULL,1,1,1,0),(90,89,0,2,0,1),(91,90,0,2,0,3),(92,91,0,1,0,3),(93,92,0,1,0,4),(94,93,0,1,0,3),(95,94,0,2,0,4),(96,95,0,0,0,4),(97,95,0,1,0,4),(98,97,0,0,0,4),(99,91,0,1,0,3),(100,99,0,1,0,4),(101,100,0,1,0,4),(102,101,0,1,0,4),(103,102,0,0,0,4),(104,90,0,2,0,3),(105,104,0,1,0,4),(106,105,0,1,0,4),(107,106,0,2,0,3),(108,107,0,1,0,4),(109,108,0,0,0,4),(110,107,0,1,0,4),(111,110,0,0,0,4),(112,104,1,2,4,3),(113,112,0,1,0,4),(114,113,0,0,0,4),(115,112,0,1,0,4),(116,115,0,1,0,4),(117,116,0,1,0,4),(118,117,0,0,0,4),(119,NULL,1,1,1,0),(120,119,0,3,0,1),(121,120,0,2,0,2),(122,121,0,1,0,3),(123,122,0,1,0,3),(124,123,0,1,0,3),(125,124,0,2,0,3),(126,125,0,0,0,4),(127,125,0,1,0,4),(128,127,0,0,0,4),(129,121,0,1,0,3),(130,129,0,1,0,4),(131,130,0,1,0,4),(132,131,0,1,0,4),(133,132,0,0,0,4),(134,120,0,1,0,4),(135,134,0,1,0,4),(136,135,0,1,0,4),(137,136,1,1,4,4),(138,137,0,2,0,4),(139,138,0,0,0,4),(140,138,0,1,0,4),(141,140,0,0,0,4),(142,120,0,2,0,3),(143,142,0,2,0,4),(144,143,0,1,0,4),(145,144,0,1,0,4),(146,145,0,1,0,4),(147,146,0,0,0,4),(148,143,0,1,0,3),(149,148,0,1,0,4),(150,149,0,1,0,4),(151,150,0,0,0,4),(152,142,0,1,0,3),(153,152,0,1,0,4),(154,153,0,1,0,4),(155,154,0,1,0,4),(156,155,0,0,0,4),(157,NULL,1,2,4,0),(158,157,0,1,0,3),(159,158,0,0,0,4),(160,157,0,1,0,4),(161,160,0,0,0,4),(162,NULL,1,1,4,0),(163,162,0,2,0,4),(164,163,0,1,0,4),(165,164,0,0,0,4),(166,163,0,0,0,4),(167,NULL,1,1,3,0),(168,167,0,0,0,4),(169,NULL,1,0,4,0),(170,NULL,1,1,1,0),(171,170,0,3,0,1),(172,171,0,1,0,3),(173,172,0,3,0,3),(174,173,0,1,0,4),(175,174,0,1,0,3),(176,175,0,2,0,4),(177,176,0,0,0,4),(178,176,0,1,0,4),(179,178,0,0,0,4),(180,173,0,1,0,4),(181,180,0,1,0,4),(182,181,0,1,0,4),(183,182,0,0,0,4),(184,173,0,1,0,4),(185,184,0,1,0,4),(186,185,0,0,0,4),(187,171,0,3,0,4),(188,187,0,2,0,4),(189,188,0,1,0,4),(190,189,0,1,0,4),(191,190,0,1,0,4),(192,191,0,0,0,4),(193,188,0,1,0,3),(194,193,0,1,0,4),(195,194,0,1,0,4),(196,195,0,0,0,4),(197,187,1,1,4,3),(198,197,0,1,0,4),(199,198,0,1,0,4),(200,199,0,0,0,4),(201,187,0,1,0,3),(202,201,0,1,0,4),(203,202,0,1,0,4),(204,203,0,1,0,4),(205,204,0,0,0,4),(206,171,0,2,0,3),(207,206,0,1,0,4),(208,207,0,1,0,4),(209,208,0,1,0,4),(210,209,0,1,0,4),(211,210,0,0,0,4),(212,206,0,1,0,3),(213,212,0,1,0,4),(214,213,0,1,0,4),(215,214,0,1,0,4),(216,215,0,0,0,4),(217,NULL,1,1,1,0),(218,217,0,3,0,1),(219,218,0,2,0,2),(220,219,0,1,0,3),(221,220,0,1,0,3),(222,221,0,1,0,3),(223,222,0,1,0,3),(224,223,0,0,0,4),(225,219,0,1,0,3),(226,225,0,1,0,4),(227,226,0,1,0,4),(228,227,0,1,0,4),(229,228,0,0,0,4),(230,218,0,2,0,4),(231,230,0,1,0,4),(232,231,0,1,0,4),(233,232,0,1,0,4),(234,233,0,1,0,4),(235,234,0,0,0,4),(236,230,0,1,0,4),(237,236,0,1,0,4),(238,237,0,1,0,4),(239,238,0,1,0,4),(240,239,0,0,0,4),(241,218,0,2,0,3),(242,241,0,1,0,4),(243,242,0,1,0,4),(244,243,0,1,0,4),(245,244,0,1,0,4),(246,245,0,0,0,4),(247,241,0,1,0,3),(248,247,0,1,0,4),(249,248,1,1,4,4),(250,249,0,0,0,4),(251,NULL,1,2,4,0),(252,251,0,1,0,3),(253,252,0,0,0,4),(254,251,0,1,0,4),(255,254,0,1,0,4),(256,255,0,0,0,4),(257,NULL,1,1,4,0),(258,257,0,2,0,4),(259,258,0,1,0,4),(260,259,0,0,0,4),(261,258,0,0,0,4),(262,NULL,1,1,1,0),(263,262,0,1,0,1),(264,263,0,2,0,3),(265,264,0,1,0,3),(266,265,0,2,0,4),(267,266,0,1,0,3),(268,267,0,2,0,4),(269,268,0,0,0,4),(270,268,0,1,0,4),(271,270,0,0,0,4),(272,264,0,2,0,3),(273,272,0,1,0,4),(274,273,1,2,4,4),(275,274,0,1,0,4),(276,275,0,0,0,4),(277,274,0,1,0,4),(278,277,0,0,0,4),(279,272,0,2,0,4),(280,279,0,1,0,4),(281,280,0,1,0,4),(282,281,0,0,0,4),(283,266,0,2,0,3),(284,283,0,1,0,4),(285,284,0,1,0,4),(286,285,0,1,0,3),(287,286,0,1,0,4),(288,287,0,0,0,4),(289,283,0,1,0,4),(290,289,0,1,0,4),(291,290,0,0,0,4),(292,NULL,1,1,1,0),(293,292,0,3,0,1),(294,293,0,2,0,2),(295,294,0,1,0,3),(296,295,0,1,0,3),(297,296,0,1,0,3),(298,297,0,1,0,3),(299,298,0,0,0,4),(300,294,0,2,0,3),(301,300,0,1,0,4),(302,301,0,1,0,4),(303,302,0,1,0,4),(304,303,0,0,0,4),(305,300,0,1,0,4),(306,305,0,1,0,4),(307,306,0,1,0,4),(308,307,0,0,0,4),(309,293,0,2,0,4),(310,309,0,1,0,4),(311,310,0,1,0,4),(312,311,1,2,4,4),(313,312,0,1,0,4),(314,313,0,0,0,4),(315,312,0,1,0,3),(316,315,0,0,0,4),(317,309,0,1,0,3),(318,317,0,1,0,4),(319,318,0,1,0,4),(320,319,0,1,0,4),(321,320,0,0,0,4),(322,293,0,1,0,3),(323,322,0,2,0,4),(324,323,0,1,0,4),(325,324,0,1,0,4),(326,325,0,1,0,4),(327,326,0,0,0,4),(328,323,0,1,0,3),(329,328,0,1,0,4),(330,329,0,1,0,4),(331,330,0,0,0,4),(332,NULL,1,3,4,0),(333,332,0,1,0,3),(334,333,0,0,0,4),(335,332,0,1,0,4),(336,335,0,1,0,4),(337,336,0,0,0,4),(338,332,0,1,0,4),(339,338,0,0,0,4),(340,NULL,1,1,4,0),(341,340,0,2,0,4),(342,341,0,1,0,4),(343,342,0,0,0,4),(344,341,0,0,0,4),(345,NULL,1,1,1,0),(346,345,0,2,0,1),(347,NULL,0,1,0,3),(348,347,0,4,0,3),(349,348,0,1,0,4),(350,349,0,1,0,3),(351,350,0,2,0,4),(352,351,0,0,0,4),(353,351,0,1,0,4),(354,353,0,0,0,4),(355,348,0,1,0,4),(356,355,0,1,0,4),(357,356,0,0,0,4),(358,346,0,2,0,4),(359,358,0,1,0,4),(360,359,0,1,0,4),(361,360,0,1,0,4),(362,361,0,1,0,4),(363,362,0,0,0,4),(364,358,0,1,0,3),(365,364,0,1,0,4),(366,365,0,1,0,4),(367,366,0,1,0,4),(368,367,0,0,0,4),(369,346,0,2,0,3),(370,369,0,1,0,4),(371,370,0,1,0,4),(372,371,1,1,4,4),(373,372,0,0,0,4),(374,369,0,1,0,4),(375,374,0,1,0,4),(376,375,0,1,0,4),(377,376,0,1,0,4),(378,377,0,0,0,4),(379,NULL,1,1,1,0),(380,379,0,3,0,1),(381,380,0,2,0,2),(382,381,0,1,0,3),(383,382,0,1,0,3),(384,383,0,2,0,3),(385,384,0,2,0,3),(386,385,0,0,0,4),(387,384,0,1,0,4),(388,385,0,0,0,4),(389,381,0,1,0,3),(390,389,0,2,0,4),(391,390,1,1,4,4),(392,391,0,1,0,4),(393,392,0,0,0,4),(394,390,0,1,0,4),(395,394,0,0,0,4),(396,380,0,1,0,3),(397,396,0,2,0,4),(398,397,0,1,0,4),(399,398,0,1,0,3),(400,399,0,1,0,4),(401,400,0,0,0,4),(402,397,0,1,0,4),(403,402,0,1,0,4),(404,403,0,1,0,4),(405,404,0,0,0,4),(406,380,0,2,0,3),(407,406,0,1,0,4),(408,407,0,1,0,4),(409,408,0,1,0,4),(410,409,0,1,0,4),(411,410,0,0,0,4),(412,406,0,1,0,3),(413,412,0,1,0,4),(414,413,0,0,0,4),(415,NULL,0,0,0,4),(416,NULL,0,0,0,4),(417,NULL,1,2,4,0),(418,417,0,1,0,3),(419,418,0,0,0,4),(420,417,0,1,0,4),(421,420,0,0,0,4),(422,NULL,1,1,4,0),(423,422,0,2,0,4),(424,423,0,1,0,4),(425,424,0,0,0,4),(426,423,0,0,0,4),(427,NULL,1,1,4,0),(428,427,0,0,0,4),(429,NULL,1,1,1,0),(430,429,0,3,0,1),(431,430,0,2,0,3),(432,431,0,1,0,3),(433,432,0,1,0,4),(434,433,0,1,0,3),(435,434,0,2,0,4),(436,435,0,0,0,4),(437,435,0,1,0,4),(438,437,0,0,0,4),(439,431,0,1,0,4),(440,439,0,1,0,4),(441,440,0,1,0,4),(442,441,0,1,0,4),(443,442,0,0,0,4),(444,430,0,2,0,3),(445,444,0,1,0,4),(446,445,0,1,0,4),(447,446,0,1,0,3),(448,447,0,1,0,4),(449,448,0,0,0,4),(450,444,1,1,4,3),(451,450,0,1,0,4),(452,451,0,1,0,4),(453,452,0,0,0,4),(454,430,0,1,0,4),(455,454,0,2,0,4),(456,455,0,1,0,4),(457,456,0,1,0,4),(458,457,0,1,0,4),(459,458,0,0,0,4),(460,455,0,1,0,3),(461,460,0,1,0,4),(462,461,0,1,0,4),(463,462,0,0,0,4),(464,NULL,1,1,1,0),(465,464,0,3,0,1),(466,465,0,2,0,2),(467,466,0,1,0,3),(468,467,0,1,0,3),(469,468,0,2,0,3),(470,469,0,1,0,3),(471,470,0,0,0,4),(472,469,0,1,0,3),(473,472,0,0,0,4),(474,466,0,1,0,3),(475,474,0,1,0,4),(476,475,0,1,0,4),(477,476,0,1,0,4),(478,477,0,0,0,4),(479,465,0,2,0,3),(480,479,0,1,0,4),(481,480,0,1,0,4),(482,481,0,1,0,4),(483,482,0,1,0,4),(484,483,0,0,0,4),(485,479,0,1,0,3),(486,485,0,1,0,4),(487,486,1,2,4,4),(488,487,0,1,0,4),(489,488,0,0,0,4),(490,487,0,1,0,4),(491,490,0,0,0,4),(492,465,0,2,0,3),(493,492,0,1,0,4),(494,493,0,1,0,4),(495,494,0,1,0,4),(496,495,0,1,0,4),(497,496,0,0,0,4),(498,492,0,1,0,3),(499,498,0,1,0,4),(500,499,0,1,0,4),(501,500,0,1,0,4),(502,501,0,0,0,4),(503,NULL,1,2,4,0),(504,503,0,1,0,3),(505,504,0,0,0,4),(506,503,0,1,0,4),(507,506,0,1,0,4),(508,507,0,0,0,4),(509,NULL,1,1,4,0),(510,509,0,2,0,4),(511,510,0,1,0,4),(512,511,0,0,0,4),(513,510,0,0,0,4),(514,NULL,1,1,1,0),(515,514,0,3,0,1),(516,515,0,1,0,3),(517,516,0,2,0,3),(518,517,0,1,0,4),(519,518,0,1,0,3),(520,519,0,2,0,4),(521,520,0,0,0,4),(522,520,0,1,0,4),(523,522,0,0,0,4),(524,517,0,1,0,3),(525,524,0,1,0,4),(526,525,0,1,0,4),(527,526,0,0,0,4),(528,515,0,2,0,3),(529,528,0,1,0,4),(530,529,0,1,0,4),(531,530,1,2,4,3),(532,531,0,1,0,4),(533,532,0,0,0,4),(534,531,0,1,0,3),(535,534,0,0,0,4),(536,528,0,1,0,4),(537,536,0,1,0,4),(538,537,0,1,0,4),(539,538,0,1,0,4),(540,539,0,0,0,4),(541,515,0,1,0,3),(542,541,0,2,0,4),(543,542,0,1,0,4),(544,543,0,1,0,4),(545,544,0,1,0,4),(546,545,0,0,0,4),(547,542,0,1,0,4),(548,547,0,1,0,4),(549,548,0,1,0,4),(550,549,0,1,0,4),(551,550,0,0,0,4),(552,NULL,1,1,1,0),(553,552,0,2,0,1),(554,553,0,2,0,2),(555,554,0,1,0,3),(556,555,0,1,0,3),(557,556,0,1,0,3),(558,557,0,2,0,3),(559,558,0,0,0,4),(560,558,0,1,0,4),(561,560,0,0,0,4),(562,554,0,1,0,3),(563,562,0,1,0,4),(564,563,1,1,4,4),(565,564,0,1,0,4),(566,565,0,0,0,4),(567,553,0,1,0,3),(568,567,0,3,0,4),(569,568,0,1,0,4),(570,569,0,1,0,4),(571,570,0,1,0,4),(572,571,0,0,0,4),(573,568,0,1,0,3),(574,573,0,1,0,4),(575,574,0,1,0,4),(576,575,0,0,0,4),(577,568,0,1,0,4),(578,577,0,1,0,4),(579,578,0,1,0,4),(580,579,0,1,0,4),(581,580,0,1,0,4),(582,581,0,0,0,4),(583,NULL,1,2,4,0),(584,583,0,2,0,3),(585,584,0,0,0,4),(586,584,0,1,0,4),(587,586,0,0,0,4),(588,583,0,1,0,4),(589,588,0,1,0,4),(590,589,0,0,0,4),(591,NULL,1,1,4,0),(592,591,0,2,0,4),(593,592,0,1,0,4),(594,593,0,0,0,4),(595,592,0,0,0,4),(596,NULL,1,1,4,0),(597,596,0,0,0,4),(598,NULL,1,1,1,0),(599,598,0,3,0,1),(600,599,0,1,0,3),(601,600,0,1,0,3),(602,601,0,1,0,4),(603,602,0,1,0,3),(604,603,0,2,0,4),(605,604,0,0,0,4),(606,604,0,1,0,4),(607,606,0,0,0,4),(608,599,0,2,0,3),(609,608,0,2,0,4),(610,609,0,1,0,4),(611,610,1,1,4,4),(612,611,0,1,0,4),(613,612,0,0,0,4),(614,609,0,1,0,4),(615,614,0,1,0,4),(616,615,0,1,0,4),(617,616,0,1,0,4),(618,617,0,0,0,4),(619,608,0,1,0,3),(620,619,0,1,0,4),(621,620,0,1,0,4),(622,621,0,0,0,4),(623,599,0,1,0,4),(624,623,0,2,0,4),(625,624,0,1,0,4),(626,625,0,1,0,4),(627,626,0,1,0,4),(628,627,0,0,0,4),(629,624,0,1,0,3),(630,629,0,1,0,4),(631,630,0,1,0,4),(632,631,0,0,0,4),(633,NULL,1,1,1,0),(634,633,0,3,0,1),(635,634,0,1,0,2),(636,635,0,1,0,3),(637,636,0,1,0,3),(638,637,0,2,0,3),(639,638,0,1,0,3),(640,639,0,0,0,4),(641,638,0,1,0,4),(642,641,0,0,0,4),(643,634,0,2,0,4),(644,643,0,1,0,4),(645,644,0,1,0,4),(646,645,0,1,0,4),(647,646,0,1,0,4),(648,647,0,0,0,4),(649,643,0,1,0,3),(650,649,0,1,0,4),(651,650,1,1,4,4),(652,651,0,2,0,4),(653,652,0,0,0,4),(654,652,0,1,0,4),(655,654,0,0,0,4),(656,634,0,2,0,3),(657,656,0,1,0,4),(658,657,0,1,0,4),(659,658,0,1,0,4),(660,659,0,1,0,4),(661,660,0,0,0,4),(662,656,0,1,0,3),(663,662,0,1,0,4),(664,663,0,1,0,4),(665,664,0,1,0,4),(666,665,0,0,0,4),(667,NULL,1,2,4,0),(668,667,0,1,0,3),(669,668,0,0,0,4),(670,667,0,1,0,4),(671,670,0,0,0,4),(672,NULL,1,1,4,0),(673,672,0,2,0,4),(674,673,0,1,0,4),(675,674,0,0,0,4),(676,673,0,0,0,4),(677,NULL,1,1,1,0),(678,677,0,2,0,1),(679,678,0,2,0,3),(680,679,0,2,0,3),(681,680,0,1,0,4),(682,681,0,1,0,3),(683,682,0,2,0,4),(684,683,0,0,0,4),(685,683,0,1,0,4),(686,685,0,0,0,4),(687,680,0,1,0,3),(688,687,0,1,0,4),(689,688,0,1,0,4),(690,689,0,0,0,4),(691,679,0,1,0,4),(692,691,0,1,0,4),(693,692,1,2,4,4),(694,693,0,1,0,4),(695,694,0,0,0,4),(696,693,0,1,0,4),(697,696,0,0,0,4),(698,678,0,1,0,4),(699,698,0,2,0,4),(700,699,0,1,0,4),(701,700,0,2,0,4),(702,701,0,1,0,4),(703,702,0,0,0,4),(704,701,0,1,0,4),(705,704,0,0,0,4),(706,699,0,1,0,4),(707,706,0,1,0,4),(708,707,0,1,0,4),(709,708,0,0,0,4),(710,NULL,1,1,1,0),(711,710,0,3,0,1),(712,711,0,1,0,2),(713,712,0,1,0,3),(714,713,0,1,0,3),(715,714,0,1,0,3),(716,715,0,2,0,3),(717,716,0,0,0,4),(718,716,0,1,0,4),(719,718,0,0,0,4),(720,711,0,2,0,4),(721,720,0,1,0,4),(722,721,0,1,0,4),(723,722,1,1,4,4),(724,723,0,1,0,4),(725,724,0,0,0,4),(726,720,0,1,0,3),(727,726,0,1,0,4),(728,727,0,1,0,4),(729,728,0,1,0,4),(730,729,0,0,0,4),(731,711,0,2,0,3),(732,731,0,2,0,4),(733,732,0,1,0,4),(734,733,0,1,0,4),(735,734,0,1,0,4),(736,735,0,0,0,4),(737,732,0,1,0,4),(738,737,0,1,0,4),(739,738,0,1,0,4),(740,739,0,1,0,4),(741,740,0,0,0,4),(742,731,0,1,0,4),(743,742,0,1,0,4),(744,743,0,0,0,4),(745,NULL,1,2,4,0),(746,745,0,1,0,3),(747,746,0,0,0,4),(748,745,0,1,0,4),(749,748,0,1,0,4),(750,749,0,0,0,4),(751,NULL,1,1,4,0),(752,751,0,2,0,4),(753,752,0,1,0,4),(754,753,0,0,0,4),(755,752,0,0,0,4),(756,NULL,1,1,1,0),(757,756,0,2,0,1),(758,757,0,1,0,3),(759,758,0,2,0,3),(760,759,0,1,0,4),(761,760,0,1,0,3),(762,761,0,2,0,4),(763,762,0,0,0,4),(764,762,0,1,0,4),(765,764,0,0,0,4),(766,759,0,1,0,4),(767,766,0,1,0,4),(768,767,0,1,0,4),(769,768,0,0,0,4),(770,757,0,2,0,4),(771,770,0,2,0,4),(772,771,0,1,0,4),(773,772,0,1,0,4),(774,773,0,1,0,4),(775,774,0,0,0,4),(776,771,0,1,0,4),(777,776,0,1,0,4),(778,777,0,1,0,4),(779,778,0,0,0,4),(780,770,1,1,4,3),(781,780,0,1,0,4),(782,781,0,1,0,4),(783,782,0,0,0,4),(784,NULL,1,1,1,0),(785,784,0,3,0,1),(786,785,0,1,0,2),(787,786,0,2,0,3),(788,787,0,1,0,3),(789,788,0,1,0,3),(790,789,0,1,0,3),(791,790,0,0,0,4),(792,787,0,1,0,4),(793,792,0,1,0,4),(794,793,0,1,0,4),(795,794,0,0,0,4),(796,785,0,2,0,4),(797,796,0,1,0,4),(798,797,0,1,0,4),(799,798,0,2,0,4),(800,799,0,1,0,4),(801,800,0,0,0,4),(802,799,0,1,0,3),(803,802,0,0,0,4),(804,796,0,1,0,3),(805,804,0,1,0,4),(806,805,1,1,4,4),(807,806,0,2,0,4),(808,807,0,0,0,4),(809,807,0,1,0,4),(810,809,0,0,0,4),(811,785,0,1,0,3),(812,811,0,2,0,4),(813,812,0,1,0,4),(814,813,0,1,0,4),(815,814,0,1,0,4),(816,815,0,0,0,4),(817,812,0,1,0,3),(818,817,0,1,0,4),(819,818,0,1,0,4),(820,819,0,0,0,4),(821,NULL,1,2,4,0),(822,821,0,1,0,3),(823,822,0,0,0,4),(824,821,0,1,0,4),(825,824,0,0,0,4),(826,NULL,1,1,4,0),(827,826,0,2,0,4),(828,827,0,1,0,4),(829,828,0,0,0,4),(830,827,0,0,0,4),(831,NULL,1,1,1,0),(832,831,0,3,0,1),(833,832,0,1,0,3),(834,833,0,2,0,3),(835,834,0,1,0,4),(836,835,0,1,0,3),(837,836,0,2,0,4),(838,837,0,0,0,4),(839,837,0,1,0,4),(840,839,0,0,0,4),(841,834,0,1,0,4),(842,841,0,1,0,4),(843,842,0,1,0,4),(844,843,0,0,0,4),(845,832,0,2,0,3),(846,845,0,1,0,4),(847,846,0,1,0,4),(848,847,0,1,0,3),(849,848,0,1,0,4),(850,849,0,0,0,4),(851,845,0,2,0,3),(852,851,0,1,0,4),(853,852,0,1,0,4),(854,853,0,1,0,4),(855,854,0,0,0,4),(856,851,0,1,0,4),(857,856,0,1,0,4),(858,857,0,1,0,4),(859,858,0,0,0,4),(860,832,0,1,0,3),(861,860,0,1,0,4),(862,861,0,1,0,4),(863,862,1,2,4,4),(864,863,0,1,0,4),(865,864,0,0,0,4),(866,863,0,1,0,3),(867,866,0,0,0,4),(868,NULL,1,1,1,0),(869,868,0,3,0,1),(870,869,0,2,0,2),(871,870,0,1,0,3),(872,871,0,1,0,3),(873,872,0,1,0,3),(874,873,0,2,0,3),(875,874,0,0,0,4),(876,874,0,1,0,4),(877,876,0,0,0,4),(878,870,1,1,4,4),(879,878,0,1,0,4),(880,879,0,0,0,4),(881,869,0,1,0,4),(882,881,0,2,0,4),(883,882,0,1,0,4),(884,883,0,1,0,4),(885,884,0,1,0,4),(886,885,0,0,0,4),(887,882,0,1,0,4),(888,887,0,1,0,4),(889,888,0,1,0,4),(890,889,0,0,0,4),(891,869,0,1,0,3),(892,891,0,2,0,4),(893,892,0,1,0,4),(894,893,0,1,0,4),(895,894,0,1,0,4),(896,895,0,0,0,4),(897,892,0,1,0,3),(898,897,0,1,0,4),(899,898,0,1,0,4),(900,899,0,0,0,4),(901,NULL,1,2,4,0),(902,901,0,1,0,3),(903,902,0,0,0,4),(904,901,0,1,0,4),(905,904,0,1,0,4),(906,905,0,0,0,4),(907,NULL,1,1,4,0),(908,907,0,2,0,4),(909,908,0,1,0,4),(910,909,0,0,0,4),(911,908,0,0,0,4),(912,NULL,1,1,1,0),(913,912,0,2,0,1),(914,913,0,2,0,2),(915,914,0,1,0,3),(916,915,0,1,0,3),(917,916,0,1,0,3),(918,917,0,2,0,4),(919,918,0,0,0,4),(920,918,0,1,0,4),(921,920,0,0,0,4),(922,914,0,1,0,3),(923,922,0,1,0,4),(924,923,1,2,4,4),(925,924,0,0,0,4),(926,NULL,0,1,0,4),(927,924,0,2,0,4),(928,927,0,0,0,4),(929,913,0,2,0,4),(930,929,0,2,0,4),(931,930,0,1,0,4),(932,931,0,1,0,4),(933,932,0,1,0,4),(934,933,0,0,0,4),(935,930,0,1,0,4),(936,935,0,1,0,4),(937,936,0,1,0,4),(938,937,0,0,0,4),(939,929,0,2,0,4),(940,939,0,1,0,4),(941,940,0,1,0,4),(942,941,0,1,0,4),(943,942,0,0,0,4),(944,939,0,1,0,4),(945,944,0,1,0,4),(946,945,0,1,0,4),(947,946,0,0,0,4),(948,NULL,1,1,1,0),(949,948,0,3,0,1),(950,949,0,2,0,2),(951,950,0,1,0,3),(952,951,0,1,0,3),(953,952,0,1,0,3),(954,953,1,2,4,3),(955,954,0,0,0,4),(956,954,0,1,0,4),(957,956,0,0,0,4),(958,950,0,1,0,3),(959,958,0,1,0,4),(960,959,0,1,0,4),(961,960,0,1,0,4),(962,961,0,0,0,4),(963,949,0,1,0,4),(964,963,0,1,0,4),(965,964,0,1,0,4),(966,965,0,2,0,4),(967,966,0,1,0,4),(968,967,0,0,0,4),(969,966,0,1,0,3),(970,969,0,0,0,4),(971,949,0,1,0,3),(972,971,0,2,0,4),(973,972,0,1,0,4),(974,973,0,1,0,4),(975,974,0,1,0,4),(976,975,0,0,0,4),(977,972,0,1,0,3),(978,977,0,1,0,4),(979,978,0,1,0,4),(980,979,0,0,0,4),(981,NULL,1,2,4,0),(982,981,0,2,0,3),(983,982,0,0,0,4),(984,982,0,1,0,4),(985,984,0,0,0,4),(986,981,0,1,0,4),(987,986,0,1,0,4),(988,987,0,0,0,4),(989,NULL,1,1,4,0),(990,989,0,2,0,4),(991,990,0,1,0,4),(992,991,0,0,0,4),(993,990,0,0,0,4),(994,NULL,1,1,4,0),(995,994,0,0,0,4),(996,NULL,1,1,1,0),(997,996,0,3,0,1),(998,997,0,1,0,3),(999,998,0,1,0,3),(1000,999,0,1,0,4),(1001,1000,0,1,0,3),(1002,1001,0,2,0,4),(1003,1002,0,0,0,4),(1004,1002,0,1,0,4),(1005,1004,0,0,0,4),(1006,997,0,2,0,4),(1007,1006,0,1,0,4),(1008,1007,0,1,0,4),(1009,1008,0,1,0,4),(1010,1009,0,1,0,4),(1011,1010,0,0,0,4),(1012,1006,0,2,0,3),(1013,1012,0,1,0,4),(1014,1013,0,1,0,4),(1015,1014,0,1,0,4),(1016,1015,0,0,0,4),(1017,1012,1,1,4,3),(1018,1017,0,1,0,4),(1019,1018,0,0,0,4),(1020,997,0,2,0,4),(1021,1020,0,1,0,4),(1022,1021,0,1,0,4),(1023,1022,0,1,0,4),(1024,1023,0,1,0,4),(1025,1024,0,0,0,4),(1026,1020,0,1,0,3),(1027,1026,0,1,0,4),(1028,1027,0,1,0,4),(1029,1028,0,0,0,4),(1030,NULL,1,1,1,0),(1031,1030,0,3,0,1),(1032,1031,0,1,0,2),(1033,1032,0,2,0,3),(1034,1033,0,1,0,3),(1035,1034,0,1,0,3),(1036,1035,0,1,0,3),(1037,1036,0,0,0,4),(1038,1033,0,1,0,4),(1039,1038,0,1,0,4),(1040,1039,0,1,0,4),(1041,1040,0,1,0,4),(1042,1041,0,0,0,4),(1043,1031,0,2,0,3),(1044,1043,0,1,0,4),(1045,1044,0,1,0,4),(1046,1045,0,1,0,4),(1047,1046,0,1,0,4),(1048,1047,0,0,0,4),(1049,1043,0,1,0,3),(1050,1049,0,1,0,4),(1051,1050,1,2,4,4),(1052,1051,0,1,0,4),(1053,1052,0,0,0,4),(1054,1051,0,1,0,3),(1055,1054,0,0,0,4),(1056,1031,0,1,0,3),(1057,1056,0,1,0,4),(1058,1057,0,1,0,4),(1059,1058,0,1,0,4),(1060,1059,0,1,0,4),(1061,1060,0,0,0,4),(1062,NULL,1,3,4,0),(1063,1062,0,1,0,3),(1064,1063,0,0,0,4),(1065,1062,0,1,0,4),(1066,1065,0,1,0,4),(1067,1066,0,0,0,4),(1068,1062,0,1,0,4),(1069,1068,0,0,0,4),(1070,NULL,1,1,4,0),(1071,1070,0,2,0,4),(1072,1071,0,1,0,4),(1073,1072,0,0,0,4),(1074,1071,0,0,0,4),(1075,NULL,1,1,1,0),(1076,1075,0,3,0,1),(1077,1076,0,1,0,3),(1078,1077,0,1,0,3),(1079,1078,0,1,0,4),(1080,1079,0,1,0,3),(1081,1080,0,2,0,4),(1082,1081,0,0,0,4),(1083,1081,0,1,0,4),(1084,1083,0,0,0,4),(1085,1076,0,2,0,3),(1086,1085,0,1,0,4),(1087,1086,0,1,0,4),(1088,1087,1,2,4,3),(1089,1088,0,1,0,4),(1090,1089,0,0,0,4),(1091,1088,0,1,0,4),(1092,1091,0,0,0,4),(1093,1085,0,2,0,3),(1094,1093,0,1,0,4),(1095,1094,0,0,0,4),(1096,1093,0,1,0,4),(1097,1096,0,1,0,4),(1098,1097,0,0,0,4),(1099,1076,0,2,0,4),(1100,1099,0,2,0,4),(1101,1100,0,0,0,4),(1102,1099,0,2,0,4),(1103,1102,0,1,0,4),(1104,1103,0,0,0,4),(1105,1100,0,2,0,3),(1106,1105,0,0,0,4),(1107,1105,0,1,0,4),(1108,1107,0,0,0,4),(1109,NULL,1,1,1,0),(1110,1109,0,3,0,1),(1111,1110,0,1,0,2),(1112,1111,0,2,0,3),(1113,1112,0,1,0,3),(1114,1113,0,1,0,3),(1115,1114,0,2,0,3),(1116,1115,0,0,0,4),(1117,1115,0,1,0,4),(1118,1117,0,0,0,4),(1119,1112,0,1,0,4),(1120,1119,0,1,0,4),(1121,1120,1,1,4,4),(1122,1121,0,1,0,4),(1123,1122,0,0,0,4),(1124,1110,0,2,0,3),(1125,1124,0,1,0,4),(1126,1125,0,1,0,4),(1127,1126,0,1,0,4),(1128,1127,0,1,0,4),(1129,1128,0,0,0,4),(1130,1124,0,1,0,3),(1131,1130,0,1,0,4),(1132,1131,0,1,0,4),(1133,1132,0,1,0,4),(1134,1133,0,0,0,4),(1135,1110,0,1,0,3),(1136,1135,0,1,0,4),(1137,1136,0,1,0,4),(1138,1137,0,1,0,4),(1139,1138,0,0,0,4),(1140,NULL,1,1,4,0),(1141,1140,0,1,0,3),(1142,1141,0,0,0,4),(1143,NULL,1,1,4,0),(1144,1143,0,2,0,4),(1145,1144,0,1,0,4),(1146,1145,0,0,0,4),(1147,1144,0,0,0,4),(1148,NULL,1,1,4,0),(1149,1148,0,0,0,4),(1150,NULL,1,1,4,0),(1151,1150,0,0,0,4),(1152,NULL,1,1,4,0),(1153,1152,0,0,0,4),(1154,NULL,1,1,4,0),(1155,1154,0,0,0,4),(1156,NULL,1,1,4,0),(1157,1156,0,0,0,4),(1158,NULL,1,1,4,0),(1159,1158,0,0,0,4),(1160,NULL,1,1,4,0),(1161,1160,0,0,0,4),(1162,NULL,1,1,4,0),(1163,1162,0,0,0,4),(1164,NULL,1,1,4,0),(1165,1164,0,0,0,4),(1166,NULL,1,1,4,0),(1167,1166,0,0,0,4),(1168,NULL,1,1,4,0),(1169,1168,0,0,0,4),(1170,NULL,1,1,4,0),(1171,1170,0,0,0,4),(1172,NULL,1,1,4,0),(1173,1172,0,0,0,4),(1174,NULL,1,1,4,0),(1175,1174,0,0,0,4),(1176,NULL,1,1,4,0),(1177,1176,0,0,0,4),(1178,NULL,1,1,4,0),(1179,1178,0,0,0,4),(1180,NULL,1,1,4,0),(1181,1180,0,0,0,4);
/*!40000 ALTER TABLE `weapon_crafting_info` ENABLE KEYS */;
UNLOCK TABLES;

--
-- Table structure for table `weapon_crafting_info_branches`
--

DROP TABLE IF EXISTS `weapon_crafting_info_branches`;
/*!40101 SET @saved_cs_client     = @@character_set_client */;
/*!40101 SET character_set_client = utf8 */;
CREATE TABLE `weapon_crafting_info_branches` (
  `weapon_crafting_info_id` int(10) unsigned NOT NULL,
  `branch_id` int(10) unsigned NOT NULL,
  PRIMARY KEY (`weapon_crafting_info_id`,`branch_id`),
  KEY `IDX_960A7F5CD4C2CCD2` (`weapon_crafting_info_id`),
  KEY `IDX_960A7F5CDCD6CC49` (`branch_id`),
  CONSTRAINT `FK_960A7F5CD4C2CCD2` FOREIGN KEY (`weapon_crafting_info_id`) REFERENCES `weapon_crafting_info` (`id`),
  CONSTRAINT `FK_960A7F5CDCD6CC49` FOREIGN KEY (`branch_id`) REFERENCES `weapons` (`id`)
) ENGINE=InnoDB DEFAULT CHARSET=utf8 COLLATE=utf8_unicode_ci;
/*!40101 SET character_set_client = @saved_cs_client */;

--
-- Dumping data for table `weapon_crafting_info_branches`
--

LOCK TABLES `weapon_crafting_info_branches` WRITE;
/*!40000 ALTER TABLE `weapon_crafting_info_branches` DISABLE KEYS */;
INSERT INTO `weapon_crafting_info_branches` VALUES (1,2),(2,3),(2,20),(2,33),(3,4),(3,11),(4,5),(5,6),(6,7),(7,8),(7,9),(9,10),(11,12),(11,16),(12,13),(13,14),(14,15),(16,17),(17,18),(18,19),(20,21),(20,26),(21,22),(22,23),(23,24),(24,25),(26,27),(27,28),(28,29),(28,31),(29,30),(31,32),(33,34),(33,39),(34,35),(35,36),(36,37),(37,38),(39,40),(40,41),(41,42),(42,43),(44,45),(45,46),(45,57),(45,63),(46,47),(46,54),(47,48),(48,49),(49,50),(50,51),(50,52),(52,53),(54,55),(55,56),(57,58),(58,59),(59,60),(60,61),(61,62),(63,64),(63,69),(64,65),(65,66),(66,67),(67,68),(69,70),(70,71),(71,72),(72,73),(74,75),(74,77),(74,80),(75,76),(77,78),(78,79),(80,81),(82,83),(83,84),(83,86),(84,85),(87,88),(89,90),(90,91),(90,104),(91,92),(91,99),(92,93),(93,94),(94,95),(95,96),(95,97),(97,98),(99,100),(100,101),(101,102),(102,103),(104,105),(104,112),(105,106),(106,107),(107,108),(107,110),(108,109),(110,111),(112,113),(112,115),(113,114),(115,116),(116,117),(117,118),(119,120),(120,121),(120,134),(120,142),(121,122),(121,129),(122,123),(123,124),(124,125),(125,126),(125,127),(127,128),(129,130),(130,131),(131,132),(132,133),(134,135),(135,136),(136,137),(137,138),(138,139),(138,140),(140,141),(142,143),(142,152),(143,144),(143,148),(144,145),(145,146),(146,147),(148,149),(149,150),(150,151),(152,153),(153,154),(154,155),(155,156),(157,158),(157,160),(158,159),(160,161),(162,163),(163,164),(163,166),(164,165),(167,168),(170,171),(171,172),(171,187),(171,206),(172,173),(173,174),(173,180),(173,184),(174,175),(175,176),(176,177),(176,178),(178,179),(180,181),(181,182),(182,183),(184,185),(185,186),(187,188),(187,197),(187,201),(188,189),(188,193),(189,190),(190,191),(191,192),(193,194),(194,195),(195,196),(197,198),(198,199),(199,200),(201,202),(202,203),(203,204),(204,205),(206,207),(206,212),(207,208),(208,209),(209,210),(210,211),(212,213),(213,214),(214,215),(215,216),(217,218),(218,219),(218,230),(218,241),(219,220),(219,225),(220,221),(221,222),(222,223),(223,224),(225,226),(226,227),(227,228),(228,229),(230,231),(230,236),(231,232),(232,233),(233,234),(234,235),(236,237),(237,238),(238,239),(239,240),(241,242),(241,247),(242,243),(243,244),(244,245),(245,246),(247,248),(248,249),(249,250),(251,252),(251,254),(252,253),(254,255),(255,256),(257,258),(258,259),(258,261),(259,260),(262,263),(263,264),(264,265),(264,272),(265,266),(266,267),(266,283),(267,268),(268,269),(268,270),(270,271),(272,273),(272,279),(273,274),(274,275),(274,277),(275,276),(277,278),(279,280),(279,283),(280,281),(281,282),(283,284),(283,289),(284,285),(285,286),(286,287),(287,288),(289,290),(290,291),(292,293),(293,294),(293,309),(293,322),(294,295),(294,300),(295,296),(296,297),(297,298),(298,299),(300,301),(300,305),(301,302),(302,303),(303,304),(305,306),(306,307),(307,308),(309,310),(309,317),(310,311),(311,312),(312,313),(312,315),(313,314),(315,316),(317,318),(318,319),(319,320),(320,321),(322,323),(323,324),(323,328),(324,325),(325,326),(326,327),(328,329),(329,330),(330,331),(332,333),(332,335),(332,338),(333,334),(335,336),(336,337),(338,339),(340,341),(341,342),(341,344),(342,343),(345,346),(346,358),(346,369),(347,348),(348,349),(348,355),(348,358),(348,369),(349,350),(350,351),(351,352),(351,353),(353,354),(355,356),(356,357),(358,359),(358,364),(359,360),(360,361),(361,362),(362,363),(364,365),(365,366),(366,367),(367,368),(369,370),(369,374),(370,371),(371,372),(372,373),(374,375),(375,376),(376,377),(377,378),(379,380),(380,381),(380,396),(380,406),(381,382),(381,389),(382,383),(383,384),(384,385),(384,387),(385,386),(385,388),(387,388),(389,390),(390,391),(390,394),(391,392),(392,393),(394,395),(396,397),(397,398),(397,402),(398,399),(399,400),(400,401),(402,403),(403,404),(404,405),(406,407),(406,412),(407,408),(408,409),(409,410),(410,411),(412,413),(413,414),(417,418),(417,420),(418,419),(420,421),(422,423),(423,424),(423,426),(424,425),(427,428),(429,430),(430,431),(430,444),(430,454),(431,432),(431,439),(432,433),(433,434),(434,435),(435,436),(435,437),(437,438),(439,440),(440,441),(441,442),(442,443),(444,445),(444,450),(445,446),(446,447),(447,448),(448,449),(450,451),(451,452),(452,453),(454,455),(455,456),(455,460),(456,457),(457,458),(458,459),(460,461),(461,462),(462,463),(464,465),(465,466),(465,479),(465,492),(466,467),(466,474),(467,468),(468,469),(469,470),(469,472),(470,471),(472,473),(474,475),(475,476),(476,477),(477,478),(479,480),(479,485),(480,481),(481,482),(482,483),(483,484),(485,486),(486,487),(487,488),(487,490),(488,489),(490,491),(492,493),(492,498),(493,494),(494,495),(495,496),(496,497),(498,499),(499,500),(500,501),(501,502),(503,504),(503,506),(504,505),(506,507),(507,508),(509,510),(510,511),(510,513),(511,512),(514,515),(515,516),(515,528),(515,541),(516,517),(517,518),(517,524),(518,519),(519,520),(520,521),(520,522),(522,523),(524,525),(525,526),(526,527),(528,529),(528,536),(529,530),(530,531),(531,532),(531,534),(532,533),(534,535),(536,537),(537,538),(538,539),(539,540),(541,542),(542,543),(542,547),(543,544),(544,545),(545,546),(547,548),(548,549),(549,550),(550,551),(552,553),(553,554),(553,567),(554,555),(554,562),(555,556),(556,557),(557,558),(558,559),(558,560),(560,561),(562,563),(563,564),(564,565),(565,566),(567,568),(568,569),(568,573),(568,577),(569,570),(570,571),(571,572),(573,574),(574,575),(575,576),(577,578),(578,579),(579,580),(580,581),(581,582),(583,584),(583,588),(584,585),(584,586),(586,587),(588,589),(589,590),(591,592),(592,593),(592,595),(593,594),(596,597),(598,599),(599,600),(599,608),(599,623),(600,601),(601,602),(602,603),(603,604),(604,605),(604,606),(606,607),(608,609),(608,619),(609,610),(609,614),(610,611),(611,612),(612,613),(614,615),(615,616),(616,617),(617,618),(619,620),(620,621),(621,622),(623,624),(624,625),(624,629),(625,626),(626,627),(627,628),(629,630),(630,631),(631,632),(633,634),(634,635),(634,643),(634,656),(635,636),(636,637),(637,638),(638,639),(638,641),(639,640),(641,642),(643,644),(643,649),(644,645),(645,646),(646,647),(647,648),(649,650),(650,651),(651,652),(652,653),(652,654),(654,655),(656,657),(656,662),(657,658),(658,659),(659,660),(660,661),(662,663),(663,664),(664,665),(665,666),(667,668),(667,670),(668,669),(670,671),(672,673),(673,674),(673,676),(674,675),(677,678),(678,679),(678,698),(679,680),(679,691),(680,681),(680,687),(681,682),(682,683),(683,684),(683,685),(685,686),(687,688),(688,689),(689,690),(691,692),(692,693),(693,694),(693,696),(694,695),(696,697),(698,699),(699,700),(699,706),(700,701),(701,702),(701,704),(702,703),(704,705),(706,707),(707,708),(708,709),(710,711),(711,712),(711,720),(711,731),(712,713),(713,714),(714,715),(715,716),(716,717),(716,718),(718,719),(720,721),(720,726),(721,722),(722,723),(723,724),(724,725),(726,727),(727,728),(728,729),(729,730),(731,732),(731,742),(732,733),(732,737),(733,734),(734,735),(735,736),(737,738),(738,739),(739,740),(740,741),(742,743),(743,744),(745,746),(745,748),(746,747),(748,749),(749,750),(751,752),(752,753),(752,755),(753,754),(756,757),(757,758),(757,770),(758,759),(759,760),(759,766),(760,761),(761,762),(762,763),(762,764),(764,765),(766,767),(767,768),(768,769),(770,771),(770,780),(771,772),(771,776),(772,773),(773,774),(774,775),(776,777),(777,778),(778,779),(780,781),(781,782),(782,783),(784,785),(785,786),(785,796),(785,811),(786,787),(787,788),(787,792),(788,789),(789,790),(790,791),(792,793),(793,794),(794,795),(796,797),(796,804),(797,798),(798,799),(799,800),(799,802),(800,801),(802,803),(804,805),(805,806),(806,807),(807,808),(807,809),(809,810),(811,812),(812,813),(812,817),(813,814),(814,815),(815,816),(817,818),(818,819),(819,820),(821,822),(821,824),(822,823),(824,825),(826,827),(827,828),(827,830),(828,829),(831,832),(832,833),(832,845),(832,860),(833,834),(834,835),(834,841),(835,836),(836,837),(837,838),(837,839),(839,840),(841,842),(842,843),(843,844),(845,846),(845,851),(846,847),(847,848),(848,849),(849,850),(851,852),(851,856),(852,853),(853,854),(854,855),(856,857),(857,858),(858,859),(860,861),(861,862),(862,863),(863,864),(863,866),(864,865),(866,867),(868,869),(869,870),(869,881),(869,891),(870,871),(870,878),(871,872),(872,873),(873,874),(874,875),(874,876),(876,877),(878,879),(879,880),(881,882),(882,883),(882,887),(883,884),(884,885),(885,886),(887,888),(888,889),(889,890),(891,892),(892,893),(892,897),(893,894),(894,895),(895,896),(897,898),(898,899),(899,900),(901,902),(901,904),(902,903),(904,905),(905,906),(907,908),(908,909),(908,911),(909,910),(912,913),(913,914),(913,929),(914,915),(914,922),(915,916),(916,917),(917,918),(918,919),(918,920),(920,921),(922,923),(923,924),(924,925),(924,927),(926,927),(927,928),(927,929),(929,930),(929,939),(930,931),(930,935),(931,932),(932,933),(933,934),(935,936),(936,937),(937,938),(939,940),(939,944),(940,941),(941,942),(942,943),(944,945),(945,946),(946,947),(948,949),(949,950),(949,963),(949,971),(950,951),(950,958),(951,952),(952,953),(953,954),(954,955),(954,956),(956,957),(958,959),(959,960),(960,961),(961,962),(963,964),(964,965),(965,966),(966,967),(966,969),(967,968),(969,970),(971,972),(972,973),(972,977),(973,974),(974,975),(975,976),(977,978),(978,979),(979,980),(981,982),(981,986),(982,983),(982,984),(984,985),(986,987),(987,988),(989,990),(990,991),(990,993),(991,992),(994,995),(996,997),(997,998),(997,1006),(997,1020),(998,999),(999,1000),(1000,1001),(1001,1002),(1002,1003),(1002,1004),(1004,1005),(1006,1007),(1006,1012),(1007,1008),(1008,1009),(1009,1010),(1010,1011),(1012,1013),(1012,1017),(1013,1014),(1014,1015),(1015,1016),(1017,1018),(1018,1019),(1020,1021),(1020,1026),(1021,1022),(1022,1023),(1023,1024),(1024,1025),(1026,1027),(1027,1028),(1028,1029),(1030,1031),(1031,1032),(1031,1043),(1031,1056),(1032,1033),(1033,1034),(1033,1038),(1034,1035),(1035,1036),(1036,1037),(1038,1039),(1039,1040),(1040,1041),(1041,1042),(1043,1044),(1043,1049),(1044,1045),(1045,1046),(1046,1047),(1047,1048),(1049,1050),(1050,1051),(1051,1052),(1051,1054),(1052,1053),(1054,1055),(1056,1057),(1057,1058),(1058,1059),(1059,1060),(1060,1061),(1062,1063),(1062,1065),(1062,1068),(1063,1064),(1065,1066),(1066,1067),(1068,1069),(1070,1071),(1071,1072),(1071,1074),(1072,1073),(1075,1076),(1076,1077),(1076,1085),(1076,1099),(1077,1078),(1078,1079),(1079,1080),(1080,1081),(1081,1082),(1081,1083),(1083,1084),(1085,1086),(1085,1093),(1086,1087),(1087,1088),(1088,1089),(1088,1091),(1089,1090),(1091,1092),(1093,1094),(1093,1096),(1094,1095),(1096,1097),(1097,1098),(1099,1100),(1099,1102),(1100,1101),(1100,1105),(1102,1103),(1102,1105),(1103,1104),(1105,1106),(1105,1107),(1107,1108),(1109,1110),(1110,1111),(1110,1124),(1110,1135),(1111,1112),(1112,1113),(1112,1119),(1113,1114),(1114,1115),(1115,1116),(1115,1117),(1117,1118),(1119,1120),(1120,1121),(1121,1122),(1122,1123),(1124,1125),(1124,1130),(1125,1126),(1126,1127),(1127,1128),(1128,1129),(1130,1131),(1131,1132),(1132,1133),(1133,1134),(1135,1136),(1136,1137),(1137,1138),(1138,1139),(1140,1141),(1141,1142),(1143,1144),(1144,1145),(1144,1147),(1145,1146),(1148,1149),(1150,1151),(1152,1153),(1154,1155),(1156,1157),(1158,1159),(1160,1161),(1162,1163),(1164,1165),(1166,1167),(1168,1169),(1170,1171),(1172,1173),(1174,1175),(1176,1177),(1178,1179),(1180,1181);
/*!40000 ALTER TABLE `weapon_crafting_info_branches` ENABLE KEYS */;
UNLOCK TABLES;

--
-- Table structure for table `weapon_crafting_info_crafting_material_costs`
--

DROP TABLE IF EXISTS `weapon_crafting_info_crafting_material_costs`;
/*!40101 SET @saved_cs_client     = @@character_set_client */;
/*!40101 SET character_set_client = utf8 */;
CREATE TABLE `weapon_crafting_info_crafting_material_costs` (
  `weapon_crafting_info_id` int(10) unsigned NOT NULL,
  `crafting_material_cost_id` int(10) unsigned NOT NULL,
  PRIMARY KEY (`weapon_crafting_info_id`,`crafting_material_cost_id`),
  KEY `IDX_DCB3F113D4C2CCD2` (`weapon_crafting_info_id`),
  KEY `IDX_DCB3F113DD94392C` (`crafting_material_cost_id`),
  CONSTRAINT `FK_DCB3F113D4C2CCD2` FOREIGN KEY (`weapon_crafting_info_id`) REFERENCES `weapon_crafting_info` (`id`),
  CONSTRAINT `FK_DCB3F113DD94392C` FOREIGN KEY (`crafting_material_cost_id`) REFERENCES `crafting_material_costs` (`id`)
) ENGINE=InnoDB DEFAULT CHARSET=utf8 COLLATE=utf8_unicode_ci;
/*!40101 SET character_set_client = @saved_cs_client */;

--
-- Dumping data for table `weapon_crafting_info_crafting_material_costs`
--

LOCK TABLES `weapon_crafting_info_crafting_material_costs` WRITE;
/*!40000 ALTER TABLE `weapon_crafting_info_crafting_material_costs` DISABLE KEYS */;
INSERT INTO `weapon_crafting_info_crafting_material_costs` VALUES (1,61241),(28,61342),(28,61343),(28,61344),(28,61345),(44,61405),(74,61513),(74,61514),(74,61515),(74,61516),(82,61544),(82,61545),(82,61546),(82,61547),(87,61564),(87,61565),(87,61566),(87,61567),(89,61588),(112,61645),(112,61646),(112,61647),(112,61648),(119,61699),(137,61761),(137,61762),(137,61763),(137,61764),(157,61839),(157,61840),(157,61841),(157,61842),(162,61858),(162,61859),(162,61860),(162,61861),(167,61878),(167,61879),(167,61880),(169,61893),(169,61894),(169,61895),(169,61896),(170,61897),(197,61967),(197,61968),(197,61969),(197,61970),(217,62075),(249,62188),(249,62189),(249,62190),(249,62191),(251,62200),(251,62201),(251,62202),(251,62203),(257,62223),(257,62224),(257,62225),(257,62226),(262,62251),(274,62296),(274,62297),(274,62298),(274,62299),(292,62363),(312,62436),(312,62437),(312,62438),(312,62439),(332,62510),(332,62511),(332,62512),(332,62513),(340,62541),(340,62542),(340,62543),(340,62544),(345,62569),(372,62670),(372,62671),(372,62672),(372,62673),(379,62698),(391,62739),(391,62740),(391,62741),(391,62742),(417,62837),(417,62838),(417,62839),(417,62840),(422,62856),(422,62857),(422,62858),(422,62859),(427,62876),(427,62877),(427,62878),(427,62879),(429,62892),(450,62954),(450,62955),(450,62956),(450,62957),(464,63023),(487,63102),(487,63103),(487,63104),(487,63105),(503,63165),(503,63166),(503,63167),(503,63168),(509,63188),(509,63189),(509,63190),(509,63191),(514,63216),(531,63280),(531,63281),(531,63282),(531,63283),(552,63358),(564,63396),(564,63397),(564,63398),(564,63399),(583,63471),(583,63472),(583,63473),(583,63474),(591,63502),(591,63503),(591,63504),(591,63505),(596,63522),(596,63523),(596,63524),(596,63525),(598,63538),(611,63591),(611,63592),(611,63593),(611,63594),(633,63670),(651,63732),(651,63733),(651,63734),(651,63735),(667,63795),(667,63796),(667,63797),(667,63798),(672,63814),(672,63815),(672,63816),(672,63817),(677,63842),(693,63900),(693,63901),(693,63902),(693,63903),(710,63968),(723,64014),(723,64015),(723,64016),(723,64017),(745,64098),(745,64099),(745,64100),(745,64101),(751,64121),(751,64122),(751,64123),(751,64124),(756,64149),(780,64204),(780,64205),(780,64206),(780,64207),(784,64255),(806,64332),(806,64333),(806,64334),(806,64335),(821,64391),(821,64392),(821,64393),(821,64394),(826,64410),(826,64411),(826,64412),(826,64413),(831,64438),(863,64553),(863,64554),(863,64555),(863,64556),(868,64576),(878,64590),(878,64591),(878,64592),(878,64593),(901,64698),(901,64699),(901,64700),(901,64701),(907,64721),(907,64722),(907,64723),(907,64724),(912,64749),(924,64789),(924,64790),(924,64791),(924,64792),(948,64885),(954,64908),(954,64909),(954,64910),(954,64911),(981,65005),(981,65006),(981,65007),(981,65008),(989,65036),(989,65037),(989,65038),(989,65039),(994,65056),(994,65057),(994,65058),(994,65059),(996,65072),(1017,65138),(1017,65139),(1017,65140),(1017,65141),(1030,65200),(1051,65273),(1051,65274),(1051,65275),(1051,65276),(1062,65316),(1062,65317),(1062,65318),(1062,65319),(1070,65347),(1070,65348),(1070,65349),(1070,65350),(1075,65375),(1088,65424),(1088,65425),(1088,65426),(1088,65427),(1109,65502),(1121,65544),(1121,65545),(1121,65546),(1121,65547),(1140,65615),(1140,65616),(1140,65617),(1140,65618),(1143,65626),(1143,65627),(1143,65628),(1143,65629),(1148,65646),(1148,65647),(1148,65648),(1148,65649),(1150,61572),(1150,61573),(1150,61574),(1150,61575),(1152,61885),(1152,61886),(1152,61887),(1152,61888),(1154,62243),(1154,62244),(1154,62245),(1154,62246),(1156,62561),(1156,62562),(1156,62563),(1156,62564),(1158,62884),(1158,62885),(1158,62886),(1158,62887),(1160,63208),(1160,63209),(1160,63210),(1160,63211),(1162,63530),(1162,63531),(1162,63532),(1162,63533),(1164,63834),(1164,63835),(1164,63836),(1164,63837),(1166,64141),(1166,64142),(1166,64143),(1166,64144),(1168,64430),(1168,64431),(1168,64432),(1168,64433),(1170,64741),(1170,64742),(1170,64743),(1170,64744),(1172,65064),(1172,65065),(1172,65066),(1172,65067),(1174,65367),(1174,65368),(1174,65369),(1174,65370),(1176,65654),(1176,65655),(1176,65656),(1176,65657),(1178,65662),(1178,65663),(1178,65664),(1178,65665),(1180,61580),(1180,61581),(1180,61582),(1180,61583);
/*!40000 ALTER TABLE `weapon_crafting_info_crafting_material_costs` ENABLE KEYS */;
UNLOCK TABLES;

--
-- Table structure for table `weapon_crafting_info_upgrade_material_costs`
--

DROP TABLE IF EXISTS `weapon_crafting_info_upgrade_material_costs`;
/*!40101 SET @saved_cs_client     = @@character_set_client */;
/*!40101 SET character_set_client = utf8 */;
CREATE TABLE `weapon_crafting_info_upgrade_material_costs` (
  `weapon_crafting_info_id` int(10) unsigned NOT NULL,
  `crafting_material_cost_id` int(10) unsigned NOT NULL,
  PRIMARY KEY (`weapon_crafting_info_id`,`crafting_material_cost_id`),
  KEY `IDX_B0AB8CFDD4C2CCD2` (`weapon_crafting_info_id`),
  KEY `IDX_B0AB8CFDDD94392C` (`crafting_material_cost_id`),
  CONSTRAINT `FK_B0AB8CFDD4C2CCD2` FOREIGN KEY (`weapon_crafting_info_id`) REFERENCES `weapon_crafting_info` (`id`),
  CONSTRAINT `FK_B0AB8CFDDD94392C` FOREIGN KEY (`crafting_material_cost_id`) REFERENCES `crafting_material_costs` (`id`)
) ENGINE=InnoDB DEFAULT CHARSET=utf8 COLLATE=utf8_unicode_ci;
/*!40101 SET character_set_client = @saved_cs_client */;

--
-- Dumping data for table `weapon_crafting_info_upgrade_material_costs`
--

LOCK TABLES `weapon_crafting_info_upgrade_material_costs` WRITE;
/*!40000 ALTER TABLE `weapon_crafting_info_upgrade_material_costs` DISABLE KEYS */;
INSERT INTO `weapon_crafting_info_upgrade_material_costs` VALUES (2,61242),(3,61243),(3,61244),(3,61245),(4,61253),(4,61254),(4,61255),(5,61260),(5,61261),(5,61262),(5,61263),(6,61264),(6,61265),(6,61266),(7,61267),(7,61268),(7,61269),(7,61270),(8,61271),(8,61272),(8,61273),(8,61274),(9,61275),(9,61276),(9,61277),(9,61278),(10,61279),(10,61280),(10,61281),(10,61282),(11,61256),(11,61257),(11,61258),(11,61259),(12,61283),(12,61284),(12,61285),(12,61286),(13,61291),(13,61292),(13,61293),(13,61294),(14,61295),(14,61296),(14,61297),(14,61298),(15,61299),(15,61300),(15,61301),(15,61302),(16,61287),(16,61288),(16,61289),(16,61290),(17,61303),(17,61304),(17,61305),(17,61306),(18,61307),(18,61308),(18,61309),(18,61310),(19,61311),(19,61312),(19,61313),(19,61314),(20,61246),(20,61247),(20,61248),(20,61249),(21,61315),(21,61316),(21,61317),(21,61318),(22,61322),(22,61323),(22,61324),(22,61325),(23,61326),(23,61327),(23,61328),(23,61329),(24,61330),(24,61331),(24,61332),(24,61333),(25,61334),(25,61335),(25,61336),(25,61337),(26,61319),(26,61320),(26,61321),(27,61338),(27,61339),(27,61340),(27,61341),(28,61346),(28,61347),(28,61348),(28,61349),(29,61350),(29,61351),(29,61352),(29,61353),(30,61357),(30,61358),(30,61359),(30,61360),(31,61354),(31,61355),(31,61356),(32,61361),(32,61362),(32,61363),(32,61364),(33,61250),(33,61251),(33,61252),(34,61365),(34,61366),(34,61367),(34,61368),(35,61373),(35,61374),(35,61375),(35,61376),(36,61377),(36,61378),(36,61379),(36,61380),(37,61381),(37,61382),(37,61383),(37,61384),(38,61385),(38,61386),(38,61387),(38,61388),(39,61369),(39,61370),(39,61371),(39,61372),(40,61389),(40,61390),(40,61391),(40,61392),(41,61393),(41,61394),(41,61395),(41,61396),(42,61397),(42,61398),(42,61399),(42,61400),(43,61401),(43,61402),(43,61403),(43,61404),(45,61406),(46,61407),(46,61408),(47,61416),(47,61417),(47,61418),(48,61423),(48,61424),(48,61425),(49,61426),(49,61427),(49,61428),(50,61429),(50,61430),(50,61431),(50,61432),(50,61433),(51,61434),(51,61435),(51,61436),(51,61437),(52,61438),(52,61439),(52,61440),(52,61441),(53,61442),(53,61443),(53,61444),(53,61445),(54,61419),(54,61420),(54,61421),(54,61422),(55,61446),(55,61447),(55,61448),(55,61449),(56,61450),(56,61451),(56,61452),(56,61453),(57,61409),(57,61410),(57,61411),(57,61412),(58,61454),(58,61455),(58,61456),(58,61457),(59,61458),(59,61459),(59,61460),(59,61461),(60,61462),(60,61463),(60,61464),(60,61465),(61,61466),(61,61467),(61,61468),(61,61469),(62,61470),(62,61471),(62,61472),(62,61473),(63,61413),(63,61414),(63,61415),(64,61474),(64,61475),(64,61476),(64,61477),(65,61481),(65,61482),(65,61483),(65,61484),(66,61485),(66,61486),(66,61487),(66,61488),(67,61489),(67,61490),(67,61491),(67,61492),(68,61493),(68,61494),(68,61495),(68,61496),(69,61478),(69,61479),(69,61480),(70,61497),(70,61498),(70,61499),(70,61500),(71,61501),(71,61502),(71,61503),(71,61504),(72,61505),(72,61506),(72,61507),(72,61508),(73,61509),(73,61510),(73,61511),(73,61512),(75,61517),(75,61518),(75,61519),(76,61528),(76,61529),(76,61530),(76,61531),(77,61520),(77,61521),(77,61522),(77,61523),(78,61532),(78,61533),(78,61534),(78,61535),(79,61536),(79,61537),(79,61538),(79,61539),(80,61524),(80,61525),(80,61526),(80,61527),(81,61540),(81,61541),(81,61542),(81,61543),(83,61548),(83,61549),(83,61550),(83,61551),(84,61552),(84,61553),(84,61554),(84,61555),(85,61560),(85,61561),(85,61562),(85,61563),(86,61556),(86,61557),(86,61558),(86,61559),(88,61568),(88,61569),(88,61570),(88,61571),(90,61589),(91,61590),(91,61591),(91,61592),(92,61596),(92,61597),(92,61598),(93,61602),(93,61603),(93,61604),(93,61605),(94,61606),(94,61607),(94,61608),(95,61609),(95,61610),(95,61611),(95,61612),(96,61613),(96,61614),(96,61615),(96,61616),(97,61617),(97,61618),(97,61619),(97,61620),(98,61621),(98,61622),(98,61623),(98,61624),(99,61599),(99,61600),(99,61601),(100,61625),(100,61626),(100,61627),(100,61628),(101,61629),(101,61630),(101,61631),(101,61632),(102,61633),(102,61634),(102,61635),(102,61636),(103,61637),(103,61638),(103,61639),(103,61640),(104,61593),(104,61594),(104,61595),(105,61641),(105,61642),(105,61643),(105,61644),(106,61652),(106,61653),(106,61654),(106,61655),(107,61656),(107,61657),(107,61658),(108,61659),(108,61660),(108,61661),(108,61662),(109,61667),(109,61668),(109,61669),(109,61670),(110,61663),(110,61664),(110,61665),(110,61666),(111,61671),(111,61672),(111,61673),(111,61674),(112,61649),(112,61650),(112,61651),(113,61675),(113,61676),(113,61677),(113,61678),(114,61683),(114,61684),(114,61685),(114,61686),(115,61679),(115,61680),(115,61681),(115,61682),(116,61687),(116,61688),(116,61689),(116,61690),(117,61691),(117,61692),(117,61693),(117,61694),(118,61695),(118,61696),(118,61697),(118,61698),(120,61700),(121,61701),(121,61702),(122,61710),(122,61711),(122,61712),(123,61716),(123,61717),(123,61718),(124,61719),(124,61720),(124,61721),(125,61722),(125,61723),(125,61724),(126,61725),(126,61726),(126,61727),(126,61728),(127,61729),(127,61730),(127,61731),(127,61732),(128,61733),(128,61734),(128,61735),(128,61736),(129,61713),(129,61714),(129,61715),(130,61737),(130,61738),(130,61739),(130,61740),(131,61741),(131,61742),(131,61743),(131,61744),(132,61745),(132,61746),(132,61747),(132,61748),(133,61749),(133,61750),(133,61751),(133,61752),(134,61703),(134,61704),(134,61705),(134,61706),(135,61753),(135,61754),(135,61755),(135,61756),(136,61757),(136,61758),(136,61759),(136,61760),(137,61765),(137,61766),(137,61767),(137,61768),(138,61769),(138,61770),(138,61771),(138,61772),(139,61773),(139,61774),(139,61775),(139,61776),(140,61777),(140,61778),(140,61779),(140,61780),(141,61781),(141,61782),(141,61783),(141,61784),(142,61707),(142,61708),(142,61709),(143,61785),(143,61786),(143,61787),(143,61788),(144,61792),(144,61793),(144,61794),(144,61795),(145,61799),(145,61800),(145,61801),(145,61802),(146,61803),(146,61804),(146,61805),(146,61806),(147,61807),(147,61808),(147,61809),(147,61810),(148,61796),(148,61797),(148,61798),(149,61811),(149,61812),(149,61813),(149,61814),(150,61815),(150,61816),(150,61817),(150,61818),(151,61819),(151,61820),(151,61821),(151,61822),(152,61789),(152,61790),(152,61791),(153,61823),(153,61824),(153,61825),(153,61826),(154,61827),(154,61828),(154,61829),(154,61830),(155,61831),(155,61832),(155,61833),(155,61834),(156,61835),(156,61836),(156,61837),(156,61838),(158,61843),(158,61844),(158,61845),(159,61850),(159,61851),(159,61852),(159,61853),(160,61846),(160,61847),(160,61848),(160,61849),(161,61854),(161,61855),(161,61856),(161,61857),(163,61862),(163,61863),(163,61864),(163,61865),(164,61866),(164,61867),(164,61868),(164,61869),(165,61874),(165,61875),(165,61876),(165,61877),(166,61870),(166,61871),(166,61872),(166,61873),(168,61881),(168,61882),(168,61883),(168,61884),(171,61898),(172,61899),(172,61900),(172,61901),(173,61909),(173,61910),(173,61911),(174,61912),(174,61913),(174,61914),(174,61915),(175,61924),(175,61925),(175,61926),(176,61927),(176,61928),(176,61929),(176,61930),(177,61931),(177,61932),(177,61933),(177,61934),(178,61935),(178,61936),(178,61937),(178,61938),(179,61939),(179,61940),(179,61941),(179,61942),(180,61916),(180,61917),(180,61918),(180,61919),(181,61943),(181,61944),(181,61945),(181,61946),(182,61947),(182,61948),(182,61949),(182,61950),(183,61951),(183,61952),(183,61953),(183,61954),(184,61920),(184,61921),(184,61922),(184,61923),(185,61955),(185,61956),(185,61957),(185,61958),(186,61959),(186,61960),(186,61961),(186,61962),(187,61902),(187,61903),(187,61904),(187,61905),(188,61963),(188,61964),(188,61965),(188,61966),(189,61977),(189,61978),(189,61979),(189,61980),(190,61984),(190,61985),(190,61986),(190,61987),(191,61988),(191,61989),(191,61990),(191,61991),(192,61992),(192,61993),(192,61994),(192,61995),(193,61981),(193,61982),(193,61983),(194,61996),(194,61997),(194,61998),(194,61999),(195,62000),(195,62001),(195,62002),(195,62003),(196,62004),(196,62005),(196,62006),(196,62007),(197,61971),(197,61972),(197,61973),(198,62008),(198,62009),(198,62010),(198,62011),(199,62012),(199,62013),(199,62014),(199,62015),(200,62016),(200,62017),(200,62018),(200,62019),(201,61974),(201,61975),(201,61976),(202,62020),(202,62021),(202,62022),(202,62023),(203,62024),(203,62025),(203,62026),(203,62027),(204,62028),(204,62029),(204,62030),(204,62031),(205,62032),(205,62033),(205,62034),(205,62035),(206,61906),(206,61907),(206,61908),(207,62036),(207,62037),(207,62038),(207,62039),(208,62043),(208,62044),(208,62045),(208,62046),(209,62047),(209,62048),(209,62049),(209,62050),(210,62051),(210,62052),(210,62053),(210,62054),(211,62055),(211,62056),(211,62057),(211,62058),(212,62040),(212,62041),(212,62042),(213,62059),(213,62060),(213,62061),(213,62062),(214,62063),(214,62064),(214,62065),(214,62066),(215,62067),(215,62068),(215,62069),(215,62070),(216,62071),(216,62072),(216,62073),(216,62074),(218,62076),(219,62077),(219,62078),(220,62086),(220,62087),(220,62088),(221,62092),(221,62093),(221,62094),(222,62095),(222,62096),(222,62097),(223,62098),(223,62099),(223,62100),(224,62101),(224,62102),(224,62103),(224,62104),(225,62089),(225,62090),(225,62091),(226,62105),(226,62106),(226,62107),(226,62108),(227,62109),(227,62110),(227,62111),(227,62112),(228,62113),(228,62114),(228,62115),(228,62116),(229,62117),(229,62118),(229,62119),(229,62120),(230,62079),(230,62080),(230,62081),(230,62082),(231,62121),(231,62122),(231,62123),(231,62124),(232,62129),(232,62130),(232,62131),(232,62132),(233,62133),(233,62134),(233,62135),(233,62136),(234,62137),(234,62138),(234,62139),(234,62140),(235,62141),(235,62142),(235,62143),(235,62144),(236,62125),(236,62126),(236,62127),(236,62128),(237,62145),(237,62146),(237,62147),(237,62148),(238,62149),(238,62150),(238,62151),(238,62152),(239,62153),(239,62154),(239,62155),(239,62156),(240,62157),(240,62158),(240,62159),(240,62160),(241,62083),(241,62084),(241,62085),(242,62161),(242,62162),(242,62163),(242,62164),(243,62168),(243,62169),(243,62170),(243,62171),(244,62172),(244,62173),(244,62174),(244,62175),(245,62176),(245,62177),(245,62178),(245,62179),(246,62180),(246,62181),(246,62182),(246,62183),(247,62165),(247,62166),(247,62167),(248,62184),(248,62185),(248,62186),(248,62187),(249,62192),(249,62193),(249,62194),(249,62195),(250,62196),(250,62197),(250,62198),(250,62199),(252,62204),(252,62205),(252,62206),(253,62211),(253,62212),(253,62213),(253,62214),(254,62207),(254,62208),(254,62209),(254,62210),(255,62215),(255,62216),(255,62217),(255,62218),(256,62219),(256,62220),(256,62221),(256,62222),(258,62227),(258,62228),(258,62229),(258,62230),(259,62231),(259,62232),(259,62233),(259,62234),(260,62239),(260,62240),(260,62241),(260,62242),(261,62235),(261,62236),(261,62237),(261,62238),(263,62252),(264,62253),(264,62254),(264,62255),(265,62256),(265,62257),(265,62258),(266,62262),(266,62263),(266,62264),(266,62265),(267,62266),(267,62267),(267,62268),(268,62272),(268,62273),(268,62274),(268,62275),(269,62276),(269,62277),(269,62278),(269,62279),(270,62280),(270,62281),(270,62282),(270,62283),(271,62284),(271,62285),(271,62286),(271,62287),(272,62259),(272,62260),(272,62261),(273,62288),(273,62289),(273,62290),(273,62291),(274,62300),(274,62301),(274,62302),(274,62303),(275,62304),(275,62305),(275,62306),(275,62307),(276,62312),(276,62313),(276,62314),(276,62315),(277,62308),(277,62309),(277,62310),(277,62311),(278,62316),(278,62317),(278,62318),(278,62319),(279,62292),(279,62293),(279,62294),(279,62295),(280,62320),(280,62321),(280,62322),(280,62323),(281,62324),(281,62325),(281,62326),(281,62327),(282,62328),(282,62329),(282,62330),(282,62331),(283,62269),(283,62270),(283,62271),(284,62332),(284,62333),(284,62334),(284,62335),(285,62340),(285,62341),(285,62342),(285,62343),(286,62344),(286,62345),(286,62346),(287,62347),(287,62348),(287,62349),(287,62350),(288,62351),(288,62352),(288,62353),(288,62354),(289,62336),(289,62337),(289,62338),(289,62339),(290,62355),(290,62356),(290,62357),(290,62358),(291,62359),(291,62360),(291,62361),(291,62362),(293,62364),(294,62365),(294,62366),(295,62374),(295,62375),(295,62376),(296,62380),(296,62381),(296,62382),(297,62383),(297,62384),(297,62385),(298,62386),(298,62387),(298,62388),(299,62389),(299,62390),(299,62391),(299,62392),(300,62377),(300,62378),(300,62379),(301,62393),(301,62394),(301,62395),(301,62396),(302,62401),(302,62402),(302,62403),(302,62404),(303,62405),(303,62406),(303,62407),(303,62408),(304,62409),(304,62410),(304,62411),(304,62412),(305,62397),(305,62398),(305,62399),(305,62400),(306,62413),(306,62414),(306,62415),(306,62416),(307,62417),(307,62418),(307,62419),(307,62420),(308,62421),(308,62422),(308,62423),(308,62424),(309,62367),(309,62368),(309,62369),(309,62370),(310,62425),(310,62426),(310,62427),(310,62428),(311,62432),(311,62433),(311,62434),(311,62435),(312,62440),(312,62441),(312,62442),(312,62443),(313,62444),(313,62445),(313,62446),(313,62447),(314,62451),(314,62452),(314,62453),(314,62454),(315,62448),(315,62449),(315,62450),(316,62455),(316,62456),(316,62457),(316,62458),(317,62429),(317,62430),(317,62431),(318,62459),(318,62460),(318,62461),(318,62462),(319,62463),(319,62464),(319,62465),(319,62466),(320,62467),(320,62468),(320,62469),(320,62470),(321,62471),(321,62472),(321,62473),(321,62474),(322,62371),(322,62372),(322,62373),(323,62475),(323,62476),(323,62477),(323,62478),(324,62479),(324,62480),(324,62481),(324,62482),(325,62486),(325,62487),(325,62488),(325,62489),(326,62490),(326,62491),(326,62492),(326,62493),(327,62494),(327,62495),(327,62496),(327,62497),(328,62483),(328,62484),(328,62485),(329,62498),(329,62499),(329,62500),(329,62501),(330,62502),(330,62503),(330,62504),(330,62505),(331,62506),(331,62507),(331,62508),(331,62509),(333,62514),(333,62515),(333,62516),(334,62525),(334,62526),(334,62527),(334,62528),(335,62517),(335,62518),(335,62519),(335,62520),(336,62529),(336,62530),(336,62531),(336,62532),(337,62533),(337,62534),(337,62535),(337,62536),(338,62521),(338,62522),(338,62523),(338,62524),(339,62537),(339,62538),(339,62539),(339,62540),(341,62545),(341,62546),(341,62547),(341,62548),(342,62549),(342,62550),(342,62551),(342,62552),(343,62557),(343,62558),(343,62559),(343,62560),(344,62553),(344,62554),(344,62555),(344,62556),(346,62570),(347,62571),(347,62572),(347,62573),(348,62574),(348,62575),(348,62576),(349,62577),(349,62578),(349,62579),(349,62580),(350,62592),(350,62593),(350,62594),(351,62595),(351,62596),(351,62597),(351,62598),(352,62599),(352,62600),(352,62601),(352,62602),(353,62603),(353,62604),(353,62605),(353,62606),(354,62607),(354,62608),(354,62609),(354,62610),(355,62581),(355,62582),(355,62583),(355,62584),(356,62611),(356,62612),(356,62613),(356,62614),(357,62615),(357,62616),(357,62617),(357,62618),(358,62585),(358,62586),(358,62587),(358,62588),(359,62619),(359,62620),(359,62621),(359,62622),(360,62626),(360,62627),(360,62628),(360,62629),(361,62630),(361,62631),(361,62632),(361,62633),(362,62634),(362,62635),(362,62636),(362,62637),(363,62638),(363,62639),(363,62640),(363,62641),(364,62623),(364,62624),(364,62625),(365,62642),(365,62643),(365,62644),(365,62645),(366,62646),(366,62647),(366,62648),(366,62649),(367,62650),(367,62651),(367,62652),(367,62653),(368,62654),(368,62655),(368,62656),(368,62657),(369,62589),(369,62590),(369,62591),(370,62658),(370,62659),(370,62660),(370,62661),(371,62666),(371,62667),(371,62668),(371,62669),(372,62674),(372,62675),(372,62676),(372,62677),(373,62678),(373,62679),(373,62680),(373,62681),(374,62662),(374,62663),(374,62664),(374,62665),(375,62682),(375,62683),(375,62684),(375,62685),(376,62686),(376,62687),(376,62688),(376,62689),(377,62690),(377,62691),(377,62692),(377,62693),(378,62694),(378,62695),(378,62696),(378,62697),(380,62699),(381,62700),(381,62701),(382,62708),(382,62709),(382,62710),(383,62714),(383,62715),(383,62716),(384,62717),(384,62718),(384,62719),(385,62720),(385,62721),(385,62722),(386,62727),(386,62728),(386,62729),(386,62730),(387,62723),(387,62724),(387,62725),(387,62726),(388,62731),(388,62732),(388,62733),(388,62734),(389,62711),(389,62712),(389,62713),(390,62735),(390,62736),(390,62737),(390,62738),(391,62743),(391,62744),(391,62745),(391,62746),(392,62751),(392,62752),(392,62753),(392,62754),(393,62755),(393,62756),(393,62757),(393,62758),(394,62747),(394,62748),(394,62749),(394,62750),(395,62759),(395,62760),(395,62761),(395,62762),(396,62702),(396,62703),(396,62704),(397,62763),(397,62764),(397,62765),(397,62766),(398,62767),(398,62768),(398,62769),(398,62770),(399,62775),(399,62776),(399,62777),(400,62778),(400,62779),(400,62780),(400,62781),(401,62782),(401,62783),(401,62784),(401,62785),(402,62771),(402,62772),(402,62773),(402,62774),(403,62786),(403,62787),(403,62788),(403,62789),(404,62790),(404,62791),(404,62792),(404,62793),(405,62794),(405,62795),(405,62796),(405,62797),(406,62705),(406,62706),(406,62707),(407,62798),(407,62799),(407,62800),(407,62801),(408,62805),(408,62806),(408,62807),(408,62808),(409,62809),(409,62810),(409,62811),(409,62812),(410,62813),(410,62814),(410,62815),(410,62816),(411,62817),(411,62818),(411,62819),(411,62820),(412,62802),(412,62803),(412,62804),(413,62821),(413,62822),(413,62823),(413,62824),(414,62825),(414,62826),(414,62827),(414,62828),(415,62829),(415,62830),(415,62831),(415,62832),(416,62833),(416,62834),(416,62835),(416,62836),(418,62841),(418,62842),(418,62843),(419,62848),(419,62849),(419,62850),(419,62851),(420,62844),(420,62845),(420,62846),(420,62847),(421,62852),(421,62853),(421,62854),(421,62855),(423,62860),(423,62861),(423,62862),(423,62863),(424,62864),(424,62865),(424,62866),(424,62867),(425,62872),(425,62873),(425,62874),(425,62875),(426,62868),(426,62869),(426,62870),(426,62871),(428,62880),(428,62881),(428,62882),(428,62883),(430,62893),(431,62894),(431,62895),(431,62896),(432,62904),(432,62905),(432,62906),(433,62911),(433,62912),(433,62913),(433,62914),(434,62915),(434,62916),(434,62917),(435,62918),(435,62919),(435,62920),(435,62921),(436,62922),(436,62923),(436,62924),(436,62925),(437,62926),(437,62927),(437,62928),(437,62929),(438,62930),(438,62931),(438,62932),(438,62933),(439,62907),(439,62908),(439,62909),(439,62910),(440,62934),(440,62935),(440,62936),(440,62937),(441,62938),(441,62939),(441,62940),(441,62941),(442,62942),(442,62943),(442,62944),(442,62945),(443,62946),(443,62947),(443,62948),(443,62949),(444,62897),(444,62898),(444,62899),(445,62950),(445,62951),(445,62952),(445,62953),(446,62961),(446,62962),(446,62963),(446,62964),(447,62965),(447,62966),(447,62967),(448,62968),(448,62969),(448,62970),(448,62971),(449,62972),(449,62973),(449,62974),(449,62975),(450,62958),(450,62959),(450,62960),(451,62976),(451,62977),(451,62978),(451,62979),(452,62980),(452,62981),(452,62982),(452,62983),(453,62984),(453,62985),(453,62986),(453,62987),(454,62900),(454,62901),(454,62902),(454,62903),(455,62988),(455,62989),(455,62990),(455,62991),(456,62992),(456,62993),(456,62994),(456,62995),(457,62999),(457,63000),(457,63001),(457,63002),(458,63003),(458,63004),(458,63005),(458,63006),(459,63007),(459,63008),(459,63009),(459,63010),(460,62996),(460,62997),(460,62998),(461,63011),(461,63012),(461,63013),(461,63014),(462,63015),(462,63016),(462,63017),(462,63018),(463,63019),(463,63020),(463,63021),(463,63022),(465,63024),(466,63025),(466,63026),(467,63033),(467,63034),(467,63035),(468,63039),(468,63040),(468,63041),(469,63042),(469,63043),(469,63044),(470,63045),(470,63046),(470,63047),(471,63051),(471,63052),(471,63053),(471,63054),(472,63048),(472,63049),(472,63050),(473,63055),(473,63056),(473,63057),(473,63058),(474,63036),(474,63037),(474,63038),(475,63059),(475,63060),(475,63061),(475,63062),(476,63063),(476,63064),(476,63065),(476,63066),(477,63067),(477,63068),(477,63069),(477,63070),(478,63071),(478,63072),(478,63073),(478,63074),(479,63027),(479,63028),(479,63029),(480,63075),(480,63076),(480,63077),(480,63078),(481,63082),(481,63083),(481,63084),(481,63085),(482,63086),(482,63087),(482,63088),(482,63089),(483,63090),(483,63091),(483,63092),(483,63093),(484,63094),(484,63095),(484,63096),(484,63097),(485,63079),(485,63080),(485,63081),(486,63098),(486,63099),(486,63100),(486,63101),(487,63106),(487,63107),(487,63108),(487,63109),(488,63110),(488,63111),(488,63112),(488,63113),(489,63118),(489,63119),(489,63120),(489,63121),(490,63114),(490,63115),(490,63116),(490,63117),(491,63122),(491,63123),(491,63124),(491,63125),(492,63030),(492,63031),(492,63032),(493,63126),(493,63127),(493,63128),(493,63129),(494,63133),(494,63134),(494,63135),(494,63136),(495,63137),(495,63138),(495,63139),(495,63140),(496,63141),(496,63142),(496,63143),(496,63144),(497,63145),(497,63146),(497,63147),(497,63148),(498,63130),(498,63131),(498,63132),(499,63149),(499,63150),(499,63151),(499,63152),(500,63153),(500,63154),(500,63155),(500,63156),(501,63157),(501,63158),(501,63159),(501,63160),(502,63161),(502,63162),(502,63163),(502,63164),(504,63169),(504,63170),(504,63171),(505,63176),(505,63177),(505,63178),(505,63179),(506,63172),(506,63173),(506,63174),(506,63175),(507,63180),(507,63181),(507,63182),(507,63183),(508,63184),(508,63185),(508,63186),(508,63187),(510,63192),(510,63193),(510,63194),(510,63195),(511,63196),(511,63197),(511,63198),(511,63199),(512,63204),(512,63205),(512,63206),(512,63207),(513,63200),(513,63201),(513,63202),(513,63203),(515,63217),(516,63218),(516,63219),(516,63220),(517,63227),(517,63228),(517,63229),(518,63230),(518,63231),(518,63232),(518,63233),(519,63237),(519,63238),(519,63239),(520,63240),(520,63241),(520,63242),(520,63243),(521,63244),(521,63245),(521,63246),(521,63247),(522,63248),(522,63249),(522,63250),(522,63251),(523,63252),(523,63253),(523,63254),(523,63255),(524,63234),(524,63235),(524,63236),(525,63256),(525,63257),(525,63258),(525,63259),(526,63260),(526,63261),(526,63262),(526,63263),(527,63264),(527,63265),(527,63266),(527,63267),(528,63221),(528,63222),(528,63223),(529,63268),(529,63269),(529,63270),(529,63271),(530,63276),(530,63277),(530,63278),(530,63279),(531,63284),(531,63285),(531,63286),(532,63287),(532,63288),(532,63289),(532,63290),(533,63294),(533,63295),(533,63296),(533,63297),(534,63291),(534,63292),(534,63293),(535,63298),(535,63299),(535,63300),(535,63301),(536,63272),(536,63273),(536,63274),(536,63275),(537,63302),(537,63303),(537,63304),(537,63305),(538,63306),(538,63307),(538,63308),(538,63309),(539,63310),(539,63311),(539,63312),(539,63313),(540,63314),(540,63315),(540,63316),(540,63317),(541,63224),(541,63225),(541,63226),(542,63318),(542,63319),(542,63320),(542,63321),(543,63322),(543,63323),(543,63324),(543,63325),(544,63330),(544,63331),(544,63332),(544,63333),(545,63334),(545,63335),(545,63336),(545,63337),(546,63338),(546,63339),(546,63340),(546,63341),(547,63326),(547,63327),(547,63328),(547,63329),(548,63342),(548,63343),(548,63344),(548,63345),(549,63346),(549,63347),(549,63348),(549,63349),(550,63350),(550,63351),(550,63352),(550,63353),(551,63354),(551,63355),(551,63356),(551,63357),(553,63359),(554,63360),(554,63361),(555,63365),(555,63366),(555,63367),(556,63371),(556,63372),(556,63373),(557,63374),(557,63375),(557,63376),(558,63377),(558,63378),(558,63379),(559,63380),(559,63381),(559,63382),(559,63383),(560,63384),(560,63385),(560,63386),(560,63387),(561,63388),(561,63389),(561,63390),(561,63391),(562,63368),(562,63369),(562,63370),(563,63392),(563,63393),(563,63394),(563,63395),(564,63400),(564,63401),(564,63402),(564,63403),(565,63404),(565,63405),(565,63406),(565,63407),(566,63408),(566,63409),(566,63410),(566,63411),(567,63362),(567,63363),(567,63364),(568,63412),(568,63413),(568,63414),(568,63415),(569,63416),(569,63417),(569,63418),(569,63419),(570,63427),(570,63428),(570,63429),(570,63430),(571,63431),(571,63432),(571,63433),(571,63434),(572,63435),(572,63436),(572,63437),(572,63438),(573,63420),(573,63421),(573,63422),(574,63439),(574,63440),(574,63441),(574,63442),(575,63443),(575,63444),(575,63445),(575,63446),(576,63447),(576,63448),(576,63449),(576,63450),(577,63423),(577,63424),(577,63425),(577,63426),(578,63451),(578,63452),(578,63453),(578,63454),(579,63455),(579,63456),(579,63457),(579,63458),(580,63459),(580,63460),(580,63461),(580,63462),(581,63463),(581,63464),(581,63465),(581,63466),(582,63467),(582,63468),(582,63469),(582,63470),(584,63475),(584,63476),(584,63477),(585,63482),(585,63483),(585,63484),(585,63485),(586,63486),(586,63487),(586,63488),(586,63489),(587,63490),(587,63491),(587,63492),(587,63493),(588,63478),(588,63479),(588,63480),(588,63481),(589,63494),(589,63495),(589,63496),(589,63497),(590,63498),(590,63499),(590,63500),(590,63501),(592,63506),(592,63507),(592,63508),(592,63509),(593,63510),(593,63511),(593,63512),(593,63513),(594,63518),(594,63519),(594,63520),(594,63521),(595,63514),(595,63515),(595,63516),(595,63517),(597,63526),(597,63527),(597,63528),(597,63529),(599,63539),(600,63540),(600,63541),(600,63542),(601,63550),(601,63551),(601,63552),(602,63553),(602,63554),(602,63555),(602,63556),(603,63557),(603,63558),(603,63559),(604,63560),(604,63561),(604,63562),(604,63563),(605,63564),(605,63565),(605,63566),(605,63567),(606,63568),(606,63569),(606,63570),(606,63571),(607,63572),(607,63573),(607,63574),(607,63575),(608,63543),(608,63544),(608,63545),(609,63576),(609,63577),(609,63578),(609,63579),(610,63583),(610,63584),(610,63585),(610,63586),(611,63595),(611,63596),(611,63597),(611,63598),(612,63599),(612,63600),(612,63601),(612,63602),(613,63603),(613,63604),(613,63605),(613,63606),(614,63587),(614,63588),(614,63589),(614,63590),(615,63607),(615,63608),(615,63609),(615,63610),(616,63611),(616,63612),(616,63613),(616,63614),(617,63615),(617,63616),(617,63617),(617,63618),(618,63619),(618,63620),(618,63621),(618,63622),(619,63580),(619,63581),(619,63582),(620,63623),(620,63624),(620,63625),(620,63626),(621,63627),(621,63628),(621,63629),(621,63630),(622,63631),(622,63632),(622,63633),(622,63634),(623,63546),(623,63547),(623,63548),(623,63549),(624,63635),(624,63636),(624,63637),(624,63638),(625,63639),(625,63640),(625,63641),(625,63642),(626,63646),(626,63647),(626,63648),(626,63649),(627,63650),(627,63651),(627,63652),(627,63653),(628,63654),(628,63655),(628,63656),(628,63657),(629,63643),(629,63644),(629,63645),(630,63658),(630,63659),(630,63660),(630,63661),(631,63662),(631,63663),(631,63664),(631,63665),(632,63666),(632,63667),(632,63668),(632,63669),(634,63671),(635,63672),(635,63673),(636,63681),(636,63682),(636,63683),(637,63684),(637,63685),(637,63686),(638,63687),(638,63688),(638,63689),(639,63690),(639,63691),(639,63692),(640,63697),(640,63698),(640,63699),(640,63700),(641,63693),(641,63694),(641,63695),(641,63696),(642,63701),(642,63702),(642,63703),(642,63704),(643,63674),(643,63675),(643,63676),(643,63677),(644,63705),(644,63706),(644,63707),(644,63708),(645,63712),(645,63713),(645,63714),(645,63715),(646,63716),(646,63717),(646,63718),(646,63719),(647,63720),(647,63721),(647,63722),(647,63723),(648,63724),(648,63725),(648,63726),(648,63727),(649,63709),(649,63710),(649,63711),(650,63728),(650,63729),(650,63730),(650,63731),(651,63736),(651,63737),(651,63738),(651,63739),(652,63740),(652,63741),(652,63742),(652,63743),(653,63744),(653,63745),(653,63746),(653,63747),(654,63748),(654,63749),(654,63750),(654,63751),(655,63752),(655,63753),(655,63754),(655,63755),(656,63678),(656,63679),(656,63680),(657,63756),(657,63757),(657,63758),(657,63759),(658,63763),(658,63764),(658,63765),(658,63766),(659,63767),(659,63768),(659,63769),(659,63770),(660,63771),(660,63772),(660,63773),(660,63774),(661,63775),(661,63776),(661,63777),(661,63778),(662,63760),(662,63761),(662,63762),(663,63779),(663,63780),(663,63781),(663,63782),(664,63783),(664,63784),(664,63785),(664,63786),(665,63787),(665,63788),(665,63789),(665,63790),(666,63791),(666,63792),(666,63793),(666,63794),(668,63799),(668,63800),(668,63801),(669,63806),(669,63807),(669,63808),(669,63809),(670,63802),(670,63803),(670,63804),(670,63805),(671,63810),(671,63811),(671,63812),(671,63813),(673,63818),(673,63819),(673,63820),(673,63821),(674,63822),(674,63823),(674,63824),(674,63825),(675,63830),(675,63831),(675,63832),(675,63833),(676,63826),(676,63827),(676,63828),(676,63829),(678,63843),(679,63844),(679,63845),(679,63846),(680,63851),(680,63852),(680,63853),(681,63858),(681,63859),(681,63860),(681,63861),(682,63865),(682,63866),(682,63867),(683,63868),(683,63869),(683,63870),(683,63871),(684,63872),(684,63873),(684,63874),(684,63875),(685,63876),(685,63877),(685,63878),(685,63879),(686,63880),(686,63881),(686,63882),(686,63883),(687,63862),(687,63863),(687,63864),(688,63884),(688,63885),(688,63886),(688,63887),(689,63888),(689,63889),(689,63890),(689,63891),(690,63892),(690,63893),(690,63894),(690,63895),(691,63854),(691,63855),(691,63856),(691,63857),(692,63896),(692,63897),(692,63898),(692,63899),(693,63904),(693,63905),(693,63906),(693,63907),(694,63908),(694,63909),(694,63910),(694,63911),(695,63916),(695,63917),(695,63918),(695,63919),(696,63912),(696,63913),(696,63914),(696,63915),(697,63920),(697,63921),(697,63922),(697,63923),(698,63847),(698,63848),(698,63849),(698,63850),(699,63924),(699,63925),(699,63926),(699,63927),(700,63928),(700,63929),(700,63930),(700,63931),(701,63936),(701,63937),(701,63938),(701,63939),(702,63940),(702,63941),(702,63942),(702,63943),(703,63948),(703,63949),(703,63950),(703,63951),(704,63944),(704,63945),(704,63946),(704,63947),(705,63952),(705,63953),(705,63954),(705,63955),(706,63932),(706,63933),(706,63934),(706,63935),(707,63956),(707,63957),(707,63958),(707,63959),(708,63960),(708,63961),(708,63962),(708,63963),(709,63964),(709,63965),(709,63966),(709,63967),(711,63969),(712,63970),(712,63971),(713,63979),(713,63980),(713,63981),(714,63982),(714,63983),(714,63984),(715,63985),(715,63986),(715,63987),(716,63988),(716,63989),(716,63990),(717,63991),(717,63992),(717,63993),(717,63994),(718,63995),(718,63996),(718,63997),(718,63998),(719,63999),(719,64000),(719,64001),(719,64002),(720,63972),(720,63973),(720,63974),(720,63975),(721,64003),(721,64004),(721,64005),(721,64006),(722,64010),(722,64011),(722,64012),(722,64013),(723,64018),(723,64019),(723,64020),(723,64021),(724,64022),(724,64023),(724,64024),(724,64025),(725,64026),(725,64027),(725,64028),(725,64029),(726,64007),(726,64008),(726,64009),(727,64030),(727,64031),(727,64032),(727,64033),(728,64034),(728,64035),(728,64036),(728,64037),(729,64038),(729,64039),(729,64040),(729,64041),(730,64042),(730,64043),(730,64044),(730,64045),(731,63976),(731,63977),(731,63978),(732,64046),(732,64047),(732,64048),(732,64049),(733,64054),(733,64055),(733,64056),(733,64057),(734,64062),(734,64063),(734,64064),(734,64065),(735,64066),(735,64067),(735,64068),(735,64069),(736,64070),(736,64071),(736,64072),(736,64073),(737,64058),(737,64059),(737,64060),(737,64061),(738,64074),(738,64075),(738,64076),(738,64077),(739,64078),(739,64079),(739,64080),(739,64081),(740,64082),(740,64083),(740,64084),(740,64085),(741,64086),(741,64087),(741,64088),(741,64089),(742,64050),(742,64051),(742,64052),(742,64053),(743,64090),(743,64091),(743,64092),(743,64093),(744,64094),(744,64095),(744,64096),(744,64097),(746,64102),(746,64103),(746,64104),(747,64109),(747,64110),(747,64111),(747,64112),(748,64105),(748,64106),(748,64107),(748,64108),(749,64113),(749,64114),(749,64115),(749,64116),(750,64117),(750,64118),(750,64119),(750,64120),(752,64125),(752,64126),(752,64127),(752,64128),(753,64129),(753,64130),(753,64131),(753,64132),(754,64137),(754,64138),(754,64139),(754,64140),(755,64133),(755,64134),(755,64135),(755,64136),(757,64150),(758,64151),(758,64152),(758,64153),(759,64158),(759,64159),(759,64160),(760,64161),(760,64162),(760,64163),(760,64164),(761,64169),(761,64170),(761,64171),(762,64172),(762,64173),(762,64174),(762,64175),(763,64176),(763,64177),(763,64178),(763,64179),(764,64180),(764,64181),(764,64182),(764,64183),(765,64184),(765,64185),(765,64186),(765,64187),(766,64165),(766,64166),(766,64167),(766,64168),(767,64188),(767,64189),(767,64190),(767,64191),(768,64192),(768,64193),(768,64194),(768,64195),(769,64196),(769,64197),(769,64198),(769,64199),(770,64154),(770,64155),(770,64156),(770,64157),(771,64200),(771,64201),(771,64202),(771,64203),(772,64211),(772,64212),(772,64213),(772,64214),(773,64219),(773,64220),(773,64221),(773,64222),(774,64223),(774,64224),(774,64225),(774,64226),(775,64227),(775,64228),(775,64229),(775,64230),(776,64215),(776,64216),(776,64217),(776,64218),(777,64231),(777,64232),(777,64233),(777,64234),(778,64235),(778,64236),(778,64237),(778,64238),(779,64239),(779,64240),(779,64241),(779,64242),(780,64208),(780,64209),(780,64210),(781,64243),(781,64244),(781,64245),(781,64246),(782,64247),(782,64248),(782,64249),(782,64250),(783,64251),(783,64252),(783,64253),(783,64254),(785,64256),(786,64257),(786,64258),(787,64266),(787,64267),(787,64268),(788,64269),(788,64270),(788,64271),(789,64276),(789,64277),(789,64278),(790,64279),(790,64280),(790,64281),(791,64282),(791,64283),(791,64284),(791,64285),(792,64272),(792,64273),(792,64274),(792,64275),(793,64286),(793,64287),(793,64288),(793,64289),(794,64290),(794,64291),(794,64292),(794,64293),(795,64294),(795,64295),(795,64296),(795,64297),(796,64259),(796,64260),(796,64261),(796,64262),(797,64298),(797,64299),(797,64300),(797,64301),(798,64305),(798,64306),(798,64307),(798,64308),(799,64309),(799,64310),(799,64311),(799,64312),(800,64313),(800,64314),(800,64315),(800,64316),(801,64320),(801,64321),(801,64322),(801,64323),(802,64317),(802,64318),(802,64319),(803,64324),(803,64325),(803,64326),(803,64327),(804,64302),(804,64303),(804,64304),(805,64328),(805,64329),(805,64330),(805,64331),(806,64336),(806,64337),(806,64338),(806,64339),(807,64340),(807,64341),(807,64342),(807,64343),(808,64344),(808,64345),(808,64346),(808,64347),(809,64348),(809,64349),(809,64350),(809,64351),(810,64352),(810,64353),(810,64354),(810,64355),(811,64263),(811,64264),(811,64265),(812,64356),(812,64357),(812,64358),(812,64359),(813,64360),(813,64361),(813,64362),(813,64363),(814,64367),(814,64368),(814,64369),(814,64370),(815,64371),(815,64372),(815,64373),(815,64374),(816,64375),(816,64376),(816,64377),(816,64378),(817,64364),(817,64365),(817,64366),(818,64379),(818,64380),(818,64381),(818,64382),(819,64383),(819,64384),(819,64385),(819,64386),(820,64387),(820,64388),(820,64389),(820,64390),(822,64395),(822,64396),(822,64397),(823,64402),(823,64403),(823,64404),(823,64405),(824,64398),(824,64399),(824,64400),(824,64401),(825,64406),(825,64407),(825,64408),(825,64409),(827,64414),(827,64415),(827,64416),(827,64417),(828,64418),(828,64419),(828,64420),(828,64421),(829,64426),(829,64427),(829,64428),(829,64429),(830,64422),(830,64423),(830,64424),(830,64425),(832,64439),(833,64440),(833,64441),(833,64442),(834,64449),(834,64450),(834,64451),(835,64452),(835,64453),(835,64454),(835,64455),(836,64460),(836,64461),(836,64462),(837,64463),(837,64464),(837,64465),(837,64466),(838,64467),(838,64468),(838,64469),(838,64470),(839,64471),(839,64472),(839,64473),(839,64474),(840,64475),(840,64476),(840,64477),(840,64478),(841,64456),(841,64457),(841,64458),(841,64459),(842,64479),(842,64480),(842,64481),(842,64482),(843,64483),(843,64484),(843,64485),(843,64486),(844,64487),(844,64488),(844,64489),(844,64490),(845,64443),(845,64444),(845,64445),(846,64491),(846,64492),(846,64493),(846,64494),(847,64498),(847,64499),(847,64500),(847,64501),(848,64502),(848,64503),(848,64504),(849,64505),(849,64506),(849,64507),(849,64508),(850,64509),(850,64510),(850,64511),(850,64512),(851,64495),(851,64496),(851,64497),(852,64513),(852,64514),(852,64515),(852,64516),(853,64521),(853,64522),(853,64523),(853,64524),(854,64525),(854,64526),(854,64527),(854,64528),(855,64529),(855,64530),(855,64531),(855,64532),(856,64517),(856,64518),(856,64519),(856,64520),(857,64533),(857,64534),(857,64535),(857,64536),(858,64537),(858,64538),(858,64539),(858,64540),(859,64541),(859,64542),(859,64543),(859,64544),(860,64446),(860,64447),(860,64448),(861,64545),(861,64546),(861,64547),(861,64548),(862,64549),(862,64550),(862,64551),(862,64552),(863,64557),(863,64558),(863,64559),(863,64560),(864,64561),(864,64562),(864,64563),(864,64564),(865,64568),(865,64569),(865,64570),(865,64571),(866,64565),(866,64566),(866,64567),(867,64572),(867,64573),(867,64574),(867,64575),(869,64577),(870,64578),(870,64579),(871,64587),(871,64588),(871,64589),(872,64598),(872,64599),(872,64600),(873,64601),(873,64602),(873,64603),(874,64604),(874,64605),(874,64606),(875,64607),(875,64608),(875,64609),(875,64610),(876,64611),(876,64612),(876,64613),(876,64614),(877,64615),(877,64616),(877,64617),(877,64618),(878,64594),(878,64595),(878,64596),(878,64597),(879,64619),(879,64620),(879,64621),(879,64622),(880,64623),(880,64624),(880,64625),(880,64626),(881,64580),(881,64581),(881,64582),(881,64583),(882,64627),(882,64628),(882,64629),(882,64630),(883,64631),(883,64632),(883,64633),(883,64634),(884,64639),(884,64640),(884,64641),(884,64642),(885,64643),(885,64644),(885,64645),(885,64646),(886,64647),(886,64648),(886,64649),(886,64650),(887,64635),(887,64636),(887,64637),(887,64638),(888,64651),(888,64652),(888,64653),(888,64654),(889,64655),(889,64656),(889,64657),(889,64658),(890,64659),(890,64660),(890,64661),(890,64662),(891,64584),(891,64585),(891,64586),(892,64663),(892,64664),(892,64665),(892,64666),(893,64667),(893,64668),(893,64669),(893,64670),(894,64674),(894,64675),(894,64676),(894,64677),(895,64678),(895,64679),(895,64680),(895,64681),(896,64682),(896,64683),(896,64684),(896,64685),(897,64671),(897,64672),(897,64673),(898,64686),(898,64687),(898,64688),(898,64689),(899,64690),(899,64691),(899,64692),(899,64693),(900,64694),(900,64695),(900,64696),(900,64697),(902,64702),(902,64703),(902,64704),(903,64709),(903,64710),(903,64711),(903,64712),(904,64705),(904,64706),(904,64707),(904,64708),(905,64713),(905,64714),(905,64715),(905,64716),(906,64717),(906,64718),(906,64719),(906,64720),(908,64725),(908,64726),(908,64727),(908,64728),(909,64729),(909,64730),(909,64731),(909,64732),(910,64737),(910,64738),(910,64739),(910,64740),(911,64733),(911,64734),(911,64735),(911,64736),(913,64750),(914,64751),(914,64752),(915,64757),(915,64758),(915,64759),(916,64763),(916,64764),(916,64765),(917,64766),(917,64767),(917,64768),(918,64769),(918,64770),(918,64771),(918,64772),(919,64773),(919,64774),(919,64775),(919,64776),(920,64777),(920,64778),(920,64779),(920,64780),(921,64781),(921,64782),(921,64783),(921,64784),(922,64760),(922,64761),(922,64762),(923,64785),(923,64786),(923,64787),(923,64788),(924,64793),(924,64794),(924,64795),(924,64796),(925,64797),(925,64798),(925,64799),(925,64800),(926,64805),(926,64806),(926,64807),(926,64808),(927,64801),(927,64802),(927,64803),(927,64804),(928,64809),(928,64810),(928,64811),(928,64812),(929,64753),(929,64754),(929,64755),(929,64756),(930,64813),(930,64814),(930,64815),(930,64816),(931,64821),(931,64822),(931,64823),(931,64824),(932,64829),(932,64830),(932,64831),(932,64832),(933,64833),(933,64834),(933,64835),(933,64836),(934,64837),(934,64838),(934,64839),(934,64840),(935,64825),(935,64826),(935,64827),(935,64828),(936,64841),(936,64842),(936,64843),(936,64844),(937,64845),(937,64846),(937,64847),(937,64848),(938,64849),(938,64850),(938,64851),(938,64852),(939,64817),(939,64818),(939,64819),(939,64820),(940,64853),(940,64854),(940,64855),(940,64856),(941,64861),(941,64862),(941,64863),(941,64864),(942,64865),(942,64866),(942,64867),(942,64868),(943,64869),(943,64870),(943,64871),(943,64872),(944,64857),(944,64858),(944,64859),(944,64860),(945,64873),(945,64874),(945,64875),(945,64876),(946,64877),(946,64878),(946,64879),(946,64880),(947,64881),(947,64882),(947,64883),(947,64884),(949,64886),(950,64887),(950,64888),(951,64896),(951,64897),(951,64898),(952,64902),(952,64903),(952,64904),(953,64905),(953,64906),(953,64907),(954,64912),(954,64913),(954,64914),(955,64915),(955,64916),(955,64917),(955,64918),(956,64919),(956,64920),(956,64921),(956,64922),(957,64923),(957,64924),(957,64925),(957,64926),(958,64899),(958,64900),(958,64901),(959,64927),(959,64928),(959,64929),(959,64930),(960,64931),(960,64932),(960,64933),(960,64934),(961,64935),(961,64936),(961,64937),(961,64938),(962,64939),(962,64940),(962,64941),(962,64942),(963,64889),(963,64890),(963,64891),(963,64892),(964,64943),(964,64944),(964,64945),(964,64946),(965,64947),(965,64948),(965,64949),(965,64950),(966,64951),(966,64952),(966,64953),(966,64954),(967,64955),(967,64956),(967,64957),(967,64958),(968,64962),(968,64963),(968,64964),(968,64965),(969,64959),(969,64960),(969,64961),(970,64966),(970,64967),(970,64968),(970,64969),(971,64893),(971,64894),(971,64895),(972,64970),(972,64971),(972,64972),(972,64973),(973,64974),(973,64975),(973,64976),(973,64977),(974,64981),(974,64982),(974,64983),(974,64984),(975,64985),(975,64986),(975,64987),(975,64988),(976,64989),(976,64990),(976,64991),(976,64992),(977,64978),(977,64979),(977,64980),(978,64993),(978,64994),(978,64995),(978,64996),(979,64997),(979,64998),(979,64999),(979,65000),(980,65001),(980,65002),(980,65003),(980,65004),(982,65009),(982,65010),(982,65011),(983,65016),(983,65017),(983,65018),(983,65019),(984,65020),(984,65021),(984,65022),(984,65023),(985,65024),(985,65025),(985,65026),(985,65027),(986,65012),(986,65013),(986,65014),(986,65015),(987,65028),(987,65029),(987,65030),(987,65031),(988,65032),(988,65033),(988,65034),(988,65035),(990,65040),(990,65041),(990,65042),(990,65043),(991,65044),(991,65045),(991,65046),(991,65047),(992,65052),(992,65053),(992,65054),(992,65055),(993,65048),(993,65049),(993,65050),(993,65051),(995,65060),(995,65061),(995,65062),(995,65063),(997,65073),(998,65074),(998,65075),(998,65076),(999,65085),(999,65086),(999,65087),(1000,65088),(1000,65089),(1000,65090),(1000,65091),(1001,65092),(1001,65093),(1001,65094),(1002,65095),(1002,65096),(1002,65097),(1002,65098),(1003,65099),(1003,65100),(1003,65101),(1003,65102),(1004,65103),(1004,65104),(1004,65105),(1004,65106),(1005,65107),(1005,65108),(1005,65109),(1005,65110),(1006,65077),(1006,65078),(1006,65079),(1006,65080),(1007,65111),(1007,65112),(1007,65113),(1007,65114),(1008,65118),(1008,65119),(1008,65120),(1008,65121),(1009,65122),(1009,65123),(1009,65124),(1009,65125),(1010,65126),(1010,65127),(1010,65128),(1010,65129),(1011,65130),(1011,65131),(1011,65132),(1011,65133),(1012,65115),(1012,65116),(1012,65117),(1013,65134),(1013,65135),(1013,65136),(1013,65137),(1014,65145),(1014,65146),(1014,65147),(1014,65148),(1015,65149),(1015,65150),(1015,65151),(1015,65152),(1016,65153),(1016,65154),(1016,65155),(1016,65156),(1017,65142),(1017,65143),(1017,65144),(1018,65157),(1018,65158),(1018,65159),(1018,65160),(1019,65161),(1019,65162),(1019,65163),(1019,65164),(1020,65081),(1020,65082),(1020,65083),(1020,65084),(1021,65165),(1021,65166),(1021,65167),(1021,65168),(1022,65172),(1022,65173),(1022,65174),(1022,65175),(1023,65176),(1023,65177),(1023,65178),(1023,65179),(1024,65180),(1024,65181),(1024,65182),(1024,65183),(1025,65184),(1025,65185),(1025,65186),(1025,65187),(1026,65169),(1026,65170),(1026,65171),(1027,65188),(1027,65189),(1027,65190),(1027,65191),(1028,65192),(1028,65193),(1028,65194),(1028,65195),(1029,65196),(1029,65197),(1029,65198),(1029,65199),(1031,65201),(1032,65202),(1032,65203),(1033,65210),(1033,65211),(1033,65212),(1034,65213),(1034,65214),(1034,65215),(1035,65220),(1035,65221),(1035,65222),(1036,65223),(1036,65224),(1036,65225),(1037,65226),(1037,65227),(1037,65228),(1037,65229),(1038,65216),(1038,65217),(1038,65218),(1038,65219),(1039,65230),(1039,65231),(1039,65232),(1039,65233),(1040,65234),(1040,65235),(1040,65236),(1040,65237),(1041,65238),(1041,65239),(1041,65240),(1041,65241),(1042,65242),(1042,65243),(1042,65244),(1042,65245),(1043,65204),(1043,65205),(1043,65206),(1044,65246),(1044,65247),(1044,65248),(1044,65249),(1045,65253),(1045,65254),(1045,65255),(1045,65256),(1046,65257),(1046,65258),(1046,65259),(1046,65260),(1047,65261),(1047,65262),(1047,65263),(1047,65264),(1048,65265),(1048,65266),(1048,65267),(1048,65268),(1049,65250),(1049,65251),(1049,65252),(1050,65269),(1050,65270),(1050,65271),(1050,65272),(1051,65277),(1051,65278),(1051,65279),(1051,65280),(1052,65281),(1052,65282),(1052,65283),(1052,65284),(1053,65288),(1053,65289),(1053,65290),(1053,65291),(1054,65285),(1054,65286),(1054,65287),(1055,65292),(1055,65293),(1055,65294),(1055,65295),(1056,65207),(1056,65208),(1056,65209),(1057,65296),(1057,65297),(1057,65298),(1057,65299),(1058,65300),(1058,65301),(1058,65302),(1058,65303),(1059,65304),(1059,65305),(1059,65306),(1059,65307),(1060,65308),(1060,65309),(1060,65310),(1060,65311),(1061,65312),(1061,65313),(1061,65314),(1061,65315),(1063,65320),(1063,65321),(1063,65322),(1064,65331),(1064,65332),(1064,65333),(1064,65334),(1065,65323),(1065,65324),(1065,65325),(1065,65326),(1066,65335),(1066,65336),(1066,65337),(1066,65338),(1067,65339),(1067,65340),(1067,65341),(1067,65342),(1068,65327),(1068,65328),(1068,65329),(1068,65330),(1069,65343),(1069,65344),(1069,65345),(1069,65346),(1071,65351),(1071,65352),(1071,65353),(1071,65354),(1072,65355),(1072,65356),(1072,65357),(1072,65358),(1073,65363),(1073,65364),(1073,65365),(1073,65366),(1074,65359),(1074,65360),(1074,65361),(1074,65362),(1076,65376),(1077,65377),(1077,65378),(1077,65379),(1078,65387),(1078,65388),(1078,65389),(1079,65390),(1079,65391),(1079,65392),(1079,65393),(1080,65394),(1080,65395),(1080,65396),(1081,65397),(1081,65398),(1081,65399),(1081,65400),(1082,65401),(1082,65402),(1082,65403),(1082,65404),(1083,65405),(1083,65406),(1083,65407),(1083,65408),(1084,65409),(1084,65410),(1084,65411),(1084,65412),(1085,65380),(1085,65381),(1085,65382),(1086,65413),(1086,65414),(1086,65415),(1086,65416),(1087,65420),(1087,65421),(1087,65422),(1087,65423),(1088,65428),(1088,65429),(1088,65430),(1089,65431),(1089,65432),(1089,65433),(1089,65434),(1090,65439),(1090,65440),(1090,65441),(1090,65442),(1091,65435),(1091,65436),(1091,65437),(1091,65438),(1092,65443),(1092,65444),(1092,65445),(1092,65446),(1093,65417),(1093,65418),(1093,65419),(1094,65447),(1094,65448),(1094,65449),(1094,65450),(1095,65455),(1095,65456),(1095,65457),(1095,65458),(1096,65451),(1096,65452),(1096,65453),(1096,65454),(1097,65459),(1097,65460),(1097,65461),(1097,65462),(1098,65463),(1098,65464),(1098,65465),(1098,65466),(1099,65383),(1099,65384),(1099,65385),(1099,65386),(1100,65467),(1100,65468),(1100,65469),(1100,65470),(1101,65475),(1101,65476),(1101,65477),(1101,65478),(1102,65471),(1102,65472),(1102,65473),(1102,65474),(1103,65482),(1103,65483),(1103,65484),(1103,65485),(1104,65486),(1104,65487),(1104,65488),(1104,65489),(1105,65479),(1105,65480),(1105,65481),(1106,65490),(1106,65491),(1106,65492),(1106,65493),(1107,65494),(1107,65495),(1107,65496),(1107,65497),(1108,65498),(1108,65499),(1108,65500),(1108,65501),(1110,65503),(1111,65504),(1111,65505),(1112,65512),(1112,65513),(1112,65514),(1113,65515),(1113,65516),(1113,65517),(1114,65522),(1114,65523),(1114,65524),(1115,65525),(1115,65526),(1115,65527),(1116,65528),(1116,65529),(1116,65530),(1116,65531),(1117,65532),(1117,65533),(1117,65534),(1117,65535),(1118,65536),(1118,65537),(1118,65538),(1118,65539),(1119,65518),(1119,65519),(1119,65520),(1119,65521),(1120,65540),(1120,65541),(1120,65542),(1120,65543),(1121,65548),(1121,65549),(1121,65550),(1121,65551),(1122,65552),(1122,65553),(1122,65554),(1122,65555),(1123,65556),(1123,65557),(1123,65558),(1123,65559),(1124,65506),(1124,65507),(1124,65508),(1125,65560),(1125,65561),(1125,65562),(1125,65563),(1126,65567),(1126,65568),(1126,65569),(1126,65570),(1127,65571),(1127,65572),(1127,65573),(1127,65574),(1128,65575),(1128,65576),(1128,65577),(1128,65578),(1129,65579),(1129,65580),(1129,65581),(1129,65582),(1130,65564),(1130,65565),(1130,65566),(1131,65583),(1131,65584),(1131,65585),(1131,65586),(1132,65587),(1132,65588),(1132,65589),(1132,65590),(1133,65591),(1133,65592),(1133,65593),(1133,65594),(1134,65595),(1134,65596),(1134,65597),(1134,65598),(1135,65509),(1135,65510),(1135,65511),(1136,65599),(1136,65600),(1136,65601),(1136,65602),(1137,65603),(1137,65604),(1137,65605),(1137,65606),(1138,65607),(1138,65608),(1138,65609),(1138,65610),(1139,65611),(1139,65612),(1139,65613),(1139,65614),(1141,65619),(1141,65620),(1141,65621),(1142,65622),(1142,65623),(1142,65624),(1142,65625),(1144,65630),(1144,65631),(1144,65632),(1144,65633),(1145,65634),(1145,65635),(1145,65636),(1145,65637),(1146,65642),(1146,65643),(1146,65644),(1146,65645),(1147,65638),(1147,65639),(1147,65640),(1147,65641),(1149,65650),(1149,65651),(1149,65652),(1149,65653),(1151,61576),(1151,61577),(1151,61578),(1151,61579),(1153,61889),(1153,61890),(1153,61891),(1153,61892),(1155,62247),(1155,62248),(1155,62249),(1155,62250),(1157,62565),(1157,62566),(1157,62567),(1157,62568),(1159,62888),(1159,62889),(1159,62890),(1159,62891),(1161,63212),(1161,63213),(1161,63214),(1161,63215),(1163,63534),(1163,63535),(1163,63536),(1163,63537),(1165,63838),(1165,63839),(1165,63840),(1165,63841),(1167,64145),(1167,64146),(1167,64147),(1167,64148),(1169,64434),(1169,64435),(1169,64436),(1169,64437),(1171,64745),(1171,64746),(1171,64747),(1171,64748),(1173,65068),(1173,65069),(1173,65070),(1173,65071),(1175,65371),(1175,65372),(1175,65373),(1175,65374),(1177,65658),(1177,65659),(1177,65660),(1177,65661),(1179,65666),(1179,65667),(1179,65668),(1179,65669),(1181,61584),(1181,61585),(1181,61586),(1181,61587);
/*!40000 ALTER TABLE `weapon_crafting_info_upgrade_material_costs` ENABLE KEYS */;
UNLOCK TABLES;

--
-- Table structure for table `weapon_elements`
--

DROP TABLE IF EXISTS `weapon_elements`;
/*!40101 SET @saved_cs_client     = @@character_set_client */;
/*!40101 SET character_set_client = utf8 */;
CREATE TABLE `weapon_elements` (
  `id` int(10) unsigned NOT NULL AUTO_INCREMENT,
  `weapon_id` int(10) unsigned NOT NULL,
  `type` varchar(16) COLLATE utf8mb4_unicode_ci NOT NULL,
  `damage` smallint(5) unsigned NOT NULL,
  `hidden` tinyint(1) NOT NULL,
  PRIMARY KEY (`id`),
  UNIQUE KEY `element_idx` (`weapon_id`,`type`),
  KEY `IDX_355EB59495B82273` (`weapon_id`),
  CONSTRAINT `FK_355EB59495B82273` FOREIGN KEY (`weapon_id`) REFERENCES `weapons` (`id`)
) ENGINE=InnoDB AUTO_INCREMENT=1610 DEFAULT CHARSET=utf8mb4 COLLATE=utf8mb4_unicode_ci;
/*!40101 SET character_set_client = @saved_cs_client */;

--
-- Dumping data for table `weapon_elements`
--

LOCK TABLES `weapon_elements` WRITE;
/*!40000 ALTER TABLE `weapon_elements` DISABLE KEYS */;
INSERT INTO `weapon_elements` VALUES (805,33,'poison',240,0),(806,11,'thunder',120,0),(807,6,'poison',240,1),(808,7,'poison',330,1),(809,8,'poison',420,1),(810,9,'dragon',120,0),(811,10,'dragon',150,0),(812,12,'thunder',150,0),(813,16,'ice',240,0),(814,13,'thunder',180,0),(815,14,'thunder',210,0),(816,15,'thunder',240,0),(817,17,'ice',270,0),(818,18,'ice',330,0),(819,19,'ice',390,0),(820,26,'paralysis',210,0),(821,23,'ice',210,1),(822,24,'ice',240,1),(823,25,'ice',300,1),(824,27,'paralysis',240,0),(825,28,'paralysis',270,0),(826,29,'paralysis',360,0),(827,31,'fire',270,0),(828,30,'paralysis',450,0),(829,32,'fire',330,0),(830,34,'poison',300,0),(831,39,'fire',120,0),(832,35,'poison',360,0),(833,36,'poison',420,0),(834,37,'poison',480,0),(835,38,'poison',540,0),(836,40,'fire',150,0),(837,41,'fire',180,0),(838,42,'fire',210,0),(839,43,'fire',240,0),(840,57,'water',120,0),(841,54,'fire',240,0),(842,49,'ice',180,1),(843,50,'ice',240,1),(844,51,'ice',300,1),(845,52,'dragon',300,0),(846,53,'dragon',300,0),(847,55,'fire',300,0),(848,56,'fire',360,0),(849,58,'water',150,0),(850,59,'water',180,0),(851,60,'water',240,0),(852,61,'water',270,0),(853,62,'water',300,0),(854,69,'sleep',150,0),(855,66,'paralysis',270,1),(856,67,'paralysis',330,1),(857,68,'paralysis',390,1),(858,70,'sleep',180,0),(859,71,'sleep',210,0),(860,72,'sleep',240,0),(861,73,'sleep',270,0),(862,74,'dragon',270,0),(863,75,'dragon',330,0),(864,77,'thunder',390,0),(865,80,'blast',330,0),(866,76,'dragon',420,0),(867,78,'thunder',480,0),(868,79,'thunder',540,0),(869,81,'blast',420,0),(870,82,'dragon',90,0),(871,83,'dragon',120,0),(872,84,'ice',210,0),(873,86,'dragon',210,0),(874,85,'ice',270,0),(875,87,'blast',240,1),(876,88,'blast',330,1),(877,1150,'dragon',180,0),(878,1151,'dragon',240,0),(879,1181,'fire',240,1),(880,94,'water',120,1),(881,95,'water',150,1),(882,96,'water',180,1),(883,97,'dragon',90,0),(884,98,'dragon',120,0),(885,101,'thunder',240,1),(886,102,'thunder',300,1),(887,103,'thunder',360,1),(888,112,'poison',240,0),(889,107,'sleep',210,1),(890,108,'sleep',240,1),(891,110,'fire',90,0),(892,109,'sleep',270,1),(893,111,'fire',120,0),(894,113,'poison',270,0),(895,115,'fire',150,0),(896,114,'poison',330,0),(897,116,'fire',180,0),(898,117,'fire',210,0),(899,118,'fire',240,0),(900,134,'water',150,0),(901,142,'thunder',120,0),(902,129,'fire',150,0),(903,124,'sleep',210,1),(904,125,'sleep',240,1),(905,126,'sleep',270,1),(906,127,'blast',150,0),(907,128,'blast',210,0),(908,130,'fire',210,0),(909,131,'fire',270,0),(910,132,'fire',330,0),(911,133,'fire',390,0),(912,135,'water',180,0),(913,136,'water',210,0),(914,137,'water',240,0),(915,138,'water',300,0),(916,139,'water',360,0),(917,140,'dragon',210,0),(918,141,'dragon',270,0),(919,143,'thunder',150,0),(920,144,'thunder',180,0),(921,148,'ice',210,0),(922,145,'thunder',210,0),(923,146,'thunder',240,0),(924,147,'thunder',270,0),(925,149,'ice',240,0),(926,150,'ice',300,0),(927,151,'ice',360,0),(928,154,'paralysis',180,1),(929,155,'paralysis',210,1),(930,156,'paralysis',240,1),(931,157,'dragon',270,0),(932,158,'dragon',330,0),(933,160,'blast',300,0),(934,159,'dragon',420,0),(935,161,'blast',360,0),(936,162,'dragon',120,0),(937,163,'dragon',150,0),(938,164,'blast',300,0),(939,166,'dragon',180,0),(940,165,'blast',300,0),(941,167,'dragon',120,1),(942,168,'dragon',150,1),(943,1152,'dragon',150,0),(944,1153,'dragon',210,0),(945,169,'water',120,0),(946,187,'water',90,0),(947,206,'poison',210,0),(948,180,'fire',120,0),(949,175,'sleep',120,1),(950,176,'sleep',150,1),(951,177,'sleep',240,1),(952,178,'dragon',120,0),(953,179,'dragon',150,0),(954,181,'fire',120,0),(955,182,'fire',150,0),(956,183,'fire',180,0),(957,185,'thunder',270,1),(958,186,'thunder',330,1),(959,188,'water',120,0),(960,197,'poison',150,0),(961,189,'water',150,0),(962,193,'ice',210,0),(963,190,'water',180,0),(964,191,'water',210,0),(965,192,'water',240,0),(966,194,'ice',240,0),(967,195,'ice',300,0),(968,196,'ice',330,0),(969,198,'poison',180,0),(970,199,'poison',210,0),(971,200,'poison',240,0),(972,203,'blast',270,1),(973,204,'blast',300,1),(974,205,'blast',330,1),(975,207,'poison',240,0),(976,212,'paralysis',120,0),(977,208,'poison',270,0),(978,209,'poison',330,0),(979,210,'poison',360,0),(980,211,'poison',390,0),(981,213,'paralysis',150,0),(982,214,'paralysis',180,0),(983,215,'paralysis',210,0),(984,216,'paralysis',240,0),(985,225,'sleep',120,0),(986,222,'paralysis',180,1),(987,223,'paralysis',240,1),(988,224,'paralysis',300,1),(989,226,'sleep',120,0),(990,227,'sleep',150,0),(991,228,'sleep',180,0),(992,229,'sleep',210,0),(993,236,'thunder',90,0),(994,233,'water',300,1),(995,234,'water',330,1),(996,235,'water',360,1),(997,237,'thunder',120,0),(998,238,'thunder',150,0),(999,239,'thunder',180,0),(1000,240,'thunder',210,0),(1001,247,'fire',150,0),(1002,244,'paralysis',120,1),(1003,245,'paralysis',150,1),(1004,246,'paralysis',180,1),(1005,248,'fire',180,0),(1006,249,'fire',210,0),(1007,250,'fire',240,0),(1008,251,'dragon',270,0),(1009,252,'dragon',330,0),(1010,254,'thunder',270,0),(1011,253,'dragon',450,0),(1012,255,'thunder',300,0),(1013,256,'thunder',360,0),(1014,257,'dragon',120,0),(1015,258,'dragon',150,0),(1016,259,'blast',210,0),(1017,261,'dragon',270,0),(1018,260,'blast',240,0),(1019,1154,'dragon',150,0),(1020,1155,'dragon',210,0),(1021,267,'poison',210,1),(1022,268,'poison',240,1),(1023,269,'poison',270,1),(1024,270,'dragon',90,0),(1025,271,'dragon',120,0),(1026,279,'ice',60,0),(1027,274,'thunder',120,1),(1028,275,'thunder',150,1),(1029,277,'blast',120,0),(1030,276,'thunder',210,1),(1031,278,'blast',150,0),(1032,280,'ice',60,0),(1033,281,'ice',120,0),(1034,282,'ice',150,0),(1035,289,'water',90,0),(1036,286,'sleep',90,1),(1037,287,'sleep',90,1),(1038,288,'sleep',120,1),(1039,290,'water',90,0),(1040,291,'water',120,0),(1041,309,'water',90,0),(1042,322,'thunder',60,0),(1043,300,'fire',90,0),(1044,297,'blast',120,1),(1045,298,'blast',150,1),(1046,299,'blast',180,1),(1047,301,'fire',120,0),(1048,302,'fire',150,0),(1049,303,'fire',180,0),(1050,304,'fire',210,0),(1051,306,'ice',90,1),(1052,307,'ice',90,1),(1053,308,'ice',90,1),(1054,310,'water',90,0),(1055,311,'water',120,0),(1056,312,'water',150,0),(1057,313,'water',180,0),(1058,315,'fire',120,0),(1059,314,'water',210,0),(1060,316,'fire',150,0),(1061,319,'paralysis',90,1),(1062,320,'paralysis',90,1),(1063,321,'paralysis',90,1),(1064,323,'thunder',60,0),(1065,324,'thunder',60,0),(1066,325,'thunder',90,0),(1067,326,'thunder',120,0),(1068,327,'thunder',150,0),(1069,329,'fire',180,1),(1070,330,'fire',180,1),(1071,331,'fire',180,1),(1072,332,'dragon',120,0),(1073,333,'dragon',120,0),(1074,335,'thunder',210,0),(1075,338,'blast',180,0),(1076,334,'dragon',270,0),(1077,336,'thunder',240,0),(1078,337,'thunder',270,0),(1079,339,'blast',210,0),(1080,340,'dragon',90,0),(1081,341,'dragon',120,0),(1082,342,'ice',210,0),(1083,342,'blast',210,0),(1084,344,'dragon',150,0),(1085,343,'ice',240,0),(1086,343,'blast',240,0),(1087,1156,'dragon',120,0),(1088,1157,'dragon',180,0),(1089,355,'ice',270,0),(1090,358,'water',90,0),(1091,369,'poison',300,0),(1092,350,'blast',210,1),(1093,351,'blast',240,1),(1094,352,'blast',270,1),(1095,353,'dragon',90,0),(1096,354,'dragon',120,0),(1097,356,'ice',390,0),(1098,357,'ice',450,0),(1099,359,'water',120,0),(1100,364,'paralysis',210,0),(1101,360,'water',150,0),(1102,361,'water',180,0),(1103,362,'water',210,0),(1104,363,'water',240,0),(1105,365,'paralysis',270,0),(1106,366,'paralysis',330,0),(1107,367,'paralysis',360,0),(1108,368,'paralysis',390,0),(1109,370,'poison',360,0),(1110,374,'thunder',180,0),(1111,371,'poison',420,0),(1112,372,'poison',480,0),(1113,373,'poison',540,0),(1114,375,'thunder',210,0),(1115,376,'thunder',832,0),(1116,377,'thunder',270,0),(1117,378,'thunder',300,0),(1118,389,'sleep',150,0),(1119,384,'thunder',360,1),(1120,385,'thunder',390,1),(1121,387,'dragon',210,0),(1122,386,'thunder',420,1),(1123,388,'dragon',270,0),(1124,390,'sleep',180,0),(1125,391,'sleep',210,0),(1126,394,'fire',120,0),(1127,392,'sleep',240,0),(1128,393,'sleep',270,0),(1129,395,'fire',120,0),(1130,399,'sleep',240,1),(1131,400,'sleep',300,1),(1132,401,'sleep',360,1),(1133,403,'ice',120,1),(1134,404,'ice',150,1),(1135,405,'ice',150,1),(1136,412,'fire',210,0),(1137,409,'paralysis',270,1),(1138,410,'paralysis',330,1),(1139,411,'paralysis',390,1),(1140,413,'fire',270,0),(1141,414,'fire',330,0),(1142,415,'fire',360,0),(1143,416,'fire',390,0),(1144,417,'dragon',300,0),(1145,418,'dragon',360,0),(1146,420,'blast',330,0),(1147,419,'dragon',420,0),(1148,421,'blast',420,0),(1149,422,'dragon',120,0),(1150,423,'dragon',150,0),(1151,424,'ice',120,0),(1152,426,'dragon',180,0),(1153,425,'ice',150,0),(1154,427,'paralysis',180,0),(1155,428,'paralysis',210,0),(1156,1158,'dragon',150,0),(1157,1159,'dragon',210,0),(1158,454,'water',120,0),(1159,439,'thunder',120,0),(1160,434,'paralysis',210,1),(1161,435,'paralysis',240,1),(1162,436,'paralysis',270,1),(1163,437,'dragon',120,0),(1164,438,'dragon',150,0),(1165,440,'thunder',150,0),(1166,441,'thunder',180,0),(1167,442,'thunder',210,0),(1168,443,'thunder',240,0),(1169,450,'fire',150,0),(1170,447,'sleep',240,1),(1171,448,'sleep',300,1),(1172,449,'sleep',360,1),(1173,451,'fire',180,0),(1174,452,'fire',210,0),(1175,453,'fire',240,0),(1176,455,'water',150,0),(1177,456,'water',180,0),(1178,460,'ice',240,0),(1179,457,'water',210,0),(1180,458,'water',240,0),(1181,459,'water',270,0),(1182,461,'ice',300,0),(1183,462,'ice',330,0),(1184,463,'ice',360,0),(1185,479,'poison',240,0),(1186,492,'paralysis',120,0),(1187,474,'fire',210,0),(1188,469,'ice',180,1),(1189,470,'ice',210,1),(1190,472,'blast',120,0),(1191,471,'ice',240,1),(1192,473,'blast',150,0),(1193,475,'fire',240,0),(1194,476,'fire',270,0),(1195,477,'fire',330,0),(1196,478,'fire',450,0),(1197,480,'poison',300,0),(1198,481,'poison',360,0),(1199,482,'poison',420,0),(1200,483,'poison',480,0),(1201,484,'poison',540,0),(1202,487,'water',420,0),(1203,488,'water',480,0),(1204,490,'blast',180,0),(1205,489,'water',570,0),(1206,491,'blast',210,0),(1207,493,'paralysis',150,0),(1208,498,'sleep',150,0),(1209,494,'paralysis',180,0),(1210,495,'paralysis',240,0),(1211,496,'paralysis',270,0),(1212,497,'paralysis',300,0),(1213,499,'sleep',180,0),(1214,500,'sleep',210,0),(1215,501,'sleep',240,0),(1216,502,'sleep',270,0),(1217,503,'dragon',300,0),(1218,504,'dragon',360,0),(1219,506,'thunder',390,0),(1220,505,'dragon',420,0),(1221,507,'thunder',480,0),(1222,508,'thunder',540,0),(1223,509,'dragon',120,0),(1224,510,'dragon',150,0),(1225,511,'blast',330,0),(1226,513,'dragon',180,0),(1227,512,'blast',390,0),(1228,1160,'dragon',180,0),(1229,1161,'dragon',240,0),(1230,541,'poison',240,0),(1231,524,'ice',270,0),(1232,519,'paralysis',210,1),(1233,520,'paralysis',240,1),(1234,521,'paralysis',270,1),(1235,522,'dragon',120,0),(1236,523,'dragon',150,0),(1237,525,'ice',300,0),(1238,526,'ice',330,0),(1239,527,'ice',360,0),(1240,536,'thunder',120,0),(1241,531,'sleep',300,1),(1242,532,'sleep',330,1),(1243,534,'blast',180,0),(1244,533,'sleep',360,1),(1245,535,'blast',210,0),(1246,537,'thunder',150,0),(1247,538,'thunder',180,0),(1248,539,'thunder',210,0),(1249,540,'thunder',240,0),(1250,542,'poison',300,0),(1251,543,'poison',360,0),(1252,547,'fire',180,0),(1253,544,'poison',420,0),(1254,545,'poison',480,0),(1255,546,'poison',540,0),(1256,548,'fire',210,0),(1257,549,'fire',240,0),(1258,550,'fire',210,0),(1259,551,'fire',300,0),(1260,557,'poison',180,1),(1261,558,'poison',210,1),(1262,559,'poison',240,1),(1263,560,'dragon',240,0),(1264,561,'dragon',270,0),(1265,564,'blast',180,1),(1266,565,'blast',210,1),(1267,566,'blast',240,1),(1268,577,'water',150,0),(1269,570,'paralysis',300,1),(1270,571,'paralysis',330,1),(1271,572,'paralysis',390,1),(1272,574,'fire',150,1),(1273,575,'fire',180,1),(1274,576,'fire',210,1),(1275,578,'water',180,0),(1276,579,'water',210,0),(1277,580,'water',240,0),(1278,581,'water',270,0),(1279,582,'water',300,0),(1280,583,'dragon',300,0),(1281,584,'dragon',360,0),(1282,588,'thunder',420,0),(1283,585,'dragon',420,0),(1284,586,'blast',180,0),(1285,587,'blast',210,0),(1286,589,'thunder',480,0),(1287,590,'thunder',540,0),(1288,591,'dragon',120,0),(1289,592,'dragon',150,0),(1290,593,'ice',210,0),(1291,595,'dragon',180,0),(1292,594,'ice',240,0),(1293,596,'fire',270,1),(1294,597,'fire',330,1),(1295,1162,'dragon',150,0),(1296,1163,'dragon',210,0),(1297,608,'thunder',120,0),(1298,623,'water',210,0),(1299,604,'blast',240,1),(1300,605,'blast',270,1),(1301,606,'dragon',120,0),(1302,607,'dragon',150,0),(1303,609,'thunder',150,0),(1304,619,'poison',240,0),(1305,610,'thunder',180,0),(1306,614,'fire',120,0),(1307,611,'thunder',210,0),(1308,612,'thunder',240,0),(1309,613,'thunder',270,0),(1310,615,'fire',150,0),(1311,616,'fire',180,0),(1312,617,'fire',210,0),(1313,618,'fire',240,0),(1314,620,'poison',270,0),(1315,621,'poison',300,0),(1316,622,'poison',330,0),(1317,624,'water',240,0),(1318,625,'water',270,0),(1319,629,'ice',180,0),(1320,626,'water',300,0),(1321,627,'water',330,0),(1322,628,'water',360,0),(1323,630,'ice',240,0),(1324,631,'ice',300,0),(1325,632,'ice',360,0),(1326,638,'thunder',210,1),(1327,639,'thunder',240,1),(1328,641,'blast',180,0),(1329,640,'thunder',270,1),(1330,642,'blast',210,0),(1331,649,'paralysis',210,0),(1332,646,'sleep',240,1),(1333,647,'sleep',270,1),(1334,648,'sleep',300,1),(1335,650,'paralysis',270,0),(1336,651,'paralysis',330,0),(1337,652,'paralysis',390,0),(1338,653,'paralysis',450,0),(1339,654,'dragon',240,0),(1340,655,'dragon',270,0),(1341,662,'fire',210,0),(1342,659,'paralysis',270,1),(1343,660,'paralysis',330,1),(1344,661,'paralysis',390,1),(1345,663,'fire',240,0),(1346,664,'fire',270,0),(1347,665,'fire',330,0),(1348,666,'fire',450,0),(1349,667,'dragon',360,0),(1350,668,'dragon',390,0),(1351,670,'blast',330,0),(1352,669,'dragon',420,0),(1353,671,'blast',420,0),(1354,672,'dragon',120,0),(1355,673,'dragon',150,0),(1356,674,'ice',210,0),(1357,676,'dragon',180,0),(1358,675,'ice',240,0),(1359,1164,'dragon',180,0),(1360,1165,'dragon',240,0),(1361,691,'thunder',90,0),(1362,687,'ice',210,0),(1363,682,'poison',300,1),(1364,683,'poison',360,1),(1365,684,'poison',420,1),(1366,685,'dragon',120,0),(1367,686,'dragon',150,0),(1368,688,'ice',240,0),(1369,689,'ice',270,0),(1370,690,'ice',300,0),(1371,692,'thunder',90,0),(1372,693,'thunder',120,0),(1373,694,'thunder',150,0),(1374,696,'fire',120,0),(1375,695,'thunder',180,0),(1376,697,'fire',120,0),(1377,706,'fire',120,0),(1378,701,'sleep',180,1),(1379,702,'sleep',210,1),(1380,704,'blast',150,0),(1381,703,'sleep',240,1),(1382,705,'blast',180,0),(1383,707,'fire',120,0),(1384,708,'fire',150,0),(1385,709,'fire',150,0),(1386,720,'water',150,0),(1387,718,'dragon',180,0),(1388,719,'dragon',210,0),(1389,721,'water',180,0),(1390,722,'water',210,0),(1391,723,'water',240,0),(1392,724,'water',270,0),(1393,725,'water',300,0),(1394,728,'blast',360,1),(1395,729,'blast',390,1),(1396,730,'blast',420,1),(1397,742,'fire',180,0),(1398,734,'paralysis',240,1),(1399,735,'paralysis',270,1),(1400,736,'paralysis',300,1),(1401,738,'ice',90,1),(1402,739,'ice',120,1),(1403,740,'ice',150,1),(1404,741,'ice',180,1),(1405,743,'fire',240,0),(1406,744,'fire',300,0),(1407,745,'dragon',210,0),(1408,746,'dragon',270,0),(1409,748,'thunder',360,0),(1410,747,'dragon',330,0),(1411,749,'thunder',390,0),(1412,750,'thunder',420,0),(1413,751,'dragon',120,0),(1414,752,'dragon',150,0),(1415,753,'blast',300,0),(1416,755,'dragon',150,0),(1417,754,'blast',300,0),(1418,1166,'dragon',120,0),(1419,1167,'dragon',180,0),(1420,770,'water',120,0),(1421,766,'fire',150,0),(1422,761,'thunder',120,1),(1423,762,'thunder',150,1),(1424,763,'thunder',270,1),(1425,764,'dragon',120,0),(1426,765,'dragon',150,0),(1427,767,'fire',180,0),(1428,768,'fire',210,0),(1429,769,'fire',240,0),(1430,771,'water',150,0),(1431,780,'poison',240,0),(1432,772,'water',180,0),(1433,776,'ice',150,0),(1434,773,'water',210,0),(1435,774,'water',240,0),(1436,775,'water',270,0),(1437,777,'ice',180,0),(1438,778,'ice',210,0),(1439,779,'ice',240,0),(1440,781,'poison',270,0),(1441,782,'poison',300,0),(1442,783,'poison',330,0),(1443,811,'thunder',90,0),(1444,789,'blast',180,1),(1445,790,'blast',210,1),(1446,791,'blast',240,1),(1447,793,'ice',90,1),(1448,794,'ice',120,1),(1449,795,'ice',180,1),(1450,804,'paralysis',180,0),(1451,799,'sleep',120,1),(1452,800,'sleep',150,1),(1453,802,'blast',150,0),(1454,801,'sleep',180,1),(1455,803,'blast',180,0),(1456,805,'paralysis',210,0),(1457,806,'paralysis',240,0),(1458,807,'paralysis',270,0),(1459,808,'paralysis',300,0),(1460,809,'dragon',210,0),(1461,810,'dragon',270,0),(1462,812,'thunder',120,0),(1463,813,'thunder',120,0),(1464,814,'thunder',150,0),(1465,815,'thunder',180,0),(1466,816,'thunder',210,0),(1467,818,'fire',120,1),(1468,819,'fire',150,1),(1469,820,'fire',180,1),(1470,821,'dragon',270,0),(1471,822,'dragon',300,0),(1472,824,'blast',180,0),(1473,823,'dragon',360,0),(1474,825,'blast',210,0),(1475,826,'dragon',120,0),(1476,827,'dragon',150,0),(1477,828,'ice',150,0),(1478,830,'dragon',180,0),(1479,829,'ice',180,0),(1480,1168,'dragon',150,0),(1481,1169,'dragon',210,0),(1482,860,'poison',240,0),(1483,841,'fire',90,0),(1484,836,'blast',210,1),(1485,837,'blast',240,1),(1486,838,'blast',270,1),(1487,839,'dragon',120,0),(1488,840,'dragon',150,0),(1489,842,'fire',120,0),(1490,843,'fire',150,0),(1491,844,'fire',180,0),(1492,848,'sleep',150,1),(1493,849,'sleep',180,1),(1494,850,'sleep',210,1),(1495,856,'ice',150,0),(1496,853,'thunder',240,1),(1497,854,'thunder',270,1),(1498,855,'thunder',300,1),(1499,857,'ice',180,0),(1500,858,'ice',210,0),(1501,859,'ice',240,0),(1502,861,'poison',270,0),(1503,862,'poison',300,0),(1504,863,'poison',330,0),(1505,864,'poison',360,0),(1506,866,'blast',120,0),(1507,865,'poison',390,0),(1508,867,'blast',150,0),(1509,881,'water',60,0),(1510,891,'thunder',90,0),(1511,878,'fire',210,0),(1512,873,'paralysis',180,1),(1513,874,'paralysis',210,1),(1514,875,'paralysis',210,1),(1515,876,'dragon',150,0),(1516,877,'dragon',180,0),(1517,879,'fire',240,0),(1518,880,'fire',270,0),(1519,882,'water',90,0),(1520,883,'water',120,0),(1521,884,'water',150,0),(1522,885,'water',180,0),(1523,886,'water',210,0),(1524,888,'ice',120,1),(1525,889,'ice',150,1),(1526,890,'ice',180,1),(1527,892,'thunder',120,0),(1528,893,'thunder',150,0),(1529,894,'thunder',180,0),(1530,895,'thunder',210,0),(1531,896,'thunder',240,0),(1532,898,'fire',90,1),(1533,899,'fire',120,1),(1534,900,'fire',150,1),(1535,901,'dragon',300,0),(1536,902,'dragon',330,0),(1537,904,'thunder',300,0),(1538,903,'dragon',390,0),(1539,905,'thunder',330,0),(1540,906,'thunder',360,0),(1541,907,'dragon',60,0),(1542,908,'dragon',90,0),(1543,909,'ice',150,0),(1544,911,'dragon',120,0),(1545,910,'ice',180,0),(1546,1170,'dragon',150,0),(1547,1171,'dragon',210,0),(1548,1099,'water',90,0),(1549,1080,'thunder',90,1),(1550,1081,'thunder',120,1),(1551,1082,'thunder',150,1),(1552,1083,'dragon',120,0),(1553,1084,'dragon',150,0),(1554,1088,'blast',210,1),(1555,1089,'blast',240,1),(1556,1091,'fire',120,0),(1557,1090,'blast',270,1),(1558,1092,'fire',150,0),(1559,1094,'dragon',180,1),(1560,1096,'fire',150,0),(1561,1095,'dragon',240,1),(1562,1097,'fire',210,0),(1563,1098,'fire',240,0),(1564,1100,'water',120,0),(1565,1102,'water',180,0),(1566,1101,'water',150,0),(1567,1105,'ice',270,0),(1568,1103,'water',210,0),(1569,1104,'water',240,0),(1570,1106,'ice',330,0),(1571,1107,'ice',360,0),(1572,1108,'ice',390,0),(1573,1135,'thunder',150,0),(1574,1114,'water',240,1),(1575,1115,'water',300,1),(1576,1116,'water',360,1),(1577,1117,'dragon',240,0),(1578,1118,'dragon',270,0),(1579,1120,'ice',60,1),(1580,1121,'ice',90,1),(1581,1122,'ice',120,1),(1582,1123,'ice',150,1),(1583,1130,'fire',210,0),(1584,1127,'blast',180,1),(1585,1128,'blast',210,1),(1586,1129,'blast',240,1),(1587,1131,'fire',270,0),(1588,1132,'fire',330,0),(1589,1133,'fire',360,0),(1590,1134,'fire',390,0),(1591,1136,'thunder',180,0),(1592,1137,'thunder',210,0),(1593,1138,'thunder',250,0),(1594,1139,'thunder',270,0),(1595,1140,'dragon',300,0),(1596,1141,'dragon',360,0),(1597,1142,'dragon',420,0),(1598,1143,'dragon',120,0),(1599,1144,'dragon',150,0),(1600,1145,'ice',210,0),(1601,1147,'dragon',180,0),(1602,1146,'ice',240,0),(1603,1148,'blast',120,0),(1604,1149,'blast',150,0),(1605,1176,'dragon',150,0),(1606,1177,'dragon',210,0),(1607,1178,'thunder',180,1),(1608,1179,'thunder',240,1);
/*!40000 ALTER TABLE `weapon_elements` ENABLE KEYS */;
UNLOCK TABLES;

--
-- Table structure for table `weapon_sharpnesses`
--

DROP TABLE IF EXISTS `weapon_sharpnesses`;
/*!40101 SET @saved_cs_client     = @@character_set_client */;
/*!40101 SET character_set_client = utf8 */;
CREATE TABLE `weapon_sharpnesses` (
  `id` int(10) unsigned NOT NULL AUTO_INCREMENT,
  `red` int(10) unsigned NOT NULL,
  `orange` int(10) unsigned NOT NULL,
  `yellow` int(10) unsigned NOT NULL,
  `green` int(10) unsigned NOT NULL,
  `blue` int(10) unsigned NOT NULL,
  `white` int(10) unsigned NOT NULL,
  PRIMARY KEY (`id`)
) ENGINE=InnoDB AUTO_INCREMENT=1182 DEFAULT CHARSET=utf8mb4 COLLATE=utf8mb4_unicode_ci;
/*!40101 SET character_set_client = @saved_cs_client */;

--
-- Dumping data for table `weapon_sharpnesses`
--

LOCK TABLES `weapon_sharpnesses` WRITE;
/*!40000 ALTER TABLE `weapon_sharpnesses` DISABLE KEYS */;
INSERT INTO `weapon_sharpnesses` VALUES (1,25,12,13,0,0,0),(2,17,18,7,8,0,0),(3,15,17,8,10,0,0),(4,17,13,20,12,0,0),(5,15,12,20,15,0,0),(6,25,12,13,20,5,0),(7,22,13,12,20,8,0),(8,15,15,5,37,15,0),(9,30,30,10,12,18,0),(10,27,30,10,13,20,0),(11,17,13,20,12,0,0),(12,15,12,20,15,0,0),(13,25,12,20,18,0,0),(14,25,12,13,20,5,0),(15,25,30,10,12,10,0),(16,15,12,20,15,0,0),(17,25,12,20,18,0,0),(18,22,13,12,20,8,0),(19,20,15,20,20,12,0),(20,20,17,8,5,0,0),(21,20,12,20,10,0,0),(22,15,12,20,15,0,0),(23,25,12,20,18,0,0),(24,27,13,12,20,3,0),(25,27,30,10,13,7,0),(26,20,12,20,10,0,0),(27,15,12,20,15,0,0),(28,27,13,12,20,3,0),(29,25,12,13,20,5,0),(30,20,15,15,25,12,0),(31,25,12,13,20,5,0),(32,22,15,15,25,10,0),(33,15,17,8,10,0,0),(34,17,13,20,12,0,0),(35,15,12,20,15,0,0),(36,27,13,12,20,3,0),(37,25,12,13,20,5,0),(38,27,30,10,13,7,0),(39,17,13,20,12,0,0),(40,25,12,20,18,0,0),(41,25,12,13,20,5,0),(42,27,30,10,13,7,0),(43,22,15,15,25,10,0),(44,25,15,10,0,0,0),(45,22,15,13,0,0,0),(46,22,13,12,3,0,0),(47,32,18,7,5,0,0),(48,30,17,8,7,0,0),(49,30,15,20,10,0,0),(50,27,25,10,10,3,0),(51,27,30,10,13,7,0),(52,27,15,20,20,5,0),(53,50,17,5,5,10,0),(54,30,17,8,7,0,0),(55,27,25,10,10,3,0),(56,30,30,10,12,5,0),(57,22,18,7,3,0,0),(58,32,18,7,5,0,0),(59,30,17,8,7,0,0),(60,35,17,8,15,0,0),(61,32,18,7,18,0,0),(62,47,18,5,12,5,0),(63,20,17,8,5,0,0),(64,30,17,8,7,0,0),(65,27,18,7,10,0,0),(66,27,25,10,10,3,0),(67,25,25,10,10,5,0),(68,27,30,10,13,7,0),(69,30,17,8,7,0,0),(70,27,18,7,10,0,0),(71,35,17,8,15,0,0),(72,27,25,10,10,3,0),(73,27,30,10,13,7,0),(74,27,18,7,10,0,0),(75,25,17,8,12,0,0),(76,30,27,10,10,10,0),(77,15,12,20,15,0,0),(78,27,5,5,40,10,0),(79,27,5,5,38,12,0),(80,27,13,20,15,0,0),(81,52,8,10,17,0,0),(82,37,28,10,0,0,0),(83,35,27,10,3,0,0),(84,27,15,20,20,5,0),(85,22,15,20,20,10,0),(86,32,8,15,20,10,2),(87,30,30,10,12,5,0),(88,27,30,10,13,7,0),(89,25,12,13,0,0,0),(90,20,17,8,5,0,0),(91,15,17,8,10,0,0),(92,20,12,20,10,0,0),(93,17,13,20,12,0,0),(94,22,13,12,20,8,0),(95,17,13,12,20,13,0),(96,12,15,5,38,17,0),(97,30,30,10,12,18,0),(98,27,30,10,13,20,0),(99,17,13,20,12,0,0),(100,15,12,20,15,0,0),(101,25,12,13,20,5,0),(102,22,13,12,20,8,0),(103,20,12,15,30,10,0),(104,17,18,7,8,0,0),(105,20,12,20,10,0,0),(106,15,12,20,15,0,0),(107,27,13,12,20,3,0),(108,20,12,13,20,10,0),(109,20,15,20,20,12,0),(110,25,12,13,20,5,0),(111,22,13,12,20,20,0),(112,22,13,20,7,0,0),(113,27,13,12,20,3,0),(114,20,15,15,25,12,0),(115,20,12,20,10,0,0),(116,27,13,12,20,3,0),(117,25,15,20,20,7,0),(118,17,13,15,30,12,0),(119,25,15,10,0,0,0),(120,22,13,15,0,0,0),(121,17,15,15,3,0,0),(122,32,18,7,5,0,0),(123,27,18,7,10,0,0),(124,35,17,8,15,0,0),(125,25,25,10,10,5,0),(126,25,30,10,12,10,0),(127,25,25,10,10,5,0),(128,15,30,20,15,7,0),(129,32,18,7,5,0,0),(130,30,17,8,7,0,0),(131,35,17,8,15,0,0),(132,25,25,10,10,5,0),(133,27,30,10,13,7,0),(134,20,17,8,5,0,0),(135,30,17,8,7,0,0),(136,27,18,7,10,0,0),(137,35,17,8,15,0,0),(138,27,25,10,10,3,0),(139,42,25,8,7,5,0),(140,40,25,7,8,7,0),(141,50,17,5,5,10,0),(142,15,17,8,10,0,0),(143,25,17,8,12,0,0),(144,22,18,7,15,0,0),(145,25,25,10,10,5,0),(146,22,25,10,10,8,0),(147,37,25,8,7,10,0),(148,22,18,7,15,0,0),(149,22,25,10,10,8,0),(150,20,25,10,10,10,0),(151,60,5,5,5,7,5),(152,20,17,8,17,0,0),(153,17,18,7,20,0,0),(154,25,25,10,10,5,0),(155,20,25,10,10,10,0),(156,27,8,15,20,10,7),(157,27,18,7,10,0,0),(158,25,17,8,12,0,0),(159,37,25,8,7,10,0),(160,27,13,20,15,0,0),(161,52,8,10,17,0,0),(162,37,28,10,0,0,0),(163,35,27,10,3,0,0),(164,25,15,20,20,7,0),(165,17,13,15,30,12,0),(166,32,8,15,20,10,2),(167,25,12,13,20,5,0),(168,25,15,15,25,7,0),(169,25,17,8,13,0,0),(170,22,13,15,0,0,0),(171,17,18,7,8,0,0),(172,12,18,7,13,0,0),(173,17,13,20,12,0,0),(174,12,13,20,17,0,0),(175,25,12,13,20,5,0),(176,20,12,13,20,10,0),(177,12,15,5,38,17,0),(178,27,30,10,13,20,0),(179,22,30,10,13,25,0),(180,15,12,20,15,0,0),(181,25,12,20,18,0,0),(182,22,13,12,20,8,0),(183,22,15,15,25,10,0),(184,10,12,20,20,0,0),(185,20,12,13,20,10,0),(186,22,30,10,13,12,0),(187,17,18,7,8,0,0),(188,20,12,20,10,0,0),(189,17,13,20,12,0,0),(190,25,12,20,18,0,0),(191,25,12,13,20,5,0),(192,25,15,15,25,7,0),(193,15,12,20,15,0,0),(194,25,12,13,20,5,0),(195,20,12,13,20,10,0),(196,30,7,15,20,10,5),(197,15,12,20,15,0,0),(198,27,13,12,20,3,0),(199,25,12,13,20,5,0),(200,22,15,15,25,10,0),(201,17,13,20,12,0,0),(202,15,12,20,15,0,0),(203,25,12,13,20,5,0),(204,22,13,12,20,8,0),(205,20,12,15,30,10,0),(206,15,17,8,10,0,0),(207,15,12,20,15,0,0),(208,10,12,20,20,0,0),(209,22,13,12,20,8,0),(210,20,12,13,20,10,0),(211,22,30,10,13,12,0),(212,17,13,20,12,0,0),(213,12,13,20,17,0,0),(214,25,12,13,20,5,0),(215,22,13,12,20,8,0),(216,20,12,15,30,10,0),(217,22,15,13,0,0,0),(218,20,12,18,0,0,0),(219,20,12,13,5,0,0),(220,27,18,7,10,0,0),(221,25,17,8,12,0,0),(222,32,18,7,18,0,0),(223,25,25,10,10,5,0),(224,22,30,10,13,12,0),(225,30,17,8,7,0,0),(226,27,18,7,10,0,0),(227,35,17,8,15,0,0),(228,25,25,10,10,5,0),(229,25,30,10,12,10,0),(230,17,13,12,8,0,0),(231,25,17,8,12,0,0),(232,20,17,8,17,0,0),(233,25,25,10,10,5,0),(234,22,25,10,10,8,0),(235,22,30,10,13,12,0),(236,27,18,7,10,0,0),(237,25,17,8,12,0,0),(238,35,17,8,15,0,0),(239,25,25,10,10,5,0),(240,25,30,10,12,10,0),(241,20,12,13,5,0,0),(242,30,17,8,7,0,0),(243,27,18,7,10,0,0),(244,35,17,8,15,0,0),(245,27,25,10,10,3,0),(246,25,30,10,12,10,0),(247,30,17,8,7,0,0),(248,25,17,8,12,0,0),(249,25,25,10,10,5,0),(250,25,30,10,12,10,0),(251,27,18,7,10,0,0),(252,17,18,7,20,0,0),(253,37,25,8,7,10,0),(254,10,12,20,20,0,0),(255,27,5,5,38,12,0),(256,27,5,5,33,17,0),(257,37,28,10,0,0,0),(258,35,27,10,3,0,0),(259,25,15,15,25,7,0),(260,17,13,15,30,12,0),(261,32,8,15,20,10,2),(262,22,13,15,0,0,0),(263,17,18,7,8,0,0),(264,12,18,7,13,0,0),(265,15,12,20,15,0,0),(266,12,13,20,17,0,0),(267,22,13,12,20,8,0),(268,20,12,13,20,10,0),(269,15,15,5,37,15,0),(270,27,30,10,13,20,0),(271,22,30,10,13,25,0),(272,17,13,20,12,0,0),(273,15,12,20,15,0,0),(274,25,12,13,20,5,0),(275,22,13,12,20,8,0),(276,20,12,15,30,10,0),(277,25,12,13,20,5,0),(278,15,30,20,15,7,0),(279,12,13,20,17,0,0),(280,25,12,13,20,5,0),(281,22,13,12,20,8,0),(282,20,12,15,30,10,0),(283,15,17,8,10,0,0),(284,15,12,20,15,0,0),(285,12,13,20,17,0,0),(286,22,13,12,20,8,0),(287,20,12,13,20,10,0),(288,20,15,15,25,12,0),(289,12,13,20,17,0,0),(290,22,13,12,20,8,0),(291,15,12,15,30,15,0),(292,25,15,10,0,0,0),(293,22,13,15,0,0,0),(294,20,17,8,5,0,0),(295,27,18,7,10,0,0),(296,22,18,7,15,0,0),(297,30,17,8,20,0,0),(298,15,15,15,25,5,0),(299,27,13,12,20,15,0),(300,30,17,8,7,0,0),(301,25,17,8,12,0,0),(302,35,17,8,15,0,0),(303,32,18,7,18,0,0),(304,25,30,10,12,10,0),(305,27,18,7,10,0,0),(306,35,17,8,15,0,0),(307,25,25,10,10,5,0),(308,22,13,15,30,7,0),(309,20,12,13,5,0,0),(310,30,17,8,7,0,0),(311,27,18,7,10,0,0),(312,35,17,8,15,0,0),(313,25,25,10,10,5,0),(314,40,25,7,8,7,0),(315,25,25,10,10,5,0),(316,50,17,5,5,10,0),(317,25,17,8,12,0,0),(318,20,17,8,17,0,0),(319,22,25,10,10,8,0),(320,20,25,10,10,10,0),(321,27,8,15,20,10,7),(322,17,13,12,8,0,0),(323,25,17,8,12,0,0),(324,22,18,7,15,0,0),(325,25,25,10,10,5,0),(326,22,25,10,10,8,0),(327,50,17,5,5,10,0),(328,20,17,8,17,0,0),(329,22,25,10,10,8,0),(330,20,25,10,10,10,0),(331,50,17,5,5,13,10),(332,27,18,7,10,0,0),(333,17,18,7,20,0,0),(334,27,28,10,10,12,0),(335,17,18,7,20,0,0),(336,27,5,5,35,15,0),(337,27,5,5,30,20,0),(338,27,13,20,15,0,0),(339,45,7,15,20,0,0),(340,37,28,10,0,0,0),(341,35,27,10,3,0,0),(342,25,15,20,20,7,0),(343,15,12,15,30,15,0),(344,30,7,15,20,10,5),(345,25,12,13,0,0,0),(346,20,17,8,5,0,0),(347,15,17,8,10,0,0),(348,17,13,20,12,0,0),(349,15,12,20,15,0,0),(350,25,12,13,20,5,0),(351,22,13,12,20,8,0),(352,15,15,5,37,15,0),(353,30,30,10,12,18,0),(354,27,30,10,13,20,0),(355,12,13,20,17,0,0),(356,22,13,12,20,8,0),(357,27,30,10,13,7,0),(358,20,17,8,5,0,0),(359,22,13,20,7,0,0),(360,20,12,20,10,0,0),(361,27,15,20,13,0,0),(362,25,12,13,20,5,0),(363,22,15,20,20,10,0),(364,20,12,20,10,0,0),(365,17,13,20,12,0,0),(366,15,12,20,28,0,0),(367,22,13,12,20,8,0),(368,22,15,15,25,10,0),(369,17,18,7,8,0,0),(370,17,13,20,12,0,0),(371,12,13,20,17,0,0),(372,25,12,20,18,0,0),(373,25,30,10,12,10,0),(374,20,12,20,10,0,0),(375,17,13,20,12,0,0),(376,27,13,20,15,0,0),(377,25,25,10,10,5,0),(378,37,25,8,7,10,0),(379,27,15,8,0,0,0),(380,22,15,13,0,0,0),(381,22,13,12,3,0,0),(382,32,18,7,5,0,0),(383,30,17,8,7,0,0),(384,27,18,7,23,0,0),(385,27,25,10,10,3,0),(386,27,30,10,13,7,0),(387,35,27,10,10,5,0),(388,50,17,5,5,10,0),(389,30,17,8,7,0,0),(390,27,18,7,10,0,0),(391,27,25,10,10,3,0),(392,25,25,10,10,5,0),(393,27,30,10,13,7,0),(394,27,25,10,10,3,0),(395,30,30,10,12,5,0),(396,15,17,8,10,0,0),(397,27,18,7,10,0,0),(398,25,17,8,12,0,0),(399,35,17,8,15,0,0),(400,32,18,7,18,0,0),(401,30,27,10,10,10,0),(402,22,18,7,15,0,0),(403,32,18,7,18,0,0),(404,30,17,8,20,0,0),(405,25,12,15,30,5,0),(406,17,13,12,8,0,0),(407,27,18,7,10,0,0),(408,25,17,8,12,0,0),(409,32,18,7,18,0,0),(410,27,18,7,23,0,0),(411,27,30,10,13,7,0),(412,30,17,8,7,0,0),(413,27,18,7,10,0,0),(414,27,15,20,13,0,0),(415,27,25,10,10,3,0),(416,30,30,10,12,5,0),(417,27,18,7,10,0,0),(418,17,18,7,20,0,0),(419,30,27,10,10,10,0),(420,27,13,20,15,0,0),(421,47,8,15,17,0,0),(422,37,28,10,0,0,0),(423,35,27,10,3,0,0),(424,27,15,20,20,5,0),(425,22,15,20,20,10,0),(426,32,8,15,20,10,2),(427,30,30,10,12,5,0),(428,40,25,7,8,7,0),(429,25,12,13,0,0,0),(430,20,17,8,5,0,0),(431,15,17,8,10,0,0),(432,17,13,20,12,0,0),(433,15,12,20,15,0,0),(434,25,12,13,20,5,0),(435,22,13,12,20,8,0),(436,15,15,5,37,15,0),(437,30,30,10,12,18,0),(438,27,30,10,13,20,0),(439,20,12,20,10,0,0),(440,17,13,20,12,0,0),(441,27,13,20,15,0,0),(442,25,12,13,20,5,0),(443,22,15,20,20,10,0),(444,17,18,7,8,0,0),(445,20,12,20,10,0,0),(446,17,13,20,12,0,0),(447,27,13,20,15,0,0),(448,25,12,13,20,5,0),(449,22,15,20,20,10,0),(450,15,12,20,15,0,0),(451,25,12,13,20,5,0),(452,20,12,13,20,10,0),(453,17,13,15,30,12,0),(454,15,17,8,10,0,0),(455,17,13,20,12,0,0),(456,15,12,20,15,0,0),(457,25,12,20,18,0,0),(458,22,13,12,20,8,0),(459,22,15,20,20,10,0),(460,12,13,20,17,0,0),(461,27,13,12,20,3,0),(462,25,12,13,20,5,0),(463,32,8,15,20,10,2),(464,27,15,8,0,0,0),(465,22,15,13,0,0,0),(466,20,12,13,5,0,0),(467,30,17,8,7,0,0),(468,27,18,7,10,0,0),(469,35,17,8,15,0,0),(470,27,25,10,10,3,0),(471,27,30,10,13,7,0),(472,25,25,10,10,5,0),(473,30,27,10,10,10,0),(474,32,18,7,5,0,0),(475,30,17,8,7,0,0),(476,35,17,8,15,0,0),(477,32,18,7,18,0,0),(478,30,30,10,12,5,0),(479,17,13,12,8,0,0),(480,27,18,7,10,0,0),(481,25,17,8,12,0,0),(482,27,25,10,10,3,0),(483,25,25,10,10,5,0),(484,27,30,10,13,7,0),(485,30,17,8,7,0,0),(486,25,17,8,12,0,0),(487,27,25,10,10,3,0),(488,22,25,10,10,8,0),(489,20,12,15,30,10,0),(490,27,25,10,10,3,0),(491,17,30,20,15,5,0),(492,15,17,8,10,0,0),(493,25,17,8,12,0,0),(494,20,17,8,17,0,0),(495,22,25,10,10,8,0),(496,20,25,10,10,10,0),(497,27,8,15,20,10,7),(498,27,18,7,10,0,0),(499,22,18,7,15,0,0),(500,27,25,10,10,3,0),(501,25,25,10,10,5,0),(502,27,30,10,13,7,0),(503,27,18,7,10,0,0),(504,17,18,7,20,0,0),(505,30,27,10,10,10,0),(506,15,12,20,15,0,0),(507,27,5,5,38,12,0),(508,27,5,5,35,15,0),(509,37,28,10,0,0,0),(510,35,27,10,3,0,0),(511,27,15,20,20,5,0),(512,22,15,15,25,10,0),(513,32,8,15,20,10,2),(514,25,12,13,0,0,0),(515,20,17,8,5,0,0),(516,15,17,8,10,0,0),(517,20,12,20,10,0,0),(518,17,13,20,12,0,0),(519,22,13,12,20,8,0),(520,17,13,12,20,13,0),(521,15,15,5,37,15,0),(522,30,30,10,12,18,0),(523,27,30,10,13,20,0),(524,25,17,8,12,0,0),(525,27,25,10,10,3,0),(526,25,25,10,10,5,0),(527,32,8,15,20,10,2),(528,17,18,7,8,0,0),(529,20,12,20,10,0,0),(530,15,12,20,15,0,0),(531,27,13,12,20,3,0),(532,22,13,12,20,8,0),(533,22,15,15,25,10,0),(534,25,12,13,20,5,0),(535,22,15,20,20,10,0),(536,22,13,20,7,0,0),(537,20,12,20,10,0,0),(538,15,12,20,28,0,0),(539,27,13,12,20,3,0),(540,22,15,20,20,10,0),(541,15,17,8,10,0,0),(542,17,13,20,12,0,0),(543,15,12,20,15,0,0),(544,27,13,12,20,3,0),(545,25,12,13,20,5,0),(546,25,30,10,12,10,0),(547,12,13,20,17,0,0),(548,22,13,20,20,0,0),(549,27,13,12,20,3,0),(550,27,15,20,20,5,0),(551,22,15,15,25,10,0),(552,25,15,10,0,0,0),(553,22,13,15,0,0,0),(554,20,12,13,5,0,0),(555,30,17,8,7,0,0),(556,27,18,7,10,0,0),(557,35,17,8,15,0,0),(558,25,25,10,10,5,0),(559,25,30,10,12,10,0),(560,35,27,10,10,5,0),(561,50,17,5,5,10,0),(562,27,18,7,10,0,0),(563,25,17,8,12,0,0),(564,25,25,10,10,5,0),(565,22,25,10,10,8,0),(566,27,8,15,20,10,7),(567,17,13,12,8,0,0),(568,27,18,7,10,0,0),(569,25,17,8,12,0,0),(570,32,18,7,18,0,0),(571,27,18,7,23,0,0),(572,25,30,10,12,10,0),(573,22,18,7,15,0,0),(574,25,25,10,10,5,0),(575,20,25,10,10,10,0),(576,42,25,8,7,10,8),(577,20,12,13,5,0,0),(578,30,17,8,7,0,0),(579,27,18,7,10,0,0),(580,35,17,8,15,0,0),(581,25,25,10,10,5,0),(582,27,30,10,13,7,0),(583,27,18,7,10,0,0),(584,17,18,7,20,0,0),(585,30,27,10,10,10,0),(586,27,25,10,10,3,0),(587,17,30,20,15,5,0),(588,15,12,20,15,0,0),(589,27,5,5,38,12,0),(590,27,5,5,35,15,0),(591,37,28,10,0,0,0),(592,35,27,10,3,0,0),(593,27,15,20,20,5,0),(594,22,15,20,20,10,0),(595,32,8,15,20,10,2),(596,30,30,10,12,5,0),(597,27,30,10,13,7,0),(598,25,12,13,0,0,0),(599,17,18,7,8,0,0),(600,15,17,8,10,0,0),(601,20,12,20,10,0,0),(602,17,13,20,12,0,0),(603,22,13,12,20,8,0),(604,17,13,12,20,13,0),(605,15,15,5,37,15,0),(606,30,30,10,12,18,0),(607,27,30,10,13,20,0),(608,17,18,7,8,0,0),(609,20,12,20,10,0,0),(610,17,13,20,12,0,0),(611,27,13,12,20,3,0),(612,25,12,13,20,5,0),(613,25,15,15,25,7,0),(614,15,12,20,15,0,0),(615,22,13,20,20,0,0),(616,27,13,12,20,3,0),(617,27,15,20,20,5,0),(618,20,12,15,30,10,0),(619,17,13,20,12,0,0),(620,25,12,13,20,5,0),(621,22,13,12,20,8,0),(622,20,15,15,25,12,0),(623,15,17,8,10,0,0),(624,17,13,20,12,0,0),(625,15,12,20,15,0,0),(626,25,12,20,18,0,0),(627,27,13,12,20,3,0),(628,27,15,20,20,5,0),(629,12,13,20,17,0,0),(630,25,12,13,20,5,0),(631,20,12,13,20,10,0),(632,32,8,15,20,10,2),(633,25,15,10,0,0,0),(634,20,12,18,0,0,0),(635,20,12,13,5,0,0),(636,30,17,8,7,0,0),(637,27,18,7,10,0,0),(638,35,17,8,15,0,0),(639,25,25,10,10,5,0),(640,25,30,10,12,10,0),(641,25,25,10,10,5,0),(642,15,30,20,15,7,0),(643,22,13,12,3,0,0),(644,27,18,7,10,0,0),(645,22,18,7,15,0,0),(646,32,18,7,18,0,0),(647,27,13,12,20,3,0),(648,22,30,10,13,12,0),(649,30,17,8,7,0,0),(650,27,18,7,10,0,0),(651,35,17,8,15,0,0),(652,25,25,10,10,5,0),(653,37,25,8,7,10,0),(654,35,27,10,10,5,0),(655,50,17,5,5,10,0),(656,20,12,13,5,0,0),(657,27,18,7,10,0,0),(658,22,18,7,15,0,0),(659,30,17,8,20,0,0),(660,25,12,13,20,5,0),(661,30,17,8,25,7,0),(662,30,17,8,7,0,0),(663,27,18,7,10,0,0),(664,35,17,8,15,0,0),(665,32,18,7,18,0,0),(666,32,18,7,25,5,0),(667,27,18,7,10,0,0),(668,17,18,7,20,0,0),(669,30,27,10,10,10,0),(670,27,13,20,15,0,0),(671,52,8,10,17,0,0),(672,37,28,10,0,0,0),(673,35,27,10,3,0,0),(674,27,15,20,20,5,0),(675,22,15,20,20,10,0),(676,32,8,15,20,10,2),(677,25,12,13,0,0,0),(678,20,17,8,5,0,0),(679,15,17,8,10,0,0),(680,17,13,20,12,0,0),(681,15,12,20,15,0,0),(682,22,13,12,20,8,0),(683,17,13,12,20,13,0),(684,15,15,5,37,15,0),(685,30,30,10,12,18,0),(686,27,30,10,13,20,0),(687,15,12,20,15,0,0),(688,25,12,13,20,5,0),(689,22,13,12,20,8,0),(690,32,8,15,20,10,2),(691,22,13,20,7,0,0),(692,20,12,20,10,0,0),(693,27,13,20,15,0,0),(694,25,12,13,20,5,0),(695,22,15,20,20,10,0),(696,22,13,12,20,8,0),(697,20,12,20,25,10,0),(698,15,17,8,10,0,0),(699,17,13,20,12,0,0),(700,12,13,20,17,0,0),(701,27,13,12,20,3,0),(702,25,12,13,20,5,0),(703,27,30,10,13,7,0),(704,25,12,13,20,5,0),(705,17,30,20,15,5,0),(706,15,12,20,15,0,0),(707,25,12,20,18,0,0),(708,22,13,12,20,8,0),(709,22,15,20,20,10,0),(710,25,15,10,0,0,0),(711,22,13,15,0,0,0),(712,20,12,13,5,0,0),(713,30,17,8,7,0,0),(714,27,18,7,10,0,0),(715,35,17,8,15,0,0),(716,25,25,10,10,5,0),(717,25,30,10,12,10,0),(718,35,27,10,10,5,0),(719,50,17,5,5,10,0),(720,20,12,13,5,0,0),(721,30,17,8,7,0,0),(722,27,18,7,10,0,0),(723,27,15,20,13,0,0),(724,27,25,10,10,3,0),(725,35,27,10,10,5,0),(726,30,17,8,7,0,0),(727,25,17,8,12,0,0),(728,32,18,7,18,0,0),(729,22,25,10,10,8,0),(730,35,25,7,8,12,0),(731,22,13,12,3,0,0),(732,27,18,7,10,0,0),(733,22,18,7,15,0,0),(734,32,18,7,18,0,0),(735,30,17,8,20,0,0),(736,30,17,8,25,7,0),(737,25,17,8,12,0,0),(738,35,17,8,15,0,0),(739,27,13,12,20,3,0),(740,35,27,10,10,5,0),(741,22,13,15,30,7,0),(742,30,17,8,7,0,0),(743,27,25,10,10,3,0),(744,27,30,10,13,7,0),(745,27,18,7,10,0,0),(746,17,18,7,20,0,0),(747,30,27,10,10,10,0),(748,15,12,20,15,0,0),(749,27,5,5,38,12,0),(750,27,5,5,35,15,0),(751,37,28,10,0,0,0),(752,35,27,10,3,0,0),(753,27,15,20,20,5,0),(754,22,15,15,25,10,0),(755,32,8,15,20,10,2),(756,22,13,15,0,0,0),(757,17,18,7,8,0,0),(758,12,18,7,13,0,0),(759,17,13,20,12,0,0),(760,12,13,20,17,0,0),(761,25,12,13,20,5,0),(762,20,12,13,20,10,0),(763,15,15,5,37,15,0),(764,27,30,10,13,20,0),(765,25,30,10,12,23,0),(766,15,12,20,15,0,0),(767,25,12,20,18,0,0),(768,22,13,12,20,8,0),(769,17,13,15,30,12,0),(770,20,17,8,5,0,0),(771,22,13,20,7,0,0),(772,20,12,20,10,0,0),(773,27,13,20,15,0,0),(774,27,13,12,20,3,0),(775,25,15,15,25,7,0),(776,17,13,20,12,0,0),(777,25,12,20,18,0,0),(778,25,12,13,20,5,0),(779,22,15,20,20,10,0),(780,17,13,20,12,0,0),(781,25,12,13,20,5,0),(782,22,13,12,20,8,0),(783,17,13,15,30,12,0),(784,22,15,13,0,0,0),(785,20,12,18,0,0,0),(786,20,12,13,5,0,0),(787,27,18,7,10,0,0),(788,25,17,8,12,0,0),(789,32,18,7,18,0,0),(790,22,25,10,10,8,0),(791,22,30,10,13,12,0),(792,25,17,8,12,0,0),(793,35,17,8,15,0,0),(794,27,25,10,10,3,0),(795,22,13,15,30,7,0),(796,17,13,12,8,0,0),(797,25,17,8,12,0,0),(798,22,18,7,15,0,0),(799,32,18,7,18,0,0),(800,22,25,10,10,8,0),(801,25,30,10,12,10,0),(802,20,25,10,10,10,0),(803,27,28,10,10,12,0),(804,27,18,7,10,0,0),(805,25,17,8,12,0,0),(806,27,25,10,10,3,0),(807,25,25,10,10,5,0),(808,27,28,10,10,12,0),(809,32,28,10,10,7,0),(810,50,17,5,5,10,0),(811,15,17,8,10,0,0),(812,25,17,8,12,0,0),(813,20,17,8,17,0,0),(814,22,25,10,10,8,0),(815,20,25,10,10,10,0),(816,47,18,5,5,12,0),(817,22,18,7,15,0,0),(818,25,25,10,10,5,0),(819,22,25,10,10,8,0),(820,50,17,5,5,13,10),(821,27,18,7,10,0,0),(822,17,18,7,20,0,0),(823,30,27,10,10,10,0),(824,27,13,20,15,0,0),(825,52,8,10,17,0,0),(826,37,28,10,0,0,0),(827,35,27,10,3,0,0),(828,27,15,20,20,5,0),(829,22,15,20,20,10,0),(830,32,8,15,20,10,2),(831,22,13,15,0,0,0),(832,17,18,7,8,0,0),(833,12,18,7,13,0,0),(834,17,13,20,12,0,0),(835,12,13,20,17,0,0),(836,25,12,13,20,5,0),(837,20,12,13,20,10,0),(838,15,15,5,37,15,0),(839,27,30,10,13,20,0),(840,25,30,10,12,23,0),(841,15,12,20,15,0,0),(842,25,12,20,18,0,0),(843,22,13,12,20,8,0),(844,22,15,15,25,10,0),(845,15,17,8,10,0,0),(846,15,12,20,15,0,0),(847,12,13,20,17,0,0),(848,22,13,12,20,8,0),(849,20,12,13,20,10,0),(850,20,15,15,25,12,0),(851,17,13,20,12,0,0),(852,15,12,20,15,0,0),(853,25,12,13,20,5,0),(854,22,13,12,20,8,0),(855,20,12,15,30,10,0),(856,12,13,20,17,0,0),(857,22,13,20,20,0,0),(858,25,12,13,20,5,0),(859,22,15,20,20,10,0),(860,17,18,7,8,0,0),(861,17,13,20,12,0,0),(862,12,13,20,17,0,0),(863,22,13,20,20,0,0),(864,22,13,12,20,8,0),(865,22,30,10,13,12,0),(866,25,25,10,10,5,0),(867,32,28,10,10,7,0),(868,22,15,13,0,0,0),(869,20,12,18,0,0,0),(870,17,13,12,8,0,0),(871,27,18,7,10,0,0),(872,25,17,8,12,0,0),(873,32,18,7,18,0,0),(874,25,25,10,10,5,0),(875,22,30,10,13,12,0),(876,32,28,10,10,7,0),(877,50,17,5,5,10,0),(878,30,17,8,7,0,0),(879,25,25,10,10,5,0),(880,25,30,10,12,10,0),(881,20,12,13,5,0,0),(882,30,17,8,7,0,0),(883,25,17,8,12,0,0),(884,35,17,8,15,0,0),(885,25,25,10,10,5,0),(886,27,30,10,13,7,0),(887,27,18,7,10,0,0),(888,27,15,20,13,0,0),(889,27,25,10,10,3,0),(890,22,13,15,30,7,0),(891,15,17,8,10,0,0),(892,25,17,8,12,0,0),(893,20,17,8,17,0,0),(894,22,25,10,10,8,0),(895,20,25,10,10,10,0),(896,47,18,5,5,12,0),(897,22,18,7,15,0,0),(898,25,25,10,10,5,0),(899,22,25,10,10,8,0),(900,50,17,5,5,13,10),(901,27,18,7,10,0,0),(902,17,18,7,20,0,0),(903,30,27,10,10,10,0),(904,10,12,20,20,0,0),(905,27,5,5,35,15,0),(906,27,5,5,30,20,0),(907,37,28,10,0,0,0),(908,35,27,10,3,0,0),(909,27,15,20,20,5,0),(910,22,15,20,20,10,0),(911,32,8,15,20,10,2),(912,0,0,0,0,0,0),(913,0,0,0,0,0,0),(914,0,0,0,0,0,0),(915,0,0,0,0,0,0),(916,0,0,0,0,0,0),(917,0,0,0,0,0,0),(918,0,0,0,0,0,0),(919,0,0,0,0,0,0),(920,0,0,0,0,0,0),(921,0,0,0,0,0,0),(922,0,0,0,0,0,0),(923,0,0,0,0,0,0),(924,0,0,0,0,0,0),(925,0,0,0,0,0,0),(926,0,0,0,0,0,0),(927,0,0,0,0,0,0),(928,0,0,0,0,0,0),(929,0,0,0,0,0,0),(930,0,0,0,0,0,0),(931,0,0,0,0,0,0),(932,0,0,0,0,0,0),(933,0,0,0,0,0,0),(934,0,0,0,0,0,0),(935,0,0,0,0,0,0),(936,0,0,0,0,0,0),(937,0,0,0,0,0,0),(938,0,0,0,0,0,0),(939,0,0,0,0,0,0),(940,0,0,0,0,0,0),(941,0,0,0,0,0,0),(942,0,0,0,0,0,0),(943,0,0,0,0,0,0),(944,0,0,0,0,0,0),(945,0,0,0,0,0,0),(946,0,0,0,0,0,0),(947,0,0,0,0,0,0),(948,0,0,0,0,0,0),(949,0,0,0,0,0,0),(950,0,0,0,0,0,0),(951,0,0,0,0,0,0),(952,0,0,0,0,0,0),(953,0,0,0,0,0,0),(954,0,0,0,0,0,0),(955,0,0,0,0,0,0),(956,0,0,0,0,0,0),(957,0,0,0,0,0,0),(958,0,0,0,0,0,0),(959,0,0,0,0,0,0),(960,0,0,0,0,0,0),(961,0,0,0,0,0,0),(962,0,0,0,0,0,0),(963,0,0,0,0,0,0),(964,0,0,0,0,0,0),(965,0,0,0,0,0,0),(966,0,0,0,0,0,0),(967,0,0,0,0,0,0),(968,0,0,0,0,0,0),(969,0,0,0,0,0,0),(970,0,0,0,0,0,0),(971,0,0,0,0,0,0),(972,0,0,0,0,0,0),(973,0,0,0,0,0,0),(974,0,0,0,0,0,0),(975,0,0,0,0,0,0),(976,0,0,0,0,0,0),(977,0,0,0,0,0,0),(978,0,0,0,0,0,0),(979,0,0,0,0,0,0),(980,0,0,0,0,0,0),(981,0,0,0,0,0,0),(982,0,0,0,0,0,0),(983,0,0,0,0,0,0),(984,0,0,0,0,0,0),(985,0,0,0,0,0,0),(986,0,0,0,0,0,0),(987,0,0,0,0,0,0),(988,0,0,0,0,0,0),(989,0,0,0,0,0,0),(990,0,0,0,0,0,0),(991,0,0,0,0,0,0),(992,0,0,0,0,0,0),(993,0,0,0,0,0,0),(994,0,0,0,0,0,0),(995,0,0,0,0,0,0),(996,0,0,0,0,0,0),(997,0,0,0,0,0,0),(998,0,0,0,0,0,0),(999,0,0,0,0,0,0),(1000,0,0,0,0,0,0),(1001,0,0,0,0,0,0),(1002,0,0,0,0,0,0),(1003,0,0,0,0,0,0),(1004,0,0,0,0,0,0),(1005,0,0,0,0,0,0),(1006,0,0,0,0,0,0),(1007,0,0,0,0,0,0),(1008,0,0,0,0,0,0),(1009,0,0,0,0,0,0),(1010,0,0,0,0,0,0),(1011,0,0,0,0,0,0),(1012,0,0,0,0,0,0),(1013,0,0,0,0,0,0),(1014,0,0,0,0,0,0),(1015,0,0,0,0,0,0),(1016,0,0,0,0,0,0),(1017,0,0,0,0,0,0),(1018,0,0,0,0,0,0),(1019,0,0,0,0,0,0),(1020,0,0,0,0,0,0),(1021,0,0,0,0,0,0),(1022,0,0,0,0,0,0),(1023,0,0,0,0,0,0),(1024,0,0,0,0,0,0),(1025,0,0,0,0,0,0),(1026,0,0,0,0,0,0),(1027,0,0,0,0,0,0),(1028,0,0,0,0,0,0),(1029,0,0,0,0,0,0),(1030,0,0,0,0,0,0),(1031,0,0,0,0,0,0),(1032,0,0,0,0,0,0),(1033,0,0,0,0,0,0),(1034,0,0,0,0,0,0),(1035,0,0,0,0,0,0),(1036,0,0,0,0,0,0),(1037,0,0,0,0,0,0),(1038,0,0,0,0,0,0),(1039,0,0,0,0,0,0),(1040,0,0,0,0,0,0),(1041,0,0,0,0,0,0),(1042,0,0,0,0,0,0),(1043,0,0,0,0,0,0),(1044,0,0,0,0,0,0),(1045,0,0,0,0,0,0),(1046,0,0,0,0,0,0),(1047,0,0,0,0,0,0),(1048,0,0,0,0,0,0),(1049,0,0,0,0,0,0),(1050,0,0,0,0,0,0),(1051,0,0,0,0,0,0),(1052,0,0,0,0,0,0),(1053,0,0,0,0,0,0),(1054,0,0,0,0,0,0),(1055,0,0,0,0,0,0),(1056,0,0,0,0,0,0),(1057,0,0,0,0,0,0),(1058,0,0,0,0,0,0),(1059,0,0,0,0,0,0),(1060,0,0,0,0,0,0),(1061,0,0,0,0,0,0),(1062,0,0,0,0,0,0),(1063,0,0,0,0,0,0),(1064,0,0,0,0,0,0),(1065,0,0,0,0,0,0),(1066,0,0,0,0,0,0),(1067,0,0,0,0,0,0),(1068,0,0,0,0,0,0),(1069,0,0,0,0,0,0),(1070,0,0,0,0,0,0),(1071,0,0,0,0,0,0),(1072,0,0,0,0,0,0),(1073,0,0,0,0,0,0),(1074,0,0,0,0,0,0),(1075,0,0,0,0,0,0),(1076,0,0,0,0,0,0),(1077,0,0,0,0,0,0),(1078,0,0,0,0,0,0),(1079,0,0,0,0,0,0),(1080,0,0,0,0,0,0),(1081,0,0,0,0,0,0),(1082,0,0,0,0,0,0),(1083,0,0,0,0,0,0),(1084,0,0,0,0,0,0),(1085,0,0,0,0,0,0),(1086,0,0,0,0,0,0),(1087,0,0,0,0,0,0),(1088,0,0,0,0,0,0),(1089,0,0,0,0,0,0),(1090,0,0,0,0,0,0),(1091,0,0,0,0,0,0),(1092,0,0,0,0,0,0),(1093,0,0,0,0,0,0),(1094,0,0,0,0,0,0),(1095,0,0,0,0,0,0),(1096,0,0,0,0,0,0),(1097,0,0,0,0,0,0),(1098,0,0,0,0,0,0),(1099,0,0,0,0,0,0),(1100,0,0,0,0,0,0),(1101,0,0,0,0,0,0),(1102,0,0,0,0,0,0),(1103,0,0,0,0,0,0),(1104,0,0,0,0,0,0),(1105,0,0,0,0,0,0),(1106,0,0,0,0,0,0),(1107,0,0,0,0,0,0),(1108,0,0,0,0,0,0),(1109,0,0,0,0,0,0),(1110,0,0,0,0,0,0),(1111,0,0,0,0,0,0),(1112,0,0,0,0,0,0),(1113,0,0,0,0,0,0),(1114,0,0,0,0,0,0),(1115,0,0,0,0,0,0),(1116,0,0,0,0,0,0),(1117,0,0,0,0,0,0),(1118,0,0,0,0,0,0),(1119,0,0,0,0,0,0),(1120,0,0,0,0,0,0),(1121,0,0,0,0,0,0),(1122,0,0,0,0,0,0),(1123,0,0,0,0,0,0),(1124,0,0,0,0,0,0),(1125,0,0,0,0,0,0),(1126,0,0,0,0,0,0),(1127,0,0,0,0,0,0),(1128,0,0,0,0,0,0),(1129,0,0,0,0,0,0),(1130,0,0,0,0,0,0),(1131,0,0,0,0,0,0),(1132,0,0,0,0,0,0),(1133,0,0,0,0,0,0),(1134,0,0,0,0,0,0),(1135,0,0,0,0,0,0),(1136,0,0,0,0,0,0),(1137,0,0,0,0,0,0),(1138,0,0,0,0,0,0),(1139,0,0,0,0,0,0),(1140,0,0,0,0,0,0),(1141,0,0,0,0,0,0),(1142,0,0,0,0,0,0),(1143,0,0,0,0,0,0),(1144,0,0,0,0,0,0),(1145,0,0,0,0,0,0),(1146,0,0,0,0,0,0),(1147,0,0,0,0,0,0),(1148,0,0,0,0,0,0),(1149,0,0,0,0,0,0),(1150,17,30,20,15,5,0),(1151,15,30,20,15,7,0),(1152,15,30,20,15,7,0),(1153,12,30,20,15,10,0),(1154,15,30,20,15,7,0),(1155,12,30,20,15,10,0),(1156,12,30,20,15,10,0),(1157,10,30,20,15,12,0),(1158,15,30,20,15,7,0),(1159,12,30,20,15,10,0),(1160,15,30,20,15,7,0),(1161,12,30,20,15,10,0),(1162,15,30,20,15,7,0),(1163,12,30,20,15,10,0),(1164,12,30,20,15,10,0),(1165,10,30,20,15,12,0),(1166,15,30,20,15,7,0),(1167,12,30,20,15,10,0),(1168,15,30,20,15,7,0),(1169,12,30,20,15,10,0),(1170,15,30,20,15,7,0),(1171,12,30,20,15,10,0),(1172,0,0,0,0,0,0),(1173,0,0,0,0,0,0),(1174,0,0,0,0,0,0),(1175,0,0,0,0,0,0),(1176,0,0,0,0,0,0),(1177,0,0,0,0,0,0),(1178,0,0,0,0,0,0),(1179,0,0,0,0,0,0),(1180,45,17,5,5,3,0),(1181,62,5,5,5,7,3);
/*!40000 ALTER TABLE `weapon_sharpnesses` ENABLE KEYS */;
UNLOCK TABLES;

--
-- Table structure for table `weapon_slots`
--

DROP TABLE IF EXISTS `weapon_slots`;
/*!40101 SET @saved_cs_client     = @@character_set_client */;
/*!40101 SET character_set_client = utf8 */;
CREATE TABLE `weapon_slots` (
  `weapon_id` int(10) unsigned NOT NULL,
  `slot_id` int(10) unsigned NOT NULL,
  PRIMARY KEY (`weapon_id`,`slot_id`),
  KEY `IDX_E5CEC5B595B82273` (`weapon_id`),
  KEY `IDX_E5CEC5B559E5119C` (`slot_id`),
  CONSTRAINT `FK_E5CEC5B559E5119C` FOREIGN KEY (`slot_id`) REFERENCES `slots` (`id`),
  CONSTRAINT `FK_E5CEC5B595B82273` FOREIGN KEY (`weapon_id`) REFERENCES `weapons` (`id`)
) ENGINE=InnoDB DEFAULT CHARSET=utf8mb4 COLLATE=utf8mb4_unicode_ci;
/*!40101 SET character_set_client = @saved_cs_client */;

--
-- Dumping data for table `weapon_slots`
--

LOCK TABLES `weapon_slots` WRITE;
/*!40000 ALTER TABLE `weapon_slots` DISABLE KEYS */;
INSERT INTO `weapon_slots` VALUES (7,6915),(8,6916),(8,6917),(9,6918),(10,6919),(13,6920),(14,6921),(15,6922),(17,6923),(18,6924),(19,6925),(23,6926),(23,6927),(24,6928),(24,6929),(25,6930),(25,6931),(31,6932),(31,6933),(32,6934),(32,6935),(36,6936),(36,6937),(37,6938),(37,6939),(38,6940),(38,6941),(41,6942),(42,6943),(43,6944),(49,6945),(50,6946),(51,6947),(52,6948),(53,6949),(60,6950),(61,6951),(62,6952),(66,6953),(67,6954),(67,6955),(68,6956),(68,6957),(76,6959),(76,6960),(80,6958),(81,6961),(84,6962),(85,6965),(86,6963),(86,6964),(87,6966),(88,6967),(94,6970),(95,6971),(96,6972),(96,6973),(97,6974),(98,6975),(101,6976),(102,6977),(103,6978),(110,6979),(111,6980),(111,6981),(113,6982),(114,6983),(116,6984),(117,6985),(118,6986),(124,6987),(125,6988),(126,6989),(127,6990),(127,6991),(128,6992),(128,6993),(137,6994),(138,6995),(139,6996),(140,6997),(141,6998),(145,6999),(146,7000),(147,7001),(154,7002),(155,7003),(156,7004),(159,7006),(160,7005),(161,7007),(166,7008),(166,7009),(167,7010),(168,7011),(175,7012),(176,7013),(177,7014),(177,7015),(178,7016),(179,7017),(181,7018),(182,7019),(183,7020),(185,7021),(186,7022),(190,7023),(191,7024),(192,7025),(194,7026),(195,7027),(196,7028),(198,7029),(199,7030),(200,7031),(203,7032),(203,7033),(204,7034),(204,7035),(205,7036),(205,7037),(209,7038),(209,7039),(210,7040),(210,7041),(211,7042),(211,7043),(222,7044),(223,7045),(224,7046),(233,7047),(233,7048),(234,7049),(234,7050),(235,7051),(235,7052),(238,7053),(239,7054),(240,7055),(244,7056),(245,7057),(245,7058),(246,7059),(246,7060),(253,7061),(261,7062),(261,7063),(267,7064),(268,7065),(269,7066),(269,7067),(270,7068),(271,7069),(274,7070),(275,7071),(276,7073),(277,7072),(278,7074),(280,7075),(281,7076),(282,7077),(290,7078),(291,7079),(297,7080),(298,7081),(299,7082),(306,7083),(307,7084),(308,7085),(312,7086),(313,7087),(314,7090),(315,7088),(315,7089),(316,7091),(316,7092),(319,7093),(320,7094),(321,7095),(325,7096),(326,7097),(327,7098),(334,7100),(334,7101),(338,7099),(339,7102),(342,7103),(343,7106),(344,7104),(344,7105),(350,7107),(351,7108),(352,7109),(352,7110),(353,7111),(354,7112),(356,7113),(357,7114),(361,7115),(362,7116),(363,7117),(372,7118),(372,7119),(373,7120),(373,7121),(376,7122),(377,7123),(378,7124),(384,7125),(385,7126),(386,7128),(387,7127),(388,7129),(394,7130),(395,7131),(403,7132),(404,7133),(405,7134),(409,7135),(410,7136),(410,7137),(411,7138),(411,7139),(420,7140),(421,7141),(424,7142),(425,7145),(426,7143),(426,7144),(427,7146),(428,7147),(434,7150),(435,7151),(436,7152),(436,7153),(437,7154),(438,7155),(441,7156),(442,7157),(443,7158),(451,7159),(452,7160),(453,7161),(457,7162),(458,7163),(459,7164),(469,7165),(470,7166),(471,7168),(472,7167),(473,7169),(482,7170),(482,7171),(483,7172),(483,7173),(484,7174),(484,7175),(487,7176),(487,7177),(488,7178),(488,7179),(489,7182),(489,7183),(490,7180),(490,7181),(491,7184),(491,7185),(495,7186),(495,7187),(496,7188),(496,7189),(497,7190),(497,7191),(505,7192),(505,7193),(513,7194),(513,7195),(519,7196),(520,7197),(521,7198),(521,7199),(522,7200),(523,7201),(534,7202),(534,7203),(535,7204),(535,7205),(538,7206),(539,7207),(540,7208),(544,7209),(544,7210),(545,7211),(545,7212),(546,7213),(546,7214),(548,7215),(549,7216),(550,7217),(551,7218),(557,7219),(558,7220),(559,7221),(560,7222),(561,7223),(564,7224),(565,7225),(566,7226),(570,7227),(571,7228),(571,7229),(572,7230),(572,7231),(580,7232),(581,7233),(582,7234),(585,7235),(593,7236),(594,7239),(595,7237),(595,7238),(596,7240),(597,7241),(603,7242),(604,7243),(605,7244),(605,7245),(606,7246),(607,7247),(611,7248),(612,7249),(613,7250),(615,7251),(616,7252),(617,7253),(618,7254),(620,7255),(621,7256),(622,7257),(638,7258),(639,7259),(640,7261),(641,7260),(642,7262),(646,7263),(646,7264),(647,7265),(647,7266),(648,7267),(648,7268),(654,7269),(655,7270),(669,7271),(669,7272),(674,7273),(675,7276),(676,7274),(676,7275),(682,7277),(683,7278),(684,7279),(684,7280),(685,7281),(686,7282),(693,7283),(694,7284),(695,7286),(696,7285),(697,7287),(701,7288),(702,7289),(702,7290),(703,7292),(703,7293),(704,7291),(705,7294),(707,7295),(708,7296),(709,7297),(715,7298),(716,7299),(718,7300),(719,7301),(723,7302),(724,7303),(725,7304),(728,7305),(729,7306),(730,7307),(734,7308),(735,7309),(735,7310),(736,7311),(736,7312),(738,7313),(739,7314),(740,7315),(741,7316),(747,7317),(747,7318),(755,7319),(755,7320),(761,7321),(762,7322),(763,7323),(763,7324),(764,7325),(765,7326),(767,7327),(768,7328),(769,7329),(773,7330),(774,7331),(775,7332),(777,7333),(777,7334),(778,7335),(778,7336),(779,7337),(779,7338),(781,7339),(781,7340),(782,7341),(782,7342),(783,7343),(783,7344),(790,7345),(791,7346),(799,7347),(799,7348),(800,7349),(800,7350),(801,7353),(801,7354),(802,7351),(802,7352),(803,7355),(803,7356),(809,7357),(810,7358),(814,7359),(815,7360),(816,7361),(823,7362),(823,7363),(828,7364),(829,7367),(829,7368),(830,7365),(830,7366),(836,7369),(837,7370),(838,7371),(838,7372),(839,7373),(840,7374),(842,7375),(843,7376),(844,7377),(853,7378),(854,7379),(855,7380),(857,7381),(857,7382),(858,7383),(858,7384),(859,7385),(859,7386),(864,7387),(864,7388),(865,7391),(865,7392),(866,7389),(866,7390),(867,7393),(867,7394),(873,7395),(874,7396),(875,7397),(876,7398),(877,7399),(884,7400),(885,7401),(886,7402),(888,7403),(889,7404),(890,7405),(894,7406),(895,7407),(896,7408),(899,7409),(900,7410),(903,7411),(903,7412),(909,7413),(910,7416),(911,7414),(911,7415),(917,7417),(918,7418),(919,7419),(919,7420),(920,7421),(921,7422),(924,7423),(925,7424),(926,7426),(927,7425),(928,7427),(932,7428),(932,7429),(933,7430),(933,7431),(934,7432),(934,7433),(936,7434),(937,7435),(938,7436),(941,7437),(942,7438),(943,7439),(954,7440),(955,7441),(956,7442),(957,7443),(966,7444),(966,7445),(967,7446),(967,7447),(968,7450),(968,7451),(969,7448),(969,7449),(970,7452),(970,7453),(974,7454),(975,7455),(976,7456),(979,7457),(980,7458),(983,7459),(984,7460),(985,7461),(991,7462),(992,7465),(993,7463),(993,7464),(994,7466),(995,7467),(1001,7468),(1002,7469),(1003,7470),(1003,7471),(1004,7472),(1005,7473),(1014,7474),(1015,7475),(1016,7476),(1018,7477),(1019,7478),(1023,7479),(1024,7480),(1025,7481),(1028,7482),(1035,7483),(1036,7484),(1037,7485),(1039,7486),(1040,7487),(1041,7488),(1042,7489),(1046,7490),(1046,7491),(1047,7492),(1047,7493),(1048,7494),(1048,7495),(1054,7496),(1055,7497),(1059,7498),(1060,7499),(1061,7500),(1064,7502),(1066,7503),(1067,7504),(1068,7501),(1069,7505),(1074,7506),(1074,7507),(1080,7508),(1081,7509),(1082,7510),(1082,7511),(1083,7512),(1084,7513),(1091,7514),(1092,7515),(1094,7516),(1094,7517),(1095,7518),(1095,7519),(1097,7520),(1098,7521),(1102,7522),(1103,7523),(1104,7524),(1114,7525),(1115,7526),(1116,7527),(1117,7528),(1118,7529),(1120,7530),(1120,7531),(1121,7532),(1121,7533),(1122,7534),(1122,7535),(1123,7536),(1123,7537),(1127,7538),(1127,7539),(1128,7540),(1128,7541),(1129,7542),(1129,7543),(1138,7544),(1139,7545),(1142,7546),(1142,7547),(1145,7548),(1145,7549),(1146,7552),(1146,7553),(1147,7550),(1147,7551),(1148,7554),(1149,7555),(1158,7148),(1159,7149),(1178,7556),(1179,7557),(1181,6968),(1181,6969);
/*!40000 ALTER TABLE `weapon_slots` ENABLE KEYS */;
UNLOCK TABLES;

--
-- Table structure for table `weapons`
--

DROP TABLE IF EXISTS `weapons`;
/*!40101 SET @saved_cs_client     = @@character_set_client */;
/*!40101 SET character_set_client = utf8 */;
CREATE TABLE `weapons` (
  `id` int(10) unsigned NOT NULL AUTO_INCREMENT,
  `name` varchar(64) COLLATE utf8_unicode_ci NOT NULL,
  `type` varchar(32) COLLATE utf8_unicode_ci NOT NULL,
  `rarity` smallint(5) unsigned NOT NULL,
  `slug` varchar(64) COLLATE utf8_unicode_ci NOT NULL,
  `attributes` longtext CHARACTER SET utf8mb4 COLLATE utf8mb4_bin NOT NULL,
  `crafting_id` int(10) unsigned DEFAULT NULL,
  `assets_id` int(10) unsigned DEFAULT NULL,
  `sharpness_id` int(10) unsigned NOT NULL,
  `attack_display` smallint(5) unsigned NOT NULL,
  `attack_raw` smallint(5) unsigned NOT NULL,
  `elements_length` int(10) unsigned NOT NULL DEFAULT 0,
  `slots_length` int(10) unsigned NOT NULL DEFAULT 0,
  PRIMARY KEY (`id`),
  UNIQUE KEY `UNIQ_520EBBE15E237E06` (`name`),
  UNIQUE KEY `UNIQ_520EBBE1989D9B62` (`slug`),
  UNIQUE KEY `UNIQ_520EBBE1537ED785` (`sharpness_id`),
  UNIQUE KEY `UNIQ_520EBBE123BE98B5` (`crafting_id`),
  UNIQUE KEY `UNIQ_520EBBE1E6AF163A` (`assets_id`),
  KEY `type_idx` (`type`),
  CONSTRAINT `FK_520EBBE123BE98B5` FOREIGN KEY (`crafting_id`) REFERENCES `weapon_crafting_info` (`id`),
  CONSTRAINT `FK_520EBBE1537ED785` FOREIGN KEY (`sharpness_id`) REFERENCES `weapon_sharpnesses` (`id`),
  CONSTRAINT `FK_520EBBE1E6AF163A` FOREIGN KEY (`assets_id`) REFERENCES `weapon_assets` (`id`)
) ENGINE=InnoDB AUTO_INCREMENT=1182 DEFAULT CHARSET=utf8 COLLATE=utf8_unicode_ci;
/*!40101 SET character_set_client = @saved_cs_client */;

--
-- Dumping data for table `weapons`
--

LOCK TABLES `weapons` WRITE;
/*!40000 ALTER TABLE `weapons` DISABLE KEYS */;
INSERT INTO `weapons` VALUES (1,'Buster Sword 1','great-sword',1,'buster-sword-1','{\"attack\":\"384\"}',1,1,1,384,80,0,0),(2,'Buster Sword 2','great-sword',1,'buster-sword-2','{\"attack\":\"432\"}',2,2,2,432,90,0,0),(3,'Buster Sword 3','great-sword',2,'buster-sword-3','{\"attack\":\"480\"}',3,5,3,480,100,0,0),(4,'Buster Blade 1','great-sword',3,'buster-blade-1','{\"attack\":\"576\"}',4,11,4,576,120,0,0),(5,'Buster Blade 2','great-sword',4,'buster-blade-2','{\"attack\":\"624\"}',5,22,5,624,130,0,0),(6,'Buster Blade 3','great-sword',5,'buster-blade-3','{\"attack\":\"672\"}',6,36,6,672,140,0,0),(7,'Chrome Razor 1','great-sword',6,'chrome-razor-1','{\"attack\":\"720\"}',7,50,7,720,150,1,1),(8,'Chrome Razor 2','great-sword',6,'chrome-razor-2','{\"attack\":\"864\"}',8,51,8,864,180,1,2),(9,'Nergal Judicator','great-sword',7,'nergal-judicator','{\"attack\":\"912\",\"elderseal\":\"high\"}',9,76,9,912,190,1,1),(10,'Purgation\'s Atrocity','great-sword',8,'purgations-atrocity','{\"attack\":\"1008\",\"elderseal\":\"high\"}',10,86,10,1008,210,1,1),(11,'Thunder Blade 1','great-sword',3,'thunder-blade-1','{\"attack\":\"528\"}',11,12,11,528,110,0,0),(12,'Thunder Blade 2','great-sword',4,'thunder-blade-2','{\"attack\":\"624\"}',12,23,12,624,130,0,0),(13,'Lightning Punisher 1','great-sword',5,'lightning-punisher-1','{\"attack\":\"672\"}',13,37,13,672,140,1,1),(14,'Lightning Punisher 2','great-sword',6,'lightning-punisher-2','{\"attack\":\"816\"}',14,52,14,816,170,1,1),(15,'Lightning Punisher 3','great-sword',6,'lightning-punisher-3','{\"attack\":\"912\"}',15,53,15,912,190,1,1),(16,'Freeze Blade 1','great-sword',4,'freeze-blade-1','{\"attack\":\"576\"}',16,24,16,576,120,0,0),(17,'Freeze Blade 2','great-sword',5,'freeze-blade-2','{\"attack\":\"624\"}',17,38,17,624,130,1,1),(18,'Frost Blaze 1','great-sword',6,'frost-blaze-1','{\"attack\":\"720\"}',18,54,18,720,150,1,1),(19,'Frost Blaze 2','great-sword',6,'frost-blaze-2','{\"attack\":\"768\"}',19,55,19,768,160,1,1),(20,'Jagras Blade 1','great-sword',2,'jagras-blade-1','{\"attack\":\"528\"}',20,6,20,528,110,0,0),(21,'Jagras Blade 2','great-sword',3,'jagras-blade-2','{\"attack\":\"576\"}',21,13,21,576,120,0,0),(22,'Jagras Blade 3','great-sword',4,'jagras-blade-3','{\"attack\":\"672\"}',22,25,22,672,140,0,0),(23,'Jagras Hacker 1','great-sword',5,'jagras-hacker-1','{\"attack\":\"816\"}',23,39,23,816,170,1,2),(24,'Jagras Hacker 2','great-sword',6,'jagras-hacker-2','{\"attack\":\"864\"}',24,56,24,864,180,1,2),(25,'Jagras Hacker 3','great-sword',6,'jagras-hacker-3','{\"attack\":\"912\"}',25,57,25,912,190,1,2),(26,'Girros Blade 1','great-sword',3,'girros-blade-1','{\"attack\":\"528\",\"affinity\":15}',26,14,26,528,110,0,0),(27,'Girros Blade 2','great-sword',4,'girros-blade-2','{\"attack\":\"624\",\"affinity\":15}',27,26,27,624,130,0,0),(28,'Malady\'s Kiss 1','great-sword',5,'maladys-kiss-1','{\"attack\":\"672\",\"affinity\":20}',28,40,28,672,140,0,0),(29,'Malady\'s Kiss 2','great-sword',6,'maladys-kiss-2','{\"attack\":\"720\",\"affinity\":20}',29,58,29,720,150,0,0),(30,'Malady\'s Kiss 3','great-sword',6,'maladys-kiss-3','{\"attack\":\"768\",\"affinity\":20}',30,59,30,768,160,0,0),(31,'Lava Blaze 1','great-sword',6,'lava-blaze-1','{\"attack\":\"768\"}',31,60,31,768,160,1,2),(32,'Lava Blaze 2','great-sword',7,'lava-blaze-2','{\"attack\":\"864\"}',32,77,32,864,180,1,2),(33,'Blooming Blade 1','great-sword',2,'blooming-blade-1','{\"attack\":\"528\"}',33,7,33,528,110,0,0),(34,'Blooming Blade 2','great-sword',3,'blooming-blade-2','{\"attack\":\"576\"}',34,15,34,576,120,0,0),(35,'Blooming Blade 3','great-sword',4,'blooming-blade-3','{\"attack\":\"624\"}',35,27,35,624,130,0,0),(36,'Datura Blaze 1','great-sword',5,'datura-blaze-1','{\"attack\":\"720\"}',36,41,36,720,150,1,2),(37,'Datura Blaze 2','great-sword',6,'datura-blaze-2','{\"attack\":\"768\"}',37,61,37,768,160,1,2),(38,'Datura Blaze 3','great-sword',6,'datura-blaze-3','{\"attack\":\"816\"}',38,62,38,816,170,1,2),(39,'Flame Blade 1','great-sword',4,'flame-blade-1','{\"attack\":\"672\",\"affinity\":10}',39,28,39,672,140,0,0),(40,'Flame Blade 2','great-sword',5,'flame-blade-2','{\"attack\":\"720\",\"affinity\":10}',40,42,40,720,150,0,0),(41,'Red Wing','great-sword',6,'red-wing','{\"attack\":\"768\",\"affinity\":15}',41,63,41,768,160,1,1),(42,'Blue Wing','great-sword',7,'blue-wing','{\"attack\":\"816\",\"affinity\":15}',42,78,42,816,170,1,1),(43,'Rathalos Glinsword','great-sword',8,'rathalos-glinsword','{\"attack\":\"912\",\"affinity\":15}',43,87,43,912,190,1,1),(44,'Bone Blade 1','great-sword',1,'bone-blade-1','{\"attack\":\"480\"}',44,3,44,480,100,0,0),(45,'Bone Blade 2','great-sword',1,'bone-blade-2','{\"attack\":\"528\"}',45,4,45,528,110,0,0),(46,'Bone Blade 3','great-sword',2,'bone-blade-3','{\"attack\":\"576\"}',46,8,46,576,120,0,0),(47,'Bone Slasher 1','great-sword',3,'bone-slasher-1','{\"attack\":\"672\"}',47,16,47,672,140,0,0),(48,'Bone Slasher 2','great-sword',4,'bone-slasher-2','{\"attack\":\"720\"}',48,29,48,720,150,0,0),(49,'Bone Slasher 3','great-sword',5,'bone-slasher-3','{\"attack\":\"768\"}',49,43,49,768,160,1,1),(50,'Giant Jawblade 1','great-sword',6,'giant-jawblade-1','{\"attack\":\"816\",\"defense\":10}',50,64,50,816,170,1,1),(51,'Giant Jawblade 2','great-sword',6,'giant-jawblade-2','{\"attack\":\"912\",\"defense\":10}',51,65,51,912,190,1,1),(52,'Hazak Kys','great-sword',7,'hazak-kys','{\"attack\":\"912\",\"elderseal\":\"average\"}',52,79,52,912,190,1,1),(53,'Leviathan\'s Fury','great-sword',8,'leviathans-fury','{\"attack\":\"960\",\"elderseal\":\"average\"}',53,88,53,960,200,1,1),(54,'Flammenzahn','great-sword',3,'flammenzahn','{\"attack\":\"720\",\"affinity\":-30}',54,17,54,720,150,0,0),(55,'Flammenzahn+','great-sword',5,'flammenzahn+','{\"attack\":\"864\",\"affinity\":-30}',55,44,55,864,180,0,0),(56,'Gnashing Flammenzahn','great-sword',7,'gnashing-flammenzahn','{\"attack\":\"1008\",\"affinity\":-30}',56,80,56,1008,210,0,0),(57,'Aqua Slasher 1','great-sword',2,'aqua-slasher-1','{\"attack\":\"576\"}',57,9,57,576,120,0,0),(58,'Aqua Slasher 2','great-sword',3,'aqua-slasher-2','{\"attack\":\"624\"}',58,18,58,624,130,0,0),(59,'Aqua Slasher 3','great-sword',4,'aqua-slasher-3','{\"attack\":\"672\"}',59,30,59,672,140,0,0),(60,'Water Golem 1','great-sword',5,'water-golem-1','{\"attack\":\"768\"}',60,45,60,768,160,1,1),(61,'Water Golem 2','great-sword',6,'water-golem-2','{\"attack\":\"816\"}',61,66,61,816,170,1,1),(62,'Water Golem 3','great-sword',6,'water-golem-3','{\"attack\":\"912\"}',62,67,62,912,190,1,1),(63,'Carapace Buster 1','great-sword',2,'carapace-buster-1','{\"attack\":\"624\",\"defense\":10,\"affinity\":-20}',63,10,63,624,130,0,0),(64,'Carapace Buster 2','great-sword',3,'carapace-buster-2','{\"attack\":\"672\",\"defense\":10,\"affinity\":-20}',64,19,64,672,140,0,0),(65,'Carapace Buster 3','great-sword',4,'carapace-buster-3','{\"attack\":\"720\",\"defense\":10,\"affinity\":-20}',65,31,65,720,150,0,0),(66,'Barroth Shredder 1','great-sword',5,'barroth-shredder-1','{\"attack\":\"816\",\"defense\":15,\"affinity\":-20}',66,46,66,816,170,1,1),(67,'Barroth Shredder 2','great-sword',6,'barroth-shredder-2','{\"attack\":\"864\",\"defense\":15,\"affinity\":-20}',67,68,67,864,180,1,2),(68,'Barroth Shredder 3','great-sword',6,'barroth-shredder-3','{\"attack\":\"960\",\"defense\":15,\"affinity\":-20}',68,69,68,960,200,1,2),(69,'Spiked Blade 1','great-sword',3,'spiked-blade-1','{\"attack\":\"624\",\"defense\":15}',69,20,69,624,130,0,0),(70,'Spiked Blade 2','great-sword',4,'spiked-blade-2','{\"attack\":\"672\",\"defense\":15}',70,32,70,672,140,0,0),(71,'Radobaan Slab 1','great-sword',5,'radobaan-slab-1','{\"attack\":\"768\",\"defense\":20}',71,47,71,768,160,0,0),(72,'Radobaan Slab 2','great-sword',6,'radobaan-slab-2','{\"attack\":\"816\",\"defense\":20}',72,70,72,816,170,0,0),(73,'Radobaan Slab 3','great-sword',6,'radobaan-slab-3','{\"attack\":\"912\",\"defense\":20}',73,71,73,912,190,0,0),(74,'Dragonbone Cleaver 1','great-sword',3,'dragonbone-cleaver-1','{\"attack\":\"480\",\"elderseal\":\"low\"}',74,21,74,480,100,1,0),(75,'Dragonbone Cleaver 2','great-sword',4,'dragonbone-cleaver-2','{\"attack\":\"576\",\"elderseal\":\"low\"}',75,33,75,576,120,1,0),(76,'Dragonbone Cleaver 3','great-sword',6,'dragonbone-cleaver-3','{\"attack\":\"768\",\"elderseal\":\"low\"}',76,72,76,768,160,1,2),(77,'Thundersword','great-sword',4,'thundersword','{\"attack\":\"528\"}',77,34,77,528,110,0,0),(78,'Kirin Thundersword','great-sword',7,'kirin-thundersword','{\"attack\":\"720\"}',78,81,78,720,150,0,0),(79,'King Thundersword','great-sword',8,'king-thundersword','{\"attack\":\"768\"}',79,89,79,768,160,0,0),(80,'Magda Potestas 1','great-sword',5,'magda-potestas-1','{\"attack\":\"768\",\"defense\":20,\"affinity\":-20}',80,48,80,768,160,1,1),(81,'Magda Potestas 2','great-sword',7,'magda-potestas-2','{\"attack\":\"1056\",\"defense\":20,\"affinity\":-20}',81,82,81,1056,220,1,1),(82,'Blacksteel Chopper 1','great-sword',5,'blacksteel-chopper-1','{\"attack\":\"480\",\"affinity\":10,\"elderseal\":\"low\"}',82,49,82,480,100,1,0),(83,'Blacksteel Chopper 2','great-sword',6,'blacksteel-chopper-2','{\"attack\":\"576\",\"affinity\":10,\"elderseal\":\"low\"}',83,73,83,576,120,1,0),(84,'Icesteel Edge','great-sword',7,'icesteel-edge','{\"attack\":\"816\"}',84,83,84,816,170,1,1),(85,'Daora\'s Decimator','great-sword',8,'daoras-decimator','{\"attack\":\"864\"}',85,90,85,864,180,1,1),(86,'Xeno Maliq','great-sword',8,'xeno-maliq','{\"attack\":\"816\",\"affinity\":15,\"elderseal\":\"low\"}',86,91,86,816,170,1,2),(87,'Wyvern Jawblade','great-sword',6,'wyvern-jawblade','{\"attack\":\"864\",\"defense\":20}',87,74,87,864,180,1,1),(88,'Great Wyvern Jawblade','great-sword',8,'great-wyvern-jawblade','{\"attack\":\"960\",\"defense\":20}',88,92,88,960,200,1,1),(89,'Iron Katana 1','long-sword',1,'iron-katana-1','{\"attack\":\"264\"}',89,93,89,264,80,0,0),(90,'Iron Katana 2','long-sword',1,'iron-katana-2','{\"attack\":\"297\"}',90,94,90,297,90,0,0),(91,'Iron Katana 3','long-sword',2,'iron-katana-3','{\"attack\":\"330\"}',91,97,91,330,100,0,0),(92,'Iron Grace 1','long-sword',3,'iron-grace-1','{\"attack\":\"363\"}',92,101,92,363,110,0,0),(93,'Iron Grace 2','long-sword',4,'iron-grace-2','{\"attack\":\"429\"}',93,113,93,429,130,0,0),(94,'Iron Grace 3','long-sword',5,'iron-grace-3','{\"attack\":\"462\"}',94,124,94,462,140,1,1),(95,'Iron Gospel 1','long-sword',6,'iron-gospel-1','{\"attack\":\"528\"}',95,136,95,528,160,1,1),(96,'Iron Gospel 2','long-sword',6,'iron-gospel-2','{\"attack\":\"594\"}',96,137,96,594,180,1,2),(97,'Nergal Reaver','long-sword',7,'nergal-reaver','{\"attack\":\"627\",\"elderseal\":\"high\"}',97,160,97,627,190,1,1),(98,'Extermination\'s Edge','long-sword',8,'exterminations-edge','{\"attack\":\"693\",\"elderseal\":\"high\"}',98,169,98,693,210,1,1),(99,'Flickering Glow 1','long-sword',3,'flickering-glow-1','{\"attack\":\"429\"}',99,102,99,429,130,0,0),(100,'Flickering Glow 2','long-sword',4,'flickering-glow-2','{\"attack\":\"462\"}',100,114,100,462,140,0,0),(101,'Dazzling Flash 1','long-sword',5,'dazzling-flash-1','{\"attack\":\"528\"}',101,125,101,528,160,1,1),(102,'Dazzling Flash 2','long-sword',6,'dazzling-flash-2','{\"attack\":\"561\"}',102,138,102,561,170,1,1),(103,'Dazzling Flash 3','long-sword',6,'dazzling-flash-3','{\"attack\":\"594\"}',103,139,103,594,180,1,1),(104,'First Dance 1','long-sword',2,'first-dance-1','{\"attack\":\"330\",\"affinity\":15}',104,98,104,330,100,0,0),(105,'First Dance 2','long-sword',3,'first-dance-2','{\"attack\":\"363\",\"affinity\":15}',105,103,105,363,110,0,0),(106,'First Dance 3','long-sword',4,'first-dance-3','{\"attack\":\"429\",\"affinity\":15}',106,115,106,429,130,0,0),(107,'Last Dance 1','long-sword',5,'last-dance-1','{\"attack\":\"495\",\"affinity\":20}',107,126,107,495,150,0,0),(108,'Last Dance 2','long-sword',6,'last-dance-2','{\"attack\":\"528\",\"affinity\":20}',108,140,108,528,160,0,0),(109,'Last Dance 3','long-sword',6,'last-dance-3','{\"attack\":\"561\",\"affinity\":20}',109,141,109,561,170,0,0),(110,'Brazenridge 1','long-sword',6,'brazenridge-1','{\"attack\":\"594\",\"defense\":25,\"affinity\":-10}',110,142,110,594,180,1,1),(111,'Brazenridge 2','long-sword',7,'brazenridge-2','{\"attack\":\"660\",\"defense\":25,\"affinity\":-10}',111,161,111,660,200,1,2),(112,'Wyvern Blade \"Leaf\"','long-sword',3,'wyvern-blade-leaf','{\"attack\":\"363\",\"affinity\":10}',112,104,112,363,110,0,0),(113,'Wyvern Blade \"Verde\"','long-sword',5,'wyvern-blade-verde','{\"attack\":\"495\",\"affinity\":10}',113,127,113,495,150,1,1),(114,'Wyvern Blade \"Holly\"','long-sword',7,'wyvern-blade-holly','{\"attack\":\"627\",\"affinity\":10}',114,162,114,627,190,1,1),(115,'Wyvern Blade \"Fall\"','long-sword',4,'wyvern-blade-fall','{\"attack\":\"396\",\"affinity\":15}',115,116,115,396,120,0,0),(116,'Wyvern Blade \"Blood\"','long-sword',6,'wyvern-blade-blood','{\"attack\":\"528\",\"affinity\":15}',116,143,116,528,160,1,1),(117,'Wyvern Blade \"Azure\"','long-sword',7,'wyvern-blade-azure','{\"attack\":\"561\",\"affinity\":15}',117,163,117,561,170,1,1),(118,'Wyvern Blade \"Indigo\"','long-sword',8,'wyvern-blade-indigo','{\"attack\":\"627\",\"affinity\":15}',118,170,118,627,190,1,1),(119,'Bone Shotel 1','long-sword',1,'bone-shotel-1','{\"attack\":\"297\"}',119,95,119,297,90,0,0),(120,'Bone Shotel 2','long-sword',1,'bone-shotel-2','{\"attack\":\"330\"}',120,96,120,330,100,0,0),(121,'Bone Shotel 3','long-sword',2,'bone-shotel-3','{\"attack\":\"396\"}',121,99,121,396,120,0,0),(122,'Hard Bone Shotel 1','long-sword',3,'hard-bone-shotel-1','{\"attack\":\"429\"}',122,105,122,429,130,0,0),(123,'Hard Bone Shotel 2','long-sword',4,'hard-bone-shotel-2','{\"attack\":\"495\"}',123,117,123,495,150,0,0),(124,'Hard Bone Shotel 3','long-sword',5,'hard-bone-shotel-3','{\"attack\":\"528\"}',124,128,124,528,160,1,1),(125,'Bone Reaper 1','long-sword',6,'bone-reaper-1','{\"attack\":\"561\",\"defense\":10}',125,144,125,561,170,1,1),(126,'Bone Reaper 2','long-sword',6,'bone-reaper-2','{\"attack\":\"627\",\"defense\":10}',126,145,126,627,190,1,1),(127,'Rookslayer Long Sword','long-sword',6,'rookslayer-long-sword','{\"attack\":\"561\",\"affinity\":-10}',127,146,127,561,170,1,2),(128,'Bazel Varga Rookslayer','long-sword',8,'bazel-varga-rookslayer','{\"attack\":\"660\",\"affinity\":-10}',128,171,128,660,200,1,2),(129,'Blazing Shotel 1','long-sword',3,'blazing-shotel-1','{\"attack\":\"462\",\"affinity\":-20}',129,106,129,462,140,0,0),(130,'Blazing Shotel 2','long-sword',4,'blazing-shotel-2','{\"attack\":\"528\",\"affinity\":-20}',130,118,130,528,160,0,0),(131,'Anja Scimitar 1','long-sword',5,'anja-scimitar-1','{\"attack\":\"594\",\"affinity\":-20}',131,129,131,594,180,0,0),(132,'Anja Scimitar 2','long-sword',6,'anja-scimitar-2','{\"attack\":\"660\",\"affinity\":-20}',132,147,132,660,200,0,0),(133,'Anja Scimitar 3','long-sword',6,'anja-scimitar-3','{\"attack\":\"693\",\"affinity\":-20}',133,148,133,693,210,0,0),(134,'Jyura Shotel 1','long-sword',2,'jyura-shotel-1','{\"attack\":\"396\"}',134,100,134,396,120,0,0),(135,'Jyura Shotel 2','long-sword',3,'jyura-shotel-2','{\"attack\":\"429\"}',135,107,135,429,130,0,0),(136,'Jyura Shotel 3','long-sword',4,'jyura-shotel-3','{\"attack\":\"462\"}',136,119,136,462,140,0,0),(137,'Dipterus 1','long-sword',5,'dipterus-1','{\"attack\":\"495\"}',137,130,137,495,150,1,1),(138,'Dipterus 2','long-sword',6,'dipterus-2','{\"attack\":\"561\"}',138,149,138,561,170,1,1),(139,'Dipterus 3','long-sword',6,'dipterus-3','{\"attack\":\"627\"}',139,150,139,627,190,1,1),(140,'Hazak Grosser 1','long-sword',7,'hazak-grosser-1','{\"attack\":\"627\",\"elderseal\":\"average\"}',140,164,140,627,190,1,1),(141,'Hazak Grosser 2','long-sword',7,'hazak-grosser-2','{\"attack\":\"660\",\"elderseal\":\"average\"}',141,165,141,660,200,1,1),(142,'Pulsar Shotel 1','long-sword',3,'pulsar-shotel-1','{\"attack\":\"363\",\"affinity\":10}',142,108,142,363,110,0,0),(143,'Pulsar Shotel 2','long-sword',3,'pulsar-shotel-2','{\"attack\":\"396\",\"affinity\":10}',143,109,143,396,120,0,0),(144,'Pulsar Shotel 3','long-sword',4,'pulsar-shotel-3','{\"attack\":\"462\",\"affinity\":10}',144,120,144,462,140,0,0),(145,'Kadachi Fang 1','long-sword',5,'kadachi-fang-1','{\"attack\":\"528\",\"affinity\":15}',145,131,145,528,160,1,1),(146,'Kadachi Fang 2','long-sword',6,'kadachi-fang-2','{\"attack\":\"561\",\"affinity\":15}',146,151,146,561,170,1,1),(147,'Kadachi Fang 3','long-sword',6,'kadachi-fang-3','{\"attack\":\"594\",\"affinity\":15}',147,152,147,594,180,1,1),(148,'Glacial Shotel 1','long-sword',4,'glacial-shotel-1','{\"attack\":\"429\"}',148,121,148,429,130,0,0),(149,'Glacial Shotel 2','long-sword',5,'glacial-shotel-2','{\"attack\":\"462\"}',149,132,149,462,140,0,0),(150,'Stealer','long-sword',6,'stealer','{\"attack\":\"495\"}',150,153,150,495,150,0,0),(151,'Legia Stealer','long-sword',8,'legia-stealer','{\"attack\":\"528\"}',151,172,151,528,160,0,0),(152,'Dark Shotel 1','long-sword',3,'dark-shotel-1','{\"attack\":\"396\"}',152,110,152,396,120,0,0),(153,'Dark Shotel 2','long-sword',4,'dark-shotel-2','{\"attack\":\"429\"}',153,122,153,429,130,0,0),(154,'Dark Scimitar 1','long-sword',5,'dark-scimitar-1','{\"attack\":\"462\"}',154,133,154,462,140,1,1),(155,'Dark Scimitar 2','long-sword',6,'dark-scimitar-2','{\"attack\":\"495\"}',155,154,155,495,150,1,1),(156,'Dark Scimitar 3','long-sword',6,'dark-scimitar-3','{\"attack\":\"528\"}',156,155,156,528,160,1,1),(157,'Dragonbone Stabber 1','long-sword',3,'dragonbone-stabber-1','{\"attack\":\"330\",\"elderseal\":\"low\"}',157,111,157,330,100,1,0),(158,'Dragonbone Stabber 2','long-sword',4,'dragonbone-stabber-2','{\"attack\":\"363\",\"elderseal\":\"low\"}',158,123,158,363,110,1,0),(159,'Dragonbone Stabber 3','long-sword',6,'dragonbone-stabber-3','{\"attack\":\"528\",\"elderseal\":\"low\"}',159,156,159,528,160,1,1),(160,'Magda Facultas 1','long-sword',5,'magda-facultas-1','{\"attack\":\"528\",\"defense\":20,\"affinity\":-20}',160,134,160,528,160,1,1),(161,'Magda Facultas 2','long-sword',7,'magda-facultas-2','{\"attack\":\"726\",\"defense\":20,\"affinity\":-20}',161,166,161,726,220,1,1),(162,'Blacksteel Long Sword 1','long-sword',5,'blacksteel-long-sword-1','{\"attack\":\"330\",\"elderseal\":\"low\"}',162,135,162,330,100,1,0),(163,'Blacksteel Long Sword 2','long-sword',6,'blacksteel-long-sword-2','{\"attack\":\"363\",\"elderseal\":\"low\"}',163,157,163,363,110,1,0),(164,'Imperial Saber','long-sword',7,'imperial-saber','{\"attack\":\"561\"}',164,167,164,561,170,0,0),(165,'Imperial Shimmer','long-sword',8,'imperial-shimmer','{\"attack\":\"627\"}',165,173,165,627,190,0,0),(166,'Xeno Cypher','long-sword',8,'xeno-cypher','{\"attack\":\"594\",\"affinity\":15,\"elderseal\":\"low\"}',166,174,166,594,180,1,2),(167,'Supremacy Blade','long-sword',6,'supremacy-blade','{\"attack\":\"561\",\"defense\":20,\"elderseal\":\"high\"}',167,158,167,561,170,1,1),(168,'Divine Slasher','long-sword',8,'divine-slasher','{\"attack\":\"693\",\"defense\":20,\"elderseal\":\"high\"}',168,175,168,693,210,1,1),(169,'Azure Star Blade','long-sword',3,'azure-star-blade','{\"attack\":\"363\",\"affinity\":20}',169,112,169,363,110,0,0),(170,'Hunter\'s Knife 1','sword-and-shield',1,'hunters-knife-1','{\"attack\":\"112\"}',170,176,170,112,80,0,0),(171,'Hunter\'s Knife 2','sword-and-shield',1,'hunters-knife-2','{\"attack\":\"126\"}',171,177,171,126,90,0,0),(172,'Hunter\'s Knife 3','sword-and-shield',2,'hunters-knife-3','{\"attack\":\"140\"}',172,180,172,140,100,0,0),(173,'Steel Knife 1','sword-and-shield',3,'steel-knife-1','{\"attack\":\"168\"}',173,186,173,168,120,0,0),(174,'Steel Knife 2','sword-and-shield',4,'steel-knife-2','{\"attack\":\"182\"}',174,199,174,182,130,0,0),(175,'Steel Knife 3','sword-and-shield',5,'steel-knife-3','{\"attack\":\"196\"}',175,215,175,196,140,1,1),(176,'Chrome Slicer 1','sword-and-shield',6,'chrome-slicer-1','{\"attack\":\"224\"}',176,230,176,224,160,1,1),(177,'Chrome Slicer 2','sword-and-shield',6,'chrome-slicer-2','{\"attack\":\"252\"}',177,231,177,252,180,1,2),(178,'Nergal Jack','sword-and-shield',7,'nergal-jack','{\"attack\":\"280\",\"elderseal\":\"high\"}',178,258,178,280,200,1,1),(179,'Eradication Vanguard','sword-and-shield',8,'eradication-vanguard','{\"attack\":\"294\",\"elderseal\":\"high\"}',179,266,179,294,210,1,1),(180,'Flame Knife 1','sword-and-shield',4,'flame-knife-1','{\"attack\":\"182\",\"affinity\":10}',180,200,180,182,130,0,0),(181,'Flame Knife 2','sword-and-shield',5,'flame-knife-2','{\"attack\":\"196\",\"affinity\":10}',181,216,181,196,140,1,1),(182,'Heat Edge','sword-and-shield',6,'heat-edge','{\"attack\":\"224\",\"affinity\":20}',182,232,182,224,160,1,1),(183,'Corona','sword-and-shield',7,'corona','{\"attack\":\"266\",\"affinity\":20}',183,259,183,266,190,1,1),(184,'Heavy Bang','sword-and-shield',4,'heavy-bang','{\"attack\":\"210\",\"defense\":20}',184,201,184,210,150,0,0),(185,'Heavy Bang+','sword-and-shield',6,'heavy-bang+','{\"attack\":\"252\",\"defense\":20}',185,233,185,252,180,1,1),(186,'Master Bang','sword-and-shield',7,'master-bang','{\"attack\":\"280\",\"defense\":20}',186,260,186,280,200,1,1),(187,'Aqua Messer 1','sword-and-shield',2,'aqua-messer-1','{\"attack\":\"140\"}',187,181,187,140,100,0,0),(188,'Aqua Messer 2','sword-and-shield',3,'aqua-messer-2','{\"attack\":\"168\"}',188,187,188,168,120,0,0),(189,'Aqua Messer 3','sword-and-shield',4,'aqua-messer-3','{\"attack\":\"196\"}',189,202,189,196,140,0,0),(190,'Rogue Wave 1','sword-and-shield',5,'rogue-wave-1','{\"attack\":\"210\"}',190,217,190,210,150,1,1),(191,'Rogue Wave 2','sword-and-shield',6,'rogue-wave-2','{\"attack\":\"224\"}',191,234,191,224,160,1,1),(192,'Rogue Wave 3','sword-and-shield',6,'rogue-wave-3','{\"attack\":\"252\"}',192,235,192,252,180,1,1),(193,'Glacial Grace 1','sword-and-shield',4,'glacial-grace-1','{\"attack\":\"182\"}',193,203,193,182,130,0,0),(194,'Glacial Grace 2','sword-and-shield',5,'glacial-grace-2','{\"attack\":\"196\"}',194,218,194,196,140,1,1),(195,'Rimespire','sword-and-shield',6,'rimespire','{\"attack\":\"210\"}',195,236,195,210,150,1,1),(196,'Legia Rimespire','sword-and-shield',8,'legia-rimespire','{\"attack\":\"224\"}',196,267,196,224,160,1,1),(197,'Princess Rapier','sword-and-shield',3,'princess-rapier','{\"attack\":\"168\",\"affinity\":10}',197,188,197,168,120,0,0),(198,'Queen Rapier','sword-and-shield',5,'queen-rapier','{\"attack\":\"210\",\"affinity\":10}',198,219,198,210,150,1,1),(199,'Queen Rose','sword-and-shield',6,'queen-rose','{\"attack\":\"238\",\"affinity\":10}',199,237,199,238,170,1,1),(200,'Royal Rose','sword-and-shield',7,'royal-rose','{\"attack\":\"266\",\"affinity\":10}',200,261,200,266,190,1,1),(201,'Lumu Knife 1','sword-and-shield',3,'lumu-knife-1','{\"attack\":\"168\"}',201,189,201,168,120,0,0),(202,'Lumu Knife 2','sword-and-shield',4,'lumu-knife-2','{\"attack\":\"182\"}',202,204,202,182,130,0,0),(203,'Lumu Tabar 1','sword-and-shield',5,'lumu-tabar-1','{\"attack\":\"210\"}',203,220,203,210,150,1,2),(204,'Lumu Tabar 2','sword-and-shield',6,'lumu-tabar-2','{\"attack\":\"224\"}',204,238,204,224,160,1,2),(205,'Lumu Tabar 3','sword-and-shield',6,'lumu-tabar-3','{\"attack\":\"238\"}',205,239,205,238,170,1,2),(206,'Blooming Knife 1','sword-and-shield',2,'blooming-knife-1','{\"attack\":\"154\"}',206,182,206,154,110,0,0),(207,'Blooming Knife 2','sword-and-shield',3,'blooming-knife-2','{\"attack\":\"182\"}',207,190,207,182,130,0,0),(208,'Blooming Knife 3','sword-and-shield',4,'blooming-knife-3','{\"attack\":\"196\"}',208,205,208,196,140,0,0),(209,'Datura Blossom 1','sword-and-shield',5,'datura-blossom-1','{\"attack\":\"210\"}',209,221,209,210,150,1,2),(210,'Datura Blossom 2','sword-and-shield',6,'datura-blossom-2','{\"attack\":\"224\"}',210,240,210,224,160,1,2),(211,'Datura Blossom 3','sword-and-shield',6,'datura-blossom-3','{\"attack\":\"238\"}',211,241,211,238,170,1,2),(212,'Girros Knife 1','sword-and-shield',3,'girros-knife-1','{\"attack\":\"168\",\"affinity\":10}',212,191,212,168,120,0,0),(213,'Girros Knife 2','sword-and-shield',4,'girros-knife-2','{\"attack\":\"182\",\"affinity\":10}',213,206,213,182,130,0,0),(214,'Malady\'s Tabar 1','sword-and-shield',5,'maladys-tabar-1','{\"attack\":\"196\",\"affinity\":20}',214,222,214,196,140,0,0),(215,'Malady\'s Tabar 2','sword-and-shield',6,'maladys-tabar-2','{\"attack\":\"210\",\"affinity\":20}',215,242,215,210,150,0,0),(216,'Malady\'s Tabar 3','sword-and-shield',6,'maladys-tabar-3','{\"attack\":\"224\",\"affinity\":20}',216,243,216,224,160,0,0),(217,'Bone Kukri 1','sword-and-shield',1,'bone-kukri-1','{\"attack\":\"140\"}',217,178,217,140,100,0,0),(218,'Bone Kukri 2','sword-and-shield',1,'bone-kukri-2','{\"attack\":\"154\"}',218,179,218,154,110,0,0),(219,'Bone Kukri 3','sword-and-shield',2,'bone-kukri-3','{\"attack\":\"168\"}',219,183,219,168,120,0,0),(220,'Chief Kukri 1','sword-and-shield',3,'chief-kukri-1','{\"attack\":\"196\"}',220,192,220,196,140,0,0),(221,'Chief Kukri 2','sword-and-shield',4,'chief-kukri-2','{\"attack\":\"210\"}',221,207,221,210,150,0,0),(222,'Chief Kukri 3','sword-and-shield',5,'chief-kukri-3','{\"attack\":\"224\"}',222,223,222,224,160,1,1),(223,'Grand Barong 1','sword-and-shield',6,'grand-barong-1','{\"attack\":\"238\",\"defense\":10}',223,244,223,238,170,1,1),(224,'Grand Barong 2','sword-and-shield',6,'grand-barong-2','{\"attack\":\"266\"}',224,245,224,266,190,1,1),(225,'Spiked Edge 1','sword-and-shield',3,'spiked-edge-1','{\"attack\":\"182\",\"defense\":15}',225,193,225,182,130,0,0),(226,'Spiked Edge 2','sword-and-shield',4,'spiked-edge-2','{\"attack\":\"196\",\"defense\":15}',226,208,226,196,140,0,0),(227,'Baan Claw 1','sword-and-shield',5,'baan-claw-1','{\"attack\":\"238\",\"defense\":20}',227,224,227,238,170,0,0),(228,'Baan Claw 2','sword-and-shield',6,'baan-claw-2','{\"attack\":\"252\",\"defense\":20}',228,246,228,252,180,0,0),(229,'Baan Claw 3','sword-and-shield',6,'baan-claw-3','{\"attack\":\"266\",\"defense\":20}',229,247,229,266,190,0,0),(230,'Jagras Edge 1','sword-and-shield',2,'jagras-edge-1','{\"attack\":\"168\"}',230,184,230,168,120,0,0),(231,'Jagras Edge 2','sword-and-shield',3,'jagras-edge-2','{\"attack\":\"196\"}',231,194,231,196,140,0,0),(232,'Jagras Edge 3','sword-and-shield',4,'jagras-edge-3','{\"attack\":\"210\"}',232,209,232,210,150,0,0),(233,'Jagras Garotte 1','sword-and-shield',5,'jagras-garotte-1','{\"attack\":\"238\"}',233,225,233,238,170,1,2),(234,'Jagras Garotte 2','sword-and-shield',6,'jagras-garotte-2','{\"attack\":\"252\"}',234,248,234,252,180,1,2),(235,'Jagras Garotte 3','sword-and-shield',6,'jagras-garotte-3','{\"attack\":\"266\"}',235,249,235,266,190,1,2),(236,'Thunder Edge 1','sword-and-shield',3,'thunder-edge-1','{\"attack\":\"182\"}',236,195,236,182,130,0,0),(237,'Thunder Edge 2','sword-and-shield',4,'thunder-edge-2','{\"attack\":\"210\"}',237,210,237,210,150,0,0),(238,'Lightning Nemesis 1','sword-and-shield',5,'lightning-nemesis-1','{\"attack\":\"224\"}',238,226,238,224,160,1,1),(239,'Lightning Nemesis 2','sword-and-shield',6,'lightning-nemesis-2','{\"attack\":\"252\"}',239,250,239,252,180,1,1),(240,'Lightning Nemesis 3','sword-and-shield',6,'lightning-nemesis-3','{\"attack\":\"266\"}',240,251,240,266,190,1,1),(241,'Carapace Edge 1','sword-and-shield',2,'carapace-edge-1','{\"attack\":\"182\",\"defense\":10}',241,185,241,182,130,0,0),(242,'Carapace Edge 2','sword-and-shield',3,'carapace-edge-2','{\"attack\":\"196\",\"defense\":10}',242,196,242,196,140,0,0),(243,'Carapace Edge 3','sword-and-shield',4,'carapace-edge-3','{\"attack\":\"224\",\"defense\":10}',243,211,243,224,160,0,0),(244,'Barroth Club 1','sword-and-shield',5,'barroth-club-1','{\"attack\":\"252\",\"defense\":15,\"affinity\":-10}',244,227,244,252,180,1,1),(245,'Barroth Club 2','sword-and-shield',6,'barroth-club-2','{\"attack\":\"266\",\"defense\":15,\"affinity\":-10}',245,252,245,266,190,1,2),(246,'Barroth Club 3','sword-and-shield',6,'barroth-club-3','{\"attack\":\"294\",\"defense\":15,\"affinity\":-10}',246,253,246,294,210,1,2),(247,'Blazing Edge 1','sword-and-shield',3,'blazing-edge-1','{\"attack\":\"196\",\"affinity\":-20}',247,197,247,196,140,0,0),(248,'Blazing Edge 2','sword-and-shield',4,'blazing-edge-2','{\"attack\":\"224\",\"affinity\":-20}',248,212,248,224,160,0,0),(249,'Flammensucher','sword-and-shield',5,'flammensucher','{\"attack\":\"266\",\"affinity\":-20}',249,228,249,266,190,0,0),(250,'Gnashing Flammensucher','sword-and-shield',7,'gnashing-flammensucher','{\"attack\":\"294\",\"affinity\":-20}',250,262,250,294,210,0,0),(251,'Dragonbone Sword 1','sword-and-shield',3,'dragonbone-sword-1','{\"attack\":\"140\",\"elderseal\":\"low\"}',251,198,251,140,100,1,0),(252,'Dragonbone Sword 2','sword-and-shield',4,'dragonbone-sword-2','{\"attack\":\"154\",\"elderseal\":\"low\"}',252,213,252,154,110,1,0),(253,'Dragonbone Sword 3','sword-and-shield',6,'dragonbone-sword-3','{\"attack\":\"196\",\"elderseal\":\"low\"}',253,254,253,196,140,1,1),(254,'Fulminator','sword-and-shield',4,'fulminator','{\"attack\":\"154\"}',254,214,254,154,110,0,0),(255,'Thunderbolt Sword 1','sword-and-shield',6,'thunderbolt-sword-1','{\"attack\":\"210\"}',255,255,255,210,150,0,0),(256,'Thunderbolt Sword 2','sword-and-shield',7,'thunderbolt-sword-2','{\"attack\":\"224\"}',256,263,256,224,160,0,0),(257,'Blacksteel Sword 1','sword-and-shield',5,'blacksteel-sword-1','{\"attack\":\"140\",\"elderseal\":\"low\"}',257,229,257,140,100,1,0),(258,'Blacksteel Sword 2','sword-and-shield',6,'blacksteel-sword-2','{\"attack\":\"154\",\"elderseal\":\"low\"}',258,256,258,154,110,1,0),(259,'Teostra\'s Spada','sword-and-shield',7,'teostras-spada','{\"attack\":\"252\"}',259,264,259,252,180,0,0),(260,'Teostra\'s Emblem','sword-and-shield',8,'teostras-emblem','{\"attack\":\"266\"}',260,268,260,266,190,0,0),(261,'Xeno Mabura','sword-and-shield',8,'xeno-mabura','{\"attack\":\"238\",\"affinity\":15,\"elderseal\":\"low\"}',261,269,261,238,170,1,2),(262,'Matched Slicers 1','dual-blades',1,'matched-slicers-1','{\"attack\":\"112\"}',262,270,262,112,80,0,0),(263,'Matched Slicers 2','dual-blades',1,'matched-slicers-2','{\"attack\":\"126\"}',263,271,263,126,90,0,0),(264,'Matched Slicers 3','dual-blades',2,'matched-slicers-3','{\"attack\":\"140\"}',264,274,264,140,100,0,0),(265,'Dual Slicers 1','dual-blades',3,'dual-slicers-1','{\"attack\":\"154\"}',265,279,265,154,110,0,0),(266,'Dual Slicers 2','dual-blades',4,'dual-slicers-2','{\"attack\":\"182\"}',266,289,266,182,130,0,0),(267,'Dual Slicers 3','dual-blades',5,'dual-slicers-3','{\"attack\":\"196\"}',267,302,267,196,140,1,1),(268,'Chrome Slicers 1','dual-blades',6,'chrome-slicers-1','{\"attack\":\"224\"}',268,316,268,224,160,1,1),(269,'Chrome Slicers 2','dual-blades',6,'chrome-slicers-2','{\"attack\":\"252\"}',269,317,269,252,180,1,2),(270,'Nergal Gouge','dual-blades',7,'nergal-gouge','{\"attack\":\"280\",\"elderseal\":\"high\"}',270,339,270,280,200,1,1),(271,'Decimation Claws','dual-blades',8,'decimation-claws','{\"attack\":\"294\",\"elderseal\":\"high\"}',271,349,271,294,210,1,1),(272,'Luminous Daggers 1','dual-blades',3,'luminous-daggers-1','{\"attack\":\"168\"}',272,280,272,168,120,0,0),(273,'Luminous Daggers 2','dual-blades',4,'luminous-daggers-2','{\"attack\":\"196\"}',273,290,273,196,140,0,0),(274,'Dual Destroyers 1','dual-blades',5,'dual-destroyers-1','{\"attack\":\"224\"}',274,303,274,224,160,1,1),(275,'Dual Destroyers 2','dual-blades',6,'dual-destroyers-2','{\"attack\":\"238\"}',275,318,275,238,170,1,1),(276,'Dual Destroyers 3','dual-blades',6,'dual-destroyers-3','{\"attack\":\"252\"}',276,319,276,252,180,1,1),(277,'Rookslayer Handaxes','dual-blades',6,'rookslayer-handaxes','{\"attack\":\"252\",\"affinity\":-10}',277,320,277,252,180,1,1),(278,'Bazelhawk Rookslayer','dual-blades',8,'bazelhawk-rookslayer','{\"attack\":\"280\",\"affinity\":-10}',278,350,278,280,200,1,1),(279,'Freeze Daggers 1','dual-blades',4,'freeze-daggers-1','{\"attack\":\"182\"}',279,291,279,182,130,0,0),(280,'Freeze Daggers 2','dual-blades',5,'freeze-daggers-2','{\"attack\":\"210\"}',280,304,280,210,150,1,1),(281,'Freeze Chain 1','dual-blades',6,'freeze-chain-1','{\"attack\":\"238\"}',281,321,281,238,170,1,1),(282,'Freeze Chain 2','dual-blades',6,'freeze-chain-2','{\"attack\":\"252\"}',282,322,282,252,180,1,1),(283,'Rending Beaks 1','dual-blades',2,'rending-beaks-1','{\"attack\":\"154\",\"affinity\":15}',283,275,283,154,110,0,0),(284,'Rending Beaks 2','dual-blades',3,'rending-beaks-2','{\"attack\":\"168\",\"affinity\":15}',284,281,284,168,120,0,0),(285,'Rending Beaks 3','dual-blades',4,'rending-beaks-3','{\"attack\":\"182\",\"affinity\":15}',285,292,285,182,130,0,0),(286,'Arcanaria 1','dual-blades',5,'arcanaria-1','{\"attack\":\"210\",\"affinity\":20}',286,305,286,210,150,0,0),(287,'Arcanaria 2','dual-blades',6,'arcanaria-2','{\"attack\":\"224\",\"affinity\":20}',287,323,287,224,160,0,0),(288,'Arcanaria 3','dual-blades',6,'arcanaria-3','{\"attack\":\"238\",\"affinity\":20}',288,324,288,238,170,0,0),(289,'Sworn Rapiers','dual-blades',3,'sworn-rapiers','{\"attack\":\"182\"}',289,282,289,182,130,0,0),(290,'Sworn Rapiers+','dual-blades',5,'sworn-rapiers+','{\"attack\":\"210\"}',290,306,290,210,150,1,1),(291,'Holy Sabers','dual-blades',7,'holy-sabers','{\"attack\":\"252\"}',291,340,291,252,180,1,1),(292,'Bone Hatchets 1','dual-blades',1,'bone-hatchets-1','{\"attack\":\"140\"}',292,272,292,140,100,0,0),(293,'Bone Hatchets 2','dual-blades',1,'bone-hatchets-2','{\"attack\":\"154\"}',293,273,293,154,110,0,0),(294,'Bone Hatchets 3','dual-blades',2,'bone-hatchets-3','{\"attack\":\"168\"}',294,276,294,168,120,0,0),(295,'Wild Hatchets 1','dual-blades',3,'wild-hatchets-1','{\"attack\":\"196\"}',295,283,295,196,140,0,0),(296,'Wild Hatchets 2','dual-blades',4,'wild-hatchets-2','{\"attack\":\"210\"}',296,293,296,210,150,0,0),(297,'Wild Hatchets 3','dual-blades',5,'wild-hatchets-3','{\"attack\":\"224\"}',297,307,297,224,160,1,1),(298,'Strong Hatchets 1','dual-blades',6,'strong-hatchets-1','{\"attack\":\"238\",\"defense\":10}',298,325,298,238,170,1,1),(299,'Strong Hatchets 2','dual-blades',6,'strong-hatchets-2','{\"attack\":\"266\",\"defense\":10}',299,326,299,266,190,1,1),(300,'Blazing Hatchets 1','dual-blades',3,'blazing-hatchets-1','{\"attack\":\"196\",\"affinity\":-20}',300,284,300,196,140,0,0),(301,'Blazing Hatchets 2','dual-blades',4,'blazing-hatchets-2','{\"attack\":\"210\",\"affinity\":-20}',301,294,301,210,150,0,0),(302,'Anja Cyclone 1','dual-blades',5,'anja-cyclone-1','{\"attack\":\"238\",\"affinity\":-20}',302,308,302,238,170,0,0),(303,'Anja Cyclone 2','dual-blades',6,'anja-cyclone-2','{\"attack\":\"266\",\"affinity\":-20}',303,327,303,266,190,0,0),(304,'Anja Cyclone 3','dual-blades',7,'anja-cyclone-3','{\"attack\":\"294\",\"affinity\":-20}',304,341,304,294,210,0,0),(305,'Diablos Hatchets 1','dual-blades',4,'diablos-hatchets-1','{\"attack\":\"224\",\"defense\":10,\"affinity\":-10}',305,295,305,224,160,0,0),(306,'Diablos Hatchets 2','dual-blades',5,'diablos-hatchets-2','{\"attack\":\"266\",\"defense\":10,\"affinity\":-10}',306,309,306,266,190,1,1),(307,'Diablos Clubs 1','dual-blades',6,'diablos-clubs-1','{\"attack\":\"294\",\"defense\":15,\"affinity\":-10}',307,328,307,294,210,1,1),(308,'Diablos Clubs 2','dual-blades',7,'diablos-clubs-2','{\"attack\":\"322\",\"defense\":10,\"affinity\":-10}',308,342,308,322,230,1,1),(309,'Madness Pangas 1','dual-blades',2,'madness-pangas-1','{\"attack\":\"154\"}',309,277,309,154,110,0,0),(310,'Madness Pangas 2','dual-blades',3,'madness-pangas-2','{\"attack\":\"182\"}',310,285,310,182,130,0,0),(311,'Madness Pangas 3','dual-blades',4,'madness-pangas-3','{\"attack\":\"210\"}',311,296,311,210,150,0,0),(312,'Jyura Hatchets 1','dual-blades',5,'jyura-hatchets-1','{\"attack\":\"238\"}',312,310,312,238,170,1,1),(313,'Jyura Hatchets 2','dual-blades',6,'jyura-hatchets-2','{\"attack\":\"252\"}',313,329,313,252,180,1,1),(314,'Jyura Hatchets 3','dual-blades',6,'jyura-hatchets-3','{\"attack\":\"266\"}',314,330,314,266,190,1,1),(315,'Lava Cyclone 1','dual-blades',6,'lava-cyclone-1','{\"attack\":\"252\"}',315,331,315,252,180,1,2),(316,'Lava Cyclone 2','dual-blades',7,'lava-cyclone-2','{\"attack\":\"252\"}',316,343,316,252,180,1,2),(317,'Taurus Pangas 1','dual-blades',3,'taurus-pangas-1','{\"attack\":\"168\"}',317,286,317,168,120,0,0),(318,'Taurus Pangas 2','dual-blades',4,'taurus-pangas-2','{\"attack\":\"182\"}',318,297,318,182,130,0,0),(319,'Dark Ripper 1','dual-blades',5,'dark-ripper-1','{\"attack\":\"196\"}',319,311,319,196,140,1,1),(320,'Dark Ripper 2','dual-blades',6,'dark-ripper-2','{\"attack\":\"210\"}',320,332,320,210,150,1,1),(321,'Dark Ripper 3','dual-blades',6,'dark-ripper-3','{\"attack\":\"224\"}',321,333,321,224,160,1,1),(322,'Pulsar Hatchets 1','dual-blades',2,'pulsar-hatchets-1','{\"attack\":\"154\",\"affinity\":10}',322,278,322,154,110,0,0),(323,'Pulsar Hatchets 2','dual-blades',3,'pulsar-hatchets-2','{\"attack\":\"168\",\"affinity\":10}',323,287,323,168,120,0,0),(324,'Pulsar Hatchets 3','dual-blades',4,'pulsar-hatchets-3','{\"attack\":\"196\",\"affinity\":10}',324,298,324,196,140,0,0),(325,'Kadachi Claws 1','dual-blades',5,'kadachi-claws-1','{\"attack\":\"224\",\"affinity\":10}',325,312,325,224,160,1,1),(326,'Kadachi Claws 2','dual-blades',6,'kadachi-claws-2','{\"attack\":\"238\",\"affinity\":10}',326,334,326,238,170,1,1),(327,'Kadachi Claws 3','dual-blades',6,'kadachi-claws-3','{\"attack\":\"252\",\"affinity\":10}',327,335,327,252,180,1,1),(328,'Garon Hatchets 1','dual-blades',4,'garon-hatchets-1','{\"attack\":\"182\",\"affinity\":20}',328,299,328,182,130,0,0),(329,'Garon Hatchets 2','dual-blades',5,'garon-hatchets-2','{\"attack\":\"196\",\"affinity\":20}',329,313,329,196,140,0,0),(330,'Blood-drinker Chainblade','dual-blades',6,'blood-drinker-chainblade','{\"attack\":\"210\",\"affinity\":20}',330,336,330,210,150,0,0),(331,'Sin','dual-blades',8,'sin','{\"attack\":\"224\",\"affinity\":20}',331,351,331,224,160,0,0),(332,'Dragonbone Twinblades 1','dual-blades',3,'dragonbone-twinblades-1','{\"attack\":\"140\",\"elderseal\":\"low\"}',332,288,332,140,100,1,0),(333,'Dragonbone Twinblades 2','dual-blades',4,'dragonbone-twinblades-2','{\"attack\":\"168\",\"elderseal\":\"low\"}',333,300,333,168,120,1,0),(334,'Enduring Schism','dual-blades',7,'enduring-schism','{\"attack\":\"196\",\"elderseal\":\"low\"}',334,344,334,196,140,1,2),(335,'Kirin Bolts','dual-blades',4,'kirin-bolts','{\"attack\":\"154\"}',335,301,335,154,110,0,0),(336,'Kirin Bolts+','dual-blades',7,'kirin-bolts+','{\"attack\":\"196\"}',336,345,336,196,140,0,0),(337,'Monarch','dual-blades',8,'monarch','{\"attack\":\"224\"}',337,352,337,224,160,0,0),(338,'Magda Ungulae 1','dual-blades',5,'magda-ungulae-1','{\"attack\":\"224\",\"defense\":20,\"affinity\":-20}',338,314,338,224,160,1,1),(339,'Magda Ungulae 2','dual-blades',7,'magda-ungulae-2','{\"attack\":\"308\",\"defense\":20,\"affinity\":-20}',339,346,339,308,220,1,1),(340,'Blacksteel Twins 1','dual-blades',5,'blacksteel-twins-1','{\"attack\":\"140\",\"elderseal\":\"low\"}',340,315,340,140,100,1,0),(341,'Blacksteel Twins 2','dual-blades',6,'blacksteel-twins-2','{\"attack\":\"154\",\"elderseal\":\"low\"}',341,337,341,154,110,1,0),(342,'Twin Nails','dual-blades',7,'twin-nails','{\"attack\":\"238\"}',342,347,342,238,170,2,1),(343,'Fire and Ice','dual-blades',8,'fire-and-ice','{\"attack\":\"252\"}',343,353,343,252,180,2,1),(344,'Xeno Raqs','dual-blades',8,'xeno-raqs','{\"attack\":\"238\",\"elderseal\":\"low\"}',344,354,344,238,170,1,2),(345,'Iron Hammer 1','hammer',1,'iron-hammer-1','{\"attack\":\"416\"}',345,355,345,416,80,0,0),(346,'Iron Hammer 2','hammer',1,'iron-hammer-2','{\"attack\":\"468\"}',346,356,346,468,90,0,0),(347,'Iron Hammer 3','hammer',2,'iron-hammer-3','{\"attack\":\"520\"}',347,359,347,520,100,0,0),(348,'Iron Demon 1','hammer',3,'iron-demon-1','{\"attack\":\"572\"}',348,365,348,572,110,0,0),(349,'Iron Demon 2','hammer',4,'iron-demon-2','{\"attack\":\"676\"}',349,376,349,676,130,0,0),(350,'Iron Demon 3','hammer',5,'iron-demon-3','{\"attack\":\"728\"}',350,389,350,728,140,1,1),(351,'Iron Archdemon 1','hammer',6,'iron-archdemon-1','{\"attack\":\"832\"}',351,402,351,832,160,1,1),(352,'Iron Archdemon 2','hammer',6,'iron-archdemon-2','{\"attack\":\"936\"}',352,403,352,936,180,1,2),(353,'Nergal Crusher','hammer',7,'nergal-crusher','{\"attack\":\"1040\",\"elderseal\":\"high\"}',353,427,353,1040,200,1,1),(354,'Obliteration\'s Footfall','hammer',8,'obliterations-footfall','{\"attack\":\"1092\",\"elderseal\":\"high\"}',354,435,354,1092,210,1,1),(355,'Frozen Core','hammer',4,'frozen-core','{\"attack\":\"624\"}',355,377,355,624,120,0,0),(356,'Frozen Core+','hammer',6,'frozen-core+','{\"attack\":\"832\"}',356,404,356,832,160,1,1),(357,'Cocytus','hammer',7,'cocytus','{\"attack\":\"936\"}',357,428,357,936,180,1,1),(358,'Aqua Hammer 1','hammer',2,'aqua-hammer-1','{\"attack\":\"572\"}',358,360,358,572,110,0,0),(359,'Aqua Hammer 2','hammer',3,'aqua-hammer-2','{\"attack\":\"624\"}',359,366,359,624,120,0,0),(360,'Aqua Hammer 3','hammer',4,'aqua-hammer-3','{\"attack\":\"676\"}',360,378,360,676,130,0,0),(361,'Water Basher 1','hammer',5,'water-basher-1','{\"attack\":\"780\"}',361,390,361,780,150,1,1),(362,'Water Basher 2','hammer',6,'water-basher-2','{\"attack\":\"832\"}',362,405,362,832,160,1,1),(363,'Water Basher 3','hammer',6,'water-basher-3','{\"attack\":\"936\"}',363,406,363,936,180,1,1),(364,'Girros Hammer 1','hammer',3,'girros-hammer-1','{\"attack\":\"624\"}',364,367,364,624,120,0,0),(365,'Girros Hammer 2','hammer',4,'girros-hammer-2','{\"attack\":\"676\"}',365,379,365,676,130,0,0),(366,'Malady\'s Fist 1','hammer',5,'maladys-fist-1','{\"attack\":\"728\",\"affinity\":20}',366,391,366,728,140,0,0),(367,'Malady\'s Fist 2','hammer',6,'maladys-fist-2','{\"attack\":\"780\",\"affinity\":20}',367,407,367,780,150,0,0),(368,'Malady\'s Fist 3','hammer',6,'maladys-fist-3','{\"attack\":\"832\",\"affinity\":20}',368,408,368,832,160,0,0),(369,'Blooming Hammer 1','hammer',2,'blooming-hammer-1','{\"attack\":\"520\"}',369,361,369,520,100,0,0),(370,'Blooming Hammer 2','hammer',3,'blooming-hammer-2','{\"attack\":\"624\"}',370,368,370,624,120,0,0),(371,'Blooming Hammer 3','hammer',4,'blooming-hammer-3','{\"attack\":\"728\"}',371,380,371,728,140,0,0),(372,'Buon Fiore','hammer',5,'buon-fiore','{\"attack\":\"780\"}',372,392,372,780,150,1,2),(373,'Buona Flora','hammer',7,'buona-flora','{\"attack\":\"936\"}',373,429,373,936,180,1,2),(374,'Thunder Hammer 1','hammer',3,'thunder-hammer-1','{\"attack\":\"676\"}',374,369,374,676,130,0,0),(375,'Thunder Hammer 2','hammer',4,'thunder-hammer-2','{\"attack\":\"780\"}',375,381,375,780,150,0,0),(376,'Lightning Bash 1','hammer',5,'lightning-bash-1','{\"attack\":\"832\"}',376,393,376,832,160,1,1),(377,'Lightning Bash 2','hammer',6,'lightning-bash-2','{\"attack\":\"884\"}',377,409,377,884,170,1,1),(378,'Lightning Bash 3','hammer',6,'lightning-bash-3','{\"attack\":\"988\"}',378,410,378,988,190,1,1),(379,'Bone Bludgeon 1','hammer',1,'bone-bludgeon-1','{\"attack\":\"520\"}',379,357,379,520,100,0,0),(380,'Bone Bludgeon 2','hammer',1,'bone-bludgeon-2','{\"attack\":\"572\"}',380,358,380,572,110,0,0),(381,'Bone Bludgeon 3','hammer',2,'bone-bludgeon-3','{\"attack\":\"624\"}',381,362,381,624,120,0,0),(382,'Fossil Bludgeon 1','hammer',3,'fossil-bludgeon-1','{\"attack\":\"728\"}',382,370,382,728,140,0,0),(383,'Fossil Bludgeon 2','hammer',4,'fossil-bludgeon-2','{\"attack\":\"780\"}',383,382,383,780,150,0,0),(384,'Fossil Bludgeon 3','hammer',5,'fossil-bludgeon-3','{\"attack\":\"832\"}',384,394,384,832,160,1,1),(385,'Grandrock 1','hammer',6,'grandrock-1','{\"attack\":\"884\",\"defense\":10}',385,411,385,884,170,1,1),(386,'Grandrock 2','hammer',6,'grandrock-2','{\"attack\":\"988\",\"defense\":10}',386,412,386,988,190,1,1),(387,'Hazak Vlafos','hammer',7,'hazak-vlafos','{\"attack\":\"988\",\"elderseal\":\"average\"}',387,430,387,988,190,1,1),(388,'Pandemonium\'s Root','hammer',8,'pandemoniums-root','{\"attack\":\"1040\",\"elderseal\":\"average\"}',388,436,388,1040,200,1,1),(389,'Bone Spike 1','hammer',3,'bone-spike-1','{\"attack\":\"676\",\"defense\":15}',389,371,389,676,130,0,0),(390,'Bone Spike 2','hammer',4,'bone-spike-2','{\"attack\":\"728\",\"defense\":15}',390,383,390,728,140,0,0),(391,'Baan Strike 1','hammer',5,'baan-strike-1','{\"attack\":\"780\",\"defense\":20}',391,395,391,780,150,0,0),(392,'Baan Strike 2','hammer',6,'baan-strike-2','{\"attack\":\"884\",\"defense\":20}',392,413,392,884,170,0,0),(393,'Baan Strike 3','hammer',6,'baan-strike-3','{\"attack\":\"988\",\"defense\":20}',393,414,393,988,190,0,0),(394,'Brazenbreak 1','hammer',6,'brazenbreak-1','{\"attack\":\"988\",\"defense\":30}',394,415,394,988,190,1,1),(395,'Brazenbreak 2','hammer',7,'brazenbreak-2','{\"attack\":\"1092\",\"defense\":30}',395,431,395,1092,210,1,1),(396,'Kulu Beak 1','hammer',2,'kulu-beak-1','{\"attack\":\"624\",\"affinity\":15}',396,363,396,624,120,0,0),(397,'Kulu Beak 2','hammer',3,'kulu-beak-2','{\"attack\":\"676\",\"affinity\":15}',397,372,397,676,130,0,0),(398,'Kulu Beak 3','hammer',4,'kulu-beak-3','{\"attack\":\"728\",\"affinity\":15}',398,384,398,728,140,0,0),(399,'Crushing Beak 1','hammer',5,'crushing-beak-1','{\"attack\":\"780\",\"affinity\":25}',399,396,399,780,150,0,0),(400,'Crushing Beak 2','hammer',6,'crushing-beak-2','{\"attack\":\"832\",\"affinity\":25}',400,416,400,832,160,0,0),(401,'Crushing Beak 3','hammer',6,'crushing-beak-3','{\"attack\":\"884\",\"affinity\":25}',401,417,401,884,170,0,0),(402,'Diablos Sledge 1','hammer',4,'diablos-sledge-1','{\"attack\":\"884\",\"defense\":10,\"affinity\":-25}',402,385,402,884,170,0,0),(403,'Diablos Sledge 2','hammer',5,'diablos-sledge-2','{\"attack\":\"988\",\"defense\":10,\"affinity\":-25}',403,397,403,988,190,1,1),(404,'Diablos Shatterer 1','hammer',6,'diablos-shatterer-1','{\"attack\":\"1092\",\"defense\":15,\"affinity\":-25}',404,418,404,1092,210,1,1),(405,'Diablos Shatterer 2','hammer',7,'diablos-shatterer-2','{\"attack\":\"1196\",\"defense\":15,\"affinity\":-25}',405,432,405,1196,230,1,1),(406,'Carapace Sledge 1','hammer',2,'carapace-sledge-1','{\"attack\":\"676\",\"defense\":10,\"affinity\":-10}',406,364,406,676,130,0,0),(407,'Carapace Sledge 2','hammer',3,'carapace-sledge-2','{\"attack\":\"728\",\"defense\":10,\"affinity\":-10}',407,373,407,728,140,0,0),(408,'Carapace Sledge 3','hammer',4,'carapace-sledge-3','{\"attack\":\"832\",\"defense\":10,\"affinity\":-10}',408,386,408,832,160,0,0),(409,'Barroth Breaker 1','hammer',5,'barroth-breaker-1','{\"attack\":\"936\",\"defense\":15,\"affinity\":-10}',409,398,409,936,180,1,1),(410,'Barroth Breaker 2','hammer',6,'barroth-breaker-2','{\"attack\":\"988\",\"defense\":15,\"affinity\":-10}',410,419,410,988,190,1,2),(411,'Barroth Breaker 3','hammer',6,'barroth-breaker-3','{\"attack\":\"1040\",\"defense\":15,\"affinity\":-10}',411,420,411,1040,200,1,2),(412,'Blazing Hammer 1','hammer',3,'blazing-hammer-1','{\"attack\":\"780\",\"affinity\":-20}',412,374,412,780,150,0,0),(413,'Blazing Hammer 2','hammer',4,'blazing-hammer-2','{\"attack\":\"832\",\"affinity\":-20}',413,387,413,832,160,0,0),(414,'Anja Striker 1','hammer',5,'anja-striker-1','{\"attack\":\"884\",\"affinity\":-20}',414,399,414,884,170,0,0),(415,'Anja Striker 2','hammer',6,'anja-striker-2','{\"attack\":\"988\",\"affinity\":-20}',415,421,415,988,190,0,0),(416,'Anja Striker 3','hammer',6,'anja-striker-3','{\"attack\":\"1092\",\"affinity\":-20}',416,422,416,1092,210,0,0),(417,'Dragonbone Basher 1','hammer',3,'dragonbone-basher-1','{\"attack\":\"520\",\"elderseal\":\"low\"}',417,375,417,520,100,1,0),(418,'Dragonbone Basher 2','hammer',4,'dragonbone-basher-2','{\"attack\":\"572\",\"elderseal\":\"low\"}',418,388,418,572,110,1,0),(419,'Dragonbone Basher 3','hammer',6,'dragonbone-basher-3','{\"attack\":\"832\",\"elderseal\":\"low\"}',419,423,419,832,160,1,0),(420,'Magda Floga','hammer',5,'magda-floga','{\"attack\":\"832\",\"defense\":20,\"affinity\":-20}',420,400,420,832,160,1,1),(421,'Ragefire Magda Floga','hammer',8,'ragefire-magda-floga','{\"attack\":\"1144\",\"defense\":20,\"affinity\":-20}',421,437,421,1144,220,1,1),(422,'Blacksteel Hammer 1','hammer',5,'blacksteel-hammer-1','{\"attack\":\"520\",\"elderseal\":\"low\"}',422,401,422,520,100,1,0),(423,'Blacksteel Hammer 2','hammer',6,'blacksteel-hammer-2','{\"attack\":\"572\",\"elderseal\":\"low\"}',423,424,423,572,110,1,0),(424,'Icesteel Hammer','hammer',7,'icesteel-hammer','{\"attack\":\"988\"}',424,433,424,988,190,1,1),(425,'Daora\'s Colossus','hammer',8,'daoras-colossus','{\"attack\":\"1040\"}',425,438,425,1040,200,1,1),(426,'Xeno Maph\'agarna','hammer',8,'xeno-maphagarna','{\"attack\":\"884\",\"affinity\":10,\"elderseal\":\"low\"}',426,439,426,884,170,1,2),(427,'Jail Hammer','hammer',6,'jail-hammer','{\"attack\":\"832\",\"defense\":20}',427,425,427,832,160,1,1),(428,'Binder Mace','hammer',8,'binder-mace','{\"attack\":\"936\",\"defense\":20}',428,440,428,936,180,1,1),(429,'Metal Bagpipe 1','hunting-horn',1,'metal-bagpipe-1','{\"attack\":\"336\"}',429,441,429,336,80,0,0),(430,'Metal Bagpipe 2','hunting-horn',1,'metal-bagpipe-2','{\"attack\":\"378\"}',430,442,430,378,90,0,0),(431,'Metal Bagpipe 3','hunting-horn',2,'metal-bagpipe-3','{\"attack\":\"420\"}',431,445,431,420,100,0,0),(432,'Great Bagpipe 1','hunting-horn',3,'great-bagpipe-1','{\"attack\":\"462\"}',432,451,432,462,110,0,0),(433,'Great Bagpipe 2','hunting-horn',4,'great-bagpipe-2','{\"attack\":\"546\"}',433,463,433,546,130,0,0),(434,'Great Bagpipe 3','hunting-horn',5,'great-bagpipe-3','{\"attack\":\"588\"}',434,476,434,588,140,1,1),(435,'Fortissimo 1','hunting-horn',6,'fortissimo-1','{\"attack\":\"672\"}',435,489,435,672,160,1,1),(436,'Fortissimo 2','hunting-horn',6,'fortissimo-2','{\"attack\":\"756\"}',436,490,436,756,180,1,2),(437,'Nergal Groove','hunting-horn',7,'nergal-groove','{\"attack\":\"840\",\"elderseal\":\"high\"}',437,516,437,840,200,1,1),(438,'Desolation\'s Overture','hunting-horn',8,'desolations-overture','{\"attack\":\"882\",\"elderseal\":\"high\"}',438,524,438,882,210,1,1),(439,'Thunder Gaida 1','hunting-horn',3,'thunder-gaida-1','{\"attack\":\"504\"}',439,452,439,504,120,0,0),(440,'Thunder Gaida 2','hunting-horn',4,'thunder-gaida-2','{\"attack\":\"546\"}',440,464,440,546,130,0,0),(441,'Lightning Drum 1','hunting-horn',5,'lightning-drum-1','{\"attack\":\"630\"}',441,477,441,630,150,1,1),(442,'Lightning Drum 2','hunting-horn',6,'lightning-drum-2','{\"attack\":\"714\"}',442,491,442,714,170,1,1),(443,'Lightning Drum 3','hunting-horn',6,'lightning-drum-3','{\"attack\":\"756\"}',443,492,443,756,180,1,1),(444,'Kulu Duda 1','hunting-horn',2,'kulu-duda-1','{\"attack\":\"420\",\"affinity\":15}',444,446,444,420,100,0,0),(445,'Kulu Duda 2','hunting-horn',3,'kulu-duda-2','{\"attack\":\"504\",\"affinity\":15}',445,453,445,504,120,0,0),(446,'Kulu Duda 3','hunting-horn',4,'kulu-duda-3','{\"attack\":\"588\",\"affinity\":15}',446,465,446,588,140,0,0),(447,'Dancing Davul 1','hunting-horn',5,'dancing-davul-1','{\"attack\":\"630\",\"affinity\":25}',447,478,447,630,150,0,0),(448,'Dancing Davul 2','hunting-horn',6,'dancing-davul-2','{\"attack\":\"672\",\"affinity\":25}',448,493,448,672,160,0,0),(449,'Dancing Davul 3','hunting-horn',6,'dancing-davul-3','{\"attack\":\"714\",\"affinity\":25}',449,494,449,714,170,0,0),(450,'Valkyrie Chordmaker','hunting-horn',3,'valkyrie-chordmaker','{\"attack\":\"462\",\"affinity\":15}',450,454,450,462,110,0,0),(451,'Queen Chordmaker','hunting-horn',5,'queen-chordmaker','{\"attack\":\"630\",\"affinity\":15}',451,479,451,630,150,1,1),(452,'Coral Chordmaker','hunting-horn',6,'coral-chordmaker','{\"attack\":\"714\",\"affinity\":25}',452,495,452,714,170,1,1),(453,'Royal Chordmaker','hunting-horn',7,'royal-chordmaker','{\"attack\":\"798\",\"affinity\":25}',453,517,453,798,190,1,1),(454,'Aqua Bagpipe 1','hunting-horn',2,'aqua-bagpipe-1','{\"attack\":\"420\"}',454,447,454,420,100,0,0),(455,'Aqua Bagpipe 2','hunting-horn',3,'aqua-bagpipe-2','{\"attack\":\"504\"}',455,455,455,504,120,0,0),(456,'Aqua Bagpipe 3','hunting-horn',4,'aqua-bagpipe-3','{\"attack\":\"546\"}',456,466,456,546,130,0,0),(457,'Water Tamtam 1','hunting-horn',5,'water-tamtam-1','{\"attack\":\"588\"}',457,480,457,588,140,1,1),(458,'Water Tamtam 2','hunting-horn',6,'water-tamtam-2','{\"attack\":\"672\"}',458,496,458,672,160,1,1),(459,'Water Tamtam 3','hunting-horn',6,'water-tamtam-3','{\"attack\":\"756\"}',459,497,459,756,180,1,1),(460,'Glacial Bagpipe 1','hunting-horn',4,'glacial-bagpipe-1','{\"attack\":\"546\"}',460,467,460,546,130,0,0),(461,'Glacial Bagpipe 2','hunting-horn',5,'glacial-bagpipe-2','{\"attack\":\"588\"}',461,481,461,588,140,0,0),(462,'Sectored','hunting-horn',6,'sectored','{\"attack\":\"630\"}',462,498,462,630,150,0,0),(463,'Legia Sectored','hunting-horn',7,'legia-sectored','{\"attack\":\"672\"}',463,518,463,672,160,0,0),(464,'Bone Horn 1','hunting-horn',1,'bone-horn-1','{\"attack\":\"420\"}',464,443,464,420,100,0,0),(465,'Bone Horn 2','hunting-horn',1,'bone-horn-2','{\"attack\":\"462\"}',465,444,465,462,110,0,0),(466,'Bone Horn 3','hunting-horn',2,'bone-horn-3','{\"attack\":\"504\"}',466,448,466,504,120,0,0),(467,'Hard Bone Horn 1','hunting-horn',3,'hard-bone-horn-1','{\"attack\":\"588\"}',467,456,467,588,140,0,0),(468,'Hard Bone Horn 2','hunting-horn',4,'hard-bone-horn-2','{\"attack\":\"630\"}',468,468,468,630,150,0,0),(469,'Hard Bone Horn 3','hunting-horn',5,'hard-bone-horn-3','{\"attack\":\"672\"}',469,482,469,672,160,1,1),(470,'Heavy Bone Horn 1','hunting-horn',6,'heavy-bone-horn-1','{\"attack\":\"714\",\"defense\":10}',470,499,470,714,170,1,1),(471,'Heavy Bone Horn 2','hunting-horn',6,'heavy-bone-horn-2','{\"attack\":\"798\",\"defense\":10}',471,500,471,798,190,1,1),(472,'Gama Horn 1','hunting-horn',6,'gama-horn-1','{\"attack\":\"756\"}',472,501,472,756,180,1,1),(473,'Gama Horn 2','hunting-horn',7,'gama-horn-2','{\"attack\":\"798\"}',473,519,473,798,190,1,1),(474,'Blazing Horn 1','hunting-horn',3,'blazing-horn-1','{\"attack\":\"546\",\"affinity\":-20}',474,457,474,546,130,0,0),(475,'Blazing Horn 2','hunting-horn',4,'blazing-horn-2','{\"attack\":\"630\",\"affinity\":-20}',475,469,475,630,150,0,0),(476,'Anja Barone 1','hunting-horn',5,'anja-barone-1','{\"attack\":\"672\",\"affinity\":-20}',476,483,476,672,160,0,0),(477,'Anja Barone 2','hunting-horn',6,'anja-barone-2','{\"attack\":\"798\",\"affinity\":-20}',477,502,477,798,190,0,0),(478,'Anja Barone 3','hunting-horn',6,'anja-barone-3','{\"attack\":\"882\",\"affinity\":-20}',478,503,478,882,210,0,0),(479,'Blooming Horn 1','hunting-horn',2,'blooming-horn-1','{\"attack\":\"504\"}',479,449,479,504,120,0,0),(480,'Blooming Horn 2','hunting-horn',3,'blooming-horn-2','{\"attack\":\"546\"}',480,458,480,546,130,0,0),(481,'Blooming Horn 3','hunting-horn',4,'blooming-horn-3','{\"attack\":\"588\"}',481,470,481,588,140,0,0),(482,'Datura Horn 1','hunting-horn',5,'datura-horn-1','{\"attack\":\"630\"}',482,484,482,630,150,1,2),(483,'Datura Horn 2','hunting-horn',6,'datura-horn-2','{\"attack\":\"672\"}',483,504,483,672,160,1,2),(484,'Datura Horn 3','hunting-horn',6,'datura-horn-3','{\"attack\":\"714\"}',484,505,484,714,170,1,2),(485,'Lumu Horn 1','hunting-horn',3,'lumu-horn-1','{\"attack\":\"546\",\"affinity\":10}',485,459,485,546,130,0,0),(486,'Lumu Horn 2','hunting-horn',4,'lumu-horn-2','{\"attack\":\"588\",\"affinity\":10}',486,471,486,588,140,0,0),(487,'Lumu Barone 1','hunting-horn',5,'lumu-barone-1','{\"attack\":\"630\",\"affinity\":10}',487,485,487,630,150,1,2),(488,'Lumu Barone 2','hunting-horn',6,'lumu-barone-2','{\"attack\":\"672\",\"affinity\":10}',488,506,488,672,160,1,2),(489,'Lumu Barone 3','hunting-horn',6,'lumu-barone-3','{\"attack\":\"714\",\"affinity\":10}',489,507,489,714,170,1,2),(490,'Rookslayer Drum','hunting-horn',6,'rookslayer-drum','{\"attack\":\"756\",\"affinity\":-10}',490,508,490,756,180,1,2),(491,'Bazelreid Rookslayer','hunting-horn',8,'bazelreid-rookslayer','{\"attack\":\"840\",\"affinity\":-10}',491,525,491,840,200,1,2),(492,'Sonic Horn 1','hunting-horn',2,'sonic-horn-1','{\"attack\":\"462\"}',492,450,492,462,110,0,0),(493,'Sonic Horn 2','hunting-horn',3,'sonic-horn-2','{\"attack\":\"504\"}',493,460,493,504,120,0,0),(494,'Sonic Horn 3','hunting-horn',4,'sonic-horn-3','{\"attack\":\"546\"}',494,472,494,546,130,0,0),(495,'Glass Royale','hunting-horn',5,'glass-royale','{\"attack\":\"588\"}',495,486,495,588,140,1,2),(496,'Glass Royale+','hunting-horn',6,'glass-royale+','{\"attack\":\"630\"}',496,509,496,630,150,1,2),(497,'Queen Vespoid Horn','hunting-horn',7,'queen-vespoid-horn','{\"attack\":\"672\"}',497,520,497,672,160,1,2),(498,'Spiked Horn 1','hunting-horn',3,'spiked-horn-1','{\"attack\":\"546\",\"defense\":15}',498,461,498,546,130,0,0),(499,'Spiked Horn 2','hunting-horn',4,'spiked-horn-2','{\"attack\":\"588\",\"defense\":15}',499,473,499,588,140,0,0),(500,'Baan Horn 1','hunting-horn',5,'baan-horn-1','{\"attack\":\"672\",\"defense\":20}',500,487,500,672,160,0,0),(501,'Baan Horn 2','hunting-horn',6,'baan-horn-2','{\"attack\":\"756\",\"defense\":20}',501,510,501,756,180,0,0),(502,'Baan Horn 3','hunting-horn',6,'baan-horn-3','{\"attack\":\"798\",\"defense\":20}',502,511,502,798,190,0,0),(503,'Dragonbone Auldhorn 1','hunting-horn',3,'dragonbone-auldhorn-1','{\"attack\":\"420\",\"elderseal\":\"low\"}',503,462,503,420,100,1,0),(504,'Dragonbone Auldhorn 2','hunting-horn',4,'dragonbone-auldhorn-2','{\"attack\":\"462\",\"elderseal\":\"low\"}',504,474,504,462,110,1,0),(505,'Dragonbone Auldhorn 3','hunting-horn',6,'dragonbone-auldhorn-3','{\"attack\":\"672\",\"elderseal\":\"low\"}',505,512,505,672,160,1,2),(506,'Thundercry Horn','hunting-horn',4,'thundercry-horn','{\"attack\":\"504\"}',506,475,506,504,120,0,0),(507,'Thunderbolt Horn 1','hunting-horn',6,'thunderbolt-horn-1','{\"attack\":\"588\"}',507,513,507,588,140,0,0),(508,'Thunderbolt Horn 2','hunting-horn',7,'thunderbolt-horn-2','{\"attack\":\"672\"}',508,521,508,672,160,0,0),(509,'Blacksteel Dragonhorn 1','hunting-horn',5,'blacksteel-dragonhorn-1','{\"attack\":\"420\",\"elderseal\":\"low\"}',509,488,509,420,100,1,0),(510,'Blacksteel Dragonhorn 2','hunting-horn',6,'blacksteel-dragonhorn-2','{\"attack\":\"462\",\"elderseal\":\"low\"}',510,514,510,462,110,1,0),(511,'Teostra\'s Tiple','hunting-horn',7,'teostras-tiple','{\"attack\":\"756\"}',511,522,511,756,180,0,0),(512,'Teostra\'s Orphe','hunting-horn',8,'teostras-orphe','{\"attack\":\"798\"}',512,526,512,798,190,0,0),(513,'Xeno Manasheena','hunting-horn',8,'xeno-manasheena','{\"attack\":\"714\",\"affinity\":15,\"elderseal\":\"low\"}',513,527,513,714,170,1,2),(514,'Iron Lance 1','lance',1,'iron-lance-1','{\"attack\":\"184\"}',514,528,514,184,80,0,0),(515,'Iron Lance 2','lance',1,'iron-lance-2','{\"attack\":\"207\"}',515,529,515,207,90,0,0),(516,'Iron Lance 3','lance',2,'iron-lance-3','{\"attack\":\"230\"}',516,532,516,230,100,0,0),(517,'Steel Lance 1','lance',3,'steel-lance-1','{\"attack\":\"253\"}',517,540,517,253,110,0,0),(518,'Steel Lance 2','lance',4,'steel-lance-2','{\"attack\":\"299\"}',518,547,518,299,130,0,0),(519,'Steel Lance 3','lance',5,'steel-lance-3','{\"attack\":\"322\"}',519,560,519,322,140,1,1),(520,'Chrome Lance 1','lance',6,'chrome-lance-1','{\"attack\":\"368\"}',520,572,520,368,160,1,1),(521,'Chrome Lance 2','lance',6,'chrome-lance-2','{\"attack\":\"414\"}',521,573,521,414,180,1,2),(522,'Nergal Impaler','lance',7,'nergal-impaler','{\"attack\":\"460\",\"elderseal\":\"high\"}',522,597,522,460,200,1,1),(523,'Perdition\'s Hand','lance',8,'perditions-hand','{\"attack\":\"483\",\"elderseal\":\"high\"}',523,606,523,483,210,1,1),(524,'Glacial Lance 1','lance',4,'glacial-lance-1','{\"attack\":\"299\"}',524,548,524,299,130,0,0),(525,'Glacial Lance 2','lance',5,'glacial-lance-2','{\"attack\":\"322\"}',525,561,525,322,140,0,0),(526,'Legiana Halberd 1','lance',6,'legiana-halberd-1','{\"attack\":\"345\"}',526,574,526,345,150,0,0),(527,'Legiana Halberd 2','lance',7,'legiana-halberd-2','{\"attack\":\"368\"}',527,598,527,368,160,0,0),(528,'Kulu Lance 1','lance',2,'kulu-lance-1','{\"attack\":\"253\",\"affinity\":15}',528,533,528,253,110,0,0),(529,'Kulu Lance 2','lance',2,'kulu-lance-2','{\"attack\":\"276\",\"affinity\":15}',529,534,529,276,120,0,0),(530,'Kulu Lance 3','lance',4,'kulu-lance-3','{\"attack\":\"299\",\"affinity\":15}',530,549,530,299,130,0,0),(531,'Kulu Hasta 1','lance',5,'kulu-hasta-1','{\"attack\":\"345\",\"affinity\":25}',531,562,531,345,150,0,0),(532,'Kulu Hasta 2','lance',6,'kulu-hasta-2','{\"attack\":\"368\",\"affinity\":25}',532,575,532,368,160,0,0),(533,'Kulu Hasta 3','lance',6,'kulu-hasta-3','{\"attack\":\"391\",\"affinity\":25}',533,576,533,391,170,0,0),(534,'Gama Pilebunker 1','lance',6,'gama-pilebunker-1','{\"attack\":\"368\"}',534,577,534,368,160,1,2),(535,'Gama Pilebunker 2','lance',7,'gama-pilebunker-2','{\"attack\":\"391\"}',535,599,535,391,170,1,2),(536,'Thunder Lance 1','lance',3,'thunder-lance-1','{\"attack\":\"276\"}',536,541,536,276,120,0,0),(537,'Thunder Lance 2','lance',4,'thunder-lance-2','{\"attack\":\"322\"}',537,550,537,322,140,0,0),(538,'Lightning Spire 1','lance',5,'lightning-spire-1','{\"attack\":\"368\"}',538,563,538,368,160,1,1),(539,'Lightning Spire 2','lance',6,'lightning-spire-2','{\"attack\":\"391\"}',539,578,539,391,170,1,1),(540,'Lightning Spire 3','lance',6,'lightning-spire-3','{\"attack\":\"414\"}',540,579,540,414,180,1,1),(541,'Blooming Lance 1','lance',2,'blooming-lance-1','{\"attack\":\"230\"}',541,535,541,230,100,0,0),(542,'Blooming Lance 2','lance',3,'blooming-lance-2','{\"attack\":\"253\"}',542,542,542,253,110,0,0),(543,'Blooming Lance 3','lance',4,'blooming-lance-3','{\"attack\":\"299\"}',543,551,543,299,130,0,0),(544,'Datura Pike 1','lance',5,'datura-pike-1','{\"attack\":\"345\"}',544,564,544,345,150,1,2),(545,'Datura Pike 2','lance',6,'datura-pike-2','{\"attack\":\"368\"}',545,580,545,368,160,1,2),(546,'Datura Pike 3','lance',6,'datura-pike-3','{\"attack\":\"391\"}',546,581,546,391,170,1,2),(547,'Flame Lance 1','lance',4,'flame-lance-1','{\"attack\":\"299\",\"affinity\":10}',547,552,547,299,130,0,0),(548,'Flame Lance 2','lance',5,'flame-lance-2','{\"attack\":\"322\",\"affinity\":10}',548,565,548,322,140,1,1),(549,'Red Tail','lance',6,'red-tail','{\"attack\":\"391\",\"affinity\":10}',549,582,549,391,170,1,1),(550,'Blue Tail','lance',7,'blue-tail','{\"attack\":\"414\",\"affinity\":20}',550,600,550,414,180,1,1),(551,'Blue Prominence','lance',8,'blue-prominence','{\"attack\":\"437\",\"affinity\":20}',551,607,551,437,190,1,1),(552,'Bone Lance 1','lance',1,'bone-lance-1','{\"attack\":\"207\"}',552,530,552,207,90,0,0),(553,'Bone Lance 2','lance',1,'bone-lance-2','{\"attack\":\"230\"}',553,531,553,230,100,0,0),(554,'Bone Lance 3','lance',2,'bone-lance-3','{\"attack\":\"253\"}',554,536,554,253,110,0,0),(555,'Hard Bone Lance 1','lance',3,'hard-bone-lance-1','{\"attack\":\"322\"}',555,543,555,322,140,0,0),(556,'Hard Bone Lance 2','lance',4,'hard-bone-lance-2','{\"attack\":\"345\"}',556,553,556,345,150,0,0),(557,'Hard Bone Lance 3','lance',5,'hard-bone-lance-3','{\"attack\":\"368\"}',557,566,557,368,160,1,1),(558,'Heavy Bone Lance 1','lance',6,'heavy-bone-lance-1','{\"attack\":\"391\",\"defense\":10}',558,583,558,391,170,1,1),(559,'Heavy Bone Lance 2','lance',6,'heavy-bone-lance-2','{\"attack\":\"437\",\"defense\":10}',559,584,559,437,190,1,1),(560,'Hazak Wchter','lance',7,'hazak-wchter','{\"attack\":\"437\",\"elderseal\":\"average\"}',560,601,560,437,190,1,1),(561,'Love\'s Sorrow','lance',8,'loves-sorrow','{\"attack\":\"460\",\"elderseal\":\"average\"}',561,608,561,460,200,1,1),(562,'Taurus Lance 1','lance',3,'taurus-lance-1','{\"attack\":\"276\"}',562,544,562,276,120,0,0),(563,'Taurus Lance 2','lance',4,'taurus-lance-2','{\"attack\":\"299\"}',563,554,563,299,130,0,0),(564,'Dark Stinger 1','lance',5,'dark-stinger-1','{\"attack\":\"322\"}',564,567,564,322,140,1,1),(565,'Dark Stinger 2','lance',6,'dark-stinger-2','{\"attack\":\"345\"}',565,585,565,345,150,1,1),(566,'Dark Stinger 3','lance',6,'dark-stinger-3','{\"attack\":\"368\"}',566,586,566,368,160,1,1),(567,'Carapace Lance 1','lance',2,'carapace-lance-1','{\"attack\":\"253\",\"defense\":10,\"affinity\":-20}',567,537,567,253,110,0,0),(568,'Carapace Lance 2','lance',3,'carapace-lance-2','{\"attack\":\"276\",\"defense\":10,\"affinity\":-20}',568,545,568,276,120,0,0),(569,'Carapace Lance 3','lance',4,'carapace-lance-3','{\"attack\":\"345\",\"defense\":10,\"affinity\":-20}',569,555,569,345,150,0,0),(570,'Barroth Stinger 1','lance',5,'barroth-stinger-1','{\"attack\":\"391\",\"defense\":15,\"affinity\":-20}',570,568,570,391,170,1,1),(571,'Barroth Stinger 2','lance',6,'barroth-stinger-2','{\"attack\":\"437\",\"defense\":15,\"affinity\":-20}',571,587,571,437,190,1,2),(572,'Barroth Stinger 3','lance',6,'barroth-stinger-3','{\"attack\":\"460\",\"defense\":15,\"affinity\":-20}',572,588,572,460,200,1,2),(573,'Garon Lance 1','lance',4,'garon-lance-1','{\"attack\":\"299\",\"affinity\":15}',573,556,573,299,130,0,0),(574,'Garon Lance 2','lance',5,'garon-lance-2','{\"attack\":\"322\"}',574,569,574,322,140,0,0),(575,'Garon Dhara 1','lance',6,'garon-dhara-1','{\"attack\":\"345\",\"affinity\":30}',575,589,575,345,150,0,0),(576,'Garon Dhara 2','lance',7,'garon-dhara-2','{\"attack\":\"391\",\"affinity\":30}',576,602,576,391,170,0,0),(577,'Aqua Horn 1','lance',2,'aqua-horn-1','{\"attack\":\"253\"}',577,538,577,253,110,0,0),(578,'Aqua Horn 2','lance',2,'aqua-horn-2','{\"attack\":\"276\"}',578,539,578,276,120,0,0),(579,'Aqua Horn 3','lance',4,'aqua-horn-3','{\"attack\":\"322\"}',579,557,579,322,140,0,0),(580,'Water Spike 1','lance',5,'water-spike-1','{\"attack\":\"345\"}',580,570,580,345,150,1,1),(581,'Water Spike 2','lance',6,'water-spike-2','{\"attack\":\"391\"}',581,590,581,391,170,1,1),(582,'Water Spike 3','lance',6,'water-spike-3','{\"attack\":\"437\"}',582,591,582,437,190,1,1),(583,'Dragonbone Lance 1','lance',3,'dragonbone-lance-1','{\"attack\":\"230\",\"elderseal\":\"low\"}',583,546,583,230,100,1,0),(584,'Dragonbone Lance 2','lance',4,'dragonbone-lance-2','{\"attack\":\"253\",\"elderseal\":\"low\"}',584,558,584,253,110,1,0),(585,'Dragonbone Lance 3','lance',6,'dragonbone-lance-3','{\"attack\":\"368\",\"elderseal\":\"low\"}',585,592,585,368,160,1,1),(586,'Rookslayer Lance','lance',6,'rookslayer-lance','{\"attack\":\"414\",\"affinity\":-10}',586,593,586,414,180,0,0),(587,'Bazel Myniad Rookslayer','lance',8,'bazel-myniad-rookslayer','{\"attack\":\"460\",\"affinity\":-10}',587,609,587,460,200,0,0),(588,'Thunderpike','lance',4,'thunderpike','{\"attack\":\"253\"}',588,559,588,253,110,0,0),(589,'Thunderspear','lance',7,'thunderspear','{\"attack\":\"345\",\"affinity\":10}',589,603,589,345,150,0,0),(590,'Thunderpiercer','lance',8,'thunderpiercer','{\"attack\":\"368\",\"affinity\":10}',590,610,590,368,160,0,0),(591,'Blacksteel Lance 1','lance',5,'blacksteel-lance-1','{\"attack\":\"230\",\"elderseal\":\"low\"}',591,571,591,230,100,1,0),(592,'Blacksteel Lance 2','lance',6,'blacksteel-lance-2','{\"attack\":\"253\",\"elderseal\":\"low\"}',592,594,592,253,110,1,0),(593,'Icesteel Spear','lance',7,'icesteel-spear','{\"attack\":\"391\",\"affinity\":10}',593,604,593,391,170,1,1),(594,'Daora\'s Fang','lance',8,'daoras-fang','{\"attack\":\"414\",\"affinity\":10}',594,611,594,414,180,1,1),(595,'Xeno Zauta','lance',8,'xeno-zauta','{\"attack\":\"391\",\"affinity\":15,\"elderseal\":\"low\"}',595,612,595,391,170,1,2),(596,'Babel Spear','lance',6,'babel-spear','{\"attack\":\"414\",\"defense\":20}',596,595,596,414,180,1,1),(597,'Elder Babel Spear','lance',8,'elder-babel-spear','{\"attack\":\"460\",\"defense\":20}',597,613,597,460,200,1,1),(598,'Iron Gunlance 1','gunlance',1,'iron-gunlance-1','{\"attack\":\"184\",\"shellingType\":\"Normal LV1\"}',598,614,598,184,80,0,0),(599,'Iron Gunlance 2','gunlance',1,'iron-gunlance-2','{\"attack\":\"207\",\"shellingType\":\"Normal LV1\"}',599,615,599,207,90,0,0),(600,'Iron Gunlance 3','gunlance',2,'iron-gunlance-3','{\"attack\":\"230\",\"shellingType\":\"Normal LV1\"}',600,618,600,230,100,0,0),(601,'Steel Gunlance 1','gunlance',3,'steel-gunlance-1','{\"attack\":\"253\",\"shellingType\":\"Normal LV2\"}',601,624,601,253,110,0,0),(602,'Steel Gunlance 2','gunlance',4,'steel-gunlance-2','{\"attack\":\"299\",\"shellingType\":\"Normal LV2\"}',602,634,602,299,130,0,0),(603,'Steel Gunlance 3','gunlance',5,'steel-gunlance-3','{\"attack\":\"322\",\"shellingType\":\"Normal LV2\"}',603,645,603,322,140,0,1),(604,'Chrome Gunlance 1','gunlance',6,'chrome-gunlance-1','{\"attack\":\"368\",\"shellingType\":\"Normal LV3\"}',604,658,604,368,160,1,1),(605,'Chrome Gunlance 2','gunlance',6,'chrome-gunlance-2','{\"attack\":\"414\",\"shellingType\":\"Normal LV3\"}',605,659,605,414,180,1,2),(606,'Nergal Ram','gunlance',7,'nergal-ram','{\"attack\":\"460\",\"shellingType\":\"Wide LV2\",\"elderseal\":\"high\"}',606,680,606,460,200,1,1),(607,'Eradication Flame','gunlance',8,'eradication-flame','{\"attack\":\"483\",\"shellingType\":\"Wide LV2\",\"elderseal\":\"high\"}',607,690,607,483,210,1,1),(608,'Pulsar Gunlance 1','gunlance',2,'pulsar-gunlance-1','{\"attack\":\"230\",\"affinity\":10,\"shellingType\":\"Long LV1\"}',608,619,608,230,100,0,0),(609,'Pulsar Gunlance 2','gunlance',3,'pulsar-gunlance-2','{\"attack\":\"253\",\"affinity\":10,\"shellingType\":\"Long LV1\"}',609,625,609,253,110,0,0),(610,'Pulsar Gunlance 3','gunlance',4,'pulsar-gunlance-3','{\"attack\":\"299\",\"affinity\":10,\"shellingType\":\"Long LV1\"}',610,635,610,299,130,0,0),(611,'Kadachi Striker','gunlance',5,'kadachi-striker','{\"attack\":\"345\",\"affinity\":20,\"shellingType\":\"Long LV2\"}',611,646,611,345,150,1,1),(612,'Kadachi Striker+','gunlance',6,'kadachi-striker+','{\"attack\":\"391\",\"affinity\":20,\"shellingType\":\"Long LV2\"}',612,660,612,391,170,1,1),(613,'Mythic Kadachi Striker','gunlance',7,'mythic-kadachi-striker','{\"attack\":\"414\",\"affinity\":20,\"shellingType\":\"Long LV3\"}',613,681,613,414,180,1,1),(614,'Rath Gunlance 1','gunlance',4,'rath-gunlance-1','{\"attack\":\"276\",\"affinity\":15,\"shellingType\":\"Long LV1\"}',614,636,614,276,120,0,0),(615,'Rath Gunlance 2','gunlance',5,'rath-gunlance-2','{\"attack\":\"322\",\"affinity\":15,\"shellingType\":\"Long LV1\"}',615,647,615,322,140,1,1),(616,'Red Rook','gunlance',6,'red-rook','{\"attack\":\"345\",\"affinity\":20,\"shellingType\":\"Long LV2\"}',616,661,616,345,150,1,1),(617,'Blue Rook','gunlance',7,'blue-rook','{\"attack\":\"414\",\"affinity\":20,\"shellingType\":\"Long LV2\"}',617,682,617,414,180,1,1),(618,'Blue Chariot','gunlance',8,'blue-chariot','{\"attack\":\"437\",\"affinity\":20,\"shellingType\":\"Long LV3\"}',618,691,618,437,190,1,1),(619,'Princess Panoply','gunlance',3,'princess-panoply','{\"attack\":\"276\",\"affinity\":10,\"shellingType\":\"Normal LV2\"}',619,626,619,276,120,0,0),(620,'Princess Panoply+','gunlance',5,'princess-panoply+','{\"attack\":\"345\",\"affinity\":10,\"shellingType\":\"Normal LV2\"}',620,648,620,345,150,1,1),(621,'Rose Burst','gunlance',6,'rose-burst','{\"attack\":\"391\",\"affinity\":15,\"shellingType\":\"Normal LV3\"}',621,662,621,391,170,1,1),(622,'Royal Burst','gunlance',7,'royal-burst','{\"attack\":\"437\",\"affinity\":15,\"shellingType\":\"Normal LV4\"}',622,683,622,437,190,1,1),(623,'Madness Gunlance 1','gunlance',2,'madness-gunlance-1','{\"attack\":\"253\",\"shellingType\":\"Wide LV1\"}',623,620,623,253,110,0,0),(624,'Madness Gunlance 2','gunlance',3,'madness-gunlance-2','{\"attack\":\"276\",\"shellingType\":\"Wide LV1\"}',624,627,624,276,120,0,0),(625,'Madness Gunlance 3','gunlance',4,'madness-gunlance-3','{\"attack\":\"299\",\"shellingType\":\"Wide LV1\"}',625,637,625,299,130,0,0),(626,'Jyura Buster 1','gunlance',5,'jyura-buster-1','{\"attack\":\"345\",\"shellingType\":\"Wide LV2\"}',626,649,626,345,150,0,0),(627,'Jyura Buster 2','gunlance',6,'jyura-buster-2','{\"attack\":\"368\",\"shellingType\":\"Wide LV2\"}',627,663,627,368,160,0,0),(628,'Jyura Buster 3','gunlance',6,'jyura-buster-3','{\"attack\":\"437\",\"shellingType\":\"Wide LV3\"}',628,664,628,437,190,0,0),(629,'Glacial Gunlance 1','gunlance',4,'glacial-gunlance-1','{\"attack\":\"299\",\"shellingType\":\"Normal LV2\"}',629,638,629,299,130,0,0),(630,'Glacial Gunlance 2','gunlance',5,'glacial-gunlance-2','{\"attack\":\"322\",\"shellingType\":\"Normal LV2\"}',630,650,630,322,140,0,0),(631,'Legiana Cannon 1','gunlance',6,'legiana-cannon-1','{\"attack\":\"345\",\"shellingType\":\"Normal LV3\"}',631,665,631,345,150,0,0),(632,'Legiana Cannon 2','gunlance',7,'legiana-cannon-2','{\"attack\":\"368\",\"shellingType\":\"Normal LV3\"}',632,684,632,368,160,0,0),(633,'Bone Gunlance 1','gunlance',1,'bone-gunlance-1','{\"attack\":\"207\",\"shellingType\":\"Normal LV1\"}',633,616,633,207,90,0,0),(634,'Bone Gunlance 2','gunlance',1,'bone-gunlance-2','{\"attack\":\"230\",\"shellingType\":\"Normal LV1\"}',634,617,634,230,100,0,0),(635,'Bone Gunlance 3','gunlance',2,'bone-gunlance-3','{\"attack\":\"253\",\"shellingType\":\"Normal LV1\"}',635,621,635,253,110,0,0),(636,'Bone Cannon 1','gunlance',3,'bone-cannon-1','{\"attack\":\"276\",\"shellingType\":\"Long LV1\"}',636,628,636,276,120,0,0),(637,'Bone Cannon 2','gunlance',4,'bone-cannon-2','{\"attack\":\"322\",\"shellingType\":\"Long LV1\"}',637,639,637,322,140,0,0),(638,'Bone Cannon 3','gunlance',5,'bone-cannon-3','{\"attack\":\"368\",\"shellingType\":\"Long LV1\"}',638,651,638,368,160,1,1),(639,'Great Bone Gunlance 1','gunlance',6,'great-bone-gunlance-1','{\"attack\":\"391\",\"defense\":10,\"shellingType\":\"Long LV2\"}',639,666,639,391,170,1,1),(640,'Great Bone Gunlance 2','gunlance',6,'great-bone-gunlance-2','{\"attack\":\"437\",\"defense\":10,\"shellingType\":\"Long LV2\"}',640,667,640,437,190,1,1),(641,'Bazel Buster 1','gunlance',6,'bazel-buster-1','{\"attack\":\"437\",\"affinity\":-10,\"shellingType\":\"Wide LV3\"}',641,668,641,437,190,1,1),(642,'Bazel Buster 2','gunlance',7,'bazel-buster-2','{\"attack\":\"460\",\"affinity\":-10,\"shellingType\":\"Wide LV3\"}',642,685,642,460,200,1,1),(643,'Jagras Gunlance 1','gunlance',2,'jagras-gunlance-1','{\"attack\":\"253\",\"shellingType\":\"Normal LV2\"}',643,622,643,253,110,0,0),(644,'Jagras Gunlance 2','gunlance',3,'jagras-gunlance-2','{\"attack\":\"276\",\"shellingType\":\"Normal LV2\"}',644,629,644,276,120,0,0),(645,'Jagras Gunlance 3','gunlance',4,'jagras-gunlance-3','{\"attack\":\"322\",\"shellingType\":\"Normal LV2\"}',645,640,645,322,140,0,0),(646,'Glutton Gunlance 1','gunlance',5,'glutton-gunlance-1','{\"attack\":\"345\",\"shellingType\":\"Normal LV3\"}',646,652,646,345,150,1,2),(647,'Glutton Gunlance 2','gunlance',6,'glutton-gunlance-2','{\"attack\":\"437\",\"shellingType\":\"Normal LV3\"}',647,669,647,437,190,1,2),(648,'Glutton Gunlance 3','gunlance',6,'glutton-gunlance-3','{\"attack\":\"437\",\"shellingType\":\"Normal LV3\"}',648,670,648,437,190,1,2),(649,'Girros Gunlance 1','gunlance',3,'girros-gunlance-1','{\"attack\":\"276\",\"shellingType\":\"Normal LV2\"}',649,630,649,276,120,0,0),(650,'Girros Gunlance 2','gunlance',4,'girros-gunlance-2','{\"attack\":\"299\",\"shellingType\":\"Normal LV2\"}',650,641,650,299,130,0,0),(651,'Deathfang Gunlance 1','gunlance',5,'deathfang-gunlance-1','{\"attack\":\"322\",\"affinity\":10,\"shellingType\":\"Normal LV3\"}',651,653,651,322,140,0,0),(652,'Deathfang Gunlance 2','gunlance',6,'deathfang-gunlance-2','{\"attack\":\"345\",\"affinity\":10,\"shellingType\":\"Normal LV3\"}',652,671,652,345,150,0,0),(653,'Deathfang Gunlance 3','gunlance',6,'deathfang-gunlance-3','{\"attack\":\"368\",\"affinity\":10,\"shellingType\":\"Normal LV3\"}',653,672,653,368,160,0,0),(654,'Hazak Spysa 1','gunlance',7,'hazak-spysa-1','{\"attack\":\"437\",\"shellingType\":\"Long LV3\",\"elderseal\":\"average\"}',654,686,654,437,190,1,1),(655,'Hazak Spysa 2','gunlance',7,'hazak-spysa-2','{\"attack\":\"460\",\"shellingType\":\"Long LV3\",\"elderseal\":\"average\"}',655,687,655,460,200,1,1),(656,'Carapace Cannon 1','gunlance',2,'carapace-cannon-1','{\"attack\":\"276\",\"defense\":10,\"affinity\":-10,\"shellingType\":\"Wide LV1\"}',656,623,656,276,120,0,0),(657,'Carapace Cannon 2','gunlance',3,'carapace-cannon-2','{\"attack\":\"299\",\"defense\":10,\"affinity\":-10,\"shellingType\":\"Wide LV1\"}',657,631,657,299,130,0,0),(658,'Carapace Cannon 3','gunlance',4,'carapace-cannon-3','{\"attack\":\"345\",\"defense\":10,\"affinity\":-10,\"shellingType\":\"Wide LV1\"}',658,642,658,345,150,0,0),(659,'Barroth Blaster 1','gunlance',5,'barroth-blaster-1','{\"attack\":\"391\",\"defense\":15,\"affinity\":-10,\"shellingType\":\"Wide LV2\"}',659,654,659,391,170,0,0),(660,'Barroth Blaster 2','gunlance',6,'barroth-blaster-2','{\"attack\":\"437\",\"defense\":15,\"affinity\":-10,\"shellingType\":\"Wide LV2\"}',660,673,660,437,190,0,0),(661,'Barroth Blaster 3','gunlance',6,'barroth-blaster-3','{\"attack\":\"460\",\"defense\":15,\"affinity\":-10,\"shellingType\":\"Wide LV3\"}',661,674,661,460,200,0,0),(662,'Blazing Gunlance 1','gunlance',3,'blazing-gunlance-1','{\"attack\":\"299\",\"affinity\":-20,\"shellingType\":\"Long LV1\"}',662,632,662,299,130,0,0),(663,'Blazing Gunlance 2','gunlance',4,'blazing-gunlance-2','{\"attack\":\"322\",\"affinity\":-20,\"shellingType\":\"Long LV1\"}',663,643,663,322,140,0,0),(664,'Anja Cannon 1','gunlance',5,'anja-cannon-1','{\"attack\":\"368\",\"affinity\":-20,\"shellingType\":\"Long LV2\"}',664,655,664,368,160,0,0),(665,'Anja Cannon 2','gunlance',6,'anja-cannon-2','{\"attack\":\"414\",\"affinity\":-20,\"shellingType\":\"Long LV2\"}',665,675,665,414,180,0,0),(666,'Anja Cannon 3','gunlance',6,'anja-cannon-3','{\"attack\":\"483\",\"affinity\":-20,\"shellingType\":\"Long LV3\"}',666,676,666,483,210,0,0),(667,'Dragonbone Gunlance 1','gunlance',3,'dragonbone-gunlance-1','{\"attack\":\"230\",\"shellingType\":\"Normal LV2\",\"elderseal\":\"low\"}',667,633,667,230,100,1,0),(668,'Dragonbone Gunlance 2','gunlance',4,'dragonbone-gunlance-2','{\"attack\":\"253\",\"shellingType\":\"Normal LV2\",\"elderseal\":\"low\"}',668,644,668,253,110,1,0),(669,'Dragonbone Gunlance 3','gunlance',6,'dragonbone-gunlance-3','{\"attack\":\"368\",\"shellingType\":\"Normal LV3\",\"elderseal\":\"low\"}',669,677,669,368,160,1,2),(670,'Magda Lahat','gunlance',5,'magda-lahat','{\"attack\":\"368\",\"defense\":20,\"affinity\":-10,\"shellingType\":\"Long LV3\"}',670,656,670,368,160,0,0),(671,'Earthshaker Magda Lahat','gunlance',8,'earthshaker-magda-lahat','{\"attack\":\"460\",\"defense\":20,\"affinity\":-10,\"shellingType\":\"Long LV4\"}',671,692,671,460,200,0,0),(672,'Blacksteel Gunlance 1','gunlance',5,'blacksteel-gunlance-1','{\"attack\":\"230\",\"shellingType\":\"Normal LV2\",\"elderseal\":\"low\"}',672,657,672,230,100,1,0),(673,'Blacksteel Gunlance 2','gunlance',6,'blacksteel-gunlance-2','{\"attack\":\"253\",\"shellingType\":\"Normal LV2\",\"elderseal\":\"low\"}',673,678,673,253,110,1,0),(674,'Icesteel Gunlance','gunlance',7,'icesteel-gunlance','{\"attack\":\"391\",\"affinity\":10,\"shellingType\":\"Long LV3\"}',674,688,674,391,170,1,1),(675,'Daora\'s Brigia','gunlance',8,'daoras-brigia','{\"attack\":\"414\",\"affinity\":10,\"shellingType\":\"Long LV3\"}',675,693,675,414,180,1,1),(676,'Xeno Hemta','gunlance',8,'xeno-hemta','{\"attack\":\"391\",\"affinity\":15,\"shellingType\":\"Long LV3\",\"elderseal\":\"low\"}',676,694,676,391,170,1,2),(677,'Proto Iron Axe 1','switch-axe',1,'proto-iron-axe-1','{\"attack\":\"280\",\"phialType\":\"Power Phial\"}',677,695,677,280,80,0,0),(678,'Proto Iron Axe 2','switch-axe',1,'proto-iron-axe-2','{\"attack\":\"315\",\"phialType\":\"Power Phial\"}',678,696,678,315,90,0,0),(679,'Proto Iron Axe 3','switch-axe',2,'proto-iron-axe-3','{\"attack\":\"350\",\"phialType\":\"Power Phial\"}',679,699,679,350,100,0,0),(680,'Improved Steel Axe 1','switch-axe',3,'improved-steel-axe-1','{\"attack\":\"385\",\"phialType\":\"Poison Phial 300\"}',680,704,680,385,110,0,0),(681,'Improved Steel Axe 2','switch-axe',4,'improved-steel-axe-2','{\"attack\":\"455\",\"phialType\":\"Poison Phial 300\"}',681,713,681,455,130,0,0),(682,'Improved Steel Axe 3','switch-axe',5,'improved-steel-axe-3','{\"attack\":\"490\",\"phialType\":\"Poison Phial 300\"}',682,725,682,490,140,1,1),(683,'Perfected Alloy Axe 1','switch-axe',6,'perfected-alloy-axe-1','{\"attack\":\"560\",\"phialType\":\"Poison Phial 420\"}',683,737,683,560,160,1,1),(684,'Perfected Alloy Axe 2','switch-axe',6,'perfected-alloy-axe-2','{\"attack\":\"630\",\"phialType\":\"Poison Phial 420\"}',684,738,684,630,180,1,2),(685,'Nergal Gash','switch-axe',7,'nergal-gash','{\"attack\":\"665\",\"phialType\":\"Power Phial\",\"elderseal\":\"high\"}',685,757,685,665,190,1,1),(686,'Dying Light','switch-axe',8,'dying-light','{\"attack\":\"700\",\"phialType\":\"Power Phial\",\"elderseal\":\"high\"}',686,771,686,700,200,1,1),(687,'Glacial Axe 1','switch-axe',4,'glacial-axe-1','{\"attack\":\"455\",\"phialType\":\"Power Element Phial\"}',687,714,687,455,130,0,0),(688,'Glacial Axe 2','switch-axe',5,'glacial-axe-2','{\"attack\":\"490\",\"phialType\":\"Power Element Phial\"}',688,726,688,490,140,0,0),(689,'Frostreaver','switch-axe',6,'frostreaver','{\"attack\":\"525\",\"phialType\":\"Power Element Phial\"}',689,739,689,525,150,0,0),(690,'Legia Frostreaver','switch-axe',7,'legia-frostreaver','{\"attack\":\"560\",\"phialType\":\"Power Element Phial\"}',690,758,690,560,160,0,0),(691,'Thunder Axe 1','switch-axe',3,'thunder-axe-1','{\"attack\":\"420\",\"phialType\":\"Power Phial\"}',691,705,691,420,120,0,0),(692,'Thunder Axe 2','switch-axe',4,'thunder-axe-2','{\"attack\":\"490\",\"phialType\":\"Power Phial\"}',692,715,692,490,140,0,0),(693,'Lightning Chopper 1','switch-axe',5,'lightning-chopper-1','{\"attack\":\"560\",\"phialType\":\"Power Phial\"}',693,727,693,560,160,1,1),(694,'Lightning Chopper 2','switch-axe',6,'lightning-chopper-2','{\"attack\":\"595\",\"phialType\":\"Power Phial\"}',694,740,694,595,170,1,1),(695,'Lightning Chopper 3','switch-axe',6,'lightning-chopper-3','{\"attack\":\"630\",\"phialType\":\"Power Phial\"}',695,741,695,630,180,1,1),(696,'Motor Chopper 1','switch-axe',6,'motor-chopper-1','{\"attack\":\"630\",\"defense\":30,\"phialType\":\"Power Phial\"}',696,742,696,630,180,1,1),(697,'Motor Chopper 2','switch-axe',7,'motor-chopper-2','{\"attack\":\"735\",\"defense\":30,\"phialType\":\"Power Phial\"}',697,759,697,735,210,1,1),(698,'Jagras Axe 1','switch-axe',2,'jagras-axe-1','{\"attack\":\"385\",\"phialType\":\"Exhaust Phial 120\"}',698,700,698,385,110,0,0),(699,'Jagras Axe 2','switch-axe',3,'jagras-axe-2','{\"attack\":\"420\",\"phialType\":\"Exhaust Phial 120\"}',699,706,699,420,120,0,0),(700,'Jagras Axe 3','switch-axe',4,'jagras-axe-3','{\"attack\":\"490\",\"phialType\":\"Exhaust Phial 150\"}',700,716,700,490,140,0,0),(701,'Jagras Raider 1','switch-axe',5,'jagras-raider-1','{\"attack\":\"560\",\"phialType\":\"Exhaust Phial 180\"}',701,728,701,560,160,1,1),(702,'Jagras Raider 2','switch-axe',6,'jagras-raider-2','{\"attack\":\"630\",\"phialType\":\"Exhaust Phial 180\"}',702,743,702,630,180,1,2),(703,'Jagras Raider 3','switch-axe',6,'jagras-raider-3','{\"attack\":\"665\",\"phialType\":\"Exhaust Phial 210\"}',703,744,703,665,190,1,2),(704,'Bazel Raider 1','switch-axe',6,'bazel-raider-1','{\"attack\":\"665\",\"affinity\":-15,\"phialType\":\"Power Phial\"}',704,745,704,665,190,1,1),(705,'Bazel Raider 2','switch-axe',7,'bazel-raider-2','{\"attack\":\"700\",\"affinity\":-15,\"phialType\":\"Power Phial\"}',705,760,705,700,200,1,1),(706,'Rathalos Axe 1','switch-axe',4,'rathalos-axe-1','{\"attack\":\"455\",\"affinity\":10,\"phialType\":\"Power Phial\"}',706,717,706,455,130,0,0),(707,'Rathalos Axe 2','switch-axe',4,'rathalos-axe-2','{\"attack\":\"490\",\"affinity\":10,\"phialType\":\"Power Phial\"}',707,718,707,490,140,1,1),(708,'Rathbringer Axe 1','switch-axe',6,'rathbringer-axe-1','{\"attack\":\"560\",\"affinity\":15,\"phialType\":\"Power Phial\"}',708,746,708,560,160,1,1),(709,'Rathbringer Axe 2','switch-axe',7,'rathbringer-axe-2','{\"attack\":\"665\",\"affinity\":15,\"phialType\":\"Power Phial\"}',709,761,709,665,190,1,1),(710,'Bone Axe 1','switch-axe',1,'bone-axe-1','{\"attack\":\"315\",\"phialType\":\"Power Phial\"}',710,697,710,315,90,0,0),(711,'Bone Axe 2','switch-axe',1,'bone-axe-2','{\"attack\":\"350\",\"phialType\":\"Power Phial\"}',711,698,711,350,100,0,0),(712,'Bone Axe 3','switch-axe',2,'bone-axe-3','{\"attack\":\"385\",\"phialType\":\"Power Phial\"}',712,701,712,385,110,0,0),(713,'Bone Smasher 1','switch-axe',3,'bone-smasher-1','{\"attack\":\"490\",\"phialType\":\"Power Phial\"}',713,707,713,490,140,0,0),(714,'Bone Smasher 2','switch-axe',4,'bone-smasher-2','{\"attack\":\"525\",\"phialType\":\"Power Phial\"}',714,719,714,525,150,0,0),(715,'Bone Smasher 3','switch-axe',5,'bone-smasher-3','{\"attack\":\"560\",\"phialType\":\"Power Phial\"}',715,729,715,560,160,0,1),(716,'Power Smasher 1','switch-axe',6,'power-smasher-1','{\"attack\":\"595\",\"defense\":10,\"phialType\":\"Dragon Phial 300\"}',716,747,716,595,170,0,1),(717,'Power Smasher 2','switch-axe',6,'power-smasher-2','{\"attack\":\"665\",\"defense\":10,\"affinity\":10,\"phialType\":\"Dragon Phial 420\"}',717,748,717,665,190,0,0),(718,'Hazak Demios 1','switch-axe',7,'hazak-demios-1','{\"attack\":\"665\",\"phialType\":\"Power Element Phial\",\"elderseal\":\"average\"}',718,762,718,665,190,1,1),(719,'Hazak Demios 2','switch-axe',7,'hazak-demios-2','{\"attack\":\"700\",\"phialType\":\"Power Element Phial\",\"elderseal\":\"average\"}',719,763,719,700,200,1,1),(720,'Madness Axe 1','switch-axe',2,'madness-axe-1','{\"attack\":\"385\",\"phialType\":\"Power Element Phial\"}',720,702,720,385,110,0,0),(721,'Madness Axe 2','switch-axe',3,'madness-axe-2','{\"attack\":\"420\",\"phialType\":\"Power Element Phial\"}',721,708,721,420,120,0,0),(722,'Madness Axe 3','switch-axe',4,'madness-axe-3','{\"attack\":\"490\",\"phialType\":\"Power Element Phial\"}',722,720,722,490,140,0,0),(723,'Jyura Drought 1','switch-axe',5,'jyura-drought-1','{\"attack\":\"560\",\"phialType\":\"Power Element Phial\"}',723,730,723,560,160,1,1),(724,'Jyura Drought 2','switch-axe',6,'jyura-drought-2','{\"attack\":\"630\",\"phialType\":\"Power Element Phial\"}',724,749,724,630,180,1,1),(725,'Jyura Drought 3','switch-axe',7,'jyura-drought-3','{\"attack\":\"665\",\"phialType\":\"Power Element Phial\"}',725,764,725,665,190,1,1),(726,'Lumu Axe 1','switch-axe',3,'lumu-axe-1','{\"attack\":\"420\",\"affinity\":10,\"phialType\":\"Power Phial\"}',726,709,726,420,120,0,0),(727,'Lumu Axe 2','switch-axe',4,'lumu-axe-2','{\"attack\":\"490\",\"affinity\":10,\"phialType\":\"Power Phial\"}',727,721,727,490,140,0,0),(728,'Lumu Smasher 1','switch-axe',5,'lumu-smasher-1','{\"attack\":\"525\",\"affinity\":20,\"phialType\":\"Power Phial\"}',728,731,728,525,150,1,1),(729,'Lumu Smasher 2','switch-axe',6,'lumu-smasher-2','{\"attack\":\"560\",\"affinity\":20,\"phialType\":\"Power Phial\"}',729,750,729,560,160,1,1),(730,'Lumu Smasher 3','switch-axe',7,'lumu-smasher-3','{\"attack\":\"595\",\"affinity\":20,\"phialType\":\"Power Phial\"}',730,765,730,595,170,1,1),(731,'Carapace Axe 1','switch-axe',2,'carapace-axe-1','{\"attack\":\"420\",\"defense\":10,\"affinity\":-20,\"phialType\":\"Para Phial 180\"}',731,703,731,420,120,0,0),(732,'Carapace Axe 2','switch-axe',3,'carapace-axe-2','{\"attack\":\"490\",\"defense\":10,\"affinity\":-20,\"phialType\":\"Para Phial 180\"}',732,710,732,490,140,0,0),(733,'Carapace Axe 3','switch-axe',5,'carapace-axe-3','{\"attack\":\"560\",\"defense\":10,\"affinity\":-20,\"phialType\":\"Para Phial 180\"}',733,732,733,560,160,0,0),(734,'Barroth Grinder 1','switch-axe',5,'barroth-grinder-1','{\"attack\":\"595\",\"defense\":15,\"affinity\":-20,\"phialType\":\"Para Phial 210\"}',734,733,734,595,170,1,1),(735,'Barroth Grinder 2','switch-axe',6,'barroth-grinder-2','{\"attack\":\"665\",\"defense\":15,\"affinity\":-20,\"phialType\":\"Para Phial 240\"}',735,751,735,665,190,1,2),(736,'Barroth Grinder 3','switch-axe',6,'barroth-grinder-3','{\"attack\":\"735\",\"defense\":15,\"affinity\":-20,\"phialType\":\"Para Phial 270\"}',736,752,736,735,210,1,2),(737,'Diablos Axe 1','switch-axe',4,'diablos-axe-1','{\"attack\":\"595\",\"defense\":10,\"affinity\":-30,\"phialType\":\"Power Phial\"}',737,722,737,595,170,0,0),(738,'Diablos Axe 2','switch-axe',5,'diablos-axe-2','{\"attack\":\"630\",\"defense\":10,\"affinity\":-30,\"phialType\":\"Power Phial\"}',738,734,738,630,180,1,1),(739,'Axe Semper Tyrannis','switch-axe',6,'axe-semper-tyrannis','{\"attack\":\"735\",\"defense\":15,\"affinity\":-30,\"phialType\":\"Power Phial\"}',739,753,739,735,210,1,1),(740,'Axe of Thanatos','switch-axe',7,'axe-of-thanatos','{\"attack\":\"770\",\"defense\":15,\"affinity\":-30,\"phialType\":\"Power Phial\"}',740,766,740,770,220,1,1),(741,'Axe of Demons','switch-axe',8,'axe-of-demons','{\"attack\":\"805\",\"defense\":15,\"affinity\":-30,\"phialType\":\"Power Phial\"}',741,772,741,805,230,1,1),(742,'Flammenbeil','switch-axe',3,'flammenbeil','{\"attack\":\"455\",\"affinity\":-20,\"phialType\":\"Power Element Phial\"}',742,711,742,455,130,0,0),(743,'Flammenbeil+','switch-axe',5,'flammenbeil+','{\"attack\":\"560\",\"affinity\":-20,\"phialType\":\"Power Element Phial\"}',743,735,743,560,160,0,0),(744,'Gnashing Flammenbeil','switch-axe',7,'gnashing-flammenbeil','{\"attack\":\"735\",\"affinity\":-20,\"phialType\":\"Power Element Phial\"}',744,767,744,735,210,0,0),(745,'Dragonbone Slicer 1','switch-axe',3,'dragonbone-slicer-1','{\"attack\":\"350\",\"phialType\":\"Power Element Phial\",\"elderseal\":\"average\"}',745,712,745,350,100,1,0),(746,'Dragonbone Slicer 2','switch-axe',4,'dragonbone-slicer-2','{\"attack\":\"385\",\"phialType\":\"Power Element Phial\",\"elderseal\":\"average\"}',746,723,746,385,110,1,0),(747,'Dragonbone Slicer 3','switch-axe',6,'dragonbone-slicer-3','{\"attack\":\"560\",\"phialType\":\"Power Element Phial\",\"elderseal\":\"average\"}',747,754,747,560,160,1,2),(748,'Peal','switch-axe',4,'peal','{\"attack\":\"385\",\"phialType\":\"Power Element Phial\"}',748,724,748,385,110,0,0),(749,'Peal+','switch-axe',7,'peal+','{\"attack\":\"490\",\"phialType\":\"Power Element Phial\"}',749,768,749,490,140,0,0),(750,'Kirin Thunderpeal','switch-axe',8,'kirin-thunderpeal','{\"attack\":\"560\",\"phialType\":\"Power Element Phial\"}',750,773,750,560,160,0,0),(751,'Blacksteel Switch Axe 1','switch-axe',5,'blacksteel-switch-axe-1','{\"attack\":\"350\",\"affinity\":15,\"phialType\":\"Power Phial\",\"elderseal\":\"low\"}',751,736,751,350,100,1,0),(752,'Blacksteel Switch Axe 2','switch-axe',6,'blacksteel-switch-axe-2','{\"attack\":\"385\",\"affinity\":15,\"phialType\":\"Power Phial\",\"elderseal\":\"low\"}',752,755,752,385,110,1,0),(753,'Teostra\'s Arx','switch-axe',7,'teostras-arx','{\"attack\":\"630\",\"phialType\":\"Power Phial\"}',753,769,753,630,180,0,0),(754,'Teostra\'s Castle','switch-axe',8,'teostras-castle','{\"attack\":\"665\",\"phialType\":\"Power Phial\"}',754,774,754,665,190,0,0),(755,'Xeno Martshu','switch-axe',8,'xeno-martshu','{\"attack\":\"595\",\"phialType\":\"Power Phial\",\"elderseal\":\"low\"}',755,775,755,595,170,1,2),(756,'Proto Commission Axe 1','charge-blade',1,'proto-commission-axe-1','{\"attack\":\"288\",\"phialType\":\"Impact Phial\"}',756,776,756,288,80,0,0),(757,'Proto Commission Axe 2','charge-blade',1,'proto-commission-axe-2','{\"attack\":\"324\",\"phialType\":\"Impact Phial\"}',757,777,757,324,90,0,0),(758,'Proto Commission Axe 3','charge-blade',2,'proto-commission-axe-3','{\"attack\":\"360\",\"phialType\":\"Impact Phial\"}',758,780,758,360,100,0,0),(759,'Elite Commission Axe 1','charge-blade',3,'elite-commission-axe-1','{\"attack\":\"396\",\"phialType\":\"Impact Phial\"}',759,784,759,396,110,0,0),(760,'Elite Commission Axe 2','charge-blade',4,'elite-commission-axe-2','{\"attack\":\"468\",\"phialType\":\"Impact Phial\"}',760,793,760,468,130,0,0),(761,'Elite Commission Axe 3','charge-blade',5,'elite-commission-axe-3','{\"attack\":\"504\",\"phialType\":\"Impact Phial\"}',761,803,761,504,140,1,1),(762,'Chrome Guardian 1','charge-blade',6,'chrome-guardian-1','{\"attack\":\"576\",\"phialType\":\"Impact Phial\"}',762,817,762,576,160,1,1),(763,'Chrome Guardian 2','charge-blade',6,'chrome-guardian-2','{\"attack\":\"648\",\"phialType\":\"Impact Phial\"}',763,818,763,648,180,1,2),(764,'Nergal Lacerator','charge-blade',7,'nergal-lacerator','{\"attack\":\"720\",\"phialType\":\"Impact Phial\",\"elderseal\":\"high\"}',764,839,764,720,200,1,1),(765,'Devastation\'s Thorns','charge-blade',8,'devastations-thorns','{\"attack\":\"756\",\"phialType\":\"Impact Phial\",\"elderseal\":\"high\"}',765,848,765,756,210,1,1),(766,'Rathsblade 1','charge-blade',4,'rathsblade-1','{\"attack\":\"432\",\"affinity\":10,\"phialType\":\"Power Element Phial\"}',766,794,766,432,120,0,0),(767,'Rathsblade 2','charge-blade',5,'rathsblade-2','{\"attack\":\"576\",\"affinity\":10,\"phialType\":\"Power Element Phial\"}',767,804,767,576,160,1,1),(768,'Axelion Blade','charge-blade',6,'axelion-blade','{\"attack\":\"612\",\"affinity\":20,\"phialType\":\"Power Element Phial\"}',768,819,768,612,170,1,1),(769,'Halberion Blade','charge-blade',7,'halberion-blade','{\"attack\":\"684\",\"affinity\":20,\"phialType\":\"Power Element Phial\"}',769,840,769,684,190,1,1),(770,'Mudslide Blade 1','charge-blade',3,'mudslide-blade-1','{\"attack\":\"396\",\"phialType\":\"Power Element Phial\"}',770,785,770,396,110,0,0),(771,'Mudslide Blade 2','charge-blade',3,'mudslide-blade-2','{\"attack\":\"432\",\"phialType\":\"Power Element Phial\"}',771,786,771,432,120,0,0),(772,'Mudslide Blade 3','charge-blade',5,'mudslide-blade-3','{\"attack\":\"504\",\"phialType\":\"Power Element Phial\"}',772,805,772,504,140,0,0),(773,'Jyura Depth 1','charge-blade',5,'jyura-depth-1','{\"attack\":\"576\",\"phialType\":\"Power Element Phial\"}',773,806,773,576,160,1,1),(774,'Jyura Depth 2','charge-blade',6,'jyura-depth-2','{\"attack\":\"648\",\"phialType\":\"Power Element Phial\"}',774,820,774,648,180,1,1),(775,'Jyura Depth 3','charge-blade',6,'jyura-depth-3','{\"attack\":\"684\",\"phialType\":\"Power Element Phial\"}',775,821,775,684,190,1,1),(776,'Everfrost Blade 1','charge-blade',4,'everfrost-blade-1','{\"attack\":\"504\",\"phialType\":\"Power Element Phial\"}',776,795,776,504,140,0,0),(777,'Everfrost Blade 2','charge-blade',5,'everfrost-blade-2','{\"attack\":\"540\",\"phialType\":\"Power Element Phial\"}',777,807,777,540,150,1,2),(778,'Gigafrost 1','charge-blade',6,'gigafrost-1','{\"attack\":\"576\",\"phialType\":\"Power Element Phial\"}',778,822,778,576,160,1,2),(779,'Gigafrost 2','charge-blade',6,'gigafrost-2','{\"attack\":\"612\",\"phialType\":\"Power Element Phial\"}',779,823,779,612,170,1,2),(780,'Dear Lutemis','charge-blade',3,'dear-lutemis','{\"attack\":\"468\",\"phialType\":\"Impact Phial\"}',780,787,780,468,130,0,0),(781,'Dear Lutemia','charge-blade',5,'dear-lutemia','{\"attack\":\"540\",\"phialType\":\"Impact Phial\"}',781,808,781,540,150,1,2),(782,'Dear Hecatel','charge-blade',6,'dear-hecatel','{\"attack\":\"612\",\"phialType\":\"Impact Phial\"}',782,824,782,612,170,1,2),(783,'Dear Hecatelia','charge-blade',7,'dear-hecatelia','{\"attack\":\"684\",\"phialType\":\"Impact Phial\"}',783,841,783,684,190,1,2),(784,'Bone Strongarm 1','charge-blade',1,'bone-strongarm-1','{\"attack\":\"324\",\"phialType\":\"Impact Phial\"}',784,778,784,324,90,0,0),(785,'Bone Strongarm 2','charge-blade',1,'bone-strongarm-2','{\"attack\":\"360\",\"phialType\":\"Impact Phial\"}',785,779,785,360,100,0,0),(786,'Bone Strongarm 3','charge-blade',2,'bone-strongarm-3','{\"attack\":\"396\",\"phialType\":\"Impact Phial\"}',786,781,786,396,110,0,0),(787,'Hard Bone Strongarm 1','charge-blade',3,'hard-bone-strongarm-1','{\"attack\":\"432\",\"phialType\":\"Impact Phial\"}',787,788,787,432,120,0,0),(788,'Hard Bone Strongarm 2','charge-blade',4,'hard-bone-strongarm-2','{\"attack\":\"504\",\"phialType\":\"Impact Phial\"}',788,796,788,504,140,0,0),(789,'Hard Bone Strongarm 3','charge-blade',5,'hard-bone-strongarm-3','{\"attack\":\"576\",\"phialType\":\"Impact Phial\"}',789,809,789,576,160,0,0),(790,'Mighty Strongarm 1','charge-blade',6,'mighty-strongarm-1','{\"attack\":\"612\",\"defense\":10,\"phialType\":\"Impact Phial\"}',790,825,790,612,170,1,1),(791,'Mighty Strongarm 2','charge-blade',6,'mighty-strongarm-2','{\"attack\":\"684\",\"defense\":10,\"phialType\":\"Impact Phial\"}',791,826,791,684,190,1,1),(792,'Diablos Wall 1','charge-blade',4,'diablos-wall-1','{\"attack\":\"612\",\"defense\":10,\"affinity\":-30,\"phialType\":\"Impact Phial\"}',792,797,792,612,170,0,0),(793,'Diablos Wall 2','charge-blade',5,'diablos-wall-2','{\"attack\":\"684\",\"defense\":10,\"affinity\":-30,\"phialType\":\"Impact Phial\"}',793,810,793,684,190,0,0),(794,'Diablos Tyrannis 1','charge-blade',6,'diablos-tyrannis-1','{\"attack\":\"756\",\"defense\":15,\"affinity\":-30,\"phialType\":\"Impact Phial\"}',794,827,794,756,210,0,0),(795,'Diablos Tyrannis 2','charge-blade',7,'diablos-tyrannis-2','{\"attack\":\"828\",\"defense\":15,\"affinity\":-30,\"phialType\":\"Impact Phial\"}',795,842,795,828,230,0,0),(796,'Jagras Strongarm 1','charge-blade',2,'jagras-strongarm-1','{\"attack\":\"396\",\"phialType\":\"Impact Phial\"}',796,782,796,396,110,0,0),(797,'Jagras Strongarm 2','charge-blade',3,'jagras-strongarm-2','{\"attack\":\"432\",\"phialType\":\"Impact Phial\"}',797,789,797,432,120,0,0),(798,'Jagras Strongarm 3','charge-blade',4,'jagras-strongarm-3','{\"attack\":\"468\",\"phialType\":\"Impact Phial\"}',798,798,798,468,130,0,0),(799,'Jagras Escudo 1','charge-blade',5,'jagras-escudo-1','{\"attack\":\"540\",\"phialType\":\"Impact Phial\"}',799,811,799,540,150,1,2),(800,'Jagras Escudo 2','charge-blade',6,'jagras-escudo-2','{\"attack\":\"648\",\"phialType\":\"Impact Phial\"}',800,828,800,648,180,1,2),(801,'Jagras Escudo 3','charge-blade',6,'jagras-escudo-3','{\"attack\":\"684\",\"phialType\":\"Impact Phial\"}',801,829,801,684,190,1,2),(802,'Gama Silt 1','charge-blade',6,'gama-silt-1','{\"attack\":\"576\",\"phialType\":\"Impact Phial\"}',802,830,802,576,160,1,2),(803,'Gama Silt 2','charge-blade',7,'gama-silt-2','{\"attack\":\"612\",\"phialType\":\"Impact Phial\"}',803,843,803,612,170,1,2),(804,'Girros Strongarm 1','charge-blade',3,'girros-strongarm-1','{\"attack\":\"432\",\"affinity\":15,\"phialType\":\"Impact Phial\"}',804,790,804,432,120,0,0),(805,'Girros Strongarm 2','charge-blade',4,'girros-strongarm-2','{\"attack\":\"468\",\"affinity\":15,\"phialType\":\"Impact Phial\"}',805,799,805,468,130,0,0),(806,'Girros Nadja 1','charge-blade',5,'girros-nadja-1','{\"attack\":\"504\",\"affinity\":20,\"phialType\":\"Impact Phial\"}',806,812,806,504,140,0,0),(807,'Girros Nadja 2','charge-blade',6,'girros-nadja-2','{\"attack\":\"540\",\"affinity\":20,\"phialType\":\"Impact Phial\"}',807,831,807,540,150,0,0),(808,'Girros Nadja 3','charge-blade',6,'girros-nadja-3','{\"attack\":\"576\",\"affinity\":20,\"phialType\":\"Impact Phial\"}',808,832,808,576,160,0,0),(809,'Hazak Aspida 1','charge-blade',7,'hazak-aspida-1','{\"attack\":\"648\",\"phialType\":\"Power Element Phial\",\"elderseal\":\"average\"}',809,844,809,648,180,1,1),(810,'Hazak Aspida 2','charge-blade',7,'hazak-aspida-2','{\"attack\":\"684\",\"phialType\":\"Power Element Phial\",\"elderseal\":\"average\"}',810,845,810,684,190,1,1),(811,'Pulsar Strongarm 1','charge-blade',2,'pulsar-strongarm-1','{\"attack\":\"396\",\"affinity\":10,\"phialType\":\"Power Element Phial\"}',811,783,811,396,110,0,0),(812,'Pulsar Strongarm 2','charge-blade',3,'pulsar-strongarm-2','{\"attack\":\"432\",\"affinity\":10,\"phialType\":\"Power Element Phial\"}',812,791,812,432,120,0,0),(813,'Pulsar Strongarm 3','charge-blade',4,'pulsar-strongarm-3','{\"attack\":\"468\",\"affinity\":10,\"phialType\":\"Power Element Phial\"}',813,800,813,468,130,0,0),(814,'Kadachi Kaina 1','charge-blade',5,'kadachi-kaina-1','{\"attack\":\"504\",\"affinity\":15,\"phialType\":\"Power Element Phial\"}',814,813,814,504,140,1,1),(815,'Kadachi Kaina 2','charge-blade',6,'kadachi-kaina-2','{\"attack\":\"576\",\"affinity\":15,\"phialType\":\"Power Element Phial\"}',815,833,815,576,160,1,1),(816,'Kadachi Kaina 3','charge-blade',6,'kadachi-kaina-3','{\"attack\":\"648\",\"affinity\":15,\"phialType\":\"Power Element Phial\"}',816,834,816,648,180,1,1),(817,'Garon Strongarm 1','charge-blade',4,'garon-strongarm-1','{\"attack\":\"468\",\"affinity\":20,\"phialType\":\"Impact Phial\"}',817,801,817,468,130,0,0),(818,'Garon Strongarm 2','charge-blade',5,'garon-strongarm-2','{\"attack\":\"504\",\"affinity\":20,\"phialType\":\"Impact Phial\"}',818,814,818,504,140,0,0),(819,'Hate\'s Undying Flame','charge-blade',6,'hates-undying-flame','{\"attack\":\"540\",\"affinity\":25,\"phialType\":\"Impact Phial\"}',819,835,819,540,150,0,0),(820,'Odium','charge-blade',8,'odium','{\"attack\":\"576\",\"affinity\":25,\"phialType\":\"Impact Phial\"}',820,849,820,576,160,0,0),(821,'Dragonbone Cutter 1','charge-blade',3,'dragonbone-cutter-1','{\"attack\":\"360\",\"phialType\":\"Impact Phial\",\"elderseal\":\"low\"}',821,792,821,360,100,1,0),(822,'Dragonbone Cutter 2','charge-blade',4,'dragonbone-cutter-2','{\"attack\":\"396\",\"phialType\":\"Impact Phial\",\"elderseal\":\"low\"}',822,802,822,396,110,1,0),(823,'Dragonbone Cutter 3','charge-blade',6,'dragonbone-cutter-3','{\"attack\":\"576\",\"phialType\":\"Impact Phial\",\"elderseal\":\"low\"}',823,836,823,576,160,1,2),(824,'Magda Manus','charge-blade',5,'magda-manus','{\"attack\":\"576\",\"defense\":20,\"affinity\":-10,\"phialType\":\"Impact Phial\"}',824,815,824,576,160,0,0),(825,'Avenging Magda Manus','charge-blade',8,'avenging-magda-manus','{\"attack\":\"756\",\"defense\":20,\"affinity\":-10,\"phialType\":\"Impact Phial\"}',825,850,825,756,210,0,0),(826,'Blacksteel Charger 1','charge-blade',5,'blacksteel-charger-1','{\"attack\":\"360\",\"phialType\":\"Impact Phial\",\"elderseal\":\"low\"}',826,816,826,360,100,1,0),(827,'Blacksteel Charger 2','charge-blade',6,'blacksteel-charger-2','{\"attack\":\"396\",\"phialType\":\"Impact Phial\",\"elderseal\":\"low\"}',827,837,827,396,110,1,0),(828,'Daora\'s Casca','charge-blade',7,'daoras-casca','{\"attack\":\"612\",\"affinity\":10,\"phialType\":\"Impact Phial\"}',828,846,828,612,170,1,1),(829,'Daora\'s Thwartoise','charge-blade',8,'daoras-thwartoise','{\"attack\":\"648\",\"affinity\":15,\"phialType\":\"Impact Phial\"}',829,851,829,648,180,1,2),(830,'Xeno Ra\'atz','charge-blade',8,'xeno-raatz','{\"attack\":\"648\",\"affinity\":15,\"phialType\":\"Impact Phial\",\"elderseal\":\"low\"}',830,852,830,648,180,1,2),(831,'Iron Blade 1','insect-glaive',1,'iron-blade-1','{\"attack\":\"248\",\"boostType\":\"Sever Boost\"}',831,853,831,248,80,0,0),(832,'Iron Blade 2','insect-glaive',1,'iron-blade-2','{\"attack\":\"279\",\"boostType\":\"Sever Boost\"}',832,854,832,279,90,0,0),(833,'Iron Blade 3','insect-glaive',2,'iron-blade-3','{\"attack\":\"310\",\"boostType\":\"Sever Boost\"}',833,857,833,310,100,0,0),(834,'Steel Blade 1','insect-glaive',3,'steel-blade-1','{\"attack\":\"341\",\"boostType\":\"Sever Boost\"}',834,863,834,341,110,0,0),(835,'Steel Blade 2','insect-glaive',4,'steel-blade-2','{\"attack\":\"403\",\"boostType\":\"Sever Boost\"}',835,872,835,403,130,0,0),(836,'Steel Blade 3','insect-glaive',5,'steel-blade-3','{\"attack\":\"434\",\"boostType\":\"Sever Boost\"}',836,886,836,434,140,1,1),(837,'Chrome Blade 1','insect-glaive',6,'chrome-blade-1','{\"attack\":\"496\",\"boostType\":\"Sever Boost\"}',837,898,837,496,160,1,1),(838,'Chrome Blade 2','insect-glaive',6,'chrome-blade-2','{\"attack\":\"558\",\"boostType\":\"Sever Boost\"}',838,899,838,558,180,1,2),(839,'Nergal Reaper','insect-glaive',7,'nergal-reaper','{\"attack\":\"620\",\"boostType\":\"Sever Boost\"}',839,921,839,620,200,1,1),(840,'Catastrophe\'s Light','insect-glaive',8,'catastrophes-light','{\"attack\":\"651\",\"boostType\":\"Sever Boost\"}',840,931,840,651,210,1,1),(841,'Flame Glaive 1','insect-glaive',4,'flame-glaive-1','{\"attack\":\"372\",\"affinity\":10,\"boostType\":\"Sever Boost\"}',841,873,841,372,120,0,0),(842,'Flame Glaive 2','insect-glaive',5,'flame-glaive-2','{\"attack\":\"465\",\"affinity\":10,\"boostType\":\"Sever Boost\"}',842,887,842,465,150,1,1),(843,'Rathmaul','insect-glaive',6,'rathmaul','{\"attack\":\"527\",\"affinity\":20,\"boostType\":\"Sever Boost\"}',843,900,843,527,170,1,1),(844,'Firedance Rathmaul','insect-glaive',7,'firedance-rathmaul','{\"attack\":\"589\",\"affinity\":20,\"boostType\":\"Sever Boost\"}',844,922,844,589,190,1,1),(845,'Kulu Blade 1','insect-glaive',2,'kulu-blade-1','{\"attack\":\"310\",\"affinity\":10,\"boostType\":\"Speed Boost\"}',845,858,845,310,100,0,0),(846,'Kulu Blade 2','insect-glaive',3,'kulu-blade-2','{\"attack\":\"341\",\"affinity\":10,\"boostType\":\"Speed Boost\"}',846,864,846,341,110,0,0),(847,'Kulu Blade 3','insect-glaive',4,'kulu-blade-3','{\"attack\":\"434\",\"affinity\":10,\"boostType\":\"Speed Boost\"}',847,874,847,434,140,0,0),(848,'Ya-Ku Wrath 1','insect-glaive',5,'ya-ku-wrath-1','{\"attack\":\"465\",\"affinity\":20,\"boostType\":\"Speed Boost\"}',848,888,848,465,150,0,0),(849,'Ya-Ku Wrath 2','insect-glaive',6,'ya-ku-wrath-2','{\"attack\":\"496\",\"affinity\":20,\"boostType\":\"Speed Boost\"}',849,901,849,496,160,0,0),(850,'Ya-Ku Wrath 3','insect-glaive',6,'ya-ku-wrath-3','{\"attack\":\"527\",\"affinity\":20,\"boostType\":\"Speed Boost\"}',850,902,850,527,170,0,0),(851,'Luminous Blade 1','insect-glaive',3,'luminous-blade-1','{\"attack\":\"372\",\"boostType\":\"Speed Boost\"}',851,865,851,372,120,0,0),(852,'Luminous Blade 2','insect-glaive',4,'luminous-blade-2','{\"attack\":\"434\",\"boostType\":\"Speed Boost\"}',852,875,852,434,140,0,0),(853,'Destroyer Bo 1','insect-glaive',5,'destroyer-bo-1','{\"attack\":\"496\",\"boostType\":\"Speed Boost\"}',853,889,853,496,160,1,1),(854,'Destroyer Bo 2','insect-glaive',6,'destroyer-bo-2','{\"attack\":\"527\",\"boostType\":\"Speed Boost\"}',854,903,854,527,170,1,1),(855,'Destroyer Bo 3','insect-glaive',6,'destroyer-bo-3','{\"attack\":\"558\",\"boostType\":\"Speed Boost\"}',855,904,855,558,180,1,1),(856,'Frost Blade 1','insect-glaive',4,'frost-blade-1','{\"attack\":\"434\",\"boostType\":\"Element Boost\"}',856,876,856,434,140,0,0),(857,'Frost Blade 2','insect-glaive',4,'frost-blade-2','{\"attack\":\"465\",\"boostType\":\"Element Boost\"}',857,877,857,465,150,1,2),(858,'Freeze Gale 1','insect-glaive',6,'freeze-gale-1','{\"attack\":\"496\",\"boostType\":\"Element Boost\"}',858,905,858,496,160,1,2),(859,'Freeze Gale 2','insect-glaive',6,'freeze-gale-2','{\"attack\":\"527\",\"boostType\":\"Element Boost\"}',859,906,859,527,170,1,2),(860,'Blooming Glaive 1','insect-glaive',2,'blooming-glaive-1','{\"attack\":\"310\",\"boostType\":\"Health Boost\"}',860,859,860,310,100,0,0),(861,'Blooming Glaive 2','insect-glaive',3,'blooming-glaive-2','{\"attack\":\"341\",\"boostType\":\"Health Boost\"}',861,866,861,341,110,0,0),(862,'Blooming Glaive 3','insect-glaive',4,'blooming-glaive-3','{\"attack\":\"403\",\"boostType\":\"Health Boost\"}',862,878,862,403,130,0,0),(863,'Datura Blade 1','insect-glaive',5,'datura-blade-1','{\"attack\":\"465\",\"boostType\":\"Health Boost\"}',863,890,863,465,150,0,0),(864,'Datura Blade 2','insect-glaive',6,'datura-blade-2','{\"attack\":\"496\",\"boostType\":\"Health Boost\"}',864,907,864,496,160,1,2),(865,'Datura Blade 3','insect-glaive',6,'datura-blade-3','{\"attack\":\"527\",\"boostType\":\"Health Boost\"}',865,908,865,527,170,1,2),(866,'Gama Cane 1','insect-glaive',6,'gama-cane-1','{\"attack\":\"496\",\"boostType\":\"Stamina Boost\"}',866,909,866,496,160,1,2),(867,'Gama Cane 2','insect-glaive',7,'gama-cane-2','{\"attack\":\"527\",\"boostType\":\"Stamina Boost\"}',867,923,867,527,170,1,2),(868,'Bone Rod 1','insect-glaive',1,'bone-rod-1','{\"attack\":\"279\",\"boostType\":\"Blunt Boost\"}',868,855,868,279,90,0,0),(869,'Bone Rod 2','insect-glaive',1,'bone-rod-2','{\"attack\":\"310\",\"boostType\":\"Blunt Boost\"}',869,856,869,310,100,0,0),(870,'Bone Rod 3','insect-glaive',2,'bone-rod-3','{\"attack\":\"341\",\"boostType\":\"Blunt Boost\"}',870,860,870,341,110,0,0),(871,'Hard Bone Rod 1','insect-glaive',3,'hard-bone-rod-1','{\"attack\":\"434\",\"boostType\":\"Blunt Boost\"}',871,867,871,434,140,0,0),(872,'Hard Bone Rod 2','insect-glaive',4,'hard-bone-rod-2','{\"attack\":\"465\",\"boostType\":\"Blunt Boost\"}',872,879,872,465,150,0,0),(873,'Hard Bone Rod 3','insect-glaive',5,'hard-bone-rod-3','{\"attack\":\"496\",\"boostType\":\"Blunt Boost\"}',873,891,873,496,160,1,1),(874,'Aerial Rod 1','insect-glaive',6,'aerial-rod-1','{\"attack\":\"527\",\"defense\":10,\"boostType\":\"Blunt Boost\"}',874,910,874,527,170,1,1),(875,'Aerial Rod 2','insect-glaive',6,'aerial-rod-2','{\"attack\":\"589\",\"defense\":10,\"boostType\":\"Blunt Boost\"}',875,911,875,589,190,1,1),(876,'Hazak Entoma 1','insect-glaive',7,'hazak-entoma-1','{\"attack\":\"589\",\"boostType\":\"Blunt Boost\"}',876,924,876,589,190,1,1),(877,'Hazak Entoma 2','insect-glaive',7,'hazak-entoma-2','{\"attack\":\"620\",\"boostType\":\"Blunt Boost\"}',877,925,877,620,200,1,1),(878,'Flammenkaefer','insect-glaive',3,'flammenkaefer','{\"attack\":\"403\",\"affinity\":-20,\"boostType\":\"Blunt Boost\"}',878,868,878,403,130,0,0),(879,'Flammenkaefer+','insect-glaive',5,'flammenkaefer+','{\"attack\":\"558\",\"affinity\":-20,\"boostType\":\"Blunt Boost\"}',879,892,879,558,180,0,0),(880,'Gnashing Flammenkaefer','insect-glaive',7,'gnashing-flammenkaefer','{\"attack\":\"651\",\"affinity\":-20,\"boostType\":\"Blunt Boost\"}',880,926,880,651,210,0,0),(881,'Aqua Rod 1','insect-glaive',2,'aqua-rod-1','{\"attack\":\"341\",\"boostType\":\"Element Boost\"}',881,861,881,341,110,0,0),(882,'Aqua Rod 2','insect-glaive',3,'aqua-rod-2','{\"attack\":\"372\",\"boostType\":\"Element Boost\"}',882,869,882,372,120,0,0),(883,'Aqua Rod 3','insect-glaive',4,'aqua-rod-3','{\"attack\":\"434\",\"boostType\":\"Element Boost\"}',883,880,883,434,140,0,0),(884,'Water Glaive 1','insect-glaive',5,'water-glaive-1','{\"attack\":\"465\",\"boostType\":\"Element Boost\"}',884,893,884,465,150,1,1),(885,'Water Glaive 2','insect-glaive',6,'water-glaive-2','{\"attack\":\"527\",\"boostType\":\"Element Boost\"}',885,912,885,527,170,1,1),(886,'Water Glaive 3','insect-glaive',6,'water-glaive-3','{\"attack\":\"589\",\"boostType\":\"Element Boost\"}',886,913,886,589,190,1,1),(887,'Diablos Rod 1','insect-glaive',4,'diablos-rod-1','{\"attack\":\"496\",\"defense\":10,\"affinity\":-30,\"boostType\":\"Stamina Boost\"}',887,881,887,496,160,0,0),(888,'Diablos Rod 2','insect-glaive',5,'diablos-rod-2','{\"attack\":\"620\",\"defense\":10,\"affinity\":-30,\"boostType\":\"Stamina Boost\"}',888,894,888,620,200,1,1),(889,'Tyrannis Glaive 1','insect-glaive',6,'tyrannis-glaive-1','{\"attack\":\"682\",\"defense\":15,\"affinity\":-30,\"boostType\":\"Stamina Boost\"}',889,914,889,682,220,1,1),(890,'Tyrannis Glaive 2','insect-glaive',7,'tyrannis-glaive-2','{\"attack\":\"713\",\"defense\":15,\"affinity\":-30,\"boostType\":\"Stamina Boost\"}',890,927,890,713,230,1,1),(891,'Pulsar Rod 1','insect-glaive',2,'pulsar-rod-1','{\"attack\":\"341\",\"affinity\":10,\"boostType\":\"Speed Boost\"}',891,862,891,341,110,0,0),(892,'Pulsar Rod 2','insect-glaive',3,'pulsar-rod-2','{\"attack\":\"372\",\"affinity\":10,\"boostType\":\"Speed Boost\"}',892,870,892,372,120,0,0),(893,'Pulsar Rod 3','insect-glaive',4,'pulsar-rod-3','{\"attack\":\"434\",\"affinity\":10,\"boostType\":\"Speed Boost\"}',893,882,893,434,140,0,0),(894,'Kadachi Pillar 1','insect-glaive',5,'kadachi-pillar-1','{\"attack\":\"465\",\"affinity\":10,\"boostType\":\"Speed Boost\"}',894,895,894,465,150,1,1),(895,'Kadachi Pillar 2','insect-glaive',6,'kadachi-pillar-2','{\"attack\":\"527\",\"affinity\":10,\"boostType\":\"Speed Boost\"}',895,915,895,527,170,1,1),(896,'Kadachi Pillar 3','insect-glaive',6,'kadachi-pillar-3','{\"attack\":\"558\",\"affinity\":10,\"boostType\":\"Speed Boost\"}',896,916,896,558,180,1,1),(897,'Garon Rod 1','insect-glaive',4,'garon-rod-1','{\"attack\":\"403\",\"affinity\":10,\"boostType\":\"Speed Boost\"}',897,883,897,403,130,0,0),(898,'Garon Rod 2','insect-glaive',5,'garon-rod-2','{\"attack\":\"434\",\"affinity\":10,\"boostType\":\"Speed Boost\"}',898,896,898,434,140,0,0),(899,'Temptation\'s Trident','insect-glaive',6,'temptations-trident','{\"attack\":\"465\",\"affinity\":20,\"boostType\":\"Speed Boost\"}',899,917,899,465,150,1,1),(900,'Vice','insect-glaive',8,'vice','{\"attack\":\"496\",\"affinity\":20,\"boostType\":\"Speed Boost\"}',900,932,900,496,160,1,1),(901,'Dragonbone Glaive 1','insect-glaive',3,'dragonbone-glaive-1','{\"attack\":\"310\",\"boostType\":\"Element Boost\"}',901,871,901,310,100,0,0),(902,'Dragonbone Glaive 2','insect-glaive',4,'dragonbone-glaive-2','{\"attack\":\"341\",\"boostType\":\"Element Boost\"}',902,884,902,341,110,0,0),(903,'Dragonbone Glaive 3','insect-glaive',6,'dragonbone-glaive-3','{\"attack\":\"496\",\"boostType\":\"Element Boost\"}',903,918,903,496,160,1,2),(904,'Indigo Flash','insect-glaive',4,'indigo-flash','{\"attack\":\"341\",\"boostType\":\"Element Boost\"}',904,885,904,341,110,0,0),(905,'Azure Bolt','insect-glaive',7,'azure-bolt','{\"attack\":\"434\",\"boostType\":\"Element Boost\"}',905,928,905,434,140,0,0),(906,'Verdant Levin','insect-glaive',8,'verdant-levin','{\"attack\":\"496\",\"boostType\":\"Element Boost\"}',906,933,906,496,160,0,0),(907,'Blacksteel Glaive 1','insect-glaive',5,'blacksteel-glaive-1','{\"attack\":\"310\",\"boostType\":\"Health Boost\"}',907,897,907,310,100,0,0),(908,'Blacksteel Glaive 2','insect-glaive',6,'blacksteel-glaive-2','{\"attack\":\"341\",\"boostType\":\"Health Boost\"}',908,919,908,341,110,0,0),(909,'Daora\'s Entom','insect-glaive',7,'daoras-entom','{\"attack\":\"527\",\"affinity\":10,\"boostType\":\"Health Boost\"}',909,929,909,527,170,1,1),(910,'Daora\'s Tethidine','insect-glaive',8,'daoras-tethidine','{\"attack\":\"558\",\"affinity\":10,\"boostType\":\"Health Boost\"}',910,934,910,558,180,1,1),(911,'Xeno Shmaena','insect-glaive',8,'xeno-shmaena','{\"attack\":\"558\",\"affinity\":15,\"boostType\":\"Stamina Boost\"}',911,935,911,558,180,1,2),(912,'Chain Blitz 1','light-bowgun',1,'chain-blitz-1','{\"ammoCapacities\":{\"normal\":[6,4,3],\"piercing\":[5,3,2],\"spread\":[4,0,0],\"sticky\":[2,0,0],\"cluster\":[0,0,0],\"recover\":[0,0],\"poison\":[5,1],\"paralysis\":[0,0],\"sleep\":[0,0],\"exhaust\":[0,0],\"flaming\":[0],\"water\":[0],\"freeze\":[0],\"thunder\":[0],\"dragon\":[0],\"slicing\":[1],\"wyvern\":[0],\"demon\":[0],\"armor\":[0],\"tranq\":[2]},\"attack\":\"130\",\"deviation\":\"Low\",\"specialAmmo\":\"Wyvernblast\"}',912,936,912,130,100,0,0),(913,'Chain Blitz 2','light-bowgun',1,'chain-blitz-2','{\"ammoCapacities\":{\"normal\":[6,4,3],\"piercing\":[5,3,2],\"spread\":[4,0,0],\"sticky\":[2,0,0],\"cluster\":[0,0,0],\"recover\":[0,0],\"poison\":[5,1],\"paralysis\":[0,0],\"sleep\":[0,0],\"exhaust\":[0,0],\"flaming\":[0],\"water\":[0],\"freeze\":[0],\"thunder\":[0],\"dragon\":[0],\"slicing\":[1],\"wyvern\":[0],\"demon\":[0],\"armor\":[0],\"tranq\":[2]},\"attack\":\"143\",\"deviation\":\"Low\",\"specialAmmo\":\"Wyvernblast\"}',913,937,913,143,110,0,0),(914,'Chain Blitz 3','light-bowgun',2,'chain-blitz-3','{\"ammoCapacities\":{\"normal\":[6,4,3],\"piercing\":[5,3,2],\"spread\":[4,0,0],\"sticky\":[2,0,0],\"cluster\":[0,0,0],\"recover\":[0,0],\"poison\":[5,1],\"paralysis\":[0,0],\"sleep\":[0,0],\"exhaust\":[0,0],\"flaming\":[0],\"water\":[0],\"freeze\":[0],\"thunder\":[0],\"dragon\":[0],\"slicing\":[1],\"wyvern\":[0],\"demon\":[0],\"armor\":[0],\"tranq\":[2]},\"attack\":\"156\",\"deviation\":\"Low\",\"specialAmmo\":\"Wyvernblast\"}',914,940,914,156,120,0,0),(915,'High Chain Blitz 1','light-bowgun',3,'high-chain-blitz-1','{\"ammoCapacities\":{\"normal\":[6,4,3],\"piercing\":[5,3,2],\"spread\":[4,0,0],\"sticky\":[2,0,0],\"cluster\":[0,0,0],\"recover\":[0,0],\"poison\":[5,1],\"paralysis\":[0,0],\"sleep\":[0,0],\"exhaust\":[0,0],\"flaming\":[0],\"water\":[0],\"freeze\":[0],\"thunder\":[0],\"dragon\":[0],\"slicing\":[1],\"wyvern\":[0],\"demon\":[0],\"armor\":[0],\"tranq\":[2]},\"attack\":\"169\",\"deviation\":\"Low\",\"specialAmmo\":\"Wyvernblast\"}',915,945,915,169,130,0,0),(916,'High Chain Blitz 2','light-bowgun',4,'high-chain-blitz-2','{\"ammoCapacities\":{\"normal\":[6,4,3],\"piercing\":[5,3,2],\"spread\":[4,0,0],\"sticky\":[2,0,0],\"cluster\":[0,0,0],\"recover\":[0,0],\"poison\":[5,1],\"paralysis\":[0,0],\"sleep\":[0,0],\"exhaust\":[0,0],\"flaming\":[0],\"water\":[0],\"freeze\":[0],\"thunder\":[0],\"dragon\":[0],\"slicing\":[1],\"wyvern\":[0],\"demon\":[0],\"armor\":[0],\"tranq\":[2]},\"attack\":\"182\",\"deviation\":\"Low\",\"specialAmmo\":\"Wyvernblast\"}',916,954,916,182,140,0,0),(917,'High Chain Blitz 3','light-bowgun',5,'high-chain-blitz-3','{\"ammoCapacities\":{\"normal\":[6,4,3],\"piercing\":[5,3,2],\"spread\":[4,0,0],\"sticky\":[2,0,0],\"cluster\":[0,0,0],\"recover\":[0,0],\"poison\":[5,1],\"paralysis\":[0,0],\"sleep\":[0,0],\"exhaust\":[0,0],\"flaming\":[0],\"water\":[0],\"freeze\":[0],\"thunder\":[0],\"dragon\":[0],\"slicing\":[1],\"wyvern\":[0],\"demon\":[0],\"armor\":[0],\"tranq\":[2]},\"attack\":\"195\",\"deviation\":\"Low\",\"specialAmmo\":\"Wyvernblast\"}',917,967,917,195,150,0,1),(918,'Cross Blitz 1','light-bowgun',6,'cross-blitz-1','{\"ammoCapacities\":{\"normal\":[6,4,3],\"piercing\":[5,3,2],\"spread\":[4,0,0],\"sticky\":[2,0,0],\"cluster\":[0,0,0],\"recover\":[0,0],\"poison\":[5,1],\"paralysis\":[0,0],\"sleep\":[0,0],\"exhaust\":[0,0],\"flaming\":[0],\"water\":[0],\"freeze\":[0],\"thunder\":[0],\"dragon\":[0],\"slicing\":[1],\"wyvern\":[0],\"demon\":[0],\"armor\":[0],\"tranq\":[2]},\"attack\":\"208\",\"deviation\":\"Low\",\"specialAmmo\":\"Wyvernblast\"}',918,979,918,208,160,0,1),(919,'Cross Blitz 2','light-bowgun',6,'cross-blitz-2','{\"ammoCapacities\":{\"normal\":[6,4,3],\"piercing\":[5,3,2],\"spread\":[4,0,0],\"sticky\":[2,0,0],\"cluster\":[0,0,0],\"recover\":[0,0],\"poison\":[5,1],\"paralysis\":[0,0],\"sleep\":[0,0],\"exhaust\":[0,0],\"flaming\":[0],\"water\":[0],\"freeze\":[0],\"thunder\":[0],\"dragon\":[0],\"slicing\":[1],\"wyvern\":[0],\"demon\":[0],\"armor\":[0],\"tranq\":[2]},\"attack\":\"234\",\"deviation\":\"Low\",\"specialAmmo\":\"Wyvernblast\"}',919,980,919,234,180,0,2),(920,'Nergal Spitter','light-bowgun',7,'nergal-spitter','{\"ammoCapacities\":{\"normal\":[4,3,2],\"piercing\":[5,0,0],\"spread\":[3,2,2],\"sticky\":[2,0,0],\"cluster\":[0,0,0],\"recover\":[3,3],\"poison\":[0,0],\"paralysis\":[0,3],\"sleep\":[0,3],\"exhaust\":[0,0],\"flaming\":[0],\"water\":[4],\"freeze\":[0],\"thunder\":[0],\"dragon\":[1],\"slicing\":[1],\"wyvern\":[0],\"demon\":[1],\"armor\":[1],\"tranq\":[2]},\"attack\":\"247\",\"deviation\":\"Average\",\"specialAmmo\":\"Wyvernblast\"}',920,1004,920,247,190,0,1),(921,'Cataclysm\'s Trigger','light-bowgun',8,'cataclysms-trigger','{\"ammoCapacities\":{\"normal\":[4,3,2],\"piercing\":[5,0,0],\"spread\":[3,2,2],\"sticky\":[2,0,0],\"cluster\":[0,0,0],\"recover\":[3,3],\"poison\":[0,0],\"paralysis\":[0,3],\"sleep\":[0,3],\"exhaust\":[0,0],\"flaming\":[0],\"water\":[4],\"freeze\":[0],\"thunder\":[0],\"dragon\":[1],\"slicing\":[1],\"wyvern\":[0],\"demon\":[1],\"armor\":[1],\"tranq\":[2]},\"attack\":\"260\",\"deviation\":\"Average\",\"specialAmmo\":\"Wyvernblast\"}',921,1014,921,260,200,0,1),(922,'Lumu Blitz 1','light-bowgun',3,'lumu-blitz-1','{\"ammoCapacities\":{\"normal\":[6,4,3],\"piercing\":[5,3,0],\"spread\":[4,3,0],\"sticky\":[2,1,0],\"cluster\":[0,0,0],\"recover\":[3,2],\"poison\":[5,1],\"paralysis\":[1,0],\"sleep\":[5,0],\"exhaust\":[0,0],\"flaming\":[0],\"water\":[4],\"freeze\":[4],\"thunder\":[0],\"dragon\":[0],\"slicing\":[1],\"wyvern\":[0],\"demon\":[0],\"armor\":[0],\"tranq\":[2]},\"attack\":\"169\",\"affinity\":10,\"deviation\":\"Low\",\"specialAmmo\":\"Wyvernblast\"}',922,946,922,169,130,0,0),(923,'Lumu Blitz 2','light-bowgun',4,'lumu-blitz-2','{\"ammoCapacities\":{\"normal\":[6,4,3],\"piercing\":[5,3,0],\"spread\":[4,3,0],\"sticky\":[2,1,0],\"cluster\":[0,0,0],\"recover\":[3,2],\"poison\":[5,1],\"paralysis\":[1,0],\"sleep\":[5,0],\"exhaust\":[0,0],\"flaming\":[0],\"water\":[4],\"freeze\":[4],\"thunder\":[0],\"dragon\":[0],\"slicing\":[1],\"wyvern\":[0],\"demon\":[0],\"armor\":[0],\"tranq\":[2]},\"attack\":\"182\",\"affinity\":10,\"deviation\":\"Low\",\"specialAmmo\":\"Wyvernblast\"}',923,955,923,182,140,0,0),(924,'Lumu Typhon 1','light-bowgun',5,'lumu-typhon-1','{\"ammoCapacities\":{\"normal\":[6,4,3],\"piercing\":[5,3,0],\"spread\":[4,3,0],\"sticky\":[2,1,0],\"cluster\":[0,0,0],\"recover\":[3,2],\"poison\":[5,1],\"paralysis\":[1,0],\"sleep\":[5,0],\"exhaust\":[0,0],\"flaming\":[0],\"water\":[4],\"freeze\":[4],\"thunder\":[0],\"dragon\":[0],\"slicing\":[1],\"wyvern\":[0],\"demon\":[0],\"armor\":[0],\"tranq\":[2]},\"attack\":\"195\",\"affinity\":15,\"deviation\":\"Low\",\"specialAmmo\":\"Wyvernblast\"}',924,968,924,195,150,0,1),(925,'Lumu Typhon 2','light-bowgun',6,'lumu-typhon-2','{\"ammoCapacities\":{\"normal\":[6,4,3],\"piercing\":[5,3,0],\"spread\":[4,3,0],\"sticky\":[2,1,0],\"cluster\":[0,0,0],\"recover\":[3,2],\"poison\":[5,1],\"paralysis\":[1,0],\"sleep\":[5,0],\"exhaust\":[0,0],\"flaming\":[0],\"water\":[4],\"freeze\":[4],\"thunder\":[0],\"dragon\":[0],\"slicing\":[1],\"wyvern\":[0],\"demon\":[0],\"armor\":[0],\"tranq\":[2]},\"attack\":\"208\",\"affinity\":15,\"deviation\":\"Low\",\"specialAmmo\":\"Wyvernblast\"}',925,981,925,208,160,0,1),(926,'Lumu Typhon 3','light-bowgun',7,'lumu-typhon-3','{\"ammoCapacities\":{\"normal\":[6,4,3],\"piercing\":[5,3,0],\"spread\":[4,3,0],\"sticky\":[2,1,0],\"cluster\":[0,0,0],\"recover\":[3,2],\"poison\":[5,1],\"paralysis\":[1,0],\"sleep\":[5,0],\"exhaust\":[0,0],\"flaming\":[0],\"water\":[4],\"freeze\":[4],\"thunder\":[0],\"dragon\":[0],\"slicing\":[1],\"wyvern\":[0],\"demon\":[0],\"armor\":[0],\"tranq\":[2]},\"attack\":\"221\",\"affinity\":15,\"deviation\":\"Low\",\"specialAmmo\":\"Wyvernblast\"}',926,1005,926,221,170,0,1),(927,'Bazel Typhoon 1','light-bowgun',6,'bazel-typhoon-1','{\"ammoCapacities\":{\"normal\":[1,1,3],\"piercing\":[1,3,2],\"spread\":[0,0,0],\"sticky\":[2,2,1],\"cluster\":[0,0,0],\"recover\":[0,0],\"poison\":[0,4],\"paralysis\":[0,3],\"sleep\":[0,0],\"exhaust\":[5,4],\"flaming\":[4],\"water\":[0],\"freeze\":[0],\"thunder\":[4],\"dragon\":[1],\"slicing\":[0],\"wyvern\":[0],\"demon\":[1],\"armor\":[0],\"tranq\":[2]},\"attack\":\"247\",\"affinity\":-10,\"deviation\":\"Average\",\"specialAmmo\":\"Wyvernblast\"}',927,982,927,247,190,0,1),(928,'Bazel Typhoon 2','light-bowgun',7,'bazel-typhoon-2','{\"ammoCapacities\":{\"normal\":[1,1,3],\"piercing\":[1,3,2],\"spread\":[0,0,0],\"sticky\":[2,2,1],\"cluster\":[0,0,0],\"recover\":[0,0],\"poison\":[0,4],\"paralysis\":[0,3],\"sleep\":[0,0],\"exhaust\":[5,4],\"flaming\":[4],\"water\":[0],\"freeze\":[0],\"thunder\":[4],\"dragon\":[1],\"slicing\":[0],\"wyvern\":[0],\"demon\":[1],\"armor\":[0],\"tranq\":[2]},\"attack\":\"260\",\"affinity\":-10,\"deviation\":\"Average\",\"specialAmmo\":\"Wyvernblast\"}',928,1006,928,260,200,0,1),(929,'Jagras Blitz 1','light-bowgun',2,'jagras-blitz-1','{\"ammoCapacities\":{\"normal\":[1,1,3],\"piercing\":[1,3,0],\"spread\":[1,3,0],\"sticky\":[2,0,0],\"cluster\":[0,0,0],\"recover\":[3,2],\"poison\":[1,0],\"paralysis\":[5,0],\"sleep\":[1,0],\"exhaust\":[5,0],\"flaming\":[4],\"water\":[4],\"freeze\":[0],\"thunder\":[0],\"dragon\":[0],\"slicing\":[1],\"wyvern\":[0],\"demon\":[0],\"armor\":[2],\"tranq\":[2]},\"attack\":\"169\",\"deviation\":\"Average\",\"specialAmmo\":\"Wyvernblast\"}',929,941,929,169,130,0,0),(930,'Jagras Blitz 2','light-bowgun',3,'jagras-blitz-2','{\"ammoCapacities\":{\"normal\":[1,1,3],\"piercing\":[1,3,0],\"spread\":[1,3,0],\"sticky\":[2,0,0],\"cluster\":[0,0,0],\"recover\":[3,2],\"poison\":[1,0],\"paralysis\":[5,0],\"sleep\":[1,0],\"exhaust\":[5,0],\"flaming\":[4],\"water\":[4],\"freeze\":[0],\"thunder\":[0],\"dragon\":[0],\"slicing\":[1],\"wyvern\":[0],\"demon\":[0],\"armor\":[2],\"tranq\":[2]},\"attack\":\"182\",\"deviation\":\"Average\",\"specialAmmo\":\"Wyvernblast\"}',930,947,930,182,140,0,0),(931,'Jagras Blitz 3','light-bowgun',4,'jagras-blitz-3','{\"ammoCapacities\":{\"normal\":[1,1,3],\"piercing\":[1,3,0],\"spread\":[1,3,0],\"sticky\":[2,0,0],\"cluster\":[0,0,0],\"recover\":[3,2],\"poison\":[1,0],\"paralysis\":[5,0],\"sleep\":[1,0],\"exhaust\":[5,0],\"flaming\":[4],\"water\":[4],\"freeze\":[0],\"thunder\":[0],\"dragon\":[0],\"slicing\":[1],\"wyvern\":[0],\"demon\":[0],\"armor\":[2],\"tranq\":[2]},\"attack\":\"195\",\"deviation\":\"Average\",\"specialAmmo\":\"Wyvernblast\"}',931,956,931,195,150,0,0),(932,'Jagras Fire 1','light-bowgun',5,'jagras-fire-1','{\"ammoCapacities\":{\"normal\":[1,1,3],\"piercing\":[1,3,0],\"spread\":[1,3,0],\"sticky\":[2,0,0],\"cluster\":[0,0,0],\"recover\":[3,2],\"poison\":[1,0],\"paralysis\":[5,0],\"sleep\":[1,0],\"exhaust\":[5,0],\"flaming\":[4],\"water\":[4],\"freeze\":[0],\"thunder\":[0],\"dragon\":[0],\"slicing\":[1],\"wyvern\":[0],\"demon\":[0],\"armor\":[2],\"tranq\":[2]},\"attack\":\"208\",\"deviation\":\"Average\",\"specialAmmo\":\"Wyvernblast\"}',932,969,932,208,160,0,2),(933,'Jagras Fire 2','light-bowgun',6,'jagras-fire-2','{\"ammoCapacities\":{\"normal\":[1,1,3],\"piercing\":[1,3,0],\"spread\":[1,3,0],\"sticky\":[2,0,0],\"cluster\":[0,0,0],\"recover\":[3,2],\"poison\":[1,0],\"paralysis\":[5,0],\"sleep\":[1,0],\"exhaust\":[5,0],\"flaming\":[4],\"water\":[4],\"freeze\":[0],\"thunder\":[0],\"dragon\":[0],\"slicing\":[1],\"wyvern\":[0],\"demon\":[0],\"armor\":[2],\"tranq\":[2]},\"attack\":\"234\",\"deviation\":\"Average\",\"specialAmmo\":\"Wyvernblast\"}',933,983,933,234,180,0,2),(934,'Jagras Fire 3','light-bowgun',6,'jagras-fire-3','{\"ammoCapacities\":{\"normal\":[1,1,3],\"piercing\":[1,3,0],\"spread\":[1,3,0],\"sticky\":[2,0,0],\"cluster\":[0,0,0],\"recover\":[3,2],\"poison\":[1,0],\"paralysis\":[5,0],\"sleep\":[1,0],\"exhaust\":[5,0],\"flaming\":[4],\"water\":[4],\"freeze\":[0],\"thunder\":[0],\"dragon\":[0],\"slicing\":[1],\"wyvern\":[0],\"demon\":[0],\"armor\":[2],\"tranq\":[2]},\"attack\":\"247\",\"deviation\":\"Average\",\"specialAmmo\":\"Wyvernblast\"}',934,984,934,247,190,0,2),(935,'Flame Blitz 1','light-bowgun',4,'flame-blitz-1','{\"ammoCapacities\":{\"normal\":[4,4,2],\"piercing\":[3,2,2],\"spread\":[3,0,0],\"sticky\":[2,0,0],\"cluster\":[0,0,0],\"recover\":[3,0],\"poison\":[6,5],\"paralysis\":[0,0],\"sleep\":[0,0],\"exhaust\":[0,0],\"flaming\":[3],\"water\":[0],\"freeze\":[0],\"thunder\":[0],\"dragon\":[0],\"slicing\":[2],\"wyvern\":[0],\"demon\":[2],\"armor\":[0],\"tranq\":[2]},\"attack\":\"195\",\"affinity\":10,\"deviation\":\"Low\",\"specialAmmo\":\"Wyvernblast\"}',935,957,935,195,150,0,0),(936,'Flame Blitz 2','light-bowgun',5,'flame-blitz-2','{\"ammoCapacities\":{\"normal\":[4,4,2],\"piercing\":[3,2,2],\"spread\":[3,0,0],\"sticky\":[2,0,0],\"cluster\":[0,0,0],\"recover\":[3,0],\"poison\":[6,5],\"paralysis\":[0,0],\"sleep\":[0,0],\"exhaust\":[0,0],\"flaming\":[3],\"water\":[0],\"freeze\":[0],\"thunder\":[0],\"dragon\":[0],\"slicing\":[2],\"wyvern\":[0],\"demon\":[2],\"armor\":[0],\"tranq\":[2]},\"attack\":\"208\",\"affinity\":10,\"deviation\":\"Low\",\"specialAmmo\":\"Wyvernblast\"}',936,970,936,208,160,0,1),(937,'Rathbuster 1','light-bowgun',6,'rathbuster-1','{\"ammoCapacities\":{\"normal\":[4,4,2],\"piercing\":[3,2,2],\"spread\":[3,0,0],\"sticky\":[2,0,0],\"cluster\":[0,0,0],\"recover\":[3,0],\"poison\":[6,5],\"paralysis\":[0,0],\"sleep\":[0,0],\"exhaust\":[0,0],\"flaming\":[3],\"water\":[0],\"freeze\":[0],\"thunder\":[0],\"dragon\":[0],\"slicing\":[2],\"wyvern\":[0],\"demon\":[2],\"armor\":[0],\"tranq\":[2]},\"attack\":\"221\",\"affinity\":20,\"deviation\":\"Low\",\"specialAmmo\":\"Wyvernblast\"}',937,985,937,221,170,0,1),(938,'Rathbuster 2','light-bowgun',7,'rathbuster-2','{\"ammoCapacities\":{\"normal\":[4,4,2],\"piercing\":[3,2,2],\"spread\":[3,0,0],\"sticky\":[2,0,0],\"cluster\":[0,0,0],\"recover\":[3,0],\"poison\":[6,5],\"paralysis\":[0,0],\"sleep\":[0,0],\"exhaust\":[0,0],\"flaming\":[3],\"water\":[0],\"freeze\":[0],\"thunder\":[0],\"dragon\":[0],\"slicing\":[2],\"wyvern\":[0],\"demon\":[2],\"armor\":[0],\"tranq\":[2]},\"attack\":\"247\",\"affinity\":20,\"deviation\":\"Low\",\"specialAmmo\":\"Wyvernblast\"}',938,1007,938,247,190,0,1),(939,'Thunder Blitz 1','light-bowgun',3,'thunder-blitz-1','{\"ammoCapacities\":{\"normal\":[3,2,0],\"piercing\":[4,4,0],\"spread\":[3,0,0],\"sticky\":[2,1,0],\"cluster\":[0,0,0],\"recover\":[3,2],\"poison\":[0,5],\"paralysis\":[3,3],\"sleep\":[0,0],\"exhaust\":[0,0],\"flaming\":[0],\"water\":[0],\"freeze\":[0],\"thunder\":[3],\"dragon\":[0],\"slicing\":[2],\"wyvern\":[0],\"demon\":[0],\"armor\":[0],\"tranq\":[2]},\"attack\":\"182\",\"deviation\":\"Low\",\"specialAmmo\":\"Wyvernblast\"}',939,948,939,182,140,0,0),(940,'Thunder Blitz 2','light-bowgun',4,'thunder-blitz-2','{\"ammoCapacities\":{\"normal\":[3,2,0],\"piercing\":[4,4,0],\"spread\":[3,0,0],\"sticky\":[2,1,0],\"cluster\":[0,0,0],\"recover\":[3,2],\"poison\":[0,5],\"paralysis\":[3,3],\"sleep\":[0,0],\"exhaust\":[0,0],\"flaming\":[0],\"water\":[0],\"freeze\":[0],\"thunder\":[3],\"dragon\":[0],\"slicing\":[2],\"wyvern\":[0],\"demon\":[0],\"armor\":[0],\"tranq\":[2]},\"attack\":\"195\",\"deviation\":\"Low\",\"specialAmmo\":\"Wyvernblast\"}',940,958,940,195,150,0,0),(941,'Lightning Blitz 1','light-bowgun',5,'lightning-blitz-1','{\"ammoCapacities\":{\"normal\":[3,2,0],\"piercing\":[4,4,0],\"spread\":[3,0,0],\"sticky\":[2,1,0],\"cluster\":[0,0,0],\"recover\":[3,2],\"poison\":[0,5],\"paralysis\":[3,3],\"sleep\":[0,0],\"exhaust\":[0,0],\"flaming\":[0],\"water\":[0],\"freeze\":[0],\"thunder\":[3],\"dragon\":[0],\"slicing\":[2],\"wyvern\":[0],\"demon\":[0],\"armor\":[0],\"tranq\":[2]},\"attack\":\"208\",\"deviation\":\"Low\",\"specialAmmo\":\"Wyvernblast\"}',941,971,941,208,160,0,1),(942,'Lightning Blitz 2','light-bowgun',6,'lightning-blitz-2','{\"ammoCapacities\":{\"normal\":[3,2,0],\"piercing\":[4,4,0],\"spread\":[3,0,0],\"sticky\":[2,1,0],\"cluster\":[0,0,0],\"recover\":[3,2],\"poison\":[0,5],\"paralysis\":[3,3],\"sleep\":[0,0],\"exhaust\":[0,0],\"flaming\":[0],\"water\":[0],\"freeze\":[0],\"thunder\":[3],\"dragon\":[0],\"slicing\":[2],\"wyvern\":[0],\"demon\":[0],\"armor\":[0],\"tranq\":[2]},\"attack\":\"221\",\"deviation\":\"Low\",\"specialAmmo\":\"Wyvernblast\"}',942,986,942,221,170,0,1),(943,'Lightning Blitz 3','light-bowgun',6,'lightning-blitz-3','{\"ammoCapacities\":{\"normal\":[3,2,0],\"piercing\":[4,4,0],\"spread\":[3,0,0],\"sticky\":[2,1,0],\"cluster\":[0,0,0],\"recover\":[3,2],\"poison\":[0,5],\"paralysis\":[3,3],\"sleep\":[0,0],\"exhaust\":[0,0],\"flaming\":[0],\"water\":[0],\"freeze\":[0],\"thunder\":[3],\"dragon\":[0],\"slicing\":[2],\"wyvern\":[0],\"demon\":[0],\"armor\":[0],\"tranq\":[2]},\"attack\":\"234\",\"deviation\":\"Low\",\"specialAmmo\":\"Wyvernblast\"}',943,987,943,234,180,0,1),(944,'Snow Blitz 1','light-bowgun',4,'snow-blitz-1','{\"ammoCapacities\":{\"normal\":[1,1,0],\"piercing\":[1,3,0],\"spread\":[1,3,2],\"sticky\":[2,0,0],\"cluster\":[0,0,0],\"recover\":[3,2],\"poison\":[0,0],\"paralysis\":[0,0],\"sleep\":[0,0],\"exhaust\":[0,0],\"flaming\":[0],\"water\":[0],\"freeze\":[4],\"thunder\":[0],\"dragon\":[0],\"slicing\":[1],\"wyvern\":[0],\"demon\":[1],\"armor\":[2],\"tranq\":[2]},\"attack\":\"182\",\"deviation\":\"Low\",\"specialAmmo\":\"Wyvernblast\"}',944,959,944,182,140,0,0),(945,'Snow Blitz 2','light-bowgun',5,'snow-blitz-2','{\"ammoCapacities\":{\"normal\":[1,1,0],\"piercing\":[1,3,0],\"spread\":[1,3,2],\"sticky\":[2,0,0],\"cluster\":[0,0,0],\"recover\":[3,2],\"poison\":[0,0],\"paralysis\":[0,0],\"sleep\":[0,0],\"exhaust\":[0,0],\"flaming\":[0],\"water\":[0],\"freeze\":[4],\"thunder\":[0],\"dragon\":[0],\"slicing\":[1],\"wyvern\":[0],\"demon\":[1],\"armor\":[2],\"tranq\":[2]},\"attack\":\"195\",\"deviation\":\"Low\",\"specialAmmo\":\"Wyvernblast\"}',945,972,945,195,150,0,0),(946,'Frost Blitz 1','light-bowgun',6,'frost-blitz-1','{\"ammoCapacities\":{\"normal\":[1,1,0],\"piercing\":[1,3,0],\"spread\":[1,3,2],\"sticky\":[2,0,0],\"cluster\":[0,0,0],\"recover\":[3,2],\"poison\":[0,0],\"paralysis\":[0,0],\"sleep\":[0,0],\"exhaust\":[0,0],\"flaming\":[0],\"water\":[0],\"freeze\":[4],\"thunder\":[0],\"dragon\":[0],\"slicing\":[1],\"wyvern\":[0],\"demon\":[1],\"armor\":[2],\"tranq\":[2]},\"attack\":\"221\",\"deviation\":\"Low\",\"specialAmmo\":\"Wyvernblast\"}',946,988,946,221,170,0,0),(947,'Frost Blitz 2','light-bowgun',6,'frost-blitz-2','{\"ammoCapacities\":{\"normal\":[1,1,0],\"piercing\":[1,3,0],\"spread\":[1,3,2],\"sticky\":[2,0,0],\"cluster\":[0,0,0],\"recover\":[3,2],\"poison\":[0,0],\"paralysis\":[0,0],\"sleep\":[0,0],\"exhaust\":[0,0],\"flaming\":[0],\"water\":[0],\"freeze\":[4],\"thunder\":[0],\"dragon\":[0],\"slicing\":[1],\"wyvern\":[0],\"demon\":[1],\"armor\":[2],\"tranq\":[2]},\"attack\":\"247\",\"deviation\":\"Low\",\"specialAmmo\":\"Wyvernblast\"}',947,989,947,247,190,0,0),(948,'Hunter\'s Rifle 1','light-bowgun',1,'hunters-rifle-1','{\"ammoCapacities\":{\"normal\":[6,4,3],\"piercing\":[5,0,0],\"spread\":[4,3,2],\"sticky\":[2,0,0],\"cluster\":[0,0,0],\"recover\":[3,2],\"poison\":[0,0],\"paralysis\":[1,4],\"sleep\":[0,0],\"exhaust\":[0,0],\"flaming\":[4],\"water\":[0],\"freeze\":[0],\"thunder\":[4],\"dragon\":[1],\"slicing\":[0],\"wyvern\":[0],\"demon\":[2],\"armor\":[2],\"tranq\":[2]},\"attack\":\"143\",\"deviation\":\"Average\",\"specialAmmo\":\"Wyvernblast\"}',948,938,948,143,110,0,0),(949,'Hunter\'s Rifle 2','light-bowgun',1,'hunters-rifle-2','{\"ammoCapacities\":{\"normal\":[6,4,3],\"piercing\":[5,0,0],\"spread\":[4,3,2],\"sticky\":[2,0,0],\"cluster\":[0,0,0],\"recover\":[3,2],\"poison\":[0,0],\"paralysis\":[1,4],\"sleep\":[0,0],\"exhaust\":[0,0],\"flaming\":[4],\"water\":[0],\"freeze\":[0],\"thunder\":[4],\"dragon\":[1],\"slicing\":[0],\"wyvern\":[0],\"demon\":[2],\"armor\":[2],\"tranq\":[2]},\"attack\":\"156\",\"deviation\":\"Average\",\"specialAmmo\":\"Wyvernblast\"}',949,939,949,156,120,0,0),(950,'Hunter\'s Rifle 3','light-bowgun',2,'hunters-rifle-3','{\"ammoCapacities\":{\"normal\":[6,4,3],\"piercing\":[5,0,0],\"spread\":[4,3,2],\"sticky\":[2,0,0],\"cluster\":[0,0,0],\"recover\":[3,2],\"poison\":[0,0],\"paralysis\":[1,4],\"sleep\":[0,0],\"exhaust\":[0,0],\"flaming\":[4],\"water\":[0],\"freeze\":[0],\"thunder\":[4],\"dragon\":[1],\"slicing\":[0],\"wyvern\":[0],\"demon\":[2],\"armor\":[2],\"tranq\":[2]},\"attack\":\"169\",\"deviation\":\"Average\",\"specialAmmo\":\"Wyvernblast\"}',950,942,950,169,130,0,0),(951,'Power Rifle 1','light-bowgun',3,'power-rifle-1','{\"ammoCapacities\":{\"normal\":[6,4,3],\"piercing\":[5,0,0],\"spread\":[4,3,2],\"sticky\":[2,0,0],\"cluster\":[0,0,0],\"recover\":[3,2],\"poison\":[0,0],\"paralysis\":[1,4],\"sleep\":[0,0],\"exhaust\":[0,0],\"flaming\":[4],\"water\":[0],\"freeze\":[0],\"thunder\":[4],\"dragon\":[1],\"slicing\":[0],\"wyvern\":[0],\"demon\":[2],\"armor\":[2],\"tranq\":[2]},\"attack\":\"182\",\"deviation\":\"Average\",\"specialAmmo\":\"Wyvernblast\"}',951,949,951,182,140,0,0),(952,'Power Rifle 2','light-bowgun',4,'power-rifle-2','{\"ammoCapacities\":{\"normal\":[6,4,3],\"piercing\":[5,0,0],\"spread\":[4,3,2],\"sticky\":[2,0,0],\"cluster\":[0,0,0],\"recover\":[3,2],\"poison\":[0,0],\"paralysis\":[1,4],\"sleep\":[0,0],\"exhaust\":[0,0],\"flaming\":[4],\"water\":[0],\"freeze\":[0],\"thunder\":[4],\"dragon\":[1],\"slicing\":[0],\"wyvern\":[0],\"demon\":[2],\"armor\":[2],\"tranq\":[2]},\"attack\":\"195\",\"deviation\":\"Average\",\"specialAmmo\":\"Wyvernblast\"}',952,960,952,195,150,0,0),(953,'Power Rifle 3','light-bowgun',5,'power-rifle-3','{\"ammoCapacities\":{\"normal\":[6,4,3],\"piercing\":[5,0,0],\"spread\":[4,3,2],\"sticky\":[2,0,0],\"cluster\":[0,0,0],\"recover\":[3,2],\"poison\":[0,0],\"paralysis\":[1,4],\"sleep\":[0,0],\"exhaust\":[0,0],\"flaming\":[4],\"water\":[0],\"freeze\":[0],\"thunder\":[4],\"dragon\":[1],\"slicing\":[0],\"wyvern\":[0],\"demon\":[2],\"armor\":[2],\"tranq\":[2]},\"attack\":\"208\",\"deviation\":\"Average\",\"specialAmmo\":\"Wyvernblast\"}',953,973,953,208,160,0,0),(954,'Sniper Shot 1','light-bowgun',6,'sniper-shot-1','{\"ammoCapacities\":{\"normal\":[6,4,3],\"piercing\":[5,0,0],\"spread\":[4,3,2],\"sticky\":[2,0,0],\"cluster\":[0,0,0],\"recover\":[3,2],\"poison\":[0,0],\"paralysis\":[1,4],\"sleep\":[0,0],\"exhaust\":[0,0],\"flaming\":[4],\"water\":[0],\"freeze\":[0],\"thunder\":[4],\"dragon\":[1],\"slicing\":[0],\"wyvern\":[0],\"demon\":[2],\"armor\":[2],\"tranq\":[2]},\"attack\":\"221\",\"defense\":10,\"deviation\":\"Average\",\"specialAmmo\":\"Wyvernblast\"}',954,990,954,221,170,0,1),(955,'Sniper Shot 2','light-bowgun',6,'sniper-shot-2','{\"ammoCapacities\":{\"normal\":[6,4,3],\"piercing\":[5,0,0],\"spread\":[4,3,2],\"sticky\":[2,0,0],\"cluster\":[0,0,0],\"recover\":[3,2],\"poison\":[0,0],\"paralysis\":[1,4],\"sleep\":[0,0],\"exhaust\":[0,0],\"flaming\":[4],\"water\":[0],\"freeze\":[0],\"thunder\":[4],\"dragon\":[1],\"slicing\":[0],\"wyvern\":[0],\"demon\":[2],\"armor\":[2],\"tranq\":[2]},\"attack\":\"247\",\"defense\":10,\"deviation\":\"Average\",\"specialAmmo\":\"Wyvernblast\"}',955,991,955,247,190,0,1),(956,'Hazak Ereipia','light-bowgun',7,'hazak-ereipia','{\"ammoCapacities\":{\"normal\":[3,2,1],\"piercing\":[4,0,2],\"spread\":[3,0,2],\"sticky\":[2,0,0],\"cluster\":[0,0,0],\"recover\":[0,0],\"poison\":[6,0],\"paralysis\":[3,0],\"sleep\":[5,0],\"exhaust\":[5,5],\"flaming\":[0],\"water\":[0],\"freeze\":[0],\"thunder\":[0],\"dragon\":[3],\"slicing\":[2],\"wyvern\":[0],\"demon\":[2],\"armor\":[0],\"tranq\":[2]},\"attack\":\"247\",\"deviation\":\"Low\",\"specialAmmo\":\"Wyvernblast\"}',956,1008,956,247,190,0,1),(957,'Gulgoleth\'s Wail','light-bowgun',8,'gulgoleths-wail','{\"ammoCapacities\":{\"normal\":[3,2,1],\"piercing\":[4,0,2],\"spread\":[3,0,2],\"sticky\":[2,0,0],\"cluster\":[0,0,0],\"recover\":[0,0],\"poison\":[6,0],\"paralysis\":[3,0],\"sleep\":[5,0],\"exhaust\":[5,5],\"flaming\":[0],\"water\":[0],\"freeze\":[0],\"thunder\":[0],\"dragon\":[3],\"slicing\":[2],\"wyvern\":[0],\"demon\":[2],\"armor\":[0],\"tranq\":[2]},\"attack\":\"260\",\"deviation\":\"Low\",\"specialAmmo\":\"Wyvernblast\"}',957,1015,957,260,200,0,1),(958,'Blazing Rifle 1','light-bowgun',3,'blazing-rifle-1','{\"ammoCapacities\":{\"normal\":[4,3,2],\"piercing\":[5,2,2],\"spread\":[3,0,0],\"sticky\":[2,1,1],\"cluster\":[0,0,0],\"recover\":[0,0],\"poison\":[5,3],\"paralysis\":[0,0],\"sleep\":[0,0],\"exhaust\":[0,0],\"flaming\":[4],\"water\":[0],\"freeze\":[0],\"thunder\":[0],\"dragon\":[0],\"slicing\":[0],\"wyvern\":[0],\"demon\":[1],\"armor\":[0],\"tranq\":[2]},\"attack\":\"195\",\"affinity\":-30,\"deviation\":\"High\",\"specialAmmo\":\"Wyvernblast\"}',958,950,958,195,150,0,0),(959,'Blazing Rifle 2','light-bowgun',4,'blazing-rifle-2','{\"ammoCapacities\":{\"normal\":[4,3,2],\"piercing\":[5,2,2],\"spread\":[3,0,0],\"sticky\":[2,1,1],\"cluster\":[0,0,0],\"recover\":[0,0],\"poison\":[5,3],\"paralysis\":[0,0],\"sleep\":[0,0],\"exhaust\":[0,0],\"flaming\":[4],\"water\":[0],\"freeze\":[0],\"thunder\":[0],\"dragon\":[0],\"slicing\":[0],\"wyvern\":[0],\"demon\":[1],\"armor\":[0],\"tranq\":[2]},\"attack\":\"221\",\"affinity\":-30,\"deviation\":\"High\",\"specialAmmo\":\"Wyvernblast\"}',959,961,959,221,170,0,0),(960,'Anja Buster 1','light-bowgun',5,'anja-buster-1','{\"ammoCapacities\":{\"normal\":[4,3,2],\"piercing\":[5,2,2],\"spread\":[3,0,0],\"sticky\":[2,1,1],\"cluster\":[0,0,0],\"recover\":[0,0],\"poison\":[5,3],\"paralysis\":[0,0],\"sleep\":[0,0],\"exhaust\":[0,0],\"flaming\":[4],\"water\":[0],\"freeze\":[0],\"thunder\":[0],\"dragon\":[0],\"slicing\":[0],\"wyvern\":[0],\"demon\":[1],\"armor\":[0],\"tranq\":[2]},\"attack\":\"234\",\"affinity\":-30,\"deviation\":\"High\",\"specialAmmo\":\"Wyvernblast\"}',960,974,960,234,180,0,0),(961,'Anja Buster 2','light-bowgun',6,'anja-buster-2','{\"ammoCapacities\":{\"normal\":[4,3,2],\"piercing\":[5,2,2],\"spread\":[3,0,0],\"sticky\":[2,1,1],\"cluster\":[0,0,0],\"recover\":[0,0],\"poison\":[5,3],\"paralysis\":[0,0],\"sleep\":[0,0],\"exhaust\":[0,0],\"flaming\":[4],\"water\":[0],\"freeze\":[0],\"thunder\":[0],\"dragon\":[0],\"slicing\":[0],\"wyvern\":[0],\"demon\":[1],\"armor\":[0],\"tranq\":[2]},\"attack\":\"260\",\"affinity\":-30,\"deviation\":\"High\",\"specialAmmo\":\"Wyvernblast\"}',961,992,961,260,200,0,0),(962,'Anja Buster 3','light-bowgun',6,'anja-buster-3','{\"ammoCapacities\":{\"normal\":[4,3,2],\"piercing\":[5,2,2],\"spread\":[3,0,0],\"sticky\":[2,1,1],\"cluster\":[0,0,0],\"recover\":[0,0],\"poison\":[5,3],\"paralysis\":[0,0],\"sleep\":[0,0],\"exhaust\":[0,0],\"flaming\":[4],\"water\":[0],\"freeze\":[0],\"thunder\":[0],\"dragon\":[0],\"slicing\":[0],\"wyvern\":[0],\"demon\":[1],\"armor\":[0],\"tranq\":[2]},\"attack\":\"273\",\"affinity\":-30,\"deviation\":\"High\",\"specialAmmo\":\"Wyvernblast\"}',962,993,962,273,210,0,0),(963,'Madness Rifle 1','light-bowgun',2,'madness-rifle-1','{\"ammoCapacities\":{\"normal\":[3,2,0],\"piercing\":[3,2,0],\"spread\":[4,4,2],\"sticky\":[2,1,1],\"cluster\":[0,0,0],\"recover\":[3,2],\"poison\":[6,5],\"paralysis\":[3,0],\"sleep\":[5,4],\"exhaust\":[0,0],\"flaming\":[0],\"water\":[3],\"freeze\":[0],\"thunder\":[0],\"dragon\":[0],\"slicing\":[0],\"wyvern\":[0],\"demon\":[2],\"armor\":[0],\"tranq\":[2]},\"attack\":\"169\",\"deviation\":\"Low\",\"specialAmmo\":\"Wyvernblast\"}',963,943,963,169,130,0,0),(964,'Madness Rifle 2','light-bowgun',3,'madness-rifle-2','{\"ammoCapacities\":{\"normal\":[3,2,0],\"piercing\":[3,2,0],\"spread\":[4,4,2],\"sticky\":[2,1,1],\"cluster\":[0,0,0],\"recover\":[3,2],\"poison\":[6,5],\"paralysis\":[3,0],\"sleep\":[5,4],\"exhaust\":[0,0],\"flaming\":[0],\"water\":[3],\"freeze\":[0],\"thunder\":[0],\"dragon\":[0],\"slicing\":[0],\"wyvern\":[0],\"demon\":[2],\"armor\":[0],\"tranq\":[2]},\"attack\":\"182\",\"deviation\":\"Low\",\"specialAmmo\":\"Wyvernblast\"}',964,951,964,182,140,0,0),(965,'Madness Rifle 3','light-bowgun',4,'madness-rifle-3','{\"ammoCapacities\":{\"normal\":[3,2,0],\"piercing\":[3,2,0],\"spread\":[4,4,2],\"sticky\":[2,1,1],\"cluster\":[0,0,0],\"recover\":[3,2],\"poison\":[6,5],\"paralysis\":[3,0],\"sleep\":[5,4],\"exhaust\":[0,0],\"flaming\":[0],\"water\":[3],\"freeze\":[0],\"thunder\":[0],\"dragon\":[0],\"slicing\":[0],\"wyvern\":[0],\"demon\":[2],\"armor\":[0],\"tranq\":[2]},\"attack\":\"195\",\"deviation\":\"Low\",\"specialAmmo\":\"Wyvernblast\"}',965,962,965,195,150,0,0),(966,'Jyura Bullet 1','light-bowgun',5,'jyura-bullet-1','{\"ammoCapacities\":{\"normal\":[3,2,0],\"piercing\":[3,2,0],\"spread\":[4,4,2],\"sticky\":[2,1,1],\"cluster\":[0,0,0],\"recover\":[3,2],\"poison\":[6,5],\"paralysis\":[3,0],\"sleep\":[5,4],\"exhaust\":[0,0],\"flaming\":[0],\"water\":[3],\"freeze\":[0],\"thunder\":[0],\"dragon\":[0],\"slicing\":[0],\"wyvern\":[0],\"demon\":[2],\"armor\":[0],\"tranq\":[2]},\"attack\":\"208\",\"deviation\":\"Low\",\"specialAmmo\":\"Wyvernblast\"}',966,975,966,208,160,0,2),(967,'Jyura Bullet 2','light-bowgun',6,'jyura-bullet-2','{\"ammoCapacities\":{\"normal\":[3,2,0],\"piercing\":[3,2,0],\"spread\":[4,4,2],\"sticky\":[2,1,1],\"cluster\":[0,0,0],\"recover\":[3,2],\"poison\":[6,5],\"paralysis\":[3,0],\"sleep\":[5,4],\"exhaust\":[0,0],\"flaming\":[0],\"water\":[3],\"freeze\":[0],\"thunder\":[0],\"dragon\":[0],\"slicing\":[0],\"wyvern\":[0],\"demon\":[2],\"armor\":[0],\"tranq\":[2]},\"attack\":\"234\",\"deviation\":\"Low\",\"specialAmmo\":\"Wyvernblast\"}',967,994,967,234,180,0,2),(968,'Jyura Bullet 3','light-bowgun',6,'jyura-bullet-3','{\"ammoCapacities\":{\"normal\":[3,2,0],\"piercing\":[3,2,0],\"spread\":[4,4,2],\"sticky\":[2,1,1],\"cluster\":[0,0,0],\"recover\":[3,2],\"poison\":[6,5],\"paralysis\":[3,0],\"sleep\":[5,4],\"exhaust\":[0,0],\"flaming\":[0],\"water\":[3],\"freeze\":[0],\"thunder\":[0],\"dragon\":[0],\"slicing\":[0],\"wyvern\":[0],\"demon\":[2],\"armor\":[0],\"tranq\":[2]},\"attack\":\"247\",\"deviation\":\"Low\",\"specialAmmo\":\"Wyvernblast\"}',968,995,968,247,190,0,2),(969,'Lava Bullet 1','light-bowgun',6,'lava-bullet-1','{\"ammoCapacities\":{\"normal\":[4,4,2],\"piercing\":[3,0,0],\"spread\":[0,2,1],\"sticky\":[2,1,1],\"cluster\":[0,0,0],\"recover\":[0,0],\"poison\":[0,0],\"paralysis\":[0,0],\"sleep\":[5,0],\"exhaust\":[0,0],\"flaming\":[3],\"water\":[0],\"freeze\":[0],\"thunder\":[0],\"dragon\":[2],\"slicing\":[0],\"wyvern\":[0],\"demon\":[0],\"armor\":[2],\"tranq\":[2]},\"attack\":\"221\",\"deviation\":\"Average\",\"specialAmmo\":\"Wyvernblast\"}',969,996,969,221,170,0,2),(970,'Lava Bullet 2','light-bowgun',7,'lava-bullet-2','{\"ammoCapacities\":{\"normal\":[4,4,2],\"piercing\":[3,0,0],\"spread\":[0,2,1],\"sticky\":[2,1,1],\"cluster\":[0,0,0],\"recover\":[0,0],\"poison\":[0,0],\"paralysis\":[0,0],\"sleep\":[5,0],\"exhaust\":[0,0],\"flaming\":[3],\"water\":[0],\"freeze\":[0],\"thunder\":[0],\"dragon\":[2],\"slicing\":[0],\"wyvern\":[0],\"demon\":[0],\"armor\":[2],\"tranq\":[2]},\"attack\":\"234\",\"deviation\":\"Average\",\"specialAmmo\":\"Wyvernblast\"}',970,1009,970,234,180,0,2),(971,'Carapace Rifle 1','light-bowgun',2,'carapace-rifle-1','{\"ammoCapacities\":{\"normal\":[4,3,2],\"piercing\":[5,0,0],\"spread\":[3,2,2],\"sticky\":[2,0,0],\"cluster\":[0,0,0],\"recover\":[3,0],\"poison\":[0,0],\"paralysis\":[4,3],\"sleep\":[0,0],\"exhaust\":[0,0],\"flaming\":[0],\"water\":[0],\"freeze\":[0],\"thunder\":[0],\"dragon\":[1],\"slicing\":[0],\"wyvern\":[0],\"demon\":[0],\"armor\":[1],\"tranq\":[2]},\"attack\":\"169\",\"defense\":10,\"affinity\":-20,\"deviation\":\"Average\",\"specialAmmo\":\"Wyvernblast\"}',971,944,971,169,130,0,0),(972,'Carapace Rifle 2','light-bowgun',3,'carapace-rifle-2','{\"ammoCapacities\":{\"normal\":[4,3,2],\"piercing\":[5,0,0],\"spread\":[3,2,2],\"sticky\":[2,0,0],\"cluster\":[0,0,0],\"recover\":[3,0],\"poison\":[0,0],\"paralysis\":[4,3],\"sleep\":[0,0],\"exhaust\":[0,0],\"flaming\":[0],\"water\":[0],\"freeze\":[0],\"thunder\":[0],\"dragon\":[1],\"slicing\":[0],\"wyvern\":[0],\"demon\":[0],\"armor\":[1],\"tranq\":[2]},\"attack\":\"182\",\"defense\":10,\"affinity\":-20,\"deviation\":\"Average\",\"specialAmmo\":\"Wyvernblast\"}',972,952,972,182,140,0,0),(973,'Carapace Rifle 3','light-bowgun',4,'carapace-rifle-3','{\"ammoCapacities\":{\"normal\":[4,3,2],\"piercing\":[5,0,0],\"spread\":[3,2,2],\"sticky\":[2,0,0],\"cluster\":[0,0,0],\"recover\":[3,0],\"poison\":[0,0],\"paralysis\":[4,3],\"sleep\":[0,0],\"exhaust\":[0,0],\"flaming\":[0],\"water\":[0],\"freeze\":[0],\"thunder\":[0],\"dragon\":[1],\"slicing\":[0],\"wyvern\":[0],\"demon\":[0],\"armor\":[1],\"tranq\":[2]},\"attack\":\"208\",\"defense\":10,\"affinity\":-20,\"deviation\":\"Average\",\"specialAmmo\":\"Wyvernblast\"}',973,963,973,208,160,0,0),(974,'Barroth Shot 1','light-bowgun',5,'barroth-shot-1','{\"ammoCapacities\":{\"normal\":[4,3,2],\"piercing\":[5,0,0],\"spread\":[3,2,2],\"sticky\":[2,0,0],\"cluster\":[0,0,0],\"recover\":[3,0],\"poison\":[0,0],\"paralysis\":[4,3],\"sleep\":[0,0],\"exhaust\":[0,0],\"flaming\":[0],\"water\":[0],\"freeze\":[0],\"thunder\":[0],\"dragon\":[1],\"slicing\":[0],\"wyvern\":[0],\"demon\":[0],\"armor\":[1],\"tranq\":[2]},\"attack\":\"234\",\"defense\":15,\"affinity\":-20,\"deviation\":\"Average\",\"specialAmmo\":\"Wyvernblast\"}',974,976,974,234,180,0,1),(975,'Barroth Shot 2','light-bowgun',6,'barroth-shot-2','{\"ammoCapacities\":{\"normal\":[4,3,2],\"piercing\":[5,0,0],\"spread\":[3,2,2],\"sticky\":[2,0,0],\"cluster\":[0,0,0],\"recover\":[3,0],\"poison\":[0,0],\"paralysis\":[4,3],\"sleep\":[0,0],\"exhaust\":[0,0],\"flaming\":[0],\"water\":[0],\"freeze\":[0],\"thunder\":[0],\"dragon\":[1],\"slicing\":[0],\"wyvern\":[0],\"demon\":[0],\"armor\":[1],\"tranq\":[2]},\"attack\":\"247\",\"defense\":15,\"affinity\":-20,\"deviation\":\"Average\",\"specialAmmo\":\"Wyvernblast\"}',975,997,975,247,190,0,1),(976,'Barroth Shot 3','light-bowgun',6,'barroth-shot-3','{\"ammoCapacities\":{\"normal\":[4,3,2],\"piercing\":[5,0,0],\"spread\":[3,2,2],\"sticky\":[2,0,0],\"cluster\":[0,0,0],\"recover\":[3,0],\"poison\":[0,0],\"paralysis\":[4,3],\"sleep\":[0,0],\"exhaust\":[0,0],\"flaming\":[0],\"water\":[0],\"freeze\":[0],\"thunder\":[0],\"dragon\":[1],\"slicing\":[0],\"wyvern\":[0],\"demon\":[0],\"armor\":[1],\"tranq\":[2]},\"attack\":\"260\",\"defense\":15,\"affinity\":-20,\"deviation\":\"Average\",\"specialAmmo\":\"Wyvernblast\"}',976,998,976,260,200,0,1),(977,'Garon Rifle 1','light-bowgun',4,'garon-rifle-1','{\"ammoCapacities\":{\"normal\":[4,3,0],\"piercing\":[5,2,2],\"spread\":[3,2,0],\"sticky\":[2,0,0],\"cluster\":[0,0,0],\"recover\":[0,0],\"poison\":[5,0],\"paralysis\":[4,0],\"sleep\":[5,0],\"exhaust\":[4,0],\"flaming\":[0],\"water\":[0],\"freeze\":[0],\"thunder\":[4],\"dragon\":[0],\"slicing\":[1],\"wyvern\":[0],\"demon\":[1],\"armor\":[0],\"tranq\":[2]},\"attack\":\"195\",\"affinity\":15,\"deviation\":\"None\",\"specialAmmo\":\"Wyvernblast\"}',977,964,977,195,150,0,0),(978,'Garon Rifle 2','light-bowgun',5,'garon-rifle-2','{\"ammoCapacities\":{\"normal\":[4,3,0],\"piercing\":[5,2,2],\"spread\":[3,2,0],\"sticky\":[2,0,0],\"cluster\":[0,0,0],\"recover\":[0,0],\"poison\":[5,0],\"paralysis\":[4,0],\"sleep\":[5,0],\"exhaust\":[4,0],\"flaming\":[0],\"water\":[0],\"freeze\":[0],\"thunder\":[4],\"dragon\":[0],\"slicing\":[1],\"wyvern\":[0],\"demon\":[1],\"armor\":[0],\"tranq\":[2]},\"attack\":\"208\",\"affinity\":15,\"deviation\":\"None\",\"specialAmmo\":\"Wyvernblast\"}',978,977,978,208,160,0,0),(979,'Fate\'s Ember','light-bowgun',6,'fates-ember','{\"ammoCapacities\":{\"normal\":[4,3,0],\"piercing\":[5,2,2],\"spread\":[3,2,0],\"sticky\":[2,0,0],\"cluster\":[0,0,0],\"recover\":[0,0],\"poison\":[5,0],\"paralysis\":[4,0],\"sleep\":[5,0],\"exhaust\":[4,0],\"flaming\":[0],\"water\":[0],\"freeze\":[0],\"thunder\":[4],\"dragon\":[0],\"slicing\":[1],\"wyvern\":[0],\"demon\":[1],\"armor\":[0],\"tranq\":[2]},\"attack\":\"221\",\"affinity\":30,\"deviation\":\"None\",\"specialAmmo\":\"Wyvernblast\"}',979,999,979,221,170,0,1),(980,'Karma','light-bowgun',8,'karma','{\"ammoCapacities\":{\"normal\":[4,3,0],\"piercing\":[5,2,2],\"spread\":[3,2,0],\"sticky\":[2,0,0],\"cluster\":[0,0,0],\"recover\":[0,0],\"poison\":[5,0],\"paralysis\":[4,0],\"sleep\":[5,0],\"exhaust\":[4,0],\"flaming\":[0],\"water\":[0],\"freeze\":[0],\"thunder\":[4],\"dragon\":[0],\"slicing\":[1],\"wyvern\":[0],\"demon\":[1],\"armor\":[0],\"tranq\":[2]},\"attack\":\"234\",\"affinity\":30,\"deviation\":\"None\",\"specialAmmo\":\"Wyvernblast\"}',980,1016,980,234,180,0,1),(981,'Dragonbone Bowgun 1','light-bowgun',3,'dragonbone-bowgun-1','{\"ammoCapacities\":{\"normal\":[3,0,0],\"piercing\":[4,0,0],\"spread\":[3,0,0],\"sticky\":[0,0,0],\"cluster\":[0,0,0],\"recover\":[0,0],\"poison\":[6,0],\"paralysis\":[3,0],\"sleep\":[5,0],\"exhaust\":[5,0],\"flaming\":[5],\"water\":[0],\"freeze\":[0],\"thunder\":[0],\"dragon\":[3],\"slicing\":[0],\"wyvern\":[0],\"demon\":[2],\"armor\":[2],\"tranq\":[2]},\"attack\":\"130\",\"deviation\":\"Low\",\"specialAmmo\":\"Wyvernblast\"}',981,953,981,130,100,0,0),(982,'Dragonbone Bowgun 2','light-bowgun',4,'dragonbone-bowgun-2','{\"ammoCapacities\":{\"normal\":[3,0,0],\"piercing\":[4,0,0],\"spread\":[3,0,0],\"sticky\":[0,0,0],\"cluster\":[0,0,0],\"recover\":[0,0],\"poison\":[6,0],\"paralysis\":[3,0],\"sleep\":[5,0],\"exhaust\":[5,0],\"flaming\":[5],\"water\":[0],\"freeze\":[0],\"thunder\":[0],\"dragon\":[3],\"slicing\":[0],\"wyvern\":[0],\"demon\":[2],\"armor\":[2],\"tranq\":[2]},\"attack\":\"143\",\"deviation\":\"Low\",\"specialAmmo\":\"Wyvernblast\"}',982,965,982,143,110,0,0),(983,'Dragonbone Bowgun 3','light-bowgun',6,'dragonbone-bowgun-3','{\"ammoCapacities\":{\"normal\":[3,0,0],\"piercing\":[4,0,0],\"spread\":[3,0,0],\"sticky\":[0,0,0],\"cluster\":[0,0,0],\"recover\":[0,0],\"poison\":[6,0],\"paralysis\":[3,0],\"sleep\":[5,0],\"exhaust\":[5,0],\"flaming\":[5],\"water\":[0],\"freeze\":[0],\"thunder\":[0],\"dragon\":[3],\"slicing\":[0],\"wyvern\":[0],\"demon\":[2],\"armor\":[2],\"tranq\":[2]},\"attack\":\"208\",\"deviation\":\"Low\",\"specialAmmo\":\"Wyvernblast\"}',983,1000,983,208,160,0,1),(984,'Onigashima','light-bowgun',7,'onigashima','{\"ammoCapacities\":{\"normal\":[1,1,0],\"piercing\":[1,0,0],\"spread\":[1,3,2],\"sticky\":[2,2,1],\"cluster\":[0,0,0],\"recover\":[0,0],\"poison\":[0,0],\"paralysis\":[0,0],\"sleep\":[0,0],\"exhaust\":[0,0],\"flaming\":[0],\"water\":[0],\"freeze\":[0],\"thunder\":[0],\"dragon\":[1],\"slicing\":[1],\"wyvern\":[0],\"demon\":[0],\"armor\":[0],\"tranq\":[2]},\"attack\":\"208\",\"deviation\":\"High\",\"specialAmmo\":\"Wyvernblast\"}',984,1010,984,208,160,0,1),(985,'Dai-Onigashima','light-bowgun',8,'dai-onigashima','{\"ammoCapacities\":{\"normal\":[1,1,0],\"piercing\":[1,0,0],\"spread\":[1,3,2],\"sticky\":[2,2,1],\"cluster\":[0,0,0],\"recover\":[0,0],\"poison\":[0,0],\"paralysis\":[0,0],\"sleep\":[0,0],\"exhaust\":[0,0],\"flaming\":[0],\"water\":[0],\"freeze\":[0],\"thunder\":[0],\"dragon\":[1],\"slicing\":[1],\"wyvern\":[0],\"demon\":[0],\"armor\":[0],\"tranq\":[2]},\"attack\":\"221\",\"deviation\":\"High\",\"specialAmmo\":\"Wyvernblast\"}',985,1017,985,221,170,0,1),(986,'Mythical Horn','light-bowgun',4,'mythical-horn','{\"ammoCapacities\":{\"normal\":[3,2,1],\"piercing\":[4,4,0],\"spread\":[0,0,0],\"sticky\":[0,0,0],\"cluster\":[0,0,0],\"recover\":[3,0],\"poison\":[0,0],\"paralysis\":[3,3],\"sleep\":[0,0],\"exhaust\":[0,5],\"flaming\":[0],\"water\":[5],\"freeze\":[5],\"thunder\":[3],\"dragon\":[0],\"slicing\":[0],\"wyvern\":[0],\"demon\":[0],\"armor\":[2],\"tranq\":[2]},\"attack\":\"143\",\"deviation\":\"Low\",\"specialAmmo\":\"Wyvernblast\"}',986,966,986,143,110,0,0),(987,'Mythical Horn+','light-bowgun',7,'mythical-horn+','{\"ammoCapacities\":{\"normal\":[3,2,1],\"piercing\":[4,4,0],\"spread\":[0,0,0],\"sticky\":[0,0,0],\"cluster\":[0,0,0],\"recover\":[3,0],\"poison\":[0,0],\"paralysis\":[3,3],\"sleep\":[0,0],\"exhaust\":[0,5],\"flaming\":[0],\"water\":[5],\"freeze\":[5],\"thunder\":[3],\"dragon\":[0],\"slicing\":[0],\"wyvern\":[0],\"demon\":[0],\"armor\":[2],\"tranq\":[2]},\"attack\":\"182\",\"deviation\":\"Low\",\"specialAmmo\":\"Wyvernblast\"}',987,1011,987,182,140,0,0),(988,'Mythical Three-Horn','light-bowgun',8,'mythical-three-horn','{\"ammoCapacities\":{\"normal\":[3,2,1],\"piercing\":[4,4,0],\"spread\":[0,0,0],\"sticky\":[0,0,0],\"cluster\":[0,0,0],\"recover\":[3,0],\"poison\":[0,0],\"paralysis\":[3,3],\"sleep\":[0,0],\"exhaust\":[0,5],\"flaming\":[0],\"water\":[5],\"freeze\":[5],\"thunder\":[3],\"dragon\":[0],\"slicing\":[0],\"wyvern\":[0],\"demon\":[0],\"armor\":[2],\"tranq\":[2]},\"attack\":\"208\",\"deviation\":\"Low\",\"specialAmmo\":\"Wyvernblast\"}',988,1018,988,208,160,0,0),(989,'Blacksteel Crossbow 1','light-bowgun',5,'blacksteel-crossbow-1','{\"ammoCapacities\":{\"normal\":[3,0,0],\"piercing\":[4,0,0],\"spread\":[3,0,0],\"sticky\":[0,0,0],\"cluster\":[0,0,0],\"recover\":[0,0],\"poison\":[6,0],\"paralysis\":[3,0],\"sleep\":[5,0],\"exhaust\":[5,0],\"flaming\":[5],\"water\":[0],\"freeze\":[0],\"thunder\":[0],\"dragon\":[3],\"slicing\":[0],\"wyvern\":[0],\"demon\":[2],\"armor\":[2],\"tranq\":[2]},\"attack\":\"130\",\"deviation\":\"Low\",\"specialAmmo\":\"Wyvernblast\"}',989,978,989,130,100,0,0),(990,'Blacksteel Crossbow 2','light-bowgun',6,'blacksteel-crossbow-2','{\"ammoCapacities\":{\"normal\":[3,0,0],\"piercing\":[4,0,0],\"spread\":[3,0,0],\"sticky\":[0,0,0],\"cluster\":[0,0,0],\"recover\":[0,0],\"poison\":[6,0],\"paralysis\":[3,0],\"sleep\":[5,0],\"exhaust\":[5,0],\"flaming\":[5],\"water\":[0],\"freeze\":[0],\"thunder\":[0],\"dragon\":[3],\"slicing\":[0],\"wyvern\":[0],\"demon\":[2],\"armor\":[2],\"tranq\":[2]},\"attack\":\"143\",\"deviation\":\"Low\",\"specialAmmo\":\"Wyvernblast\"}',990,1001,990,143,110,0,0),(991,'Icesteel Wasp','light-bowgun',7,'icesteel-wasp','{\"ammoCapacities\":{\"normal\":[3,2,2],\"piercing\":[3,2,1],\"spread\":[4,4,0],\"sticky\":[2,0,0],\"cluster\":[0,0,0],\"recover\":[0,0],\"poison\":[0,0],\"paralysis\":[3,0],\"sleep\":[5,0],\"exhaust\":[5,5],\"flaming\":[0],\"water\":[0],\"freeze\":[3],\"thunder\":[0],\"dragon\":[0],\"slicing\":[2],\"wyvern\":[0],\"demon\":[0],\"armor\":[2],\"tranq\":[2]},\"attack\":\"221\",\"affinity\":10,\"deviation\":\"Low\",\"specialAmmo\":\"Wyvernblast\"}',991,1012,991,221,170,0,1),(992,'Daora\'s Hornet','light-bowgun',8,'daoras-hornet','{\"ammoCapacities\":{\"normal\":[3,2,2],\"piercing\":[3,2,1],\"spread\":[4,4,0],\"sticky\":[2,0,0],\"cluster\":[0,0,0],\"recover\":[0,0],\"poison\":[0,0],\"paralysis\":[3,0],\"sleep\":[5,0],\"exhaust\":[5,5],\"flaming\":[0],\"water\":[0],\"freeze\":[3],\"thunder\":[0],\"dragon\":[0],\"slicing\":[2],\"wyvern\":[0],\"demon\":[0],\"armor\":[2],\"tranq\":[2]},\"attack\":\"234\",\"affinity\":10,\"deviation\":\"Low\",\"specialAmmo\":\"Wyvernblast\"}',992,1019,992,234,180,0,1),(993,'Xeno Neqiina','light-bowgun',8,'xeno-neqiina','{\"ammoCapacities\":{\"normal\":[6,0,3],\"piercing\":[0,3,2],\"spread\":[0,3,2],\"sticky\":[0,0,1],\"cluster\":[0,0,0],\"recover\":[0,0],\"poison\":[0,1],\"paralysis\":[0,4],\"sleep\":[0,1],\"exhaust\":[0,4],\"flaming\":[4],\"water\":[4],\"freeze\":[4],\"thunder\":[4],\"dragon\":[1],\"slicing\":[1],\"wyvern\":[0],\"demon\":[0],\"armor\":[0],\"tranq\":[2]},\"attack\":\"234\",\"deviation\":\"Average\",\"specialAmmo\":\"Wyvernblast\"}',993,1020,993,234,180,0,2),(994,'Cross Bowgun','light-bowgun',6,'cross-bowgun','{\"ammoCapacities\":{\"normal\":[6,4,3],\"piercing\":[5,3,0],\"spread\":[4,0,0],\"sticky\":[2,1,0],\"cluster\":[0,0,0],\"recover\":[3,2],\"poison\":[5,1],\"paralysis\":[1,4],\"sleep\":[5,1],\"exhaust\":[0,0],\"flaming\":[0],\"water\":[0],\"freeze\":[0],\"thunder\":[0],\"dragon\":[0],\"slicing\":[0],\"wyvern\":[0],\"demon\":[0],\"armor\":[0],\"tranq\":[2]},\"attack\":\"234\",\"defense\":20,\"deviation\":\"None\",\"specialAmmo\":\"Wyvernblast\"}',994,1002,994,234,180,0,1),(995,'Great Bowgun','light-bowgun',8,'great-bowgun','{\"ammoCapacities\":{\"normal\":[6,4,3],\"piercing\":[5,3,0],\"spread\":[4,0,0],\"sticky\":[2,1,0],\"cluster\":[0,0,0],\"recover\":[3,2],\"poison\":[5,1],\"paralysis\":[1,4],\"sleep\":[5,1],\"exhaust\":[0,0],\"flaming\":[0],\"water\":[0],\"freeze\":[0],\"thunder\":[0],\"dragon\":[0],\"slicing\":[0],\"wyvern\":[0],\"demon\":[0],\"armor\":[0],\"tranq\":[2]},\"attack\":\"260\",\"defense\":20,\"deviation\":\"None\",\"specialAmmo\":\"Wyvernblast\"}',995,1021,995,260,200,0,1),(996,'Iron Assault 1','heavy-bowgun',1,'iron-assault-1','{\"ammoCapacities\":{\"normal\":[9,6,5],\"piercing\":[7,5,4],\"spread\":[6,0,0],\"sticky\":[3,0,0],\"cluster\":[2,0,0],\"recover\":[2,0],\"poison\":[4,3],\"paralysis\":[0,0],\"sleep\":[0,0],\"exhaust\":[0,0],\"flaming\":[0],\"water\":[0],\"freeze\":[0],\"thunder\":[0],\"dragon\":[0],\"slicing\":[3],\"wyvern\":[1],\"demon\":[0],\"armor\":[2],\"tranq\":[3]},\"attack\":\"150\",\"deviation\":\"Low\",\"specialAmmo\":\"Wyvernheart\"}',996,1022,996,150,100,0,0),(997,'Iron Assault 2','heavy-bowgun',1,'iron-assault-2','{\"ammoCapacities\":{\"normal\":[9,6,5],\"piercing\":[7,5,4],\"spread\":[6,0,0],\"sticky\":[3,0,0],\"cluster\":[2,0,0],\"recover\":[2,0],\"poison\":[4,3],\"paralysis\":[0,0],\"sleep\":[0,0],\"exhaust\":[0,0],\"flaming\":[0],\"water\":[0],\"freeze\":[0],\"thunder\":[0],\"dragon\":[0],\"slicing\":[3],\"wyvern\":[1],\"demon\":[0],\"armor\":[2],\"tranq\":[3]},\"attack\":\"165\",\"deviation\":\"Low\",\"specialAmmo\":\"Wyvernheart\"}',997,1023,997,165,110,0,0),(998,'Iron Assault 3','heavy-bowgun',2,'iron-assault-3','{\"ammoCapacities\":{\"normal\":[9,6,5],\"piercing\":[7,5,4],\"spread\":[6,0,0],\"sticky\":[3,0,0],\"cluster\":[2,0,0],\"recover\":[2,0],\"poison\":[4,3],\"paralysis\":[0,0],\"sleep\":[0,0],\"exhaust\":[0,0],\"flaming\":[0],\"water\":[0],\"freeze\":[0],\"thunder\":[0],\"dragon\":[0],\"slicing\":[3],\"wyvern\":[1],\"demon\":[0],\"armor\":[2],\"tranq\":[3]},\"attack\":\"180\",\"deviation\":\"Low\",\"specialAmmo\":\"Wyvernheart\"}',998,1026,998,180,120,0,0),(999,'Steel Assault 1','heavy-bowgun',3,'steel-assault-1','{\"ammoCapacities\":{\"normal\":[9,6,5],\"piercing\":[7,5,4],\"spread\":[6,0,0],\"sticky\":[3,0,0],\"cluster\":[2,0,0],\"recover\":[2,0],\"poison\":[4,3],\"paralysis\":[0,0],\"sleep\":[0,0],\"exhaust\":[0,0],\"flaming\":[0],\"water\":[0],\"freeze\":[0],\"thunder\":[0],\"dragon\":[0],\"slicing\":[3],\"wyvern\":[1],\"demon\":[0],\"armor\":[2],\"tranq\":[3]},\"attack\":\"195\",\"deviation\":\"Low\",\"specialAmmo\":\"Wyvernheart\"}',999,1032,999,195,130,0,0),(1000,'Steel Assault 2','heavy-bowgun',4,'steel-assault-2','{\"ammoCapacities\":{\"normal\":[9,6,5],\"piercing\":[7,5,4],\"spread\":[6,0,0],\"sticky\":[3,0,0],\"cluster\":[2,0,0],\"recover\":[2,0],\"poison\":[4,3],\"paralysis\":[0,0],\"sleep\":[0,0],\"exhaust\":[0,0],\"flaming\":[0],\"water\":[0],\"freeze\":[0],\"thunder\":[0],\"dragon\":[0],\"slicing\":[3],\"wyvern\":[1],\"demon\":[0],\"armor\":[2],\"tranq\":[3]},\"attack\":\"210\",\"deviation\":\"Low\",\"specialAmmo\":\"Wyvernheart\"}',1000,1042,1000,210,140,0,0),(1001,'Steel Assault 3','heavy-bowgun',5,'steel-assault-3','{\"ammoCapacities\":{\"normal\":[9,6,5],\"piercing\":[7,5,4],\"spread\":[6,0,0],\"sticky\":[3,0,0],\"cluster\":[2,0,0],\"recover\":[2,0],\"poison\":[4,3],\"paralysis\":[0,0],\"sleep\":[0,0],\"exhaust\":[0,0],\"flaming\":[0],\"water\":[0],\"freeze\":[0],\"thunder\":[0],\"dragon\":[0],\"slicing\":[3],\"wyvern\":[1],\"demon\":[0],\"armor\":[2],\"tranq\":[3]},\"attack\":\"225\",\"deviation\":\"Low\",\"specialAmmo\":\"Wyvernheart\"}',1001,1056,1001,225,150,0,1),(1002,'Chrome Assault 1','heavy-bowgun',6,'chrome-assault-1','{\"ammoCapacities\":{\"normal\":[9,6,5],\"piercing\":[7,5,4],\"spread\":[6,0,0],\"sticky\":[3,0,0],\"cluster\":[2,0,0],\"recover\":[2,0],\"poison\":[4,3],\"paralysis\":[0,0],\"sleep\":[0,0],\"exhaust\":[0,0],\"flaming\":[0],\"water\":[0],\"freeze\":[0],\"thunder\":[0],\"dragon\":[0],\"slicing\":[3],\"wyvern\":[1],\"demon\":[0],\"armor\":[2],\"tranq\":[3]},\"attack\":\"240\",\"deviation\":\"Low\",\"specialAmmo\":\"Wyvernheart\"}',1002,1067,1002,240,160,0,1),(1003,'Chrome Assault 2','heavy-bowgun',6,'chrome-assault-2','{\"ammoCapacities\":{\"normal\":[9,6,5],\"piercing\":[7,5,4],\"spread\":[6,0,0],\"sticky\":[3,0,0],\"cluster\":[2,0,0],\"recover\":[2,0],\"poison\":[4,3],\"paralysis\":[0,0],\"sleep\":[0,0],\"exhaust\":[0,0],\"flaming\":[0],\"water\":[0],\"freeze\":[0],\"thunder\":[0],\"dragon\":[0],\"slicing\":[3],\"wyvern\":[1],\"demon\":[0],\"armor\":[2],\"tranq\":[3]},\"attack\":\"255\",\"deviation\":\"Low\",\"specialAmmo\":\"Wyvernheart\"}',1003,1068,1003,255,170,0,2),(1004,'Nergal Roar','heavy-bowgun',7,'nergal-roar','{\"ammoCapacities\":{\"normal\":[1,5,3],\"piercing\":[4,0,0],\"spread\":[1,3,3],\"sticky\":[0,2,1],\"cluster\":[0,0,0],\"recover\":[1,1],\"poison\":[0,0],\"paralysis\":[0,1],\"sleep\":[0,1],\"exhaust\":[0,0],\"flaming\":[0],\"water\":[4],\"freeze\":[4],\"thunder\":[0],\"dragon\":[2],\"slicing\":[0],\"wyvern\":[1],\"demon\":[1],\"armor\":[1],\"tranq\":[3]},\"attack\":\"270\",\"deviation\":\"Average\",\"specialAmmo\":\"Wyvernheart\"}',1004,1088,1004,270,180,0,1),(1005,'Destruction\'s Fusillade','heavy-bowgun',8,'destructions-fusillade','{\"ammoCapacities\":{\"normal\":[1,5,3],\"piercing\":[4,0,0],\"spread\":[1,3,3],\"sticky\":[0,2,1],\"cluster\":[0,0,0],\"recover\":[1,1],\"poison\":[0,0],\"paralysis\":[0,1],\"sleep\":[0,1],\"exhaust\":[0,0],\"flaming\":[0],\"water\":[4],\"freeze\":[4],\"thunder\":[0],\"dragon\":[2],\"slicing\":[0],\"wyvern\":[1],\"demon\":[1],\"armor\":[1],\"tranq\":[3]},\"attack\":\"285\",\"deviation\":\"Average\",\"specialAmmo\":\"Wyvernheart\"}',1005,1098,1005,285,190,0,1),(1006,'Aqua Assault 1','heavy-bowgun',2,'aqua-assault-1','{\"ammoCapacities\":{\"normal\":[7,6,4],\"piercing\":[6,5,0],\"spread\":[6,3,0],\"sticky\":[4,3,0],\"cluster\":[1,0,0],\"recover\":[0,0],\"poison\":[7,5],\"paralysis\":[1,0],\"sleep\":[0,0],\"exhaust\":[0,0],\"flaming\":[0],\"water\":[7],\"freeze\":[0],\"thunder\":[0],\"dragon\":[0],\"slicing\":[2],\"wyvern\":[1],\"demon\":[0],\"armor\":[0],\"tranq\":[3]},\"attack\":\"180\",\"deviation\":\"Low\",\"specialAmmo\":\"Wyvernheart\"}',1006,1027,1006,180,120,0,0),(1007,'Aqua Assault 2','heavy-bowgun',3,'aqua-assault-2','{\"ammoCapacities\":{\"normal\":[7,6,4],\"piercing\":[6,5,0],\"spread\":[6,3,0],\"sticky\":[4,3,0],\"cluster\":[1,0,0],\"recover\":[0,0],\"poison\":[7,5],\"paralysis\":[1,0],\"sleep\":[0,0],\"exhaust\":[0,0],\"flaming\":[0],\"water\":[7],\"freeze\":[0],\"thunder\":[0],\"dragon\":[0],\"slicing\":[2],\"wyvern\":[1],\"demon\":[0],\"armor\":[0],\"tranq\":[3]},\"attack\":\"195\",\"deviation\":\"Low\",\"specialAmmo\":\"Wyvernheart\"}',1007,1033,1007,195,130,0,0),(1008,'Aqua Assault 3','heavy-bowgun',4,'aqua-assault-3','{\"ammoCapacities\":{\"normal\":[7,6,4],\"piercing\":[6,5,0],\"spread\":[6,3,0],\"sticky\":[4,3,0],\"cluster\":[1,0,0],\"recover\":[0,0],\"poison\":[7,5],\"paralysis\":[1,0],\"sleep\":[0,0],\"exhaust\":[0,0],\"flaming\":[0],\"water\":[7],\"freeze\":[0],\"thunder\":[0],\"dragon\":[0],\"slicing\":[2],\"wyvern\":[1],\"demon\":[0],\"armor\":[0],\"tranq\":[3]},\"attack\":\"210\",\"deviation\":\"Low\",\"specialAmmo\":\"Wyvernheart\"}',1008,1043,1008,210,140,0,0),(1009,'Water Cannon 1','heavy-bowgun',5,'water-cannon-1','{\"ammoCapacities\":{\"normal\":[7,6,4],\"piercing\":[6,5,0],\"spread\":[6,3,0],\"sticky\":[4,3,0],\"cluster\":[1,0,0],\"recover\":[0,0],\"poison\":[7,5],\"paralysis\":[1,0],\"sleep\":[0,0],\"exhaust\":[0,0],\"flaming\":[0],\"water\":[7],\"freeze\":[0],\"thunder\":[0],\"dragon\":[0],\"slicing\":[2],\"wyvern\":[1],\"demon\":[0],\"armor\":[0],\"tranq\":[3]},\"attack\":\"225\",\"deviation\":\"Low\",\"specialAmmo\":\"Wyvernheart\"}',1009,1057,1009,225,150,0,0),(1010,'Water Cannon 2','heavy-bowgun',6,'water-cannon-2','{\"ammoCapacities\":{\"normal\":[7,6,4],\"piercing\":[6,5,0],\"spread\":[6,3,0],\"sticky\":[4,3,0],\"cluster\":[1,0,0],\"recover\":[0,0],\"poison\":[7,5],\"paralysis\":[1,0],\"sleep\":[0,0],\"exhaust\":[0,0],\"flaming\":[0],\"water\":[7],\"freeze\":[0],\"thunder\":[0],\"dragon\":[0],\"slicing\":[2],\"wyvern\":[1],\"demon\":[0],\"armor\":[0],\"tranq\":[3]},\"attack\":\"240\",\"deviation\":\"Low\",\"specialAmmo\":\"Wyvernheart\"}',1010,1069,1010,240,160,0,0),(1011,'Water Cannon 3','heavy-bowgun',6,'water-cannon-3','{\"ammoCapacities\":{\"normal\":[7,6,4],\"piercing\":[6,5,0],\"spread\":[6,3,0],\"sticky\":[4,3,0],\"cluster\":[1,0,0],\"recover\":[0,0],\"poison\":[7,5],\"paralysis\":[1,0],\"sleep\":[0,0],\"exhaust\":[0,0],\"flaming\":[0],\"water\":[7],\"freeze\":[0],\"thunder\":[0],\"dragon\":[0],\"slicing\":[2],\"wyvern\":[1],\"demon\":[0],\"armor\":[0],\"tranq\":[3]},\"attack\":\"255\",\"deviation\":\"Low\",\"specialAmmo\":\"Wyvernheart\"}',1011,1070,1011,255,170,0,0),(1012,'Luminous Assault 1','heavy-bowgun',3,'luminous-assault-1','{\"ammoCapacities\":{\"normal\":[7,6,0],\"piercing\":[6,0,0],\"spread\":[6,3,3],\"sticky\":[4,0,0],\"cluster\":[1,0,0],\"recover\":[2,2],\"poison\":[0,0],\"paralysis\":[1,4],\"sleep\":[5,3],\"exhaust\":[0,0],\"flaming\":[0],\"water\":[0],\"freeze\":[0],\"thunder\":[0],\"dragon\":[0],\"slicing\":[0],\"wyvern\":[1],\"demon\":[0],\"armor\":[0],\"tranq\":[3]},\"attack\":\"195\",\"deviation\":\"Low\",\"specialAmmo\":\"Wyvernheart\"}',1012,1034,1012,195,130,0,0),(1013,'Luminous Assault 2','heavy-bowgun',4,'luminous-assault-2','{\"ammoCapacities\":{\"normal\":[7,6,0],\"piercing\":[6,0,0],\"spread\":[6,3,3],\"sticky\":[4,0,0],\"cluster\":[1,0,0],\"recover\":[2,2],\"poison\":[0,0],\"paralysis\":[1,4],\"sleep\":[5,3],\"exhaust\":[0,0],\"flaming\":[0],\"water\":[0],\"freeze\":[0],\"thunder\":[0],\"dragon\":[0],\"slicing\":[0],\"wyvern\":[1],\"demon\":[0],\"armor\":[0],\"tranq\":[3]},\"attack\":\"210\",\"deviation\":\"Low\",\"specialAmmo\":\"Wyvernheart\"}',1013,1044,1013,210,140,0,0),(1014,'Arma Destroyer 1','heavy-bowgun',4,'arma-destroyer-1','{\"ammoCapacities\":{\"normal\":[7,6,0],\"piercing\":[6,0,0],\"spread\":[6,3,3],\"sticky\":[4,0,0],\"cluster\":[1,0,0],\"recover\":[2,2],\"poison\":[0,0],\"paralysis\":[1,4],\"sleep\":[5,3],\"exhaust\":[0,0],\"flaming\":[0],\"water\":[0],\"freeze\":[0],\"thunder\":[0],\"dragon\":[0],\"slicing\":[0],\"wyvern\":[1],\"demon\":[0],\"armor\":[0],\"tranq\":[3]},\"attack\":\"225\",\"deviation\":\"Low\",\"specialAmmo\":\"Wyvernheart\"}',1014,1045,1014,225,150,0,1),(1015,'Arma Destroyer 2','heavy-bowgun',6,'arma-destroyer-2','{\"ammoCapacities\":{\"normal\":[7,6,0],\"piercing\":[6,0,0],\"spread\":[6,3,3],\"sticky\":[4,0,0],\"cluster\":[1,0,0],\"recover\":[2,2],\"poison\":[0,0],\"paralysis\":[1,4],\"sleep\":[5,3],\"exhaust\":[0,0],\"flaming\":[0],\"water\":[0],\"freeze\":[0],\"thunder\":[0],\"dragon\":[0],\"slicing\":[0],\"wyvern\":[1],\"demon\":[0],\"armor\":[0],\"tranq\":[3]},\"attack\":\"240\",\"deviation\":\"Low\",\"specialAmmo\":\"Wyvernheart\"}',1015,1071,1015,240,160,0,1),(1016,'Arma Destroyer 3','heavy-bowgun',6,'arma-destroyer-3','{\"ammoCapacities\":{\"normal\":[7,6,0],\"piercing\":[6,0,0],\"spread\":[6,3,3],\"sticky\":[4,0,0],\"cluster\":[1,0,0],\"recover\":[2,2],\"poison\":[0,0],\"paralysis\":[1,4],\"sleep\":[5,3],\"exhaust\":[0,0],\"flaming\":[0],\"water\":[0],\"freeze\":[0],\"thunder\":[0],\"dragon\":[0],\"slicing\":[0],\"wyvern\":[1],\"demon\":[0],\"armor\":[0],\"tranq\":[3]},\"attack\":\"255\",\"deviation\":\"Low\",\"specialAmmo\":\"Wyvernheart\"}',1016,1072,1016,255,170,0,1),(1017,'Shattercryst','heavy-bowgun',4,'shattercryst','{\"ammoCapacities\":{\"normal\":[5,4,0],\"piercing\":[10,8,6],\"spread\":[0,0,0],\"sticky\":[2,0,0],\"cluster\":[3,3,0],\"recover\":[1,0],\"poison\":[0,0],\"paralysis\":[0,0],\"sleep\":[2,1],\"exhaust\":[1,4],\"flaming\":[5],\"water\":[0],\"freeze\":[5],\"thunder\":[0],\"dragon\":[0],\"slicing\":[1],\"wyvern\":[1],\"demon\":[0],\"armor\":[1],\"tranq\":[3]},\"attack\":\"210\",\"deviation\":\"None\",\"specialAmmo\":\"Wyvernheart\"}',1017,1046,1017,210,140,0,0),(1018,'Shattercryst+','heavy-bowgun',6,'shattercryst+','{\"ammoCapacities\":{\"normal\":[5,4,0],\"piercing\":[10,8,6],\"spread\":[0,0,0],\"sticky\":[2,0,0],\"cluster\":[3,3,0],\"recover\":[1,0],\"poison\":[0,0],\"paralysis\":[0,0],\"sleep\":[2,1],\"exhaust\":[1,4],\"flaming\":[5],\"water\":[0],\"freeze\":[5],\"thunder\":[0],\"dragon\":[0],\"slicing\":[1],\"wyvern\":[1],\"demon\":[0],\"armor\":[1],\"tranq\":[3]},\"attack\":\"240\",\"deviation\":\"None\",\"specialAmmo\":\"Wyvernheart\"}',1018,1073,1018,240,160,0,1),(1019,'Legia Shattercryst','heavy-bowgun',7,'legia-shattercryst','{\"ammoCapacities\":{\"normal\":[5,4,0],\"piercing\":[10,8,6],\"spread\":[0,0,0],\"sticky\":[2,0,0],\"cluster\":[3,3,0],\"recover\":[1,0],\"poison\":[0,0],\"paralysis\":[0,0],\"sleep\":[2,1],\"exhaust\":[1,4],\"flaming\":[5],\"water\":[0],\"freeze\":[5],\"thunder\":[0],\"dragon\":[0],\"slicing\":[1],\"wyvern\":[1],\"demon\":[0],\"armor\":[1],\"tranq\":[3]},\"attack\":\"255\",\"deviation\":\"None\",\"specialAmmo\":\"Wyvernheart\"}',1019,1089,1019,255,170,0,1),(1020,'Jagras Assault 1','heavy-bowgun',2,'jagras-assault-1','{\"ammoCapacities\":{\"normal\":[5,4,0],\"piercing\":[5,0,0],\"spread\":[10,6,0],\"sticky\":[2,0,0],\"cluster\":[1,1,0],\"recover\":[1,1],\"poison\":[0,0],\"paralysis\":[2,0],\"sleep\":[0,0],\"exhaust\":[1,0],\"flaming\":[0],\"water\":[0],\"freeze\":[0],\"thunder\":[0],\"dragon\":[0],\"slicing\":[0],\"wyvern\":[0],\"demon\":[1],\"armor\":[1],\"tranq\":[3]},\"attack\":\"180\",\"deviation\":\"Average\",\"specialAmmo\":\"Wyvernheart\"}',1020,1028,1020,180,120,0,0),(1021,'Jagras Assault 2','heavy-bowgun',3,'jagras-assault-2','{\"ammoCapacities\":{\"normal\":[5,4,0],\"piercing\":[5,0,0],\"spread\":[10,6,0],\"sticky\":[2,0,0],\"cluster\":[1,1,0],\"recover\":[1,1],\"poison\":[0,0],\"paralysis\":[2,0],\"sleep\":[0,0],\"exhaust\":[1,0],\"flaming\":[0],\"water\":[0],\"freeze\":[0],\"thunder\":[0],\"dragon\":[0],\"slicing\":[0],\"wyvern\":[0],\"demon\":[1],\"armor\":[1],\"tranq\":[3]},\"attack\":\"195\",\"deviation\":\"Average\",\"specialAmmo\":\"Wyvernheart\"}',1021,1035,1021,195,130,0,0),(1022,'Jagras Assault 3','heavy-bowgun',4,'jagras-assault-3','{\"ammoCapacities\":{\"normal\":[5,4,0],\"piercing\":[5,0,0],\"spread\":[10,6,0],\"sticky\":[2,0,0],\"cluster\":[1,1,0],\"recover\":[1,1],\"poison\":[0,0],\"paralysis\":[2,0],\"sleep\":[0,0],\"exhaust\":[1,0],\"flaming\":[0],\"water\":[0],\"freeze\":[0],\"thunder\":[0],\"dragon\":[0],\"slicing\":[0],\"wyvern\":[0],\"demon\":[1],\"armor\":[1],\"tranq\":[3]},\"attack\":\"210\",\"deviation\":\"Average\",\"specialAmmo\":\"Wyvernheart\"}',1022,1047,1022,210,140,0,0),(1023,'Jagras Cannon 1','heavy-bowgun',5,'jagras-cannon-1','{\"ammoCapacities\":{\"normal\":[5,4,0],\"piercing\":[5,0,0],\"spread\":[10,6,0],\"sticky\":[2,0,0],\"cluster\":[1,1,0],\"recover\":[1,1],\"poison\":[0,0],\"paralysis\":[2,0],\"sleep\":[0,0],\"exhaust\":[1,0],\"flaming\":[0],\"water\":[0],\"freeze\":[0],\"thunder\":[0],\"dragon\":[0],\"slicing\":[0],\"wyvern\":[0],\"demon\":[1],\"armor\":[1],\"tranq\":[3]},\"attack\":\"240\",\"deviation\":\"Average\",\"specialAmmo\":\"Wyvernheart\"}',1023,1058,1023,240,160,0,1),(1024,'Jagras Cannon 2','heavy-bowgun',6,'jagras-cannon-2','{\"ammoCapacities\":{\"normal\":[5,4,0],\"piercing\":[5,0,0],\"spread\":[10,6,0],\"sticky\":[2,0,0],\"cluster\":[1,1,0],\"recover\":[1,1],\"poison\":[0,0],\"paralysis\":[2,0],\"sleep\":[0,0],\"exhaust\":[1,0],\"flaming\":[0],\"water\":[0],\"freeze\":[0],\"thunder\":[0],\"dragon\":[0],\"slicing\":[0],\"wyvern\":[0],\"demon\":[1],\"armor\":[1],\"tranq\":[3]},\"attack\":\"255\",\"deviation\":\"Average\",\"specialAmmo\":\"Wyvernheart\"}',1024,1074,1024,255,170,0,1),(1025,'Jagras Cannon 3','heavy-bowgun',7,'jagras-cannon-3','{\"ammoCapacities\":{\"normal\":[5,4,0],\"piercing\":[5,0,0],\"spread\":[10,6,0],\"sticky\":[2,0,0],\"cluster\":[1,1,0],\"recover\":[1,1],\"poison\":[0,0],\"paralysis\":[2,0],\"sleep\":[0,0],\"exhaust\":[1,0],\"flaming\":[0],\"water\":[0],\"freeze\":[0],\"thunder\":[0],\"dragon\":[0],\"slicing\":[0],\"wyvern\":[0],\"demon\":[1],\"armor\":[1],\"tranq\":[3]},\"attack\":\"270\",\"deviation\":\"Average\",\"specialAmmo\":\"Wyvernheart\"}',1025,1090,1025,270,180,0,1),(1026,'Blazing Assault 1','heavy-bowgun',3,'blazing-assault-1','{\"ammoCapacities\":{\"normal\":[10,9,6],\"piercing\":[9,7,0],\"spread\":[9,6,5],\"sticky\":[4,3,0],\"cluster\":[3,2,0],\"recover\":[0,0],\"poison\":[5,5],\"paralysis\":[4,0],\"sleep\":[0,0],\"exhaust\":[0,0],\"flaming\":[7],\"water\":[0],\"freeze\":[0],\"thunder\":[0],\"dragon\":[3],\"slicing\":[0],\"wyvern\":[1],\"demon\":[2],\"armor\":[0],\"tranq\":[3]},\"attack\":\"210\",\"affinity\":-20,\"deviation\":\"High\",\"specialAmmo\":\"Wyvernheart\"}',1026,1036,1026,210,140,0,0),(1027,'Blazing Assault 2','heavy-bowgun',4,'blazing-assault-2','{\"ammoCapacities\":{\"normal\":[10,9,6],\"piercing\":[9,7,0],\"spread\":[9,6,5],\"sticky\":[4,3,0],\"cluster\":[3,2,0],\"recover\":[0,0],\"poison\":[5,5],\"paralysis\":[4,0],\"sleep\":[0,0],\"exhaust\":[0,0],\"flaming\":[7],\"water\":[0],\"freeze\":[0],\"thunder\":[0],\"dragon\":[3],\"slicing\":[0],\"wyvern\":[1],\"demon\":[2],\"armor\":[0],\"tranq\":[3]},\"attack\":\"225\",\"affinity\":-20,\"deviation\":\"High\",\"specialAmmo\":\"Wyvernheart\"}',1027,1048,1027,225,150,0,0),(1028,'Flammenkanone','heavy-bowgun',5,'flammenkanone','{\"ammoCapacities\":{\"normal\":[10,9,6],\"piercing\":[9,7,0],\"spread\":[9,6,5],\"sticky\":[4,3,0],\"cluster\":[3,2,0],\"recover\":[0,0],\"poison\":[5,5],\"paralysis\":[4,0],\"sleep\":[0,0],\"exhaust\":[0,0],\"flaming\":[7],\"water\":[0],\"freeze\":[0],\"thunder\":[0],\"dragon\":[3],\"slicing\":[0],\"wyvern\":[1],\"demon\":[2],\"armor\":[0],\"tranq\":[3]},\"attack\":\"255\",\"affinity\":-20,\"deviation\":\"High\",\"specialAmmo\":\"Wyvernheart\"}',1028,1059,1028,255,170,0,1),(1029,'Gnashing Flammenkanone','heavy-bowgun',7,'gnashing-flammenkanone','{\"ammoCapacities\":{\"normal\":[10,9,6],\"piercing\":[9,7,0],\"spread\":[9,6,5],\"sticky\":[4,3,0],\"cluster\":[3,2,0],\"recover\":[0,0],\"poison\":[5,5],\"paralysis\":[4,0],\"sleep\":[0,0],\"exhaust\":[0,0],\"flaming\":[7],\"water\":[0],\"freeze\":[0],\"thunder\":[0],\"dragon\":[3],\"slicing\":[0],\"wyvern\":[1],\"demon\":[2],\"armor\":[0],\"tranq\":[3]},\"attack\":\"300\",\"affinity\":-20,\"deviation\":\"High\",\"specialAmmo\":\"Wyvernheart\"}',1029,1091,1029,300,200,0,0),(1030,'Bone Shooter 1','heavy-bowgun',1,'bone-shooter-1','{\"ammoCapacities\":{\"normal\":[9,6,5],\"piercing\":[7,0,0],\"spread\":[6,4,0],\"sticky\":[3,0,0],\"cluster\":[2,0,0],\"recover\":[2,0],\"poison\":[4,0],\"paralysis\":[3,0],\"sleep\":[3,0],\"exhaust\":[0,0],\"flaming\":[0],\"water\":[0],\"freeze\":[0],\"thunder\":[0],\"dragon\":[0],\"slicing\":[3],\"wyvern\":[1],\"demon\":[2],\"armor\":[0],\"tranq\":[3]},\"attack\":\"150\",\"deviation\":\"Average\",\"specialAmmo\":\"Wyvernsnipe\"}',1030,1024,1030,150,100,0,0),(1031,'Bone Shooter 2','heavy-bowgun',1,'bone-shooter-2','{\"ammoCapacities\":{\"normal\":[9,6,5],\"piercing\":[7,0,0],\"spread\":[6,4,0],\"sticky\":[3,0,0],\"cluster\":[2,0,0],\"recover\":[2,0],\"poison\":[4,0],\"paralysis\":[3,0],\"sleep\":[3,0],\"exhaust\":[0,0],\"flaming\":[0],\"water\":[0],\"freeze\":[0],\"thunder\":[0],\"dragon\":[0],\"slicing\":[3],\"wyvern\":[1],\"demon\":[2],\"armor\":[0],\"tranq\":[3]},\"attack\":\"165\",\"deviation\":\"Average\",\"specialAmmo\":\"Wyvernsnipe\"}',1031,1025,1031,165,110,0,0),(1032,'Bone Shooter 3','heavy-bowgun',2,'bone-shooter-3','{\"ammoCapacities\":{\"normal\":[9,6,5],\"piercing\":[7,0,0],\"spread\":[6,4,0],\"sticky\":[3,0,0],\"cluster\":[2,0,0],\"recover\":[2,0],\"poison\":[4,0],\"paralysis\":[3,0],\"sleep\":[3,0],\"exhaust\":[0,0],\"flaming\":[0],\"water\":[0],\"freeze\":[0],\"thunder\":[0],\"dragon\":[0],\"slicing\":[3],\"wyvern\":[1],\"demon\":[2],\"armor\":[0],\"tranq\":[3]},\"attack\":\"195\",\"deviation\":\"Average\",\"specialAmmo\":\"Wyvernsnipe\"}',1032,1029,1032,195,130,0,0),(1033,'Heavy Shooter 1','heavy-bowgun',3,'heavy-shooter-1','{\"ammoCapacities\":{\"normal\":[9,6,5],\"piercing\":[7,0,0],\"spread\":[6,4,0],\"sticky\":[3,0,0],\"cluster\":[2,0,0],\"recover\":[2,0],\"poison\":[4,0],\"paralysis\":[3,0],\"sleep\":[3,0],\"exhaust\":[0,0],\"flaming\":[0],\"water\":[0],\"freeze\":[0],\"thunder\":[0],\"dragon\":[0],\"slicing\":[3],\"wyvern\":[1],\"demon\":[2],\"armor\":[0],\"tranq\":[3]},\"attack\":\"210\",\"deviation\":\"Average\",\"specialAmmo\":\"Wyvernsnipe\"}',1033,1037,1033,210,140,0,0),(1034,'Heavy Shooter 2','heavy-bowgun',4,'heavy-shooter-2','{\"ammoCapacities\":{\"normal\":[9,6,5],\"piercing\":[7,0,0],\"spread\":[6,4,0],\"sticky\":[3,0,0],\"cluster\":[2,0,0],\"recover\":[2,0],\"poison\":[4,0],\"paralysis\":[3,0],\"sleep\":[3,0],\"exhaust\":[0,0],\"flaming\":[0],\"water\":[0],\"freeze\":[0],\"thunder\":[0],\"dragon\":[0],\"slicing\":[3],\"wyvern\":[1],\"demon\":[2],\"armor\":[0],\"tranq\":[3]},\"attack\":\"225\",\"deviation\":\"Average\",\"specialAmmo\":\"Wyvernsnipe\"}',1034,1049,1034,225,150,0,0),(1035,'Heavy Shooter 3','heavy-bowgun',5,'heavy-shooter-3','{\"ammoCapacities\":{\"normal\":[9,6,5],\"piercing\":[7,0,0],\"spread\":[6,4,0],\"sticky\":[3,0,0],\"cluster\":[2,0,0],\"recover\":[2,0],\"poison\":[4,0],\"paralysis\":[3,0],\"sleep\":[3,0],\"exhaust\":[0,0],\"flaming\":[0],\"water\":[0],\"freeze\":[0],\"thunder\":[0],\"dragon\":[0],\"slicing\":[3],\"wyvern\":[1],\"demon\":[2],\"armor\":[0],\"tranq\":[3]},\"attack\":\"240\",\"deviation\":\"Average\",\"specialAmmo\":\"Wyvernsnipe\"}',1035,1060,1035,240,160,0,1),(1036,'Power Shooter 1','heavy-bowgun',6,'power-shooter-1','{\"ammoCapacities\":{\"normal\":[9,6,5],\"piercing\":[7,0,0],\"spread\":[6,4,0],\"sticky\":[3,0,0],\"cluster\":[2,0,0],\"recover\":[2,0],\"poison\":[4,0],\"paralysis\":[3,0],\"sleep\":[3,0],\"exhaust\":[0,0],\"flaming\":[0],\"water\":[0],\"freeze\":[0],\"thunder\":[0],\"dragon\":[0],\"slicing\":[3],\"wyvern\":[1],\"demon\":[2],\"armor\":[0],\"tranq\":[3]},\"attack\":\"255\",\"defense\":10,\"deviation\":\"Average\",\"specialAmmo\":\"Wyvernsnipe\"}',1036,1075,1036,255,170,0,1),(1037,'Power Shooter 2','heavy-bowgun',6,'power-shooter-2','{\"ammoCapacities\":{\"normal\":[9,6,5],\"piercing\":[7,0,0],\"spread\":[6,4,0],\"sticky\":[3,0,0],\"cluster\":[2,0,0],\"recover\":[2,0],\"poison\":[4,0],\"paralysis\":[3,0],\"sleep\":[3,0],\"exhaust\":[0,0],\"flaming\":[0],\"water\":[0],\"freeze\":[0],\"thunder\":[0],\"dragon\":[0],\"slicing\":[3],\"wyvern\":[1],\"demon\":[2],\"armor\":[0],\"tranq\":[3]},\"attack\":\"270\",\"defense\":10,\"deviation\":\"Average\",\"specialAmmo\":\"Wyvernsnipe\"}',1037,1076,1037,270,180,0,1),(1038,'Diablos Shooter 1','heavy-bowgun',4,'diablos-shooter-1','{\"ammoCapacities\":{\"normal\":[1,5,3],\"piercing\":[4,3,2],\"spread\":[0,0,0],\"sticky\":[2,0,0],\"cluster\":[1,0,0],\"recover\":[1,0],\"poison\":[3,0],\"paralysis\":[2,0],\"sleep\":[0,0],\"exhaust\":[1,0],\"flaming\":[0],\"water\":[0],\"freeze\":[0],\"thunder\":[0],\"dragon\":[0],\"slicing\":[0],\"wyvern\":[1],\"demon\":[1],\"armor\":[0],\"tranq\":[3]},\"attack\":\"240\",\"defense\":10,\"affinity\":-20,\"deviation\":\"High\",\"specialAmmo\":\"Wyvernsnipe\"}',1038,1050,1038,240,160,0,0),(1039,'Diablos Shooter 2','heavy-bowgun',5,'diablos-shooter-2','{\"ammoCapacities\":{\"normal\":[1,5,3],\"piercing\":[4,3,2],\"spread\":[0,0,0],\"sticky\":[2,0,0],\"cluster\":[1,0,0],\"recover\":[1,0],\"poison\":[3,0],\"paralysis\":[2,0],\"sleep\":[0,0],\"exhaust\":[1,0],\"flaming\":[0],\"water\":[0],\"freeze\":[0],\"thunder\":[0],\"dragon\":[0],\"slicing\":[0],\"wyvern\":[1],\"demon\":[1],\"armor\":[0],\"tranq\":[3]},\"attack\":\"270\",\"defense\":10,\"affinity\":-20,\"deviation\":\"High\",\"specialAmmo\":\"Wyvernsnipe\"}',1039,1061,1039,270,180,0,1),(1040,'Dual Threat','heavy-bowgun',6,'dual-threat','{\"ammoCapacities\":{\"normal\":[1,5,3],\"piercing\":[4,3,2],\"spread\":[0,0,0],\"sticky\":[2,0,0],\"cluster\":[1,0,0],\"recover\":[1,0],\"poison\":[3,0],\"paralysis\":[2,0],\"sleep\":[0,0],\"exhaust\":[1,0],\"flaming\":[0],\"water\":[0],\"freeze\":[0],\"thunder\":[0],\"dragon\":[0],\"slicing\":[0],\"wyvern\":[1],\"demon\":[1],\"armor\":[0],\"tranq\":[3]},\"attack\":\"300\",\"defense\":15,\"affinity\":-20,\"deviation\":\"High\",\"specialAmmo\":\"Wyvernsnipe\"}',1040,1077,1040,300,200,0,1),(1041,'Nero\'s Blazooka','heavy-bowgun',7,'neros-blazooka','{\"ammoCapacities\":{\"normal\":[1,5,3],\"piercing\":[4,3,2],\"spread\":[0,0,0],\"sticky\":[2,0,0],\"cluster\":[1,0,0],\"recover\":[1,0],\"poison\":[3,0],\"paralysis\":[2,0],\"sleep\":[0,0],\"exhaust\":[1,0],\"flaming\":[0],\"water\":[0],\"freeze\":[0],\"thunder\":[0],\"dragon\":[0],\"slicing\":[0],\"wyvern\":[1],\"demon\":[1],\"armor\":[0],\"tranq\":[3]},\"attack\":\"315\",\"defense\":15,\"affinity\":-20,\"deviation\":\"High\",\"specialAmmo\":\"Wyvernsnipe\"}',1041,1092,1041,315,210,0,1),(1042,'Griffon Blazooka','heavy-bowgun',8,'griffon-blazooka','{\"ammoCapacities\":{\"normal\":[1,5,3],\"piercing\":[4,3,2],\"spread\":[0,0,0],\"sticky\":[2,0,0],\"cluster\":[1,0,0],\"recover\":[1,0],\"poison\":[3,0],\"paralysis\":[2,0],\"sleep\":[0,0],\"exhaust\":[1,0],\"flaming\":[0],\"water\":[0],\"freeze\":[0],\"thunder\":[0],\"dragon\":[0],\"slicing\":[0],\"wyvern\":[1],\"demon\":[1],\"armor\":[0],\"tranq\":[3]},\"attack\":\"330\",\"defense\":15,\"affinity\":-20,\"deviation\":\"High\",\"specialAmmo\":\"Wyvernsnipe\"}',1042,1099,1042,330,220,0,1),(1043,'Blooming Shooter 1','heavy-bowgun',2,'blooming-shooter-1','{\"ammoCapacities\":{\"normal\":[5,4,3],\"piercing\":[10,8,0],\"spread\":[3,2,1],\"sticky\":[2,0,0],\"cluster\":[3,0,0],\"recover\":[1,1],\"poison\":[3,2],\"paralysis\":[2,0],\"sleep\":[2,0],\"exhaust\":[0,0],\"flaming\":[5],\"water\":[0],\"freeze\":[0],\"thunder\":[0],\"dragon\":[0],\"slicing\":[0],\"wyvern\":[1],\"demon\":[0],\"armor\":[0],\"tranq\":[3]},\"attack\":\"180\",\"deviation\":\"Low\",\"specialAmmo\":\"Wyvernsnipe\"}',1043,1030,1043,180,120,0,0),(1044,'Blooming Shooter 2','heavy-bowgun',3,'blooming-shooter-2','{\"ammoCapacities\":{\"normal\":[5,4,3],\"piercing\":[10,8,0],\"spread\":[3,2,1],\"sticky\":[2,0,0],\"cluster\":[3,0,0],\"recover\":[1,1],\"poison\":[3,2],\"paralysis\":[2,0],\"sleep\":[2,0],\"exhaust\":[0,0],\"flaming\":[5],\"water\":[0],\"freeze\":[0],\"thunder\":[0],\"dragon\":[0],\"slicing\":[0],\"wyvern\":[1],\"demon\":[0],\"armor\":[0],\"tranq\":[3]},\"attack\":\"195\",\"deviation\":\"Low\",\"specialAmmo\":\"Wyvernsnipe\"}',1044,1038,1044,195,130,0,0),(1045,'Blooming Shooter 3','heavy-bowgun',4,'blooming-shooter-3','{\"ammoCapacities\":{\"normal\":[5,4,3],\"piercing\":[10,8,0],\"spread\":[3,2,1],\"sticky\":[2,0,0],\"cluster\":[3,0,0],\"recover\":[1,1],\"poison\":[3,2],\"paralysis\":[2,0],\"sleep\":[2,0],\"exhaust\":[0,0],\"flaming\":[5],\"water\":[0],\"freeze\":[0],\"thunder\":[0],\"dragon\":[0],\"slicing\":[0],\"wyvern\":[1],\"demon\":[0],\"armor\":[0],\"tranq\":[3]},\"attack\":\"210\",\"deviation\":\"Low\",\"specialAmmo\":\"Wyvernsnipe\"}',1045,1051,1045,210,140,0,0),(1046,'Datura Blaster 1','heavy-bowgun',5,'datura-blaster-1','{\"ammoCapacities\":{\"normal\":[5,4,3],\"piercing\":[10,8,0],\"spread\":[3,2,1],\"sticky\":[2,0,0],\"cluster\":[3,0,0],\"recover\":[1,1],\"poison\":[3,2],\"paralysis\":[2,0],\"sleep\":[2,0],\"exhaust\":[0,0],\"flaming\":[5],\"water\":[0],\"freeze\":[0],\"thunder\":[0],\"dragon\":[0],\"slicing\":[0],\"wyvern\":[1],\"demon\":[0],\"armor\":[0],\"tranq\":[3]},\"attack\":\"225\",\"deviation\":\"Low\",\"specialAmmo\":\"Wyvernsnipe\"}',1046,1062,1046,225,150,0,2),(1047,'Datura Blaster 2','heavy-bowgun',6,'datura-blaster-2','{\"ammoCapacities\":{\"normal\":[5,4,3],\"piercing\":[10,8,0],\"spread\":[3,2,1],\"sticky\":[2,0,0],\"cluster\":[3,0,0],\"recover\":[1,1],\"poison\":[3,2],\"paralysis\":[2,0],\"sleep\":[2,0],\"exhaust\":[0,0],\"flaming\":[5],\"water\":[0],\"freeze\":[0],\"thunder\":[0],\"dragon\":[0],\"slicing\":[0],\"wyvern\":[1],\"demon\":[0],\"armor\":[0],\"tranq\":[3]},\"attack\":\"240\",\"deviation\":\"Low\",\"specialAmmo\":\"Wyvernsnipe\"}',1047,1078,1047,240,160,0,2),(1048,'Datura Blaster 3','heavy-bowgun',6,'datura-blaster-3','{\"ammoCapacities\":{\"normal\":[5,4,3],\"piercing\":[10,8,0],\"spread\":[3,2,1],\"sticky\":[2,0,0],\"cluster\":[3,0,0],\"recover\":[1,1],\"poison\":[3,2],\"paralysis\":[2,0],\"sleep\":[2,0],\"exhaust\":[0,0],\"flaming\":[5],\"water\":[0],\"freeze\":[0],\"thunder\":[0],\"dragon\":[0],\"slicing\":[0],\"wyvern\":[1],\"demon\":[0],\"armor\":[0],\"tranq\":[3]},\"attack\":\"255\",\"deviation\":\"Low\",\"specialAmmo\":\"Wyvernsnipe\"}',1048,1079,1048,255,170,0,2),(1049,'Spiked Shooter 1','heavy-bowgun',3,'spiked-shooter-1','{\"ammoCapacities\":{\"normal\":[1,5,3],\"piercing\":[4,3,2],\"spread\":[1,0,0],\"sticky\":[2,0,0],\"cluster\":[1,1,0],\"recover\":[0,0],\"poison\":[3,0],\"paralysis\":[2,1],\"sleep\":[2,1],\"exhaust\":[0,0],\"flaming\":[4],\"water\":[4],\"freeze\":[0],\"thunder\":[0],\"dragon\":[0],\"slicing\":[0],\"wyvern\":[1],\"demon\":[0],\"armor\":[1],\"tranq\":[3]},\"attack\":\"195\",\"defense\":15,\"deviation\":\"Average\",\"specialAmmo\":\"Wyvernsnipe\"}',1049,1039,1049,195,130,0,0),(1050,'Spiked Shooter 2','heavy-bowgun',4,'spiked-shooter-2','{\"ammoCapacities\":{\"normal\":[1,5,3],\"piercing\":[4,3,2],\"spread\":[1,0,0],\"sticky\":[2,0,0],\"cluster\":[1,1,0],\"recover\":[0,0],\"poison\":[3,0],\"paralysis\":[2,1],\"sleep\":[2,1],\"exhaust\":[0,0],\"flaming\":[4],\"water\":[4],\"freeze\":[0],\"thunder\":[0],\"dragon\":[0],\"slicing\":[0],\"wyvern\":[1],\"demon\":[0],\"armor\":[1],\"tranq\":[3]},\"attack\":\"210\",\"defense\":15,\"deviation\":\"Average\",\"specialAmmo\":\"Wyvernsnipe\"}',1050,1052,1050,210,140,0,0),(1051,'Baan Roar 1','heavy-bowgun',5,'baan-roar-1','{\"ammoCapacities\":{\"normal\":[1,5,3],\"piercing\":[4,3,2],\"spread\":[1,0,0],\"sticky\":[2,0,0],\"cluster\":[1,1,0],\"recover\":[0,0],\"poison\":[3,0],\"paralysis\":[2,1],\"sleep\":[2,1],\"exhaust\":[0,0],\"flaming\":[4],\"water\":[4],\"freeze\":[0],\"thunder\":[0],\"dragon\":[0],\"slicing\":[0],\"wyvern\":[1],\"demon\":[0],\"armor\":[1],\"tranq\":[3]},\"attack\":\"225\",\"defense\":20,\"deviation\":\"Average\",\"specialAmmo\":\"Wyvernsnipe\"}',1051,1063,1051,225,150,0,0),(1052,'Baan Roar 2','heavy-bowgun',6,'baan-roar-2','{\"ammoCapacities\":{\"normal\":[1,5,3],\"piercing\":[4,3,2],\"spread\":[1,0,0],\"sticky\":[2,0,0],\"cluster\":[1,1,0],\"recover\":[0,0],\"poison\":[3,0],\"paralysis\":[2,1],\"sleep\":[2,1],\"exhaust\":[0,0],\"flaming\":[4],\"water\":[4],\"freeze\":[0],\"thunder\":[0],\"dragon\":[0],\"slicing\":[0],\"wyvern\":[1],\"demon\":[0],\"armor\":[1],\"tranq\":[3]},\"attack\":\"255\",\"defense\":20,\"deviation\":\"Average\",\"specialAmmo\":\"Wyvernsnipe\"}',1052,1080,1052,255,170,0,0),(1053,'Baan Roar 3','heavy-bowgun',6,'baan-roar-3','{\"ammoCapacities\":{\"normal\":[1,5,3],\"piercing\":[4,3,2],\"spread\":[1,0,0],\"sticky\":[2,0,0],\"cluster\":[1,1,0],\"recover\":[0,0],\"poison\":[3,0],\"paralysis\":[2,1],\"sleep\":[2,1],\"exhaust\":[0,0],\"flaming\":[4],\"water\":[4],\"freeze\":[0],\"thunder\":[0],\"dragon\":[0],\"slicing\":[0],\"wyvern\":[1],\"demon\":[0],\"armor\":[1],\"tranq\":[3]},\"attack\":\"270\",\"defense\":20,\"deviation\":\"Average\",\"specialAmmo\":\"Wyvernsnipe\"}',1053,1081,1053,270,180,0,0),(1054,'Gama Cannon 1','heavy-bowgun',6,'gama-cannon-1','{\"ammoCapacities\":{\"normal\":[1,5,3],\"piercing\":[4,3,0],\"spread\":[1,3,0],\"sticky\":[2,2,1],\"cluster\":[0,1,1],\"recover\":[0,0],\"poison\":[0,0],\"paralysis\":[0,0],\"sleep\":[2,0],\"exhaust\":[0,0],\"flaming\":[0],\"water\":[0],\"freeze\":[0],\"thunder\":[4],\"dragon\":[0],\"slicing\":[2],\"wyvern\":[1],\"demon\":[1],\"armor\":[0],\"tranq\":[3]},\"attack\":\"240\",\"deviation\":\"Average\",\"specialAmmo\":\"Wyvernsnipe\"}',1054,1082,1054,240,160,0,1),(1055,'Gama Cannon 2','heavy-bowgun',7,'gama-cannon-2','{\"ammoCapacities\":{\"normal\":[1,5,3],\"piercing\":[4,3,0],\"spread\":[1,3,0],\"sticky\":[2,2,1],\"cluster\":[0,1,1],\"recover\":[0,0],\"poison\":[0,0],\"paralysis\":[0,0],\"sleep\":[2,0],\"exhaust\":[0,0],\"flaming\":[0],\"water\":[0],\"freeze\":[0],\"thunder\":[4],\"dragon\":[0],\"slicing\":[2],\"wyvern\":[1],\"demon\":[1],\"armor\":[0],\"tranq\":[3]},\"attack\":\"255\",\"deviation\":\"Average\",\"specialAmmo\":\"Wyvernsnipe\"}',1055,1093,1055,255,170,0,1),(1056,'Pulsar Shooter 1','heavy-bowgun',2,'pulsar-shooter-1','{\"ammoCapacities\":{\"normal\":[10,9,0],\"piercing\":[9,7,5],\"spread\":[9,0,0],\"sticky\":[0,3,0],\"cluster\":[0,2,0],\"recover\":[0,0],\"poison\":[0,0],\"paralysis\":[4,3],\"sleep\":[4,0],\"exhaust\":[0,0],\"flaming\":[0],\"water\":[0],\"freeze\":[0],\"thunder\":[7],\"dragon\":[3],\"slicing\":[4],\"wyvern\":[1],\"demon\":[2],\"armor\":[0],\"tranq\":[3]},\"attack\":\"180\",\"affinity\":10,\"deviation\":\"None\",\"specialAmmo\":\"Wyvernsnipe\"}',1056,1031,1056,180,120,0,0),(1057,'Pulsar Shooter 2','heavy-bowgun',3,'pulsar-shooter-2','{\"ammoCapacities\":{\"normal\":[10,9,0],\"piercing\":[9,7,5],\"spread\":[9,0,0],\"sticky\":[0,3,0],\"cluster\":[0,2,0],\"recover\":[0,0],\"poison\":[0,0],\"paralysis\":[4,3],\"sleep\":[4,0],\"exhaust\":[0,0],\"flaming\":[0],\"water\":[0],\"freeze\":[0],\"thunder\":[7],\"dragon\":[3],\"slicing\":[4],\"wyvern\":[1],\"demon\":[2],\"armor\":[0],\"tranq\":[3]},\"attack\":\"195\",\"deviation\":\"None\",\"specialAmmo\":\"Wyvernsnipe\"}',1057,1040,1057,195,130,0,0),(1058,'Pulsar Shooter 3','heavy-bowgun',4,'pulsar-shooter-3','{\"ammoCapacities\":{\"normal\":[10,9,0],\"piercing\":[9,7,5],\"spread\":[9,0,0],\"sticky\":[0,3,0],\"cluster\":[0,2,0],\"recover\":[0,0],\"poison\":[0,0],\"paralysis\":[4,3],\"sleep\":[4,0],\"exhaust\":[0,0],\"flaming\":[0],\"water\":[0],\"freeze\":[0],\"thunder\":[7],\"dragon\":[3],\"slicing\":[4],\"wyvern\":[1],\"demon\":[2],\"armor\":[0],\"tranq\":[3]},\"attack\":\"210\",\"deviation\":\"None\",\"specialAmmo\":\"Wyvernsnipe\"}',1058,1053,1058,210,140,0,0),(1059,'Kadachi Lion 1','heavy-bowgun',5,'kadachi-lion-1','{\"ammoCapacities\":{\"normal\":[10,9,0],\"piercing\":[9,7,5],\"spread\":[9,0,0],\"sticky\":[0,3,0],\"cluster\":[0,2,0],\"recover\":[0,0],\"poison\":[0,0],\"paralysis\":[4,3],\"sleep\":[4,0],\"exhaust\":[0,0],\"flaming\":[0],\"water\":[0],\"freeze\":[0],\"thunder\":[7],\"dragon\":[3],\"slicing\":[4],\"wyvern\":[1],\"demon\":[2],\"armor\":[0],\"tranq\":[3]},\"attack\":\"225\",\"affinity\":15,\"deviation\":\"None\",\"specialAmmo\":\"Wyvernsnipe\"}',1059,1064,1059,225,150,0,1),(1060,'Kadachi Lion 2','heavy-bowgun',6,'kadachi-lion-2','{\"ammoCapacities\":{\"normal\":[10,9,0],\"piercing\":[9,7,5],\"spread\":[9,0,0],\"sticky\":[0,3,0],\"cluster\":[0,2,0],\"recover\":[0,0],\"poison\":[0,0],\"paralysis\":[4,3],\"sleep\":[4,0],\"exhaust\":[0,0],\"flaming\":[0],\"water\":[0],\"freeze\":[0],\"thunder\":[7],\"dragon\":[3],\"slicing\":[4],\"wyvern\":[1],\"demon\":[2],\"armor\":[0],\"tranq\":[3]},\"attack\":\"240\",\"affinity\":15,\"deviation\":\"None\",\"specialAmmo\":\"Wyvernsnipe\"}',1060,1083,1060,240,160,0,1),(1061,'Kadachi Lion 3','heavy-bowgun',6,'kadachi-lion-3','{\"ammoCapacities\":{\"normal\":[10,9,0],\"piercing\":[9,7,5],\"spread\":[9,0,0],\"sticky\":[0,3,0],\"cluster\":[0,2,0],\"recover\":[0,0],\"poison\":[0,0],\"paralysis\":[4,3],\"sleep\":[4,0],\"exhaust\":[0,0],\"flaming\":[0],\"water\":[0],\"freeze\":[0],\"thunder\":[7],\"dragon\":[3],\"slicing\":[4],\"wyvern\":[1],\"demon\":[2],\"armor\":[0],\"tranq\":[3]},\"attack\":\"255\",\"affinity\":15,\"deviation\":\"None\",\"specialAmmo\":\"Wyvernsnipe\"}',1061,1084,1061,255,170,0,1),(1062,'Dragonbone Cannon 1','heavy-bowgun',3,'dragonbone-cannon-1','{\"ammoCapacities\":{\"normal\":[7,0,0],\"piercing\":[6,0,0],\"spread\":[6,0,0],\"sticky\":[0,0,0],\"cluster\":[0,0,0],\"recover\":[0,0],\"poison\":[7,0],\"paralysis\":[1,4],\"sleep\":[5,0],\"exhaust\":[7,0],\"flaming\":[0],\"water\":[0],\"freeze\":[0],\"thunder\":[0],\"dragon\":[3],\"slicing\":[0],\"wyvern\":[1],\"demon\":[3],\"armor\":[2],\"tranq\":[3]},\"attack\":\"150\",\"deviation\":\"Low\",\"specialAmmo\":\"Wyvernsnipe\"}',1062,1041,1062,150,100,0,0),(1063,'Dragonbone Cannon 2','heavy-bowgun',4,'dragonbone-cannon-2','{\"ammoCapacities\":{\"normal\":[7,0,0],\"piercing\":[6,0,0],\"spread\":[6,0,0],\"sticky\":[0,0,0],\"cluster\":[0,0,0],\"recover\":[0,0],\"poison\":[7,0],\"paralysis\":[1,4],\"sleep\":[5,0],\"exhaust\":[7,0],\"flaming\":[0],\"water\":[0],\"freeze\":[0],\"thunder\":[0],\"dragon\":[3],\"slicing\":[0],\"wyvern\":[1],\"demon\":[3],\"armor\":[2],\"tranq\":[3]},\"attack\":\"210\",\"deviation\":\"Low\",\"specialAmmo\":\"Wyvernsnipe\"}',1063,1054,1063,210,140,0,0),(1064,'Dragonbone Cannon 3','heavy-bowgun',6,'dragonbone-cannon-3','{\"ammoCapacities\":{\"normal\":[7,0,0],\"piercing\":[6,0,0],\"spread\":[6,0,0],\"sticky\":[0,0,0],\"cluster\":[0,0,0],\"recover\":[0,0],\"poison\":[7,0],\"paralysis\":[1,4],\"sleep\":[5,0],\"exhaust\":[7,0],\"flaming\":[0],\"water\":[0],\"freeze\":[0],\"thunder\":[0],\"dragon\":[3],\"slicing\":[0],\"wyvern\":[1],\"demon\":[3],\"armor\":[2],\"tranq\":[3]},\"attack\":\"255\",\"deviation\":\"Low\",\"specialAmmo\":\"Wyvernsnipe\"}',1064,1085,1064,255,170,0,1),(1065,'Quickcaster','heavy-bowgun',4,'quickcaster','{\"ammoCapacities\":{\"normal\":[7,6,0],\"piercing\":[6,5,3],\"spread\":[0,0,0],\"sticky\":[4,0,0],\"cluster\":[0,0,0],\"recover\":[2,0],\"poison\":[0,0],\"paralysis\":[1,4],\"sleep\":[0,0],\"exhaust\":[0,6],\"flaming\":[0],\"water\":[0],\"freeze\":[7],\"thunder\":[7],\"dragon\":[0],\"slicing\":[0],\"wyvern\":[1],\"demon\":[0],\"armor\":[2],\"tranq\":[3]},\"attack\":\"195\",\"deviation\":\"Low\",\"specialAmmo\":\"Wyvernsnipe\"}',1065,1055,1065,195,130,0,0),(1066,'Quickcaster+','heavy-bowgun',7,'quickcaster+','{\"ammoCapacities\":{\"normal\":[7,6,0],\"piercing\":[6,5,3],\"spread\":[0,0,0],\"sticky\":[4,0,0],\"cluster\":[0,0,0],\"recover\":[2,0],\"poison\":[0,0],\"paralysis\":[1,4],\"sleep\":[0,0],\"exhaust\":[0,6],\"flaming\":[0],\"water\":[0],\"freeze\":[7],\"thunder\":[7],\"dragon\":[0],\"slicing\":[0],\"wyvern\":[1],\"demon\":[0],\"armor\":[2],\"tranq\":[3]},\"attack\":\"240\",\"deviation\":\"Low\",\"specialAmmo\":\"Wyvernsnipe\"}',1066,1094,1066,240,160,0,1),(1067,'Quickquiver','heavy-bowgun',8,'quickquiver','{\"ammoCapacities\":{\"normal\":[7,6,0],\"piercing\":[6,5,3],\"spread\":[0,0,0],\"sticky\":[4,0,0],\"cluster\":[0,0,0],\"recover\":[2,0],\"poison\":[0,0],\"paralysis\":[1,4],\"sleep\":[0,0],\"exhaust\":[0,6],\"flaming\":[0],\"water\":[0],\"freeze\":[7],\"thunder\":[7],\"dragon\":[0],\"slicing\":[0],\"wyvern\":[1],\"demon\":[0],\"armor\":[2],\"tranq\":[3]},\"attack\":\"255\",\"deviation\":\"Low\",\"specialAmmo\":\"Wyvernsnipe\"}',1067,1100,1067,255,170,0,1),(1068,'Magda Gemitus 1','heavy-bowgun',5,'magda-gemitus-1','{\"ammoCapacities\":{\"normal\":[7,6,4],\"piercing\":[0,0,3],\"spread\":[0,0,3],\"sticky\":[0,3,3],\"cluster\":[0,1,1],\"recover\":[2,0],\"poison\":[0,5],\"paralysis\":[0,4],\"sleep\":[0,3],\"exhaust\":[7,6],\"flaming\":[7],\"water\":[0],\"freeze\":[0],\"thunder\":[0],\"dragon\":[3],\"slicing\":[0],\"wyvern\":[1],\"demon\":[0],\"armor\":[2],\"tranq\":[3]},\"attack\":\"240\",\"defense\":20,\"affinity\":-20,\"deviation\":\"High\",\"specialAmmo\":\"Wyvernsnipe\"}',1068,1065,1068,240,160,0,1),(1069,'Magda Gemitus 2','heavy-bowgun',7,'magda-gemitus-2','{\"ammoCapacities\":{\"normal\":[7,6,4],\"piercing\":[0,0,3],\"spread\":[0,0,3],\"sticky\":[0,3,3],\"cluster\":[0,1,1],\"recover\":[2,0],\"poison\":[0,5],\"paralysis\":[0,4],\"sleep\":[0,3],\"exhaust\":[7,6],\"flaming\":[7],\"water\":[0],\"freeze\":[0],\"thunder\":[0],\"dragon\":[3],\"slicing\":[0],\"wyvern\":[1],\"demon\":[0],\"armor\":[2],\"tranq\":[3]},\"attack\":\"315\",\"defense\":20,\"affinity\":-20,\"deviation\":\"High\",\"specialAmmo\":\"Wyvernsnipe\"}',1069,1095,1069,315,210,0,1),(1070,'Blacksteel Cannon 1','heavy-bowgun',5,'blacksteel-cannon-1','{\"ammoCapacities\":{\"normal\":[3,0,0],\"piercing\":[4,0,0],\"spread\":[3,0,0],\"sticky\":[0,0,0],\"cluster\":[0,0,0],\"recover\":[0,0],\"poison\":[6,0],\"paralysis\":[3,0],\"sleep\":[5,0],\"exhaust\":[5,0],\"flaming\":[5],\"water\":[0],\"freeze\":[0],\"thunder\":[0],\"dragon\":[0],\"slicing\":[1],\"wyvern\":[2],\"demon\":[1],\"armor\":[0],\"tranq\":[3]},\"attack\":\"150\",\"deviation\":\"Low\",\"specialAmmo\":\"Wyvernheart\"}',1070,1066,1070,150,100,0,0),(1071,'Blacksteel Cannon 2','heavy-bowgun',6,'blacksteel-cannon-2','{\"ammoCapacities\":{\"normal\":[3,0,0],\"piercing\":[4,0,0],\"spread\":[3,0,0],\"sticky\":[0,0,0],\"cluster\":[0,0,0],\"recover\":[0,0],\"poison\":[6,0],\"paralysis\":[3,0],\"sleep\":[5,0],\"exhaust\":[5,0],\"flaming\":[5],\"water\":[0],\"freeze\":[0],\"thunder\":[0],\"dragon\":[0],\"slicing\":[1],\"wyvern\":[2],\"demon\":[1],\"armor\":[0],\"tranq\":[3]},\"attack\":\"165\",\"deviation\":\"Low\",\"specialAmmo\":\"Wyvernheart\"}',1071,1086,1071,165,110,0,0),(1072,'Teostra\'s Artillery','heavy-bowgun',7,'teostras-artillery','{\"ammoCapacities\":{\"normal\":[5,4,3],\"piercing\":[5,4,2],\"spread\":[10,0,0],\"sticky\":[2,2,1],\"cluster\":[1,1,1],\"recover\":[0,0],\"poison\":[3,2],\"paralysis\":[0,0],\"sleep\":[0,0],\"exhaust\":[0,0],\"flaming\":[5],\"water\":[0],\"freeze\":[0],\"thunder\":[0],\"dragon\":[0],\"slicing\":[1],\"wyvern\":[2],\"demon\":[1],\"armor\":[0],\"tranq\":[3]},\"attack\":\"255\",\"deviation\":\"Low\",\"specialAmmo\":\"Wyvernheart\"}',1072,1096,1072,255,170,0,0),(1073,'Teostra\'s Flames','heavy-bowgun',8,'teostras-flames','{\"ammoCapacities\":{\"normal\":[5,4,3],\"piercing\":[5,4,2],\"spread\":[10,0,0],\"sticky\":[2,2,1],\"cluster\":[1,1,1],\"recover\":[0,0],\"poison\":[3,2],\"paralysis\":[0,0],\"sleep\":[0,0],\"exhaust\":[0,0],\"flaming\":[5],\"water\":[0],\"freeze\":[0],\"thunder\":[0],\"dragon\":[0],\"slicing\":[1],\"wyvern\":[2],\"demon\":[1],\"armor\":[0],\"tranq\":[3]},\"attack\":\"270\",\"deviation\":\"Low\",\"specialAmmo\":\"Wyvernheart\"}',1073,1101,1073,270,180,0,0),(1074,'Xeno Jiiqa','heavy-bowgun',8,'xeno-jiiqa','{\"ammoCapacities\":{\"normal\":[10,0,6],\"piercing\":[0,7,5],\"spread\":[0,6,5],\"sticky\":[0,0,2],\"cluster\":[0,0,1],\"recover\":[0,2],\"poison\":[0,0],\"paralysis\":[0,0],\"sleep\":[0,0],\"exhaust\":[0,6],\"flaming\":[7],\"water\":[7],\"freeze\":[7],\"thunder\":[7],\"dragon\":[3],\"slicing\":[0],\"wyvern\":[1],\"demon\":[2],\"armor\":[3],\"tranq\":[3]},\"attack\":\"255\",\"deviation\":\"Average\",\"specialAmmo\":\"Wyvernheart\"}',1074,1102,1074,255,170,0,2),(1075,'Iron Bow 1','bow',1,'iron-bow-1','{\"attack\":\"96\",\"coatings\":[\"Close Range\",\"Power\"]}',1075,1103,1075,96,80,0,0),(1076,'Iron Bow 2','bow',1,'iron-bow-2','{\"attack\":\"108\",\"coatings\":[\"Close Range\",\"Power\"]}',1076,1104,1076,108,90,0,0),(1077,'Iron Bow 3','bow',2,'iron-bow-3','{\"attack\":\"120\",\"coatings\":[\"Close Range\",\"Power\"]}',1077,1107,1077,120,100,0,0),(1078,'Steel Bow 1','bow',3,'steel-bow-1','{\"attack\":\"132\",\"coatings\":[\"Close Range\",\"Power\"]}',1078,1113,1078,132,110,0,0),(1079,'Steel Bow 2','bow',4,'steel-bow-2','{\"attack\":\"156\",\"coatings\":[\"Close Range\",\"Power\"]}',1079,1122,1079,156,130,0,0),(1080,'Steel Bow 3','bow',5,'steel-bow-3','{\"attack\":\"168\",\"coatings\":[\"Close Range\",\"Power\"]}',1080,1133,1080,168,140,1,1),(1081,'Alloy Bow 1','bow',6,'alloy-bow-1','{\"attack\":\"180\",\"coatings\":[\"Close Range\",\"Power\"]}',1081,1145,1081,180,150,1,1),(1082,'Alloy Bow 2','bow',6,'alloy-bow-2','{\"attack\":\"204\",\"coatings\":[\"Close Range\",\"Power\"]}',1082,1146,1082,204,170,1,2),(1083,'Nergal Whisper','bow',7,'nergal-whisper','{\"attack\":\"228\",\"coatings\":[\"Close Range\",\"Power\"],\"elderseal\":\"high\"}',1083,1166,1083,228,190,1,1),(1084,'Doom\'s Shaft','bow',8,'dooms-shaft','{\"attack\":\"240\",\"coatings\":[\"Close Range\",\"Power\"],\"elderseal\":\"high\"}',1084,1175,1084,240,200,1,1),(1085,'Kulu Arrow 1','bow',2,'kulu-arrow-1','{\"attack\":\"120\",\"affinity\":15,\"coatings\":[\"Close Range\",\"Paralysis\",\"Sleep\",\"Blast\"]}',1085,1108,1085,120,100,0,0),(1086,'Kulu Arrow 2','bow',3,'kulu-arrow-2','{\"attack\":\"132\",\"affinity\":15,\"coatings\":[\"Close Range\",\"Paralysis\",\"Sleep\",\"Blast\"]}',1086,1114,1086,132,110,0,0),(1087,'Kulu Arrow 3','bow',4,'kulu-arrow-3','{\"attack\":\"156\",\"affinity\":15,\"coatings\":[\"Close Range\",\"Paralysis\",\"Sleep\",\"Blast\"]}',1087,1123,1087,156,130,0,0),(1088,'Archer\'s Dance 1','bow',5,'archers-dance-1','{\"attack\":\"180\",\"affinity\":20,\"coatings\":[\"Close Range\",\"Paralysis\",\"Sleep\",\"Blast\"]}',1088,1134,1088,180,150,0,0),(1089,'Archer\'s Dance 2','bow',6,'archers-dance-2','{\"attack\":\"192\",\"affinity\":20,\"coatings\":[\"Close Range\",\"Paralysis\",\"Sleep\",\"Blast\"]}',1089,1147,1089,192,160,0,0),(1090,'Archer\'s Dance 3','bow',6,'archers-dance-3','{\"attack\":\"204\",\"affinity\":20,\"coatings\":[\"Close Range\",\"Paralysis\",\"Sleep\",\"Blast\"]}',1090,1148,1090,204,170,0,0),(1091,'Brazencord','bow',6,'brazencord','{\"attack\":\"204\",\"defense\":30,\"coatings\":[\"Close Range\",\"Sleep\",\"Blast\"]}',1091,1149,1091,204,170,1,1),(1092,'Gigacles','bow',8,'gigacles','{\"attack\":\"228\",\"defense\":30,\"coatings\":[\"Close Range\",\"Sleep\",\"Blast\"]}',1092,1176,1092,228,190,1,1),(1093,'Princess Arrow 1','bow',3,'princess-arrow-1','{\"attack\":\"132\",\"affinity\":10,\"coatings\":[\"Close Range\",\"Power\",\"Poison\"]}',1093,1115,1093,132,110,0,0),(1094,'Princess Arrow 2','bow',5,'princess-arrow-2','{\"attack\":\"192\",\"affinity\":10,\"coatings\":[\"Close Range\",\"Power\",\"Poison\"],\"elderseal\":\"low\"}',1094,1135,1094,192,160,1,2),(1095,'Princess Arrow 3','bow',6,'princess-arrow-3','{\"attack\":\"216\",\"affinity\":10,\"coatings\":[\"Close Range\",\"Power\",\"Poison\"]}',1095,1150,1095,216,180,1,2),(1096,'Rathslinger 1','bow',4,'rathslinger-1','{\"attack\":\"144\",\"affinity\":15,\"coatings\":[\"Close Range\",\"Power\",\"Poison\"]}',1096,1124,1096,144,120,0,0),(1097,'Rathslinger 2','bow',6,'rathslinger-2','{\"attack\":\"204\",\"affinity\":15,\"coatings\":[\"Close Range\",\"Power\",\"Poison\"]}',1097,1151,1097,204,170,1,1),(1098,'Rathslinger 3','bow',7,'rathslinger-3','{\"attack\":\"216\",\"affinity\":15,\"coatings\":[\"Close Range\",\"Power\",\"Poison\"]}',1098,1167,1098,216,180,1,1),(1099,'Aqua Arrow 1','bow',2,'aqua-arrow-1','{\"attack\":\"120\",\"coatings\":[\"Close Range\",\"Power\"]}',1099,1109,1099,120,100,0,0),(1100,'Aqua Arrow 2','bow',3,'aqua-arrow-2','{\"attack\":\"132\",\"coatings\":[\"Close Range\",\"Power\"]}',1100,1116,1100,132,110,0,0),(1101,'Aqua Arrow 3','bow',4,'aqua-arrow-3','{\"attack\":\"144\",\"coatings\":[\"Close Range\",\"Power\"]}',1101,1125,1101,144,120,0,0),(1102,'Water Shot 1','bow',5,'water-shot-1','{\"attack\":\"168\",\"coatings\":[\"Close Range\",\"Power\"]}',1102,1136,1102,168,140,1,1),(1103,'Water Shot 2','bow',6,'water-shot-2','{\"attack\":\"180\",\"coatings\":[\"Close Range\",\"Power\"]}',1103,1152,1103,180,150,1,1),(1104,'Water Shot 3','bow',6,'water-shot-3','{\"attack\":\"204\",\"coatings\":[\"Close Range\",\"Power\"]}',1104,1153,1104,204,170,1,1),(1105,'Glacial Arrow 1','bow',4,'glacial-arrow-1','{\"attack\":\"144\",\"coatings\":[\"Close Range\",\"Power\",\"Poison\",\"Sleep\"]}',1105,1126,1105,144,120,0,0),(1106,'Glacial Arrow 2','bow',5,'glacial-arrow-2','{\"attack\":\"156\",\"coatings\":[\"Close Range\",\"Power\",\"Poison\",\"Sleep\"]}',1106,1137,1106,156,130,0,0),(1107,'Snowfletcher','bow',6,'snowfletcher','{\"attack\":\"168\",\"coatings\":[\"Close Range\",\"Power\",\"Poison\",\"Sleep\"]}',1107,1154,1107,168,140,0,0),(1108,'Legia Snowfletcher','bow',8,'legia-snowfletcher','{\"attack\":\"180\",\"coatings\":[\"Close Range\",\"Power\",\"Poison\",\"Sleep\"]}',1108,1177,1108,180,150,0,0),(1109,'Hunter\'s Bow 1','bow',1,'hunters-bow-1','{\"attack\":\"120\",\"coatings\":[\"Close Range\",\"Paralysis\",\"Poison\"]}',1109,1105,1109,120,100,0,0),(1110,'Hunter\'s Bow 2','bow',1,'hunters-bow-2','{\"attack\":\"132\",\"coatings\":[\"Close Range\",\"Paralysis\",\"Poison\"]}',1110,1106,1110,132,110,0,0),(1111,'Hunter\'s Bow 3','bow',2,'hunters-bow-3','{\"attack\":\"144\",\"coatings\":[\"Close Range\",\"Paralysis\",\"Poison\"]}',1111,1110,1111,144,120,0,0),(1112,'Hunter\'s Stoutbow 1','bow',3,'hunters-stoutbow-1','{\"attack\":\"156\",\"coatings\":[\"Close Range\",\"Paralysis\",\"Poison\"]}',1112,1117,1112,156,130,0,0),(1113,'Hunter\'s Stoutbow 2','bow',4,'hunters-stoutbow-2','{\"attack\":\"168\",\"coatings\":[\"Close Range\",\"Paralysis\",\"Poison\"]}',1113,1127,1113,168,140,0,0),(1114,'Hunter\'s Stoutbow 3','bow',5,'hunters-stoutbow-3','{\"attack\":\"180\",\"coatings\":[\"Close Range\",\"Paralysis\",\"Poison\"]}',1114,1138,1114,180,150,1,1),(1115,'Hunter\'s Proudbow 1','bow',6,'hunters-proudbow-1','{\"attack\":\"192\",\"defense\":10,\"coatings\":[\"Close Range\",\"Paralysis\",\"Poison\"]}',1115,1155,1115,192,160,1,1),(1116,'Hunter\'s Proudbow 2','bow',6,'hunters-proudbow-2','{\"attack\":\"216\",\"defense\":10,\"coatings\":[\"Close Range\",\"Paralysis\",\"Poison\"]}',1116,1156,1116,216,180,1,1),(1117,'Hazak Velos 1','bow',7,'hazak-velos-1','{\"attack\":\"216\",\"coatings\":[\"Close Range\",\"Power\",\"Sleep\"],\"elderseal\":\"average\"}',1117,1168,1117,216,180,1,1),(1118,'Hazak Velos 2','bow',7,'hazak-velos-2','{\"attack\":\"228\",\"coatings\":[\"Close Range\",\"Power\",\"Sleep\"],\"elderseal\":\"average\"}',1118,1169,1118,228,190,1,1),(1119,'Diablos Bow 1','bow',4,'diablos-bow-1','{\"attack\":\"192\",\"defense\":10,\"affinity\":-30,\"coatings\":[\"Close Range\",\"Power\",\"Paralysis\"]}',1119,1128,1119,192,160,0,0),(1120,'Diablos Bow 2','bow',5,'diablos-bow-2','{\"attack\":\"216\",\"defense\":10,\"affinity\":-30,\"coatings\":[\"Close Range\",\"Power\",\"Paralysis\"]}',1120,1139,1120,216,180,1,2),(1121,'Diablos Coilbender','bow',7,'diablos-coilbender','{\"attack\":\"240\",\"defense\":15,\"affinity\":-30,\"coatings\":[\"Close Range\",\"Power\",\"Paralysis\"]}',1121,1170,1121,240,200,1,2),(1122,'Galebender','bow',7,'galebender','{\"attack\":\"252\",\"defense\":15,\"affinity\":-30,\"coatings\":[\"Close Range\",\"Power\",\"Paralysis\"]}',1122,1171,1122,252,210,1,2),(1123,'Cera Coilbender','bow',8,'cera-coilbender','{\"attack\":\"264\",\"defense\":15,\"affinity\":-30,\"coatings\":[\"Close Range\",\"Power\",\"Paralysis\"]}',1123,1178,1123,264,220,1,2),(1124,'Blooming Arch 1','bow',2,'blooming-arch-1','{\"attack\":\"144\",\"coatings\":[\"Close Range\",\"Paralysis\",\"Poison\"]}',1124,1111,1124,144,120,0,0),(1125,'Blooming Arch 2','bow',3,'blooming-arch-2','{\"attack\":\"156\",\"coatings\":[\"Close Range\",\"Paralysis\",\"Poison\"]}',1125,1118,1125,156,130,0,0),(1126,'Blooming Arch 3','bow',4,'blooming-arch-3','{\"attack\":\"168\",\"coatings\":[\"Close Range\",\"Paralysis\",\"Poison\"]}',1126,1129,1126,168,140,0,0),(1127,'Datura String 1','bow',5,'datura-string-1','{\"attack\":\"180\",\"coatings\":[\"Close Range\",\"Paralysis\",\"Poison\"]}',1127,1140,1127,180,150,1,2),(1128,'Datura String 2','bow',6,'datura-string-2','{\"attack\":\"192\",\"coatings\":[\"Close Range\",\"Paralysis\",\"Poison\"]}',1128,1157,1128,192,160,1,2),(1129,'Datura String 3','bow',6,'datura-string-3','{\"attack\":\"204\",\"coatings\":[\"Close Range\",\"Paralysis\",\"Poison\"]}',1129,1158,1129,204,170,1,2),(1130,'Blazing Bow 1','bow',3,'blazing-bow-1','{\"attack\":\"156\",\"affinity\":-20,\"coatings\":[\"Close Range\",\"Power\",\"Blast\"]}',1130,1119,1130,156,130,0,0),(1131,'Blazing Bow 2','bow',4,'blazing-bow-2','{\"attack\":\"168\",\"affinity\":-20,\"coatings\":[\"Close Range\",\"Power\",\"Blast\"]}',1131,1130,1131,168,140,0,0),(1132,'Anja Arch 1','bow',5,'anja-arch-1','{\"attack\":\"192\",\"affinity\":-20,\"coatings\":[\"Close Range\",\"Power\",\"Blast\"]}',1132,1141,1132,192,160,0,0),(1133,'Anja Arch 2','bow',6,'anja-arch-2','{\"attack\":\"216\",\"affinity\":-20,\"coatings\":[\"Close Range\",\"Power\",\"Blast\"]}',1133,1159,1133,216,180,0,0),(1134,'Anja Arch 3','bow',6,'anja-arch-3','{\"attack\":\"240\",\"affinity\":-20,\"coatings\":[\"Close Range\",\"Power\",\"Blast\"]}',1134,1160,1134,240,200,0,0),(1135,'Pulsar Bow 1','bow',2,'pulsar-bow-1','{\"attack\":\"144\",\"affinity\":10,\"coatings\":[\"Close Range\",\"Power\",\"Paralysis\"]}',1135,1112,1135,144,120,0,0),(1136,'Pulsar Bow 2','bow',3,'pulsar-bow-2','{\"attack\":\"156\",\"affinity\":10,\"coatings\":[\"Close Range\",\"Power\",\"Paralysis\"]}',1136,1120,1136,156,130,0,0),(1137,'Pulsar Bow 3','bow',4,'pulsar-bow-3','{\"attack\":\"168\",\"affinity\":10,\"coatings\":[\"Close Range\",\"Power\",\"Paralysis\"]}',1137,1131,1137,168,140,0,0),(1138,'Kadachi Strikebow','bow',5,'kadachi-strikebow','{\"attack\":\"180\",\"affinity\":15,\"coatings\":[\"Close Range\",\"Power\",\"Paralysis\"]}',1138,1142,1138,180,150,1,1),(1139,'Flying Kadachi Strikebow','bow',7,'flying-kadachi-strikebow','{\"attack\":\"204\",\"affinity\":15,\"coatings\":[\"Close Range\",\"Power\",\"Paralysis\"]}',1139,1172,1139,204,170,1,1),(1140,'Dragonbone Bow 1','bow',3,'dragonbone-bow-1','{\"attack\":\"120\",\"coatings\":[\"Close Range\",\"Paralysis\",\"Sleep\"],\"elderseal\":\"low\"}',1140,1121,1140,120,100,1,0),(1141,'Dragonbone Bow 2','bow',4,'dragonbone-bow-2','{\"attack\":\"132\",\"coatings\":[\"Close Range\",\"Paralysis\",\"Sleep\"],\"elderseal\":\"low\"}',1141,1132,1141,132,110,1,0),(1142,'Dragonbone Bow 3','bow',6,'dragonbone-bow-3','{\"attack\":\"180\",\"coatings\":[\"Close Range\",\"Paralysis\",\"Sleep\"],\"elderseal\":\"low\"}',1142,1161,1142,180,150,1,2),(1143,'Blacksteel Bow 1','bow',5,'blacksteel-bow-1','{\"attack\":\"120\",\"coatings\":[\"Close Range\",\"Paralysis\",\"Sleep\"],\"elderseal\":\"low\"}',1143,1143,1143,120,100,1,0),(1144,'Blacksteel Bow 2','bow',6,'blacksteel-bow-2','{\"attack\":\"132\",\"coatings\":[\"Close Range\",\"Paralysis\",\"Sleep\"],\"elderseal\":\"low\"}',1144,1162,1144,132,110,1,0),(1145,'Icesteel Bow','bow',7,'icesteel-bow','{\"attack\":\"192\",\"coatings\":[\"Close Range\",\"Power\"]}',1145,1173,1145,192,160,1,2),(1146,'Daora\'s Sagittarii','bow',8,'daoras-sagittarii','{\"attack\":\"204\",\"coatings\":[\"Close Range\",\"Power\"]}',1146,1179,1146,204,170,1,2),(1147,'Xeno Metora','bow',8,'xeno-metora','{\"attack\":\"204\",\"affinity\":15,\"coatings\":[\"Close Range\",\"Power\",\"Poison\",\"Blast\"],\"elderseal\":\"low\"}',1147,1180,1147,204,170,1,2),(1148,'Cross Hunter\'s Bow','bow',6,'cross-hunters-bow','{\"attack\":\"216\",\"defense\":20,\"coatings\":[\"Close Range\",\"Paralysis\",\"Poison\",\"Sleep\",\"Blast\"]}',1148,1163,1148,216,180,1,1),(1149,'Great Hunter\'s Bow','bow',8,'great-hunters-bow','{\"attack\":\"228\",\"defense\":20,\"coatings\":[\"Close Range\",\"Paralysis\",\"Poison\",\"Sleep\",\"Blast\"]}',1149,1181,1149,228,190,1,1),(1150,'Berserker Sword','great-sword',6,'berserker-sword','{\"attack\":\"1008\",\"affinity\":-30,\"elderseal\":\"high\"}',1150,75,1150,1008,210,1,0),(1151,'Anguish','great-sword',7,'anguish','{\"attack\":\"1104\",\"affinity\":-30,\"elderseal\":\"high\"}',1151,84,1151,1104,230,1,0),(1152,'Reaver \"Cruelty\"','long-sword',6,'reaver-cruelty','{\"attack\":\"693\",\"affinity\":-25,\"elderseal\":\"high\"}',1152,159,1152,693,210,1,0),(1153,'Reaver \"Calamity\"','long-sword',7,'reaver-calamity','{\"attack\":\"759\",\"affinity\":-25,\"elderseal\":\"high\"}',1153,168,1153,759,230,1,0),(1154,'Fatal Jho','sword-and-shield',6,'fatal-jho','{\"attack\":\"280\",\"affinity\":-20,\"elderseal\":\"high\"}',1154,257,1154,280,200,1,0),(1155,'Fatal Bite','sword-and-shield',7,'fatal-bite','{\"attack\":\"308\",\"affinity\":-20,\"elderseal\":\"high\"}',1155,265,1155,308,220,1,0),(1156,'Wrath & Rancor','dual-blades',6,'wrath-&-rancor','{\"attack\":\"280\",\"affinity\":-20,\"elderseal\":\"high\"}',1156,338,1156,280,200,1,0),(1157,'Wrathful Predation','dual-blades',7,'wrathful-predation','{\"attack\":\"308\",\"affinity\":-20,\"elderseal\":\"high\"}',1157,348,1157,308,220,1,0),(1158,'Devil\'s Due','hammer',6,'devils-due','{\"attack\":\"1092\",\"affinity\":-30,\"elderseal\":\"high\"}',1158,426,1158,1092,210,1,1),(1159,'Devil\'s Crush','hammer',7,'devils-crush','{\"attack\":\"1196\",\"affinity\":-30,\"elderseal\":\"high\"}',1159,434,1159,1196,230,1,1),(1160,'Devil\'s Maestro','hunting-horn',6,'devils-maestro','{\"attack\":\"840\",\"affinity\":-30,\"elderseal\":\"high\"}',1160,515,1160,840,200,1,0),(1161,'Deep Vero','hunting-horn',7,'deep-vero','{\"attack\":\"924\",\"affinity\":-30,\"elderseal\":\"high\"}',1161,523,1161,924,220,1,0),(1162,'Grief Lance','lance',6,'grief-lance','{\"attack\":\"483\",\"affinity\":-25,\"elderseal\":\"high\"}',1162,596,1162,483,210,1,0),(1163,'Fiendish Tower','lance',7,'fiendish-tower','{\"attack\":\"529\",\"affinity\":-25,\"elderseal\":\"high\"}',1163,605,1163,529,230,1,0),(1164,'Ravenous Gunlance','gunlance',6,'ravenous-gunlance','{\"attack\":\"483\",\"affinity\":-30,\"shellingType\":\"Long LV3\",\"elderseal\":\"high\"}',1164,679,1164,483,210,1,0),(1165,'Insatiable Gunlance','gunlance',7,'insatiable-gunlance','{\"attack\":\"529\",\"affinity\":-30,\"shellingType\":\"Long LV3\",\"elderseal\":\"high\"}',1165,689,1165,529,230,1,0),(1166,'Tyrannos','switch-axe',6,'tyrannos','{\"attack\":\"700\",\"affinity\":-25,\"phialType\":\"Power Phial\",\"elderseal\":\"high\"}',1166,756,1166,700,200,1,0),(1167,'Terror Tyrannos','switch-axe',7,'terror-tyrannos','{\"attack\":\"770\",\"affinity\":-25,\"phialType\":\"Power Phial\",\"elderseal\":\"high\"}',1167,770,1167,770,220,1,0),(1168,'Tyrant\'s Charge Blade','charge-blade',6,'tyrants-charge-blade','{\"attack\":\"720\",\"affinity\":-25,\"phialType\":\"Power Element Phial\",\"elderseal\":\"high\"}',1168,838,1168,720,200,1,0),(1169,'Oppressor\'s Charge Blade','charge-blade',7,'oppressors-charge-blade','{\"attack\":\"792\",\"affinity\":-25,\"phialType\":\"Power Element Phial\",\"elderseal\":\"high\"}',1169,847,1169,792,220,1,0),(1170,'Bad Wing','insect-glaive',6,'bad-wing','{\"attack\":\"620\",\"affinity\":-25,\"boostType\":\"Health Boost\"}',1170,920,1170,620,200,0,0),(1171,'Grunge Storm','insect-glaive',7,'grunge-storm','{\"attack\":\"682\",\"affinity\":-25,\"boostType\":\"Health Boost\"}',1171,930,1171,682,220,0,0),(1172,'Devil\'s Grin','light-bowgun',6,'devils-grin','{\"ammoCapacities\":{\"normal\":[3,2,1],\"piercing\":[0,0,2],\"spread\":[0,0,2],\"sticky\":[2,1,1],\"cluster\":[0,0,0],\"recover\":[0,0],\"poison\":[0,5],\"paralysis\":[0,0],\"sleep\":[5,0],\"exhaust\":[5,5],\"flaming\":[0],\"water\":[0],\"freeze\":[0],\"thunder\":[0],\"dragon\":[3],\"slicing\":[2],\"wyvern\":[0],\"demon\":[2],\"armor\":[0],\"tranq\":[2]},\"attack\":\"273\",\"affinity\":-25,\"deviation\":\"High\",\"specialAmmo\":\"Wyvernblast\"}',1172,1003,1172,273,210,0,0),(1173,'Devil\'s Madness','light-bowgun',7,'devils-madness','{\"ammoCapacities\":{\"normal\":[3,2,1],\"piercing\":[0,0,2],\"spread\":[0,0,2],\"sticky\":[2,1,1],\"cluster\":[0,0,0],\"recover\":[0,0],\"poison\":[0,5],\"paralysis\":[0,0],\"sleep\":[5,0],\"exhaust\":[5,5],\"flaming\":[0],\"water\":[0],\"freeze\":[0],\"thunder\":[0],\"dragon\":[3],\"slicing\":[2],\"wyvern\":[0],\"demon\":[2],\"armor\":[0],\"tranq\":[2]},\"attack\":\"299\",\"affinity\":-25,\"deviation\":\"High\",\"specialAmmo\":\"Wyvernblast\"}',1173,1013,1173,299,230,0,0),(1174,'Gluttonous Cannon','heavy-bowgun',6,'gluttonous-cannon','{\"ammoCapacities\":{\"normal\":[7,6,4],\"piercing\":[0,0,3],\"spread\":[0,0,3],\"sticky\":[0,3,3],\"cluster\":[0,1,1],\"recover\":[0,0],\"poison\":[0,5],\"paralysis\":[0,0],\"sleep\":[5,3],\"exhaust\":[7,6],\"flaming\":[0],\"water\":[0],\"freeze\":[0],\"thunder\":[0],\"dragon\":[3],\"slicing\":[2],\"wyvern\":[1],\"demon\":[3],\"armor\":[0],\"tranq\":[3]},\"attack\":\"315\",\"affinity\":-25,\"deviation\":\"High\",\"specialAmmo\":\"Wyvernheart\"}',1174,1087,1174,315,210,0,0),(1175,'Dark Devourer','heavy-bowgun',7,'dark-devourer','{\"ammoCapacities\":{\"normal\":[7,6,4],\"piercing\":[0,0,3],\"spread\":[0,0,3],\"sticky\":[0,3,3],\"cluster\":[0,1,1],\"recover\":[0,0],\"poison\":[0,5],\"paralysis\":[0,0],\"sleep\":[5,3],\"exhaust\":[7,6],\"flaming\":[0],\"water\":[0],\"freeze\":[0],\"thunder\":[0],\"dragon\":[3],\"slicing\":[2],\"wyvern\":[1],\"demon\":[3],\"armor\":[0],\"tranq\":[3]},\"attack\":\"345\",\"affinity\":-25,\"deviation\":\"High\",\"specialAmmo\":\"Wyvernheart\"}',1175,1097,1175,345,230,0,0),(1176,'Insurgent\'s Bow','bow',6,'insurgents-bow','{\"attack\":\"252\",\"affinity\":-25,\"coatings\":[\"Close Range\",\"Power\",\"Poison\"],\"elderseal\":\"high\"}',1176,1164,1176,252,210,1,0),(1177,'Villainous Brace','bow',7,'villainous-brace','{\"attack\":\"276\",\"affinity\":-25,\"coatings\":[\"Close Range\",\"Power\",\"Poison\"],\"elderseal\":\"high\"}',1177,1174,1177,276,230,1,0),(1178,'Aloy\'s Bow','bow',5,'aloys-bow','{\"attack\":\"168\",\"affinity\":20,\"coatings\":[\"Close Range\",\"Paralysis\",\"Poison\"]}',1178,1144,1178,168,140,1,1),(1179,'Aloy\'s War Bow','bow',6,'aloys-war-bow','{\"attack\":\"192\",\"affinity\":30,\"coatings\":[\"Close Range\",\"Paralysis\",\"Poison\"]}',1179,1165,1179,192,160,1,1),(1180,'Wyvern Ignition \"Steel\"','great-sword',4,'wyvern-ignition-steel','{\"attack\":\"720\",\"affinity\":-15}',1180,35,1180,720,150,0,0),(1181,'Wyvern Ignition \"Impact\"','great-sword',7,'wyvern-ignition-impact','{\"attack\":\"1008\",\"affinity\":-15}',1181,85,1181,1008,210,1,2);
/*!40000 ALTER TABLE `weapons` ENABLE KEYS */;
UNLOCK TABLES;
/*!40103 SET TIME_ZONE=@OLD_TIME_ZONE */;

/*!40101 SET SQL_MODE=@OLD_SQL_MODE */;
/*!40014 SET FOREIGN_KEY_CHECKS=@OLD_FOREIGN_KEY_CHECKS */;
/*!40014 SET UNIQUE_CHECKS=@OLD_UNIQUE_CHECKS */;
/*!40101 SET CHARACTER_SET_CLIENT=@OLD_CHARACTER_SET_CLIENT */;
/*!40101 SET CHARACTER_SET_RESULTS=@OLD_CHARACTER_SET_RESULTS */;
/*!40101 SET COLLATION_CONNECTION=@OLD_COLLATION_CONNECTION */;
/*!40111 SET SQL_NOTES=@OLD_SQL_NOTES */;

-- Dump completed on 2018-05-12 21:14:32
