-- MySQL dump 10.16  Distrib 10.2.8-MariaDB, for Linux (x86_64)
--
-- Host: localhost    Database: application
-- ------------------------------------------------------
-- Server version	10.2.8-MariaDB

/*!40101 SET @OLD_CHARACTER_SET_CLIENT=@@CHARACTER_SET_CLIENT */;
/*!40101 SET @OLD_CHARACTER_SET_RESULTS=@@CHARACTER_SET_RESULTS */;
/*!40101 SET @OLD_COLLATION_CONNECTION=@@COLLATION_CONNECTION */;
/*!40101 SET NAMES utf8 */;
/*!40103 SET @OLD_TIME_ZONE=@@TIME_ZONE */;
/*!40103 SET TIME_ZONE='+00:00' */;
/*!40014 SET @OLD_UNIQUE_CHECKS=@@UNIQUE_CHECKS, UNIQUE_CHECKS=0 */;
/*!40014 SET @OLD_FOREIGN_KEY_CHECKS=@@FOREIGN_KEY_CHECKS, FOREIGN_KEY_CHECKS=0 */;
/*!40101 SET @OLD_SQL_MODE=@@SQL_MODE, SQL_MODE='NO_AUTO_VALUE_ON_ZERO' */;
/*!40111 SET @OLD_SQL_NOTES=@@SQL_NOTES, SQL_NOTES=0 */;

--
-- Table structure for table `armor`
--

DROP TABLE IF EXISTS `armor`;
/*!40101 SET @saved_cs_client     = @@character_set_client */;
/*!40101 SET character_set_client = utf8 */;
CREATE TABLE `armor` (
  `id` int(10) unsigned NOT NULL AUTO_INCREMENT,
  `name` varchar(64) COLLATE utf8_unicode_ci NOT NULL,
  `slug` varchar(64) COLLATE utf8_unicode_ci NOT NULL,
  `type` varchar(32) COLLATE utf8_unicode_ci NOT NULL,
  `attributes` longtext CHARACTER SET utf8mb4 COLLATE utf8mb4_bin NOT NULL,
  `rank` varchar(16) COLLATE utf8_unicode_ci NOT NULL,
  `armor_set_id` int(10) unsigned DEFAULT NULL,
  `rarity` smallint(6) NOT NULL,
  `assets_id` int(10) unsigned DEFAULT NULL,
  `resist_fire` int(11) NOT NULL,
  `resist_water` int(11) NOT NULL,
  `resist_ice` int(11) NOT NULL,
  `resist_thunder` int(11) NOT NULL,
  `resist_dragon` int(11) NOT NULL,
  `defense_base` int(10) unsigned NOT NULL,
  `defense_max` int(10) unsigned NOT NULL,
  `defense_augmented` int(10) unsigned NOT NULL,
  `crafting_id` int(10) unsigned DEFAULT NULL,
  `skills_length` int(10) unsigned NOT NULL DEFAULT 0,
  `slots_length` int(10) unsigned NOT NULL DEFAULT 0,
  PRIMARY KEY (`id`),
  UNIQUE KEY `UNIQ_BF27FEFC5E237E06` (`name`),
  UNIQUE KEY `UNIQ_BF27FEFC989D9B62` (`slug`),
  UNIQUE KEY `UNIQ_BF27FEFCE6AF163A` (`assets_id`),
  UNIQUE KEY `UNIQ_BF27FEFC23BE98B5` (`crafting_id`),
  KEY `type_idx` (`type`),
  KEY `IDX_BF27FEFC537E6F87` (`armor_set_id`),
  CONSTRAINT `FK_BF27FEFC23BE98B5` FOREIGN KEY (`crafting_id`) REFERENCES `armor_crafting_info` (`id`),
  CONSTRAINT `FK_BF27FEFC537E6F87` FOREIGN KEY (`armor_set_id`) REFERENCES `armor_sets` (`id`),
  CONSTRAINT `FK_BF27FEFCE6AF163A` FOREIGN KEY (`assets_id`) REFERENCES `armor_assets` (`id`)
) ENGINE=InnoDB AUTO_INCREMENT=678 DEFAULT CHARSET=utf8 COLLATE=utf8_unicode_ci;
/*!40101 SET character_set_client = @saved_cs_client */;

--
-- Dumping data for table `armor`
--

LOCK TABLES `armor` WRITE;
/*!40000 ALTER TABLE `armor` DISABLE KEYS */;
INSERT INTO `armor` VALUES (1,'Leather Headgear','leather-headgear','head','[]','low',1,1,1,2,0,0,0,0,2,38,68,11,1,0),(2,'Leather Mail','leather-mail','chest','[]','low',1,1,2,2,0,0,0,0,2,38,68,12,0,0),(3,'Leather Gloves','leather-gloves','gloves','[]','low',1,1,3,2,0,0,0,0,2,38,68,13,0,0),(4,'Leather Belt','leather-belt','waist','[]','low',1,1,4,2,0,0,0,0,2,38,68,14,0,0),(5,'Leather Trousers','leather-trousers','legs','[]','low',1,1,5,2,0,0,0,0,2,38,68,15,0,0),(6,'Chainmail Headgear','chainmail-headgear','head','[]','low',2,1,6,0,2,0,0,0,2,38,68,16,1,0),(7,'Chainmail Vest','chainmail-vest','chest','[]','low',2,1,7,0,2,0,0,0,2,38,68,17,0,0),(8,'Chainmail Gloves','chainmail-gloves','gloves','[]','low',2,1,8,0,2,0,0,0,2,38,68,18,0,0),(9,'Chainmail Belt','chainmail-belt','waist','[]','low',2,1,9,0,2,0,0,0,2,38,68,19,0,0),(10,'Chainmail Trousers','chainmail-trousers','legs','[]','low',2,1,10,0,2,0,0,0,2,38,68,20,0,0),(11,'Hunter\'s Headgear','hunters-headgear','head','[]','low',3,1,11,2,2,0,0,0,6,42,72,21,1,0),(12,'Hunter\'s Mail','hunters-mail','chest','[]','low',3,1,12,2,2,0,0,0,6,42,72,22,1,0),(13,'Hunter\'s Vambraces','hunters-vambraces','gloves','[]','low',3,1,13,2,2,0,0,0,6,42,72,23,1,0),(14,'Hunter\'s Coil','hunters-coil','waist','[]','low',3,1,14,2,2,0,0,0,6,42,72,24,1,0),(15,'Hunter\'s Greaves','hunters-greaves','legs','[]','low',3,1,15,2,2,0,0,0,6,42,72,25,1,0),(16,'Bone Helm','bone-helm','head','[]','low',4,1,16,2,0,0,2,2,6,42,72,26,1,0),(17,'Bone Mail','bone-mail','chest','[]','low',4,1,17,2,0,0,2,2,6,42,72,27,1,0),(18,'Bone Vambraces','bone-vambraces','gloves','[]','low',4,1,18,2,0,0,2,2,6,42,72,28,1,0),(19,'Bone Coil','bone-coil','waist','[]','low',4,1,19,2,0,0,2,2,6,42,72,29,1,0),(20,'Bone Greaves','bone-greaves','legs','[]','low',4,1,20,2,0,0,2,2,6,42,72,30,1,0),(21,'Vespoid Helm','vespoid-helm','head','[]','low',5,1,21,-2,1,1,1,2,8,44,74,31,1,0),(22,'Vespoid Mail','vespoid-mail','chest','[]','low',5,1,22,-2,1,1,1,2,8,44,74,32,1,0),(23,'Vespoid Vambraces','vespoid-vambraces','gloves','[]','low',5,1,23,-2,1,1,1,2,8,44,74,33,1,0),(24,'Vespoid Coil','vespoid-coil','waist','[]','low',5,1,24,-2,1,1,1,2,8,44,74,34,1,0),(25,'Vespoid Greaves','vespoid-greaves','legs','[]','low',5,1,25,-2,1,1,1,2,8,44,74,35,1,0),(26,'Kestodon Guards','kestodon-guards','gloves','[]','low',6,1,26,4,0,0,0,0,12,48,78,36,1,0),(27,'Gajau Boots','gajau-boots','legs','[]','low',7,1,27,0,5,0,0,0,12,48,78,37,1,0),(28,'Jagras Helm','jagras-helm','head','[]','low',8,1,28,-2,2,-1,-1,1,8,44,74,38,1,0),(29,'Jagras Mail','jagras-mail','chest','[]','low',8,1,29,-2,2,-1,-1,1,8,44,74,39,1,0),(30,'Jagras Vambraces','jagras-vambraces','gloves','[]','low',8,1,30,-2,2,-1,-1,1,8,44,74,40,1,0),(31,'Jagras Coil','jagras-coil','waist','[]','low',8,1,31,-2,2,-1,-1,1,8,44,74,41,1,0),(32,'Jagras Greaves','jagras-greaves','legs','[]','low',8,1,32,-2,2,-1,-1,1,8,44,74,42,1,0),(33,'Kulu Headpiece','kulu-headpiece','head','[]','low',9,1,33,0,-3,1,0,0,10,46,76,43,1,0),(34,'Kulu Mail','kulu-mail','chest','[]','low',9,1,34,0,-3,1,0,0,10,46,76,44,1,0),(35,'Kulu Vambraces','kulu-vambraces','gloves','[]','low',9,1,35,0,-3,1,0,0,10,46,76,45,1,0),(36,'Kulu Coil','kulu-coil','waist','[]','low',9,1,36,0,-3,1,0,0,10,46,76,46,1,0),(37,'Kulu Greaves','kulu-greaves','legs','[]','low',9,1,37,0,-3,1,0,0,10,46,76,47,1,0),(38,'Alloy Helm','alloy-helm','head','[]','low',10,2,38,-2,1,-2,-2,1,8,40,66,48,1,0),(39,'Alloy Mail','alloy-mail','chest','[]','low',10,2,39,-2,1,-2,-2,1,8,40,66,49,1,0),(40,'Alloy Vambraces','alloy-vambraces','gloves','[]','low',10,2,40,-2,1,-2,-2,1,8,40,66,50,1,0),(41,'Alloy Coil','alloy-coil','waist','[]','low',10,2,41,-2,1,-2,-2,1,8,40,66,51,1,0),(42,'Alloy Greaves','alloy-greaves','legs','[]','low',10,2,42,-2,1,-2,-2,1,8,40,66,52,1,0),(43,'Pukei Hood','pukei-hood','head','[]','low',11,2,43,0,3,0,-3,1,12,44,70,53,1,0),(44,'Pukei Mail','pukei-mail','chest','[]','low',11,2,44,0,3,0,-3,1,12,44,70,54,1,0),(45,'Pukei Vambraces','pukei-vambraces','gloves','[]','low',11,2,45,0,3,0,-3,1,12,44,70,55,1,0),(46,'Pukei Coil','pukei-coil','waist','[]','low',11,2,46,0,3,0,-3,1,12,44,70,56,1,0),(47,'Pukei Greaves','pukei-greaves','legs','[]','low',11,2,47,0,3,0,-3,1,12,44,70,57,1,0),(48,'Barroth Helm','barroth-helm','head','[]','low',12,2,48,-3,-1,-1,3,0,14,38,72,58,1,0),(49,'Barroth Mail','barroth-mail','chest','[]','low',12,2,49,-3,-1,-1,3,0,14,38,72,59,1,0),(50,'Barroth Vambraces','barroth-vambraces','gloves','[]','low',12,2,50,-3,-1,-1,3,0,14,38,72,60,1,0),(51,'Barroth Coil','barroth-coil','waist','[]','low',12,2,51,-3,-1,-1,3,0,14,38,72,61,1,0),(52,'Barroth Greaves','barroth-greaves','legs','[]','low',12,2,52,-3,-1,-1,3,0,14,38,72,62,1,0),(53,'Jyura Helm','jyura-helm','head','[]','low',13,2,53,-1,2,0,-3,0,14,46,72,63,1,0),(54,'Jyura Mail','jyura-mail','chest','[]','low',13,2,54,-1,2,0,-3,0,14,46,72,64,1,0),(55,'Jyura Vambraces','jyura-vambraces','gloves','[]','low',13,2,55,-1,2,0,-3,0,14,46,72,65,1,0),(56,'Jyura Coil','jyura-coil','waist','[]','low',13,2,56,-1,2,0,-3,0,14,46,72,66,1,0),(57,'Jyura Greaves','jyura-greaves','legs','[]','low',13,2,57,-1,2,0,-3,0,14,46,72,67,1,0),(58,'Kadachi Helm','kadachi-helm','head','[]','low',14,2,58,0,-3,0,3,0,16,48,74,68,1,0),(59,'Kadachi Mail','kadachi-mail','chest','[]','low',14,2,59,0,-3,0,3,0,16,48,74,69,1,0),(60,'Kadachi Vambraces','kadachi-vambraces','gloves','[]','low',14,2,60,0,-3,0,3,0,16,48,74,70,1,0),(61,'Kadachi Coil','kadachi-coil','waist','[]','low',14,2,61,0,-3,0,3,0,16,48,74,71,1,0),(62,'Kadachi Greaves','kadachi-greaves','legs','[]','low',14,2,62,0,-3,0,3,0,16,48,74,72,1,0),(63,'High Metal Helm','high-metal-helm','head','[]','low',15,3,63,0,-1,3,-2,0,18,46,70,73,1,0),(64,'High Metal Mail','high-metal-mail','chest','[]','low',15,3,64,0,-1,3,-2,0,18,46,70,74,1,0),(65,'High Metal Braces','high-metal-braces','gloves','[]','low',15,3,65,0,-1,3,-2,0,18,46,70,75,1,0),(66,'High Metal Coil','high-metal-coil','waist','[]','low',15,3,66,0,-1,3,-2,0,18,46,70,76,1,0),(67,'High Metal Greaves','high-metal-greaves','legs','[]','low',15,3,67,0,-1,3,-2,0,18,46,70,77,1,0),(68,'King Beetle Vertex','king-beetle-vertex','head','{\"requiredGender\":\"male\"}','low',16,3,68,-1,-1,0,2,2,22,50,74,78,1,0),(69,'King Beetle Thorax','king-beetle-thorax','chest','{\"requiredGender\":\"male\"}','low',16,3,69,-1,-1,0,2,2,22,50,74,79,1,0),(70,'King Beetle Brachia','king-beetle-brachia','gloves','{\"requiredGender\":\"male\"}','low',16,3,70,-1,-1,0,2,2,22,50,74,80,1,0),(71,'King Beetle Elytra','king-beetle-elytra','waist','{\"requiredGender\":\"male\"}','low',16,3,71,-1,-1,0,2,2,22,50,74,81,1,0),(72,'King Beetle Crura','king-beetle-crura','legs','{\"requiredGender\":\"male\"}','low',16,3,72,-1,-1,0,2,2,22,50,74,82,1,0),(73,'Butterfly Vertex','butterfly-vertex','head','{\"requiredGender\":\"female\"}','low',17,3,73,-1,-1,0,2,2,22,50,74,83,1,0),(74,'Butterfly Thorax','butterfly-thorax','chest','{\"requiredGender\":\"female\"}','low',17,3,74,-1,-1,0,2,2,22,50,74,84,1,0),(75,'Butterfly Brachia','butterfly-brachia','gloves','{\"requiredGender\":\"female\"}','low',17,3,75,-1,-1,0,2,2,22,50,74,85,1,0),(76,'Butterfly Elytra','butterfly-elytra','waist','{\"requiredGender\":\"female\"}','low',17,3,76,-1,-1,0,2,2,22,50,74,86,1,0),(77,'Butterfly Crura','butterfly-crura','legs','{\"requiredGender\":\"female\"}','low',17,3,77,-1,-1,0,2,2,22,50,74,87,1,0),(78,'Shamos Goggles','shamos-goggles','head','[]','low',18,3,78,2,2,-3,0,0,22,50,74,88,1,0),(79,'Hornetaur Helm','hornetaur-helm','head','[]','low',19,3,79,-1,-1,0,0,2,18,46,70,89,1,0),(80,'Hornetaur Mail','hornetaur-mail','chest','[]','low',19,3,80,-1,-1,0,0,2,18,46,70,90,1,0),(81,'Hornetaur Vambraces','hornetaur-vambraces','gloves','[]','low',19,3,81,-1,-1,0,0,2,18,46,70,91,1,0),(82,'Hornetaur Coil','hornetaur-coil','waist','[]','low',19,3,82,-1,-1,0,0,2,18,46,70,92,1,0),(83,'Hornetaur Greaves','hornetaur-greaves','legs','[]','low',19,3,83,-1,-1,0,0,2,18,46,70,93,1,0),(84,'Anja Helm','anja-helm','head','[]','low',20,3,84,3,-3,-1,-1,0,20,48,72,94,1,0),(85,'Anja Mail','anja-mail','chest','[]','low',20,3,85,3,-3,-1,-1,0,20,48,72,95,1,0),(86,'Anja Vambraces','anja-vambraces','gloves','[]','low',20,3,86,3,-3,-1,-1,0,20,48,72,96,1,0),(87,'Anja Coil','anja-coil','waist','[]','low',20,3,87,3,-3,-1,-1,0,20,48,72,97,1,0),(88,'Anja Greaves','anja-greaves','legs','[]','low',20,3,88,3,-3,-1,-1,0,20,48,72,98,1,0),(89,'Rathian Helm','rathian-helm','head','[]','low',21,3,89,2,0,0,-2,-3,22,50,74,99,1,0),(90,'Rathian Mail','rathian-mail','chest','[]','low',21,3,90,2,0,0,-2,-3,22,50,74,100,1,0),(91,'Rathian Vambraces','rathian-vambraces','gloves','[]','low',21,3,91,2,0,0,-2,-3,22,50,74,101,1,0),(92,'Rathian Coil','rathian-coil','waist','[]','low',21,3,92,2,0,0,-2,-3,22,50,74,102,1,0),(93,'Rathian Greaves','rathian-greaves','legs','[]','low',21,3,93,2,0,0,-2,-3,22,50,74,103,1,0),(94,'Tzitzi Headgear','tzitzi-headgear','head','[]','low',22,3,94,0,0,-2,-3,0,18,46,70,104,1,0),(95,'Tzitzi Mail','tzitzi-mail','chest','[]','low',22,3,95,0,0,-2,-3,0,18,46,70,105,1,0),(96,'Tzitzi Vambraces','tzitzi-vambraces','gloves','[]','low',22,3,96,0,0,-2,-3,0,18,46,70,106,1,0),(97,'Tzitzi Coil','tzitzi-coil','waist','[]','low',22,3,97,0,0,-2,-3,0,18,46,70,107,1,0),(98,'Tzitzi Greaves','tzitzi-greaves','legs','[]','low',22,3,98,0,0,-2,-3,0,18,46,70,108,1,0),(99,'Lumu Hat','lumu-hat','head','[]','low',23,3,99,-3,2,1,0,0,20,48,72,109,1,0),(100,'Lumu Mail','lumu-mail','chest','[]','low',23,3,100,-3,2,1,0,0,20,48,72,110,1,0),(101,'Lumu Vambraces','lumu-vambraces','gloves','[]','low',23,3,101,-3,2,1,0,0,20,48,72,111,1,0),(102,'Lumu Coil','lumu-coil','waist','[]','low',23,3,102,-3,2,1,0,0,20,48,72,112,1,0),(103,'Lumu Greaves','lumu-greaves','legs','[]','low',23,3,103,-3,2,1,0,0,20,48,72,113,1,0),(104,'Girros Mask','girros-mask','head','[]','low',24,3,104,0,-3,0,2,1,20,48,72,114,1,0),(105,'Girros Mail','girros-mail','chest','[]','low',24,3,105,0,-3,0,2,1,20,48,72,115,1,0),(106,'Girros Vambraces','girros-vambraces','gloves','[]','low',24,3,106,0,-3,0,2,1,20,48,72,116,1,0),(107,'Girros Coil','girros-coil','waist','[]','low',24,3,107,0,-3,0,2,1,20,48,72,117,1,0),(108,'Girros Greaves','girros-greaves','legs','[]','low',24,3,108,0,-3,0,2,1,20,48,72,118,1,0),(109,'Baan Helm','baan-helm','head','[]','low',25,3,109,0,2,-1,0,-2,24,52,76,119,1,0),(110,'Baan Mail','baan-mail','chest','[]','low',25,3,110,0,2,-1,0,-2,24,52,76,120,1,0),(111,'Baan Vambraces','baan-vambraces','gloves','[]','low',25,3,111,0,2,-1,0,-2,24,52,76,121,1,0),(112,'Baan Coil','baan-coil','waist','[]','low',25,3,112,0,2,-1,0,-2,24,52,76,122,1,0),(113,'Baan Greaves','baan-greaves','legs','[]','low',25,3,113,0,2,-1,0,-2,24,52,76,123,1,0),(114,'Ingot Helm','ingot-helm','head','[]','low',26,4,114,-2,0,-1,3,0,28,52,72,124,1,0),(115,'Ingot Mail','ingot-mail','chest','[]','low',26,4,115,-2,0,-1,3,0,28,52,72,125,1,0),(116,'Ingot Vambraces','ingot-vambraces','gloves','[]','low',26,4,116,-2,0,-1,3,0,28,52,72,126,1,0),(117,'Ingot Coil','ingot-coil','waist','[]','low',26,4,117,-2,0,-1,3,0,28,52,72,127,1,0),(118,'Ingot Greaves','ingot-greaves','legs','[]','low',26,4,118,-2,0,-1,3,0,28,52,72,128,1,0),(119,'Death Stench Brain','death-stench-brain','head','[]','low',27,4,119,3,2,3,-2,-4,32,56,76,129,1,0),(120,'Death Stench Muscle','death-stench-muscle','chest','[]','low',27,4,120,3,2,3,-2,-4,32,56,76,130,1,0),(121,'Death Stench Grip','death-stench-grip','gloves','[]','low',27,4,121,3,2,3,-2,-4,32,56,76,131,1,0),(122,'Death Stench Bowels','death-stench-bowels','waist','[]','low',27,4,122,3,2,3,-2,-4,32,56,76,132,1,0),(123,'Death Stench Heels','death-stench-heels','legs','[]','low',27,4,123,3,2,3,-2,-4,32,56,76,133,1,0),(124,'Brigade Lobos','brigade-lobos','head','[]','low',28,4,124,1,0,0,2,2,28,52,72,134,1,0),(125,'Brigade Suit','brigade-suit','chest','[]','low',28,4,125,1,0,0,2,2,28,52,72,135,1,0),(126,'Brigade Vambraces','brigade-vambraces','gloves','[]','low',28,4,126,1,0,0,2,2,28,52,72,136,1,0),(127,'Brigade Coil','brigade-coil','waist','[]','low',28,4,127,1,0,0,2,2,28,52,72,137,1,0),(128,'Brigade Boots','brigade-boots','legs','[]','low',28,4,128,1,0,0,2,2,28,52,72,138,1,0),(129,'Legiana Helm','legiana-helm','head','[]','low',29,4,129,-1,2,3,-3,0,30,54,74,139,1,0),(130,'Legiana Mail','legiana-mail','chest','[]','low',29,4,130,-1,2,3,-3,0,30,54,74,140,1,0),(131,'Legiana Vambraces','legiana-vambraces','gloves','[]','low',29,4,131,-1,2,3,-3,0,30,54,74,141,1,0),(132,'Legiana Coil','legiana-coil','waist','[]','low',29,4,132,-1,2,3,-3,0,30,54,74,142,1,0),(133,'Legiana Greaves','legiana-greaves','legs','[]','low',29,4,133,-1,2,3,-3,0,30,54,74,143,1,0),(134,'Odogaron Helm','odogaron-helm','head','[]','low',30,4,134,2,2,-3,-2,0,30,54,74,144,1,0),(135,'Odogaron Mail','odogaron-mail','chest','[]','low',30,4,135,2,2,-3,-2,0,30,54,74,145,1,0),(136,'Odogaron Vambraces','odogaron-vambraces','gloves','[]','low',30,4,136,2,2,-3,-2,0,30,54,74,146,1,0),(137,'Odogaron Coil','odogaron-coil','waist','[]','low',30,4,137,2,2,-3,-2,0,30,54,74,147,1,0),(138,'Odogaron Greaves','odogaron-greaves','legs','[]','low',30,4,138,2,2,-3,-2,0,30,54,74,148,1,0),(139,'Rathalos Helm','rathalos-helm','head','[]','low',31,4,139,3,1,1,-2,-3,30,54,74,149,1,0),(140,'Rathalos Mail','rathalos-mail','chest','[]','low',31,4,140,3,1,1,-2,-3,30,54,74,150,1,0),(141,'Rathalos Vambraces','rathalos-vambraces','gloves','[]','low',31,4,141,3,1,1,-2,-3,30,54,74,151,1,0),(142,'Rathalos Coil','rathalos-coil','waist','[]','low',31,4,142,3,1,1,-2,-3,30,54,74,152,1,0),(143,'Rathalos Greaves','rathalos-greaves','legs','[]','low',31,4,143,3,1,1,-2,-3,30,54,74,153,1,0),(144,'Diablos Helm','diablos-helm','head','[]','low',32,4,144,3,-2,-3,0,2,32,56,76,154,1,0),(145,'Diablos Mail','diablos-mail','chest','[]','low',32,4,145,3,-2,-3,0,2,32,56,76,155,1,0),(146,'Diablos Vambraces','diablos-vambraces','gloves','[]','low',32,4,146,3,-2,-3,0,2,32,56,76,156,1,0),(147,'Diablos Coil','diablos-coil','waist','[]','low',32,4,147,3,-2,-3,0,2,32,56,76,157,1,0),(148,'Diablos Greaves','diablos-greaves','legs','[]','low',32,4,148,3,-2,-3,0,2,32,56,76,158,1,0),(149,'Kirin Horn','kirin-horn','head','[]','low',33,4,149,-3,-2,-2,4,3,34,58,78,159,1,0),(150,'Kirin Jacket','kirin-jacket','chest','[]','low',33,4,150,-3,-2,-2,4,3,34,58,78,160,1,0),(151,'Kirin Longarms','kirin-longarms','gloves','[]','low',33,4,151,-3,-2,-2,4,3,34,58,78,161,1,0),(152,'Kirin Hoop','kirin-hoop','waist','[]','low',33,4,152,-3,-2,-2,4,3,34,58,78,162,1,0),(153,'Kirin Leg Guards','kirin-leg-guards','gloves','[]','low',33,4,153,-3,-2,-2,4,3,34,58,78,163,1,0),(154,'Leather Headgear Alpha','leather-headgear-alpha','head','[]','high',34,5,154,2,0,0,0,0,32,54,70,174,1,0),(155,'Leather Mail Alpha','leather-mail-alpha','chest','[]','high',34,5,155,2,0,0,0,0,32,54,70,175,1,0),(156,'Leather Gloves Alpha','leather-gloves-alpha','gloves','[]','high',34,5,156,2,0,0,0,0,32,54,70,176,1,0),(157,'Leather Belt Alpha','leather-belt-alpha','waist','[]','high',34,5,157,2,0,0,0,0,32,54,70,177,1,0),(158,'Leather Trousers Alpha','leather-trousers-alpha','legs','[]','high',34,5,158,2,0,0,0,0,32,54,70,178,1,0),(159,'Leather Headgear Beta','leather-headgear-beta','head','[]','high',35,5,159,2,0,0,0,0,32,54,70,179,1,1),(160,'Leather Mail Beta','leather-mail-beta','chest','[]','high',35,5,160,2,0,0,0,0,32,54,70,180,0,1),(161,'Leather Gloves Beta','leather-gloves-beta','gloves','[]','high',35,5,161,2,0,0,0,0,32,54,70,181,0,1),(162,'Leather Belt Beta','leather-belt-beta','waist','[]','high',35,5,162,2,0,0,0,0,32,54,70,182,0,1),(163,'Leather Trousers Beta','leather-trousers-beta','legs','[]','high',35,5,163,2,0,0,0,0,32,54,70,183,0,1),(164,'Chainmail Headgear Alpha','chainmail-headgear-alpha','head','[]','high',36,5,164,0,2,0,0,0,32,54,70,184,2,0),(165,'Chainmail Armor Alpha','chainmail-armor-alpha','chest','[]','high',36,5,165,0,2,0,0,0,32,54,70,185,1,0),(166,'Chainmail Gloves Alpha','chainmail-gloves-alpha','gloves','[]','high',36,5,166,0,2,0,0,0,32,54,70,186,1,0),(167,'Chainmail Belt Alpha','chainmail-belt-alpha','waist','[]','high',36,5,167,0,2,0,0,0,32,54,70,187,1,0),(168,'Chainmail Trousers Alpha','chainmail-trousers-alpha','legs','[]','high',36,5,168,0,2,0,0,0,32,54,70,188,1,0),(169,'Chainmail Headgear Beta','chainmail-headgear-beta','head','[]','high',37,5,169,0,2,0,0,0,32,54,70,189,1,1),(170,'Chainmail Armor Beta','chainmail-armor-beta','chest','[]','high',37,5,170,0,2,0,0,0,32,54,70,190,0,1),(171,'Chainmail Gloves Beta','chainmail-gloves-beta','gloves','[]','high',37,5,171,0,2,0,0,0,32,54,70,191,0,1),(172,'Chainmail Belt Beta','chainmail-belt-beta','waist','[]','high',37,5,172,0,2,0,0,0,32,54,70,192,0,1),(173,'Chainmail Trousers Beta','chainmail-trousers-beta','legs','[]','high',37,5,173,0,2,0,0,0,32,54,70,193,0,1),(174,'Hunter\'s Headgear Alpha','hunters-headgear-alpha','head','[]','high',38,5,174,2,2,0,0,0,36,58,74,194,2,0),(175,'Hunter\'s Mail Alpha','hunters-mail-alpha','chest','[]','high',38,5,175,2,2,0,0,0,36,58,74,195,1,0),(176,'Hunter\'s Vambraces Alpha','hunters-vambraces-alpha','gloves','[]','high',38,5,176,2,2,0,0,0,36,58,74,196,1,0),(177,'Hunter\'s Coil Alpha','hunters-coil-alpha','waist','[]','high',38,5,177,2,2,0,0,0,36,58,74,197,2,0),(178,'Hunter\'s Greaves Alpha','hunters-greaves-alpha','legs','[]','high',38,5,178,2,2,0,0,0,36,58,74,198,2,0),(179,'Hunter\'s Headgear Beta','hunters-headgear-beta','head','[]','high',39,5,179,2,2,0,0,0,36,58,74,199,1,1),(180,'Hunter\'s Mail Beta','hunters-mail-beta','chest','[]','high',39,5,180,2,2,0,0,0,36,58,74,200,1,1),(181,'Hunter\'s Vambraces Beta','hunters-vambraces-beta','gloves','[]','high',39,5,181,2,2,0,0,0,36,58,74,201,1,1),(182,'Hunter\'s Coil Beta','hunters-coil-beta','waist','[]','high',39,5,182,2,2,0,0,0,36,58,74,202,1,1),(183,'Hunter\'s Greaves Beta','hunters-greaves-beta','legs','[]','high',39,5,183,2,2,0,0,0,36,58,74,203,1,1),(184,'Bone Helm Alpha','bone-helm-alpha','head','[]','high',40,5,184,2,0,0,2,2,36,58,74,204,2,0),(185,'Bone Mail Alpha','bone-mail-alpha','chest','[]','high',40,5,185,2,0,0,2,2,36,58,74,205,1,0),(186,'Bone Vambraces Alpha','bone-vambraces-alpha','gloves','[]','high',40,5,186,2,0,0,2,2,36,58,74,206,2,0),(187,'Bone Coil Alpha','bone-coil-alpha','waist','[]','high',40,5,187,2,0,0,2,2,36,58,74,207,2,0),(188,'Bone Greaves Alpha','bone-greaves-alpha','legs','[]','high',40,5,188,2,0,0,2,2,36,58,74,208,1,0),(189,'Bone Helm Beta','bone-helm-beta','head','[]','high',41,5,189,2,0,0,2,2,36,58,74,209,1,1),(190,'Bone Mail Beta','bone-mail-beta','chest','[]','high',41,5,190,2,0,0,2,2,36,58,74,210,1,1),(191,'Bone Vambraces Beta','bone-vambraces-beta','gloves','[]','high',41,5,191,2,0,0,2,2,36,58,74,211,1,1),(192,'Bone Coil Beta','bone-coil-beta','waist','[]','high',41,5,192,2,0,0,2,2,36,58,74,212,1,1),(193,'Bone Greaves Beta','bone-greaves-beta','legs','[]','high',41,5,193,2,0,0,2,2,36,58,74,213,1,1),(194,'Alloy Helm Alpha','alloy-helm-alpha','head','[]','high',42,5,194,-2,0,-2,-2,0,36,58,74,214,2,0),(195,'Alloy Mail Alpha','alloy-mail-alpha','chest','[]','high',42,5,195,-2,0,-2,-2,0,36,58,74,215,1,0),(196,'Alloy Vambraces Alpha','alloy-vambraces-alpha','gloves','[]','high',42,5,196,-2,0,-2,-2,0,36,58,74,216,2,0),(197,'Alloy Coil Alpha','alloy-coil-alpha','waist','[]','high',42,5,197,-2,0,-2,-2,0,36,58,74,217,2,0),(198,'Alloy Greaves Alpha','alloy-greaves-alpha','legs','[]','high',42,5,198,-2,0,-2,-2,0,36,58,74,218,1,0),(199,'Alloy Helm Beta','alloy-helm-beta','head','[]','high',43,5,199,-2,0,-2,-2,0,36,58,74,219,1,1),(200,'Alloy Mail Beta','alloy-mail-beta','chest','[]','high',43,5,200,-2,0,-2,-2,0,36,58,74,220,1,1),(201,'Alloy Vambraces Beta','alloy-vambraces-beta','gloves','[]','high',43,5,201,-2,0,-2,-2,0,36,58,74,221,1,1),(202,'Alloy Coil Beta','alloy-coil-beta','waist','[]','high',43,5,202,-2,0,-2,-2,0,36,58,74,222,1,1),(203,'Alloy Greaves Beta','alloy-greaves-beta','legs','[]','high',43,5,203,-2,0,-2,-2,0,36,58,74,223,1,1),(204,'King Beetle Vertex Alpha','king-beetle-vertex-alpha','head','{\"requiredGender\":\"male\"}','high',44,5,204,-1,-1,0,2,2,42,64,80,224,2,0),(205,'King Beetle Thorax Alpha','king-beetle-thorax-alpha','chest','{\"requiredGender\":\"male\"}','high',44,5,205,-1,-1,0,2,2,42,64,80,225,2,0),(206,'King Beetle Brachia Alpha','king-beetle-brachia-alpha','gloves','{\"requiredGender\":\"male\"}','high',44,5,206,-1,-1,0,2,2,42,64,80,226,2,1),(207,'King Beetle Elytra Alpha','king-beetle-elytra-alpha','waist','{\"requiredGender\":\"male\"}','high',44,5,207,-1,-1,0,2,2,42,64,80,227,2,1),(208,'King Beetle Crura Alpha','king-beetle-crura-alpha','legs','{\"requiredGender\":\"male\"}','high',44,5,208,-1,-1,0,2,2,42,64,80,228,2,1),(209,'King Beetle Vertex Beta','king-beetle-vertex-beta','head','{\"requiredGender\":\"male\"}','high',45,5,209,-1,-1,0,2,2,42,64,80,229,1,1),(210,'King Beetle Thorax Beta','king-beetle-thorax-beta','chest','{\"requiredGender\":\"male\"}','high',45,5,210,-1,-1,0,2,2,42,64,80,230,1,1),(211,'King Beetle Brachia Beta','king-beetle-brachia-beta','gloves','{\"requiredGender\":\"male\"}','high',45,5,211,-1,-1,0,2,2,42,64,80,231,1,2),(212,'King Beetle Elytra Beta','king-beetle-elytra-beta','waist','{\"requiredGender\":\"male\"}','high',45,5,212,-1,-1,0,2,2,42,64,80,232,1,2),(213,'King Beetle Crura Beta','king-beetle-crura-beta','legs','{\"requiredGender\":\"male\"}','high',45,5,213,-1,-1,0,2,2,42,64,80,233,1,2),(214,'Butterfly Vertex Alpha','butterfly-vertex-alpha','head','{\"requiredGender\":\"female\"}','high',46,5,214,-1,-1,0,2,2,42,64,80,234,2,0),(215,'Butterfly Thorax Alpha','butterfly-thorax-alpha','chest','{\"requiredGender\":\"female\"}','high',46,5,215,-1,-1,0,2,2,42,64,80,235,2,0),(216,'Butterfly Brachia Alpha','butterfly-brachia-alpha','gloves','{\"requiredGender\":\"female\"}','high',46,5,216,-1,-1,0,2,2,42,64,80,236,2,0),(217,'Butterfly Elytra Alpha','butterfly-elytra-alpha','waist','{\"requiredGender\":\"female\"}','high',46,5,217,-1,-1,0,2,2,42,64,80,237,2,0),(218,'Butterfly Crura Alpha','butterfly-crura-alpha','legs','{\"requiredGender\":\"female\"}','high',46,5,218,-1,-1,0,2,2,42,64,80,238,2,0),(219,'Butterfly Vertex Beta','butterfly-vertex-beta','head','{\"requiredGender\":\"female\"}','high',47,5,219,-1,-1,0,2,2,42,64,80,239,1,1),(220,'Butterfly Thorax Beta','butterfly-thorax-beta','chest','{\"requiredGender\":\"female\"}','high',47,5,220,-1,-1,0,2,2,42,64,80,240,1,1),(221,'Butterfly Brachia Beta','butterfly-brachia-beta','gloves','{\"requiredGender\":\"female\"}','high',47,5,221,-1,-1,0,2,2,42,64,80,241,1,2),(222,'Butterfly Elytra Beta','butterfly-elytra-beta','waist','{\"requiredGender\":\"female\"}','high',47,5,222,-1,-1,0,2,2,42,64,80,242,1,2),(223,'Butterfly Crura Beta','butterfly-crura-beta','legs','{\"requiredGender\":\"female\"}','high',47,5,223,-1,-1,0,2,2,42,64,80,243,1,2),(224,'Vespoid Helm Alpha','vespoid-helm-alpha','head','[]','high',48,5,224,-2,1,1,1,2,38,60,76,244,2,0),(225,'Vespoid Mail Alpha','vespoid-mail-alpha','chest','[]','high',48,5,225,-2,1,1,1,2,38,60,76,245,1,0),(226,'Vespoid Vambraces Alpha','vespoid-vambraces-alpha','gloves','[]','high',48,5,226,-2,1,1,1,2,38,60,76,246,1,0),(227,'Vespoid Coil Alpha','vespoid-coil-alpha','waist','[]','high',48,5,227,-2,1,1,1,2,38,60,76,247,1,0),(228,'Vespoid Greaves Alpha','vespoid-greaves-alpha','legs','[]','high',48,5,228,-2,1,1,1,2,38,60,76,248,2,0),(229,'Vespoid Helm Beta','vespoid-helm-beta','head','[]','high',49,5,229,-2,1,1,1,2,38,60,76,249,1,1),(230,'Vespoid Mail Beta','vespoid-mail-beta','chest','[]','high',49,5,230,-2,1,1,1,2,38,60,76,250,1,1),(231,'Vespoid Vambraces Beta','vespoid-vambraces-beta','gloves','[]','high',49,5,231,-2,1,1,1,2,38,60,76,251,1,1),(232,'Vespoid Coil Beta','vespoid-coil-beta','waist','[]','high',49,5,232,-2,1,1,1,2,38,60,76,252,1,1),(233,'Vespoid Greaves Beta','vespoid-greaves-beta','legs','[]','high',49,5,233,-2,1,1,1,2,38,60,76,253,1,1),(234,'Hornetaur Helm Alpha','hornetaur-helm-alpha','head','[]','high',50,5,234,-1,-1,0,0,2,38,60,76,254,2,0),(235,'Hornetaur Mail Alpha','hornetaur-mail-alpha','chest','[]','high',50,5,235,-1,-1,0,0,2,38,60,76,255,2,0),(236,'Hornetaur Vambraces Alpha','hornetaur-vambraces-alpha','gloves','[]','high',50,5,236,-1,-1,0,0,2,38,60,76,256,2,0),(237,'Hornetaur Coil Alpha','hornetaur-coil-alpha','waist','[]','high',50,5,237,-1,-1,0,0,2,38,60,76,257,2,0),(238,'Hornetaur Greaves Alpha','hornetaur-greaves-alpha','legs','[]','high',50,5,238,-1,-1,0,0,2,38,60,76,258,2,0),(239,'Hornetaur Helm Beta','hornetaur-helm-beta','head','[]','high',51,5,239,-1,-1,0,0,2,38,60,76,259,1,1),(240,'Hornetaur Mail Beta','hornetaur-mail-beta','chest','[]','high',51,5,240,-1,-1,0,0,2,38,60,76,260,1,1),(241,'Hornetaur Vambraces Beta','hornetaur-vambraces-beta','gloves','[]','high',51,5,241,-1,-1,0,0,2,38,60,76,261,1,1),(242,'Hornetaur Coil Beta','hornetaur-coil-beta','waist','[]','high',51,5,242,-1,-1,0,0,2,38,60,76,262,1,1),(243,'Hornetaur Greaves Beta','hornetaur-greaves-beta','legs','[]','high',51,5,243,-1,-1,0,0,2,38,60,76,263,1,1),(244,'Mosswine Mask Alpha','mossswine-mask-alpha','head','[]','high',52,5,244,2,2,2,2,2,40,62,78,264,1,0),(245,'Kestodon Guards Alpha','kestodon-guards-alpha','gloves','[]','high',53,5,245,4,0,0,0,0,40,62,78,265,2,0),(246,'Kestodon Guards Beta','kestodon-guards-beta','gloves','[]','high',54,5,246,4,0,0,0,0,40,62,78,266,1,1),(247,'Gajau Boots Alpha','gajau-boots-alpha','legs','[]','high',55,5,247,0,5,0,0,0,40,62,78,267,2,0),(248,'Gajau Boots Beta','gajau-boots-beta','legs','[]','high',56,5,248,0,5,0,0,0,40,62,78,268,2,1),(249,'Shamos Goggles Alpha','shamos-goggles-alpha','head','[]','high',57,5,249,2,2,-3,0,0,40,62,78,269,2,0),(250,'Shamos Goggles Beta','shamos-goggles-beta','head','[]','high',58,5,250,2,2,-3,0,0,40,62,78,270,1,1),(251,'Jagras Helm Alpha','jagras-helm-alpha','head','[]','high',59,5,251,-2,2,-1,-1,1,40,62,78,271,1,0),(252,'Jagras Mail Alpha','jagras-mail-alpha','chest','[]','high',59,5,252,-2,2,-1,-1,1,40,62,78,272,1,0),(253,'Jagras Vambraces Alpha','jagras-vambraces-alpha','gloves','[]','high',59,5,253,-2,2,-1,-1,1,40,62,78,273,2,0),(254,'Jagras Coil Alpha','jagras-coil-alpha','waist','[]','high',59,5,254,-2,2,-1,-1,1,40,62,78,274,2,0),(255,'Jagras Greaves Alpha','jagras-greaves-alpha','legs','[]','high',59,5,255,-2,2,-1,-1,1,40,62,78,275,2,0),(256,'Jagras Helm Beta','jagras-helm-beta','head','[]','high',60,5,256,-2,2,-1,-1,1,40,62,78,276,1,1),(257,'Jagras Mail Beta','jagras-mail-beta','chest','[]','high',60,5,257,-2,2,-1,-1,1,40,62,78,277,1,1),(258,'Jagras Vambraces Beta','jagras-vambraces-beta','gloves','[]','high',60,5,258,-2,2,-1,-1,1,40,62,78,278,1,1),(259,'Jagras Coil Beta','jagras-coil-beta','waist','[]','high',60,5,259,-2,2,-1,-1,1,40,62,78,279,1,1),(260,'Jagras Greaves Beta','jagras-greaves-beta','legs','[]','high',60,5,260,-2,2,-1,-1,1,40,62,78,280,1,1),(261,'Kulu Headpiece Alpha','kulu-headpiece-alpha','head','[]','high',61,5,261,0,-3,1,0,0,40,62,78,281,2,0),(262,'Kulu Mail Alpha','kulu-mail-alpha','chest','[]','high',61,5,262,0,-3,1,0,0,40,62,78,282,2,0),(263,'Kulu Vambraces Alpha','kulu-vambraces-alpha','gloves','[]','high',61,5,263,0,-3,1,0,0,40,62,78,283,2,0),(264,'Kulu Coil Alpha','kulu-coil-alpha','waist','[]','high',61,5,264,0,-3,1,0,0,40,62,78,284,1,0),(265,'Kulu Greaves Alpha','kulu-greaves-alpha','legs','[]','high',61,5,265,0,-3,1,0,0,40,62,78,285,2,0),(266,'Kulu Headpiece Beta','kulu-headpiece-beta','head','[]','high',62,5,266,0,-3,1,0,0,40,62,78,286,1,2),(267,'Kulu Mail Beta','kulu-mail-beta','chest','[]','high',62,5,267,0,-3,1,0,0,40,62,78,287,1,1),(268,'Kulu Vambraces Beta','kulu-vambraces-beta','gloves','[]','high',62,5,268,0,-3,1,0,0,40,62,78,288,1,1),(269,'Kulu Coil Beta','kulu-coil-beta','waist','[]','high',62,5,269,0,-3,1,0,0,40,62,78,289,1,1),(270,'Kulu Greaves Beta','kulu-greaves-beta','legs','[]','high',62,5,270,0,-3,1,0,0,40,62,78,290,1,1),(271,'Tzitzi Headgear Alpha','tzitzi-headgear-alpha','head','[]','high',63,5,271,0,0,-2,-3,0,40,62,78,291,2,0),(272,'Tzitzi Mail Alpha','tzitzi-mail-alpha','chest','[]','high',63,5,272,0,0,-2,-3,0,40,62,78,292,2,0),(273,'Tzitzi Vambraces Alpha','tzitzi-vambraces-alpha','gloves','[]','high',63,5,273,0,0,-2,-3,0,40,62,78,293,2,0),(274,'Tzitzi Coil Alpha','tzitzi-coil-alpha','waist','[]','high',63,5,274,0,0,-2,-3,0,40,62,78,294,2,0),(275,'Tzitzi Greaves Alpha','tzitzi-greaves-alpha','legs','[]','high',63,5,275,0,0,-2,-3,0,40,62,78,295,1,0),(276,'Tzitzi Headgear Beta','tzitzi-headgear-beta','head','[]','high',64,5,276,0,0,-2,-3,0,40,62,78,296,1,1),(277,'Tzitzi Mail Beta','tzitzi-mail-beta','chest','[]','high',64,5,277,0,0,-2,-3,0,40,62,78,297,1,2),(278,'Tzitzi Vambraces Beta','tzitzi-vambraces-beta','gloves','[]','high',64,5,278,0,0,-2,-3,0,40,62,78,298,1,1),(279,'Tzitzi Coil Beta','tzitzi-coil-beta','waist','[]','high',64,5,279,0,0,-2,-3,0,40,62,78,299,1,1),(280,'Tzitzi Greaves Beta','tzitzi-greaves-beta','legs','[]','high',64,5,280,0,0,-2,-3,0,40,62,78,300,1,1),(281,'Girros Mask Alpha','girros-mask-alpha','head','[]','high',65,5,281,0,-3,0,2,1,40,62,78,301,2,0),(282,'Girros Mail Alpha','girros-mail-alpha','chest','[]','high',65,5,282,0,-3,0,2,1,40,62,78,302,1,0),(283,'Girros Vambraces Alpha','girros-vambraces-alpha','gloves','[]','high',65,5,283,0,-3,0,2,1,40,62,78,303,1,0),(284,'Girros Coil Alpha','girros-coil-alpha','waist','[]','high',65,5,284,0,-3,0,2,1,40,62,78,304,2,0),(285,'Girros Greaves Alpha','girros-greaves-alpha','legs','[]','high',65,5,285,0,-3,0,2,1,40,62,78,305,1,0),(286,'Girros Mask Beta','girros-mask-beta','head','[]','high',66,5,286,0,-3,0,2,1,40,62,78,306,1,1),(287,'Girros Mail Beta','girros-mail-beta','chest','[]','high',66,5,287,0,-3,0,2,1,40,62,78,307,1,1),(288,'Girros Vambraces Beta','girros-vambraces-beta','gloves','[]','high',66,5,288,0,-3,0,2,1,40,62,78,308,1,1),(289,'Girros Coil Beta','girros-coil-beta','waist','[]','high',66,5,289,0,-3,0,2,1,40,62,78,309,1,1),(290,'Girros Greaves Beta','girros-greaves-beta','legs','[]','high',66,5,290,0,-3,0,2,1,40,62,78,310,1,1),(291,'Pukei Hood Alpha','pukei-hood-alpha','head','[]','high',67,5,291,0,3,0,-3,1,42,64,80,311,1,0),(292,'Pukei Mail Alpha','pukei-mail-alpha','chest','[]','high',67,5,292,0,3,0,-3,1,42,64,80,312,2,0),(293,'Pukei Vambraces Alpha','pukei-vambraces-alpha','gloves','[]','high',67,5,293,0,3,0,-3,1,42,64,80,313,2,0),(294,'Pukei Coil Alpha','pukei-coil-alpha','waist','[]','high',67,5,294,0,3,0,-3,1,42,64,80,314,1,0),(295,'Pukei Greaves Alpha','pukei-greaves-alpha','legs','[]','high',67,5,295,0,3,0,-3,1,42,64,80,315,2,0),(296,'Pukei Hood Beta','pukei-hood-beta','head','[]','high',68,5,296,0,3,0,-3,1,42,64,80,316,1,2),(297,'Pukei Mail Beta','pukei-mail-beta','chest','[]','high',68,5,297,0,3,0,-3,1,42,64,80,317,1,1),(298,'Pukei Vambraces Beta','pukei-vambraces-beta','gloves','[]','high',68,5,298,0,3,0,-3,1,42,64,80,318,1,2),(299,'Pukei Coil Beta','pukei-coil-beta','waist','[]','high',68,5,299,0,3,0,-3,1,42,64,80,319,1,1),(300,'Pukei Greaves Beta','pukei-greaves-beta','legs','[]','high',68,5,300,0,3,0,-3,1,42,64,80,320,1,1),(301,'Barroth Helm Alpha','barroth-helm-alpha','head','[]','high',69,5,301,-3,-1,-1,3,0,42,64,80,321,1,0),(302,'Barroth Mail Alpha','barroth-mail-alpha','chest','[]','high',69,5,302,-3,-1,-1,3,0,42,64,80,322,1,0),(303,'Barroth Vambraces Alpha','barroth-vambraces-alpha','gloves','[]','high',69,5,303,-3,-1,-1,3,0,42,64,80,323,2,0),(304,'Barroth Coil Alpha','barroth-coil-alpha','waist','[]','high',69,5,304,-3,-1,-1,3,0,42,64,80,324,2,0),(305,'Barroth Greaves Alpha','barroth-greaves-alpha','legs','[]','high',69,5,305,-3,-1,-1,3,0,42,64,80,325,2,0),(306,'Barroth Helm Beta','barroth-helm-beta','head','[]','high',70,5,306,-3,-1,-1,3,0,42,64,80,326,1,1),(307,'Barroth Mail Beta','barroth-mail-beta','chest','[]','high',70,5,307,-3,-1,-1,3,0,42,64,80,327,1,1),(308,'Barroth Vambraces Beta','barroth-vambraces-beta','gloves','[]','high',70,5,308,-3,-1,-1,3,0,42,64,80,328,1,1),(309,'Barroth Coil Beta','barroth-coil-beta','waist','[]','high',70,5,309,-3,-1,-1,3,0,42,64,80,329,1,1),(310,'Barroth Greaves Beta','barroth-greaves-beta','legs','[]','high',70,5,310,-3,-1,-1,3,0,42,64,80,330,1,2),(311,'Anja Helm Alpha','anja-helm-alpha','head','[]','high',71,5,311,3,-3,-1,-1,0,44,66,82,331,2,0),(312,'Anja Mail Alpha','anja-mail-alpha','chest','[]','high',71,5,312,3,-3,-1,-1,0,44,66,82,332,2,0),(313,'Anja Vambraces Alpha','anja-vambraces-alpha','gloves','[]','high',71,5,313,3,-3,-1,-1,0,44,66,82,333,2,0),(314,'Anja Coil Alpha','anja-coil-alpha','waist','[]','high',71,5,314,3,-3,-1,-1,0,44,66,82,334,2,0),(315,'Anja Greaves Alpha','anja-greaves-alpha','legs','[]','high',71,5,315,3,-3,-1,-1,0,44,66,82,335,1,0),(316,'Anja Helm Beta','anja-helm-beta','head','[]','high',72,5,316,3,-3,-1,-1,0,44,66,82,336,1,1),(317,'Anja Mail Beta','anja-mail-beta','chest','[]','high',72,5,317,3,-3,-1,-1,0,44,66,82,337,1,2),(318,'Anja Vambraces Beta','anja-vambraces-beta','gloves','[]','high',72,5,318,3,-3,-1,-1,0,44,66,82,338,1,1),(319,'Anja Coil Beta','anja-coil-beta','waist','[]','high',72,5,319,3,-3,-1,-1,0,44,66,82,339,1,1),(320,'Anja Greaves Beta','anja-greaves-beta','legs','[]','high',72,5,320,3,-3,-1,-1,0,44,66,82,340,1,1),(321,'Jyura Helm Alpha','jyura-helm-alpha','head','[]','high',73,5,321,-1,2,0,-3,0,44,66,82,341,1,0),(322,'Jyura Mail Alpha','jyura-mail-alpha','chest','[]','high',73,5,322,-1,2,0,-3,0,44,66,82,342,2,0),(323,'Jyura Vambraces Alpha','jyura-vambraces-alpha','gloves','[]','high',73,5,323,-1,2,0,-3,0,44,66,82,343,2,0),(324,'Jyura Coil Alpha','jyura-coil-alpha','waist','[]','high',73,5,324,-1,2,0,-3,0,44,66,82,344,1,0),(325,'Jyura Greaves Alpha','jyura-greaves-alpha','legs','[]','high',73,5,325,-1,2,0,-3,0,44,66,82,345,1,0),(326,'Jyura Helm Beta','jyura-helm-beta','head','[]','high',74,5,326,-1,2,0,-3,0,44,66,82,346,1,1),(327,'Jyura Mail Beta','jyura-mail-beta','chest','[]','high',74,5,327,-1,2,0,-3,0,44,66,82,347,1,1),(328,'Jyura Vambraces Beta','jyura-vambraces-beta','gloves','[]','high',74,5,328,-1,2,0,-3,0,44,66,82,348,1,1),(329,'Jyura Coil Beta','jyura-coil-beta','waist','[]','high',74,5,329,-1,2,0,-3,0,44,66,82,349,1,1),(330,'Jyura Greaves Beta','jyura-greaves-beta','legs','[]','high',74,5,330,-1,2,0,-3,0,44,66,82,350,1,1),(331,'Kadachi Helm Alpha','kadachi-helm-alpha','head','[]','high',75,5,331,0,-3,0,3,0,44,66,82,351,1,0),(332,'Kadachi Mail Alpha','kadachi-mail-alpha','chest','[]','high',75,5,332,0,-3,0,3,0,44,66,82,352,2,0),(333,'Kadachi Vambraces Alpha','kadachi-vambraces-alpha','gloves','[]','high',75,5,333,0,-3,0,3,0,44,66,82,353,1,0),(334,'Kadachi Coil Alpha','kadachi-coil-alpha','waist','[]','high',75,5,334,0,-3,0,3,0,44,66,82,354,2,0),(335,'Kadachi Greaves Alpha','kadachi-greaves-alpha','legs','[]','high',75,5,335,0,-3,0,3,0,44,66,82,355,2,0),(336,'Kadachi Helm Beta','kadachi-helm-beta','head','[]','high',76,5,336,0,-3,0,3,0,44,66,82,356,1,1),(337,'Kadachi Mail Beta','kadachi-mail-beta','chest','[]','high',76,5,337,0,-3,0,3,0,44,66,82,357,1,1),(338,'Kadachi Vambraces Beta','kadachi-vambraces-beta','gloves','[]','high',76,5,338,0,-3,0,3,0,44,66,82,358,1,1),(339,'Kadachi Coil Beta','kadachi-coil-beta','waist','[]','high',76,5,339,0,-3,0,3,0,44,66,82,359,1,2),(340,'Kadachi Greaves Beta','kadachi-greaves-beta','legs','[]','high',76,5,340,0,-3,0,3,0,44,66,82,360,1,2),(341,'Lumu Hat Alpha','lumu-hat-alpha','head','[]','high',77,5,341,-3,2,1,0,0,44,66,82,361,1,0),(342,'Lumu Mail Alpha','lumu-mail-alpha','chest','[]','high',77,5,342,-3,2,1,0,0,44,66,82,362,2,0),(343,'Lumu Vambraces Alpha','lumu-vambraces-alpha','gloves','[]','high',77,5,343,-3,2,1,0,0,44,66,82,363,1,0),(344,'Lumu Coil Alpha','lumu-coil-alpha','waist','[]','high',77,5,344,-3,2,1,0,0,44,66,82,364,1,0),(345,'Lumu Greaves Alpha','lumu-greaves-alpha','legs','[]','high',77,5,345,-3,2,1,0,0,44,66,82,365,2,0),(346,'Lumu Hat Beta','lumu-hat-beta','head','[]','high',78,5,346,-3,2,1,0,0,44,66,82,366,1,1),(347,'Lumu Mail Beta','lumu-mail-beta','chest','[]','high',78,5,347,-3,2,1,0,0,44,66,82,367,1,1),(348,'Lumu Vambraces Beta','lumu-vambraces-beta','gloves','[]','high',78,5,348,-3,2,1,0,0,44,66,82,368,1,1),(349,'Lumu Coil Beta','lumu-coil-beta','waist','[]','high',78,5,349,-3,2,1,0,0,44,66,82,369,1,1),(350,'Lumu Greaves Beta','lumu-greaves-beta','legs','[]','high',78,5,350,-3,2,1,0,0,44,66,82,370,1,2),(351,'Rathian Helm Alpha','rathian-helm-alpha','head','[]','high',79,5,351,2,0,0,-2,-3,46,68,84,371,2,0),(352,'Rathian Mail Alpha','rathian-mail-alpha','chest','[]','high',79,5,352,2,0,0,-2,-3,46,68,84,372,2,0),(353,'Rathian Vambraces Alpha','rathian-vambraces-alpha','gloves','[]','high',79,5,353,2,0,0,-2,-3,46,68,84,373,1,0),(354,'Rathian Coil Alpha','rathian-coil-alpha','waist','[]','high',79,5,354,2,0,0,-2,-3,46,68,84,374,2,0),(355,'Rathian Greaves Alpha','rathian-greaves-alpha','legs','[]','high',79,5,355,2,0,0,-2,-3,46,68,84,375,1,0),(356,'Rathian Helm Beta','rathian-helm-beta','head','[]','high',80,5,356,2,0,0,-2,-3,46,68,84,376,2,1),(357,'Rathian Mail Beta','rathian-mail-beta','chest','[]','high',80,5,357,2,0,0,-2,-3,46,68,84,377,2,1),(358,'Rathian Vambraces Beta','rathian-vambraces-beta','gloves','[]','high',80,5,358,2,0,0,-2,-3,46,68,84,378,1,1),(359,'Rathian Coil Beta','rathian-coil-beta','waist','[]','high',80,5,359,2,0,0,-2,-3,46,68,84,379,2,1),(360,'Rathian Greaves Beta','rathian-greaves-beta','legs','[]','high',80,5,360,2,0,0,-2,-3,46,68,84,380,1,1),(361,'Rath Heart Helm Alpha','rath-heart-helm-alpha','head','[]','high',81,6,361,3,0,0,-3,-4,52,72,84,381,2,0),(362,'Rath Heart Mail Alpha','rath-heart-mail-alpha','chest','[]','high',81,6,362,3,0,0,-3,-4,52,72,84,382,1,0),(363,'Rath Heart Braces Alpha','rath-heart-braces-alpha','gloves','[]','high',81,6,363,3,0,0,-3,-4,52,72,84,383,1,0),(364,'Rath Heart Coil Alpha','rath-heart-coil-alpha','waist','[]','high',81,6,364,3,0,0,-3,-4,52,72,84,384,2,0),(365,'Rath Heart Greaves Alpha','rath-heart-greaves-alpha','legs','[]','high',81,6,365,3,0,0,-3,-4,52,72,84,385,2,0),(366,'Rath Heart Helm Beta','rath-heart-helm-beta','head','[]','high',82,6,366,3,0,0,-3,-4,52,72,84,386,1,1),(367,'Rath Heart Mail Beta','rath-heart-mail-beta','chest','[]','high',82,6,367,3,0,0,-3,-4,52,72,84,387,1,2),(368,'Rath Heart Braces Beta','rath-heart-braces-beta','gloves','[]','high',82,6,368,3,0,0,-3,-4,52,72,84,388,1,1),(369,'Rath Heart Coil Beta','rath-heart-coil-beta','waist','[]','high',82,6,369,3,0,0,-3,-4,52,72,84,389,1,1),(370,'Rath Heart Greaves Beta','rath-heart-greaves-beta','legs','[]','high',82,6,370,3,0,0,-3,-4,52,72,84,390,1,1),(371,'Baan Helm Alpha','baan-helm-alpha','head','[]','high',83,6,371,0,2,-1,0,-2,46,66,78,391,1,0),(372,'Baan Mail Alpha','baan-mail-alpha','chest','[]','high',83,6,372,0,2,-1,0,-2,46,66,78,392,2,0),(373,'Baan Vambraces Alpha','baan-vambraces-alpha','gloves','[]','high',83,6,373,0,2,-1,0,-2,46,66,78,393,2,0),(374,'Baan Coil Alpha','baan-coil-alpha','waist','[]','high',83,6,374,0,2,-1,0,-2,46,66,78,394,1,0),(375,'Baan Greaves Alpha','baan-greaves-alpha','legs','[]','high',83,6,375,0,2,-1,0,-2,46,66,78,395,1,0),(376,'Baan Helm Beta','baan-helm-beta','head','[]','high',84,6,376,0,2,-1,0,-2,46,66,78,396,1,1),(377,'Baan Mail Beta','baan-mail-beta','chest','[]','high',84,6,377,0,2,-1,0,-2,46,66,78,397,1,1),(378,'Baan Vambraces Beta','baan-vambraces-beta','gloves','[]','high',84,6,378,0,2,-1,0,-2,46,66,78,398,2,1),(379,'Baan Coil Beta','baan-coil-beta','waist','[]','high',84,6,379,0,2,-1,0,-2,46,66,78,399,1,1),(380,'Baan Greaves Beta','baan-greaves-beta','legs','[]','high',84,6,380,0,2,-1,0,-2,46,66,78,400,1,1),(381,'Gastodon Horn Alpha','gastodon-horn-alpha','head','[]','high',85,5,381,3,0,0,0,0,48,70,86,401,2,0),(382,'Gastodon Horn Beta','gastodon-horn-beta','head','[]','high',86,5,382,3,0,0,0,0,48,70,86,402,1,1),(383,'Barnos Jacket Alpha','barnos-jacket-alpha','chest','[]','high',87,5,383,1,1,1,0,-2,48,70,86,403,2,0),(384,'Barnos Jacket Beta','barnos-jacket-beta','chest','[]','high',88,5,384,1,1,1,0,-2,48,70,86,404,1,1),(385,'Dodogama Helm Alpha','dodogama-helm-alpha','head','[]','high',89,5,385,2,0,0,-3,2,48,70,86,405,1,0),(386,'Dodogama Mail Alpha','dodogama-mail-alpha','chest','[]','high',89,5,386,2,0,0,-3,2,48,70,86,406,1,0),(387,'Dodogama Vambraces Alpha','dodogama-vambraces-alpha','gloves','[]','high',89,5,387,2,0,0,-3,2,48,70,86,407,1,0),(388,'Dodogama Coil Alpha','dodogama-coil-alpha','waist','[]','high',89,5,388,2,0,0,-3,2,48,70,86,408,2,0),(389,'Dodogama Greaves Alpha','dodogame-greaves-alpha','legs','[]','high',89,5,389,2,0,0,-3,2,48,70,86,409,2,0),(390,'Dodogama Helm Beta','dodogama-helm-beta','head','[]','high',90,5,390,2,0,0,-3,2,48,70,86,410,1,1),(391,'Dodogama Mail Beta','dodogama-mail-beta','chest','[]','high',90,5,391,2,0,0,-3,2,48,70,86,411,1,1),(392,'Dodogama Vambraces Beta','dodogama-vambraces-beta','gloves','[]','high',90,5,392,2,0,0,-3,2,48,70,86,412,1,1),(393,'Dodogama Coil Beta','dodogama-coil-beta','waist','[]','high',90,5,393,2,0,0,-3,2,48,70,86,413,1,1),(394,'Dodogama Greaves Beta','dodogama-greaves-beta','legs','[]','high',90,5,394,2,0,0,-3,2,48,70,86,414,1,1),(395,'Zorah Headgear Alpha','zorah-headgear-alpha','head','[]','high',91,6,395,4,-3,-2,-1,-3,44,64,76,415,2,0),(396,'Zorah Hide Alpha','zorah-hide-alpha','chest','[]','high',91,6,396,4,-3,-2,-1,-3,44,64,76,416,2,0),(397,'Zorah Claws Alpha','zorah-claws-alpha','gloves','[]','high',91,6,397,4,-3,-2,-1,-3,44,64,76,417,2,0),(398,'Zorah Spine Alpha','zorah-spine-alpha','waist','[]','high',91,6,398,4,-3,-2,-1,-3,44,64,76,418,2,0),(399,'Zorah Spurs Alpha','zorah-spurs-alpha','legs','[]','high',91,6,399,4,-3,-2,-1,-3,44,64,76,419,2,0),(400,'Zorah Headgear Beta','zorah-headgear-beta','head','[]','high',92,6,400,4,-3,-2,-1,-3,44,64,76,420,1,1),(401,'Zorah Hide Beta','zorah-hide-beta','chest','[]','high',92,6,401,4,-3,-2,-1,-3,44,64,76,421,1,1),(402,'Zorah Claws Beta','zorah-claws-beta','gloves','[]','high',92,6,402,4,-3,-2,-1,-3,44,64,76,422,1,1),(403,'Zorah Spine Beta','zorah-spine-beta','waist','[]','high',92,6,403,4,-3,-2,-1,-3,44,64,76,423,1,1),(404,'Zorah Spurs Beta','zorah-spurs-beta','legs','[]','high',92,6,404,4,-3,-2,-1,-3,44,64,76,424,1,1),(405,'High Metal Helm Alpha','high-metal-helm-alpha','head','[]','high',93,6,405,0,-1,3,-2,0,50,70,82,425,2,0),(406,'High Metal Mail Alpha','high-metal-mail-alpha','chest','[]','high',93,6,406,0,-1,3,-2,0,50,70,82,426,2,0),(407,'High Metal Braces Alpha','high-metal-braces-alpha','gloves','[]','high',93,6,407,0,-1,3,-2,0,50,70,82,427,2,0),(408,'High Metal Coil Alpha','high-metal-coil-alpha','waist','[]','high',93,6,408,0,-1,3,-2,0,50,70,82,428,2,0),(409,'High Metal Greaves Alpha','high-metal-greaves-alpha','legs','[]','high',93,6,409,0,-1,3,-2,0,50,70,82,429,2,0),(410,'High Metal Helm Beta','high-metal-helm-beta','head','[]','high',94,6,410,0,-1,3,-2,0,50,70,82,430,1,1),(411,'High Metal Mail Beta','high-metal-mail-beta','chest','[]','high',94,6,411,0,-1,3,-2,0,50,70,82,431,2,1),(412,'High Metal Braces Beta','high-metal-braces-beta','gloves','[]','high',94,6,412,0,-1,3,-2,0,50,70,82,432,1,1),(413,'High Metal Coil Beta','high-metal-coil-beta','waist','[]','high',94,6,413,0,-1,3,-2,0,50,70,82,433,1,1),(414,'High Metal Greaves Beta','high-metal-greaves-beta','legs','[]','high',94,6,414,0,-1,3,-2,0,50,70,82,434,1,1),(415,'Ingot Helm Alpha','ingot-helm-alpha','head','[]','high',95,6,415,-2,0,-1,3,0,50,70,82,435,1,0),(416,'Ingot Mail Alpha','ingot-mail-alpha','chest','[]','high',95,6,416,-2,0,-1,3,0,50,70,82,436,1,0),(417,'Ingot Vambraces Alpha','ingot-vambraces-alpha','gloves','[]','high',95,6,417,-2,0,-1,3,0,50,70,82,437,2,0),(418,'Ingot Coil Alpha','ingot-coil-alpha','waist','[]','high',95,6,418,-2,0,-1,3,0,50,70,82,438,1,0),(419,'Ingot Greaves Alpha','ingot-greaves-alpha','legs','[]','high',95,6,419,-2,0,-1,3,0,50,70,82,439,2,0),(420,'Ingot Helm Beta','ingot-helm-beta','head','[]','high',96,6,420,-2,0,-1,3,0,50,70,82,440,1,1),(421,'Ingot Mail Beta','ingot-mail-beta','chest','[]','high',96,6,421,-2,0,-1,3,0,50,70,82,441,1,1),(422,'Ingot Vambraces Beta','ingot-vambraces-beta','gloves','[]','high',96,6,422,-2,0,-1,3,0,50,70,82,442,1,1),(423,'Ingot Coil Beta','ingot-coil-beta','waist','[]','high',96,6,423,-2,0,-1,3,0,50,70,82,443,1,1),(424,'Ingot Greaves Beta','ingot-greaves-beta','legs','[]','high',96,6,424,-2,0,-1,3,0,50,70,82,444,1,1),(425,'Brigade Lobos Alpha','brigade-lobos-alpha','head','[]','high',97,6,425,1,0,0,2,2,52,72,84,445,2,0),(426,'Brigade Suit Alpha','brigade-suit-alpha','chest','[]','high',97,6,426,1,0,0,2,2,52,72,84,446,1,1),(427,'Brigade Vambraces Alpha','brigade-vambraces-alpha','gloves','[]','high',97,6,427,1,0,0,2,2,52,72,84,447,2,0),(428,'Brigade Coil Alpha','brigade-coil-alpha','waist','[]','high',97,6,428,1,0,0,2,2,52,72,84,448,2,0),(429,'Brigade Boots Alpha','brigade-boots-alpha','legs','[]','high',97,6,429,1,0,0,2,2,52,72,84,449,2,1),(430,'Brigade Lobos Beta','brigade-lobos-beta','head','[]','high',98,6,430,1,0,0,2,2,52,72,84,450,1,1),(431,'Brigade Suit Beta','brigade-suit-beta','chest','[]','high',98,6,431,1,0,0,2,2,52,72,84,451,1,2),(432,'Brigade Vambraces Beta','brigade-vambraces-beta','gloves','[]','high',98,6,432,1,0,0,2,2,52,72,84,452,1,1),(433,'Brigade Coil Beta','brigade-coil-beta','waist','[]','high',98,6,433,1,0,0,2,2,52,72,84,453,1,1),(434,'Brigade Boots Beta','brigade-boots-beta','legs','[]','high',98,6,434,1,0,0,2,2,52,72,84,454,1,1),(435,'Faux Felyne Alpha','faux-felyne-alpha','head','[]','high',99,6,435,2,2,2,2,2,56,76,88,455,1,0),(436,'Strategist Spectacles Alpha','strategist-spectacles-alpha','head','[]','high',100,6,436,2,2,2,2,2,56,76,88,456,1,1),(437,'Lavasioth Helm Alpha','lavasioth-helm-alpha','head','[]','high',101,6,437,3,-3,-2,1,2,56,76,88,457,2,0),(438,'Lavasioth Mail Alpha','lavasioth-mail-alpha','chest','[]','high',101,6,438,3,-3,-2,1,2,56,76,88,458,2,0),(439,'Lavasioth Vambraces Alpha','lavasioth-vambraces-alpha','gloves','[]','high',101,6,439,3,-3,-2,1,2,56,76,88,459,2,1),(440,'Lavasioth Coil Alpha','lavasioth-coil-alpha','waist','[]','high',101,6,440,3,-3,-2,1,2,56,76,88,460,2,0),(441,'Lavasioth Greaves Alpha','lavasioth-greaves-alpha','legs','[]','high',101,6,441,3,-3,-2,1,2,56,76,88,461,2,1),(442,'Lavasioth Helm Beta','lavasioth-helm-beta','head','[]','high',102,6,442,3,-3,-2,1,2,56,76,88,462,2,2),(443,'Lavasioth Mail Beta','lavasioth-mail-beta','chest','[]','high',102,6,443,3,-3,-2,1,2,56,76,88,463,1,2),(444,'Lavasioth Vambraces Beta','lavasioth-vambraces-beta','gloves','[]','high',102,6,444,3,-3,-2,1,2,56,76,88,464,1,1),(445,'Lavasioth Coil Beta','lavasioth-coil-beta','waist','[]','high',102,6,445,3,-3,-2,1,2,56,76,88,465,1,1),(446,'Lavasioth Greaves Beta','lavasioth-greaves-beta','legs','[]','high',102,6,446,3,-3,-2,1,2,56,76,88,466,1,1),(447,'Legiana Helm Alpha','legiana-helm-alpha','head','[]','high',103,6,447,-1,2,3,-3,0,54,74,86,467,2,0),(448,'Legiana Mail Alpha','legiana-mail-alpha','chest','[]','high',103,6,448,-1,2,3,-3,0,54,74,86,468,2,0),(449,'Legiana Vambraces Alpha','legiana-vambraces-alpha','gloves','[]','high',103,6,449,-1,2,3,-3,0,54,74,86,469,2,0),(450,'Legiana Coil Alpha','legiana-coil-alpha','waist','[]','high',103,6,450,-1,2,3,-3,0,54,74,86,470,2,0),(451,'Legiana Greaves Alpha','legiana-greaves-alpha','legs','[]','high',103,6,451,-1,2,3,-3,0,54,74,86,471,2,0),(452,'Legiana Helm Beta','legiana-helm-beta','head','[]','high',104,6,452,-1,2,3,-3,0,54,74,86,472,1,1),(453,'Legiana Mail Beta','legiana-mail-beta','chest','[]','high',104,6,453,-1,2,3,-3,0,54,74,86,473,1,1),(454,'Legiana Vambraces Beta','legiana-vambraces-beta','gloves','[]','high',104,6,454,-1,2,3,-3,0,54,74,86,474,1,1),(455,'Legiana Coil Beta','legiana-coil-beta','waist','[]','high',104,6,455,-1,2,3,-3,0,54,74,86,475,1,1),(456,'Legiana Greaves Beta','legiana-greaves-beta','legs','[]','high',104,6,456,-1,2,3,-3,0,54,74,86,476,1,1),(457,'Odogaron Helm Alpha','odogaron-helm-alpha','head','[]','high',105,6,457,2,2,-3,-2,0,54,74,86,477,2,0),(458,'Odogaron Mail Alpha','odogaron-mail-alpha','chest','[]','high',105,6,458,2,2,-3,-2,0,54,74,86,478,2,0),(459,'Odogaron Vambraces Alpha','odogaron-vambraces-alpha','gloves','[]','high',105,6,459,2,2,-3,-2,0,54,74,86,479,2,0),(460,'Odogaron Coil Alpha','odogaron-coil-alpha','waist','[]','high',105,6,460,2,2,-3,-2,0,54,74,86,480,2,0),(461,'Odogaron Greaves Alpha','odogaron-greaves-alpha','legs','[]','high',105,6,461,2,2,-3,-2,0,54,74,86,481,2,0),(462,'Odogaron Helm Beta','odogaron-helm-beta','head','[]','high',106,6,462,2,2,-3,-2,0,54,74,86,482,1,1),(463,'Odogaron Mail Beta','odogaron-mail-beta','chest','[]','high',106,6,463,2,2,-3,-2,0,54,74,86,483,1,1),(464,'Odogaron Vambraces Beta','odogaron-vambraces-beta','gloves','[]','high',106,6,464,2,2,-3,-2,0,54,74,86,484,1,1),(465,'Odogaron Coil Beta','odogaron-coil-beta','waist','[]','high',106,6,465,2,2,-3,-2,0,54,74,86,485,1,1),(466,'Odogaron Greaves Beta','odogaron-greaves-beta','legs','[]','high',106,6,466,2,2,-3,-2,0,54,74,86,486,1,1),(467,'Rathalos Helm Alpha','rathalos-helm-alpha','head','[]','high',107,6,467,3,1,1,-2,-3,54,74,86,487,2,0),(468,'Rathalos Mail Alpha','rathalos-mail-alpha','chest','[]','high',107,6,468,3,1,1,-2,-3,54,74,86,488,2,0),(469,'Rathalos Vambraces Alpha','rathalos-vambraces-alpha','gloves','[]','high',107,6,469,3,1,1,-2,-3,54,74,86,489,2,0),(470,'Rathalos Coil Alpha','rathalos-coil-alpha','waist','[]','high',107,6,470,3,1,1,-2,-3,54,74,86,490,2,0),(471,'Rathalos Greaves Alpha','rathalos-greaves-alpha','legs','[]','high',107,6,471,3,1,1,-2,-3,54,74,86,491,2,0),(472,'Rathalos Helm Beta','rathalos-helm-beta','head','[]','high',108,6,472,3,1,1,-2,-3,54,74,86,492,1,1),(473,'Rathalos Mail Beta','rathalos-mail-beta','chest','[]','high',108,6,473,3,1,1,-2,-3,54,74,86,493,1,1),(474,'Rathalos Vambraces Beta','rathalos-vambraces-beta','gloves','[]','high',108,6,474,3,1,1,-2,-3,54,74,86,494,1,1),(475,'Rathalos Coil Beta','rathalos-coil-beta','waist','[]','high',108,6,475,3,1,1,-2,-3,54,74,86,495,1,1),(476,'Rathalos Greaves Beta','rathalos-greaves-beta','legs','[]','high',108,6,476,3,1,1,-2,-3,54,74,86,496,1,1),(477,'Rath Soul Helm Alpha','rath-soul-helm-alpha','head','[]','high',109,7,477,3,2,-3,2,-4,56,68,82,497,2,0),(478,'Rath Soul Mail Alpha','rath-soul-mail-alpha','chest','[]','high',109,7,478,3,2,-3,2,-4,56,68,82,498,2,1),(479,'Rath Soul Braces Alpha','rath-soul-braces-alpha','gloves','[]','high',109,7,479,3,2,-3,2,-4,56,68,82,499,2,1),(480,'Rath Soul Coil Alpha','rath-soul-coil-alpha','waist','[]','high',109,7,480,3,2,-3,2,-4,56,68,82,500,2,0),(481,'Rath Soul Greaves Alpha','rath-soul-greaves-alpha','legs','[]','high',109,7,481,3,2,-3,2,-4,56,68,82,501,2,0),(482,'Rath Soul Helm Beta','rath-soul-helm-beta','head','[]','high',110,7,482,3,2,-3,2,-4,56,68,82,502,1,2),(483,'Rath Soul Mail Beta','rath-soul-mail-beta','chest','[]','high',110,7,483,3,2,-3,2,-4,56,68,82,503,1,1),(484,'Rath Soul Braces Beta','rath-soul-braces-beta','gloves','[]','high',110,7,484,3,2,-3,2,-4,56,68,82,504,1,1),(485,'Rath Soul Coil Beta','rath-soul-coil-beta','waist','[]','high',110,7,485,3,2,-3,2,-4,56,68,82,505,1,1),(486,'Rath Soul Greaves Beta','rath-soul-greaves-beta','legs','[]','high',110,7,486,3,2,-3,2,-4,56,68,82,506,1,1),(487,'Diablos Helm Alpha','diablos-helm-alpha','head','[]','high',111,6,487,3,-2,-3,0,2,54,74,86,507,2,0),(488,'Diablos Mail Alpha','diablos-mail-alpha','chest','[]','high',111,6,488,3,-2,-3,0,2,54,74,86,508,2,0),(489,'Diablos Vambraces Alpha','diablos-vambraces-alpha','gloves','[]','high',111,6,489,3,-2,-3,0,2,54,74,86,509,2,0),(490,'Diablos Coil Alpha','diablos-coil-alpha','waist','[]','high',111,6,490,3,-2,-3,0,2,54,74,86,510,2,0),(491,'Diablos Greaves Alpha','diablos-greaves-alpha','legs','[]','high',111,6,491,3,-2,-3,0,2,54,74,86,511,2,0),(492,'Diablos Helm Beta','diablos-helm-beta','head','[]','high',112,6,492,3,-2,-3,0,2,54,74,86,512,1,1),(493,'Diablos Mail Beta','diablos-mail-beta','chest','[]','high',112,6,493,3,-2,-3,0,2,54,74,86,513,1,1),(494,'Diablos Vambraces Beta','diablos-vambraces-beta','gloves','[]','high',112,6,494,3,-2,-3,0,2,54,74,86,514,1,1),(495,'Diablos Coil Beta','diablos-coil-beta','waist','[]','high',112,6,495,3,-2,-3,0,2,54,74,86,515,1,1),(496,'Diablos Greaves Beta','diablos-greaves-beta','legs','[]','high',112,6,496,3,-2,-3,0,2,54,74,86,516,1,2),(497,'Diablos Nero Helm Alpha','diablos-nero-helm-alpha','head','[]','high',113,7,497,2,-3,-4,0,2,56,68,82,517,1,1),(498,'Diablos Nero Mail Alpha','diablos-nero-mail-alpha','chest','[]','high',113,7,498,2,-3,-4,0,2,56,68,82,518,1,1),(499,'Diablos Nero Braces Alpha','diablos-nero-braces-alpha','gloves','[]','high',113,7,499,2,-3,-4,0,2,56,68,82,519,2,0),(500,'Diablos Nero Coil Alpha','diablos-nero-coil-alpha','waist','[]','high',113,7,500,2,-3,-4,0,2,56,68,82,520,2,0),(501,'Diablos Nero Greaves Alpha','diablos-nero-greaves-alpha','legs','[]','high',113,7,501,2,-3,-4,0,2,56,68,82,521,2,1),(502,'Diablos Nero Helm Beta','diablos-nero-helm-beta','head','[]','high',114,7,502,2,-3,-4,0,2,56,68,82,522,1,1),(503,'Diablos Nero Mail Beta','diablos-nero-mail-beta','chest','[]','high',114,7,503,2,-3,-4,0,2,56,68,82,523,1,2),(504,'Diablos Nero Braces Beta','diablos-nero-braces-beta','gloves','[]','high',114,7,504,2,-3,-4,0,2,56,68,82,524,1,2),(505,'Diablos Nero Coil Beta','diablos-nero-coil-beta','waist','[]','high',114,7,505,2,-3,-4,0,2,56,68,82,525,1,1),(506,'Diablos Nero Greaves Beta','diablos-nero-greaves-beta','legs','[]','high',114,7,506,2,-3,-4,0,2,56,68,82,526,1,1),(507,'Uragaan Helm Alpha','uragaan-helm-alpha','head','[]','high',115,7,507,4,-3,-2,1,-2,60,72,86,527,1,1),(508,'Uragaan Mail Alpha','uragaan-mail-alpha','chest','[]','high',115,7,508,4,-3,-2,1,-2,60,72,86,528,1,1),(509,'Uragaan Vambraces Alpha','uragaan-vambraces-alpha','gloves','[]','high',115,7,509,4,-3,-2,1,-2,60,72,86,529,2,1),(510,'Uragaan Coil Alpha','uragaan-coil-alpha','waist','[]','high',115,7,510,4,-3,-2,1,-2,60,72,86,530,2,2),(511,'Uragaan Greaves Alpha','uragaan-greaves-alpha','legs','[]','high',115,7,511,4,-3,-2,1,-2,60,72,86,531,1,1),(512,'Uragaan Helm Beta','uragaan-helm-beta','head','[]','high',116,7,512,4,-3,-2,1,-2,60,72,86,532,1,2),(513,'Uragaan Mail Beta','uragaan-mail-beta','chest','[]','high',116,7,513,4,-3,-2,1,-2,60,72,86,533,1,1),(514,'Uragaan Vambraces Beta','uragaan-vambraces-beta','gloves','[]','high',116,7,514,4,-3,-2,1,-2,60,72,86,534,1,1),(515,'Uragaan Coil Beta','uragaan-coil-beta','waist','[]','high',116,7,515,4,-3,-2,1,-2,60,72,86,535,1,2),(516,'Uragaan Greaves Beta','uragaan-greaves-beta','legs','[]','high',116,7,516,4,-3,-2,1,-2,60,72,86,536,1,1),(517,'Bazel Helm Alpha','bazel-helm-alpha','head','[]','high',117,7,517,3,1,-2,-4,-2,58,70,84,537,2,1),(518,'Bazel Mail Alpha','bazel-mail-alpha','chest','[]','high',117,7,518,3,1,-2,-4,-2,58,70,84,538,2,0),(519,'Bazel Vambraces Alpha','bazel-vambraces-alpha','gloves','[]','high',117,7,519,3,1,-2,-4,-2,58,70,84,539,2,0),(520,'Bazel Coil Alpha','bazel-coil-alpha','waist','[]','high',117,7,520,3,1,-2,-4,-2,58,70,84,540,2,1),(521,'Bazel Greaves Alpha','bazel-greaves-alpha','legs','[]','high',117,7,521,3,1,-2,-4,-2,58,70,84,541,2,1),(522,'Bazel Helm Beta','bazel-helm-beta','head','[]','high',118,7,522,3,1,-2,-4,-2,58,70,84,542,1,2),(523,'Bazel Mail Beta','bazel-mail-beta','chest','[]','high',118,7,523,3,1,-2,-4,-2,58,70,84,543,1,2),(524,'Bazel Vambraces Beta','bazel-vambraces-beta','gloves','[]','high',118,7,524,3,1,-2,-4,-2,58,70,84,544,1,1),(525,'Bazel Coil Beta','bazel-coil-beta','waist','[]','high',118,7,525,3,1,-2,-4,-2,58,70,84,545,1,1),(526,'Bazel Greaves Beta','bazel-greaves-beta','legs','[]','high',118,7,526,3,1,-2,-4,-2,58,70,84,546,1,1),(527,'Damascus Helm Alpha','damascus-helm-alpha','head','[]','high',119,7,527,4,-2,0,0,0,60,72,86,547,2,1),(528,'Damascus Mail Alpha','damascus-mail-alpha','chest','[]','high',119,7,528,4,-2,0,0,0,60,72,86,548,2,1),(529,'Damascus Vambraces Alpha','damascus-vambraces-alpha','gloves','[]','high',119,7,529,4,-2,0,0,0,60,72,86,549,2,0),(530,'Damascus Coil Alpha','damascus-coil-alpha','waist','[]','high',119,7,530,4,-2,0,0,0,60,72,86,550,2,1),(531,'Damascus Greaves Alpha','damascus-greaves-alpha','legs','[]','high',119,7,531,4,-2,0,0,0,60,72,86,551,2,1),(532,'Damascus Helm Beta','damascus-helm-beta','head','[]','high',120,7,532,4,-2,0,0,0,60,72,86,552,1,1),(533,'Damascus Mail Beta','damascus-mail-beta','chest','[]','high',120,7,533,4,-2,0,0,0,60,72,86,553,1,3),(534,'Damascus Vambraces Beta','damascus-vambraces-beta','gloves','[]','high',120,7,534,4,-2,0,0,0,60,72,86,554,1,1),(535,'Damascus Coil Beta','damascus-coil-beta','waist','[]','high',120,7,535,4,-2,0,0,0,60,72,86,555,1,3),(536,'Damascus Greaves Beta','damascus-greaves-beta','legs','[]','high',120,7,536,4,-2,0,0,0,60,72,86,556,1,1),(537,'Dober Helm Alpha','dober-helm-alpha','head','[]','high',121,7,537,-2,0,-1,-1,4,60,72,86,557,2,0),(538,'Dober Mail Alpha','dober-mail-alpha','chest','[]','high',121,7,538,-2,0,-1,-1,4,60,72,86,558,2,1),(539,'Dober Vambraces Alpha','dober-vambraces-alpha','gloves','[]','high',121,7,539,-2,0,-1,-1,4,60,72,86,559,2,0),(540,'Dober Coil Alpha','dober-coil-alpha','waist','[]','high',121,7,540,-2,0,-1,-1,4,60,72,86,560,2,1),(541,'Dober Greaves Alpha','dober-greaves-alpha','legs','[]','high',121,7,541,-2,0,-1,-1,4,60,72,86,561,2,0),(542,'Dober Helm Beta','dober-helm-beta','head','[]','high',122,7,542,-2,0,-1,-1,4,60,72,86,562,1,1),(543,'Dober Mail Beta','dober-mail-beta','chest','[]','high',122,7,543,-2,0,-1,-1,4,60,72,86,563,1,1),(544,'Dober Vambraces Beta','dober-vambraces-beta','gloves','[]','high',122,7,544,-2,0,-1,-1,4,60,72,86,564,2,2),(545,'Dober Coil Beta','dober-coil-beta','waist','[]','high',122,7,545,-2,0,-1,-1,4,60,72,86,565,1,1),(546,'Dober Greaves Beta','dober-greaves-beta','legs','[]','high',122,7,546,-2,0,-1,-1,4,60,72,86,566,1,1),(547,'Death Stench Brain Alpha','death-stench-brain-alpha','head','[]','high',123,7,547,3,2,3,-2,-4,62,74,88,567,2,1),(548,'Death Stench Muscle Alpha','death-stench-muscle-alpha','chest','[]','high',123,7,548,3,2,3,-2,-4,62,74,88,568,2,0),(549,'Death Stench Grip Alpha','death-stench-grip-alpha','gloves','[]','high',123,7,549,3,2,3,-2,-4,62,74,88,569,2,1),(550,'Death Stench Bowels Alpha','death-stench-bowels-alpha','waist','[]','high',123,7,550,3,2,3,-2,-4,62,74,88,570,2,0),(551,'Death Stench Heel Alpha','death-stench-heel-alpha','legs','[]','high',123,7,551,3,2,3,-2,-4,62,74,88,571,2,0),(552,'Death Stench Brain Beta','death-stench-brain-beta','head','[]','high',124,7,552,3,2,3,-2,-4,62,74,88,572,1,1),(553,'Death Stench Muscle Beta','death-stench-muscle-beta','chest','[]','high',124,7,553,3,2,3,-2,-4,62,74,88,573,1,1),(554,'Death Stench Grip Beta','death-stench-grip-beta','gloves','[]','high',124,7,554,3,2,3,-2,-4,62,74,88,574,1,2),(555,'Death Stench Bowels Beta','death-stench-bowels-beta','waist','[]','high',124,7,555,3,2,3,-2,-4,62,74,88,575,1,2),(556,'Death Stench Heel Beta','death-stench-heel-beta','legs','[]','high',124,7,556,3,2,3,-2,-4,62,74,88,576,1,2),(557,'Skull Mask Alpha','skull-mask-alpha','head','[]','high',125,7,557,-3,-1,-1,-1,2,64,76,90,577,1,1),(558,'Nergigante Helm Alpha','nergigante-helm-alpha','head','[]','high',126,8,558,1,1,1,-3,-3,64,70,84,578,2,1),(559,'Nergigante Mail Alpha','nergigante-mail-alpha','chest','[]','high',126,8,559,1,1,1,-3,-3,64,70,84,579,2,1),(560,'Nergigante Vambraces Alpha','nergigante-vambraces-alpha','gloves','[]','high',126,8,560,1,1,1,-3,-3,64,70,84,580,2,0),(561,'Nergigante Coil Alpha','nergigante-coil-alpha','waist','[]','high',126,8,561,1,1,1,-3,-3,64,70,84,581,2,0),(562,'Nergigante Greaves Alpha','nergigante-greaves-alpha','legs','[]','high',126,8,562,1,1,1,-3,-3,64,70,84,582,2,1),(563,'Nergigante Helm Beta','nergigante-helm-beta','head','[]','high',127,8,563,1,1,1,-3,-3,64,70,84,583,1,2),(564,'Nergigante Mail Beta','nergigante-mail-beta','chest','[]','high',127,8,564,1,1,1,-3,-3,64,70,84,584,1,2),(565,'Nergigante Vambraces Beta','nergigante-vambraces-beta','gloves','[]','high',127,8,565,1,1,1,-3,-3,64,70,84,585,1,1),(566,'Nergigante Coil Beta','nergigante-coil-beta','waist','[]','high',127,8,566,1,1,1,-3,-3,64,70,84,586,1,1),(567,'Nergigante Greaves Beta','nergigante-greaves-beta','legs','[]','high',127,8,567,1,1,1,-3,-3,64,70,84,587,1,1),(568,'Kaiser Crown Alpha','kaiser-crown-alpha','head','[]','high',128,8,568,3,-3,-3,1,1,64,70,84,588,1,0),(569,'Kaiser Mail Alpha','kaiser-mail-alpha','chest','[]','high',128,8,569,3,-3,-3,1,1,64,70,84,589,2,0),(570,'Kaiser Vambraces Alpha','kaiser-vambraces-alpha','gloves','[]','high',128,8,570,3,-3,-3,1,1,64,70,84,590,1,1),(571,'Kaiser Coil Alpha','kaiser-coil-alpha','waist','[]','high',128,8,571,3,-3,-3,1,1,64,70,84,591,2,0),(572,'Kaiser Greaves Alpha','kaiser-greaves-alpha','legs','[]','high',128,8,572,3,-3,-3,1,1,64,70,84,592,2,0),(573,'Kaiser Crown Beta','kaiser-crown-beta','head','[]','high',129,8,573,3,-3,-3,1,1,64,70,84,593,1,1),(574,'Kaiser Mail Beta','kaiser-mail-beta','chest','[]','high',129,8,574,3,-3,-3,1,1,64,70,84,594,1,2),(575,'Kaiser Vambraces Beta','kaiser-vambraces-beta','gloves','[]','high',129,8,575,3,-3,-3,1,1,64,70,84,595,1,1),(576,'Kaiser Coil Beta','kaiser-coil-beta','waist','[]','high',129,8,576,3,-3,-3,1,1,64,70,84,596,1,1),(577,'Kaiser Greaves Beta','kaiser-greaves-beta','legs','[]','high',129,8,577,3,-3,-3,1,1,64,70,84,597,1,1),(578,'Kushala Glare Alpha','kushala-glare-alpha','head','[]','high',130,8,578,0,2,4,-3,-2,64,70,84,598,2,0),(579,'Kushala Cista Alpha','kushala-cista-alpha','chest','[]','high',130,8,579,0,2,4,-3,-2,64,70,84,599,2,0),(580,'Kushala Grip Alpha','kushala-grip-alpha','gloves','[]','high',130,8,580,0,2,4,-3,-2,64,70,84,600,2,0),(581,'Kushala Cocoon Alpha','kushala-cocoon-alpha','waist','[]','high',130,8,581,0,2,4,-3,-2,64,70,84,601,2,0),(582,'Kushala Crus Alpha','kushala-crus-alpha','legs','[]','high',130,8,582,0,2,4,-3,-2,64,70,84,602,2,0),(583,'Kushala Glare Beta','kushala-glare-beta','head','[]','high',131,8,583,0,2,4,-3,-2,64,70,84,603,1,3),(584,'Kushala Cista Beta','kushala-cista-beta','chest','[]','high',131,8,584,0,2,4,-3,-2,64,70,84,604,1,1),(585,'Kushala Grip Beta','kushala-grip-beta','gloves','[]','high',131,8,585,0,2,4,-3,-2,64,70,84,605,1,1),(586,'Kushala Cocoon Beta','kushala-cocoon-beta','waist','[]','high',131,8,586,0,2,4,-3,-2,64,70,84,606,1,2),(587,'Kushala Crus Beta','kushala-crus-beta','legs','[]','high',131,8,587,0,2,4,-3,-2,64,70,84,607,1,1),(588,'Vaal Hazak Helm Alpha','vaal-hazak-helm-alpha','head','[]','high',132,8,588,-4,4,-1,1,-3,64,70,84,608,2,0),(589,'Vaal Hazak Mail Alpha','vaal-hazak-mail-alpha','chest','[]','high',132,8,589,-4,4,-1,1,-3,64,70,84,609,2,1),(590,'Vaal Hazak Braces Alpha','vaal-hazak-braces-alpha','gloves','[]','high',132,8,590,-4,4,-1,1,-3,64,70,84,610,2,1),(591,'Vaal Hazak Coil Alpha','vaal-hazak-coil-alpha','waist','[]','high',132,8,591,-4,4,-1,1,-3,64,70,84,611,2,1),(592,'Vaal Hazak Greaves Alpha','vaal-hazak-greaves-alpha','legs','[]','high',132,8,592,-4,4,-1,1,-3,64,70,84,612,2,1),(593,'Vaal Hazak Helm Beta','vaal-hazak-helm-beta','head','[]','high',133,8,593,-4,4,-1,1,-3,64,70,84,613,1,1),(594,'Vaal Hazak Mail Beta','vaal-hazak-mail-beta','chest','[]','high',133,8,594,-4,4,-1,1,-3,64,70,84,614,1,2),(595,'Vaal Hazak Braces Beta','vaal-hazak-braces-beta','gloves','[]','high',133,8,595,-4,4,-1,1,-3,64,70,84,615,1,3),(596,'Vaal Hazak Coil Beta','vaal-hazak-coil-beta','waist','[]','high',133,8,596,-4,4,-1,1,-3,64,70,84,616,1,2),(597,'Vaal Hazak Greaves Beta','vaal-hazak-greaves-beta','legs','[]','high',133,8,597,-4,4,-1,1,-3,64,70,84,617,1,2),(598,'Kirin Horn Alpha','kirin-horn-alpha','head','[]','high',134,6,598,-3,-2,-2,4,2,64,70,84,618,2,0),(599,'Kirin Jacket Alpha','kirin-jacket-alpha','chest','[]','high',134,6,599,-3,-2,-2,4,2,64,70,84,619,2,0),(600,'Kirin Longarms Alpha','kirin-longarms-alpha','gloves','[]','high',134,6,600,-3,-2,-2,4,2,64,70,84,620,2,0),(601,'Kirin Hoop Alpha','kirin-hoop-alpha','waist','[]','high',134,6,601,-3,-2,-2,4,2,64,70,84,621,2,0),(602,'Kirin Leg Guards Alpha','kirin-leg-guards-alpha','gloves','[]','high',134,6,602,-3,-2,-2,4,2,64,70,84,622,2,0),(603,'Kirin Horn Beta','kirin-horn-beta','head','[]','high',135,6,603,-3,-2,-2,4,2,64,70,84,623,1,1),(604,'Kirin Jacket Beta','kirin-jacket-beta','chest','[]','high',135,6,604,-3,-2,-2,4,2,64,70,84,624,1,1),(605,'Kirin Longarms Beta','kirin-longarms-beta','gloves','[]','high',135,6,605,-3,-2,-2,4,2,64,70,84,625,1,2),(606,'Kirin Hoop Beta','kirin-hoop-beta','waist','[]','high',135,6,606,-3,-2,-2,4,2,64,70,84,626,1,3),(607,'Kirin Leg Guards Beta','kirin-leg-guards-beta','gloves','[]','high',135,6,607,-3,-2,-2,4,2,64,70,84,627,1,2),(608,'Xeno\'jiiva Headgear Alpha','xenojiiva-headgear-alpha','head','[]','high',136,8,608,-3,2,2,2,-4,72,78,92,628,2,1),(609,'Xeno\'jiiva Hide Alpha','xenojiiva-hide-alpha','chest','[]','high',136,8,609,-3,2,2,2,-4,72,78,92,629,2,1),(610,'Xeno\'jiiva Claws Alpha','xenojiiva-claws-alpha','gloves','[]','high',136,8,610,-3,2,2,2,-4,72,78,92,630,2,1),(611,'Xeno\'jiiva Spine Alpha','xenojiiva-spine-alpha','waist','[]','high',136,8,611,-3,2,2,2,-4,72,78,92,631,2,1),(612,'Xeno\'jiiva Spurs Alpha','xenojiiva-spurs-alpha','legs','[]','high',136,8,612,-3,2,2,2,-4,72,78,92,632,2,1),(613,'Xeno\'jiiva Headgear Beta','xenojiiva-headgear-beta','head','[]','high',137,8,613,-3,2,2,2,-4,72,78,92,633,1,1),(614,'Xeno\'jiiva Hide Beta','xenojiiva-hide-beta','chest','[]','high',137,8,614,-3,2,2,2,-4,72,78,92,634,1,2),(615,'Xeno\'jiiva Claws Beta','xenojiiva-claws-beta','gloves','[]','high',137,8,615,-3,2,2,2,-4,72,78,92,635,1,1),(616,'Xeno\'jiiva Spine Beta','xenojiiva-spine-beta','waist','[]','high',137,8,616,-3,2,2,2,-4,72,78,92,636,1,2),(617,'Xeno\'jiiva Spurs Beta','xenojiiva-spurs-beta','legs','[]','high',137,8,617,-3,2,2,2,-4,72,78,92,637,1,2),(618,'Guild Cross Circlet Alpha','guild-cross-circlet-alpha','head','[]','high',138,8,618,0,0,0,0,0,62,68,82,638,2,1),(619,'Guild Cross Suit Alpha','guild-cross-suit-alpha','chest','[]','high',138,8,619,0,0,0,0,0,62,68,82,639,2,1),(620,'Guild Cross Vambraces Alpha','guild-cross-vambraces-alpha','gloves','[]','high',138,8,620,0,0,0,0,0,62,68,82,640,2,1),(621,'Guild Cross Coil Alpha','guild-cross-coil-alpha','waist','[]','high',138,8,621,0,0,0,0,0,62,68,82,641,2,1),(622,'Guild Cross Boots Alpha','guild-cross-boots-alpha','legs','[]','high',138,8,622,0,0,0,0,0,62,68,82,642,2,1),(623,'Guild Cross Circlet Beta','guild-cross-circlet-beta','head','[]','high',139,8,623,0,0,0,0,0,62,68,82,643,1,3),(624,'Guild Cross Suit Beta','guild-cross-suit-beta','chest','[]','high',139,8,624,0,0,0,0,0,62,68,82,644,1,1),(625,'Guild Cross Vambraces Beta','guild-cross-vambraces-beta','gloves','[]','high',139,8,625,0,0,0,0,0,62,68,82,645,1,1),(626,'Guild Cross Coil Beta','guild-cross-coil-beta','waist','[]','high',139,8,626,0,0,0,0,0,62,68,82,646,1,3),(627,'Guild Cross Boots Beta','guild-cross-boots-beta','legs','[]','high',139,8,627,0,0,0,0,0,62,68,82,647,1,1),(628,'Dragonking Eyepatch Alpha','dragonking-eyepatch-alpha','head','[]','high',140,8,628,0,0,0,0,0,70,76,90,648,1,1),(629,'Commission Gorget Alpha','commission-gorget-alpha','head','[]','high',141,8,629,2,2,2,2,2,70,76,90,649,2,1),(630,'Commission Jacket Alpha','commission-jacket-alpha','chest','[]','high',141,8,630,2,2,2,2,2,70,76,90,650,2,0),(631,'Commission Vambraces Alpha','commission-vambraces-alpha','gloves','[]','high',141,8,631,2,2,2,2,2,70,76,90,651,2,1),(632,'Commission Belt Alpha','commission-belt-alpha','waist','[]','high',141,8,632,2,2,2,2,2,70,76,90,652,2,1),(633,'Commission Pants Alpha','commission-pants-alpha','legs','[]','high',141,8,633,2,2,2,2,2,70,76,90,653,2,0),(634,'Commission Gorget Beta','commission-gorget-beta','head','[]','high',142,8,634,2,2,2,2,2,70,76,90,654,1,1),(635,'Commission Jacket Beta','commission-jacket-beta','chest','[]','high',142,8,635,2,2,2,2,2,70,76,90,655,1,1),(636,'Commission Vambraces Beta','commission-vambraces-beta','gloves','[]','high',142,8,636,2,2,2,2,2,70,76,90,656,1,1),(637,'Commission Belt Beta','commission-belt-beta','waist','[]','high',142,8,637,2,2,2,2,2,70,76,90,657,1,1),(638,'Commission Pants Beta','commission-pants-beta','legs','[]','high',142,8,638,2,2,2,2,2,70,76,90,658,1,1),(639,'Sealed Eyepatch Alpha','sealed-eyepatch-alpha','head','[]','high',145,5,649,3,2,2,0,0,46,68,84,674,1,2),(640,'Vangis Helm Alpha','vangis-helm-alpha','head','[]','high',143,7,639,1,1,2,-3,-3,58,58,58,659,2,1),(641,'Vangis Mail Alpha','vangis-mail-alpha','chest','[]','high',143,7,640,1,1,2,-3,-3,58,58,58,660,2,1),(642,'Vangis Vambraces Alpha','vangis-vambraces-alpha','gloves','[]','high',143,7,641,1,1,2,-3,-3,58,58,58,661,2,0),(643,'Vangis Coil Alpha','vangis-coil-alpha','waist','[]','high',143,7,642,1,1,2,-3,-3,58,58,58,662,2,1),(644,'Vangis Greaves Alpha','vangis-greaves-alpha','legs','[]','high',143,7,643,1,1,2,-3,-3,58,58,58,663,2,0),(645,'Vangis Helm Beta','vangis-helm-beta','head','[]','high',144,7,644,1,1,2,-3,-3,58,58,58,664,1,2),(646,'Vangis Mail Beta','vangis-mail-beta','chest','[]','high',144,7,645,1,1,2,-3,-3,58,58,58,665,1,1),(647,'Vangis Vambraces Beta','vangis-vambraces-beta','gloves','[]','high',144,7,646,1,1,2,-3,-3,58,58,58,666,1,1),(648,'Vangis Coil Beta','vangis-coil-beta','waist','[]','high',144,7,647,1,1,2,-3,-3,58,58,58,667,1,2),(649,'Vangis Greaves Beta','vangis-greaves-beta','legs','[]','high',144,7,648,1,1,2,-3,-3,58,58,58,668,1,2),(650,'Shadow Shades Alpha','shadow-shades-alpha','head','[]','high',146,5,650,4,0,2,4,0,46,46,46,675,1,3),(651,'Blossom Headgear','blossom-headgear','head','[]','low',147,3,651,1,1,1,4,1,18,18,18,164,1,0),(652,'Blossom Vest','blossom-vest','chest','[]','low',147,3,652,1,1,1,4,1,18,18,18,165,1,0),(653,'Blossom Cuffs','blossom-cuffs','gloves','[]','low',147,3,653,1,1,1,4,1,18,18,18,166,1,0),(654,'Blossom Coat','blossom-coat','waist','[]','low',147,3,654,1,1,1,4,1,18,18,18,167,1,0),(655,'Blossom Boots','blossom-boots','legs','[]','low',147,3,655,1,1,1,4,1,18,18,18,168,1,0),(656,'Queen Beetle Vertex','queen-beetle-vertex','head','{\"requiredGender\":\"female\"}','low',148,3,656,-1,-1,0,2,2,22,22,22,169,1,0),(657,'Queen Beetle Thorax','queen-beetle-thorax','chest','{\"requiredGender\":\"female\"}','low',148,3,657,-1,-1,0,2,2,22,22,22,170,1,0),(658,'Queen Beetle Brachia','queen-beetle-brachia','gloves','{\"requiredGender\":\"female\"}','low',148,3,658,-1,-1,0,2,2,22,22,22,171,1,0),(659,'Queen Beetle Elytra','queen-beetle-elytra','waist','{\"requiredGender\":\"female\"}','low',148,3,659,-1,-1,0,2,2,22,22,22,172,1,0),(660,'Queen Beetle Crura','queen-beetle-crura','legs','{\"requiredGender\":\"female\"}','low',148,3,660,-1,-1,0,2,2,22,22,22,173,1,0),(661,'Blossom Headgear Alpha','blossom-headgear-alpha','head','{\"requiredGender\":\"female\"}','high',149,5,661,1,1,1,4,1,40,40,40,669,1,2),(662,'Blossom Vest Alpha','blossom-vest-alpha','chest','{\"requiredGender\":\"female\"}','high',149,5,662,1,1,1,4,1,40,40,40,670,1,2),(663,'Blossom Cuffs Alpha','blossom-cuffs-alpha','gloves','{\"requiredGender\":\"female\"}','high',149,5,663,1,1,1,4,1,40,40,40,671,1,2),(664,'Blossom Coat Alpha','blossom-coat-alpha','waist','{\"requiredGender\":\"female\"}','high',149,5,664,1,1,1,4,1,40,40,40,672,1,2),(665,'Blossom Boots Alpha','blossom-boots-alpha','legs','{\"requiredGender\":\"female\"}','high',149,5,665,1,1,1,4,1,40,40,40,673,1,2),(666,'Kulu-Yaku Head Alpha','kulu-yaku-head-alpha','head','[]','high',150,5,666,2,0,3,2,2,46,46,46,676,1,2),(667,'Wiggler Head Alpha','wiggler-head-alpha','head','[]','high',151,5,667,0,4,0,0,4,46,46,46,677,1,2),(668,'Kulve Taroth\'s Fury Alpha','kulve-taroths-fury-alpha','head','[]','high',152,8,668,4,-2,-4,3,-2,72,72,72,1,2,1),(669,'Kulve Taroth\'s Ire Alpha','kulve-taroths-ire-alpha','chest','[]','high',152,8,669,4,-2,-4,3,-2,72,72,72,2,2,1),(670,'Kulve Taroth\'s Rage Alpha','kulve-taroths-rage-alpha','gloves','[]','high',152,8,670,4,-2,-4,3,-2,72,72,72,3,2,1),(671,'Kulve Taroth\'s Malice Alpha','kulve-taroths-malice-alpha','waist','[]','high',152,8,671,4,-2,-4,3,-2,72,72,72,4,2,1),(672,'Kulve Taroth\'s Wrath Alpha','kulve-taroths-wrath-alpha','legs','[]','high',152,8,672,4,-2,-4,3,-2,72,72,72,5,2,1),(673,'Kulve Taroth\'s Fury Beta','kulve-taroths-fury-beta','head','[]','high',153,8,673,4,-2,-4,3,-2,72,72,72,6,2,2),(674,'Kulve Taroth\'s Ire Beta','kulve-taroths-ire-beta','chest','[]','high',153,8,674,4,-2,-4,3,-2,72,72,72,7,2,2),(675,'Kulve Taroth\'s Rage Beta','kulve-taroths-rage-beta','gloves','[]','high',153,8,675,4,-2,-4,3,-2,72,72,72,8,2,2),(676,'Kulve Taroth\'s Malice Beta','kulve-taroths-malice-beta','waist','[]','high',153,8,676,4,-2,-4,3,-2,72,72,72,9,2,2),(677,'Kulve Taroth\'s Wrath Beta','kulve-taroths-wrath-beta','legs','[]','high',153,8,677,4,-2,-4,3,-2,72,72,72,10,2,2);
/*!40000 ALTER TABLE `armor` ENABLE KEYS */;
UNLOCK TABLES;

--
-- Table structure for table `armor_assets`
--

DROP TABLE IF EXISTS `armor_assets`;
/*!40101 SET @saved_cs_client     = @@character_set_client */;
/*!40101 SET character_set_client = utf8 */;
CREATE TABLE `armor_assets` (
  `id` int(10) unsigned NOT NULL AUTO_INCREMENT,
  `image_male_id` int(10) unsigned DEFAULT NULL,
  `image_female_id` int(10) unsigned DEFAULT NULL,
  PRIMARY KEY (`id`),
  KEY `IDX_3A541F11E88FF827` (`image_male_id`),
  KEY `IDX_3A541F11690AE98E` (`image_female_id`),
  CONSTRAINT `FK_3A541F11690AE98E` FOREIGN KEY (`image_female_id`) REFERENCES `assets` (`id`),
  CONSTRAINT `FK_3A541F11E88FF827` FOREIGN KEY (`image_male_id`) REFERENCES `assets` (`id`)
) ENGINE=InnoDB AUTO_INCREMENT=678 DEFAULT CHARSET=utf8 COLLATE=utf8_unicode_ci;
/*!40101 SET character_set_client = @saved_cs_client */;

--
-- Dumping data for table `armor_assets`
--

LOCK TABLES `armor_assets` WRITE;
/*!40000 ALTER TABLE `armor_assets` DISABLE KEYS */;
INSERT INTO `armor_assets` VALUES (1,1,1257),(2,3,1258),(3,5,1259),(4,7,1260),(5,9,1261),(6,11,1262),(7,13,1263),(8,15,1264),(9,17,1265),(10,19,1266),(11,21,1267),(12,23,1268),(13,25,1269),(14,27,1270),(15,29,1271),(16,31,1272),(17,33,1273),(18,35,1274),(19,37,1275),(20,39,1276),(21,41,1277),(22,43,1278),(23,45,1279),(24,47,1280),(25,49,1281),(26,51,1282),(27,53,1283),(28,55,1284),(29,57,1285),(30,59,1286),(31,61,1287),(32,63,1288),(33,65,1289),(34,67,1290),(35,69,1291),(36,71,1292),(37,73,1293),(38,75,1294),(39,77,1295),(40,79,1296),(41,81,1297),(42,83,1298),(43,85,1299),(44,87,1300),(45,89,1301),(46,91,1302),(47,93,1303),(48,95,1304),(49,97,1305),(50,99,1306),(51,101,1307),(52,103,1308),(53,105,1309),(54,107,1310),(55,109,1311),(56,111,1312),(57,113,1313),(58,115,1314),(59,117,1315),(60,119,1316),(61,121,1317),(62,123,1318),(63,125,1319),(64,127,1320),(65,129,1321),(66,131,1322),(67,133,1323),(68,135,1324),(69,137,1325),(70,139,1326),(71,141,1327),(72,143,1328),(73,135,1324),(74,137,1325),(75,139,1326),(76,141,1327),(77,143,1328),(78,145,1329),(79,147,1330),(80,149,1331),(81,151,1332),(82,153,1333),(83,155,1334),(84,157,1335),(85,159,1336),(86,161,1337),(87,163,1338),(88,165,1339),(89,167,1340),(90,169,1341),(91,171,1342),(92,173,1343),(93,175,1344),(94,177,1345),(95,179,1346),(96,181,1347),(97,183,1348),(98,185,1349),(99,187,1350),(100,189,1351),(101,191,1352),(102,193,1353),(103,195,1354),(104,197,1355),(105,199,1356),(106,201,1357),(107,203,1358),(108,205,1359),(109,207,1360),(110,209,1361),(111,211,1362),(112,213,1363),(113,215,1364),(114,217,1365),(115,219,1366),(116,221,1367),(117,223,1368),(118,225,1369),(119,227,1370),(120,229,1371),(121,231,1372),(122,233,1373),(123,235,1374),(124,237,1375),(125,239,1376),(126,241,1377),(127,243,1378),(128,245,1379),(129,247,1380),(130,249,1381),(131,251,1382),(132,253,1383),(133,255,1384),(134,257,1385),(135,259,1386),(136,261,1387),(137,263,1388),(138,265,1389),(139,267,1390),(140,269,1391),(141,271,1392),(142,273,1393),(143,275,1394),(144,277,1395),(145,279,1396),(146,281,1397),(147,283,1398),(148,285,1399),(149,287,1400),(150,289,1401),(151,291,1402),(152,293,1403),(153,295,1404),(154,297,1405),(155,299,1406),(156,301,1407),(157,303,1408),(158,305,1409),(159,307,1410),(160,309,1411),(161,311,1412),(162,313,1413),(163,315,1414),(164,317,1415),(165,319,1416),(166,321,1417),(167,323,1418),(168,325,1419),(169,327,1420),(170,329,1421),(171,15,1422),(172,332,1423),(173,334,1424),(174,336,1425),(175,338,1426),(176,340,1427),(177,342,1428),(178,344,1429),(179,346,1430),(180,348,1431),(181,350,1432),(182,352,1433),(183,354,1434),(184,356,1435),(185,358,1436),(186,360,1437),(187,362,1438),(188,364,1439),(189,366,1440),(190,368,1441),(191,370,1442),(192,372,1443),(193,374,1444),(194,376,1445),(195,378,1446),(196,380,1447),(197,382,1448),(198,384,1449),(199,386,1450),(200,388,1451),(201,390,1452),(202,392,1453),(203,394,1454),(204,396,1455),(205,398,1456),(206,400,1457),(207,402,1458),(208,404,1459),(209,406,1460),(210,408,1461),(211,410,1462),(212,412,1463),(213,414,1464),(214,396,1455),(215,398,1456),(216,400,1457),(217,402,1458),(218,404,1459),(219,406,1460),(220,408,1461),(221,410,1462),(222,412,1463),(223,414,1464),(224,416,1465),(225,418,1466),(226,420,1467),(227,422,1468),(228,424,1469),(229,426,1470),(230,428,1471),(231,430,1472),(232,432,1473),(233,434,1474),(234,436,1475),(235,438,1476),(236,440,1477),(237,442,1478),(238,444,1479),(239,446,1480),(240,448,1481),(241,450,1482),(242,452,1483),(243,454,1484),(244,456,1485),(245,458,1486),(246,460,1487),(247,462,1488),(248,464,1489),(249,466,1490),(250,468,1491),(251,470,1492),(252,472,1493),(253,474,1494),(254,476,1495),(255,478,1496),(256,480,1497),(257,482,1498),(258,484,1499),(259,486,1500),(260,488,1501),(261,490,1502),(262,492,1503),(263,494,1504),(264,496,1505),(265,498,1506),(266,500,1507),(267,502,1508),(268,504,1509),(269,506,1510),(270,508,1511),(271,510,1512),(272,512,1513),(273,514,1514),(274,516,1515),(275,518,1516),(276,520,1517),(277,522,1518),(278,524,1519),(279,526,1520),(280,528,1521),(281,530,1522),(282,532,1523),(283,534,1524),(284,536,1525),(285,538,1526),(286,540,1527),(287,542,1528),(288,544,1529),(289,546,1530),(290,548,1531),(291,550,1532),(292,552,1533),(293,554,1534),(294,556,1535),(295,558,1536),(296,560,1537),(297,562,1538),(298,564,1539),(299,566,1540),(300,568,1541),(301,570,1542),(302,572,1543),(303,574,1544),(304,576,1545),(305,578,1546),(306,580,1547),(307,582,1548),(308,584,1549),(309,586,1550),(310,588,1551),(311,590,1552),(312,592,1553),(313,594,1554),(314,596,1555),(315,598,1556),(316,600,1557),(317,602,1558),(318,604,1559),(319,606,1560),(320,608,1561),(321,610,1562),(322,612,1563),(323,614,1564),(324,616,1565),(325,618,1566),(326,620,1567),(327,622,1568),(328,624,1569),(329,626,1570),(330,628,1571),(331,630,1572),(332,632,1573),(333,634,1574),(334,636,1575),(335,638,1576),(336,640,1577),(337,642,1578),(338,644,1579),(339,646,1580),(340,648,1581),(341,650,1582),(342,652,1583),(343,654,1584),(344,193,1585),(345,657,1586),(346,659,1587),(347,661,1588),(348,663,1589),(349,193,1590),(350,666,1591),(351,668,1592),(352,670,1593),(353,672,1594),(354,674,1595),(355,676,1596),(356,678,1597),(357,680,1598),(358,682,1599),(359,684,1600),(360,686,1601),(361,688,1602),(362,690,1603),(363,692,1604),(364,694,1605),(365,696,1606),(366,698,1607),(367,700,1608),(368,702,1609),(369,704,1610),(370,706,1611),(371,708,1612),(372,710,1613),(373,712,1614),(374,714,1615),(375,716,1616),(376,718,1617),(377,720,1618),(378,722,1619),(379,724,1620),(380,726,1621),(381,728,1622),(382,730,1623),(383,732,1624),(384,734,1624),(385,736,1624),(386,738,1625),(387,740,1624),(388,742,1624),(389,744,1624),(390,746,1624),(391,748,1626),(392,750,1624),(393,752,1624),(394,754,1624),(395,756,1627),(396,758,1628),(397,760,1629),(398,762,1630),(399,764,1631),(400,766,1632),(401,768,1633),(402,770,1634),(403,772,1635),(404,774,1636),(405,776,1637),(406,778,1638),(407,780,1639),(408,782,1640),(409,784,1641),(410,786,1642),(411,788,1643),(412,790,1644),(413,792,1645),(414,794,1646),(415,796,1647),(416,798,1648),(417,800,1649),(418,802,1650),(419,804,1651),(420,806,1652),(421,808,1653),(422,810,1654),(423,812,1655),(424,814,1656),(425,816,1657),(426,818,1658),(427,820,1659),(428,822,1660),(429,824,1661),(430,826,1662),(431,828,1663),(432,830,1664),(433,832,1665),(434,834,1666),(435,836,1667),(436,838,1668),(437,840,1669),(438,842,1624),(439,844,1624),(440,846,1624),(441,848,1624),(442,850,1670),(443,852,1624),(444,854,1624),(445,856,1624),(446,858,1624),(447,860,1671),(448,862,1672),(449,864,1673),(450,866,1674),(451,868,1675),(452,870,1676),(453,872,1677),(454,874,1678),(455,876,1679),(456,878,1680),(457,880,1681),(458,882,1682),(459,884,1683),(460,886,1684),(461,888,1685),(462,890,1686),(463,892,1687),(464,894,1688),(465,896,1689),(466,898,1690),(467,900,1691),(468,902,1692),(469,904,1693),(470,906,1694),(471,908,1695),(472,910,1696),(473,912,1697),(474,914,1698),(475,916,1699),(476,918,1700),(477,920,1701),(478,922,1702),(479,924,1703),(480,926,1704),(481,928,1705),(482,930,1706),(483,932,1707),(484,934,1708),(485,936,1709),(486,938,1710),(487,940,1711),(488,942,1712),(489,944,1713),(490,946,1714),(491,948,1715),(492,950,1716),(493,952,1717),(494,954,1718),(495,956,1719),(496,958,1720),(497,960,1721),(498,962,1722),(499,964,1723),(500,966,1724),(501,968,1725),(502,970,1726),(503,972,1727),(504,974,1728),(505,976,1729),(506,978,1730),(507,980,1731),(508,982,1732),(509,984,1733),(510,986,1734),(511,988,1735),(512,990,1736),(513,992,1737),(514,994,1738),(515,996,1739),(516,998,1740),(517,1000,1741),(518,1002,1742),(519,1004,1743),(520,1006,1744),(521,1008,1745),(522,1010,1746),(523,1012,1747),(524,1014,1748),(525,1016,1749),(526,1018,1750),(527,1020,1751),(528,1022,1752),(529,1024,1753),(530,1026,1754),(531,1028,1755),(532,1030,1756),(533,1032,1757),(534,1034,1758),(535,1036,1759),(536,1038,1760),(537,1040,1761),(538,1042,1762),(539,1044,1763),(540,1046,1764),(541,1048,1765),(542,1050,1766),(543,1052,1767),(544,1054,1768),(545,1056,1769),(546,1058,1770),(547,1060,1771),(548,1062,1772),(549,1064,1773),(550,1066,1774),(551,1068,1775),(552,1070,1776),(553,1072,1777),(554,1074,1778),(555,1076,1779),(556,1078,1780),(557,1080,1781),(558,1082,1782),(559,1084,1783),(560,1086,1784),(561,1088,1785),(562,1090,1786),(563,1092,1787),(564,1094,1624),(565,1096,1624),(566,1098,1624),(567,1100,1624),(568,1102,1788),(569,1104,1789),(570,1106,1790),(571,1108,1791),(572,1110,1792),(573,1112,1793),(574,1114,1794),(575,1116,1795),(576,1118,1796),(577,1120,1797),(578,1122,1798),(579,1124,1799),(580,1126,1800),(581,1128,1801),(582,1130,1802),(583,1132,1803),(584,1134,1804),(585,1136,1805),(586,1138,1806),(587,1140,1807),(588,1142,1808),(589,1144,1809),(590,1146,1810),(591,1148,1811),(592,1150,1812),(593,1152,1813),(594,1154,1814),(595,1156,1815),(596,1158,1816),(597,1160,1817),(598,1162,1818),(599,1164,1819),(600,1166,1820),(601,1168,1821),(602,1170,1822),(603,1172,1823),(604,1174,1824),(605,1176,1825),(606,1178,1826),(607,1180,1827),(608,1182,1828),(609,1184,1829),(610,1186,1830),(611,1188,1831),(612,1190,1832),(613,1192,1833),(614,1194,1834),(615,1196,1835),(616,1198,1836),(617,1200,1837),(618,1202,1838),(619,1204,1839),(620,1206,1840),(621,1208,1841),(622,1210,1842),(623,1212,1843),(624,1214,1844),(625,1216,1845),(626,1218,1846),(627,1220,1847),(628,1222,1848),(629,1224,1849),(630,1226,1850),(631,1228,1851),(632,1230,1852),(633,1232,1853),(634,1234,1854),(635,1236,1624),(636,1238,1624),(637,1240,1624),(638,1242,1624),(639,1244,1855),(640,1246,1856),(641,1246,1857),(642,1246,1858),(643,1246,1859),(644,NULL,1860),(645,NULL,1861),(646,NULL,1862),(647,NULL,1863),(648,NULL,1864),(649,NULL,1865),(650,NULL,1866),(651,1,1257),(652,3,1258),(653,5,1259),(654,7,1260),(655,9,1261),(656,1,1257),(657,3,1258),(658,5,1259),(659,7,1260),(660,9,1261),(661,1,1257),(662,3,1258),(663,5,1259),(664,7,1260),(665,9,1261),(666,1,1257),(667,1,1257),(668,1,1257),(669,3,1258),(670,5,1259),(671,7,1260),(672,9,1261),(673,1,1257),(674,3,1258),(675,5,1259),(676,7,1260),(677,9,1261);
/*!40000 ALTER TABLE `armor_assets` ENABLE KEYS */;
UNLOCK TABLES;

--
-- Table structure for table `armor_crafting_info`
--

DROP TABLE IF EXISTS `armor_crafting_info`;
/*!40101 SET @saved_cs_client     = @@character_set_client */;
/*!40101 SET character_set_client = utf8 */;
CREATE TABLE `armor_crafting_info` (
  `id` int(10) unsigned NOT NULL AUTO_INCREMENT,
  `materials_length` int(10) unsigned NOT NULL DEFAULT 0,
  PRIMARY KEY (`id`)
) ENGINE=InnoDB AUTO_INCREMENT=678 DEFAULT CHARSET=utf8mb4 COLLATE=utf8mb4_unicode_ci;
/*!40101 SET character_set_client = @saved_cs_client */;

--
-- Dumping data for table `armor_crafting_info`
--

LOCK TABLES `armor_crafting_info` WRITE;
/*!40000 ALTER TABLE `armor_crafting_info` DISABLE KEYS */;
INSERT INTO `armor_crafting_info` VALUES (1,0),(2,0),(3,0),(4,0),(5,0),(6,0),(7,0),(8,0),(9,0),(10,0),(11,1),(12,1),(13,1),(14,1),(15,1),(16,1),(17,1),(18,1),(19,1),(20,1),(21,2),(22,2),(23,2),(24,2),(25,2),(26,2),(27,2),(28,2),(29,2),(30,2),(31,2),(32,2),(33,2),(34,2),(35,2),(36,2),(37,2),(38,4),(39,4),(40,3),(41,4),(42,4),(43,3),(44,4),(45,3),(46,3),(47,3),(48,3),(49,3),(50,3),(51,3),(52,3),(53,4),(54,3),(55,3),(56,4),(57,4),(58,4),(59,4),(60,4),(61,3),(62,4),(63,4),(64,4),(65,3),(66,3),(67,4),(68,4),(69,4),(70,4),(71,3),(72,3),(73,3),(74,4),(75,4),(76,3),(77,3),(78,4),(79,4),(80,4),(81,4),(82,4),(83,4),(84,4),(85,4),(86,4),(87,4),(88,4),(89,4),(90,4),(91,4),(92,4),(93,4),(94,4),(95,4),(96,4),(97,4),(98,4),(99,4),(100,4),(101,4),(102,4),(103,4),(104,4),(105,4),(106,4),(107,3),(108,3),(109,4),(110,4),(111,3),(112,3),(113,4),(114,4),(115,4),(116,3),(117,4),(118,4),(119,4),(120,4),(121,4),(122,4),(123,4),(124,4),(125,4),(126,4),(127,4),(128,4),(129,4),(130,4),(131,4),(132,4),(133,4),(134,4),(135,4),(136,4),(137,4),(138,4),(139,4),(140,4),(141,4),(142,4),(143,4),(144,4),(145,4),(146,4),(147,4),(148,4),(149,4),(150,4),(151,4),(152,4),(153,4),(154,4),(155,4),(156,4),(157,4),(158,4),(159,4),(160,4),(161,4),(162,4),(163,3),(164,2),(165,2),(166,2),(167,2),(168,2),(169,4),(170,4),(171,4),(172,4),(173,4),(174,2),(175,2),(176,2),(177,2),(178,2),(179,2),(180,2),(181,2),(182,2),(183,2),(184,2),(185,2),(186,2),(187,2),(188,2),(189,2),(190,2),(191,2),(192,2),(193,2),(194,2),(195,2),(196,2),(197,2),(198,2),(199,2),(200,2),(201,2),(202,2),(203,2),(204,3),(205,3),(206,3),(207,3),(208,3),(209,3),(210,3),(211,3),(212,3),(213,3),(214,4),(215,4),(216,4),(217,4),(218,4),(219,4),(220,4),(221,4),(222,4),(223,4),(224,4),(225,4),(226,4),(227,4),(228,4),(229,4),(230,4),(231,4),(232,4),(233,4),(234,4),(235,4),(236,4),(237,4),(238,4),(239,4),(240,4),(241,4),(242,4),(243,4),(244,3),(245,3),(246,4),(247,3),(248,4),(249,3),(250,3),(251,4),(252,3),(253,4),(254,3),(255,4),(256,3),(257,3),(258,4),(259,3),(260,4),(261,3),(262,3),(263,4),(264,4),(265,3),(266,3),(267,3),(268,3),(269,3),(270,3),(271,4),(272,4),(273,4),(274,4),(275,4),(276,4),(277,4),(278,4),(279,4),(280,4),(281,3),(282,4),(283,3),(284,4),(285,4),(286,3),(287,4),(288,3),(289,4),(290,4),(291,4),(292,4),(293,4),(294,4),(295,4),(296,4),(297,4),(298,4),(299,4),(300,4),(301,4),(302,4),(303,4),(304,4),(305,4),(306,4),(307,4),(308,4),(309,4),(310,4),(311,4),(312,3),(313,3),(314,4),(315,4),(316,4),(317,3),(318,3),(319,4),(320,4),(321,4),(322,4),(323,4),(324,3),(325,4),(326,4),(327,4),(328,4),(329,3),(330,4),(331,4),(332,4),(333,4),(334,4),(335,4),(336,4),(337,4),(338,4),(339,4),(340,4),(341,4),(342,4),(343,4),(344,3),(345,4),(346,4),(347,4),(348,4),(349,3),(350,4),(351,4),(352,4),(353,4),(354,4),(355,4),(356,4),(357,4),(358,4),(359,4),(360,4),(361,4),(362,4),(363,4),(364,4),(365,4),(366,4),(367,4),(368,4),(369,4),(370,4),(371,4),(372,4),(373,4),(374,4),(375,4),(376,4),(377,4),(378,4),(379,4),(380,4),(381,4),(382,4),(383,4),(384,4),(385,4),(386,4),(387,4),(388,4),(389,4),(390,4),(391,4),(392,4),(393,4),(394,4),(395,4),(396,4),(397,4),(398,4),(399,4),(400,4),(401,4),(402,4),(403,4),(404,4),(405,4),(406,4),(407,4),(408,4),(409,4),(410,4),(411,4),(412,4),(413,4),(414,4),(415,4),(416,4),(417,4),(418,4),(419,4),(420,4),(421,4),(422,4),(423,4),(424,4),(425,4),(426,4),(427,4),(428,4),(429,4),(430,4),(431,4),(432,4),(433,4),(434,4),(435,4),(436,4),(437,4),(438,4),(439,4),(440,4),(441,4),(442,4),(443,4),(444,4),(445,4),(446,4),(447,4),(448,4),(449,4),(450,4),(451,4),(452,4),(453,4),(454,4),(455,4),(456,3),(457,4),(458,4),(459,4),(460,4),(461,4),(462,4),(463,4),(464,4),(465,4),(466,4),(467,4),(468,4),(469,4),(470,4),(471,4),(472,4),(473,4),(474,4),(475,4),(476,4),(477,4),(478,4),(479,4),(480,4),(481,4),(482,4),(483,4),(484,4),(485,4),(486,4),(487,4),(488,4),(489,4),(490,4),(491,4),(492,4),(493,4),(494,4),(495,4),(496,4),(497,4),(498,4),(499,4),(500,4),(501,4),(502,4),(503,4),(504,4),(505,4),(506,4),(507,4),(508,4),(509,4),(510,4),(511,4),(512,4),(513,4),(514,4),(515,4),(516,4),(517,4),(518,4),(519,4),(520,4),(521,4),(522,4),(523,4),(524,4),(525,4),(526,4),(527,4),(528,4),(529,4),(530,4),(531,4),(532,4),(533,4),(534,4),(535,4),(536,4),(537,4),(538,4),(539,4),(540,4),(541,4),(542,4),(543,4),(544,4),(545,4),(546,4),(547,4),(548,4),(549,4),(550,4),(551,4),(552,4),(553,4),(554,4),(555,4),(556,4),(557,4),(558,4),(559,4),(560,4),(561,4),(562,4),(563,4),(564,4),(565,4),(566,4),(567,4),(568,4),(569,4),(570,4),(571,4),(572,4),(573,4),(574,4),(575,4),(576,4),(577,4),(578,4),(579,4),(580,4),(581,4),(582,4),(583,4),(584,4),(585,4),(586,4),(587,4),(588,4),(589,4),(590,4),(591,4),(592,4),(593,4),(594,4),(595,4),(596,4),(597,4),(598,4),(599,4),(600,4),(601,4),(602,4),(603,4),(604,4),(605,4),(606,4),(607,4),(608,4),(609,4),(610,4),(611,4),(612,4),(613,4),(614,4),(615,4),(616,4),(617,4),(618,4),(619,4),(620,4),(621,4),(622,4),(623,4),(624,4),(625,4),(626,4),(627,4),(628,4),(629,4),(630,4),(631,4),(632,4),(633,4),(634,4),(635,4),(636,4),(637,4),(638,4),(639,4),(640,4),(641,4),(642,4),(643,4),(644,4),(645,4),(646,4),(647,4),(648,3),(649,4),(650,4),(651,4),(652,4),(653,4),(654,4),(655,4),(656,4),(657,4),(658,4),(659,4),(660,4),(661,4),(662,4),(663,4),(664,4),(665,4),(666,4),(667,4),(668,4),(669,2),(670,2),(671,2),(672,2),(673,2),(674,4),(675,4),(676,4),(677,4);
/*!40000 ALTER TABLE `armor_crafting_info` ENABLE KEYS */;
UNLOCK TABLES;

--
-- Table structure for table `armor_crafting_material_costs`
--

DROP TABLE IF EXISTS `armor_crafting_material_costs`;
/*!40101 SET @saved_cs_client     = @@character_set_client */;
/*!40101 SET character_set_client = utf8 */;
CREATE TABLE `armor_crafting_material_costs` (
  `armor_id` int(10) unsigned NOT NULL,
  `crafting_material_cost_id` int(10) unsigned NOT NULL,
  PRIMARY KEY (`armor_id`,`crafting_material_cost_id`),
  UNIQUE KEY `UNIQ_8EE9EA58DD94392C` (`crafting_material_cost_id`),
  KEY `IDX_8EE9EA58F5AA3663` (`armor_id`),
  CONSTRAINT `FK_8EE9EA58DD94392C` FOREIGN KEY (`crafting_material_cost_id`) REFERENCES `crafting_material_costs` (`id`),
  CONSTRAINT `FK_8EE9EA58F5AA3663` FOREIGN KEY (`armor_id`) REFERENCES `armor_crafting_info` (`id`)
) ENGINE=InnoDB DEFAULT CHARSET=utf8mb4 COLLATE=utf8mb4_unicode_ci;
/*!40101 SET character_set_client = @saved_cs_client */;

--
-- Dumping data for table `armor_crafting_material_costs`
--

LOCK TABLES `armor_crafting_material_costs` WRITE;
/*!40000 ALTER TABLE `armor_crafting_material_costs` DISABLE KEYS */;
INSERT INTO `armor_crafting_material_costs` VALUES (11,39447),(12,39448),(13,39449),(14,39450),(15,39451),(16,39452),(17,39453),(18,39454),(19,39455),(20,39456),(21,39457),(21,39458),(22,39459),(22,39460),(23,39461),(23,39462),(24,39463),(24,39464),(25,39465),(25,39466),(26,39467),(26,39468),(27,39469),(27,39470),(28,39471),(28,39472),(29,39473),(29,39474),(30,39475),(30,39476),(31,39477),(31,39478),(32,39479),(32,39480),(33,39481),(33,39482),(34,39483),(34,39484),(35,39485),(35,39486),(36,39487),(36,39488),(37,39489),(37,39490),(38,39491),(38,39492),(38,39493),(38,39494),(39,39495),(39,39496),(39,39497),(39,39498),(40,39499),(40,39500),(40,39501),(41,39502),(41,39503),(41,39504),(41,39505),(42,39506),(42,39507),(42,39508),(42,39509),(43,39510),(43,39511),(43,39512),(44,39513),(44,39514),(44,39515),(44,39516),(45,39517),(45,39518),(45,39519),(46,39520),(46,39521),(46,39522),(47,39523),(47,39524),(47,39525),(48,39526),(48,39527),(48,39528),(49,39529),(49,39530),(49,39531),(50,39532),(50,39533),(50,39534),(51,39535),(51,39536),(51,39537),(52,39538),(52,39539),(52,39540),(53,39541),(53,39542),(53,39543),(53,39544),(54,39545),(54,39546),(54,39547),(55,39548),(55,39549),(55,39550),(56,39551),(56,39552),(56,39553),(56,39554),(57,39555),(57,39556),(57,39557),(57,39558),(58,39559),(58,39560),(58,39561),(58,39562),(59,39563),(59,39564),(59,39565),(59,39566),(60,39567),(60,39568),(60,39569),(60,39570),(61,39571),(61,39572),(61,39573),(62,39574),(62,39575),(62,39576),(62,39577),(63,39578),(63,39579),(63,39580),(63,39581),(64,39582),(64,39583),(64,39584),(64,39585),(65,39586),(65,39587),(65,39588),(66,39589),(66,39590),(66,39591),(67,39592),(67,39593),(67,39594),(67,39595),(68,39596),(68,39597),(68,39598),(68,39599),(69,39600),(69,39601),(69,39602),(69,39603),(70,39604),(70,39605),(70,39606),(70,39607),(71,39608),(71,39609),(71,39610),(72,39611),(72,39612),(72,39613),(73,39614),(73,39615),(73,39616),(74,39617),(74,39618),(74,39619),(74,39620),(75,39621),(75,39622),(75,39623),(75,39624),(76,39625),(76,39626),(76,39627),(77,39628),(77,39629),(77,39630),(78,39631),(78,39632),(78,39633),(78,39634),(79,39635),(79,39636),(79,39637),(79,39638),(80,39639),(80,39640),(80,39641),(80,39642),(81,39643),(81,39644),(81,39645),(81,39646),(82,39647),(82,39648),(82,39649),(82,39650),(83,39651),(83,39652),(83,39653),(83,39654),(84,39655),(84,39656),(84,39657),(84,39658),(85,39659),(85,39660),(85,39661),(85,39662),(86,39663),(86,39664),(86,39665),(86,39666),(87,39667),(87,39668),(87,39669),(87,39670),(88,39671),(88,39672),(88,39673),(88,39674),(89,39675),(89,39676),(89,39677),(89,39678),(90,39679),(90,39680),(90,39681),(90,39682),(91,39683),(91,39684),(91,39685),(91,39686),(92,39687),(92,39688),(92,39689),(92,39690),(93,39691),(93,39692),(93,39693),(93,39694),(94,39695),(94,39696),(94,39697),(94,39698),(95,39699),(95,39700),(95,39701),(95,39702),(96,39703),(96,39704),(96,39705),(96,39706),(97,39707),(97,39708),(97,39709),(97,39710),(98,39711),(98,39712),(98,39713),(98,39714),(99,39715),(99,39716),(99,39717),(99,39718),(100,39719),(100,39720),(100,39721),(100,39722),(101,39723),(101,39724),(101,39725),(101,39726),(102,39727),(102,39728),(102,39729),(102,39730),(103,39731),(103,39732),(103,39733),(103,39734),(104,39735),(104,39736),(104,39737),(104,39738),(105,39739),(105,39740),(105,39741),(105,39742),(106,39743),(106,39744),(106,39745),(106,39746),(107,39747),(107,39748),(107,39749),(108,39750),(108,39751),(108,39752),(109,39753),(109,39754),(109,39755),(109,39756),(110,39757),(110,39758),(110,39759),(110,39760),(111,39761),(111,39762),(111,39763),(112,39764),(112,39765),(112,39766),(113,39767),(113,39768),(113,39769),(113,39770),(114,39771),(114,39772),(114,39773),(114,39774),(115,39775),(115,39776),(115,39777),(115,39778),(116,39779),(116,39780),(116,39781),(117,39782),(117,39783),(117,39784),(117,39785),(118,39786),(118,39787),(118,39788),(118,39789),(119,39790),(119,39791),(119,39792),(119,39793),(120,39794),(120,39795),(120,39796),(120,39797),(121,39798),(121,39799),(121,39800),(121,39801),(122,39802),(122,39803),(122,39804),(122,39805),(123,39806),(123,39807),(123,39808),(123,39809),(124,39810),(124,39811),(124,39812),(124,39813),(125,39814),(125,39815),(125,39816),(125,39817),(126,39818),(126,39819),(126,39820),(126,39821),(127,39822),(127,39823),(127,39824),(127,39825),(128,39826),(128,39827),(128,39828),(128,39829),(129,39830),(129,39831),(129,39832),(129,39833),(130,39834),(130,39835),(130,39836),(130,39837),(131,39838),(131,39839),(131,39840),(131,39841),(132,39842),(132,39843),(132,39844),(132,39845),(133,39846),(133,39847),(133,39848),(133,39849),(134,39850),(134,39851),(134,39852),(134,39853),(135,39854),(135,39855),(135,39856),(135,39857),(136,39858),(136,39859),(136,39860),(136,39861),(137,39862),(137,39863),(137,39864),(137,39865),(138,39866),(138,39867),(138,39868),(138,39869),(139,39870),(139,39871),(139,39872),(139,39873),(140,39874),(140,39875),(140,39876),(140,39877),(141,39878),(141,39879),(141,39880),(141,39881),(142,39882),(142,39883),(142,39884),(142,39885),(143,39886),(143,39887),(143,39888),(143,39889),(144,39890),(144,39891),(144,39892),(144,39893),(145,39894),(145,39895),(145,39896),(145,39897),(146,39898),(146,39899),(146,39900),(146,39901),(147,39902),(147,39903),(147,39904),(147,39905),(148,39906),(148,39907),(148,39908),(148,39909),(149,39910),(149,39911),(149,39912),(149,39913),(150,39914),(150,39915),(150,39916),(150,39917),(151,39918),(151,39919),(151,39920),(151,39921),(152,39922),(152,39923),(152,39924),(152,39925),(153,39926),(153,39927),(153,39928),(153,39929),(154,39930),(154,39931),(154,39932),(154,39933),(155,39934),(155,39935),(155,39936),(155,39937),(156,39938),(156,39939),(156,39940),(156,39941),(157,39942),(157,39943),(157,39944),(157,39945),(158,39946),(158,39947),(158,39948),(158,39949),(159,39950),(159,39951),(159,39952),(159,39953),(160,39954),(160,39955),(160,39956),(160,39957),(161,39958),(161,39959),(161,39960),(161,39961),(162,39962),(162,39963),(162,39964),(162,39965),(163,39966),(163,39967),(163,39968),(164,39969),(164,39970),(165,39971),(165,39972),(166,39973),(166,39974),(167,39975),(167,39976),(168,39977),(168,39978),(169,39979),(169,39980),(169,39981),(169,39982),(170,39983),(170,39984),(170,39985),(170,39986),(171,39987),(171,39988),(171,39989),(171,39990),(172,39991),(172,39992),(172,39993),(172,39994),(173,39995),(173,39996),(173,39997),(173,39998),(174,39999),(174,40000),(175,40001),(175,40002),(176,40003),(176,40004),(177,40005),(177,40006),(178,40007),(178,40008),(179,40009),(179,40010),(180,40011),(180,40012),(181,40013),(181,40014),(182,40015),(182,40016),(183,40017),(183,40018),(184,40019),(184,40020),(185,40021),(185,40022),(186,40023),(186,40024),(187,40025),(187,40026),(188,40027),(188,40028),(189,40029),(189,40030),(190,40031),(190,40032),(191,40033),(191,40034),(192,40035),(192,40036),(193,40037),(193,40038),(194,40039),(194,40040),(195,40041),(195,40042),(196,40043),(196,40044),(197,40045),(197,40046),(198,40047),(198,40048),(199,40049),(199,40050),(200,40051),(200,40052),(201,40053),(201,40054),(202,40055),(202,40056),(203,40057),(203,40058),(204,40059),(204,40060),(204,40061),(205,40062),(205,40063),(205,40064),(206,40065),(206,40066),(206,40067),(207,40068),(207,40069),(207,40070),(208,40071),(208,40072),(208,40073),(209,40074),(209,40075),(209,40076),(210,40077),(210,40078),(210,40079),(211,40080),(211,40081),(211,40082),(212,40083),(212,40084),(212,40085),(213,40086),(213,40087),(213,40088),(214,40089),(214,40090),(214,40091),(214,40092),(215,40093),(215,40094),(215,40095),(215,40096),(216,40097),(216,40098),(216,40099),(216,40100),(217,40101),(217,40102),(217,40103),(217,40104),(218,40105),(218,40106),(218,40107),(218,40108),(219,40109),(219,40110),(219,40111),(219,40112),(220,40113),(220,40114),(220,40115),(220,40116),(221,40117),(221,40118),(221,40119),(221,40120),(222,40121),(222,40122),(222,40123),(222,40124),(223,40125),(223,40126),(223,40127),(223,40128),(224,40129),(224,40130),(224,40131),(224,40132),(225,40133),(225,40134),(225,40135),(225,40136),(226,40137),(226,40138),(226,40139),(226,40140),(227,40141),(227,40142),(227,40143),(227,40144),(228,40145),(228,40146),(228,40147),(228,40148),(229,40149),(229,40150),(229,40151),(229,40152),(230,40153),(230,40154),(230,40155),(230,40156),(231,40157),(231,40158),(231,40159),(231,40160),(232,40161),(232,40162),(232,40163),(232,40164),(233,40165),(233,40166),(233,40167),(233,40168),(234,40169),(234,40170),(234,40171),(234,40172),(235,40173),(235,40174),(235,40175),(235,40176),(236,40177),(236,40178),(236,40179),(236,40180),(237,40181),(237,40182),(237,40183),(237,40184),(238,40185),(238,40186),(238,40187),(238,40188),(239,40189),(239,40190),(239,40191),(239,40192),(240,40193),(240,40194),(240,40195),(240,40196),(241,40197),(241,40198),(241,40199),(241,40200),(242,40201),(242,40202),(242,40203),(242,40204),(243,40205),(243,40206),(243,40207),(243,40208),(244,40209),(244,40210),(244,40211),(245,40212),(245,40213),(245,40214),(246,40215),(246,40216),(246,40217),(246,40218),(247,40219),(247,40220),(247,40221),(248,40222),(248,40223),(248,40224),(248,40225),(249,40226),(249,40227),(249,40228),(250,40229),(250,40230),(250,40231),(251,40232),(251,40233),(251,40234),(251,40235),(252,40236),(252,40237),(252,40238),(253,40239),(253,40240),(253,40241),(253,40242),(254,40243),(254,40244),(254,40245),(255,40246),(255,40247),(255,40248),(255,40249),(256,40250),(256,40251),(256,40252),(257,40253),(257,40254),(257,40255),(258,40256),(258,40257),(258,40258),(258,40259),(259,40260),(259,40261),(259,40262),(260,40263),(260,40264),(260,40265),(260,40266),(261,40267),(261,40268),(261,40269),(262,40270),(262,40271),(262,40272),(263,40273),(263,40274),(263,40275),(263,40276),(264,40277),(264,40278),(264,40279),(264,40280),(265,40281),(265,40282),(265,40283),(266,40284),(266,40285),(266,40286),(267,40287),(267,40288),(267,40289),(268,40290),(268,40291),(268,40292),(269,40293),(269,40294),(269,40295),(270,40296),(270,40297),(270,40298),(271,40299),(271,40300),(271,40301),(271,40302),(272,40303),(272,40304),(272,40305),(272,40306),(273,40307),(273,40308),(273,40309),(273,40310),(274,40311),(274,40312),(274,40313),(274,40314),(275,40315),(275,40316),(275,40317),(275,40318),(276,40319),(276,40320),(276,40321),(276,40322),(277,40323),(277,40324),(277,40325),(277,40326),(278,40327),(278,40328),(278,40329),(278,40330),(279,40331),(279,40332),(279,40333),(279,40334),(280,40335),(280,40336),(280,40337),(280,40338),(281,40339),(281,40340),(281,40341),(282,40342),(282,40343),(282,40344),(282,40345),(283,40346),(283,40347),(283,40348),(284,40349),(284,40350),(284,40351),(284,40352),(285,40353),(285,40354),(285,40355),(285,40356),(286,40357),(286,40358),(286,40359),(287,40360),(287,40361),(287,40362),(287,40363),(288,40364),(288,40365),(288,40366),(289,40367),(289,40368),(289,40369),(289,40370),(290,40371),(290,40372),(290,40373),(290,40374),(291,40375),(291,40376),(291,40377),(291,40378),(292,40379),(292,40380),(292,40381),(292,40382),(293,40383),(293,40384),(293,40385),(293,40386),(294,40387),(294,40388),(294,40389),(294,40390),(295,40391),(295,40392),(295,40393),(295,40394),(296,40395),(296,40396),(296,40397),(296,40398),(297,40399),(297,40400),(297,40401),(297,40402),(298,40403),(298,40404),(298,40405),(298,40406),(299,40407),(299,40408),(299,40409),(299,40410),(300,40411),(300,40412),(300,40413),(300,40414),(301,40415),(301,40416),(301,40417),(301,40418),(302,40419),(302,40420),(302,40421),(302,40422),(303,40423),(303,40424),(303,40425),(303,40426),(304,40427),(304,40428),(304,40429),(304,40430),(305,40431),(305,40432),(305,40433),(305,40434),(306,40435),(306,40436),(306,40437),(306,40438),(307,40439),(307,40440),(307,40441),(307,40442),(308,40443),(308,40444),(308,40445),(308,40446),(309,40447),(309,40448),(309,40449),(309,40450),(310,40451),(310,40452),(310,40453),(310,40454),(311,40455),(311,40456),(311,40457),(311,40458),(312,40459),(312,40460),(312,40461),(313,40462),(313,40463),(313,40464),(314,40465),(314,40466),(314,40467),(314,40468),(315,40469),(315,40470),(315,40471),(315,40472),(316,40473),(316,40474),(316,40475),(316,40476),(317,40477),(317,40478),(317,40479),(318,40480),(318,40481),(318,40482),(319,40483),(319,40484),(319,40485),(319,40486),(320,40487),(320,40488),(320,40489),(320,40490),(321,40491),(321,40492),(321,40493),(321,40494),(322,40495),(322,40496),(322,40497),(322,40498),(323,40499),(323,40500),(323,40501),(323,40502),(324,40503),(324,40504),(324,40505),(325,40506),(325,40507),(325,40508),(325,40509),(326,40510),(326,40511),(326,40512),(326,40513),(327,40514),(327,40515),(327,40516),(327,40517),(328,40518),(328,40519),(328,40520),(328,40521),(329,40522),(329,40523),(329,40524),(330,40525),(330,40526),(330,40527),(330,40528),(331,40529),(331,40530),(331,40531),(331,40532),(332,40533),(332,40534),(332,40535),(332,40536),(333,40537),(333,40538),(333,40539),(333,40540),(334,40541),(334,40542),(334,40543),(334,40544),(335,40545),(335,40546),(335,40547),(335,40548),(336,40549),(336,40550),(336,40551),(336,40552),(337,40553),(337,40554),(337,40555),(337,40556),(338,40557),(338,40558),(338,40559),(338,40560),(339,40561),(339,40562),(339,40563),(339,40564),(340,40565),(340,40566),(340,40567),(340,40568),(341,40569),(341,40570),(341,40571),(341,40572),(342,40573),(342,40574),(342,40575),(342,40576),(343,40577),(343,40578),(343,40579),(343,40580),(344,40581),(344,40582),(344,40583),(345,40584),(345,40585),(345,40586),(345,40587),(346,40588),(346,40589),(346,40590),(346,40591),(347,40592),(347,40593),(347,40594),(347,40595),(348,40596),(348,40597),(348,40598),(348,40599),(349,40600),(349,40601),(349,40602),(350,40603),(350,40604),(350,40605),(350,40606),(351,40607),(351,40608),(351,40609),(351,40610),(352,40611),(352,40612),(352,40613),(352,40614),(353,40615),(353,40616),(353,40617),(353,40618),(354,40619),(354,40620),(354,40621),(354,40622),(355,40623),(355,40624),(355,40625),(355,40626),(356,40627),(356,40628),(356,40629),(356,40630),(357,40631),(357,40632),(357,40633),(357,40634),(358,40635),(358,40636),(358,40637),(358,40638),(359,40639),(359,40640),(359,40641),(359,40642),(360,40643),(360,40644),(360,40645),(360,40646),(361,40647),(361,40648),(361,40649),(361,40650),(362,40651),(362,40652),(362,40653),(362,40654),(363,40655),(363,40656),(363,40657),(363,40658),(364,40659),(364,40660),(364,40661),(364,40662),(365,40663),(365,40664),(365,40665),(365,40666),(366,40667),(366,40668),(366,40669),(366,40670),(367,40671),(367,40672),(367,40673),(367,40674),(368,40675),(368,40676),(368,40677),(368,40678),(369,40679),(369,40680),(369,40681),(369,40682),(370,40683),(370,40684),(370,40685),(370,40686),(371,40687),(371,40688),(371,40689),(371,40690),(372,40691),(372,40692),(372,40693),(372,40694),(373,40695),(373,40696),(373,40697),(373,40698),(374,40699),(374,40700),(374,40701),(374,40702),(375,40703),(375,40704),(375,40705),(375,40706),(376,40707),(376,40708),(376,40709),(376,40710),(377,40711),(377,40712),(377,40713),(377,40714),(378,40715),(378,40716),(378,40717),(378,40718),(379,40719),(379,40720),(379,40721),(379,40722),(380,40723),(380,40724),(380,40725),(380,40726),(381,40727),(381,40728),(381,40729),(381,40730),(382,40731),(382,40732),(382,40733),(382,40734),(383,40735),(383,40736),(383,40737),(383,40738),(384,40739),(384,40740),(384,40741),(384,40742),(385,40743),(385,40744),(385,40745),(385,40746),(386,40747),(386,40748),(386,40749),(386,40750),(387,40751),(387,40752),(387,40753),(387,40754),(388,40755),(388,40756),(388,40757),(388,40758),(389,40759),(389,40760),(389,40761),(389,40762),(390,40763),(390,40764),(390,40765),(390,40766),(391,40767),(391,40768),(391,40769),(391,40770),(392,40771),(392,40772),(392,40773),(392,40774),(393,40775),(393,40776),(393,40777),(393,40778),(394,40779),(394,40780),(394,40781),(394,40782),(395,40783),(395,40784),(395,40785),(395,40786),(396,40787),(396,40788),(396,40789),(396,40790),(397,40791),(397,40792),(397,40793),(397,40794),(398,40795),(398,40796),(398,40797),(398,40798),(399,40799),(399,40800),(399,40801),(399,40802),(400,40803),(400,40804),(400,40805),(400,40806),(401,40807),(401,40808),(401,40809),(401,40810),(402,40811),(402,40812),(402,40813),(402,40814),(403,40815),(403,40816),(403,40817),(403,40818),(404,40819),(404,40820),(404,40821),(404,40822),(405,40823),(405,40824),(405,40825),(405,40826),(406,40827),(406,40828),(406,40829),(406,40830),(407,40831),(407,40832),(407,40833),(407,40834),(408,40835),(408,40836),(408,40837),(408,40838),(409,40839),(409,40840),(409,40841),(409,40842),(410,40843),(410,40844),(410,40845),(410,40846),(411,40847),(411,40848),(411,40849),(411,40850),(412,40851),(412,40852),(412,40853),(412,40854),(413,40855),(413,40856),(413,40857),(413,40858),(414,40859),(414,40860),(414,40861),(414,40862),(415,40863),(415,40864),(415,40865),(415,40866),(416,40867),(416,40868),(416,40869),(416,40870),(417,40871),(417,40872),(417,40873),(417,40874),(418,40875),(418,40876),(418,40877),(418,40878),(419,40879),(419,40880),(419,40881),(419,40882),(420,40883),(420,40884),(420,40885),(420,40886),(421,40887),(421,40888),(421,40889),(421,40890),(422,40891),(422,40892),(422,40893),(422,40894),(423,40895),(423,40896),(423,40897),(423,40898),(424,40899),(424,40900),(424,40901),(424,40902),(425,40903),(425,40904),(425,40905),(425,40906),(426,40907),(426,40908),(426,40909),(426,40910),(427,40911),(427,40912),(427,40913),(427,40914),(428,40915),(428,40916),(428,40917),(428,40918),(429,40919),(429,40920),(429,40921),(429,40922),(430,40923),(430,40924),(430,40925),(430,40926),(431,40927),(431,40928),(431,40929),(431,40930),(432,40931),(432,40932),(432,40933),(432,40934),(433,40935),(433,40936),(433,40937),(433,40938),(434,40939),(434,40940),(434,40941),(434,40942),(435,40943),(435,40944),(435,40945),(435,40946),(436,40947),(436,40948),(436,40949),(436,40950),(437,40951),(437,40952),(437,40953),(437,40954),(438,40955),(438,40956),(438,40957),(438,40958),(439,40959),(439,40960),(439,40961),(439,40962),(440,40963),(440,40964),(440,40965),(440,40966),(441,40967),(441,40968),(441,40969),(441,40970),(442,40971),(442,40972),(442,40973),(442,40974),(443,40975),(443,40976),(443,40977),(443,40978),(444,40979),(444,40980),(444,40981),(444,40982),(445,40983),(445,40984),(445,40985),(445,40986),(446,40987),(446,40988),(446,40989),(446,40990),(447,40991),(447,40992),(447,40993),(447,40994),(448,40995),(448,40996),(448,40997),(448,40998),(449,40999),(449,41000),(449,41001),(449,41002),(450,41003),(450,41004),(450,41005),(450,41006),(451,41007),(451,41008),(451,41009),(451,41010),(452,41011),(452,41012),(452,41013),(452,41014),(453,41015),(453,41016),(453,41017),(453,41018),(454,41019),(454,41020),(454,41021),(454,41022),(455,41023),(455,41024),(455,41025),(455,41026),(456,41027),(456,41028),(456,41029),(457,41030),(457,41031),(457,41032),(457,41033),(458,41034),(458,41035),(458,41036),(458,41037),(459,41038),(459,41039),(459,41040),(459,41041),(460,41042),(460,41043),(460,41044),(460,41045),(461,41046),(461,41047),(461,41048),(461,41049),(462,41050),(462,41051),(462,41052),(462,41053),(463,41054),(463,41055),(463,41056),(463,41057),(464,41058),(464,41059),(464,41060),(464,41061),(465,41062),(465,41063),(465,41064),(465,41065),(466,41066),(466,41067),(466,41068),(466,41069),(467,41070),(467,41071),(467,41072),(467,41073),(468,41074),(468,41075),(468,41076),(468,41077),(469,41078),(469,41079),(469,41080),(469,41081),(470,41082),(470,41083),(470,41084),(470,41085),(471,41086),(471,41087),(471,41088),(471,41089),(472,41090),(472,41091),(472,41092),(472,41093),(473,41094),(473,41095),(473,41096),(473,41097),(474,41098),(474,41099),(474,41100),(474,41101),(475,41102),(475,41103),(475,41104),(475,41105),(476,41106),(476,41107),(476,41108),(476,41109),(477,41110),(477,41111),(477,41112),(477,41113),(478,41114),(478,41115),(478,41116),(478,41117),(479,41118),(479,41119),(479,41120),(479,41121),(480,41122),(480,41123),(480,41124),(480,41125),(481,41126),(481,41127),(481,41128),(481,41129),(482,41130),(482,41131),(482,41132),(482,41133),(483,41134),(483,41135),(483,41136),(483,41137),(484,41138),(484,41139),(484,41140),(484,41141),(485,41142),(485,41143),(485,41144),(485,41145),(486,41146),(486,41147),(486,41148),(486,41149),(487,41150),(487,41151),(487,41152),(487,41153),(488,41154),(488,41155),(488,41156),(488,41157),(489,41158),(489,41159),(489,41160),(489,41161),(490,41162),(490,41163),(490,41164),(490,41165),(491,41166),(491,41167),(491,41168),(491,41169),(492,41170),(492,41171),(492,41172),(492,41173),(493,41174),(493,41175),(493,41176),(493,41177),(494,41178),(494,41179),(494,41180),(494,41181),(495,41182),(495,41183),(495,41184),(495,41185),(496,41186),(496,41187),(496,41188),(496,41189),(497,41190),(497,41191),(497,41192),(497,41193),(498,41194),(498,41195),(498,41196),(498,41197),(499,41198),(499,41199),(499,41200),(499,41201),(500,41202),(500,41203),(500,41204),(500,41205),(501,41206),(501,41207),(501,41208),(501,41209),(502,41210),(502,41211),(502,41212),(502,41213),(503,41214),(503,41215),(503,41216),(503,41217),(504,41218),(504,41219),(504,41220),(504,41221),(505,41222),(505,41223),(505,41224),(505,41225),(506,41226),(506,41227),(506,41228),(506,41229),(507,41230),(507,41231),(507,41232),(507,41233),(508,41234),(508,41235),(508,41236),(508,41237),(509,41238),(509,41239),(509,41240),(509,41241),(510,41242),(510,41243),(510,41244),(510,41245),(511,41246),(511,41247),(511,41248),(511,41249),(512,41250),(512,41251),(512,41252),(512,41253),(513,41254),(513,41255),(513,41256),(513,41257),(514,41258),(514,41259),(514,41260),(514,41261),(515,41262),(515,41263),(515,41264),(515,41265),(516,41266),(516,41267),(516,41268),(516,41269),(517,41270),(517,41271),(517,41272),(517,41273),(518,41274),(518,41275),(518,41276),(518,41277),(519,41278),(519,41279),(519,41280),(519,41281),(520,41282),(520,41283),(520,41284),(520,41285),(521,41286),(521,41287),(521,41288),(521,41289),(522,41290),(522,41291),(522,41292),(522,41293),(523,41294),(523,41295),(523,41296),(523,41297),(524,41298),(524,41299),(524,41300),(524,41301),(525,41302),(525,41303),(525,41304),(525,41305),(526,41306),(526,41307),(526,41308),(526,41309),(527,41310),(527,41311),(527,41312),(527,41313),(528,41314),(528,41315),(528,41316),(528,41317),(529,41318),(529,41319),(529,41320),(529,41321),(530,41322),(530,41323),(530,41324),(530,41325),(531,41326),(531,41327),(531,41328),(531,41329),(532,41330),(532,41331),(532,41332),(532,41333),(533,41334),(533,41335),(533,41336),(533,41337),(534,41338),(534,41339),(534,41340),(534,41341),(535,41342),(535,41343),(535,41344),(535,41345),(536,41346),(536,41347),(536,41348),(536,41349),(537,41350),(537,41351),(537,41352),(537,41353),(538,41354),(538,41355),(538,41356),(538,41357),(539,41358),(539,41359),(539,41360),(539,41361),(540,41362),(540,41363),(540,41364),(540,41365),(541,41366),(541,41367),(541,41368),(541,41369),(542,41370),(542,41371),(542,41372),(542,41373),(543,41374),(543,41375),(543,41376),(543,41377),(544,41378),(544,41379),(544,41380),(544,41381),(545,41382),(545,41383),(545,41384),(545,41385),(546,41386),(546,41387),(546,41388),(546,41389),(547,41390),(547,41391),(547,41392),(547,41393),(548,41394),(548,41395),(548,41396),(548,41397),(549,41398),(549,41399),(549,41400),(549,41401),(550,41402),(550,41403),(550,41404),(550,41405),(551,41406),(551,41407),(551,41408),(551,41409),(552,41410),(552,41411),(552,41412),(552,41413),(553,41414),(553,41415),(553,41416),(553,41417),(554,41418),(554,41419),(554,41420),(554,41421),(555,41422),(555,41423),(555,41424),(555,41425),(556,41426),(556,41427),(556,41428),(556,41429),(557,41430),(557,41431),(557,41432),(557,41433),(558,41434),(558,41435),(558,41436),(558,41437),(559,41438),(559,41439),(559,41440),(559,41441),(560,41442),(560,41443),(560,41444),(560,41445),(561,41446),(561,41447),(561,41448),(561,41449),(562,41450),(562,41451),(562,41452),(562,41453),(563,41454),(563,41455),(563,41456),(563,41457),(564,41458),(564,41459),(564,41460),(564,41461),(565,41462),(565,41463),(565,41464),(565,41465),(566,41466),(566,41467),(566,41468),(566,41469),(567,41470),(567,41471),(567,41472),(567,41473),(568,41474),(568,41475),(568,41476),(568,41477),(569,41478),(569,41479),(569,41480),(569,41481),(570,41482),(570,41483),(570,41484),(570,41485),(571,41486),(571,41487),(571,41488),(571,41489),(572,41490),(572,41491),(572,41492),(572,41493),(573,41494),(573,41495),(573,41496),(573,41497),(574,41498),(574,41499),(574,41500),(574,41501),(575,41502),(575,41503),(575,41504),(575,41505),(576,41506),(576,41507),(576,41508),(576,41509),(577,41510),(577,41511),(577,41512),(577,41513),(578,41514),(578,41515),(578,41516),(578,41517),(579,41518),(579,41519),(579,41520),(579,41521),(580,41522),(580,41523),(580,41524),(580,41525),(581,41526),(581,41527),(581,41528),(581,41529),(582,41530),(582,41531),(582,41532),(582,41533),(583,41534),(583,41535),(583,41536),(583,41537),(584,41538),(584,41539),(584,41540),(584,41541),(585,41542),(585,41543),(585,41544),(585,41545),(586,41546),(586,41547),(586,41548),(586,41549),(587,41550),(587,41551),(587,41552),(587,41553),(588,41554),(588,41555),(588,41556),(588,41557),(589,41558),(589,41559),(589,41560),(589,41561),(590,41562),(590,41563),(590,41564),(590,41565),(591,41566),(591,41567),(591,41568),(591,41569),(592,41570),(592,41571),(592,41572),(592,41573),(593,41574),(593,41575),(593,41576),(593,41577),(594,41578),(594,41579),(594,41580),(594,41581),(595,41582),(595,41583),(595,41584),(595,41585),(596,41586),(596,41587),(596,41588),(596,41589),(597,41590),(597,41591),(597,41592),(597,41593),(598,41594),(598,41595),(598,41596),(598,41597),(599,41598),(599,41599),(599,41600),(599,41601),(600,41602),(600,41603),(600,41604),(600,41605),(601,41606),(601,41607),(601,41608),(601,41609),(602,41610),(602,41611),(602,41612),(602,41613),(603,41614),(603,41615),(603,41616),(603,41617),(604,41618),(604,41619),(604,41620),(604,41621),(605,41622),(605,41623),(605,41624),(605,41625),(606,41626),(606,41627),(606,41628),(606,41629),(607,41630),(607,41631),(607,41632),(607,41633),(608,41634),(608,41635),(608,41636),(608,41637),(609,41638),(609,41639),(609,41640),(609,41641),(610,41642),(610,41643),(610,41644),(610,41645),(611,41646),(611,41647),(611,41648),(611,41649),(612,41650),(612,41651),(612,41652),(612,41653),(613,41654),(613,41655),(613,41656),(613,41657),(614,41658),(614,41659),(614,41660),(614,41661),(615,41662),(615,41663),(615,41664),(615,41665),(616,41666),(616,41667),(616,41668),(616,41669),(617,41670),(617,41671),(617,41672),(617,41673),(618,41674),(618,41675),(618,41676),(618,41677),(619,41678),(619,41679),(619,41680),(619,41681),(620,41682),(620,41683),(620,41684),(620,41685),(621,41686),(621,41687),(621,41688),(621,41689),(622,41690),(622,41691),(622,41692),(622,41693),(623,41694),(623,41695),(623,41696),(623,41697),(624,41698),(624,41699),(624,41700),(624,41701),(625,41702),(625,41703),(625,41704),(625,41705),(626,41706),(626,41707),(626,41708),(626,41709),(627,41710),(627,41711),(627,41712),(627,41713),(628,41714),(628,41715),(628,41716),(628,41717),(629,41718),(629,41719),(629,41720),(629,41721),(630,41722),(630,41723),(630,41724),(630,41725),(631,41726),(631,41727),(631,41728),(631,41729),(632,41730),(632,41731),(632,41732),(632,41733),(633,41734),(633,41735),(633,41736),(633,41737),(634,41738),(634,41739),(634,41740),(634,41741),(635,41742),(635,41743),(635,41744),(635,41745),(636,41746),(636,41747),(636,41748),(636,41749),(637,41750),(637,41751),(637,41752),(637,41753),(638,41754),(638,41755),(638,41756),(638,41757),(639,41758),(639,41759),(639,41760),(639,41761),(640,41762),(640,41763),(640,41764),(640,41765),(641,41766),(641,41767),(641,41768),(641,41769),(642,41770),(642,41771),(642,41772),(642,41773),(643,41774),(643,41775),(643,41776),(643,41777),(644,41778),(644,41779),(644,41780),(644,41781),(645,41782),(645,41783),(645,41784),(645,41785),(646,41786),(646,41787),(646,41788),(646,41789),(647,41790),(647,41791),(647,41792),(647,41793),(648,41794),(648,41795),(648,41796),(649,41797),(649,41798),(649,41799),(649,41800),(650,41801),(650,41802),(650,41803),(650,41804),(651,41805),(651,41806),(651,41807),(651,41808),(652,41809),(652,41810),(652,41811),(652,41812),(653,41813),(653,41814),(653,41815),(653,41816),(654,41817),(654,41818),(654,41819),(654,41820),(655,41821),(655,41822),(655,41823),(655,41824),(656,41825),(656,41826),(656,41827),(656,41828),(657,41829),(657,41830),(657,41831),(657,41832),(658,41833),(658,41834),(658,41835),(658,41836),(659,41837),(659,41838),(659,41839),(659,41840),(660,41841),(660,41842),(660,41843),(660,41844),(661,41845),(661,41846),(661,41847),(661,41848),(662,41849),(662,41850),(662,41851),(662,41852),(663,41853),(663,41854),(663,41855),(663,41856),(664,41857),(664,41858),(664,41859),(664,41860),(665,41861),(665,41862),(665,41863),(665,41864),(666,41865),(666,41866),(666,41867),(666,41868),(667,41869),(667,41870),(667,41871),(667,41872),(668,41873),(668,41874),(668,41875),(668,41876),(669,41877),(669,41878),(670,41879),(670,41880),(671,41881),(671,41882),(672,41883),(672,41884),(673,41885),(673,41886),(674,41887),(674,41888),(674,41889),(674,41890),(675,41891),(675,41892),(675,41893),(675,41894),(676,41895),(676,41896),(676,41897),(676,41898),(677,41899),(677,41900),(677,41901),(677,41902);
/*!40000 ALTER TABLE `armor_crafting_material_costs` ENABLE KEYS */;
UNLOCK TABLES;

--
-- Table structure for table `armor_set_bonus_ranks`
--

DROP TABLE IF EXISTS `armor_set_bonus_ranks`;
/*!40101 SET @saved_cs_client     = @@character_set_client */;
/*!40101 SET character_set_client = utf8 */;
CREATE TABLE `armor_set_bonus_ranks` (
  `id` int(10) unsigned NOT NULL AUTO_INCREMENT,
  `bonus_id` int(10) unsigned NOT NULL,
  `skill_id` int(10) unsigned NOT NULL,
  `pieces` smallint(5) unsigned NOT NULL,
  PRIMARY KEY (`id`),
  KEY `IDX_5DF784FC69545666` (`bonus_id`),
  KEY `IDX_5DF784FC5585C142` (`skill_id`),
  CONSTRAINT `FK_5DF784FC5585C142` FOREIGN KEY (`skill_id`) REFERENCES `skill_ranks` (`id`),
  CONSTRAINT `FK_5DF784FC69545666` FOREIGN KEY (`bonus_id`) REFERENCES `armor_set_bonuses` (`id`)
) ENGINE=InnoDB AUTO_INCREMENT=17 DEFAULT CHARSET=utf8 COLLATE=utf8_unicode_ci;
/*!40101 SET character_set_client = @saved_cs_client */;

--
-- Dumping data for table `armor_set_bonus_ranks`
--

LOCK TABLES `armor_set_bonus_ranks` WRITE;
/*!40000 ALTER TABLE `armor_set_bonus_ranks` DISABLE KEYS */;
INSERT INTO `armor_set_bonus_ranks` VALUES (1,1,311,3),(2,2,324,3),(3,3,326,3),(4,4,313,3),(5,5,315,3),(6,6,317,4),(7,7,311,2),(8,7,312,4),(9,8,310,3),(10,9,323,3),(11,12,315,2),(12,14,319,3),(13,15,308,3),(14,16,320,3),(15,17,321,3),(16,19,317,3);
/*!40000 ALTER TABLE `armor_set_bonus_ranks` ENABLE KEYS */;
UNLOCK TABLES;

--
-- Table structure for table `armor_set_bonuses`
--

DROP TABLE IF EXISTS `armor_set_bonuses`;
/*!40101 SET @saved_cs_client     = @@character_set_client */;
/*!40101 SET character_set_client = utf8 */;
CREATE TABLE `armor_set_bonuses` (
  `id` int(10) unsigned NOT NULL AUTO_INCREMENT,
  `name` varchar(64) COLLATE utf8_unicode_ci NOT NULL,
  `ranks_length` int(10) unsigned NOT NULL DEFAULT 0,
  PRIMARY KEY (`id`)
) ENGINE=InnoDB AUTO_INCREMENT=23 DEFAULT CHARSET=utf8 COLLATE=utf8_unicode_ci;
/*!40101 SET character_set_client = @saved_cs_client */;

--
-- Dumping data for table `armor_set_bonuses`
--

LOCK TABLES `armor_set_bonuses` WRITE;
/*!40000 ALTER TABLE `armor_set_bonuses` DISABLE KEYS */;
INSERT INTO `armor_set_bonuses` VALUES (1,'Anjanath Power',1),(2,'Legiana Blessing',1),(3,'Odogaron Power',1),(4,'Rathalos Power',1),(5,'Diablos Power',1),(6,'Kirin Blessing',1),(7,'Anjanath Will',2),(8,'Pink Rathian Mastery',1),(9,'Zorah Magdaros Mastery',1),(10,'Odogaron Mastery',0),(11,'Rathalos Mastery',0),(12,'Diablos Mastery',1),(13,'Uragaan Protection',0),(14,'Bazelgeuse Protection',1),(15,'Nergigante Hunger',1),(16,'Teostra Technique',1),(17,'Kushala Daora Flight',1),(18,'Vaal Hazak Vitality',0),(19,'Kirin Favor',1),(20,'Xeno\'jiiva Divinity',0),(21,'Guild Guidance',0),(22,'Commission Guidance',0);
/*!40000 ALTER TABLE `armor_set_bonuses` ENABLE KEYS */;
UNLOCK TABLES;

--
-- Table structure for table `armor_sets`
--

DROP TABLE IF EXISTS `armor_sets`;
/*!40101 SET @saved_cs_client     = @@character_set_client */;
/*!40101 SET character_set_client = utf8 */;
CREATE TABLE `armor_sets` (
  `id` int(10) unsigned NOT NULL AUTO_INCREMENT,
  `name` varchar(64) COLLATE utf8_unicode_ci NOT NULL,
  `rank` varchar(32) COLLATE utf8_unicode_ci NOT NULL,
  `bonus_id` int(10) unsigned DEFAULT NULL,
  `pieces_length` int(10) unsigned NOT NULL DEFAULT 0,
  PRIMARY KEY (`id`),
  UNIQUE KEY `UNIQ_7C8A0B105E237E06` (`name`),
  KEY `IDX_7C8A0B1069545666` (`bonus_id`),
  CONSTRAINT `FK_7C8A0B1069545666` FOREIGN KEY (`bonus_id`) REFERENCES `armor_set_bonuses` (`id`)
) ENGINE=InnoDB AUTO_INCREMENT=154 DEFAULT CHARSET=utf8 COLLATE=utf8_unicode_ci;
/*!40101 SET character_set_client = @saved_cs_client */;

--
-- Dumping data for table `armor_sets`
--

LOCK TABLES `armor_sets` WRITE;
/*!40000 ALTER TABLE `armor_sets` DISABLE KEYS */;
INSERT INTO `armor_sets` VALUES (1,'Leather','low',NULL,5),(2,'Chainmail','low',NULL,5),(3,'Hunter\'s','low',NULL,5),(4,'Bone','low',NULL,5),(5,'Vespoid','low',NULL,5),(6,'Kestodon','low',NULL,1),(7,'Gajau','low',NULL,1),(8,'Jagras','low',NULL,5),(9,'Kulu','low',NULL,5),(10,'Alloy','low',NULL,5),(11,'Pukei','low',NULL,5),(12,'Barroth','low',NULL,5),(13,'Jyura','low',NULL,5),(14,'Kadachi','low',NULL,5),(15,'High Metal','low',NULL,5),(16,'King Beetle','low',NULL,5),(17,'Butterfly','low',NULL,5),(18,'Shamos','low',NULL,1),(19,'Hornetaur','low',NULL,5),(20,'Anja','low',1,5),(21,'Rathian','low',NULL,5),(22,'Tzitzi','low',NULL,5),(23,'Lumu','low',NULL,5),(24,'Girros','low',NULL,5),(25,'Baan','low',NULL,5),(26,'Ingot','low',NULL,5),(27,'Death Stench','low',NULL,5),(28,'Brigade','low',NULL,5),(29,'Legiana','low',2,5),(30,'Odogaron','low',3,5),(31,'Rathalos','low',4,5),(32,'Diablos','low',5,5),(33,'Kirin','low',6,5),(34,'Leather Alpha','high',NULL,5),(35,'Leather Beta','high',NULL,5),(36,'Chainmail Alpha','high',NULL,5),(37,'Chainmail Beta','high',NULL,5),(38,'Hunter\'s Alpha','high',NULL,5),(39,'Hunter\'s Beta','high',NULL,5),(40,'Bone Alpha','high',NULL,5),(41,'Bone Beta','high',NULL,5),(42,'Alloy Alpha','high',NULL,5),(43,'Alloy Beta','high',NULL,5),(44,'King Beetle Alpha','high',NULL,5),(45,'King Beetle Beta','high',NULL,5),(46,'Butterfly Alpha','high',NULL,5),(47,'Butterfly Beta','high',NULL,5),(48,'Vespoid Alpha','high',NULL,5),(49,'Vespoid Beta','high',NULL,5),(50,'Hornetaur Alpha','high',NULL,5),(51,'Hornetaur Beta','high',NULL,5),(52,'Mosswine Mask Alpha','high',NULL,1),(53,'Kestodon Alpha','high',NULL,1),(54,'Kestodon Beta','high',NULL,1),(55,'Gajau Alpha','high',NULL,1),(56,'Gajau Beta','high',NULL,1),(57,'Shamos Alpha','high',NULL,1),(58,'Shamos Beta','high',NULL,1),(59,'Jagras Alpha','high',NULL,5),(60,'Jagras Beta','high',NULL,5),(61,'Kulu Alpha','high',NULL,5),(62,'Kulu Beta','high',NULL,5),(63,'Tzitzi Alpha','high',NULL,5),(64,'Tzitzi Beta','high',NULL,5),(65,'Girros Alpha','high',NULL,5),(66,'Girros Beta','high',NULL,5),(67,'Pukei Alpha','high',NULL,5),(68,'Pukei Beta','high',NULL,5),(69,'Barroth Alpha','high',NULL,5),(70,'Barroth Beta','high',NULL,5),(71,'Anja Alpha','high',7,5),(72,'Anja Beta','high',7,5),(73,'Jyura Alpha','high',NULL,5),(74,'Jyura Beta','high',NULL,5),(75,'Kadachi Alpha','high',NULL,5),(76,'Kadachi Beta','high',NULL,5),(77,'Lumu Alpha','high',NULL,5),(78,'Lumu Beta','high',NULL,5),(79,'Rathian Alpha','high',NULL,5),(80,'Rathian Beta','high',NULL,5),(81,'Rath Heart Alpha','high',8,5),(82,'Rath Heart Beta','high',8,5),(83,'Baan Alpha','high',NULL,5),(84,'Baan Beta','high',NULL,5),(85,'Gastodon Alpha','high',NULL,1),(86,'Gastodon Beta','high',NULL,1),(87,'Barnos Alpha','high',NULL,1),(88,'Barnos Beta','high',NULL,1),(89,'Dodogama Alpha','high',NULL,5),(90,'Dodogama Beta','high',NULL,5),(91,'Zorah Alpha','high',9,5),(92,'Zorah Beta','high',9,5),(93,'High Metal Alpha','high',NULL,5),(94,'High Metal Beta','high',NULL,5),(95,'Ingot Alpha','high',NULL,5),(96,'Ingot Beta','high',NULL,5),(97,'Brigade Alpha','high',NULL,5),(98,'Brigade Beta','high',NULL,5),(99,'Faux Felyne Alpha','high',NULL,1),(100,'Strategist Alpha','high',NULL,1),(101,'Lavasioth Alpha','high',NULL,5),(102,'Lavasioth Beta','high',NULL,5),(103,'Legiana Alpha','high',NULL,5),(104,'Legiana Beta','high',NULL,5),(105,'Odogaron Alpha','high',NULL,5),(106,'Odogaron Beta','high',10,5),(107,'Rathalos Alpha','high',11,5),(108,'Rathalos Beta','high',11,5),(109,'Rath Soul Alpha','high',11,5),(110,'Rath Soul Beta','high',11,5),(111,'Diablos Alpha','high',12,5),(112,'Diablos Beta','high',12,5),(113,'Diablos Nero Alpha','high',12,5),(114,'Diablos Nero Beta','high',12,5),(115,'Uragaan Alpha','high',13,5),(116,'Uragaan Beta','high',13,5),(117,'Bazel Alpha','high',14,5),(118,'Bazel Beta','high',14,5),(119,'Damascus Alpha','high',NULL,5),(120,'Damascus Beta','high',NULL,5),(121,'Dober Alpha','high',NULL,5),(122,'Dober Beta','high',NULL,5),(123,'Death Stench Alpha','high',NULL,5),(124,'Death Stench Beta','high',NULL,5),(125,'Skull Alpha','high',NULL,1),(126,'Nergigante Alpha','high',15,5),(127,'Nergigante Beta','high',15,5),(128,'Teostra Alpha','high',16,5),(129,'Teostra Beta','high',16,5),(130,'Kushala Alpha','high',17,5),(131,'Kushala Beta','high',17,5),(132,'Vaal Hazak Alpha','high',18,5),(133,'Vaal Hazak Beta','high',18,5),(134,'Kirin Alpha','high',19,5),(135,'Kirin Beta','high',19,5),(136,'Xeno\'jiiva Alpha','high',20,5),(137,'Xeno\'jiiva Beta','high',20,5),(138,'Guild Cross Alpha','high',21,5),(139,'Guild Cross Beta','high',21,5),(140,'Dragonking Alpha','high',NULL,1),(141,'Commission Alpha','high',22,5),(142,'Commission Beta','high',22,5),(143,'Deviljho Alpha','high',NULL,5),(144,'Deviljho Beta','high',NULL,5),(145,'Sealed Eyepatch Alpha','high',NULL,1),(146,'Shadow Shades Alpha','high',NULL,1),(147,'Blossom','low',NULL,5),(148,'Queen Beetle','low',NULL,5),(149,'Blossom Alpha','high',NULL,5),(150,'Kulu-Yaku Head Alpha','high',NULL,1),(151,'Wiggler Head Alpha','high',NULL,1),(152,'Kulve Taroth Alpha','high',NULL,5),(153,'Kulve Taroth Beta','high',NULL,5);
/*!40000 ALTER TABLE `armor_sets` ENABLE KEYS */;
UNLOCK TABLES;

--
-- Table structure for table `armor_skill_ranks`
--

DROP TABLE IF EXISTS `armor_skill_ranks`;
/*!40101 SET @saved_cs_client     = @@character_set_client */;
/*!40101 SET character_set_client = utf8 */;
CREATE TABLE `armor_skill_ranks` (
  `armor_id` int(10) unsigned NOT NULL,
  `skill_rank_id` int(10) unsigned NOT NULL,
  PRIMARY KEY (`armor_id`,`skill_rank_id`),
  KEY `IDX_101D79CCF5AA3663` (`armor_id`),
  KEY `IDX_101D79CC6CE3F9A6` (`skill_rank_id`),
  CONSTRAINT `FK_101D79CC6CE3F9A6` FOREIGN KEY (`skill_rank_id`) REFERENCES `skill_ranks` (`id`),
  CONSTRAINT `FK_101D79CCF5AA3663` FOREIGN KEY (`armor_id`) REFERENCES `armor` (`id`)
) ENGINE=InnoDB DEFAULT CHARSET=utf8 COLLATE=utf8_unicode_ci;
/*!40101 SET character_set_client = @saved_cs_client */;

--
-- Dumping data for table `armor_skill_ranks`
--

LOCK TABLES `armor_skill_ranks` WRITE;
/*!40000 ALTER TABLE `armor_skill_ranks` DISABLE KEYS */;
INSERT INTO `armor_skill_ranks` VALUES (1,207),(6,249),(11,279),(12,270),(13,273),(14,297),(15,300),(16,53),(17,39),(18,153),(19,186),(20,291),(21,223),(22,28),(23,108),(24,4),(25,250),(26,304),(27,285),(28,235),(29,305),(30,255),(31,179),(32,280),(33,62),(34,204),(35,248),(36,231),(37,123),(38,28),(39,65),(40,46),(41,1),(42,238),(43,282),(44,231),(45,1),(46,105),(47,260),(48,218),(49,156),(50,195),(51,13),(52,10),(53,285),(54,13),(55,85),(56,68),(57,136),(58,198),(59,281),(60,215),(61,95),(62,71),(63,68),(64,23),(65,46),(66,187),(67,193),(68,210),(69,223),(70,203),(71,250),(72,298),(73,210),(74,223),(75,203),(76,250),(77,298),(78,299),(79,36),(80,37),(81,234),(82,251),(83,142),(84,80),(85,195),(86,188),(87,62),(88,190),(89,53),(90,260),(91,105),(92,1),(93,56),(94,289),(95,198),(96,10),(97,226),(98,7),(99,204),(100,159),(101,190),(102,252),(103,28),(104,186),(105,4),(106,255),(107,37),(108,108),(109,153),(110,7),(111,111),(112,218),(113,17),(114,95),(115,71),(116,53),(117,28),(118,46),(119,185),(120,179),(121,136),(122,100),(123,142),(124,59),(125,252),(126,193),(127,264),(128,290),(129,252),(130,210),(131,160),(132,90),(133,68),(134,17),(135,238),(136,198),(137,123),(138,223),(139,39),(140,133),(141,62),(142,80),(143,281),(144,147),(145,153),(146,174),(147,195),(148,33),(149,195),(150,252),(151,77),(152,95),(153,71),(154,208),(155,62),(156,59),(157,204),(158,288),(159,207),(164,218),(164,249),(165,65),(166,59),(167,223),(168,56),(169,249),(174,279),(174,290),(175,271),(176,274),(177,249),(177,273),(178,270),(178,297),(179,279),(180,270),(181,273),(182,249),(183,297),(184,53),(184,291),(185,39),(186,39),(186,153),(187,186),(187,247),(188,292),(189,53),(190,39),(191,153),(192,186),(193,291),(194,28),(194,46),(195,66),(196,46),(196,238),(197,1),(197,65),(198,239),(199,28),(200,65),(201,46),(202,1),(203,238),(204,211),(204,260),(205,224),(205,260),(206,203),(206,261),(207,223),(207,250),(208,210),(208,298),(209,211),(210,224),(211,261),(212,250),(213,298),(214,211),(214,260),(215,224),(215,260),(216,203),(216,261),(217,223),(217,250),(218,210),(218,298),(219,211),(220,224),(221,261),(222,250),(223,298),(224,108),(224,223),(225,28),(226,108),(227,5),(228,4),(228,250),(229,223),(230,28),(231,108),(232,4),(233,250),(234,36),(234,100),(235,37),(235,207),(236,207),(236,234),(237,207),(237,251),(238,100),(238,142),(239,36),(240,37),(241,234),(242,251),(243,142),(244,245),(245,136),(245,304),(246,304),(247,85),(247,286),(248,85),(248,285),(249,264),(249,299),(250,299),(251,236),(252,306),(253,255),(253,305),(254,179),(254,235),(255,234),(255,280),(256,235),(257,305),(258,255),(259,179),(260,280),(261,62),(261,133),(262,123),(262,204),(263,123),(263,248),(264,232),(265,123),(265,231),(266,62),(267,204),(268,248),(269,231),(270,123),(271,10),(271,289),(272,86),(272,198),(273,11),(273,226),(274,85),(274,227),(275,8),(276,289),(277,198),(278,11),(279,226),(280,7),(281,4),(281,186),(282,5),(283,256),(284,37),(284,108),(285,109),(286,186),(287,4),(288,255),(289,37),(290,108),(291,283),(292,231),(292,260),(293,2),(293,105),(294,106),(295,261),(295,282),(296,282),(297,231),(298,1),(299,105),(300,260),(301,219),(302,157),(303,156),(303,195),(304,13),(304,218),(305,11),(305,195),(306,218),(307,156),(308,195),(309,13),(310,10),(311,62),(311,81),(312,188),(312,195),(313,80),(313,188),(314,63),(314,190),(315,191),(316,81),(317,195),(318,188),(319,63),(320,190),(321,286),(322,13),(322,85),(323,86),(323,285),(324,69),(325,137),(326,285),(327,13),(328,86),(329,68),(330,136),(331,199),(332,215),(332,281),(333,216),(334,71),(334,96),(335,72),(335,198),(336,198),(337,281),(338,215),(339,95),(340,71),(341,205),(342,159),(342,190),(343,191),(344,253),(345,28),(345,204),(346,204),(347,159),(348,190),(349,252),(350,28),(351,54),(351,105),(352,56),(352,261),(353,106),(354,2),(354,53),(355,57),(356,53),(356,105),(357,56),(357,260),(358,105),(359,1),(359,53),(360,56),(361,105),(361,215),(362,302),(363,29),(364,1),(364,142),(365,28),(365,301),(366,215),(367,301),(368,28),(369,142),(370,301),(371,34),(372,17),(372,111),(373,112),(373,218),(374,219),(375,18),(376,33),(377,111),(378,111),(378,218),(379,218),(380,17),(381,14),(381,276),(382,276),(383,20),(383,38),(384,38),(385,15),(386,115),(387,242),(388,14),(388,191),(389,114),(389,187),(390,14),(391,114),(392,241),(393,191),(394,187),(395,114),(395,142),(396,28),(396,115),(397,120),(397,241),(398,33),(398,179),(399,23),(399,242),(400,142),(401,115),(402,120),(403,179),(404,242),(405,23),(405,69),(406,24),(406,90),(407,47),(407,90),(408,46),(408,187),(409,68),(409,193),(410,69),(411,23),(411,90),(412,47),(413,187),(414,193),(415,96),(416,72),(417,54),(417,95),(418,29),(419,28),(419,47),(420,95),(421,71),(422,54),(423,28),(424,47),(425,60),(425,186),(426,253),(427,194),(427,252),(428,59),(428,265),(429,264),(429,290),(430,60),(431,252),(432,194),(433,265),(434,290),(435,257),(436,124),(437,81),(437,223),(438,38),(438,81),(439,226),(439,304),(440,56),(440,224),(441,80),(441,119),(442,80),(442,223),(443,81),(444,304),(445,224),(446,119),(447,90),(447,253),(448,211),(448,252),(449,160),(449,210),(450,28),(450,91),(451,69),(451,147),(452,253),(453,211),(454,160),(455,91),(456,69),(457,18),(457,123),(458,17),(458,239),(459,123),(459,198),(460,124),(460,238),(461,123),(461,223),(462,18),(463,239),(464,198),(465,124),(466,223),(467,40),(467,80),(468,80),(468,134),(469,39),(469,63),(470,81),(470,136),(471,133),(471,281),(472,40),(473,134),(474,63),(475,81),(476,281),(477,130),(477,306),(478,120),(478,305),(479,28),(479,136),(480,29),(480,118),(481,136),(481,288),(482,130),(483,120),(484,136),(485,28),(486,136),(487,148),(487,174),(488,154),(488,174),(489,33),(489,175),(490,147),(490,196),(491,34),(491,153),(492,148),(493,154),(494,175),(495,196),(496,34),(497,137),(498,181),(499,136),(499,195),(500,150),(500,180),(501,117),(501,174),(502,136),(503,180),(504,136),(505,180),(506,117),(507,72),(508,151),(509,46),(509,218),(510,71),(510,150),(511,219),(512,71),(513,150),(514,218),(515,150),(516,218),(517,24),(517,114),(518,15),(518,219),(519,23),(519,148),(520,24),(520,281),(521,147),(521,242),(522,24),(523,219),(524,148),(525,24),(526,242),(527,47),(527,238),(528,47),(528,137),(529,142),(529,238),(530,21),(530,136),(531,20),(531,47),(532,47),(533,137),(534,142),(535,136),(536,47),(537,74),(537,120),(538,40),(538,244),(539,205),(539,244),(540,39),(540,75),(541,40),(541,204),(542,120),(543,40),(544,204),(544,244),(545,75),(546,40),(547,123),(547,185),(548,120),(548,179),(549,100),(549,137),(550,101),(550,136),(551,101),(551,143),(552,185),(553,179),(554,137),(555,101),(556,143),(557,142),(558,39),(558,268),(559,166),(559,205),(560,39),(560,167),(561,40),(561,204),(562,166),(562,267),(563,268),(564,205),(565,167),(566,40),(567,267),(568,162),(569,161),(569,189),(570,134),(571,115),(571,133),(572,114),(572,162),(573,161),(574,189),(575,133),(576,115),(577,162),(578,91),(578,142),(579,136),(579,143),(580,142),(580,211),(581,91),(581,215),(582,142),(582,216),(583,91),(584,143),(585,211),(586,91),(587,216),(588,101),(588,171),(589,60),(589,100),(590,59),(590,171),(591,171),(591,294),(592,100),(592,295),(593,171),(594,60),(595,171),(596,171),(597,295),(598,196),(598,252),(599,95),(599,253),(600,96),(600,195),(601,77),(601,120),(602,72),(602,121),(603,196),(604,253),(605,96),(606,77),(607,121),(608,188),(608,276),(609,77),(609,140),(610,130),(610,276),(611,78),(611,188),(612,139),(612,276),(613,276),(614,140),(615,276),(616,78),(617,276),(618,72),(618,253),(619,69),(619,185),(620,66),(620,301),(621,75),(621,179),(622,63),(622,160),(623,253),(624,185),(625,301),(626,179),(627,160),(628,134),(629,249),(629,301),(630,227),(630,288),(631,251),(631,289),(632,244),(632,248),(633,274),(633,304),(634,301),(635,227),(636,289),(637,244),(638,274),(639,62),(640,142),(640,150),(641,142),(641,235),(642,150),(642,162),(643,142),(643,161),(644,150),(644,236),(645,150),(646,235),(647,162),(648,161),(649,236),(650,10),(651,250),(652,223),(653,4),(654,279),(655,59),(656,10),(657,53),(658,123),(659,46),(660,195),(661,250),(662,223),(663,4),(664,279),(665,59),(666,248),(667,227),(668,120),(668,167),(669,11),(669,131),(670,120),(670,140),(671,120),(671,143),(672,172),(672,227),(673,120),(673,166),(674,11),(674,130),(675,120),(675,139),(676,120),(676,142),(677,171),(677,227);
/*!40000 ALTER TABLE `armor_skill_ranks` ENABLE KEYS */;
UNLOCK TABLES;

--
-- Table structure for table `armor_slots`
--

DROP TABLE IF EXISTS `armor_slots`;
/*!40101 SET @saved_cs_client     = @@character_set_client */;
/*!40101 SET character_set_client = utf8 */;
CREATE TABLE `armor_slots` (
  `armor_id` int(10) unsigned NOT NULL,
  `slot_id` int(10) unsigned NOT NULL,
  PRIMARY KEY (`armor_id`,`slot_id`),
  KEY `IDX_24FFC0B8F5AA3663` (`armor_id`),
  KEY `IDX_24FFC0B859E5119C` (`slot_id`),
  CONSTRAINT `FK_24FFC0B859E5119C` FOREIGN KEY (`slot_id`) REFERENCES `slots` (`id`),
  CONSTRAINT `FK_24FFC0B8F5AA3663` FOREIGN KEY (`armor_id`) REFERENCES `armor` (`id`)
) ENGINE=InnoDB DEFAULT CHARSET=utf8mb4 COLLATE=utf8mb4_unicode_ci;
/*!40101 SET character_set_client = @saved_cs_client */;

--
-- Dumping data for table `armor_slots`
--

LOCK TABLES `armor_slots` WRITE;
/*!40000 ALTER TABLE `armor_slots` DISABLE KEYS */;
INSERT INTO `armor_slots` VALUES (159,3838),(160,3839),(161,3840),(162,3841),(163,3842),(169,3843),(170,3844),(171,3845),(172,3846),(173,3847),(179,3848),(180,3849),(181,3850),(182,3851),(183,3852),(189,3853),(190,3854),(191,3855),(192,3856),(193,3857),(199,3858),(200,3859),(201,3860),(202,3861),(203,3862),(206,3863),(207,3864),(208,3865),(209,3866),(210,3867),(211,3868),(211,3869),(212,3870),(212,3871),(213,3872),(213,3873),(219,3874),(220,3875),(221,3876),(221,3877),(222,3878),(222,3879),(223,3880),(223,3881),(229,3882),(230,3883),(231,3884),(232,3885),(233,3886),(239,3887),(240,3888),(241,3889),(242,3890),(243,3891),(246,3892),(248,3893),(250,3894),(256,3895),(257,3896),(258,3897),(259,3898),(260,3899),(266,3900),(266,3901),(267,3902),(268,3903),(269,3904),(270,3905),(276,3906),(277,3907),(277,3908),(278,3909),(279,3910),(280,3911),(286,3912),(287,3913),(288,3914),(289,3915),(290,3916),(296,3917),(296,3918),(297,3919),(298,3920),(298,3921),(299,3922),(300,3923),(306,3924),(307,3925),(308,3926),(309,3927),(310,3928),(310,3929),(316,3930),(317,3931),(317,3932),(318,3933),(319,3934),(320,3935),(326,3936),(327,3937),(328,3938),(329,3939),(330,3940),(336,3941),(337,3942),(338,3943),(339,3944),(339,3945),(340,3946),(340,3947),(346,3948),(347,3949),(348,3950),(349,3951),(350,3952),(350,3953),(356,3954),(357,3955),(358,3956),(359,3957),(360,3958),(366,3959),(367,3960),(367,3961),(368,3962),(369,3963),(370,3964),(376,3965),(377,3966),(378,3967),(379,3968),(380,3969),(382,3970),(384,3971),(390,3972),(391,3973),(392,3974),(393,3975),(394,3976),(400,3977),(401,3978),(402,3979),(403,3980),(404,3981),(410,3982),(411,3983),(412,3984),(413,3985),(414,3986),(420,3987),(421,3988),(422,3989),(423,3990),(424,3991),(426,3992),(429,3993),(430,3994),(431,3995),(431,3996),(432,3997),(433,3998),(434,3999),(436,4000),(439,4001),(441,4002),(442,4003),(442,4004),(443,4005),(443,4006),(444,4007),(445,4008),(446,4009),(452,4010),(453,4011),(454,4012),(455,4013),(456,4014),(462,4015),(463,4016),(464,4017),(465,4018),(466,4019),(472,4020),(473,4021),(474,4022),(475,4023),(476,4024),(478,4025),(479,4026),(482,4027),(482,4028),(483,4029),(484,4030),(485,4031),(486,4032),(492,4033),(493,4034),(494,4035),(495,4036),(496,4037),(496,4038),(497,4039),(498,4040),(501,4041),(502,4042),(503,4043),(503,4044),(504,4045),(504,4046),(505,4047),(506,4048),(507,4049),(508,4050),(509,4051),(510,4052),(510,4053),(511,4054),(512,4055),(512,4056),(513,4057),(514,4058),(515,4059),(515,4060),(516,4061),(517,4062),(520,4063),(521,4064),(522,4065),(522,4066),(523,4067),(523,4068),(524,4069),(525,4070),(526,4071),(527,4072),(528,4073),(530,4074),(531,4075),(532,4076),(533,4077),(533,4078),(533,4079),(534,4080),(535,4081),(535,4082),(535,4083),(536,4084),(538,4085),(540,4086),(542,4087),(543,4088),(544,4089),(544,4090),(545,4091),(546,4092),(547,4093),(549,4094),(552,4095),(553,4096),(554,4097),(554,4098),(555,4099),(555,4100),(556,4101),(556,4102),(557,4103),(558,4104),(559,4105),(562,4106),(563,4107),(563,4108),(564,4109),(564,4110),(565,4111),(566,4112),(567,4113),(570,4114),(573,4115),(574,4116),(574,4117),(575,4118),(576,4119),(577,4120),(583,4121),(583,4122),(583,4123),(584,4124),(585,4125),(586,4126),(586,4127),(587,4128),(589,4129),(590,4130),(591,4131),(592,4132),(593,4133),(594,4134),(594,4135),(595,4136),(595,4137),(595,4138),(596,4139),(596,4140),(597,4141),(597,4142),(603,4143),(604,4144),(605,4145),(605,4146),(606,4147),(606,4148),(606,4149),(607,4150),(607,4151),(608,4152),(609,4153),(610,4154),(611,4155),(612,4156),(613,4157),(614,4158),(614,4159),(615,4160),(616,4161),(616,4162),(617,4163),(617,4164),(618,4165),(619,4166),(620,4167),(621,4168),(622,4169),(623,4170),(623,4171),(623,4172),(624,4173),(625,4174),(626,4175),(626,4176),(626,4177),(627,4178),(628,4179),(629,4180),(631,4181),(632,4182),(634,4183),(635,4184),(636,4185),(637,4186),(638,4187),(639,4224),(639,4225),(640,4188),(641,4189),(643,4190),(645,4191),(645,4192),(646,4193),(647,4194),(648,4195),(648,4196),(649,4197),(649,4198),(650,4226),(650,4227),(650,4228),(661,4214),(661,4215),(662,4216),(662,4217),(663,4218),(663,4219),(664,4220),(664,4221),(665,4222),(665,4223),(666,4229),(666,4230),(667,4231),(667,4232),(668,4199),(669,4200),(670,4201),(671,4202),(672,4203),(673,4204),(673,4205),(674,4206),(674,4207),(675,4208),(675,4209),(676,4210),(676,4211),(677,4212),(677,4213);
/*!40000 ALTER TABLE `armor_slots` ENABLE KEYS */;
UNLOCK TABLES;

--
-- Table structure for table `assets`
--

DROP TABLE IF EXISTS `assets`;
/*!40101 SET @saved_cs_client     = @@character_set_client */;
/*!40101 SET character_set_client = utf8 */;
CREATE TABLE `assets` (
  `id` int(10) unsigned NOT NULL AUTO_INCREMENT,
  `uri` varchar(254) COLLATE utf8_unicode_ci NOT NULL,
  `primary_hash` varchar(128) COLLATE utf8_unicode_ci NOT NULL,
  `secondary_hash` varchar(128) COLLATE utf8_unicode_ci NOT NULL,
  PRIMARY KEY (`id`),
  UNIQUE KEY `hash_idx` (`primary_hash`,`secondary_hash`)
) ENGINE=InnoDB AUTO_INCREMENT=2493 DEFAULT CHARSET=utf8 COLLATE=utf8_unicode_ci;
/*!40101 SET character_set_client = @saved_cs_client */;

--
-- Dumping data for table `assets`
--

LOCK TABLES `assets` WRITE;
/*!40000 ALTER TABLE `assets` DISABLE KEYS */;
INSERT INTO `assets` VALUES (1,'https://assets.mhw-db.com/armor/0c3c7586ed8b763a29b0fb6cb1b11518.e5f105b7b926b37b9deb7261b9b5429618850e33.png','0c3c7586ed8b763a29b0fb6cb1b11518','e5f105b7b926b37b9deb7261b9b5429618850e33'),(2,'https://assets.mhw-db.com/armor/2654a557556a6c2e3f2e849444f55b6e.39c38a1c1834841124d1fd347ea555dcfd0af35e.png','2654a557556a6c2e3f2e849444f55b6e','39c38a1c1834841124d1fd347ea555dcfd0af35e'),(3,'https://assets.mhw-db.com/armor/342ca17275b2ddde09ca5e9b91dbb8c0.fe5755b14c011fb84da9c24ec820f1f4f970aa8a.png','342ca17275b2ddde09ca5e9b91dbb8c0','fe5755b14c011fb84da9c24ec820f1f4f970aa8a'),(4,'https://assets.mhw-db.com/armor/73bbfd8fe799b950db864409d8da5ec5.7b8cf70d48ca5c1c4166c6ff7eff0ed6d05147e1.png','73bbfd8fe799b950db864409d8da5ec5','7b8cf70d48ca5c1c4166c6ff7eff0ed6d05147e1'),(5,'https://assets.mhw-db.com/armor/e3861e0a539bd0b22074e6b3fdaa0de9.36a0a8d89258c5517903bb2278d13e5deda822ac.png','e3861e0a539bd0b22074e6b3fdaa0de9','36a0a8d89258c5517903bb2278d13e5deda822ac'),(6,'https://assets.mhw-db.com/armor/faedeca18ad4f42eb78690a3e337eaa9.980262ae22f488249b295d27a709218e0a9c3334.png','faedeca18ad4f42eb78690a3e337eaa9','980262ae22f488249b295d27a709218e0a9c3334'),(7,'https://assets.mhw-db.com/armor/83058441b342dd8cdd0ee5e053138fd4.80554fd43244e865d08ec61e875f91b032454022.png','83058441b342dd8cdd0ee5e053138fd4','80554fd43244e865d08ec61e875f91b032454022'),(8,'https://assets.mhw-db.com/armor/3ae1fba70c7f715637969ae6a86aae4d.ca5defb62b323f30e0ae633636960b6547112d9c.png','3ae1fba70c7f715637969ae6a86aae4d','ca5defb62b323f30e0ae633636960b6547112d9c'),(9,'https://assets.mhw-db.com/armor/6aba8f0de0f9d65ac83ce892443807d7.554de5fc22d235a72d57ef1fbb651d72acf78445.png','6aba8f0de0f9d65ac83ce892443807d7','554de5fc22d235a72d57ef1fbb651d72acf78445'),(10,'https://assets.mhw-db.com/armor/50fdacd50a5051480c923ecd51ded976.41999180a8c449301c133a8258e1c3b09f932a0e.png','50fdacd50a5051480c923ecd51ded976','41999180a8c449301c133a8258e1c3b09f932a0e'),(11,'https://assets.mhw-db.com/armor/7822533303c3c0b9a44758dfd757e1c4.0ef2482f64129927ffc371951d22fa16f43be658.png','7822533303c3c0b9a44758dfd757e1c4','0ef2482f64129927ffc371951d22fa16f43be658'),(12,'https://assets.mhw-db.com/armor/7644981739e0d9559b5148f2033d8249.9673daf6dca15299f529b7b0f82931774d8584e0.png','7644981739e0d9559b5148f2033d8249','9673daf6dca15299f529b7b0f82931774d8584e0'),(13,'https://assets.mhw-db.com/armor/6589a91530d08910081691a77ef8899f.ab57847fea1a8f63673cf08ffd9a4200bdfe7ec0.png','6589a91530d08910081691a77ef8899f','ab57847fea1a8f63673cf08ffd9a4200bdfe7ec0'),(14,'https://assets.mhw-db.com/armor/e7835cf6b32767c707057f091bfdd91e.cff3c2887d5d8cab073203f495df84d72b9ae847.png','e7835cf6b32767c707057f091bfdd91e','cff3c2887d5d8cab073203f495df84d72b9ae847'),(15,'https://assets.mhw-db.com/armor/5bfe2e9fbc0f6931790c0b04153c2fb1.9b745d060d514ec241f25e34cf9a0f414f4dfad4.png','5bfe2e9fbc0f6931790c0b04153c2fb1','9b745d060d514ec241f25e34cf9a0f414f4dfad4'),(16,'https://assets.mhw-db.com/armor/1eb068e8e1673103e64ff6ca0d30717c.1c6a97b74a43f6f9b75731934ccf8f5fd6ae6e2a.png','1eb068e8e1673103e64ff6ca0d30717c','1c6a97b74a43f6f9b75731934ccf8f5fd6ae6e2a'),(17,'https://assets.mhw-db.com/armor/d253bbfdd2fb618443e559e62e6f82ec.55d7860f0ff807ea2bb78eb7b76342f22b910f69.png','d253bbfdd2fb618443e559e62e6f82ec','55d7860f0ff807ea2bb78eb7b76342f22b910f69'),(18,'https://assets.mhw-db.com/armor/2310e069252f9a3471a0357efa838828.ecbbb2836eed105ac26209e01032475b7eed211d.png','2310e069252f9a3471a0357efa838828','ecbbb2836eed105ac26209e01032475b7eed211d'),(19,'https://assets.mhw-db.com/armor/033c9eaa7d01511c774117bdbbfdb59a.238afc81128326c025de6b8b113041ecd315d087.png','033c9eaa7d01511c774117bdbbfdb59a','238afc81128326c025de6b8b113041ecd315d087'),(20,'https://assets.mhw-db.com/armor/01eea5c4b1fe87767f166b9261fc121f.117e0319dc8ef48599604cf198eae2807db067f2.png','01eea5c4b1fe87767f166b9261fc121f','117e0319dc8ef48599604cf198eae2807db067f2'),(21,'https://assets.mhw-db.com/armor/a4c0081daf0f206c244bf5d8c269e069.6283429a044a56234e9610fd7e5936f6cf536c9a.png','a4c0081daf0f206c244bf5d8c269e069','6283429a044a56234e9610fd7e5936f6cf536c9a'),(22,'https://assets.mhw-db.com/armor/7213f41001a788587446cf0d8c1bb2f3.d9d1bd21ded0ccf386b1b68639b8687df0c881c6.png','7213f41001a788587446cf0d8c1bb2f3','d9d1bd21ded0ccf386b1b68639b8687df0c881c6'),(23,'https://assets.mhw-db.com/armor/06153f51693b3cb41a31c69ccdb2c31c.6d2e65811af1367696d4bbe5aed55b9c95ba7c79.png','06153f51693b3cb41a31c69ccdb2c31c','6d2e65811af1367696d4bbe5aed55b9c95ba7c79'),(24,'https://assets.mhw-db.com/armor/e362175d3f202471be51a6806113d47b.aa2401a04417b1f48b9c6e7da4228c9d1dd680cb.png','e362175d3f202471be51a6806113d47b','aa2401a04417b1f48b9c6e7da4228c9d1dd680cb'),(25,'https://assets.mhw-db.com/armor/bae6aa5ff96c317be6c43dbd75d6a795.750749eda79262429dce52aa21f46178d0a0724f.png','bae6aa5ff96c317be6c43dbd75d6a795','750749eda79262429dce52aa21f46178d0a0724f'),(26,'https://assets.mhw-db.com/armor/7295beba44e5627a606e6898ea744cc9.3fc87930078b61d671f5751d6955ca6ba6070bf8.png','7295beba44e5627a606e6898ea744cc9','3fc87930078b61d671f5751d6955ca6ba6070bf8'),(27,'https://assets.mhw-db.com/armor/5e21db2bb9d1c7df93e3df78ecd0deb9.392dd981adea8336482b961cb9b68418dc2a38e6.png','5e21db2bb9d1c7df93e3df78ecd0deb9','392dd981adea8336482b961cb9b68418dc2a38e6'),(28,'https://assets.mhw-db.com/armor/191ad362eef8f9dde01866096f626db4.898d4ec910585fe84e0038d5d1eaf901ce73f23b.png','191ad362eef8f9dde01866096f626db4','898d4ec910585fe84e0038d5d1eaf901ce73f23b'),(29,'https://assets.mhw-db.com/armor/d5d9d43e7fe370570407c979f0300864.1185d31bcf545264ab740008be69536020267b24.png','d5d9d43e7fe370570407c979f0300864','1185d31bcf545264ab740008be69536020267b24'),(30,'https://assets.mhw-db.com/armor/5f03bb6026de73111d930b84473c5ec6.5c93aec59084490029c6779de534fd76f19ab212.png','5f03bb6026de73111d930b84473c5ec6','5c93aec59084490029c6779de534fd76f19ab212'),(31,'https://assets.mhw-db.com/armor/af2afbc2590c9a3d40504e147af44a5a.90cd4f48c701f735a2ac06b61b9016cb9ebe0a7f.png','af2afbc2590c9a3d40504e147af44a5a','90cd4f48c701f735a2ac06b61b9016cb9ebe0a7f'),(32,'https://assets.mhw-db.com/armor/3552b8fce60da963cf60ec349e0ec570.a648cd9a1f09c75df80cf50d3e14131464542243.png','3552b8fce60da963cf60ec349e0ec570','a648cd9a1f09c75df80cf50d3e14131464542243'),(33,'https://assets.mhw-db.com/armor/208d11c5e16072f03e7615a5b4f1b877.373f12f7cac6c55c3ccf3fb8591d4b9232a633ca.png','208d11c5e16072f03e7615a5b4f1b877','373f12f7cac6c55c3ccf3fb8591d4b9232a633ca'),(34,'https://assets.mhw-db.com/armor/d0a2aed04c2d4ba886eca429cf8ce9a0.57da719541d76ab93ebfd8ef6008644b2343f29d.png','d0a2aed04c2d4ba886eca429cf8ce9a0','57da719541d76ab93ebfd8ef6008644b2343f29d'),(35,'https://assets.mhw-db.com/armor/ac6441ed3b97ad78f6237d0e0dffb2cb.8f8ec34cda10575e277302bc50bcfeb619fbcbaf.png','ac6441ed3b97ad78f6237d0e0dffb2cb','8f8ec34cda10575e277302bc50bcfeb619fbcbaf'),(36,'https://assets.mhw-db.com/armor/500ba48096681ad810d651d321a6c27e.1151ac92a8311a30d30bfa14a8c35b2814931252.png','500ba48096681ad810d651d321a6c27e','1151ac92a8311a30d30bfa14a8c35b2814931252'),(37,'https://assets.mhw-db.com/armor/d55cbaae6ed268a5b42626fecf35f140.86ae9ccbfc754c8fa6d82b09a4d91be068252783.png','d55cbaae6ed268a5b42626fecf35f140','86ae9ccbfc754c8fa6d82b09a4d91be068252783'),(38,'https://assets.mhw-db.com/armor/78b765551134d97a07e03f02854cb0a2.85f85df6c42d1cb2306e055df2068200d6e66042.png','78b765551134d97a07e03f02854cb0a2','85f85df6c42d1cb2306e055df2068200d6e66042'),(39,'https://assets.mhw-db.com/armor/3bf76698cc3cc086424c939d0e9e71d3.431e1669a4b500ec14ef095084781300096903af.png','3bf76698cc3cc086424c939d0e9e71d3','431e1669a4b500ec14ef095084781300096903af'),(40,'https://assets.mhw-db.com/armor/b9343c6d623d3fb0a8f3fdf49e1c600b.141b1bb6e5851d9c5a6767a1c1cd567262b83a6a.png','b9343c6d623d3fb0a8f3fdf49e1c600b','141b1bb6e5851d9c5a6767a1c1cd567262b83a6a'),(41,'https://assets.mhw-db.com/armor/ed1558b6d5ce62363bb4624b458e91ee.e947bbff673fd4581bc654a3cadec67ac545e90d.png','ed1558b6d5ce62363bb4624b458e91ee','e947bbff673fd4581bc654a3cadec67ac545e90d'),(42,'https://assets.mhw-db.com/armor/d06f4e4316acbb74d72b247ed71326b9.fac146735e7b675887f5b22414fe509fff5246d3.png','d06f4e4316acbb74d72b247ed71326b9','fac146735e7b675887f5b22414fe509fff5246d3'),(43,'https://assets.mhw-db.com/armor/79ea61c5ce69990089423a0b7905aef7.c87956cb73c04fb76ac5a8da853c4f06daf07a69.png','79ea61c5ce69990089423a0b7905aef7','c87956cb73c04fb76ac5a8da853c4f06daf07a69'),(44,'https://assets.mhw-db.com/armor/70805e463cc751508150896a2fc34c85.821f5e287b4127b60251c98883d6fad1029fd014.png','70805e463cc751508150896a2fc34c85','821f5e287b4127b60251c98883d6fad1029fd014'),(45,'https://assets.mhw-db.com/armor/77b289f0a7055e9b2e47fdab11790531.3b441ff3d67b9e6331ca65b5495d3a05ceb1680c.png','77b289f0a7055e9b2e47fdab11790531','3b441ff3d67b9e6331ca65b5495d3a05ceb1680c'),(46,'https://assets.mhw-db.com/armor/de36ad0d67683286d3d26282a8bb01bb.d3baa35787bb857befdb328f246e111eaf88a62a.png','de36ad0d67683286d3d26282a8bb01bb','d3baa35787bb857befdb328f246e111eaf88a62a'),(47,'https://assets.mhw-db.com/armor/1e46b5f03b12b02a2e5d6aa14454b280.85f8eb7aec7730a4b0165d0cde3af30d7f602cab.png','1e46b5f03b12b02a2e5d6aa14454b280','85f8eb7aec7730a4b0165d0cde3af30d7f602cab'),(48,'https://assets.mhw-db.com/armor/1b6a3ae87715e59f70e0277ca7c70457.9f4fb6c99a6ad6397a22710a9d657fc778683d65.png','1b6a3ae87715e59f70e0277ca7c70457','9f4fb6c99a6ad6397a22710a9d657fc778683d65'),(49,'https://assets.mhw-db.com/armor/2aafa06c8126a493168365280061b50d.4a47bde3f37e60be1b8bbe18f28a29d7645ca8f7.png','2aafa06c8126a493168365280061b50d','4a47bde3f37e60be1b8bbe18f28a29d7645ca8f7'),(50,'https://assets.mhw-db.com/armor/eb1df468f7e9e67266710943598bd241.e3cfbe7024864666da663e9f556c468a6b9b233b.png','eb1df468f7e9e67266710943598bd241','e3cfbe7024864666da663e9f556c468a6b9b233b'),(51,'https://assets.mhw-db.com/armor/de8b2de850000b3bc6f392c583019d34.9159bb0a05e510b396e3044eb66b0f0ad16bc3eb.png','de8b2de850000b3bc6f392c583019d34','9159bb0a05e510b396e3044eb66b0f0ad16bc3eb'),(52,'https://assets.mhw-db.com/armor/9c425914135da107a18fe6cca67a47f0.82dea65fdad797d8a3dc32d6ea9b1c89cab11755.png','9c425914135da107a18fe6cca67a47f0','82dea65fdad797d8a3dc32d6ea9b1c89cab11755'),(53,'https://assets.mhw-db.com/armor/a25140ade6df8eaa91d782d2a271a160.99d5e4de5a0e69ec033b4a068d9091a378134df4.png','a25140ade6df8eaa91d782d2a271a160','99d5e4de5a0e69ec033b4a068d9091a378134df4'),(54,'https://assets.mhw-db.com/armor/4481267742a2cb1ddd1d1d95654e51cb.d1c2161ebb29aa2a6a504a3f81bc4539a119efee.png','4481267742a2cb1ddd1d1d95654e51cb','d1c2161ebb29aa2a6a504a3f81bc4539a119efee'),(55,'https://assets.mhw-db.com/armor/6465611a75bb8b128ba30af3d8253a8d.dc5077018f467333c6279d7db7085c9257e9b03e.png','6465611a75bb8b128ba30af3d8253a8d','dc5077018f467333c6279d7db7085c9257e9b03e'),(56,'https://assets.mhw-db.com/armor/45f79d40c845cf85caf7253f50f6f452.56316f5ee948673f52da17dfcbdc1d72e43c1017.png','45f79d40c845cf85caf7253f50f6f452','56316f5ee948673f52da17dfcbdc1d72e43c1017'),(57,'https://assets.mhw-db.com/armor/98a3d4cd3c6aa0db82efffc1aed3228f.9b15af288bfb57d36cbe469bb9dd9a31f7d8702c.png','98a3d4cd3c6aa0db82efffc1aed3228f','9b15af288bfb57d36cbe469bb9dd9a31f7d8702c'),(58,'https://assets.mhw-db.com/armor/af3b4fbb487ca5af9f4f77fcb5968fd3.274b3a8c7e1d0a99543395d79d7d2b4cc7fded4e.png','af3b4fbb487ca5af9f4f77fcb5968fd3','274b3a8c7e1d0a99543395d79d7d2b4cc7fded4e'),(59,'https://assets.mhw-db.com/armor/ba2fa70ec04409c13ef4dad6e0a7a8a6.ae2ffa1178b8e1b76d015dda457b0f56657f0ddd.png','ba2fa70ec04409c13ef4dad6e0a7a8a6','ae2ffa1178b8e1b76d015dda457b0f56657f0ddd'),(60,'https://assets.mhw-db.com/armor/1745c5f3371113e7f5b717e1414698a4.8da5297912e0d48ad1630ae282d19ecbf011990a.png','1745c5f3371113e7f5b717e1414698a4','8da5297912e0d48ad1630ae282d19ecbf011990a'),(61,'https://assets.mhw-db.com/armor/d5735f8c39d9db8a8777c4b27c2eb782.21c0947b547c791d9484110ff67ffafdee52dc6a.png','d5735f8c39d9db8a8777c4b27c2eb782','21c0947b547c791d9484110ff67ffafdee52dc6a'),(62,'https://assets.mhw-db.com/armor/a42c1b0ea1b141554bf967196f0317a5.2ecfaa5f2be83f502f953291d8af0e65b32a5bf9.png','a42c1b0ea1b141554bf967196f0317a5','2ecfaa5f2be83f502f953291d8af0e65b32a5bf9'),(63,'https://assets.mhw-db.com/armor/1bee929d2a39777450331105ff50f4f6.17fb997cec092b358cd85171ecccec7145c2d745.png','1bee929d2a39777450331105ff50f4f6','17fb997cec092b358cd85171ecccec7145c2d745'),(64,'https://assets.mhw-db.com/armor/13d5c13407e8577805d128381c1191c5.cb840e82611341181a819af0c82a4b13043d4151.png','13d5c13407e8577805d128381c1191c5','cb840e82611341181a819af0c82a4b13043d4151'),(65,'https://assets.mhw-db.com/armor/28b410f3a10a09f675740d93c3544467.f16d48690b34375633badf5e63b5acdd54119873.png','28b410f3a10a09f675740d93c3544467','f16d48690b34375633badf5e63b5acdd54119873'),(66,'https://assets.mhw-db.com/armor/58bc956976989cde84758ff504064fb5.f98bc785ac9ff401c6fa036ba663b40d695f6794.png','58bc956976989cde84758ff504064fb5','f98bc785ac9ff401c6fa036ba663b40d695f6794'),(67,'https://assets.mhw-db.com/armor/208b30f1a526255bcd3292e1e577101e.0b9a5fa6db5b0b091a1dcf82b205eba967cfa8c3.png','208b30f1a526255bcd3292e1e577101e','0b9a5fa6db5b0b091a1dcf82b205eba967cfa8c3'),(68,'https://assets.mhw-db.com/armor/eeb58b1fd31fe1bb1fb87197b5516acd.f0f12ddf98627c3bd016da548e087ca9d52485a6.png','eeb58b1fd31fe1bb1fb87197b5516acd','f0f12ddf98627c3bd016da548e087ca9d52485a6'),(69,'https://assets.mhw-db.com/armor/e278c290541c3d791b4411b9768dad6c.0a37e43bfbc236bae73738255f9d3756eaf193ef.png','e278c290541c3d791b4411b9768dad6c','0a37e43bfbc236bae73738255f9d3756eaf193ef'),(70,'https://assets.mhw-db.com/armor/9eaca6e8986bdedf2350dfa71f60fe69.a8a6ddb0d1c24b79b405373a8187448e74c0edba.png','9eaca6e8986bdedf2350dfa71f60fe69','a8a6ddb0d1c24b79b405373a8187448e74c0edba'),(71,'https://assets.mhw-db.com/armor/dc0f622a1c0fd14a0e352b0cabb6504b.1e235f669f5d5642ae25b4e3fa08a045d6283796.png','dc0f622a1c0fd14a0e352b0cabb6504b','1e235f669f5d5642ae25b4e3fa08a045d6283796'),(72,'https://assets.mhw-db.com/armor/77487d5c7d793893b58267a98855cf43.7df4eaf6a255bd6ec459a1943071d1f2b31f9685.png','77487d5c7d793893b58267a98855cf43','7df4eaf6a255bd6ec459a1943071d1f2b31f9685'),(73,'https://assets.mhw-db.com/armor/41de6a7f306157b1b6d5f9685fc067d0.fd7ae052d037aaf36b1599338cee95149c8d07d7.png','41de6a7f306157b1b6d5f9685fc067d0','fd7ae052d037aaf36b1599338cee95149c8d07d7'),(74,'https://assets.mhw-db.com/armor/5d5b54de60477155c12e692c8e4f7cae.7fb2632760a9f18bd4a551ac04ff49c3d21d3a2b.png','5d5b54de60477155c12e692c8e4f7cae','7fb2632760a9f18bd4a551ac04ff49c3d21d3a2b'),(75,'https://assets.mhw-db.com/armor/0a3ef6d1f27a6d9975df7a00e5cc5d3e.a6e90afc1f2edc317790a336d76fc03a2b25442e.png','0a3ef6d1f27a6d9975df7a00e5cc5d3e','a6e90afc1f2edc317790a336d76fc03a2b25442e'),(76,'https://assets.mhw-db.com/armor/77acfe55ffe4d2f7e811820300d1e5eb.06261cd0828953adac57da008f5986d6bec89f17.png','77acfe55ffe4d2f7e811820300d1e5eb','06261cd0828953adac57da008f5986d6bec89f17'),(77,'https://assets.mhw-db.com/armor/511f6a87a7bf6ac9bdca94b5dd2d3155.423f33dd70c1adaa1092f719ed94e574cc762d4d.png','511f6a87a7bf6ac9bdca94b5dd2d3155','423f33dd70c1adaa1092f719ed94e574cc762d4d'),(78,'https://assets.mhw-db.com/armor/3920935398e5f4b4652bf8eddd3c6d77.f37cae6e2fac0b4bb04e3931b012342238e1b43f.png','3920935398e5f4b4652bf8eddd3c6d77','f37cae6e2fac0b4bb04e3931b012342238e1b43f'),(79,'https://assets.mhw-db.com/armor/3a2d2d5e0e3bffa150384ff43ae0451d.4d5f826d6b711e116b2b054b4faf17338984ba79.png','3a2d2d5e0e3bffa150384ff43ae0451d','4d5f826d6b711e116b2b054b4faf17338984ba79'),(80,'https://assets.mhw-db.com/armor/12aa5921c9aeaec5a394f0a14916eb05.ee5410c58afd73633b762d085b11bb20522c2bb0.png','12aa5921c9aeaec5a394f0a14916eb05','ee5410c58afd73633b762d085b11bb20522c2bb0'),(81,'https://assets.mhw-db.com/armor/3379ca4d05b4b0c58df4abbf966889ba.8faed1feb02fda7438a8779a916fa05ebf4f76c7.png','3379ca4d05b4b0c58df4abbf966889ba','8faed1feb02fda7438a8779a916fa05ebf4f76c7'),(82,'https://assets.mhw-db.com/armor/5f51718471d5b83794104ffb730caabb.0d0dd29517d376886abdb2c10172a2c8fefe08ef.png','5f51718471d5b83794104ffb730caabb','0d0dd29517d376886abdb2c10172a2c8fefe08ef'),(83,'https://assets.mhw-db.com/armor/4a22703280875d6f5bedc914594d409e.84ae091b7d417f4b12727947adf2f96ba246ca94.png','4a22703280875d6f5bedc914594d409e','84ae091b7d417f4b12727947adf2f96ba246ca94'),(84,'https://assets.mhw-db.com/armor/eaad659ae6c76e72612bdfed81c8c234.f3d22cca412d5685bca08aafa181d80946f9f363.png','eaad659ae6c76e72612bdfed81c8c234','f3d22cca412d5685bca08aafa181d80946f9f363'),(85,'https://assets.mhw-db.com/armor/565d29971328feb850f7acb91d532bba.4cade04487854a8d3b2e0670ca484b14c5e16389.png','565d29971328feb850f7acb91d532bba','4cade04487854a8d3b2e0670ca484b14c5e16389'),(86,'https://assets.mhw-db.com/armor/4ea283f95e273fdaa1028301e2f54f38.e65fffb8f9f371a760b06caaa39dac9b843df90b.png','4ea283f95e273fdaa1028301e2f54f38','e65fffb8f9f371a760b06caaa39dac9b843df90b'),(87,'https://assets.mhw-db.com/armor/728f18550cfb0e9daad64cd1ae5436b4.9574d4d2d95dbd9f2d616e6326ae02eefcaac4b6.png','728f18550cfb0e9daad64cd1ae5436b4','9574d4d2d95dbd9f2d616e6326ae02eefcaac4b6'),(88,'https://assets.mhw-db.com/armor/520586ba1b7cce1b098417c1fb37a34c.0d61ff67aa97750bafec00c984531f5531805ce8.png','520586ba1b7cce1b098417c1fb37a34c','0d61ff67aa97750bafec00c984531f5531805ce8'),(89,'https://assets.mhw-db.com/armor/918be38485aa612c3fb3912850481952.a5f8db27e1dbbbaba204bc5d9f04ef4d51d3027b.png','918be38485aa612c3fb3912850481952','a5f8db27e1dbbbaba204bc5d9f04ef4d51d3027b'),(90,'https://assets.mhw-db.com/armor/f03abb2415eceae2082efffea95834cb.332dce76e0fe0947588f020361df347d9884b121.png','f03abb2415eceae2082efffea95834cb','332dce76e0fe0947588f020361df347d9884b121'),(91,'https://assets.mhw-db.com/armor/e1379ca5d1735fd8032b901b90a2b163.bb08baa8b120b84189c4166ce0eaa9b3591d7b48.png','e1379ca5d1735fd8032b901b90a2b163','bb08baa8b120b84189c4166ce0eaa9b3591d7b48'),(92,'https://assets.mhw-db.com/armor/e011569960a684387f5f69d2cd92bc55.19c40da3b058dc62a2f83a76c84104ed76ae3465.png','e011569960a684387f5f69d2cd92bc55','19c40da3b058dc62a2f83a76c84104ed76ae3465'),(93,'https://assets.mhw-db.com/armor/09f7428563ae4e53a9326e4bbd6798d0.3eb99a58ad52d235d9e772e70c0232a88ab1820e.png','09f7428563ae4e53a9326e4bbd6798d0','3eb99a58ad52d235d9e772e70c0232a88ab1820e'),(94,'https://assets.mhw-db.com/armor/3bb75df772c4c0dd55cfbe6e815684f1.a067e0386ace146a2421684d3016823b1f5107de.png','3bb75df772c4c0dd55cfbe6e815684f1','a067e0386ace146a2421684d3016823b1f5107de'),(95,'https://assets.mhw-db.com/armor/183e6dbfb4750c12c32d2b7fc5a6525b.b972def7fc426eb419abf9de6432de0b8012af46.png','183e6dbfb4750c12c32d2b7fc5a6525b','b972def7fc426eb419abf9de6432de0b8012af46'),(96,'https://assets.mhw-db.com/armor/3336e75bde121960fe747293bd898929.c4e2fabc79a5355d606f7f89b6757b879f2ef331.png','3336e75bde121960fe747293bd898929','c4e2fabc79a5355d606f7f89b6757b879f2ef331'),(97,'https://assets.mhw-db.com/armor/1ba7c053cd9bab8ee966f0d9bdaa5c06.a9e1ee7cf33d57edb9c339bd905dd0d467b0ffb1.png','1ba7c053cd9bab8ee966f0d9bdaa5c06','a9e1ee7cf33d57edb9c339bd905dd0d467b0ffb1'),(98,'https://assets.mhw-db.com/armor/6bfb99e832d6d80b8f1c1cb4f0ccc548.e9b463252aef1fc6583afcdcabaa5f6e04a0d78f.png','6bfb99e832d6d80b8f1c1cb4f0ccc548','e9b463252aef1fc6583afcdcabaa5f6e04a0d78f'),(99,'https://assets.mhw-db.com/armor/f2cf90e54f825fc501296f6a7c0aa313.30936f22bcac491c15b68cc855b9ecb36f663a02.png','f2cf90e54f825fc501296f6a7c0aa313','30936f22bcac491c15b68cc855b9ecb36f663a02'),(100,'https://assets.mhw-db.com/armor/2978ee3088ba1dd5df6f024a7af02a2b.39d4084594bc8d9539d45729392a7492cfa37327.png','2978ee3088ba1dd5df6f024a7af02a2b','39d4084594bc8d9539d45729392a7492cfa37327'),(101,'https://assets.mhw-db.com/armor/0d62e6f054ce26de928c0e1ef681dc0f.d7b36737109e2f7739bcd7d90e497f7ef6bf0455.png','0d62e6f054ce26de928c0e1ef681dc0f','d7b36737109e2f7739bcd7d90e497f7ef6bf0455'),(102,'https://assets.mhw-db.com/armor/9dfc5aae312e21063cbd2d0f3ed0aa0d.152810e955b8ae9b0e9a02243cb7612a5db46a10.png','9dfc5aae312e21063cbd2d0f3ed0aa0d','152810e955b8ae9b0e9a02243cb7612a5db46a10'),(103,'https://assets.mhw-db.com/armor/cf270f9330961ab8aa168ad1178892e0.4710877729622dc31966123da9f2bfb1a97c7a93.png','cf270f9330961ab8aa168ad1178892e0','4710877729622dc31966123da9f2bfb1a97c7a93'),(104,'https://assets.mhw-db.com/armor/a54e38d1c2a9d42b5ed01b8f1d1eb112.dcc29727e4966ddda510147c28cdc4fbd2c6bbed.png','a54e38d1c2a9d42b5ed01b8f1d1eb112','dcc29727e4966ddda510147c28cdc4fbd2c6bbed'),(105,'https://assets.mhw-db.com/armor/fd9add5fe15448971b0f95c3a9e6741d.b6c8cde18c09017d47b18c990cbf14c163930918.png','fd9add5fe15448971b0f95c3a9e6741d','b6c8cde18c09017d47b18c990cbf14c163930918'),(106,'https://assets.mhw-db.com/armor/244566ba993316b8c7d097f85522d314.e647cf9224deec51cda0ba26115f2bf9504de889.png','244566ba993316b8c7d097f85522d314','e647cf9224deec51cda0ba26115f2bf9504de889'),(107,'https://assets.mhw-db.com/armor/6074f5272f6127e4597b20959ceb0599.e4314e8386aadb6e0966a649fc2aec05664eede3.png','6074f5272f6127e4597b20959ceb0599','e4314e8386aadb6e0966a649fc2aec05664eede3'),(108,'https://assets.mhw-db.com/armor/1e990f5b7bbfcaab744d893ef8b7a53f.dfc627bf26f6cf781a5014625d244aea794b00fc.png','1e990f5b7bbfcaab744d893ef8b7a53f','dfc627bf26f6cf781a5014625d244aea794b00fc'),(109,'https://assets.mhw-db.com/armor/3f58ac780fb3f35dce51c4cbd9f9bd53.51bf9fc4bf5f35e7f0008fe31cf336558ef262a6.png','3f58ac780fb3f35dce51c4cbd9f9bd53','51bf9fc4bf5f35e7f0008fe31cf336558ef262a6'),(110,'https://assets.mhw-db.com/armor/40271a95297c8f6bb1b4bba52b437852.3c0c30428171c52fcbeac09ae58d94e22489ec71.png','40271a95297c8f6bb1b4bba52b437852','3c0c30428171c52fcbeac09ae58d94e22489ec71'),(111,'https://assets.mhw-db.com/armor/d26a76e364adf8727c5c5656a8a74dbe.8675a29c608926525724f0f0121ca8952e353514.png','d26a76e364adf8727c5c5656a8a74dbe','8675a29c608926525724f0f0121ca8952e353514'),(112,'https://assets.mhw-db.com/armor/0d1e706b639d9f1ddee12bf7ed9f1afb.0b4c750cc9f46952034aeb431a26e8f5b0ae0c12.png','0d1e706b639d9f1ddee12bf7ed9f1afb','0b4c750cc9f46952034aeb431a26e8f5b0ae0c12'),(113,'https://assets.mhw-db.com/armor/8e802db3a4eb0a6f1f5e3719f4c3d5ce.7a5f7407aed54a47a311676cfd64cb2e169ba0f2.png','8e802db3a4eb0a6f1f5e3719f4c3d5ce','7a5f7407aed54a47a311676cfd64cb2e169ba0f2'),(114,'https://assets.mhw-db.com/armor/3f9810bb96a3b47d64a38cb82bdc7bf8.1e26a6a41c3fbaaa66bfd3b8f252b204fe56aa2f.png','3f9810bb96a3b47d64a38cb82bdc7bf8','1e26a6a41c3fbaaa66bfd3b8f252b204fe56aa2f'),(115,'https://assets.mhw-db.com/armor/f7d00fb036ac3c0d82f16c6631bbd9ec.f52772f8b8bafd0a0543c2adbe0c04e4819cc336.png','f7d00fb036ac3c0d82f16c6631bbd9ec','f52772f8b8bafd0a0543c2adbe0c04e4819cc336'),(116,'https://assets.mhw-db.com/armor/a56293438756f1f838fa869cde2fc3cc.9a956b4ca2cd85644c2993271d818b7e1b869bf7.png','a56293438756f1f838fa869cde2fc3cc','9a956b4ca2cd85644c2993271d818b7e1b869bf7'),(117,'https://assets.mhw-db.com/armor/bc7c46c330442590c4ba5aec42dda14d.7855ac4c3b0f6440fc76602fa8a3b5c8260ce534.png','bc7c46c330442590c4ba5aec42dda14d','7855ac4c3b0f6440fc76602fa8a3b5c8260ce534'),(118,'https://assets.mhw-db.com/armor/401d5f5883a0530b6a448a42ec917832.f7831e884f4a19b2f3423b51133e242fa580b9e4.png','401d5f5883a0530b6a448a42ec917832','f7831e884f4a19b2f3423b51133e242fa580b9e4'),(119,'https://assets.mhw-db.com/armor/de45fb8531b5d859fec588dc7bc2d6aa.4cfb273a3aff4ec2d067cc1a02b307f7a86ed843.png','de45fb8531b5d859fec588dc7bc2d6aa','4cfb273a3aff4ec2d067cc1a02b307f7a86ed843'),(120,'https://assets.mhw-db.com/armor/5c8727f864ff22dc0c2924cf6f17dadb.3b15788e8681860519da19fbab31ba8f1c54524f.png','5c8727f864ff22dc0c2924cf6f17dadb','3b15788e8681860519da19fbab31ba8f1c54524f'),(121,'https://assets.mhw-db.com/armor/4df445615dac0f3b1bdba5960ad4a404.f8cd23da86ffe24c185f33e1fc3bf20515217963.png','4df445615dac0f3b1bdba5960ad4a404','f8cd23da86ffe24c185f33e1fc3bf20515217963'),(122,'https://assets.mhw-db.com/armor/4c05e7aeef91709a50cc98ff1f54ad34.c107fbcb895d7941bcb84a6d31ae12abf7d75d44.png','4c05e7aeef91709a50cc98ff1f54ad34','c107fbcb895d7941bcb84a6d31ae12abf7d75d44'),(123,'https://assets.mhw-db.com/armor/58b69365e8b6101c36785061f9e5ecd9.fd0edba97bb7551f07b90aedd47e849d28bc90bc.png','58b69365e8b6101c36785061f9e5ecd9','fd0edba97bb7551f07b90aedd47e849d28bc90bc'),(124,'https://assets.mhw-db.com/armor/5efb693866a105b7125c66d5ef00a724.c9dab90bab3b91ccad25219640dad8329c6dab5d.png','5efb693866a105b7125c66d5ef00a724','c9dab90bab3b91ccad25219640dad8329c6dab5d'),(125,'https://assets.mhw-db.com/armor/4c5a53de9fdbc2df9f1871f6875f8a2a.afd7603a5871cf16874d35957ba741d60b671c2f.png','4c5a53de9fdbc2df9f1871f6875f8a2a','afd7603a5871cf16874d35957ba741d60b671c2f'),(126,'https://assets.mhw-db.com/armor/f26c07d179ed6dad16f1296bdd44bdea.05bfb4fa275608aea8da88f77c5d0d165cd9ce94.png','f26c07d179ed6dad16f1296bdd44bdea','05bfb4fa275608aea8da88f77c5d0d165cd9ce94'),(127,'https://assets.mhw-db.com/armor/12d333f2b8b4603abf2b3c86045c1cab.2e13b5ceb86dbfadc36ea4d5736e365d06f24366.png','12d333f2b8b4603abf2b3c86045c1cab','2e13b5ceb86dbfadc36ea4d5736e365d06f24366'),(128,'https://assets.mhw-db.com/armor/a4c035c16d3000e2d5e7e831a5f9753a.9ccb72654dd3ef23fff2edad75332e587840f1d0.png','a4c035c16d3000e2d5e7e831a5f9753a','9ccb72654dd3ef23fff2edad75332e587840f1d0'),(129,'https://assets.mhw-db.com/armor/602430eaa4a2769aac5707cb06cd5a4e.cc3d7e6311e0abadd9bef73c900a9da731fa0253.png','602430eaa4a2769aac5707cb06cd5a4e','cc3d7e6311e0abadd9bef73c900a9da731fa0253'),(130,'https://assets.mhw-db.com/armor/e9f53421d7e5afd4153c884e5c0b985e.a774c492943c5e4b9189d6369d8ee4f125f2e611.png','e9f53421d7e5afd4153c884e5c0b985e','a774c492943c5e4b9189d6369d8ee4f125f2e611'),(131,'https://assets.mhw-db.com/armor/6be5f2ec2a1de9e669949eb41a4c7f09.7589325ac749582500b8129e08a3f08cac031dc8.png','6be5f2ec2a1de9e669949eb41a4c7f09','7589325ac749582500b8129e08a3f08cac031dc8'),(132,'https://assets.mhw-db.com/armor/19180379d00d220b96b63edec6bd0caf.68798f53b1d92bdfcf7b05b3f140eda6b65de82e.png','19180379d00d220b96b63edec6bd0caf','68798f53b1d92bdfcf7b05b3f140eda6b65de82e'),(133,'https://assets.mhw-db.com/armor/461ab6b0a8289e6d3686424536befd91.3c83a56f4520f44130f7a7d097d398325b69cec7.png','461ab6b0a8289e6d3686424536befd91','3c83a56f4520f44130f7a7d097d398325b69cec7'),(134,'https://assets.mhw-db.com/armor/8124b9806eebb587ae69b7bbbcb3560c.67faf1d8b8c512b785a265b6993d93fcbff254d0.png','8124b9806eebb587ae69b7bbbcb3560c','67faf1d8b8c512b785a265b6993d93fcbff254d0'),(135,'https://assets.mhw-db.com/armor/490690ca0ea098557f2da1c67fdc1ddd.5a7da1c5b39cf10381d0ccba7975a1b68ae916b8.png','490690ca0ea098557f2da1c67fdc1ddd','5a7da1c5b39cf10381d0ccba7975a1b68ae916b8'),(136,'https://assets.mhw-db.com/armor/5b25cf54147e4116af7595d05ad43df5.ed745763be385ea9bffc84675c1414eff96fa1d0.png','5b25cf54147e4116af7595d05ad43df5','ed745763be385ea9bffc84675c1414eff96fa1d0'),(137,'https://assets.mhw-db.com/armor/27ed25db1fe3d252e520baa4e8cade0a.99bc24a35ca2f105e6f553d3f30f960cef8fe3c3.png','27ed25db1fe3d252e520baa4e8cade0a','99bc24a35ca2f105e6f553d3f30f960cef8fe3c3'),(138,'https://assets.mhw-db.com/armor/130482999b5abe2a2fcaa8e16286fe80.aac73e38cdefc066341432611ba553d082976fe3.png','130482999b5abe2a2fcaa8e16286fe80','aac73e38cdefc066341432611ba553d082976fe3'),(139,'https://assets.mhw-db.com/armor/72a1979b1f153c626fa27f6c7dee0ad9.eae030c1ae244253b38da9db714360b559acfc3b.png','72a1979b1f153c626fa27f6c7dee0ad9','eae030c1ae244253b38da9db714360b559acfc3b'),(140,'https://assets.mhw-db.com/armor/fa976abe8bd0f4bca028c60bed61952d.bb60c7f8237ed1c10fca17aa7418840b6ca2ccc7.png','fa976abe8bd0f4bca028c60bed61952d','bb60c7f8237ed1c10fca17aa7418840b6ca2ccc7'),(141,'https://assets.mhw-db.com/armor/dae1f288fc410af77e39b2f52866f720.222f6148089951f58e28f6281dde13b5684c682f.png','dae1f288fc410af77e39b2f52866f720','222f6148089951f58e28f6281dde13b5684c682f'),(142,'https://assets.mhw-db.com/armor/1d34b14f7313121d96730a644c5e946d.def063c555fa6f03b8389df40ddb2fbee6975389.png','1d34b14f7313121d96730a644c5e946d','def063c555fa6f03b8389df40ddb2fbee6975389'),(143,'https://assets.mhw-db.com/armor/62af5a532e081ca74ee640386d28b56b.e8a8f075073ead43c5d23fab8b635937c82c3688.png','62af5a532e081ca74ee640386d28b56b','e8a8f075073ead43c5d23fab8b635937c82c3688'),(144,'https://assets.mhw-db.com/armor/63230fffc2ec98abc4574595f18743c5.0264ed9a0d95e41d4ce2e90d6f83f61c1d988bda.png','63230fffc2ec98abc4574595f18743c5','0264ed9a0d95e41d4ce2e90d6f83f61c1d988bda'),(145,'https://assets.mhw-db.com/armor/6b0807b718d6ee761305e8fc21084365.b96da1b311b66722a44c23573f9ad13ccc08fa8e.png','6b0807b718d6ee761305e8fc21084365','b96da1b311b66722a44c23573f9ad13ccc08fa8e'),(146,'https://assets.mhw-db.com/armor/f59e9d7237afbac6e385d84ea81558ef.0317fd3842cc6e3a299b4357a20d8cdb37356036.png','f59e9d7237afbac6e385d84ea81558ef','0317fd3842cc6e3a299b4357a20d8cdb37356036'),(147,'https://assets.mhw-db.com/armor/6b906274e9ce10203a513f15ba922099.bb65daab9c10339e45d20d5b47f97b8357aba37a.png','6b906274e9ce10203a513f15ba922099','bb65daab9c10339e45d20d5b47f97b8357aba37a'),(148,'https://assets.mhw-db.com/armor/28032faf842cf681e2e31eac4690b6a4.55798c3eb3da606cdbaae34aff428992e058d4a8.png','28032faf842cf681e2e31eac4690b6a4','55798c3eb3da606cdbaae34aff428992e058d4a8'),(149,'https://assets.mhw-db.com/armor/6748e6f2cbee3959df884724ddd66cff.b8c3c893df4bdca0a2383c3d9bb859d6bd46cdd1.png','6748e6f2cbee3959df884724ddd66cff','b8c3c893df4bdca0a2383c3d9bb859d6bd46cdd1'),(150,'https://assets.mhw-db.com/armor/8378455fb0ae0204c5a7d9de5bc670ac.79935516cfc17196638163fd229623cbdc85bbc8.png','8378455fb0ae0204c5a7d9de5bc670ac','79935516cfc17196638163fd229623cbdc85bbc8'),(151,'https://assets.mhw-db.com/armor/35b1fa2fe2e6e05ccf92b25b6b2eb5de.3a279c19db883e2a9532a51dec095725eb8af979.png','35b1fa2fe2e6e05ccf92b25b6b2eb5de','3a279c19db883e2a9532a51dec095725eb8af979'),(152,'https://assets.mhw-db.com/armor/e436511767cc9be14e95c6c79d6427ec.bfedcb42dab5a31eecd8736f06661b8ec2ec3f76.png','e436511767cc9be14e95c6c79d6427ec','bfedcb42dab5a31eecd8736f06661b8ec2ec3f76'),(153,'https://assets.mhw-db.com/armor/5345232f9c474710bb4d68bb9d7e556d.0573daa0ab5a5b5eb21dbf1d3528c300e6051c68.png','5345232f9c474710bb4d68bb9d7e556d','0573daa0ab5a5b5eb21dbf1d3528c300e6051c68'),(154,'https://assets.mhw-db.com/armor/5b76fe59fcb28c3c8790b6a6027dbf1d.b63aa386ec55abc130bbd95fd89676c35418ca7e.png','5b76fe59fcb28c3c8790b6a6027dbf1d','b63aa386ec55abc130bbd95fd89676c35418ca7e'),(155,'https://assets.mhw-db.com/armor/433ed88362cb56340902241841253a40.088884f9f92ecaeb46be33a765b46d430b8da83d.png','433ed88362cb56340902241841253a40','088884f9f92ecaeb46be33a765b46d430b8da83d'),(156,'https://assets.mhw-db.com/armor/a4b5af5680a65d332ecfef76d7d766a6.8defe778d410521203b4aa521c2ed691b58d48e9.png','a4b5af5680a65d332ecfef76d7d766a6','8defe778d410521203b4aa521c2ed691b58d48e9'),(157,'https://assets.mhw-db.com/armor/1f3fe999dad582bcba71a9eb79b0b2a8.e8becdf67f9ec314d24ff68f6e31b1d2ca79dacf.png','1f3fe999dad582bcba71a9eb79b0b2a8','e8becdf67f9ec314d24ff68f6e31b1d2ca79dacf'),(158,'https://assets.mhw-db.com/armor/883eeaaec74b060d8f00d7bc8c8ce251.b1907122a2a3f941388976da534efe7c685bd8c4.png','883eeaaec74b060d8f00d7bc8c8ce251','b1907122a2a3f941388976da534efe7c685bd8c4'),(159,'https://assets.mhw-db.com/armor/94e11d5e9517ef59c5b636fe16a79e08.09e2e8f6180d4dcb11e1eaf9f95fc5758d3ce036.png','94e11d5e9517ef59c5b636fe16a79e08','09e2e8f6180d4dcb11e1eaf9f95fc5758d3ce036'),(160,'https://assets.mhw-db.com/armor/7812ffdb4d8f672a23362a6fa346930e.e3fbc9e5c0b5a1cd2f0d43acf7860ae46ff0b7ab.png','7812ffdb4d8f672a23362a6fa346930e','e3fbc9e5c0b5a1cd2f0d43acf7860ae46ff0b7ab'),(161,'https://assets.mhw-db.com/armor/2bc69636df10fe1de79df2e7c12220f6.8586e60ec3f2125d6dc585396f26262b1e37b3e3.png','2bc69636df10fe1de79df2e7c12220f6','8586e60ec3f2125d6dc585396f26262b1e37b3e3'),(162,'https://assets.mhw-db.com/armor/983bf4b75832b3e0914160636379f881.7f9b6e3ee1a5d0502160ff6579ffd69188e8a2b5.png','983bf4b75832b3e0914160636379f881','7f9b6e3ee1a5d0502160ff6579ffd69188e8a2b5'),(163,'https://assets.mhw-db.com/armor/084f03c790bfdf38d6bc4734fa6c3677.2f5d1c87b21b6c6f16168e46401ca2e716fba340.png','084f03c790bfdf38d6bc4734fa6c3677','2f5d1c87b21b6c6f16168e46401ca2e716fba340'),(164,'https://assets.mhw-db.com/armor/b8e41689035907e88c267d57934698a1.1da9b3d9987c9e9abae249b2d1086eefb90fb749.png','b8e41689035907e88c267d57934698a1','1da9b3d9987c9e9abae249b2d1086eefb90fb749'),(165,'https://assets.mhw-db.com/armor/0cbcdf67b064bed77969de49b762afb8.f16a3bbf08008e6a0117c363f032abfa037c1386.png','0cbcdf67b064bed77969de49b762afb8','f16a3bbf08008e6a0117c363f032abfa037c1386'),(166,'https://assets.mhw-db.com/armor/c20e2041b002773afa0156aa1c690e78.08e6d4e3a8efb37450033bde53bd3c234546b8d0.png','c20e2041b002773afa0156aa1c690e78','08e6d4e3a8efb37450033bde53bd3c234546b8d0'),(167,'https://assets.mhw-db.com/armor/29acffdb50b4bff0c7a984066ca0165d.394a608a5484ea851594d94126fc26c1f5dd127d.png','29acffdb50b4bff0c7a984066ca0165d','394a608a5484ea851594d94126fc26c1f5dd127d'),(168,'https://assets.mhw-db.com/armor/6eac897376f65f2755ccd2409ec1d902.440d2c43c4adcb9039eca63761faabc302460b12.png','6eac897376f65f2755ccd2409ec1d902','440d2c43c4adcb9039eca63761faabc302460b12'),(169,'https://assets.mhw-db.com/armor/e43b4f44f4d4e7a0532991b576ff8418.28064b74d023ebb716d41bbfd4c8fe606d1c757d.png','e43b4f44f4d4e7a0532991b576ff8418','28064b74d023ebb716d41bbfd4c8fe606d1c757d'),(170,'https://assets.mhw-db.com/armor/544308467521193125718c506867400a.2d79c3072003f50dcc1fc179cbe11c7a513f7753.png','544308467521193125718c506867400a','2d79c3072003f50dcc1fc179cbe11c7a513f7753'),(171,'https://assets.mhw-db.com/armor/3c7fea0a32d34950cda0eb171c3f0869.ec7b05c0e2680efc41d75d6bcb86b95ede41ffd4.png','3c7fea0a32d34950cda0eb171c3f0869','ec7b05c0e2680efc41d75d6bcb86b95ede41ffd4'),(172,'https://assets.mhw-db.com/armor/546d453824608b75a9a4bf85b8437d24.8d75c90427cdf44ae22529f9e7c61ce1d6b93cb0.png','546d453824608b75a9a4bf85b8437d24','8d75c90427cdf44ae22529f9e7c61ce1d6b93cb0'),(173,'https://assets.mhw-db.com/armor/bb6ddfc7c07ff8381be119518867fd47.d51af692ee2b954829035ed7c238f9283d368cd7.png','bb6ddfc7c07ff8381be119518867fd47','d51af692ee2b954829035ed7c238f9283d368cd7'),(174,'https://assets.mhw-db.com/armor/5a6a71becd6d93d54db985b85f01fd67.22f4b3d8c3a75403761f79bf109d84355790e570.png','5a6a71becd6d93d54db985b85f01fd67','22f4b3d8c3a75403761f79bf109d84355790e570'),(175,'https://assets.mhw-db.com/armor/cf39e845be9721be216c4d545abb277c.9407236b07f4482419ae3ee047b955caf31fbde7.png','cf39e845be9721be216c4d545abb277c','9407236b07f4482419ae3ee047b955caf31fbde7'),(176,'https://assets.mhw-db.com/armor/9c7e5b1170074345c1e49281c4a7f35a.c7bf8db2354c0273013a72793112b6f575579a7e.png','9c7e5b1170074345c1e49281c4a7f35a','c7bf8db2354c0273013a72793112b6f575579a7e'),(177,'https://assets.mhw-db.com/armor/2cfc762249bc2ceeaa870d8c8bbec1ca.7c7aa61e2d6bd820e2004165e6db7454555b091f.png','2cfc762249bc2ceeaa870d8c8bbec1ca','7c7aa61e2d6bd820e2004165e6db7454555b091f'),(178,'https://assets.mhw-db.com/armor/a41474dff9a4861d66609c9b31c6f6fe.227b7a26173fae04296b9425742e7fb794f7dcd1.png','a41474dff9a4861d66609c9b31c6f6fe','227b7a26173fae04296b9425742e7fb794f7dcd1'),(179,'https://assets.mhw-db.com/armor/2c7914276f8f22bf44d148df5e254cd9.3a21ea724bfdb1e48f90fa3e59888da125819548.png','2c7914276f8f22bf44d148df5e254cd9','3a21ea724bfdb1e48f90fa3e59888da125819548'),(180,'https://assets.mhw-db.com/armor/0cdf18be6e40fb603ed1edc869c3bba3.6785b8b266f395ff5b71a3f5a95c9ee09c503654.png','0cdf18be6e40fb603ed1edc869c3bba3','6785b8b266f395ff5b71a3f5a95c9ee09c503654'),(181,'https://assets.mhw-db.com/armor/f2311b2d3fc1c0381d5ecaac205b5c65.d35f6c86020728f8943b60f99354209d9c667d1c.png','f2311b2d3fc1c0381d5ecaac205b5c65','d35f6c86020728f8943b60f99354209d9c667d1c'),(182,'https://assets.mhw-db.com/armor/c9ba8178771053665466f70329ca9e5b.51cb77a0c2eef7d4c47d457b7b69fbd5f41ff443.png','c9ba8178771053665466f70329ca9e5b','51cb77a0c2eef7d4c47d457b7b69fbd5f41ff443'),(183,'https://assets.mhw-db.com/armor/6d82c35c6ba69266bf7598678b9407e4.1176c1da469172f4b83de8669330eb4d0da21d16.png','6d82c35c6ba69266bf7598678b9407e4','1176c1da469172f4b83de8669330eb4d0da21d16'),(184,'https://assets.mhw-db.com/armor/d39dffeccac36fb771cf3becbdb6814c.a16e631dd88273b2d17ef124b4cfc983a41a740c.png','d39dffeccac36fb771cf3becbdb6814c','a16e631dd88273b2d17ef124b4cfc983a41a740c'),(185,'https://assets.mhw-db.com/armor/4ec64b4082bdb217415a4b7c5cec1cc2.42e87b154640919f1fd1cd55d5d056c2e99a76c9.png','4ec64b4082bdb217415a4b7c5cec1cc2','42e87b154640919f1fd1cd55d5d056c2e99a76c9'),(186,'https://assets.mhw-db.com/armor/1d3b9f721aa0d6a8f0f5b38528ee3084.feb6e3f755771a732ff5ce583e91fb6734fdcff9.png','1d3b9f721aa0d6a8f0f5b38528ee3084','feb6e3f755771a732ff5ce583e91fb6734fdcff9'),(187,'https://assets.mhw-db.com/armor/9bb6920d024b9ce7f1f790f351933097.112e4fc191e84f96e927c12db8bc3b0dbaa25443.png','9bb6920d024b9ce7f1f790f351933097','112e4fc191e84f96e927c12db8bc3b0dbaa25443'),(188,'https://assets.mhw-db.com/armor/c1362df0f99cf1380210e8f8825cc006.2955c7e3d5a750e99c6e4558e12f40fc033bf840.png','c1362df0f99cf1380210e8f8825cc006','2955c7e3d5a750e99c6e4558e12f40fc033bf840'),(189,'https://assets.mhw-db.com/armor/27e504fba6635bf7fd4dbe64442bca3b.c22ce56ea07c382a55106dfc86d93cb536f41536.png','27e504fba6635bf7fd4dbe64442bca3b','c22ce56ea07c382a55106dfc86d93cb536f41536'),(190,'https://assets.mhw-db.com/armor/c5b9c9e2743e036944c6bdafd922225d.dac8da1860d351746ebab15a232d443d08ffcf2f.png','c5b9c9e2743e036944c6bdafd922225d','dac8da1860d351746ebab15a232d443d08ffcf2f'),(191,'https://assets.mhw-db.com/armor/0318d430a5d82d3d05440c62ee6b4c63.0f312bfd97ec01880de4a4a52669df16a3029b51.png','0318d430a5d82d3d05440c62ee6b4c63','0f312bfd97ec01880de4a4a52669df16a3029b51'),(192,'https://assets.mhw-db.com/armor/07cc24db148a50507673c68b9e183a08.6022a618cf6f8862893a46f7de142808e038b9e7.png','07cc24db148a50507673c68b9e183a08','6022a618cf6f8862893a46f7de142808e038b9e7'),(193,'https://assets.mhw-db.com/armor/48a2b348243dc152e2560a9c91703784.18f3010384b17757586d16ca8e90e02a604f4694.png','48a2b348243dc152e2560a9c91703784','18f3010384b17757586d16ca8e90e02a604f4694'),(194,'https://assets.mhw-db.com/armor/6dafaa160338b4c7cfcc9614d420abf6.f9083b713c7c9eb41b80f5e7b344ea65f2956110.png','6dafaa160338b4c7cfcc9614d420abf6','f9083b713c7c9eb41b80f5e7b344ea65f2956110'),(195,'https://assets.mhw-db.com/armor/2f1985242a8d59078331b483f3e66efa.7cdbca0dc7a84417c35fa4770636eac7bc7bfd4c.png','2f1985242a8d59078331b483f3e66efa','7cdbca0dc7a84417c35fa4770636eac7bc7bfd4c'),(196,'https://assets.mhw-db.com/armor/90b5c3139625c2955d6a2c2a4524cf3a.7027908211d24f2aa1ad066baa965e2e17fdef97.png','90b5c3139625c2955d6a2c2a4524cf3a','7027908211d24f2aa1ad066baa965e2e17fdef97'),(197,'https://assets.mhw-db.com/armor/dacd0f041026f95ac2646af1fbea5855.3e3c6577bdf5c2635017afea4cc8136086aa06eb.png','dacd0f041026f95ac2646af1fbea5855','3e3c6577bdf5c2635017afea4cc8136086aa06eb'),(198,'https://assets.mhw-db.com/armor/6baf16b02a63c0c0eda42b38dc0ee17b.fe6268a07932fab22b73833f4ff64036c021504d.png','6baf16b02a63c0c0eda42b38dc0ee17b','fe6268a07932fab22b73833f4ff64036c021504d'),(199,'https://assets.mhw-db.com/armor/c3e208edd84718870240f6f8d703afbf.6db127df98fd4d81226b0f8ac07b886705c34f56.png','c3e208edd84718870240f6f8d703afbf','6db127df98fd4d81226b0f8ac07b886705c34f56'),(200,'https://assets.mhw-db.com/armor/aaa51b31e959c80f3b87990b42d9b267.ea3097d0580b9c61262bafbe881580e7f981127a.png','aaa51b31e959c80f3b87990b42d9b267','ea3097d0580b9c61262bafbe881580e7f981127a'),(201,'https://assets.mhw-db.com/armor/5b6b7ad3b7df678f7664d2ad4c1138d0.5157bcc1549a066300a734f2e2177f0d6ed17663.png','5b6b7ad3b7df678f7664d2ad4c1138d0','5157bcc1549a066300a734f2e2177f0d6ed17663'),(202,'https://assets.mhw-db.com/armor/ada324ec8ae51f3ab39b571903827efb.89ffb6d44078c92eda4255031373393ef4f1f0c7.png','ada324ec8ae51f3ab39b571903827efb','89ffb6d44078c92eda4255031373393ef4f1f0c7'),(203,'https://assets.mhw-db.com/armor/7a2736810dc524b8d9ace604a35bd385.21c997d9d0d0216513d4b0da9e56d36920fa10df.png','7a2736810dc524b8d9ace604a35bd385','21c997d9d0d0216513d4b0da9e56d36920fa10df'),(204,'https://assets.mhw-db.com/armor/70f1d849cb2c80f2e420c62b6e9f36ce.7d77b6530db70665e22ff9348f28ba3384be7bf7.png','70f1d849cb2c80f2e420c62b6e9f36ce','7d77b6530db70665e22ff9348f28ba3384be7bf7'),(205,'https://assets.mhw-db.com/armor/ce565a4850c1c483be80acbd4baa841a.8cd5a9197db4860128f0663ea4550862f1259299.png','ce565a4850c1c483be80acbd4baa841a','8cd5a9197db4860128f0663ea4550862f1259299'),(206,'https://assets.mhw-db.com/armor/d3673510a37b44eaa1f6acfa55712dfd.3fa4e927e8eec7d66aa6caaab586c74245a1092f.png','d3673510a37b44eaa1f6acfa55712dfd','3fa4e927e8eec7d66aa6caaab586c74245a1092f'),(207,'https://assets.mhw-db.com/armor/a7871b670edb289f40934249a6488b2d.1379f832c0270067744eba62f1c839a61ab5c146.png','a7871b670edb289f40934249a6488b2d','1379f832c0270067744eba62f1c839a61ab5c146'),(208,'https://assets.mhw-db.com/armor/23ad3af8455b771497c40c41ec5d52be.aa5a8cd523500dab0affd480f0e3f6f80077dfbd.png','23ad3af8455b771497c40c41ec5d52be','aa5a8cd523500dab0affd480f0e3f6f80077dfbd'),(209,'https://assets.mhw-db.com/armor/7f1cb80075fe4b06dac359ca6ce138fa.3c5e9da285de9ce46f1c306092635836c2a57110.png','7f1cb80075fe4b06dac359ca6ce138fa','3c5e9da285de9ce46f1c306092635836c2a57110'),(210,'https://assets.mhw-db.com/armor/b4fd09cf45c94530a109ffe91bedc047.fb3ef29223c62d468122781ac7db4824e5b816ed.png','b4fd09cf45c94530a109ffe91bedc047','fb3ef29223c62d468122781ac7db4824e5b816ed'),(211,'https://assets.mhw-db.com/armor/b5d82ffeb7f4649ad47adf9512f106a6.2218cd577bdaf32013efddc7ebea8fb9dad7b660.png','b5d82ffeb7f4649ad47adf9512f106a6','2218cd577bdaf32013efddc7ebea8fb9dad7b660'),(212,'https://assets.mhw-db.com/armor/d7a287c0f64fd59529250eb92f3aca6f.5c025dda8b29e26fe8997f7d7574654c884bd170.png','d7a287c0f64fd59529250eb92f3aca6f','5c025dda8b29e26fe8997f7d7574654c884bd170'),(213,'https://assets.mhw-db.com/armor/b8c00acd5208a3af4191e7df4692d32b.37e47b90bdddcc09b7dea0f7649e9e50debb8e6a.png','b8c00acd5208a3af4191e7df4692d32b','37e47b90bdddcc09b7dea0f7649e9e50debb8e6a'),(214,'https://assets.mhw-db.com/armor/063f09e977038d18e88454b25ef63bd4.8ddc94f715bbc18d372edd2f27ca0d7a17b392c4.png','063f09e977038d18e88454b25ef63bd4','8ddc94f715bbc18d372edd2f27ca0d7a17b392c4'),(215,'https://assets.mhw-db.com/armor/d5a87118d69405bff2da1b2d6c2e0965.8d732747f46565c5c07d0c0cb141ad66c0d0f210.png','d5a87118d69405bff2da1b2d6c2e0965','8d732747f46565c5c07d0c0cb141ad66c0d0f210'),(216,'https://assets.mhw-db.com/armor/e2c601c952b39ab47a31a8bc8224ac9e.34b54e2b5df44222f4a9ac13ecd964448ee56b98.png','e2c601c952b39ab47a31a8bc8224ac9e','34b54e2b5df44222f4a9ac13ecd964448ee56b98'),(217,'https://assets.mhw-db.com/armor/189e77806945bbbb179de00dafb62bbb.b388d7672cf9282c147b0689626f2612bed2348c.png','189e77806945bbbb179de00dafb62bbb','b388d7672cf9282c147b0689626f2612bed2348c'),(218,'https://assets.mhw-db.com/armor/4e877ce3ea3b1b28ad47fe6aa395c60b.2280b985cf9fdc93a17fd5bf8d48acdeaeb51fd3.png','4e877ce3ea3b1b28ad47fe6aa395c60b','2280b985cf9fdc93a17fd5bf8d48acdeaeb51fd3'),(219,'https://assets.mhw-db.com/armor/8508067783652d2750cc6263b48c50a6.c97f97040304d61390360f07d8974664584d028a.png','8508067783652d2750cc6263b48c50a6','c97f97040304d61390360f07d8974664584d028a'),(220,'https://assets.mhw-db.com/armor/12a65b8f078e6f7632975f371e102be6.77fee2f2b1931b9e91aa1a7237bdb856df47fb90.png','12a65b8f078e6f7632975f371e102be6','77fee2f2b1931b9e91aa1a7237bdb856df47fb90'),(221,'https://assets.mhw-db.com/armor/4f16b7acedb3301cc01ad424a6a0ff9a.5d8b2ce7c11b9d670f927225d15f105bfaec89c4.png','4f16b7acedb3301cc01ad424a6a0ff9a','5d8b2ce7c11b9d670f927225d15f105bfaec89c4'),(222,'https://assets.mhw-db.com/armor/710a8a31dfe54bef1a9d9e172acab03b.78b24cbd00d294661ff5c688608f49509c82ff7d.png','710a8a31dfe54bef1a9d9e172acab03b','78b24cbd00d294661ff5c688608f49509c82ff7d'),(223,'https://assets.mhw-db.com/armor/06af2be44c0d53c70bcbbb4e0b426496.1ad9107c6fc9276b3193ba3a35d167e630502c70.png','06af2be44c0d53c70bcbbb4e0b426496','1ad9107c6fc9276b3193ba3a35d167e630502c70'),(224,'https://assets.mhw-db.com/armor/1315a38935e7290bb384e49708622ad4.8524051ccb36b2bada70f48a326d46633c8f358e.png','1315a38935e7290bb384e49708622ad4','8524051ccb36b2bada70f48a326d46633c8f358e'),(225,'https://assets.mhw-db.com/armor/1d159096be79ba686881bc47faaf0ce0.edb5b84b0596e473a1f2ff74b97b31dfbecfa591.png','1d159096be79ba686881bc47faaf0ce0','edb5b84b0596e473a1f2ff74b97b31dfbecfa591'),(226,'https://assets.mhw-db.com/armor/f0b9613794f5f1bec141cc59b4d7ea5d.a6251542bd657faf66de8350f03f9b0f2148fa43.png','f0b9613794f5f1bec141cc59b4d7ea5d','a6251542bd657faf66de8350f03f9b0f2148fa43'),(227,'https://assets.mhw-db.com/armor/15566c268a4c518cb93560e27ed1faa7.142a4d455e13ca71c646d3f66e0cec7997b06488.png','15566c268a4c518cb93560e27ed1faa7','142a4d455e13ca71c646d3f66e0cec7997b06488'),(228,'https://assets.mhw-db.com/armor/bd17de292235affb3e8bd1765d79b008.7cced5168110fc88337b8ceb557c6da344767822.png','bd17de292235affb3e8bd1765d79b008','7cced5168110fc88337b8ceb557c6da344767822'),(229,'https://assets.mhw-db.com/armor/9edc4f5e64c884c1293508a9eb1a5481.609478e80fa547a1cbb3def39efec7e816392a35.png','9edc4f5e64c884c1293508a9eb1a5481','609478e80fa547a1cbb3def39efec7e816392a35'),(230,'https://assets.mhw-db.com/armor/a039c8fe323067f5186e94b0a2755ae2.22dc4be360bd24463c1890bc224ea5904aeb9c8a.png','a039c8fe323067f5186e94b0a2755ae2','22dc4be360bd24463c1890bc224ea5904aeb9c8a'),(231,'https://assets.mhw-db.com/armor/5a6a5f1ed7057c35eeb3d2249b909adf.f2681c18c06bfab3549a0c548196f8dea00dd887.png','5a6a5f1ed7057c35eeb3d2249b909adf','f2681c18c06bfab3549a0c548196f8dea00dd887'),(232,'https://assets.mhw-db.com/armor/e796b738dbb77c6c376648d39a94aac3.e56d375a4586c40e5918b621f525430b46e4e05e.png','e796b738dbb77c6c376648d39a94aac3','e56d375a4586c40e5918b621f525430b46e4e05e'),(233,'https://assets.mhw-db.com/armor/0988f94ed1b9f2a24286d8930fef04b5.27be55433619e1ee163dc620d0098b824ce08162.png','0988f94ed1b9f2a24286d8930fef04b5','27be55433619e1ee163dc620d0098b824ce08162'),(234,'https://assets.mhw-db.com/armor/f1b369aded524fa4163a53d1497a7be9.0923265a674437ffc1fee3bc01987c4daddc0281.png','f1b369aded524fa4163a53d1497a7be9','0923265a674437ffc1fee3bc01987c4daddc0281'),(235,'https://assets.mhw-db.com/armor/a276931ffc56ad04cfe5d569d78de35b.f1a58c9433a3b949d437a994d049584be220ee6c.png','a276931ffc56ad04cfe5d569d78de35b','f1a58c9433a3b949d437a994d049584be220ee6c'),(236,'https://assets.mhw-db.com/armor/dedd97c57b2a2f0bad4c599ae736047e.8795f6da09b57f856651d319ae716f641434c64b.png','dedd97c57b2a2f0bad4c599ae736047e','8795f6da09b57f856651d319ae716f641434c64b'),(237,'https://assets.mhw-db.com/armor/834768bde98d1a6a77b24e96afbfd3c2.0336c128fdd1c68fdb6f64ab025aa4eabb3faf6e.png','834768bde98d1a6a77b24e96afbfd3c2','0336c128fdd1c68fdb6f64ab025aa4eabb3faf6e'),(238,'https://assets.mhw-db.com/armor/a42454fbb17ca73b958e1b06e8ff8d64.d3ada55eccb31be2889d76a232cbf14f0461a951.png','a42454fbb17ca73b958e1b06e8ff8d64','d3ada55eccb31be2889d76a232cbf14f0461a951'),(239,'https://assets.mhw-db.com/armor/31e72ff9409ad36540aafa5b95fd80e6.931e2f87373f0d545b1448e8b071c8965ee7fa2d.png','31e72ff9409ad36540aafa5b95fd80e6','931e2f87373f0d545b1448e8b071c8965ee7fa2d'),(240,'https://assets.mhw-db.com/armor/66cd3d321596eb5a0c029c7342a577f1.535c78969ff83c0f5f3a4be47ffb98e79d5700d3.png','66cd3d321596eb5a0c029c7342a577f1','535c78969ff83c0f5f3a4be47ffb98e79d5700d3'),(241,'https://assets.mhw-db.com/armor/d0c59bf5558a4dcdc2919e3c86d698d6.1c4841edcdbcfbf7a01319597d66aa7fac17e160.png','d0c59bf5558a4dcdc2919e3c86d698d6','1c4841edcdbcfbf7a01319597d66aa7fac17e160'),(242,'https://assets.mhw-db.com/armor/0673a7d47618a14ccba8ab054967e121.d54c20303fa1e1b149a1d3c8d82839991155ff77.png','0673a7d47618a14ccba8ab054967e121','d54c20303fa1e1b149a1d3c8d82839991155ff77'),(243,'https://assets.mhw-db.com/armor/2ec24333703b4cba3fde96e2e0ba7e1c.51db979e214873d4028e366cf7056e5b9258eaf6.png','2ec24333703b4cba3fde96e2e0ba7e1c','51db979e214873d4028e366cf7056e5b9258eaf6'),(244,'https://assets.mhw-db.com/armor/b4c92e08930a4255f64ed225d47ece4d.c7507da02c3e7e681e5f8eb31486777f917142e4.png','b4c92e08930a4255f64ed225d47ece4d','c7507da02c3e7e681e5f8eb31486777f917142e4'),(245,'https://assets.mhw-db.com/armor/cf655af2b0cd37c40bc9e5481b0ff977.78c133716c0d00031f0f53004b5a6c7343a8d3cb.png','cf655af2b0cd37c40bc9e5481b0ff977','78c133716c0d00031f0f53004b5a6c7343a8d3cb'),(246,'https://assets.mhw-db.com/armor/b92518d18b2bc1ff7e7f674629d943f5.e9437fe1fa72d814c8b8c32ad1d413ea62893fed.png','b92518d18b2bc1ff7e7f674629d943f5','e9437fe1fa72d814c8b8c32ad1d413ea62893fed'),(247,'https://assets.mhw-db.com/armor/22bb8e4d3e1212a19f376e2e85a40121.da7dc3459709e2b4ef5fbe9cf14de5ebd81e3238.png','22bb8e4d3e1212a19f376e2e85a40121','da7dc3459709e2b4ef5fbe9cf14de5ebd81e3238'),(248,'https://assets.mhw-db.com/armor/92ed673cb93069dc4d9edeea82d7a76c.2cd0780414b4dc2c46bcdebc9191e4fa9beadc34.png','92ed673cb93069dc4d9edeea82d7a76c','2cd0780414b4dc2c46bcdebc9191e4fa9beadc34'),(249,'https://assets.mhw-db.com/armor/6f8724b0a780fd0911acafe911321ed6.d5e50328e6694dbeb95c1f3330a6ac32c3267008.png','6f8724b0a780fd0911acafe911321ed6','d5e50328e6694dbeb95c1f3330a6ac32c3267008'),(250,'https://assets.mhw-db.com/armor/078ee4a0d982e1d2d515e29f8b62634f.eaa07f3415bb8b61d7bfc9633270d827ef7f0b32.png','078ee4a0d982e1d2d515e29f8b62634f','eaa07f3415bb8b61d7bfc9633270d827ef7f0b32'),(251,'https://assets.mhw-db.com/armor/39fc304f2b4dbea1df8ff4dcecf2d078.fe86d391d1bf60ace574d16ca37f135e7739750a.png','39fc304f2b4dbea1df8ff4dcecf2d078','fe86d391d1bf60ace574d16ca37f135e7739750a'),(252,'https://assets.mhw-db.com/armor/584be47cd63cf59137f0507fd098b40d.177fbe380f2259582e8d2f09db5a8f9d83400d18.png','584be47cd63cf59137f0507fd098b40d','177fbe380f2259582e8d2f09db5a8f9d83400d18'),(253,'https://assets.mhw-db.com/armor/794caa038cc3f94a1211d8961bddf592.37307a8662064ad9e1d7bcb32ca807146559d8c8.png','794caa038cc3f94a1211d8961bddf592','37307a8662064ad9e1d7bcb32ca807146559d8c8'),(254,'https://assets.mhw-db.com/armor/697e7290e4e9a4693e49883bdf1f7889.1fbfeaf29195c60a25af476d11be8b303d122a05.png','697e7290e4e9a4693e49883bdf1f7889','1fbfeaf29195c60a25af476d11be8b303d122a05'),(255,'https://assets.mhw-db.com/armor/14688c585f4ece4110dfc7ac71f859cb.81f003b7a5008fd9d29c9c0404f7c0c6f145636c.png','14688c585f4ece4110dfc7ac71f859cb','81f003b7a5008fd9d29c9c0404f7c0c6f145636c'),(256,'https://assets.mhw-db.com/armor/79db038daaeb16fc1f7f09bcce5a4f5c.310d1a1ced562ce0df59b220ebff007af28f9447.png','79db038daaeb16fc1f7f09bcce5a4f5c','310d1a1ced562ce0df59b220ebff007af28f9447'),(257,'https://assets.mhw-db.com/armor/d7cff3582ed911adb7af64f6833e20c9.c5148f1f3829664568ad14a910afae3b160ed0da.png','d7cff3582ed911adb7af64f6833e20c9','c5148f1f3829664568ad14a910afae3b160ed0da'),(258,'https://assets.mhw-db.com/armor/5ad1aeb5a7740c58c51c6b21921a1228.ccb8314b82ea07d1e91f9f649360627a4ce494eb.png','5ad1aeb5a7740c58c51c6b21921a1228','ccb8314b82ea07d1e91f9f649360627a4ce494eb'),(259,'https://assets.mhw-db.com/armor/af8e4825ee92de7f1bc4ed45f9500cb5.181a9069cf9faa9fa49682bb4a20039a2b735437.png','af8e4825ee92de7f1bc4ed45f9500cb5','181a9069cf9faa9fa49682bb4a20039a2b735437'),(260,'https://assets.mhw-db.com/armor/32744685614c538cc860e9de16c7e231.5d77130e04dc8084bccffde9059eaf6e32d29ff3.png','32744685614c538cc860e9de16c7e231','5d77130e04dc8084bccffde9059eaf6e32d29ff3'),(261,'https://assets.mhw-db.com/armor/7feed75ee357bf59fb9ed491455fe1ad.7b44c2b34a20113e8d20778b0ef4c101bdd6f145.png','7feed75ee357bf59fb9ed491455fe1ad','7b44c2b34a20113e8d20778b0ef4c101bdd6f145'),(262,'https://assets.mhw-db.com/armor/6f9e20883ad65c2d037db0246f12c9cb.78056ce342f64b3340750337cb74e7b0d4e56ab7.png','6f9e20883ad65c2d037db0246f12c9cb','78056ce342f64b3340750337cb74e7b0d4e56ab7'),(263,'https://assets.mhw-db.com/armor/cc1dd8ccd21d143c9badee4bac1d83a4.058f5c0dba30df9017fe6572a42fa1861939ba3d.png','cc1dd8ccd21d143c9badee4bac1d83a4','058f5c0dba30df9017fe6572a42fa1861939ba3d'),(264,'https://assets.mhw-db.com/armor/434188343fc87e671b0e9dc40c0b4a8e.0de3c50baaaffbff2c8ad3fa00bf8072c6c902f1.png','434188343fc87e671b0e9dc40c0b4a8e','0de3c50baaaffbff2c8ad3fa00bf8072c6c902f1'),(265,'https://assets.mhw-db.com/armor/d6b36b29ebac1ce46f5290ff81a363ba.f00626da33509616952a24c304af5538e4b38632.png','d6b36b29ebac1ce46f5290ff81a363ba','f00626da33509616952a24c304af5538e4b38632'),(266,'https://assets.mhw-db.com/armor/df623aed533d341c5a51026fc283b3a0.cec9d2bbb99f0176de16b354a4637c741fe91a2a.png','df623aed533d341c5a51026fc283b3a0','cec9d2bbb99f0176de16b354a4637c741fe91a2a'),(267,'https://assets.mhw-db.com/armor/85db6c4be3148a19453431a812258708.64fd32cc045d6b1ac84ccbbce6bdd5a33bb50ea9.png','85db6c4be3148a19453431a812258708','64fd32cc045d6b1ac84ccbbce6bdd5a33bb50ea9'),(268,'https://assets.mhw-db.com/armor/cbe7a3324c57301a6a59402111e45d88.56afa305aefa6e9f34ca878ce7a2968576277c69.png','cbe7a3324c57301a6a59402111e45d88','56afa305aefa6e9f34ca878ce7a2968576277c69'),(269,'https://assets.mhw-db.com/armor/a3ac565690860304ef5ad1fd6aba0966.7a4405401bd0f157928d0415914e284269145cd6.png','a3ac565690860304ef5ad1fd6aba0966','7a4405401bd0f157928d0415914e284269145cd6'),(270,'https://assets.mhw-db.com/armor/d624069c95e179efdd17a0c29009781e.38de47c48c0b87c56b43d379aec029b1a62fe61d.png','d624069c95e179efdd17a0c29009781e','38de47c48c0b87c56b43d379aec029b1a62fe61d'),(271,'https://assets.mhw-db.com/armor/2931fb748e51d166bcde544731878500.e7fed1abc0916c4e8d71c3dbaeed341db43301d6.png','2931fb748e51d166bcde544731878500','e7fed1abc0916c4e8d71c3dbaeed341db43301d6'),(272,'https://assets.mhw-db.com/armor/a80c063fcd1fdd5111198965e3e71588.1f665e87245839b376123a3377026e62099f837a.png','a80c063fcd1fdd5111198965e3e71588','1f665e87245839b376123a3377026e62099f837a'),(273,'https://assets.mhw-db.com/armor/ac210d83d58ee137f04f4a1090ad7626.2a0fc894813098b90fb329cb468b3e7f10159459.png','ac210d83d58ee137f04f4a1090ad7626','2a0fc894813098b90fb329cb468b3e7f10159459'),(274,'https://assets.mhw-db.com/armor/f3b56ce1472d69ab56741faa89f03167.961309d824073a14a026540c0d9687e0d51d7f18.png','f3b56ce1472d69ab56741faa89f03167','961309d824073a14a026540c0d9687e0d51d7f18'),(275,'https://assets.mhw-db.com/armor/f4e90a34d8d9d5be688335b4767b7e13.b406a073e507223998493d3be75fdfdcfea04949.png','f4e90a34d8d9d5be688335b4767b7e13','b406a073e507223998493d3be75fdfdcfea04949'),(276,'https://assets.mhw-db.com/armor/cf15aa725659becbe6f949654f2a0655.e7c6a3d08fbf802f1401cad1dba227e2d5b698a0.png','cf15aa725659becbe6f949654f2a0655','e7c6a3d08fbf802f1401cad1dba227e2d5b698a0'),(277,'https://assets.mhw-db.com/armor/26a55d62f46f1417b28125515f0f0f54.0fa3948da72a02237dcc6afd977ee47797156c12.png','26a55d62f46f1417b28125515f0f0f54','0fa3948da72a02237dcc6afd977ee47797156c12'),(278,'https://assets.mhw-db.com/armor/bf0238946d1eee92b3721fcd108a09ca.240018eec1a98d9d4e35a2b84369384927d98088.png','bf0238946d1eee92b3721fcd108a09ca','240018eec1a98d9d4e35a2b84369384927d98088'),(279,'https://assets.mhw-db.com/armor/5d55d33c582c4e890314b1e71c31850d.4bfa287b8927742307861603ca2fd2ba3812e1cc.png','5d55d33c582c4e890314b1e71c31850d','4bfa287b8927742307861603ca2fd2ba3812e1cc'),(280,'https://assets.mhw-db.com/armor/52a6647106fb2d70c940e28678a782da.4dffc19bd0fc04fbbe67b2f81b888476bd96abc4.png','52a6647106fb2d70c940e28678a782da','4dffc19bd0fc04fbbe67b2f81b888476bd96abc4'),(281,'https://assets.mhw-db.com/armor/719689d39f6a9df6bce1d033d0337082.f2f4838b747216a1944557533088243015652ce3.png','719689d39f6a9df6bce1d033d0337082','f2f4838b747216a1944557533088243015652ce3'),(282,'https://assets.mhw-db.com/armor/99f0e70c534a7e45f533f7eac8d08c59.49875c0ff88c82eafa810296cfbf98cc200d41fc.png','99f0e70c534a7e45f533f7eac8d08c59','49875c0ff88c82eafa810296cfbf98cc200d41fc'),(283,'https://assets.mhw-db.com/armor/535e9870ef0c70ac09513dfeacc23a99.326809c9a0177390990d325a12368fb466afab31.png','535e9870ef0c70ac09513dfeacc23a99','326809c9a0177390990d325a12368fb466afab31'),(284,'https://assets.mhw-db.com/armor/540df6352fdf25ca64c4484e4cf67a9d.6fb5f4672f2c99d1aaa8c9ee6619dd15b907997b.png','540df6352fdf25ca64c4484e4cf67a9d','6fb5f4672f2c99d1aaa8c9ee6619dd15b907997b'),(285,'https://assets.mhw-db.com/armor/40fea848ac83835357492562ffc14344.1fef2348458136372f71c306072d07db1f327e8e.png','40fea848ac83835357492562ffc14344','1fef2348458136372f71c306072d07db1f327e8e'),(286,'https://assets.mhw-db.com/armor/c45db973ca31e8aa14bce1f8fb3b8ee2.d929817602f2f0049d849752d2a67d0691a077da.png','c45db973ca31e8aa14bce1f8fb3b8ee2','d929817602f2f0049d849752d2a67d0691a077da'),(287,'https://assets.mhw-db.com/armor/56adcc2edc572ce130673caa812357df.040f4bc2255252d0dcf0a99ab3a01b7842b1eed7.png','56adcc2edc572ce130673caa812357df','040f4bc2255252d0dcf0a99ab3a01b7842b1eed7'),(288,'https://assets.mhw-db.com/armor/e876b38d2db7485b898624fe8d6cb289.1256f456e612b48530aa8fecb5abfd9a2bdb55e3.png','e876b38d2db7485b898624fe8d6cb289','1256f456e612b48530aa8fecb5abfd9a2bdb55e3'),(289,'https://assets.mhw-db.com/armor/eabca165a18ca5012ca6e1946a3957df.7b26037a4b0678d7c748e8e112286ee28dc2ce5b.png','eabca165a18ca5012ca6e1946a3957df','7b26037a4b0678d7c748e8e112286ee28dc2ce5b'),(290,'https://assets.mhw-db.com/armor/2d19356aa1fcada1f447fcf3609b279e.17adfa1ae2243485af435c499d0082a7fd96b17f.png','2d19356aa1fcada1f447fcf3609b279e','17adfa1ae2243485af435c499d0082a7fd96b17f'),(291,'https://assets.mhw-db.com/armor/2e3e61f70f707c473e8ebd9bbd8350c7.b6617af6a3b0919b966ca02f0cd2152fc6f5f593.png','2e3e61f70f707c473e8ebd9bbd8350c7','b6617af6a3b0919b966ca02f0cd2152fc6f5f593'),(292,'https://assets.mhw-db.com/armor/0d898571500ec6e23efba43efbe08bcb.bb9ecef09c5a296be4173c93c00ae5e3aaf170cf.png','0d898571500ec6e23efba43efbe08bcb','bb9ecef09c5a296be4173c93c00ae5e3aaf170cf'),(293,'https://assets.mhw-db.com/armor/70d152a21c71bc61f096ed43e6d38bef.15408af3d1ed3b18694582132f6c79cca089b640.png','70d152a21c71bc61f096ed43e6d38bef','15408af3d1ed3b18694582132f6c79cca089b640'),(294,'https://assets.mhw-db.com/armor/7866d657a2e84a303227498a81232190.d4adfef5cf275210960bbf47908534106ad5c8aa.png','7866d657a2e84a303227498a81232190','d4adfef5cf275210960bbf47908534106ad5c8aa'),(295,'https://assets.mhw-db.com/armor/619a1b855016558824853beb35132688.682c4f73c25e9e5981d8de0f1642d3e125949c1b.png','619a1b855016558824853beb35132688','682c4f73c25e9e5981d8de0f1642d3e125949c1b'),(296,'https://assets.mhw-db.com/armor/bc18069852464964b1eb101160e83130.3662b1e3b4144844edbbd4a57bf3767fd1c9912d.png','bc18069852464964b1eb101160e83130','3662b1e3b4144844edbbd4a57bf3767fd1c9912d'),(297,'https://assets.mhw-db.com/armor/fbdc789b51fd30a72c9ee1dd5caeef0c.2fb675a19a5f14b060dcb2e63d08090c06901d1e.png','fbdc789b51fd30a72c9ee1dd5caeef0c','2fb675a19a5f14b060dcb2e63d08090c06901d1e'),(298,'https://assets.mhw-db.com/armor/c18ed0c82385fe854fe7eef535922224.285d12265f2c65301caaf165d2c7c9e271411cc1.png','c18ed0c82385fe854fe7eef535922224','285d12265f2c65301caaf165d2c7c9e271411cc1'),(299,'https://assets.mhw-db.com/armor/165e5b2fff8c907c29dbe621eb4a5f76.31784376dfadbf3b15de7aa15ad7bc4b575c79f0.png','165e5b2fff8c907c29dbe621eb4a5f76','31784376dfadbf3b15de7aa15ad7bc4b575c79f0'),(300,'https://assets.mhw-db.com/armor/b487943dfd105a54b851df353a1a6542.adaaaede1337c2eb23d7cb716f3f23c2eb5893ed.png','b487943dfd105a54b851df353a1a6542','adaaaede1337c2eb23d7cb716f3f23c2eb5893ed'),(301,'https://assets.mhw-db.com/armor/6efb78a0dd3bf4bcc211be84b9e413f1.537d4f8acfc60d98d3f3007c3028220e33a33729.png','6efb78a0dd3bf4bcc211be84b9e413f1','537d4f8acfc60d98d3f3007c3028220e33a33729'),(302,'https://assets.mhw-db.com/armor/f4d9b044fdce2f075ccd0b11bb5f4214.5ee9556adf880a2432d0070745421508527f5d7e.png','f4d9b044fdce2f075ccd0b11bb5f4214','5ee9556adf880a2432d0070745421508527f5d7e'),(303,'https://assets.mhw-db.com/armor/03986a914aa78c4e877c0b4c95c5be39.cd6a709b771ba7750c37b6797065db99c3f12a62.png','03986a914aa78c4e877c0b4c95c5be39','cd6a709b771ba7750c37b6797065db99c3f12a62'),(304,'https://assets.mhw-db.com/armor/8c897a41fe8df032b8362be9afb7b5bf.a0b5d1831a991ba8060e6f5c245c5db3dfaaa43a.png','8c897a41fe8df032b8362be9afb7b5bf','a0b5d1831a991ba8060e6f5c245c5db3dfaaa43a'),(305,'https://assets.mhw-db.com/armor/7528f87136506c7121728c597bbe9e3b.6509c2ab0c2465199223e054f2632c3bac4abf9c.png','7528f87136506c7121728c597bbe9e3b','6509c2ab0c2465199223e054f2632c3bac4abf9c'),(306,'https://assets.mhw-db.com/armor/a1ee3155766e20f4f2398871b66fc673.5662700c498ab4afb17c7e06f00215f4c56005b1.png','a1ee3155766e20f4f2398871b66fc673','5662700c498ab4afb17c7e06f00215f4c56005b1'),(307,'https://assets.mhw-db.com/armor/fda49d69fdfa283a940e64e2265ba1da.687444544405ebee678beaa9bd0d6040b9e3fdb3.png','fda49d69fdfa283a940e64e2265ba1da','687444544405ebee678beaa9bd0d6040b9e3fdb3'),(308,'https://assets.mhw-db.com/armor/fd5678ab286325af95939d507e340755.6c091d422ed2189c78fd77f73781518b50cf9012.png','fd5678ab286325af95939d507e340755','6c091d422ed2189c78fd77f73781518b50cf9012'),(309,'https://assets.mhw-db.com/armor/3a16aecfe5bf12b02477653df10d3c41.1cbe1712219eb466bce3f869a5264b46fe7827ad.png','3a16aecfe5bf12b02477653df10d3c41','1cbe1712219eb466bce3f869a5264b46fe7827ad'),(310,'https://assets.mhw-db.com/armor/7bead3c0d6ad0964c395ee8b0e9e6837.c2ea43826a673aea79c9bac9ebc1e86c6ebf4b8c.png','7bead3c0d6ad0964c395ee8b0e9e6837','c2ea43826a673aea79c9bac9ebc1e86c6ebf4b8c'),(311,'https://assets.mhw-db.com/armor/7453660a79d9acfc0cca5a9cac68ea35.5e778c89e62cda509868be319971278c4b69b155.png','7453660a79d9acfc0cca5a9cac68ea35','5e778c89e62cda509868be319971278c4b69b155'),(312,'https://assets.mhw-db.com/armor/5a8658baa1e6012a9ce0ab35f7131261.e90ff94fa1b01ed9edab4402964e1395e9e9c682.png','5a8658baa1e6012a9ce0ab35f7131261','e90ff94fa1b01ed9edab4402964e1395e9e9c682'),(313,'https://assets.mhw-db.com/armor/94526a27fc62920f5f7f31d35d16706c.2d31131f2d8b419c383c2eeb848c1be568f9c453.png','94526a27fc62920f5f7f31d35d16706c','2d31131f2d8b419c383c2eeb848c1be568f9c453'),(314,'https://assets.mhw-db.com/armor/381a6ae4179c6c9d38b598f390dbd795.d2dc7debfea4ea496dabe5c2e4cacdd79e5b4709.png','381a6ae4179c6c9d38b598f390dbd795','d2dc7debfea4ea496dabe5c2e4cacdd79e5b4709'),(315,'https://assets.mhw-db.com/armor/39a0bddff8f23560a506d983a567e891.a759c9e470d7708d83b013b3d11b2ae3cee48a33.png','39a0bddff8f23560a506d983a567e891','a759c9e470d7708d83b013b3d11b2ae3cee48a33'),(316,'https://assets.mhw-db.com/armor/eac4d1ef98e428543c3c2a2d40f8a095.318e5940ff019d0a790533dfbf2d7c9bb8dd65e3.png','eac4d1ef98e428543c3c2a2d40f8a095','318e5940ff019d0a790533dfbf2d7c9bb8dd65e3'),(317,'https://assets.mhw-db.com/armor/be971996f56a194743d1d7057d5a4b9c.165e7319d9ddeeb35c7d900f29669b99a0ae418c.png','be971996f56a194743d1d7057d5a4b9c','165e7319d9ddeeb35c7d900f29669b99a0ae418c'),(318,'https://assets.mhw-db.com/armor/ee73b5fea462e71b611371d9c2d63f1e.cfa0cf85b59423cff9806bd4d6e6331f569cc98a.png','ee73b5fea462e71b611371d9c2d63f1e','cfa0cf85b59423cff9806bd4d6e6331f569cc98a'),(319,'https://assets.mhw-db.com/armor/f725bb67d428ac37fb6170caf33c739e.12b951f99cfd61ae7617665ca0fe35b2a4d140df.png','f725bb67d428ac37fb6170caf33c739e','12b951f99cfd61ae7617665ca0fe35b2a4d140df'),(320,'https://assets.mhw-db.com/armor/c418ed89bb874bc6a05b6ac63868d719.0c69545cf2a65a5b74987c279305e5059cc792d8.png','c418ed89bb874bc6a05b6ac63868d719','0c69545cf2a65a5b74987c279305e5059cc792d8'),(321,'https://assets.mhw-db.com/armor/99fc16c36c8a36316b3877e96c1a34b4.f4394ac94a8040b39bbc933b2b318dc176ed2c70.png','99fc16c36c8a36316b3877e96c1a34b4','f4394ac94a8040b39bbc933b2b318dc176ed2c70'),(322,'https://assets.mhw-db.com/armor/f0ecdd9fc40aae330ea8d770bcfd6315.5652dadee43c4dd65ac1a9480626356c3a553ef3.png','f0ecdd9fc40aae330ea8d770bcfd6315','5652dadee43c4dd65ac1a9480626356c3a553ef3'),(323,'https://assets.mhw-db.com/armor/30f9376f83a478321f37a6678b233a03.bb9f33b7f5f3f8b61cfda20fa6cd35e2daccb080.png','30f9376f83a478321f37a6678b233a03','bb9f33b7f5f3f8b61cfda20fa6cd35e2daccb080'),(324,'https://assets.mhw-db.com/armor/277a0ceadfaa321eb372173389a2e406.923b23d33113c016a44390389626c3a707312f37.png','277a0ceadfaa321eb372173389a2e406','923b23d33113c016a44390389626c3a707312f37'),(325,'https://assets.mhw-db.com/armor/1ad025a86db8ed8aaf6c22111f2a4ff2.e60651353d47dd4c45c5ba0954162ac2b1066333.png','1ad025a86db8ed8aaf6c22111f2a4ff2','e60651353d47dd4c45c5ba0954162ac2b1066333'),(326,'https://assets.mhw-db.com/armor/ffdf13d25c2302827c4ce2733b4f1edb.d1cfc0294788b293d4b9a970855b175a6458c12d.png','ffdf13d25c2302827c4ce2733b4f1edb','d1cfc0294788b293d4b9a970855b175a6458c12d'),(327,'https://assets.mhw-db.com/armor/366005be9ce7d4d9b5dabf22b1a50b41.a71bc1c48d7eaaed3f66b4b240411fd12986baa6.png','366005be9ce7d4d9b5dabf22b1a50b41','a71bc1c48d7eaaed3f66b4b240411fd12986baa6'),(328,'https://assets.mhw-db.com/armor/883a96f2264e203fcc6bd9e493198403.90080ddf1c98130a9783f247a1deebc59ae0c902.png','883a96f2264e203fcc6bd9e493198403','90080ddf1c98130a9783f247a1deebc59ae0c902'),(329,'https://assets.mhw-db.com/armor/a9722e967dc12995701088671db60cb3.763565673a8ac95d13e76ca3cf965a5479fae86e.png','a9722e967dc12995701088671db60cb3','763565673a8ac95d13e76ca3cf965a5479fae86e'),(330,'https://assets.mhw-db.com/armor/a05f77f154aec0dd0628e70aebd7eb1c.62ecc112365087fba062ea10554abd5d67965641.png','a05f77f154aec0dd0628e70aebd7eb1c','62ecc112365087fba062ea10554abd5d67965641'),(331,'https://assets.mhw-db.com/armor/b35f1a431e71cc206ae6dfc25d63471b.24857bf63cb57fd8610460e1478dcf2f926e3539.png','b35f1a431e71cc206ae6dfc25d63471b','24857bf63cb57fd8610460e1478dcf2f926e3539'),(332,'https://assets.mhw-db.com/armor/7770277caf20f6fbfac20d583a6d5eb8.c19623104a86d81ecebd9c7c78980d9e5fee7d4d.png','7770277caf20f6fbfac20d583a6d5eb8','c19623104a86d81ecebd9c7c78980d9e5fee7d4d'),(333,'https://assets.mhw-db.com/armor/9915afc576c526d79792778ab1f1dc0a.cf61c13114b77f6c4dcfb8598b57e11830ceefe0.png','9915afc576c526d79792778ab1f1dc0a','cf61c13114b77f6c4dcfb8598b57e11830ceefe0'),(334,'https://assets.mhw-db.com/armor/587d80a4bd1fb757c6f91e6667f1e31e.a82cdf953f3218a6550203d79225e76258d542cd.png','587d80a4bd1fb757c6f91e6667f1e31e','a82cdf953f3218a6550203d79225e76258d542cd'),(335,'https://assets.mhw-db.com/armor/33010019705bbae207a1a1ad6767f5ca.6f466c6538782c3ba047b54b93aae38491f32965.png','33010019705bbae207a1a1ad6767f5ca','6f466c6538782c3ba047b54b93aae38491f32965'),(336,'https://assets.mhw-db.com/armor/a2d40b6136fee81a8e2f7da903c1a359.f9d0f3dc3a8c86b83b7ad89347746932f1292fcf.png','a2d40b6136fee81a8e2f7da903c1a359','f9d0f3dc3a8c86b83b7ad89347746932f1292fcf'),(337,'https://assets.mhw-db.com/armor/ad4bf9d5eae8c878d25892fa4813795a.ee79769d228cbdc3b971d92077ebc4c69d78baa3.png','ad4bf9d5eae8c878d25892fa4813795a','ee79769d228cbdc3b971d92077ebc4c69d78baa3'),(338,'https://assets.mhw-db.com/armor/1eed275f53a020930ff6ee1b50216015.9c24bc99224c645d1d77a8bb9b682b07635f0fe2.png','1eed275f53a020930ff6ee1b50216015','9c24bc99224c645d1d77a8bb9b682b07635f0fe2'),(339,'https://assets.mhw-db.com/armor/86ee23810c46c4694e26d266de71c7f4.c00c0d8a98dcb5436d1c3d606ee81909f9ed3415.png','86ee23810c46c4694e26d266de71c7f4','c00c0d8a98dcb5436d1c3d606ee81909f9ed3415'),(340,'https://assets.mhw-db.com/armor/2accfe9518e45f1a3323d319105b6a71.1538bf38a8987a758f946bee3d84fa9eb21d3b20.png','2accfe9518e45f1a3323d319105b6a71','1538bf38a8987a758f946bee3d84fa9eb21d3b20'),(341,'https://assets.mhw-db.com/armor/1bb4ae28ca8a5f85b083a2c72fe29323.325927d65694816ef5fbf5530be0c331835bc188.png','1bb4ae28ca8a5f85b083a2c72fe29323','325927d65694816ef5fbf5530be0c331835bc188'),(342,'https://assets.mhw-db.com/armor/fe39a5a01fd15ec4dfecce5f4edf6c27.b0a53cffe0b4293dd8572b41c2491c5ddc73cebc.png','fe39a5a01fd15ec4dfecce5f4edf6c27','b0a53cffe0b4293dd8572b41c2491c5ddc73cebc'),(343,'https://assets.mhw-db.com/armor/5320a25976894ca229ad4c3f65d69769.a0715bf7f8bc3562cc7e305f3146f76b8d6943f0.png','5320a25976894ca229ad4c3f65d69769','a0715bf7f8bc3562cc7e305f3146f76b8d6943f0'),(344,'https://assets.mhw-db.com/armor/c5be6ac9610b3e0d279dd1354fafec6b.56ba552bffd149a97bcf96c5fa78434927a822fd.png','c5be6ac9610b3e0d279dd1354fafec6b','56ba552bffd149a97bcf96c5fa78434927a822fd'),(345,'https://assets.mhw-db.com/armor/a0c9328ab8221ea82c43ace424c24be4.add2e673b083bfc8a9630f5ff9f4718fc7973b93.png','a0c9328ab8221ea82c43ace424c24be4','add2e673b083bfc8a9630f5ff9f4718fc7973b93'),(346,'https://assets.mhw-db.com/armor/7bd3c7694e3c1f9ee76d3476b3b92719.b53e87b95000c5f69e9b1c23d77fdc7a4fa23d36.png','7bd3c7694e3c1f9ee76d3476b3b92719','b53e87b95000c5f69e9b1c23d77fdc7a4fa23d36'),(347,'https://assets.mhw-db.com/armor/0301960ccd7a703e78842617ef058c29.da2a797f04f610d2a4be19a8ee928e3cbe1b7340.png','0301960ccd7a703e78842617ef058c29','da2a797f04f610d2a4be19a8ee928e3cbe1b7340'),(348,'https://assets.mhw-db.com/armor/18bdb3be90619399325110f083a1ac3e.fce3bfc94a13996c48a48fa3389cb4c0eef205ba.png','18bdb3be90619399325110f083a1ac3e','fce3bfc94a13996c48a48fa3389cb4c0eef205ba'),(349,'https://assets.mhw-db.com/armor/a60a0de4920c60cf40c9788a6ecb23a2.f7a69307528b3075a4ed526f80ed2095a9b1fe95.png','a60a0de4920c60cf40c9788a6ecb23a2','f7a69307528b3075a4ed526f80ed2095a9b1fe95'),(350,'https://assets.mhw-db.com/armor/d190cd40395a9dba204024e4d3898214.40c244290131be1928f241bfae5293b12c4e41a3.png','d190cd40395a9dba204024e4d3898214','40c244290131be1928f241bfae5293b12c4e41a3'),(351,'https://assets.mhw-db.com/armor/d3c7c8c60e5de514dad4f07bdd662048.09c9890726dc43b594f22af964cbad3d2a9b6bec.png','d3c7c8c60e5de514dad4f07bdd662048','09c9890726dc43b594f22af964cbad3d2a9b6bec'),(352,'https://assets.mhw-db.com/armor/303d4aba0d4c113a10e53c1754428e6c.cea89a91140d6cc1e8975300903090c833523814.png','303d4aba0d4c113a10e53c1754428e6c','cea89a91140d6cc1e8975300903090c833523814'),(353,'https://assets.mhw-db.com/armor/7ece8c3ac0186c09303d1753d10656a2.5dfb48adfa6cb4d6a64320775cf527d87c732e71.png','7ece8c3ac0186c09303d1753d10656a2','5dfb48adfa6cb4d6a64320775cf527d87c732e71'),(354,'https://assets.mhw-db.com/armor/fb7a87cc794c975e621bebb3d99af6a0.66b22094ef1d05a7549735c685e979cfa318a542.png','fb7a87cc794c975e621bebb3d99af6a0','66b22094ef1d05a7549735c685e979cfa318a542'),(355,'https://assets.mhw-db.com/armor/f837f9e19b800b562705ec97e9f5adf6.a1957cb5e79ff36cb93523fd1aca549d4c6ebce1.png','f837f9e19b800b562705ec97e9f5adf6','a1957cb5e79ff36cb93523fd1aca549d4c6ebce1'),(356,'https://assets.mhw-db.com/armor/e1373b5cdcb0056173c36c73138fb626.343f4477fa1a53951c3e42c237c582903d18d4bc.png','e1373b5cdcb0056173c36c73138fb626','343f4477fa1a53951c3e42c237c582903d18d4bc'),(357,'https://assets.mhw-db.com/armor/93124c1c6fe57de2d25ce3ad103a4982.cb74f0061070699f80fe9299f0ad3a3fdb9ec9a7.png','93124c1c6fe57de2d25ce3ad103a4982','cb74f0061070699f80fe9299f0ad3a3fdb9ec9a7'),(358,'https://assets.mhw-db.com/armor/bcb74133d0f6910d05316e4ea60e0240.e8dae611cfc61077c06547da45a1a485932bac8e.png','bcb74133d0f6910d05316e4ea60e0240','e8dae611cfc61077c06547da45a1a485932bac8e'),(359,'https://assets.mhw-db.com/armor/59a1a76aff191678571ee0dc1d4aa968.6cee5b5ae73f560f08ea6559a98a98b57e58abf9.png','59a1a76aff191678571ee0dc1d4aa968','6cee5b5ae73f560f08ea6559a98a98b57e58abf9'),(360,'https://assets.mhw-db.com/armor/8eac32dea9717a7062b57e4bfc39f31e.31d2fed3c8570bec49397002436a70b473a5cf49.png','8eac32dea9717a7062b57e4bfc39f31e','31d2fed3c8570bec49397002436a70b473a5cf49'),(361,'https://assets.mhw-db.com/armor/6fa8ea82b69821b9be5d15c2632e1729.d291fbb280310b678e78e85f8cb18137c6261a82.png','6fa8ea82b69821b9be5d15c2632e1729','d291fbb280310b678e78e85f8cb18137c6261a82'),(362,'https://assets.mhw-db.com/armor/c682b1d8ec5a7b999fa4c48093c0c58d.85f2fd4b58cda84d5a74e444e564acd22af51b73.png','c682b1d8ec5a7b999fa4c48093c0c58d','85f2fd4b58cda84d5a74e444e564acd22af51b73'),(363,'https://assets.mhw-db.com/armor/c8ff2e077ebbedeb787dff6c8613b5c8.7c2d2cc0d44e6977d672e7940177e1a69f25f3f3.png','c8ff2e077ebbedeb787dff6c8613b5c8','7c2d2cc0d44e6977d672e7940177e1a69f25f3f3'),(364,'https://assets.mhw-db.com/armor/862eb23711a546a17a9b826df1b10279.80ef8d788b632ec0a0351131ef9210d4825ce6bd.png','862eb23711a546a17a9b826df1b10279','80ef8d788b632ec0a0351131ef9210d4825ce6bd'),(365,'https://assets.mhw-db.com/armor/49daadebf8c191c6b9f603546243a224.fc333882bc04e2d94cce5c130a370cd28abceac8.png','49daadebf8c191c6b9f603546243a224','fc333882bc04e2d94cce5c130a370cd28abceac8'),(366,'https://assets.mhw-db.com/armor/5820ebe42b0a430ad2cdd1bab1b245f4.0d4752825e4e08ce5687d9b6c5cb2239eee0194c.png','5820ebe42b0a430ad2cdd1bab1b245f4','0d4752825e4e08ce5687d9b6c5cb2239eee0194c'),(367,'https://assets.mhw-db.com/armor/3698687fb92c2efb98fb0e460ce4ec20.8ef8dcdb732039a5d6a1c72be4bdcc841db646f2.png','3698687fb92c2efb98fb0e460ce4ec20','8ef8dcdb732039a5d6a1c72be4bdcc841db646f2'),(368,'https://assets.mhw-db.com/armor/74a4443b8ef1511fa92bc3483e312b1b.8bc2455b1a52da0c8565ebcdba3595a6ae188ae2.png','74a4443b8ef1511fa92bc3483e312b1b','8bc2455b1a52da0c8565ebcdba3595a6ae188ae2'),(369,'https://assets.mhw-db.com/armor/d8e6daac0c565fd9e0384b1f515de2c5.a2f51db9a4b4a64e649a4c767cca93e0a7712523.png','d8e6daac0c565fd9e0384b1f515de2c5','a2f51db9a4b4a64e649a4c767cca93e0a7712523'),(370,'https://assets.mhw-db.com/armor/75156d02b798a2bd685a3a4d9f65ee01.3f952a0a777724d77f88f69f227cba1896aa052d.png','75156d02b798a2bd685a3a4d9f65ee01','3f952a0a777724d77f88f69f227cba1896aa052d'),(371,'https://assets.mhw-db.com/armor/e53fa16fc7eeece7a9884008faefb580.dc311d86635b9eee1a37c988c76dfb24cfdbc1ce.png','e53fa16fc7eeece7a9884008faefb580','dc311d86635b9eee1a37c988c76dfb24cfdbc1ce'),(372,'https://assets.mhw-db.com/armor/3c29a09039ec87c56a7e4e7825dce8df.311bd0f67a34751a9da4577a5e06ce02ea52ec6b.png','3c29a09039ec87c56a7e4e7825dce8df','311bd0f67a34751a9da4577a5e06ce02ea52ec6b'),(373,'https://assets.mhw-db.com/armor/ba2ee65a5250c8f1eecaf4cd7d230fe4.c6106c05e276cf76e1dbd76385a086b5850d3232.png','ba2ee65a5250c8f1eecaf4cd7d230fe4','c6106c05e276cf76e1dbd76385a086b5850d3232'),(374,'https://assets.mhw-db.com/armor/7006ab3810289306979c848d0542e718.441247ee56ad7b98cb742af5be9818eeaab3691a.png','7006ab3810289306979c848d0542e718','441247ee56ad7b98cb742af5be9818eeaab3691a'),(375,'https://assets.mhw-db.com/armor/a9d1f33087def8a0679d1798713661f5.b09d09524c1c30d96ebcf574c53276a01aa0455e.png','a9d1f33087def8a0679d1798713661f5','b09d09524c1c30d96ebcf574c53276a01aa0455e'),(376,'https://assets.mhw-db.com/armor/4df48177dd31aff01d5b96ca22e6bc61.5cb2411df3431cf1b1c19469c2b24a5109b0cf87.png','4df48177dd31aff01d5b96ca22e6bc61','5cb2411df3431cf1b1c19469c2b24a5109b0cf87'),(377,'https://assets.mhw-db.com/armor/03d8813df3a6cf3d64662a6ee9bf0fdb.332914f558ccce8370a8962d3072396a847d990d.png','03d8813df3a6cf3d64662a6ee9bf0fdb','332914f558ccce8370a8962d3072396a847d990d'),(378,'https://assets.mhw-db.com/armor/72013e6a2be7e723541b06cc313f56e8.515482a0bedf762f6cd0a4dd21e3989583538d6b.png','72013e6a2be7e723541b06cc313f56e8','515482a0bedf762f6cd0a4dd21e3989583538d6b'),(379,'https://assets.mhw-db.com/armor/8c0abe5f15c12ec6647157112ff4cdb0.e6fd4bbc85f1974e2f03a2f9b7a87fed258e7e7d.png','8c0abe5f15c12ec6647157112ff4cdb0','e6fd4bbc85f1974e2f03a2f9b7a87fed258e7e7d'),(380,'https://assets.mhw-db.com/armor/708d250b66de24369a1d8271a927aa9f.82f42901d0417cdeb0441d14069ca90e801f50ca.png','708d250b66de24369a1d8271a927aa9f','82f42901d0417cdeb0441d14069ca90e801f50ca'),(381,'https://assets.mhw-db.com/armor/57a4e20a16a8e72970e314403381ecde.06214cc297645c50f85244959cf2097dcd391ea1.png','57a4e20a16a8e72970e314403381ecde','06214cc297645c50f85244959cf2097dcd391ea1'),(382,'https://assets.mhw-db.com/armor/2d2d0a755c528c8293d885dcc58fb12b.78dcb4c15a7c1df2860595421933c2e622601d6c.png','2d2d0a755c528c8293d885dcc58fb12b','78dcb4c15a7c1df2860595421933c2e622601d6c'),(383,'https://assets.mhw-db.com/armor/931783a517d38d54e2622af305a94ece.7cae9c3c458d9bbda8c24d17b83485a54c38c5d1.png','931783a517d38d54e2622af305a94ece','7cae9c3c458d9bbda8c24d17b83485a54c38c5d1'),(384,'https://assets.mhw-db.com/armor/a4c1b9bdb0c0f915961c80fb977066a2.b87f72390d2d5f48734343e6ea1ff4f7ec2cc17a.png','a4c1b9bdb0c0f915961c80fb977066a2','b87f72390d2d5f48734343e6ea1ff4f7ec2cc17a'),(385,'https://assets.mhw-db.com/armor/c6583dac293373b6b8f38f686eadc04a.eb7c2907c7d480c0c8d873324a59d5b42619421d.png','c6583dac293373b6b8f38f686eadc04a','eb7c2907c7d480c0c8d873324a59d5b42619421d'),(386,'https://assets.mhw-db.com/armor/02c9d69e05563c5ec4c39205cff6f8be.15bef813b8249faebb0206dcbb52dcd69059853b.png','02c9d69e05563c5ec4c39205cff6f8be','15bef813b8249faebb0206dcbb52dcd69059853b'),(387,'https://assets.mhw-db.com/armor/be1f1fd2043b457efacaf820950310ae.88d32187de3fbbe4d2fddc58739848033a12f014.png','be1f1fd2043b457efacaf820950310ae','88d32187de3fbbe4d2fddc58739848033a12f014'),(388,'https://assets.mhw-db.com/armor/2d136f2e5e282ba4db374f4c8f11dafa.4f6fa6e1addabb7b67bd4007745c4501c23fae1e.png','2d136f2e5e282ba4db374f4c8f11dafa','4f6fa6e1addabb7b67bd4007745c4501c23fae1e'),(389,'https://assets.mhw-db.com/armor/f2c7216a525ca960fb0420e6312dc8a0.59cb15480b80931aad25d499c38ad3211feb1357.png','f2c7216a525ca960fb0420e6312dc8a0','59cb15480b80931aad25d499c38ad3211feb1357'),(390,'https://assets.mhw-db.com/armor/b9de2887a81fc8545e6441edc7ea0d8e.456b907a580b51716c6eeff7a5c747f5957b1afa.png','b9de2887a81fc8545e6441edc7ea0d8e','456b907a580b51716c6eeff7a5c747f5957b1afa'),(391,'https://assets.mhw-db.com/armor/e8dacba5a46292ab288e195ffb2dbdee.43111b84346a8c01286e08bda8c83cfe91736555.png','e8dacba5a46292ab288e195ffb2dbdee','43111b84346a8c01286e08bda8c83cfe91736555'),(392,'https://assets.mhw-db.com/armor/899475e5e1a84ae46133e28e20d52974.52beb886949e788655dd1817b320ca05233e70e3.png','899475e5e1a84ae46133e28e20d52974','52beb886949e788655dd1817b320ca05233e70e3'),(393,'https://assets.mhw-db.com/armor/4aa6161e1a53249d39d484550394d224.5468b63e6d1cbb7a8f45c9968ec5a5f451624dd7.png','4aa6161e1a53249d39d484550394d224','5468b63e6d1cbb7a8f45c9968ec5a5f451624dd7'),(394,'https://assets.mhw-db.com/armor/f6e5b3be8b07be870cc6a6d85d10be29.8bec4e34da04007e359ab521d179ae94c8486b54.png','f6e5b3be8b07be870cc6a6d85d10be29','8bec4e34da04007e359ab521d179ae94c8486b54'),(395,'https://assets.mhw-db.com/armor/90684ce733312cbd7749a79eda2ca010.4b4bb73e763104b73099b1cd7406b01651532f04.png','90684ce733312cbd7749a79eda2ca010','4b4bb73e763104b73099b1cd7406b01651532f04'),(396,'https://assets.mhw-db.com/armor/4a6ba99f81eaecb6caf8f1333abf7539.807e1e12e030ee11d2f10a21945cd37e0c580066.png','4a6ba99f81eaecb6caf8f1333abf7539','807e1e12e030ee11d2f10a21945cd37e0c580066'),(397,'https://assets.mhw-db.com/armor/be5b70bdd19ced17ce2129b65e08d0dd.7729054628cde88676b67699b012433555b2db42.png','be5b70bdd19ced17ce2129b65e08d0dd','7729054628cde88676b67699b012433555b2db42'),(398,'https://assets.mhw-db.com/armor/9a54dc644d6178bbdea5ad04d0835fd1.155062de338f76dc031654b6467dee678c571c4e.png','9a54dc644d6178bbdea5ad04d0835fd1','155062de338f76dc031654b6467dee678c571c4e'),(399,'https://assets.mhw-db.com/armor/ed55c4cdb153345d6a31a93c29b71cce.acdd1b57b513eebbe34d2e5349c59a477b3e49a2.png','ed55c4cdb153345d6a31a93c29b71cce','acdd1b57b513eebbe34d2e5349c59a477b3e49a2'),(400,'https://assets.mhw-db.com/armor/c979cf038d7e4881070dc081e01b2084.80e898f1120cd775620c3278bd01537f15791413.png','c979cf038d7e4881070dc081e01b2084','80e898f1120cd775620c3278bd01537f15791413'),(401,'https://assets.mhw-db.com/armor/c4275e6fee392ddee91989605630cea7.de87f02a19ffd6528f0f07edcbf605454af36b77.png','c4275e6fee392ddee91989605630cea7','de87f02a19ffd6528f0f07edcbf605454af36b77'),(402,'https://assets.mhw-db.com/armor/af11bb0eb7d661d92a4340738369ed0c.95ce3220678ba8b29efb2fa02f7fa5868c481f2b.png','af11bb0eb7d661d92a4340738369ed0c','95ce3220678ba8b29efb2fa02f7fa5868c481f2b'),(403,'https://assets.mhw-db.com/armor/b36ae8e0f47bbf3a972e2e3582fbecce.e9d7c36708de3f88bd2651561f101bbab93bd07c.png','b36ae8e0f47bbf3a972e2e3582fbecce','e9d7c36708de3f88bd2651561f101bbab93bd07c'),(404,'https://assets.mhw-db.com/armor/94f150320bd98b0e300ada595f6372ed.2a7413a42950b5f34b89c7dc0f678548b8e5ef8e.png','94f150320bd98b0e300ada595f6372ed','2a7413a42950b5f34b89c7dc0f678548b8e5ef8e'),(405,'https://assets.mhw-db.com/armor/5de34285854690576916754b71a52257.a2b64ddccf45208f380ef909e0bcf4638cf50f8e.png','5de34285854690576916754b71a52257','a2b64ddccf45208f380ef909e0bcf4638cf50f8e'),(406,'https://assets.mhw-db.com/armor/b99cc84c95a524d85c74756be796e256.25da43b342a0df27c08472102249bb23504805bc.png','b99cc84c95a524d85c74756be796e256','25da43b342a0df27c08472102249bb23504805bc'),(407,'https://assets.mhw-db.com/armor/7c45b0629100560495986b8dff01ebe7.9f0395f5a438beab61177bab754eadc3af213666.png','7c45b0629100560495986b8dff01ebe7','9f0395f5a438beab61177bab754eadc3af213666'),(408,'https://assets.mhw-db.com/armor/2dc8806a123a0b56c8dd392ca9c49686.89c25fdcca926985c27aed50c3c8355a6599fd75.png','2dc8806a123a0b56c8dd392ca9c49686','89c25fdcca926985c27aed50c3c8355a6599fd75'),(409,'https://assets.mhw-db.com/armor/d8a0059c2e67418898f9f77d70220ac9.a863f7c61585275d00617c3024f27f3d198ff33e.png','d8a0059c2e67418898f9f77d70220ac9','a863f7c61585275d00617c3024f27f3d198ff33e'),(410,'https://assets.mhw-db.com/armor/6da559d6bdeccff3e90f7ba3fb280824.5c32b3dfce6b3278b2f296b1d53a98fbeb442ec8.png','6da559d6bdeccff3e90f7ba3fb280824','5c32b3dfce6b3278b2f296b1d53a98fbeb442ec8'),(411,'https://assets.mhw-db.com/armor/607d080dd7c136823cb20cccfe93a7ea.9e4d88f6e8f0c7e2c87288c81d72f4c05248170f.png','607d080dd7c136823cb20cccfe93a7ea','9e4d88f6e8f0c7e2c87288c81d72f4c05248170f'),(412,'https://assets.mhw-db.com/armor/e6fa6600c06826ebcbec97422a898c4b.c98777cf489c0457c52128802c03d80737b4ac92.png','e6fa6600c06826ebcbec97422a898c4b','c98777cf489c0457c52128802c03d80737b4ac92'),(413,'https://assets.mhw-db.com/armor/53bf8b0bc714d8a8f5c91e69b587780a.2d7d83b6e30818768a1e5254b333c22861c77155.png','53bf8b0bc714d8a8f5c91e69b587780a','2d7d83b6e30818768a1e5254b333c22861c77155'),(414,'https://assets.mhw-db.com/armor/49ccb6daf2e8cecca3e898aec5923ffb.9b9985a60f6c4f09f9ff38b32a3b03c476405c1f.png','49ccb6daf2e8cecca3e898aec5923ffb','9b9985a60f6c4f09f9ff38b32a3b03c476405c1f'),(415,'https://assets.mhw-db.com/armor/9f54ee43a0c3d541867431bfc9589a4d.cefdbb5c3d4b99742e32851329b85aa0465bc199.png','9f54ee43a0c3d541867431bfc9589a4d','cefdbb5c3d4b99742e32851329b85aa0465bc199'),(416,'https://assets.mhw-db.com/armor/7190c82c46bb702f90e8132c8aa63575.439d6d243614fd4769b2f6db6c6950f962a4a51e.png','7190c82c46bb702f90e8132c8aa63575','439d6d243614fd4769b2f6db6c6950f962a4a51e'),(417,'https://assets.mhw-db.com/armor/df08e903cc01c258f09e00e8c3e03b6b.7848b09e860946572669324d4859859c3f727c83.png','df08e903cc01c258f09e00e8c3e03b6b','7848b09e860946572669324d4859859c3f727c83'),(418,'https://assets.mhw-db.com/armor/5c33ef5b50ec0dd18bf0c0292097064d.40b1b4353af7d554f17e0d066c5ef708ab7585d1.png','5c33ef5b50ec0dd18bf0c0292097064d','40b1b4353af7d554f17e0d066c5ef708ab7585d1'),(419,'https://assets.mhw-db.com/armor/840768d06e451bda9fcb0b4113b871c4.bd7e123692edf74ace98754248d4425ee65fa05b.png','840768d06e451bda9fcb0b4113b871c4','bd7e123692edf74ace98754248d4425ee65fa05b'),(420,'https://assets.mhw-db.com/armor/eeebcd7c110e46b7307ec74d986ee226.92f81b034ed1b3398014dc7a3566b8cd4e0e6cdc.png','eeebcd7c110e46b7307ec74d986ee226','92f81b034ed1b3398014dc7a3566b8cd4e0e6cdc'),(421,'https://assets.mhw-db.com/armor/036ad1a829ab8367e31dfb812a2dc5ef.fd2c7f58b5aed40e5e5d8196a1d84e416aeebb74.png','036ad1a829ab8367e31dfb812a2dc5ef','fd2c7f58b5aed40e5e5d8196a1d84e416aeebb74'),(422,'https://assets.mhw-db.com/armor/52356d62bd818a4ac0de316215b6d827.056714e6bc6c8480b0bae02c908de2b7fb450578.png','52356d62bd818a4ac0de316215b6d827','056714e6bc6c8480b0bae02c908de2b7fb450578'),(423,'https://assets.mhw-db.com/armor/7834f5cdde5ee8462f22b67fd2db613d.adf0a9f521440e2582500bbda4d8214ca7c8105a.png','7834f5cdde5ee8462f22b67fd2db613d','adf0a9f521440e2582500bbda4d8214ca7c8105a'),(424,'https://assets.mhw-db.com/armor/e01ea5292449b3f33a4ee0201b79b19f.54abd8580e7f8fdb85df673b1bfecaef343cea54.png','e01ea5292449b3f33a4ee0201b79b19f','54abd8580e7f8fdb85df673b1bfecaef343cea54'),(425,'https://assets.mhw-db.com/armor/8fa9fc6e6bfa790da71679238676f92d.e253dd306fef4cc652b0a8affb4fad0bc848bb51.png','8fa9fc6e6bfa790da71679238676f92d','e253dd306fef4cc652b0a8affb4fad0bc848bb51'),(426,'https://assets.mhw-db.com/armor/05028cf892f3993326248fdbab1260e3.e9ee489fdba8cd390e02dca3f342c0397c40b87b.png','05028cf892f3993326248fdbab1260e3','e9ee489fdba8cd390e02dca3f342c0397c40b87b'),(427,'https://assets.mhw-db.com/armor/4c7c8a7bc2bea78fe36a35583bd49b84.804abce5418cd4f1c5f7739040d7775b289c05c5.png','4c7c8a7bc2bea78fe36a35583bd49b84','804abce5418cd4f1c5f7739040d7775b289c05c5'),(428,'https://assets.mhw-db.com/armor/483d4679b1f76d553a888851b880d481.888c28d211fdc4772cc8c23154d6755af5dbf7a6.png','483d4679b1f76d553a888851b880d481','888c28d211fdc4772cc8c23154d6755af5dbf7a6'),(429,'https://assets.mhw-db.com/armor/5530616e443fe6f1d01d7df3ccba21f8.c6d31ca993466663b6a5befd54779e0b47848b55.png','5530616e443fe6f1d01d7df3ccba21f8','c6d31ca993466663b6a5befd54779e0b47848b55'),(430,'https://assets.mhw-db.com/armor/ac34423ab1f621f3ff4da0da4a013d85.245f9ba093e70f2bc2c59a8223803a2e092155ae.png','ac34423ab1f621f3ff4da0da4a013d85','245f9ba093e70f2bc2c59a8223803a2e092155ae'),(431,'https://assets.mhw-db.com/armor/0d5f0d5ef2ba182b1fd8932a53cfa73b.ecb4ad7abd807c87d1c95adaf012064ca97460f9.png','0d5f0d5ef2ba182b1fd8932a53cfa73b','ecb4ad7abd807c87d1c95adaf012064ca97460f9'),(432,'https://assets.mhw-db.com/armor/8ed63dfdb2e82b2c73b45b555c2eaf0f.d8a515a78f8323fc85016efd9a852c155d2d686f.png','8ed63dfdb2e82b2c73b45b555c2eaf0f','d8a515a78f8323fc85016efd9a852c155d2d686f'),(433,'https://assets.mhw-db.com/armor/4241a59261e051455c70e483f0239dc4.7380d09de88dc0b2d284949a5a052519ebb03694.png','4241a59261e051455c70e483f0239dc4','7380d09de88dc0b2d284949a5a052519ebb03694'),(434,'https://assets.mhw-db.com/armor/fbeb6a019dc8b338541ed0f77d558107.2a9fdc1bc1db3dd365a0e2efcf1c7cfebbf11a78.png','fbeb6a019dc8b338541ed0f77d558107','2a9fdc1bc1db3dd365a0e2efcf1c7cfebbf11a78'),(435,'https://assets.mhw-db.com/armor/d13bdb24ea99cadc2a2e99a06d624668.6e62dfda001aa38755ba3b9e8ad13fc15dd2abc0.png','d13bdb24ea99cadc2a2e99a06d624668','6e62dfda001aa38755ba3b9e8ad13fc15dd2abc0'),(436,'https://assets.mhw-db.com/armor/6935144353bf3cbcaa39feeaafff8868.354bc14b15fb174cb027608dd2a58f7de6333846.png','6935144353bf3cbcaa39feeaafff8868','354bc14b15fb174cb027608dd2a58f7de6333846'),(437,'https://assets.mhw-db.com/armor/c0358906926407c14358e4eba9010e26.d3f104122512d17dc2585a8f722e8d52ac831c2a.png','c0358906926407c14358e4eba9010e26','d3f104122512d17dc2585a8f722e8d52ac831c2a'),(438,'https://assets.mhw-db.com/armor/01890823790d4281a13673beec4f0450.827bf31ac23b7823f93b35ba9625ed8839011378.png','01890823790d4281a13673beec4f0450','827bf31ac23b7823f93b35ba9625ed8839011378'),(439,'https://assets.mhw-db.com/armor/ff9ff55e3178415c71b4065a04ad9c2b.ab7cdcaafdca5100d29592ceedeb87946db6f206.png','ff9ff55e3178415c71b4065a04ad9c2b','ab7cdcaafdca5100d29592ceedeb87946db6f206'),(440,'https://assets.mhw-db.com/armor/8c710f0317de27f3ed6d13d3d6621fb3.f4dfa050dde89b666bfcbdf1fd433a2ee310b720.png','8c710f0317de27f3ed6d13d3d6621fb3','f4dfa050dde89b666bfcbdf1fd433a2ee310b720'),(441,'https://assets.mhw-db.com/armor/4b8559df0d8fd80d4c4a01bbbfa4a177.68b6b3105a04504f2ab3d1d861dab48ec29811af.png','4b8559df0d8fd80d4c4a01bbbfa4a177','68b6b3105a04504f2ab3d1d861dab48ec29811af'),(442,'https://assets.mhw-db.com/armor/3bd18197b0840ad1e8591058349419e9.ad159a825fb8670f1b0608b6ca2c0828e440257b.png','3bd18197b0840ad1e8591058349419e9','ad159a825fb8670f1b0608b6ca2c0828e440257b'),(443,'https://assets.mhw-db.com/armor/0a49f13200486b5933d01fe2ccd59faa.e209a3c6865aadc45a7da253aa1f46b70f427201.png','0a49f13200486b5933d01fe2ccd59faa','e209a3c6865aadc45a7da253aa1f46b70f427201'),(444,'https://assets.mhw-db.com/armor/347f7624336bb9036e739da8a95224bb.c64cf2f3e3f54c67293254a0ce52dc26a649310f.png','347f7624336bb9036e739da8a95224bb','c64cf2f3e3f54c67293254a0ce52dc26a649310f'),(445,'https://assets.mhw-db.com/armor/87d7db4584d05601bb436630d59cf44e.80983a710a74eb7421f7e42af664207c12b237e6.png','87d7db4584d05601bb436630d59cf44e','80983a710a74eb7421f7e42af664207c12b237e6'),(446,'https://assets.mhw-db.com/armor/2569bee723c3106de4062b9f8614d0b8.d7f43b924fd8f4bc7c28345cbda9bb980c208488.png','2569bee723c3106de4062b9f8614d0b8','d7f43b924fd8f4bc7c28345cbda9bb980c208488'),(447,'https://assets.mhw-db.com/armor/d2bc19ea88470ce57a6b07d9650321ee.40856dd5c0a2f382b96e40fd21010226f92dd033.png','d2bc19ea88470ce57a6b07d9650321ee','40856dd5c0a2f382b96e40fd21010226f92dd033'),(448,'https://assets.mhw-db.com/armor/9db577a98dae49144759226add704ca6.fcb479d51956d03d55d32105f2b36754b5031e41.png','9db577a98dae49144759226add704ca6','fcb479d51956d03d55d32105f2b36754b5031e41'),(449,'https://assets.mhw-db.com/armor/2538ebbebf741e8ad9fa9560de1c5809.c4340ee8c14de5e693d51b533b363613bd939191.png','2538ebbebf741e8ad9fa9560de1c5809','c4340ee8c14de5e693d51b533b363613bd939191'),(450,'https://assets.mhw-db.com/armor/262ca3e62a5ecbb958d8f2f3be7d36a2.d38fd87dcd4a353e0e25849fac3eba3cd4f445bd.png','262ca3e62a5ecbb958d8f2f3be7d36a2','d38fd87dcd4a353e0e25849fac3eba3cd4f445bd'),(451,'https://assets.mhw-db.com/armor/fd3ba2888447beeb317558645b520948.2e766a88141f88edf4d1f0723053b1d8be0febc3.png','fd3ba2888447beeb317558645b520948','2e766a88141f88edf4d1f0723053b1d8be0febc3'),(452,'https://assets.mhw-db.com/armor/da4e37cb647f7f909cf97741770ff3f7.6c6a7a40b558cb03c56bf82f0f2d5ae3c082d4fb.png','da4e37cb647f7f909cf97741770ff3f7','6c6a7a40b558cb03c56bf82f0f2d5ae3c082d4fb'),(453,'https://assets.mhw-db.com/armor/e4e3f82af7fd1d7ec1123c7193e30093.4be31094105306d8785ba3054df112bd5e291128.png','e4e3f82af7fd1d7ec1123c7193e30093','4be31094105306d8785ba3054df112bd5e291128'),(454,'https://assets.mhw-db.com/armor/51ad52e5934f82f8fafbc7f606800b27.90912a6f6b3c1df472dbd8faea16536d87610aab.png','51ad52e5934f82f8fafbc7f606800b27','90912a6f6b3c1df472dbd8faea16536d87610aab'),(455,'https://assets.mhw-db.com/armor/368948e0cadf85f5b25a41703c7910bb.e2d80c2fe627c69287286b7cc536ede3e43fc4cb.png','368948e0cadf85f5b25a41703c7910bb','e2d80c2fe627c69287286b7cc536ede3e43fc4cb'),(456,'https://assets.mhw-db.com/armor/e9db800b287ac4942bb4d4d061813d52.3f32cdf2c8d4dea4063c7329d4b19b9227d2d14c.png','e9db800b287ac4942bb4d4d061813d52','3f32cdf2c8d4dea4063c7329d4b19b9227d2d14c'),(457,'https://assets.mhw-db.com/armor/666afc10991b0431f241426935dbba1e.ed08fcf52668b134aef70c7a793edd83306f3c24.png','666afc10991b0431f241426935dbba1e','ed08fcf52668b134aef70c7a793edd83306f3c24'),(458,'https://assets.mhw-db.com/armor/490f3ee9a3422cdf6d34da26733805fa.176ddc998c46e20499f5f437debe2d58bc00edef.png','490f3ee9a3422cdf6d34da26733805fa','176ddc998c46e20499f5f437debe2d58bc00edef'),(459,'https://assets.mhw-db.com/armor/4b51156cb4fd7f7c3c01b1d6f9cceae5.29aa9703a8e64d0c8f85fb32983333dea6f0c1bb.png','4b51156cb4fd7f7c3c01b1d6f9cceae5','29aa9703a8e64d0c8f85fb32983333dea6f0c1bb'),(460,'https://assets.mhw-db.com/armor/c7521aabdb24a95e4d494c00cb22b81b.eb23e61852893b2183dc055efef306723858c8e0.png','c7521aabdb24a95e4d494c00cb22b81b','eb23e61852893b2183dc055efef306723858c8e0'),(461,'https://assets.mhw-db.com/armor/3078f6d161640f0251ae30f89fa634f4.a7f502c30f9452f21fa83b36046a6b0cba3a45d1.png','3078f6d161640f0251ae30f89fa634f4','a7f502c30f9452f21fa83b36046a6b0cba3a45d1'),(462,'https://assets.mhw-db.com/armor/1247cb1920a07057eb168e39d21967a4.3ca6108488e4657b5f7d2a81a72b47420658854a.png','1247cb1920a07057eb168e39d21967a4','3ca6108488e4657b5f7d2a81a72b47420658854a'),(463,'https://assets.mhw-db.com/armor/35eadcfe1c0ed24311f2a14953b63cee.6645b858b1abf913b78bd414508fc4f303485a37.png','35eadcfe1c0ed24311f2a14953b63cee','6645b858b1abf913b78bd414508fc4f303485a37'),(464,'https://assets.mhw-db.com/armor/a2cc513bcb2e1d305db378570f3ba3c7.e13bc8c927eac4a593d4bf442c254f32cf863627.png','a2cc513bcb2e1d305db378570f3ba3c7','e13bc8c927eac4a593d4bf442c254f32cf863627'),(465,'https://assets.mhw-db.com/armor/ddff9e335d77fa000c3fdfbb48b20c16.e8e6d0ae1b0bbe4fc8fb2377f3d9f9a7305c31be.png','ddff9e335d77fa000c3fdfbb48b20c16','e8e6d0ae1b0bbe4fc8fb2377f3d9f9a7305c31be'),(466,'https://assets.mhw-db.com/armor/96d60e41747c05223aac6cd6b81374cd.ab59039c82b6b17e58ce25fd213255d93bd853c3.png','96d60e41747c05223aac6cd6b81374cd','ab59039c82b6b17e58ce25fd213255d93bd853c3'),(467,'https://assets.mhw-db.com/armor/7929a311d3d24b14ddb70741bce6fabe.6e112e22c3d4efd3c0b546cb6fe3075688b45388.png','7929a311d3d24b14ddb70741bce6fabe','6e112e22c3d4efd3c0b546cb6fe3075688b45388'),(468,'https://assets.mhw-db.com/armor/b87e358e03d1cf6fd68c0551200a2e6b.844093e51ff7627ea2fd9eaa8e48139d3dbefecb.png','b87e358e03d1cf6fd68c0551200a2e6b','844093e51ff7627ea2fd9eaa8e48139d3dbefecb'),(469,'https://assets.mhw-db.com/armor/55e22b7b3740c3d04f62b82ff43a736b.b46d5bd97e3fffd023f7c31a0ebaa401c24a712a.png','55e22b7b3740c3d04f62b82ff43a736b','b46d5bd97e3fffd023f7c31a0ebaa401c24a712a'),(470,'https://assets.mhw-db.com/armor/48a2f8b431de86a24edf375f5317d816.f005a29eef7aa458172d758f5349469c749eda75.png','48a2f8b431de86a24edf375f5317d816','f005a29eef7aa458172d758f5349469c749eda75'),(471,'https://assets.mhw-db.com/armor/0ace8260004ddeb113660af9ef857def.89229a104522743e5a681a7b8c90275b50d02d56.png','0ace8260004ddeb113660af9ef857def','89229a104522743e5a681a7b8c90275b50d02d56'),(472,'https://assets.mhw-db.com/armor/e4aa3983bdd447a5159d62a11f53d4ec.cbe65cffeee5be40d58f9a0259a9dfe1442d85b1.png','e4aa3983bdd447a5159d62a11f53d4ec','cbe65cffeee5be40d58f9a0259a9dfe1442d85b1'),(473,'https://assets.mhw-db.com/armor/84d65c3b2e71e583475fc82f340e65c6.d9a2a1e90e21b14086f290594ded313a99b4f6b6.png','84d65c3b2e71e583475fc82f340e65c6','d9a2a1e90e21b14086f290594ded313a99b4f6b6'),(474,'https://assets.mhw-db.com/armor/418aedde8f7b49842de90cdd9e94e107.d9727dce2a5a017bfc2ac8a3abc93412e689191d.png','418aedde8f7b49842de90cdd9e94e107','d9727dce2a5a017bfc2ac8a3abc93412e689191d'),(475,'https://assets.mhw-db.com/armor/46a67e7994bebfc45322e4c81bfd1b10.fafdc36539badcfb830eef784764b8c7d1d16cf1.png','46a67e7994bebfc45322e4c81bfd1b10','fafdc36539badcfb830eef784764b8c7d1d16cf1'),(476,'https://assets.mhw-db.com/armor/ff5a67b89d47585f6cd24743a24124ff.973a990bac0ce212f7f3af83f790a5ae2579436d.png','ff5a67b89d47585f6cd24743a24124ff','973a990bac0ce212f7f3af83f790a5ae2579436d'),(477,'https://assets.mhw-db.com/armor/cb0e629c0ad8a7034279320d9d4e888f.99030568eb502301f2dc4ddd1836add5c973759d.png','cb0e629c0ad8a7034279320d9d4e888f','99030568eb502301f2dc4ddd1836add5c973759d'),(478,'https://assets.mhw-db.com/armor/b54ac5998ef9ca3dcad5369aba69eddd.71c22079ad9df5aed59cb8b431ebb9497b2c3073.png','b54ac5998ef9ca3dcad5369aba69eddd','71c22079ad9df5aed59cb8b431ebb9497b2c3073'),(479,'https://assets.mhw-db.com/armor/6fa95252bd12236c23d87ffec65e7f21.d3ddca456d25868da7874ec08cd1955d2e8278c4.png','6fa95252bd12236c23d87ffec65e7f21','d3ddca456d25868da7874ec08cd1955d2e8278c4'),(480,'https://assets.mhw-db.com/armor/d7f96e9f6f7a6ec7f5423b4f3e6791d4.b7d1273e13167fd45ce425f2f8b208283f60f813.png','d7f96e9f6f7a6ec7f5423b4f3e6791d4','b7d1273e13167fd45ce425f2f8b208283f60f813'),(481,'https://assets.mhw-db.com/armor/03d1cb2b8515c81fa84b04cecb0b9422.e0fe45af1694c465b21f720f7c9d414a47ad5203.png','03d1cb2b8515c81fa84b04cecb0b9422','e0fe45af1694c465b21f720f7c9d414a47ad5203'),(482,'https://assets.mhw-db.com/armor/95e9519798b59b01dcbe3d7e1289bf0c.dbf6a5a8d145839051708f578a1339e2ed281df0.png','95e9519798b59b01dcbe3d7e1289bf0c','dbf6a5a8d145839051708f578a1339e2ed281df0'),(483,'https://assets.mhw-db.com/armor/c3b8dc0d6d1758409fa184dcd378acbb.490c53e58e3a3a009099bbb0b981e601a5a17806.png','c3b8dc0d6d1758409fa184dcd378acbb','490c53e58e3a3a009099bbb0b981e601a5a17806'),(484,'https://assets.mhw-db.com/armor/2d45ab404705e0656f47904bbaa283c2.b17ed055f7fb07391d3a9fa26ff2a7f20853fb5e.png','2d45ab404705e0656f47904bbaa283c2','b17ed055f7fb07391d3a9fa26ff2a7f20853fb5e'),(485,'https://assets.mhw-db.com/armor/3328945c6fae4f1722c998e231f3df7e.d0bce4ef9a1549113c51a352273bae9c5333c096.png','3328945c6fae4f1722c998e231f3df7e','d0bce4ef9a1549113c51a352273bae9c5333c096'),(486,'https://assets.mhw-db.com/armor/ce5e5fb2ded55a9bd033bbb65a2699e8.9eecaa32721bbd19968bd1cd78964f73f0df8e8f.png','ce5e5fb2ded55a9bd033bbb65a2699e8','9eecaa32721bbd19968bd1cd78964f73f0df8e8f'),(487,'https://assets.mhw-db.com/armor/3b7c5c256fa71654f10fd151e99deb73.277cf51b256295aabba5058059b6859e848db97f.png','3b7c5c256fa71654f10fd151e99deb73','277cf51b256295aabba5058059b6859e848db97f'),(488,'https://assets.mhw-db.com/armor/5c306f8d53ccbb2c63d87aaaea87235d.c49b4d9e6388721a4d72c6ea1a104319f127c42a.png','5c306f8d53ccbb2c63d87aaaea87235d','c49b4d9e6388721a4d72c6ea1a104319f127c42a'),(489,'https://assets.mhw-db.com/armor/722c81b0eea348ef78c929e495a2bdaa.c35f4d47ff004cb977f19d239488b6385574e307.png','722c81b0eea348ef78c929e495a2bdaa','c35f4d47ff004cb977f19d239488b6385574e307'),(490,'https://assets.mhw-db.com/armor/61c8cb8e141828422fd90e46644f64f8.9fa305ac441cead8834ad0f05f62aac4acb95511.png','61c8cb8e141828422fd90e46644f64f8','9fa305ac441cead8834ad0f05f62aac4acb95511'),(491,'https://assets.mhw-db.com/armor/bf17d6ee97636c8e99dc82047014f4b8.1eadbfdfe8218232a45f405a4eddab9e7c27a7fe.png','bf17d6ee97636c8e99dc82047014f4b8','1eadbfdfe8218232a45f405a4eddab9e7c27a7fe'),(492,'https://assets.mhw-db.com/armor/3aa9b634ead2fb9593beecdd6a917731.cea6224021dfb45e25efdbd13ce7330dfa94c4f5.png','3aa9b634ead2fb9593beecdd6a917731','cea6224021dfb45e25efdbd13ce7330dfa94c4f5'),(493,'https://assets.mhw-db.com/armor/e56962b5cec7e2cbc3d2ea8906b03eb6.c7678a01d51cf83b36be58cb95d55bfb4b40b443.png','e56962b5cec7e2cbc3d2ea8906b03eb6','c7678a01d51cf83b36be58cb95d55bfb4b40b443'),(494,'https://assets.mhw-db.com/armor/074799751efadb0f3745eea4fd8d8e31.44690bc7c1e8cc4b7421297005d3f47b611bb3f2.png','074799751efadb0f3745eea4fd8d8e31','44690bc7c1e8cc4b7421297005d3f47b611bb3f2'),(495,'https://assets.mhw-db.com/armor/99487240a25b615ff9ceb056a2385cae.8b08130a6bb3eddea83475170cb8633515d56414.png','99487240a25b615ff9ceb056a2385cae','8b08130a6bb3eddea83475170cb8633515d56414'),(496,'https://assets.mhw-db.com/armor/8d6ad97b178fb11cb4c95ce82563dc52.44b47cbf9e21cfff8c8f0892678b878e72bb8200.png','8d6ad97b178fb11cb4c95ce82563dc52','44b47cbf9e21cfff8c8f0892678b878e72bb8200'),(497,'https://assets.mhw-db.com/armor/49d343295df32743ca57224f0c59e1d4.91bb9b2300ca5d7c32a58be093f0176b10ae600f.png','49d343295df32743ca57224f0c59e1d4','91bb9b2300ca5d7c32a58be093f0176b10ae600f'),(498,'https://assets.mhw-db.com/armor/33708721e95fe30b3d27e320798f0868.263a31e009f3d54c398ed925b2e6b8e8716a2c7a.png','33708721e95fe30b3d27e320798f0868','263a31e009f3d54c398ed925b2e6b8e8716a2c7a'),(499,'https://assets.mhw-db.com/armor/8f30b03f1c906f0d51d06d579eee07ea.58c6088e1c3b663991935c011e17653f91125649.png','8f30b03f1c906f0d51d06d579eee07ea','58c6088e1c3b663991935c011e17653f91125649'),(500,'https://assets.mhw-db.com/armor/be1a1dc75df7edd3e509642587df4ef4.519b2baf2c3ad405099b48564228bec87580c06f.png','be1a1dc75df7edd3e509642587df4ef4','519b2baf2c3ad405099b48564228bec87580c06f'),(501,'https://assets.mhw-db.com/armor/eeac41ccaa0f23b54fc58230d903bccc.62db0367631e594266022bcfeb2ad0e3e963080a.png','eeac41ccaa0f23b54fc58230d903bccc','62db0367631e594266022bcfeb2ad0e3e963080a'),(502,'https://assets.mhw-db.com/armor/63e45c7cabcfb776e6b0b5df791bdfa7.f7b784b8de69b33e1f6b1af42553505c83cfcb45.png','63e45c7cabcfb776e6b0b5df791bdfa7','f7b784b8de69b33e1f6b1af42553505c83cfcb45'),(503,'https://assets.mhw-db.com/armor/9db28eec0210c0045236d9101612fa40.e115a8c6407c7d0db004a0f121ad8ea839cdf652.png','9db28eec0210c0045236d9101612fa40','e115a8c6407c7d0db004a0f121ad8ea839cdf652'),(504,'https://assets.mhw-db.com/armor/114774790c14fbd16d5b28c4b963feae.ac668f424eb3662c1bfeab6027908934da78167f.png','114774790c14fbd16d5b28c4b963feae','ac668f424eb3662c1bfeab6027908934da78167f'),(505,'https://assets.mhw-db.com/armor/d442528887c7440d339cdbdd8e32c614.b3263788ce9d22a10569cd3c22134434fa5fe9d6.png','d442528887c7440d339cdbdd8e32c614','b3263788ce9d22a10569cd3c22134434fa5fe9d6'),(506,'https://assets.mhw-db.com/armor/563aa208e4a7736cda3b1236935f1f96.29e418d4aa68fb2b3e329abba8b614ecba4cd56a.png','563aa208e4a7736cda3b1236935f1f96','29e418d4aa68fb2b3e329abba8b614ecba4cd56a'),(507,'https://assets.mhw-db.com/armor/ecccac1ef25ed305f6f87279108284ea.43b9bac559dc7f2b016e4fd40238b68a94b2ebdd.png','ecccac1ef25ed305f6f87279108284ea','43b9bac559dc7f2b016e4fd40238b68a94b2ebdd'),(508,'https://assets.mhw-db.com/armor/17020a2202c7499228bdb4b0d03765c7.27a1432734f6c494383877988665434dbcddf70c.png','17020a2202c7499228bdb4b0d03765c7','27a1432734f6c494383877988665434dbcddf70c'),(509,'https://assets.mhw-db.com/armor/822766129ce836dfa7c5b0c638915b0f.042885bf7ddc29569a6ead4d1bf1fce8b1549c8f.png','822766129ce836dfa7c5b0c638915b0f','042885bf7ddc29569a6ead4d1bf1fce8b1549c8f'),(510,'https://assets.mhw-db.com/armor/d00411e800efbff635e3a31bf594d2fb.ab2b520572f0942537698fdcc9b530724ab519ae.png','d00411e800efbff635e3a31bf594d2fb','ab2b520572f0942537698fdcc9b530724ab519ae'),(511,'https://assets.mhw-db.com/armor/fb483c12497e0f7a6e294662cb290a8e.7376bdba280ddf0c50c0e2ac86c6a7595dfec747.png','fb483c12497e0f7a6e294662cb290a8e','7376bdba280ddf0c50c0e2ac86c6a7595dfec747'),(512,'https://assets.mhw-db.com/armor/6b07f1a2cadad6293d01ddfdeeb5dae0.7f9ab9872e2647d7b856d3a3fef58938ff057685.png','6b07f1a2cadad6293d01ddfdeeb5dae0','7f9ab9872e2647d7b856d3a3fef58938ff057685'),(513,'https://assets.mhw-db.com/armor/4c730f57330d7577c002666f0f53c4c0.d5a42d534699afa41db2e9c27bba6a413d773659.png','4c730f57330d7577c002666f0f53c4c0','d5a42d534699afa41db2e9c27bba6a413d773659'),(514,'https://assets.mhw-db.com/armor/075643b5f70564e172ee3d9e3c22ce5b.b074bb65750c4c9e747661330beea988250b6cd1.png','075643b5f70564e172ee3d9e3c22ce5b','b074bb65750c4c9e747661330beea988250b6cd1'),(515,'https://assets.mhw-db.com/armor/88864df8eae6394fda2ac880378eae86.7f4852d3f6e689ae9327cf3b1939e36ab059b529.png','88864df8eae6394fda2ac880378eae86','7f4852d3f6e689ae9327cf3b1939e36ab059b529'),(516,'https://assets.mhw-db.com/armor/d96756c3950a69ea18787773e9131fe9.638345684f90db8deb5501b99f40891a39ab0245.png','d96756c3950a69ea18787773e9131fe9','638345684f90db8deb5501b99f40891a39ab0245'),(517,'https://assets.mhw-db.com/armor/a6ef8c9c9574d954feec4336751aae3b.44c069987686d69add428cf2512abc1c018139fc.png','a6ef8c9c9574d954feec4336751aae3b','44c069987686d69add428cf2512abc1c018139fc'),(518,'https://assets.mhw-db.com/armor/090b273c969a91e75c69fba5db8a8880.890bcefd0bf24edd13a74730172387076abf3781.png','090b273c969a91e75c69fba5db8a8880','890bcefd0bf24edd13a74730172387076abf3781'),(519,'https://assets.mhw-db.com/armor/693264bc001e5c8f36ca7a6edd4261a9.e6fba9be6c0e2b8104792233f982557b1affc29f.png','693264bc001e5c8f36ca7a6edd4261a9','e6fba9be6c0e2b8104792233f982557b1affc29f'),(520,'https://assets.mhw-db.com/armor/2f4d2d9e7a5a82cc41ae4cd6ce0a069e.a656584f0f3cc4a9941e21f5a5d5692901c73da5.png','2f4d2d9e7a5a82cc41ae4cd6ce0a069e','a656584f0f3cc4a9941e21f5a5d5692901c73da5'),(521,'https://assets.mhw-db.com/armor/b113d396d43423937a2164e2f69063b0.ed2cc8df9cb7211e12bd1d3a3479eef7223a926c.png','b113d396d43423937a2164e2f69063b0','ed2cc8df9cb7211e12bd1d3a3479eef7223a926c'),(522,'https://assets.mhw-db.com/armor/c6674d1415aee492af6c74daa92435ca.06ca1e409656fc709f48deb943e15c855d29a5af.png','c6674d1415aee492af6c74daa92435ca','06ca1e409656fc709f48deb943e15c855d29a5af'),(523,'https://assets.mhw-db.com/armor/fcf23338d04e8f6d589a95e6ae17ed29.3f6a12e73c7629b83e03d41eef4f6e48a6ab7b61.png','fcf23338d04e8f6d589a95e6ae17ed29','3f6a12e73c7629b83e03d41eef4f6e48a6ab7b61'),(524,'https://assets.mhw-db.com/armor/f660e396fd65ff8cd1c1777d76ed7809.d35528d751045ad7ccad983592facf921084f519.png','f660e396fd65ff8cd1c1777d76ed7809','d35528d751045ad7ccad983592facf921084f519'),(525,'https://assets.mhw-db.com/armor/ad2aa57b1d17f7cad0b786922c0520c5.12b642d5f3c8b21d2ab1bc4265fa73b2236241dd.png','ad2aa57b1d17f7cad0b786922c0520c5','12b642d5f3c8b21d2ab1bc4265fa73b2236241dd'),(526,'https://assets.mhw-db.com/armor/0e11890be5160c0be1af49b228d62c61.ba4474e0bd690477798cd9922bf54a3dba8de396.png','0e11890be5160c0be1af49b228d62c61','ba4474e0bd690477798cd9922bf54a3dba8de396'),(527,'https://assets.mhw-db.com/armor/9ee201368bd0fd107dd9c740431f8441.92c4e24e88cf0c153d7ed6764466d91bac9daf50.png','9ee201368bd0fd107dd9c740431f8441','92c4e24e88cf0c153d7ed6764466d91bac9daf50'),(528,'https://assets.mhw-db.com/armor/558d530df0c6b6b5450dbbcefa19d0b3.5f16acaf14ef8a3bebc1212290299e40b94a10fe.png','558d530df0c6b6b5450dbbcefa19d0b3','5f16acaf14ef8a3bebc1212290299e40b94a10fe'),(529,'https://assets.mhw-db.com/armor/331c2c93ae277533b363870249d90fd0.b9ce929cf1b4cdd43e45252967e0c21156503bc6.png','331c2c93ae277533b363870249d90fd0','b9ce929cf1b4cdd43e45252967e0c21156503bc6'),(530,'https://assets.mhw-db.com/armor/a754dff8a3430c26405d03c432bbe300.907a6fd9e393a724efcb46d95b7708f951bffcc6.png','a754dff8a3430c26405d03c432bbe300','907a6fd9e393a724efcb46d95b7708f951bffcc6'),(531,'https://assets.mhw-db.com/armor/7689e0b9bdea98fe43dd4b8cbeb16d95.135d6efaeb49932facfb1a24884fef388ec8e0bc.png','7689e0b9bdea98fe43dd4b8cbeb16d95','135d6efaeb49932facfb1a24884fef388ec8e0bc'),(532,'https://assets.mhw-db.com/armor/1fd462a58cce830c625c0b465ff62ec5.c2e4226f605c1b386da4dc8108734ba3ad78fb95.png','1fd462a58cce830c625c0b465ff62ec5','c2e4226f605c1b386da4dc8108734ba3ad78fb95'),(533,'https://assets.mhw-db.com/armor/7a8d9720cdb63dfe7a7066f46bce8153.b790bb0b78d4ddc7c289aa85e7d0b50f3124a713.png','7a8d9720cdb63dfe7a7066f46bce8153','b790bb0b78d4ddc7c289aa85e7d0b50f3124a713'),(534,'https://assets.mhw-db.com/armor/fb149bf271cc51d1e314f76842c63049.6da5c4571d646697b5387ea9cdb54eba2948d42d.png','fb149bf271cc51d1e314f76842c63049','6da5c4571d646697b5387ea9cdb54eba2948d42d'),(535,'https://assets.mhw-db.com/armor/cb5c7fa1bc7cb61e46b37e3c99c3cb7a.3fac4c153bd8ba08c85018113b4defd57f6f987c.png','cb5c7fa1bc7cb61e46b37e3c99c3cb7a','3fac4c153bd8ba08c85018113b4defd57f6f987c'),(536,'https://assets.mhw-db.com/armor/55706a3a81776f0f880d65d91a195161.34f5f36a49aac7edfbb9f0696c759f9b40791667.png','55706a3a81776f0f880d65d91a195161','34f5f36a49aac7edfbb9f0696c759f9b40791667'),(537,'https://assets.mhw-db.com/armor/e83e4075c14c5be299f43e3061957a3b.03dcedb9653452ceb626f2baef27ec641bfcf80d.png','e83e4075c14c5be299f43e3061957a3b','03dcedb9653452ceb626f2baef27ec641bfcf80d'),(538,'https://assets.mhw-db.com/armor/4dea918eebb3c46f532de43337c95014.6a81e5a9b57a04b0f415b4ded096f86b2fcfd385.png','4dea918eebb3c46f532de43337c95014','6a81e5a9b57a04b0f415b4ded096f86b2fcfd385'),(539,'https://assets.mhw-db.com/armor/130ed2bc39815004189d626de95cfa7c.6e6fd0510e7b770e9649b7d0cf51021579802a59.png','130ed2bc39815004189d626de95cfa7c','6e6fd0510e7b770e9649b7d0cf51021579802a59'),(540,'https://assets.mhw-db.com/armor/fe3ee3e9a260a2e9ff90e49a07611479.bc61fc7c4559e77f10969230335247cd2d3be41d.png','fe3ee3e9a260a2e9ff90e49a07611479','bc61fc7c4559e77f10969230335247cd2d3be41d'),(541,'https://assets.mhw-db.com/armor/fae2bc016bc0db2f20f6f8ee07093730.c15489461bfe18de870de5d99f617cc64be5946c.png','fae2bc016bc0db2f20f6f8ee07093730','c15489461bfe18de870de5d99f617cc64be5946c'),(542,'https://assets.mhw-db.com/armor/a5eb36298425e3b1e22cc16448d0dd17.695d5b3b934a0f7f6d5298cee59bf6ca206862e2.png','a5eb36298425e3b1e22cc16448d0dd17','695d5b3b934a0f7f6d5298cee59bf6ca206862e2'),(543,'https://assets.mhw-db.com/armor/498ce5ca171241b706f342a042de90f0.bf4ba58d5f6dce7679cbac3ab3f01b2089b493cc.png','498ce5ca171241b706f342a042de90f0','bf4ba58d5f6dce7679cbac3ab3f01b2089b493cc'),(544,'https://assets.mhw-db.com/armor/bc9d283ec5db7639445711f1558637a5.a6fc7404c6e2773738c1854663903bde2ce6b8f7.png','bc9d283ec5db7639445711f1558637a5','a6fc7404c6e2773738c1854663903bde2ce6b8f7'),(545,'https://assets.mhw-db.com/armor/17b63b911eeabd9667c4f721260321fc.4a3f8376a17f6532d15dcac89465e842c52e4dcf.png','17b63b911eeabd9667c4f721260321fc','4a3f8376a17f6532d15dcac89465e842c52e4dcf'),(546,'https://assets.mhw-db.com/armor/cdaeecdc17b7e2da0b00a73c8d319bd0.04279d7c4acc80f598f41c7e860ea084f6ab2d76.png','cdaeecdc17b7e2da0b00a73c8d319bd0','04279d7c4acc80f598f41c7e860ea084f6ab2d76'),(547,'https://assets.mhw-db.com/armor/244d4ba535c6e5ef3e56d02e410bce92.a828fef5a9febae1ff98bad16766080925817399.png','244d4ba535c6e5ef3e56d02e410bce92','a828fef5a9febae1ff98bad16766080925817399'),(548,'https://assets.mhw-db.com/armor/f1488156dade7dc8aafb680a50e8034f.30161c3b6efe7f7067271ccb55fb97cac2cd7ecc.png','f1488156dade7dc8aafb680a50e8034f','30161c3b6efe7f7067271ccb55fb97cac2cd7ecc'),(549,'https://assets.mhw-db.com/armor/2aedca6cff6877dc90566783c9d0b7c8.145253726474616424f57bd074f4483c86764734.png','2aedca6cff6877dc90566783c9d0b7c8','145253726474616424f57bd074f4483c86764734'),(550,'https://assets.mhw-db.com/armor/bd5410f2b7dc6405fdd3cc1834feb164.c5fbafc485c7938ea1d0fbd43b67246c5f96a371.png','bd5410f2b7dc6405fdd3cc1834feb164','c5fbafc485c7938ea1d0fbd43b67246c5f96a371'),(551,'https://assets.mhw-db.com/armor/ecbbacc5291248f6cdb375f049de7622.0e145875f7fa6887f666444ef245f70165e36406.png','ecbbacc5291248f6cdb375f049de7622','0e145875f7fa6887f666444ef245f70165e36406'),(552,'https://assets.mhw-db.com/armor/d5017ea1c43b23c1828a82bcd0713cd0.959da07d4a7e301468daadbd42c2525e53f6b7c8.png','d5017ea1c43b23c1828a82bcd0713cd0','959da07d4a7e301468daadbd42c2525e53f6b7c8'),(553,'https://assets.mhw-db.com/armor/9cc02e5d08b245e6b9caab7669318071.a84b39515c3d6547d522cd550dd6a73823bfe5d1.png','9cc02e5d08b245e6b9caab7669318071','a84b39515c3d6547d522cd550dd6a73823bfe5d1'),(554,'https://assets.mhw-db.com/armor/207c3f4a2afc0b795f8a31c3e706a094.4ccb61fa84a196a7f10778bdd450c44864503a7c.png','207c3f4a2afc0b795f8a31c3e706a094','4ccb61fa84a196a7f10778bdd450c44864503a7c'),(555,'https://assets.mhw-db.com/armor/c3f3cac80b9f65ff9afaf748b0c9657c.12abc2d2952ce098a01392fb3c3e99f46a52b9a8.png','c3f3cac80b9f65ff9afaf748b0c9657c','12abc2d2952ce098a01392fb3c3e99f46a52b9a8'),(556,'https://assets.mhw-db.com/armor/622e7fd21b89d8bf7559fa22e41e1385.8521824466a9069bd093ae8bdf0777e62d3851c3.png','622e7fd21b89d8bf7559fa22e41e1385','8521824466a9069bd093ae8bdf0777e62d3851c3'),(557,'https://assets.mhw-db.com/armor/fbc7d4d49d3f6733fa317cfa19a862cb.3c37fbac704aaad375ce0c8c282f5bdf76f0964b.png','fbc7d4d49d3f6733fa317cfa19a862cb','3c37fbac704aaad375ce0c8c282f5bdf76f0964b'),(558,'https://assets.mhw-db.com/armor/5feaa69c6345f1e4c3663b89a374faa1.03ce06ea8d5ae24b7b60470b52268d4c80964516.png','5feaa69c6345f1e4c3663b89a374faa1','03ce06ea8d5ae24b7b60470b52268d4c80964516'),(559,'https://assets.mhw-db.com/armor/1167e9218fb65d1683f4a5ebd1427634.610b8436182d3fe44f6e5853cf26df45e0f9e50e.png','1167e9218fb65d1683f4a5ebd1427634','610b8436182d3fe44f6e5853cf26df45e0f9e50e'),(560,'https://assets.mhw-db.com/armor/419cd7ee651e789bab1ada145ebdf255.1ff7b4e42f92211c504f7051592d65ac5a0d4e22.png','419cd7ee651e789bab1ada145ebdf255','1ff7b4e42f92211c504f7051592d65ac5a0d4e22'),(561,'https://assets.mhw-db.com/armor/bd8deb0e279e19a5c1c345d80d8e0c52.0b497be8e6ecaacf66b7af80704fe369cc028231.png','bd8deb0e279e19a5c1c345d80d8e0c52','0b497be8e6ecaacf66b7af80704fe369cc028231'),(562,'https://assets.mhw-db.com/armor/af7c64016e837b7d61834d244497d036.0d6f7436dd6f1394cea9dcccaefcceff22cf10f8.png','af7c64016e837b7d61834d244497d036','0d6f7436dd6f1394cea9dcccaefcceff22cf10f8'),(563,'https://assets.mhw-db.com/armor/01b9b17ce05c7046b558bbdde86af18c.c27b7e619b6f30f0564fe2e5fc12ef1357f0f477.png','01b9b17ce05c7046b558bbdde86af18c','c27b7e619b6f30f0564fe2e5fc12ef1357f0f477'),(564,'https://assets.mhw-db.com/armor/84f9b3679cb942ea4008d4cdecf01aec.693677bd5b9b3c92b3408c7436f718ac3f33d4c2.png','84f9b3679cb942ea4008d4cdecf01aec','693677bd5b9b3c92b3408c7436f718ac3f33d4c2'),(565,'https://assets.mhw-db.com/armor/383835fdbd9f1e961b79a15bb9a51bba.04f59884c3639a33b09f9f40429e6825a1a4efc1.png','383835fdbd9f1e961b79a15bb9a51bba','04f59884c3639a33b09f9f40429e6825a1a4efc1'),(566,'https://assets.mhw-db.com/armor/03e80237cab00206e78ee61b00aa0b48.014215354ba900727a7a3068cf1c7b502714b6f4.png','03e80237cab00206e78ee61b00aa0b48','014215354ba900727a7a3068cf1c7b502714b6f4'),(567,'https://assets.mhw-db.com/armor/ad1f0bfe1641498fbfe905048d2d34a6.76535332f84b1ba411193e6281662305aefac921.png','ad1f0bfe1641498fbfe905048d2d34a6','76535332f84b1ba411193e6281662305aefac921'),(568,'https://assets.mhw-db.com/armor/12fa72e22e39656c51e1fe4842b46aef.19b5c8fd5d9263a91e52a0435eb9fae1d91ba05c.png','12fa72e22e39656c51e1fe4842b46aef','19b5c8fd5d9263a91e52a0435eb9fae1d91ba05c'),(569,'https://assets.mhw-db.com/armor/d2d2b71f38462e048b8af3ee2a376f67.edfba7a8e333b41cd945135e812e5c54dd9ff1b3.png','d2d2b71f38462e048b8af3ee2a376f67','edfba7a8e333b41cd945135e812e5c54dd9ff1b3'),(570,'https://assets.mhw-db.com/armor/2d076bc473959fd315e6841620d2d335.566245148184993458436c0eba1f287dec4f03b6.png','2d076bc473959fd315e6841620d2d335','566245148184993458436c0eba1f287dec4f03b6'),(571,'https://assets.mhw-db.com/armor/85498508aa24c1fca5028cfd409deb71.42032d595cab947e8e510ade710d6476b5e46ad2.png','85498508aa24c1fca5028cfd409deb71','42032d595cab947e8e510ade710d6476b5e46ad2'),(572,'https://assets.mhw-db.com/armor/4d54c6b37be9a0d54b3f5fc658f66b40.6328ac052ae5265c5eb39673e151fe4fad6a5f7f.png','4d54c6b37be9a0d54b3f5fc658f66b40','6328ac052ae5265c5eb39673e151fe4fad6a5f7f'),(573,'https://assets.mhw-db.com/armor/c4924ee71b38f3a8b1d8e960723b8339.1b0c4db7fff01a1ce0d16d4db6ed0eb1c1c198aa.png','c4924ee71b38f3a8b1d8e960723b8339','1b0c4db7fff01a1ce0d16d4db6ed0eb1c1c198aa'),(574,'https://assets.mhw-db.com/armor/97fe733d5e0c1db557e6b6a9b4feba4b.17ede9b0ccd165b6aff5886cad1d3c72e5624ae7.png','97fe733d5e0c1db557e6b6a9b4feba4b','17ede9b0ccd165b6aff5886cad1d3c72e5624ae7'),(575,'https://assets.mhw-db.com/armor/0d737c2c77013b3413df6d745310e745.442c90259473472155720c0454444b8c59630039.png','0d737c2c77013b3413df6d745310e745','442c90259473472155720c0454444b8c59630039'),(576,'https://assets.mhw-db.com/armor/84c24d47bc84e2b826a3e3d2cf1287ed.df3cbf79a76cee360a4470453a3ddd0e772436f5.png','84c24d47bc84e2b826a3e3d2cf1287ed','df3cbf79a76cee360a4470453a3ddd0e772436f5'),(577,'https://assets.mhw-db.com/armor/cd65cb8527b11791a33347841ce991d7.1b64e32e1453a8306a19d23f060644a308f579ce.png','cd65cb8527b11791a33347841ce991d7','1b64e32e1453a8306a19d23f060644a308f579ce'),(578,'https://assets.mhw-db.com/armor/de255ad55f47a6572fcb67a06190cc4d.71794a83907cccb159b7c60b9bd638ab7e5140e9.png','de255ad55f47a6572fcb67a06190cc4d','71794a83907cccb159b7c60b9bd638ab7e5140e9'),(579,'https://assets.mhw-db.com/armor/0eb38c43af7ff7d9a4721209f1f5a79c.7a072f02a4f88b4d365fa6c61d552cc30db63eef.png','0eb38c43af7ff7d9a4721209f1f5a79c','7a072f02a4f88b4d365fa6c61d552cc30db63eef'),(580,'https://assets.mhw-db.com/armor/dbdccaa76428d426a867374f020f4157.f9abb3b3c01c2adbfcfedea4463aa8ffaf3ed98d.png','dbdccaa76428d426a867374f020f4157','f9abb3b3c01c2adbfcfedea4463aa8ffaf3ed98d'),(581,'https://assets.mhw-db.com/armor/d3859b84548a31dc8d6f5e41a10be3a4.6effb1711f80e4c324d90f5e9c2300ff35ad8f8d.png','d3859b84548a31dc8d6f5e41a10be3a4','6effb1711f80e4c324d90f5e9c2300ff35ad8f8d'),(582,'https://assets.mhw-db.com/armor/e42f5c44d958137790504e1343d6a39a.457092a352f7fb1f3c48579f893c48a70ee0a23b.png','e42f5c44d958137790504e1343d6a39a','457092a352f7fb1f3c48579f893c48a70ee0a23b'),(583,'https://assets.mhw-db.com/armor/7d19b75d8f44474f6cafc1dc2e5caf8c.19f14a5085e2edb4b4a369016555e11bc61f8bce.png','7d19b75d8f44474f6cafc1dc2e5caf8c','19f14a5085e2edb4b4a369016555e11bc61f8bce'),(584,'https://assets.mhw-db.com/armor/1e9798645b136c1c1c12f1c9fa27e4a3.38f401bd56b9b90ac2d593e8155e17dcb0e5054a.png','1e9798645b136c1c1c12f1c9fa27e4a3','38f401bd56b9b90ac2d593e8155e17dcb0e5054a'),(585,'https://assets.mhw-db.com/armor/04e08bd1f7e5704496f966ccd85a51e5.2343eab9a773380bfafe3880416081f7e6410183.png','04e08bd1f7e5704496f966ccd85a51e5','2343eab9a773380bfafe3880416081f7e6410183'),(586,'https://assets.mhw-db.com/armor/81c6ab2b68df63569f85a092a211e18d.11a3f78243e2d37cb61dca6113bad1d4754bbbc2.png','81c6ab2b68df63569f85a092a211e18d','11a3f78243e2d37cb61dca6113bad1d4754bbbc2'),(587,'https://assets.mhw-db.com/armor/9e30a68941fb9f03d14407a6f51d3c7b.65d39eaf351e9e9c920d34be9d87af925381f6a0.png','9e30a68941fb9f03d14407a6f51d3c7b','65d39eaf351e9e9c920d34be9d87af925381f6a0'),(588,'https://assets.mhw-db.com/armor/663b91ac5470a94b75c51aee95fe37be.2c40409b1c04a806089db48705c4a27f6509a059.png','663b91ac5470a94b75c51aee95fe37be','2c40409b1c04a806089db48705c4a27f6509a059'),(589,'https://assets.mhw-db.com/armor/306f667ed77d8b177a6b3b8f746e3b1b.4a7a731f277ec5e655ce9bb76194e221bebc5410.png','306f667ed77d8b177a6b3b8f746e3b1b','4a7a731f277ec5e655ce9bb76194e221bebc5410'),(590,'https://assets.mhw-db.com/armor/2a5cbf1ef801cf95752bc973671c2589.f85512ad21d52e73661cd2657493f469d6376a40.png','2a5cbf1ef801cf95752bc973671c2589','f85512ad21d52e73661cd2657493f469d6376a40'),(591,'https://assets.mhw-db.com/armor/e66c5aec6434f527f9693948e908a756.2d8e9ac4e6f9ddbddfc0bec71d6d73fa3e2cde3a.png','e66c5aec6434f527f9693948e908a756','2d8e9ac4e6f9ddbddfc0bec71d6d73fa3e2cde3a'),(592,'https://assets.mhw-db.com/armor/931695c4fcb25139fc369b5b7eda893f.ef3995db7381bae208d72b45f73109ab757f8ccf.png','931695c4fcb25139fc369b5b7eda893f','ef3995db7381bae208d72b45f73109ab757f8ccf'),(593,'https://assets.mhw-db.com/armor/b5fc1da08763438230db9052342acf7e.3e03b1f47c87898fbdf1062dab6a3756a57e8e8f.png','b5fc1da08763438230db9052342acf7e','3e03b1f47c87898fbdf1062dab6a3756a57e8e8f'),(594,'https://assets.mhw-db.com/armor/fe657ea6b88b62f84a1966e8629bd69b.6f2b2e1c8324e06b899a9e81f81dbe3d96c0c7e8.png','fe657ea6b88b62f84a1966e8629bd69b','6f2b2e1c8324e06b899a9e81f81dbe3d96c0c7e8'),(595,'https://assets.mhw-db.com/armor/3e17dd62b25fca87975d1a85eae4914a.26f21bb744748f4e3c5ebdcc752829960c931df6.png','3e17dd62b25fca87975d1a85eae4914a','26f21bb744748f4e3c5ebdcc752829960c931df6'),(596,'https://assets.mhw-db.com/armor/e20380b087ce869688a7b1ad95177867.37ee9a8a03ef1b389935028a9fb944d835b94ef4.png','e20380b087ce869688a7b1ad95177867','37ee9a8a03ef1b389935028a9fb944d835b94ef4'),(597,'https://assets.mhw-db.com/armor/64b22752543782be54d1eda3740e5673.a76adea5e1f3d35df68ea488a7308d4e622e90c3.png','64b22752543782be54d1eda3740e5673','a76adea5e1f3d35df68ea488a7308d4e622e90c3'),(598,'https://assets.mhw-db.com/armor/0dbd07b734c673cfe20d5a314fc39971.d778eda9ed606832f6d53a5297c75eb580d7e446.png','0dbd07b734c673cfe20d5a314fc39971','d778eda9ed606832f6d53a5297c75eb580d7e446'),(599,'https://assets.mhw-db.com/armor/59e6d56c63ca7bd3556bd690ea716353.eea781ab3023e93804cb60a3cfb6912d38c4e970.png','59e6d56c63ca7bd3556bd690ea716353','eea781ab3023e93804cb60a3cfb6912d38c4e970'),(600,'https://assets.mhw-db.com/armor/02d1f5102278634237df6fa598141ba1.eded236328fdf615b2512d14bdb3ee792d4a29a6.png','02d1f5102278634237df6fa598141ba1','eded236328fdf615b2512d14bdb3ee792d4a29a6'),(601,'https://assets.mhw-db.com/armor/19da753d489590ff904c077bbdbce645.93b734f956c3d137020952a9004bde48e5e7cff7.png','19da753d489590ff904c077bbdbce645','93b734f956c3d137020952a9004bde48e5e7cff7'),(602,'https://assets.mhw-db.com/armor/47750489c1655a3a48a5cd9b0229c4f7.e24d11bcd25ce9c8f0da2a5204731a97af993323.png','47750489c1655a3a48a5cd9b0229c4f7','e24d11bcd25ce9c8f0da2a5204731a97af993323'),(603,'https://assets.mhw-db.com/armor/fb965a41249312f75bb76ef89cd1dc23.50e3ac911605821705cd4f7156ab2b7a7b58b795.png','fb965a41249312f75bb76ef89cd1dc23','50e3ac911605821705cd4f7156ab2b7a7b58b795'),(604,'https://assets.mhw-db.com/armor/b7c6c945c3127ba86df3ef0a0779514d.075c38c53002f6c4f7928ecfab040573db269ab3.png','b7c6c945c3127ba86df3ef0a0779514d','075c38c53002f6c4f7928ecfab040573db269ab3'),(605,'https://assets.mhw-db.com/armor/313f76077648754bdb4a746dc061eb6c.77047fb45464f22f444dd922bf07cce33732245c.png','313f76077648754bdb4a746dc061eb6c','77047fb45464f22f444dd922bf07cce33732245c'),(606,'https://assets.mhw-db.com/armor/be119c15d81862a886bb015540e3ed5a.789ab5bda3ab9d58b3667249bfbf9c6951965be9.png','be119c15d81862a886bb015540e3ed5a','789ab5bda3ab9d58b3667249bfbf9c6951965be9'),(607,'https://assets.mhw-db.com/armor/8df579895dd6ed67b0f5a16bc33d21ff.840a3f22c828b46760066a64f8aef84d5da365ac.png','8df579895dd6ed67b0f5a16bc33d21ff','840a3f22c828b46760066a64f8aef84d5da365ac'),(608,'https://assets.mhw-db.com/armor/0b675b2b56fb138e664f79537d842488.6f3bf6a61a473e632a10b4d7d2afec028a06f7e3.png','0b675b2b56fb138e664f79537d842488','6f3bf6a61a473e632a10b4d7d2afec028a06f7e3'),(609,'https://assets.mhw-db.com/armor/b15239f09f23398c9b04e50f56a4b879.ff0a77feece2c3b93c6b4898672e96d859e26309.png','b15239f09f23398c9b04e50f56a4b879','ff0a77feece2c3b93c6b4898672e96d859e26309'),(610,'https://assets.mhw-db.com/armor/a497013fa802116605abca298c200bef.79c4ec551caf467b017aef5d4e67e3ec58f4601a.png','a497013fa802116605abca298c200bef','79c4ec551caf467b017aef5d4e67e3ec58f4601a'),(611,'https://assets.mhw-db.com/armor/df639b7ba30e102b758a2d3d716b776c.1a9e0a4d2f2ae5c81371f94ec69be3eef3d82234.png','df639b7ba30e102b758a2d3d716b776c','1a9e0a4d2f2ae5c81371f94ec69be3eef3d82234'),(612,'https://assets.mhw-db.com/armor/c651a5d331f16068e7d8ddc931b97d53.342a583c790a436572a03763184e584acfdf55cd.png','c651a5d331f16068e7d8ddc931b97d53','342a583c790a436572a03763184e584acfdf55cd'),(613,'https://assets.mhw-db.com/armor/2ee859e3b018c083a41a4f343aefd92f.d86d779093198ccb4583bc90ee88c4a18ec06537.png','2ee859e3b018c083a41a4f343aefd92f','d86d779093198ccb4583bc90ee88c4a18ec06537'),(614,'https://assets.mhw-db.com/armor/75f779bb5c000464e8a3d9c1cbed6b1b.9deab98082ceb5a672aa9426b06d7f8da73f656c.png','75f779bb5c000464e8a3d9c1cbed6b1b','9deab98082ceb5a672aa9426b06d7f8da73f656c'),(615,'https://assets.mhw-db.com/armor/74e096433862e12e58a8eeb7b59e4e0f.a417575740c1504e5856933178302f6b838512c8.png','74e096433862e12e58a8eeb7b59e4e0f','a417575740c1504e5856933178302f6b838512c8'),(616,'https://assets.mhw-db.com/armor/799fb52a78b66363774aaf0182f5188e.4936b64146db0f5348cd41feebebf6aa4ea10924.png','799fb52a78b66363774aaf0182f5188e','4936b64146db0f5348cd41feebebf6aa4ea10924'),(617,'https://assets.mhw-db.com/armor/c3c57565bbe2a753d8503b3165f16110.8937e3ec434916566877fb447d2807b09c0d65ea.png','c3c57565bbe2a753d8503b3165f16110','8937e3ec434916566877fb447d2807b09c0d65ea'),(618,'https://assets.mhw-db.com/armor/0ae997e95ba1dc35d60d1322b4685661.d80d27011e813d2fdc136696307afd75bf3f6fac.png','0ae997e95ba1dc35d60d1322b4685661','d80d27011e813d2fdc136696307afd75bf3f6fac'),(619,'https://assets.mhw-db.com/armor/523de19ca72674c7017cacb4bf38496d.1e1106cbde645e98e41d8a37cbf5d69bc2793c2d.png','523de19ca72674c7017cacb4bf38496d','1e1106cbde645e98e41d8a37cbf5d69bc2793c2d'),(620,'https://assets.mhw-db.com/armor/dc21d1b16399083d4a28e85aa473f36f.ad39f19fe27bc2ceac10d13d70684ef21fd1fd61.png','dc21d1b16399083d4a28e85aa473f36f','ad39f19fe27bc2ceac10d13d70684ef21fd1fd61'),(621,'https://assets.mhw-db.com/armor/e2df13e2787656f491a4df1e3d32ae38.e6fb8dcb48fb00c3382c7766fb3299560c49cd2d.png','e2df13e2787656f491a4df1e3d32ae38','e6fb8dcb48fb00c3382c7766fb3299560c49cd2d'),(622,'https://assets.mhw-db.com/armor/7c6c90a425c43ab609eea92a0447e54a.4874e4bc060253d21570691dd6cfe5af0423c708.png','7c6c90a425c43ab609eea92a0447e54a','4874e4bc060253d21570691dd6cfe5af0423c708'),(623,'https://assets.mhw-db.com/armor/62f27ed2ae5ac985908044b8ee77a5d2.3b9db1f56ee80f53d7925d5506bc1ab9f4459153.png','62f27ed2ae5ac985908044b8ee77a5d2','3b9db1f56ee80f53d7925d5506bc1ab9f4459153'),(624,'https://assets.mhw-db.com/armor/a7dc366d873007c9857f3e9f25302a59.7e16d92a68a2e6ff5c1e15a81c6d92d4fd25a59e.png','a7dc366d873007c9857f3e9f25302a59','7e16d92a68a2e6ff5c1e15a81c6d92d4fd25a59e'),(625,'https://assets.mhw-db.com/armor/b44442a40ae1202f74ac1ec91f579186.7a5cdf443864187664191f0088fef79727542194.png','b44442a40ae1202f74ac1ec91f579186','7a5cdf443864187664191f0088fef79727542194'),(626,'https://assets.mhw-db.com/armor/936e5a63f49c6d03c5209d4492d6c240.39fa5f05a7b87b0d202a3f57437fb0df19a8e8c8.png','936e5a63f49c6d03c5209d4492d6c240','39fa5f05a7b87b0d202a3f57437fb0df19a8e8c8'),(627,'https://assets.mhw-db.com/armor/625abf114ed7731ba3e6c4f78e6e62b5.c0818adda44b23c80a0ea83c93937265afd1daa8.png','625abf114ed7731ba3e6c4f78e6e62b5','c0818adda44b23c80a0ea83c93937265afd1daa8'),(628,'https://assets.mhw-db.com/armor/0a827c78de55ac3b388a1299b2ecb379.b672413d90d7a6626f02b113f23ebd6c56ff1f7e.png','0a827c78de55ac3b388a1299b2ecb379','b672413d90d7a6626f02b113f23ebd6c56ff1f7e'),(629,'https://assets.mhw-db.com/armor/20b91b2d48c19d8b18b30d275d28256a.403ed182462d964b066ff382e9aeacf078d7f679.png','20b91b2d48c19d8b18b30d275d28256a','403ed182462d964b066ff382e9aeacf078d7f679'),(630,'https://assets.mhw-db.com/armor/f3dc28b4c1962bd0a9a6e102c858d6f1.d5b60cd8f69ab5f7fb0a016dde5326c2a848e11d.png','f3dc28b4c1962bd0a9a6e102c858d6f1','d5b60cd8f69ab5f7fb0a016dde5326c2a848e11d'),(631,'https://assets.mhw-db.com/armor/5d468456d277a2976477fc0969b491c2.b715d8c222bd6488abe5dfd6b0de93ce8fd930da.png','5d468456d277a2976477fc0969b491c2','b715d8c222bd6488abe5dfd6b0de93ce8fd930da'),(632,'https://assets.mhw-db.com/armor/8dfde11f88730af022c6add7d38d2f08.d4806a2cb0c538618a500ac7a4db5dffeab84830.png','8dfde11f88730af022c6add7d38d2f08','d4806a2cb0c538618a500ac7a4db5dffeab84830'),(633,'https://assets.mhw-db.com/armor/8a1b64b71fad485cbbd23a24b9561a5a.ca28fccac86f8ee2755bd682ecd1f5bcc0eadce2.png','8a1b64b71fad485cbbd23a24b9561a5a','ca28fccac86f8ee2755bd682ecd1f5bcc0eadce2'),(634,'https://assets.mhw-db.com/armor/75be91a145fce450c7970648cf8a910b.abf269f73353568529ded68c67c35be90df3258f.png','75be91a145fce450c7970648cf8a910b','abf269f73353568529ded68c67c35be90df3258f'),(635,'https://assets.mhw-db.com/armor/a6dbcfabd70eddbcff0083067b023cab.3cc72085089f8afe0c986d27797fe299d35279fd.png','a6dbcfabd70eddbcff0083067b023cab','3cc72085089f8afe0c986d27797fe299d35279fd'),(636,'https://assets.mhw-db.com/armor/a7bdf00b6d2e2d9ffd74985f20bac2fd.8033501468054c4c6900fad6cce81ea6546a947c.png','a7bdf00b6d2e2d9ffd74985f20bac2fd','8033501468054c4c6900fad6cce81ea6546a947c'),(637,'https://assets.mhw-db.com/armor/3e06b4737701d5c15617060f3fa95b9f.f11399501ce7684fa7d7a52843caab6a60a27eb0.png','3e06b4737701d5c15617060f3fa95b9f','f11399501ce7684fa7d7a52843caab6a60a27eb0'),(638,'https://assets.mhw-db.com/armor/4410bf39ba4d6befd099d8e1c34d3e0a.eefaa3c3ff3286ef3fbc1074620e203254fe62fd.png','4410bf39ba4d6befd099d8e1c34d3e0a','eefaa3c3ff3286ef3fbc1074620e203254fe62fd'),(639,'https://assets.mhw-db.com/armor/6cb188f62bc6b1269b2b9577783bf273.acb62f6f179fa865443f4a354be430bc2227ccfd.png','6cb188f62bc6b1269b2b9577783bf273','acb62f6f179fa865443f4a354be430bc2227ccfd'),(640,'https://assets.mhw-db.com/armor/2971c2d8e6464fefe0ab2f1a9f3250d4.49359e269a62d2b40a2bf4f8dac6fdf691ab0ac4.png','2971c2d8e6464fefe0ab2f1a9f3250d4','49359e269a62d2b40a2bf4f8dac6fdf691ab0ac4'),(641,'https://assets.mhw-db.com/armor/72a88251c87acfb4f29d31c1eaeb3654.4f32420f2fa9d803fa6f769126d64ce8262c5fd8.png','72a88251c87acfb4f29d31c1eaeb3654','4f32420f2fa9d803fa6f769126d64ce8262c5fd8'),(642,'https://assets.mhw-db.com/armor/55e4c4a295e6de60d87a8dfd0960efdd.7f1568f0507275c31b9ace6436f6f31c557a4e92.png','55e4c4a295e6de60d87a8dfd0960efdd','7f1568f0507275c31b9ace6436f6f31c557a4e92'),(643,'https://assets.mhw-db.com/armor/4ba673582971502df5d5f609debb989f.2e3c04c70dc7ad114d51f16e7aa73594abdcced7.png','4ba673582971502df5d5f609debb989f','2e3c04c70dc7ad114d51f16e7aa73594abdcced7'),(644,'https://assets.mhw-db.com/armor/ef26a855c91229313be951584c90ab00.ba0ca6f7ca92af3c414aa8ce584740c280c3fb5f.png','ef26a855c91229313be951584c90ab00','ba0ca6f7ca92af3c414aa8ce584740c280c3fb5f'),(645,'https://assets.mhw-db.com/armor/91c009ad7e86b38de5288484047c5f7b.e88eb1e75b557a33ff228384cec764ff356eb876.png','91c009ad7e86b38de5288484047c5f7b','e88eb1e75b557a33ff228384cec764ff356eb876'),(646,'https://assets.mhw-db.com/armor/43d35712b630c47bb6c09af8e7b79814.8a25db71ae9bf3373a6c395eb44c96e67689f489.png','43d35712b630c47bb6c09af8e7b79814','8a25db71ae9bf3373a6c395eb44c96e67689f489'),(647,'https://assets.mhw-db.com/armor/35640d02a2594489b00461c12379d3e7.8dec801f8815524f20797f1874ad1fd2e767e74c.png','35640d02a2594489b00461c12379d3e7','8dec801f8815524f20797f1874ad1fd2e767e74c'),(648,'https://assets.mhw-db.com/armor/7cfd8c16e2c453b17da8a5ccc547ed4b.65ca15db49086d42a4eabfc6a4c269da5abb5bcc.png','7cfd8c16e2c453b17da8a5ccc547ed4b','65ca15db49086d42a4eabfc6a4c269da5abb5bcc'),(649,'https://assets.mhw-db.com/armor/f75a8b18679d8895990d5c9b32ae2339.a0d34616f7d139cbc9795dd1c0a059fb4486ff6d.png','f75a8b18679d8895990d5c9b32ae2339','a0d34616f7d139cbc9795dd1c0a059fb4486ff6d'),(650,'https://assets.mhw-db.com/armor/52a4018ce65101fe35c56171db1c0323.bbc733f6dd122e77abb40050261354290fb06459.png','52a4018ce65101fe35c56171db1c0323','bbc733f6dd122e77abb40050261354290fb06459'),(651,'https://assets.mhw-db.com/armor/ab8b598d09f1a08d7d1d955fbce93839.c48a1a8d059dc4ccfbc780500abcfbd9c73c9908.png','ab8b598d09f1a08d7d1d955fbce93839','c48a1a8d059dc4ccfbc780500abcfbd9c73c9908'),(652,'https://assets.mhw-db.com/armor/82d674cc94b3ced6c4ce4d262c360ce6.5a26ff7117e782221164bea3cced86f46fad4f4f.png','82d674cc94b3ced6c4ce4d262c360ce6','5a26ff7117e782221164bea3cced86f46fad4f4f'),(653,'https://assets.mhw-db.com/armor/fecdf7aaf42898e0ff721aa25c8fc793.c28b00567eb2adf98f24c026ad71e0468125d270.png','fecdf7aaf42898e0ff721aa25c8fc793','c28b00567eb2adf98f24c026ad71e0468125d270'),(654,'https://assets.mhw-db.com/armor/1203bbafde51b26936ed0308d98038b9.897045c84d4aa95d4999bea970287cdf49326a8e.png','1203bbafde51b26936ed0308d98038b9','897045c84d4aa95d4999bea970287cdf49326a8e'),(655,'https://assets.mhw-db.com/armor/a35c3e48737cc758dd04da30e5fca0aa.23198563de07ebd6dd9ae0f6a4da2f76ee632ac4.png','a35c3e48737cc758dd04da30e5fca0aa','23198563de07ebd6dd9ae0f6a4da2f76ee632ac4'),(656,'https://assets.mhw-db.com/armor/2c8a41057e6f59f9f55510197d7d525f.5e9dd90a1dae4e8bcc821ed1bf759e746ed7b0b4.png','2c8a41057e6f59f9f55510197d7d525f','5e9dd90a1dae4e8bcc821ed1bf759e746ed7b0b4'),(657,'https://assets.mhw-db.com/armor/72d10971d9b3bb9d4948c95cc38ea2d5.45f4fd6d4ec6f1500b69951c3c82169cdf440866.png','72d10971d9b3bb9d4948c95cc38ea2d5','45f4fd6d4ec6f1500b69951c3c82169cdf440866'),(658,'https://assets.mhw-db.com/armor/005a976c027f6523ee5376218c697e3a.5327b987477d1b7c89a3b5ddfdc144e552804983.png','005a976c027f6523ee5376218c697e3a','5327b987477d1b7c89a3b5ddfdc144e552804983'),(659,'https://assets.mhw-db.com/armor/b7c4af5362810d8e95d4dce43c189eaa.7d11f0f2b00029738de4afb91f7d45819cf317a0.png','b7c4af5362810d8e95d4dce43c189eaa','7d11f0f2b00029738de4afb91f7d45819cf317a0'),(660,'https://assets.mhw-db.com/armor/61448d5229d52f9c71f6b7ba1e5809f4.4bf929c6fd1bd654bc5de58dc1219a1d7f085ca9.png','61448d5229d52f9c71f6b7ba1e5809f4','4bf929c6fd1bd654bc5de58dc1219a1d7f085ca9'),(661,'https://assets.mhw-db.com/armor/87a7558802b86b5ef4f367956b34c67f.860aad6f5eee5c05f4e12c5d190f229b52359317.png','87a7558802b86b5ef4f367956b34c67f','860aad6f5eee5c05f4e12c5d190f229b52359317'),(662,'https://assets.mhw-db.com/armor/d4ee522bd71f48e968acbe45e1a460ad.27da677efbc8580344cc6728c56987db44cee85c.png','d4ee522bd71f48e968acbe45e1a460ad','27da677efbc8580344cc6728c56987db44cee85c'),(663,'https://assets.mhw-db.com/armor/60b1a67d0b641c579e9c3c1fc96ecf94.d357275dc6675a233fb314e73c7fd36ff046b384.png','60b1a67d0b641c579e9c3c1fc96ecf94','d357275dc6675a233fb314e73c7fd36ff046b384'),(664,'https://assets.mhw-db.com/armor/058d5e96c19e16290b4e7d7d091b702c.007b21776e12d1c8cb44c32b9ff6066199b2a187.png','058d5e96c19e16290b4e7d7d091b702c','007b21776e12d1c8cb44c32b9ff6066199b2a187'),(665,'https://assets.mhw-db.com/armor/83f046e6a2304b746917c564c94dec59.804b4c3f1dee0ed6715caa4b3b448bd1af4099c5.png','83f046e6a2304b746917c564c94dec59','804b4c3f1dee0ed6715caa4b3b448bd1af4099c5'),(666,'https://assets.mhw-db.com/armor/f812e1b43c72b176ac3e4210ab3cb3a3.89e377e6573be6cab40da9b943ee1afd8a5c9a86.png','f812e1b43c72b176ac3e4210ab3cb3a3','89e377e6573be6cab40da9b943ee1afd8a5c9a86'),(667,'https://assets.mhw-db.com/armor/6c96583a40eb88125f2ea0bfe722f37f.d70c91580737b72b798f7c6a9fa34b1f6d460a62.png','6c96583a40eb88125f2ea0bfe722f37f','d70c91580737b72b798f7c6a9fa34b1f6d460a62'),(668,'https://assets.mhw-db.com/armor/69e3902a238414eee74331153c12e18f.3419a692f0293e14c2f67a9bdf37f4b0eb56c2df.png','69e3902a238414eee74331153c12e18f','3419a692f0293e14c2f67a9bdf37f4b0eb56c2df'),(669,'https://assets.mhw-db.com/armor/01ffc383d57b301d2e9be71c4c38c641.9cc1d31531da38671ebc6c828fcad9283ce4a655.png','01ffc383d57b301d2e9be71c4c38c641','9cc1d31531da38671ebc6c828fcad9283ce4a655'),(670,'https://assets.mhw-db.com/armor/b392c9bd34770a623d584294c2618336.5effb6fda9fad497858509eef76ae5f9e5981553.png','b392c9bd34770a623d584294c2618336','5effb6fda9fad497858509eef76ae5f9e5981553'),(671,'https://assets.mhw-db.com/armor/0c2b989ad8ae0c19141d63f72a196a12.6ec61babac7ad7beada3edf1d6595f469786a23f.png','0c2b989ad8ae0c19141d63f72a196a12','6ec61babac7ad7beada3edf1d6595f469786a23f'),(672,'https://assets.mhw-db.com/armor/ab6ca874539b69551cfebe7703fe65a8.bf2a4abd8ffa272e1c434acab082a22d2b9a19e2.png','ab6ca874539b69551cfebe7703fe65a8','bf2a4abd8ffa272e1c434acab082a22d2b9a19e2'),(673,'https://assets.mhw-db.com/armor/fbd6335f0a0700d9fb7cc04a373ac01d.ebbdd7d243b872e478dbe254b27b6937366fd9bd.png','fbd6335f0a0700d9fb7cc04a373ac01d','ebbdd7d243b872e478dbe254b27b6937366fd9bd'),(674,'https://assets.mhw-db.com/armor/a68405db9b078f0be79772c97dc48ed0.955f85e58237b8533099f998ce1b0c5afd221a66.png','a68405db9b078f0be79772c97dc48ed0','955f85e58237b8533099f998ce1b0c5afd221a66'),(675,'https://assets.mhw-db.com/armor/e908e85e86690683628d7cd699aa189d.4a584e1ddb2d58f758b17540a466cc3247e83ad3.png','e908e85e86690683628d7cd699aa189d','4a584e1ddb2d58f758b17540a466cc3247e83ad3'),(676,'https://assets.mhw-db.com/armor/69163be735bbc800ed3bb941ad340efe.e5924538eed3f282aac76671d96cf32d97693561.png','69163be735bbc800ed3bb941ad340efe','e5924538eed3f282aac76671d96cf32d97693561'),(677,'https://assets.mhw-db.com/armor/a14cc665a842394c513adb0c9f802f39.7557d355260ae7fa9d770c77fcbd5a10c9164e5c.png','a14cc665a842394c513adb0c9f802f39','7557d355260ae7fa9d770c77fcbd5a10c9164e5c'),(678,'https://assets.mhw-db.com/armor/831a3b1e99a2ae7087ec4ca0f43c7e8e.3ac25161341f43c2a5b393debd5eff961c0c11b8.png','831a3b1e99a2ae7087ec4ca0f43c7e8e','3ac25161341f43c2a5b393debd5eff961c0c11b8'),(679,'https://assets.mhw-db.com/armor/681e5e2edc6610d59a36bd82f2b86d49.f25341e060991900b80c5c24ca48274ae043b8c6.png','681e5e2edc6610d59a36bd82f2b86d49','f25341e060991900b80c5c24ca48274ae043b8c6'),(680,'https://assets.mhw-db.com/armor/4436b30497a995795a1a30e109e90e8c.3929c52d86af6aa634ab112ce7521da7d9d7801e.png','4436b30497a995795a1a30e109e90e8c','3929c52d86af6aa634ab112ce7521da7d9d7801e'),(681,'https://assets.mhw-db.com/armor/806a7f9447777f784814cec790807848.d444f629f7aa0111a32502e738e15c71e3ba5bd4.png','806a7f9447777f784814cec790807848','d444f629f7aa0111a32502e738e15c71e3ba5bd4'),(682,'https://assets.mhw-db.com/armor/153c39ab71e1379b7600b11986209e65.a9718c930b5777d95adfa14accf454c4d4675345.png','153c39ab71e1379b7600b11986209e65','a9718c930b5777d95adfa14accf454c4d4675345'),(683,'https://assets.mhw-db.com/armor/49c798aeb7c12e7acf7072ff4e709ed1.b048ac12f1349a8009e755b2d2312eb95913c31b.png','49c798aeb7c12e7acf7072ff4e709ed1','b048ac12f1349a8009e755b2d2312eb95913c31b'),(684,'https://assets.mhw-db.com/armor/b9f479dc08a3a1567bbb101a609d8b59.5dd7acbb71dd353f7ca5be20072145888454f809.png','b9f479dc08a3a1567bbb101a609d8b59','5dd7acbb71dd353f7ca5be20072145888454f809'),(685,'https://assets.mhw-db.com/armor/f26688bb7f0a5771efe1da863c6a332f.adb53f0ddca2b296293300e1961d7cf72989be8b.png','f26688bb7f0a5771efe1da863c6a332f','adb53f0ddca2b296293300e1961d7cf72989be8b'),(686,'https://assets.mhw-db.com/armor/e9a4361e3680bc7a2861b2d74f19f67a.5660c4f9bc5a87e786ef35f6c7febe064dd6b744.png','e9a4361e3680bc7a2861b2d74f19f67a','5660c4f9bc5a87e786ef35f6c7febe064dd6b744'),(687,'https://assets.mhw-db.com/armor/09170a0d2c3cc0b6bd51da107f33dbf7.7d5896b25e1cb8a4cb91bf1c35795d84407bada8.png','09170a0d2c3cc0b6bd51da107f33dbf7','7d5896b25e1cb8a4cb91bf1c35795d84407bada8'),(688,'https://assets.mhw-db.com/armor/36aeb667c06ac8733a72a386fee3dc95.aa788d0fffd68233364791a058d1893e041267e6.png','36aeb667c06ac8733a72a386fee3dc95','aa788d0fffd68233364791a058d1893e041267e6'),(689,'https://assets.mhw-db.com/armor/0fcb7d1499d0cbc4669dcc2e6d410715.a80d53fa7bbde7d1446eb4c657210ea73b8f16f2.png','0fcb7d1499d0cbc4669dcc2e6d410715','a80d53fa7bbde7d1446eb4c657210ea73b8f16f2'),(690,'https://assets.mhw-db.com/armor/82529357114cccc07cb72c9408a21b4b.a65bf197c1d7c35d41cf74d0f0fa359018a869d7.png','82529357114cccc07cb72c9408a21b4b','a65bf197c1d7c35d41cf74d0f0fa359018a869d7'),(691,'https://assets.mhw-db.com/armor/5eb494ead44564d1e3a8300bbeda1544.2e51a329bb69fd1c3fa15ced1e5baaf0ae19fc08.png','5eb494ead44564d1e3a8300bbeda1544','2e51a329bb69fd1c3fa15ced1e5baaf0ae19fc08'),(692,'https://assets.mhw-db.com/armor/7f48fafc0e08e3784e9a21bc07fd5288.680f32438cd0cad259072975aba283c8d9d08a4a.png','7f48fafc0e08e3784e9a21bc07fd5288','680f32438cd0cad259072975aba283c8d9d08a4a'),(693,'https://assets.mhw-db.com/armor/b0506dd9a84ab5957436b3973066db76.2cc550f8c44ab43407a8d5111b6aaca039cd7a87.png','b0506dd9a84ab5957436b3973066db76','2cc550f8c44ab43407a8d5111b6aaca039cd7a87'),(694,'https://assets.mhw-db.com/armor/e6d8805c737f9313e677b1eb60bd8b5e.e6bed8ccf31f4dfb9e81f949ecd6c2389335fe01.png','e6d8805c737f9313e677b1eb60bd8b5e','e6bed8ccf31f4dfb9e81f949ecd6c2389335fe01'),(695,'https://assets.mhw-db.com/armor/ff455677af7fdf2cb91543a95fcf1d13.713dfb740d6e4f89743c95c73ec552d7685572e8.png','ff455677af7fdf2cb91543a95fcf1d13','713dfb740d6e4f89743c95c73ec552d7685572e8'),(696,'https://assets.mhw-db.com/armor/ada3bca9a5e094a87dd93f402bdcd984.645d0c47c9677a085a8c876b34780df0d3e7cfd3.png','ada3bca9a5e094a87dd93f402bdcd984','645d0c47c9677a085a8c876b34780df0d3e7cfd3'),(697,'https://assets.mhw-db.com/armor/146d2c630b3b329df392001ace4fa383.f87bf133d9d1e2936a88de185e43f91d81dc4321.png','146d2c630b3b329df392001ace4fa383','f87bf133d9d1e2936a88de185e43f91d81dc4321'),(698,'https://assets.mhw-db.com/armor/fed09d3b3e15451d58b7a58c72af148b.2ea8c2a9090e50a248c766f4407ae5089ff58f20.png','fed09d3b3e15451d58b7a58c72af148b','2ea8c2a9090e50a248c766f4407ae5089ff58f20'),(699,'https://assets.mhw-db.com/armor/aba7d15f49d369482db1927d8e1123ee.a242d60b12904fa8ac09435e3c882889346bed0d.png','aba7d15f49d369482db1927d8e1123ee','a242d60b12904fa8ac09435e3c882889346bed0d'),(700,'https://assets.mhw-db.com/armor/36ed0a1b441888ae8497820e04e31912.b0d29a2221d5042c7427534c6094cdaf1cf613a2.png','36ed0a1b441888ae8497820e04e31912','b0d29a2221d5042c7427534c6094cdaf1cf613a2'),(701,'https://assets.mhw-db.com/armor/fac664c58bac1259b611565e4910f623.e0115c001601e3e352d5c2a55dea862cd7634fba.png','fac664c58bac1259b611565e4910f623','e0115c001601e3e352d5c2a55dea862cd7634fba'),(702,'https://assets.mhw-db.com/armor/2171d73c542bbe9ba546367c62360562.574d4ec2f310f83cb6ba9a59187a4bd578250543.png','2171d73c542bbe9ba546367c62360562','574d4ec2f310f83cb6ba9a59187a4bd578250543'),(703,'https://assets.mhw-db.com/armor/21c0b8c9a67b3620ba76b60548db2ebc.3740b8cef687891bf26e508226fd99c92dcabe02.png','21c0b8c9a67b3620ba76b60548db2ebc','3740b8cef687891bf26e508226fd99c92dcabe02'),(704,'https://assets.mhw-db.com/armor/82148b493fa035260b2d7768f9819d9a.9df7bd02a8ebf38df18e5cd2cb0f4140dfc6d90f.png','82148b493fa035260b2d7768f9819d9a','9df7bd02a8ebf38df18e5cd2cb0f4140dfc6d90f'),(705,'https://assets.mhw-db.com/armor/c9bbfcdd505ed4f7fe180be3596440cc.6c93f9c62ef1defe5af67ef25e5f80becb06f0ff.png','c9bbfcdd505ed4f7fe180be3596440cc','6c93f9c62ef1defe5af67ef25e5f80becb06f0ff'),(706,'https://assets.mhw-db.com/armor/b98cd8d8d46a0d88315cc88ff661c458.4fe6b4a0806f15b164c1bf09a583f9fab375c57c.png','b98cd8d8d46a0d88315cc88ff661c458','4fe6b4a0806f15b164c1bf09a583f9fab375c57c'),(707,'https://assets.mhw-db.com/armor/70e4f89ac2711c9040c5bbbb1a0f6a3c.55bf8ea90b5d0e518d8f354b51b680ebb5d25bbf.png','70e4f89ac2711c9040c5bbbb1a0f6a3c','55bf8ea90b5d0e518d8f354b51b680ebb5d25bbf'),(708,'https://assets.mhw-db.com/armor/d12e42dcb818daebdda7bbbf71507a2b.33e5474c2301dd477b1d88dfaf7eda6af479fe2c.png','d12e42dcb818daebdda7bbbf71507a2b','33e5474c2301dd477b1d88dfaf7eda6af479fe2c'),(709,'https://assets.mhw-db.com/armor/ce942c66b144a4b7f77c4cdfc633cd27.4d693f693e5bd9caf19c97c5a5ace1503d1d56ba.png','ce942c66b144a4b7f77c4cdfc633cd27','4d693f693e5bd9caf19c97c5a5ace1503d1d56ba'),(710,'https://assets.mhw-db.com/armor/1cfcd31520de35110596e8906b83874d.54090f8c6cfb5e3dde1b141db7ca2d746e592d39.png','1cfcd31520de35110596e8906b83874d','54090f8c6cfb5e3dde1b141db7ca2d746e592d39'),(711,'https://assets.mhw-db.com/armor/cc4852f5a59f8ca2fe0c5ee663f3e8df.ac241eb57b69a6d560d5149ec10f5814210a136f.png','cc4852f5a59f8ca2fe0c5ee663f3e8df','ac241eb57b69a6d560d5149ec10f5814210a136f'),(712,'https://assets.mhw-db.com/armor/0b5289bc082c2b12df94af12b5322206.9f20dc348f2b680e2125e0b870e40e029f9e7b58.png','0b5289bc082c2b12df94af12b5322206','9f20dc348f2b680e2125e0b870e40e029f9e7b58'),(713,'https://assets.mhw-db.com/armor/5820707cd0d776c42c9ebac89f03e65c.632ef11fd84b2506151ffd88764ec0b05c7740c9.png','5820707cd0d776c42c9ebac89f03e65c','632ef11fd84b2506151ffd88764ec0b05c7740c9'),(714,'https://assets.mhw-db.com/armor/fff839ce4eae156201ccae56d0eaaf01.e7238740fe8befc311fb9bf2d6232b31c666a967.png','fff839ce4eae156201ccae56d0eaaf01','e7238740fe8befc311fb9bf2d6232b31c666a967'),(715,'https://assets.mhw-db.com/armor/6ee967ebd4d2eb0754885929ba50c10e.9868f16393c1e305cc3820b6072f97acde0f98c6.png','6ee967ebd4d2eb0754885929ba50c10e','9868f16393c1e305cc3820b6072f97acde0f98c6'),(716,'https://assets.mhw-db.com/armor/60219c0c7bc84e02d30fe8b2e235f944.75e1a4406c9d65d13fecae4baf72dfbe9c75425b.png','60219c0c7bc84e02d30fe8b2e235f944','75e1a4406c9d65d13fecae4baf72dfbe9c75425b'),(717,'https://assets.mhw-db.com/armor/dc73fdd7419c653d08e7910609533af5.7658f676e54d7f4e844bede54693521966961d25.png','dc73fdd7419c653d08e7910609533af5','7658f676e54d7f4e844bede54693521966961d25'),(718,'https://assets.mhw-db.com/armor/dad14b3e0a05cfd7f3c1178746ed1406.fd55260fa21d1057cef16bc5437ccc8aba6cc221.png','dad14b3e0a05cfd7f3c1178746ed1406','fd55260fa21d1057cef16bc5437ccc8aba6cc221'),(719,'https://assets.mhw-db.com/armor/3a0d1e53f39ad7f077f198a9fffbf59d.b578ba50f4d0f7d78b517326156eb7289b57bd60.png','3a0d1e53f39ad7f077f198a9fffbf59d','b578ba50f4d0f7d78b517326156eb7289b57bd60'),(720,'https://assets.mhw-db.com/armor/172c7470138b59cb61db86a7f08a224b.0a569fc3104844045b3d3f3de03744d1fee7cea0.png','172c7470138b59cb61db86a7f08a224b','0a569fc3104844045b3d3f3de03744d1fee7cea0'),(721,'https://assets.mhw-db.com/armor/48f7a46cb886c0489974c6de70bf1a16.852cdb7e92021f42a62dea5c6225a13fde462135.png','48f7a46cb886c0489974c6de70bf1a16','852cdb7e92021f42a62dea5c6225a13fde462135'),(722,'https://assets.mhw-db.com/armor/6758a5bd7a7cee7672b7bd822e9ba758.4318d7a73ff8ecb7f250fc4b2e1212cafd06a447.png','6758a5bd7a7cee7672b7bd822e9ba758','4318d7a73ff8ecb7f250fc4b2e1212cafd06a447'),(723,'https://assets.mhw-db.com/armor/53ca1afd9a3b5065ddbe1263eefe0940.07be903c466cd72d832ceb6339bbc431acf6ac7b.png','53ca1afd9a3b5065ddbe1263eefe0940','07be903c466cd72d832ceb6339bbc431acf6ac7b'),(724,'https://assets.mhw-db.com/armor/32013853c8584401e4d7c778fd6916f3.a170a0e58beff4e63dbf4a6ec38263e72c30b310.png','32013853c8584401e4d7c778fd6916f3','a170a0e58beff4e63dbf4a6ec38263e72c30b310'),(725,'https://assets.mhw-db.com/armor/03727c9c1920e92359e94fd99957d1d2.802b9ffb4478f9dd5a5553602bef7597f16552d3.png','03727c9c1920e92359e94fd99957d1d2','802b9ffb4478f9dd5a5553602bef7597f16552d3'),(726,'https://assets.mhw-db.com/armor/ecd6a3439eae5ce55e6f6ce072d062c4.f5323efe759f96d8eaab9162d27533dc8b26d464.png','ecd6a3439eae5ce55e6f6ce072d062c4','f5323efe759f96d8eaab9162d27533dc8b26d464'),(727,'https://assets.mhw-db.com/armor/dbf1c201328bb692a5775ee1547aec0e.1a52f728955823f220dfe3d5fa554a95a2fa859f.png','dbf1c201328bb692a5775ee1547aec0e','1a52f728955823f220dfe3d5fa554a95a2fa859f'),(728,'https://assets.mhw-db.com/armor/0f4202e72f8acb327c16c5f46a7779dd.ee4ccaf339bb0ef80dd0f97d737409fd1a4742b4.png','0f4202e72f8acb327c16c5f46a7779dd','ee4ccaf339bb0ef80dd0f97d737409fd1a4742b4'),(729,'https://assets.mhw-db.com/armor/0ccb734659322d6a0a5dafe0388a78cf.3b665cdbb46365d200492be477ce687c8220ab6a.png','0ccb734659322d6a0a5dafe0388a78cf','3b665cdbb46365d200492be477ce687c8220ab6a'),(730,'https://assets.mhw-db.com/armor/fb1ea6043bf03f4f4766940fdae551a2.17705ff15b96c8432a779aa72115fdb747eee4c4.png','fb1ea6043bf03f4f4766940fdae551a2','17705ff15b96c8432a779aa72115fdb747eee4c4'),(731,'https://assets.mhw-db.com/armor/9aad5937a17d75aa813af49d5d472495.2176c976a2bc606d09f207cd091f6bb384385de9.png','9aad5937a17d75aa813af49d5d472495','2176c976a2bc606d09f207cd091f6bb384385de9'),(732,'https://assets.mhw-db.com/armor/19501d0413929569b449a4304468c50c.62045b93081a82d139baccb7e96d138347f163db.png','19501d0413929569b449a4304468c50c','62045b93081a82d139baccb7e96d138347f163db'),(733,'https://assets.mhw-db.com/armor/402ea843e7fdc8b890608530c24dd623.d91fc7d415ab51d92885c3c974ebe04cb0d1bbd8.png','402ea843e7fdc8b890608530c24dd623','d91fc7d415ab51d92885c3c974ebe04cb0d1bbd8'),(734,'https://assets.mhw-db.com/armor/0094231faf799bff47cd11d8acd78ce0.7fc20491d0f33a7a9e22fb92cc41947be75a7583.png','0094231faf799bff47cd11d8acd78ce0','7fc20491d0f33a7a9e22fb92cc41947be75a7583'),(735,'https://assets.mhw-db.com/armor/43903be3889bc1525a25adf3efc57403.b275347957de3449826dd7af8954234f063b5ece.png','43903be3889bc1525a25adf3efc57403','b275347957de3449826dd7af8954234f063b5ece'),(736,'https://assets.mhw-db.com/armor/57f70eb202ebfac270a7b85515ef2157.0fb541a7230e9a552269ee58b16fd94f9803d291.png','57f70eb202ebfac270a7b85515ef2157','0fb541a7230e9a552269ee58b16fd94f9803d291'),(737,'https://assets.mhw-db.com/armor/d1f5bc8cfbe145d47f979c1ae4abd381.02e1c5412127062361181a356ae0f1dde4aae74e.png','d1f5bc8cfbe145d47f979c1ae4abd381','02e1c5412127062361181a356ae0f1dde4aae74e'),(738,'https://assets.mhw-db.com/armor/537e54ebaba134dffcace384c63ddba6.ba7b471f9a69509a817ee30b7f34683d1df1bf47.png','537e54ebaba134dffcace384c63ddba6','ba7b471f9a69509a817ee30b7f34683d1df1bf47'),(739,'https://assets.mhw-db.com/armor/f251546862ec550f592bfd221bd2ef6a.8a13e5149a49005eea50e1b378d53438a01f78c4.png','f251546862ec550f592bfd221bd2ef6a','8a13e5149a49005eea50e1b378d53438a01f78c4'),(740,'https://assets.mhw-db.com/armor/c25b63166e67646efe78ef02e8f25cf9.be6f159f053cfb9beecf369492adfc7c4a36caaa.png','c25b63166e67646efe78ef02e8f25cf9','be6f159f053cfb9beecf369492adfc7c4a36caaa'),(741,'https://assets.mhw-db.com/armor/676b49ed95b60402bfbd2ed9f9a54c23.9e5f89045aeb1c696c6ede06f8217020b256fdf5.png','676b49ed95b60402bfbd2ed9f9a54c23','9e5f89045aeb1c696c6ede06f8217020b256fdf5'),(742,'https://assets.mhw-db.com/armor/df6c50458bf5e4c68aafd1566abcadaa.661478f8b248b764610f2ac4d8ced24d0406e088.png','df6c50458bf5e4c68aafd1566abcadaa','661478f8b248b764610f2ac4d8ced24d0406e088'),(743,'https://assets.mhw-db.com/armor/c65c2ed418963f10a3d323e87763019c.5e85762361d041b78e1345a7bfbef7ef3930076b.png','c65c2ed418963f10a3d323e87763019c','5e85762361d041b78e1345a7bfbef7ef3930076b'),(744,'https://assets.mhw-db.com/armor/90d149d7fc734682c024659f28a5f8ce.0fda8ef7f11f7814893ba8f969aaa599e32e724a.png','90d149d7fc734682c024659f28a5f8ce','0fda8ef7f11f7814893ba8f969aaa599e32e724a'),(745,'https://assets.mhw-db.com/armor/def1ac923fea43ea69edb1971d89234d.375c56f0bd9253a077ea9941c608aba9e30bd55f.png','def1ac923fea43ea69edb1971d89234d','375c56f0bd9253a077ea9941c608aba9e30bd55f'),(746,'https://assets.mhw-db.com/armor/bdf79d74e185d4ba531b2907893a0d91.fcfeaa77253da720d743d4e9c03d5da73b7fb62c.png','bdf79d74e185d4ba531b2907893a0d91','fcfeaa77253da720d743d4e9c03d5da73b7fb62c'),(747,'https://assets.mhw-db.com/armor/b5e46c11b5acd8f4ab8b3602357625d4.6d2c0e1adea09db8e27c6bd51beaa776ace2f741.png','b5e46c11b5acd8f4ab8b3602357625d4','6d2c0e1adea09db8e27c6bd51beaa776ace2f741'),(748,'https://assets.mhw-db.com/armor/edbbc47de1952ac5159ebb8e0745b22b.35fa677dc664d9a8a671bd17c96afc3e6d54deb5.png','edbbc47de1952ac5159ebb8e0745b22b','35fa677dc664d9a8a671bd17c96afc3e6d54deb5'),(749,'https://assets.mhw-db.com/armor/c528bd1cb9662b2b1449d45b3d26dea7.a9604d07c746f2b05a34126f6934c3cb9f2d9f50.png','c528bd1cb9662b2b1449d45b3d26dea7','a9604d07c746f2b05a34126f6934c3cb9f2d9f50'),(750,'https://assets.mhw-db.com/armor/e98073e23646845e9f57098a61742cd8.b8dff8fbd031d088be39fa0f27be473bad16086e.png','e98073e23646845e9f57098a61742cd8','b8dff8fbd031d088be39fa0f27be473bad16086e'),(751,'https://assets.mhw-db.com/armor/17a9c4b0e84f4a65baa4a833ff469caf.8d1e8480c816dcf70119d515f02f72bdee5c6cbf.png','17a9c4b0e84f4a65baa4a833ff469caf','8d1e8480c816dcf70119d515f02f72bdee5c6cbf'),(752,'https://assets.mhw-db.com/armor/e181c88d90145b8dd4c566cfc860a789.ef9684001e01feb004dd22d1eeac5d2083881ba0.png','e181c88d90145b8dd4c566cfc860a789','ef9684001e01feb004dd22d1eeac5d2083881ba0'),(753,'https://assets.mhw-db.com/armor/6b6473e3949bc0718b687b1a53e61129.22d4a75e0e63b4c0de294f1d4938adeedf7a1f6d.png','6b6473e3949bc0718b687b1a53e61129','22d4a75e0e63b4c0de294f1d4938adeedf7a1f6d'),(754,'https://assets.mhw-db.com/armor/ebad1b50930ca6be5c77806d13f8c02d.f8145c19277f838e749c5c45f1ed3f4502a88971.png','ebad1b50930ca6be5c77806d13f8c02d','f8145c19277f838e749c5c45f1ed3f4502a88971'),(755,'https://assets.mhw-db.com/armor/b953d49a1618edf37ee3d01e88a1b044.a69d0503d0f938add7243364ebc61129bb13f9c5.png','b953d49a1618edf37ee3d01e88a1b044','a69d0503d0f938add7243364ebc61129bb13f9c5'),(756,'https://assets.mhw-db.com/armor/421f18f840b4c47b9cfabe132afbb109.9e6c8086b839d70650b7e2004c8c9130b1fd95e3.png','421f18f840b4c47b9cfabe132afbb109','9e6c8086b839d70650b7e2004c8c9130b1fd95e3'),(757,'https://assets.mhw-db.com/armor/9b1cf36efe04a9061674b379bff60fb8.09c56d7bbefcbd489d11c22814d0defc1129ef11.png','9b1cf36efe04a9061674b379bff60fb8','09c56d7bbefcbd489d11c22814d0defc1129ef11'),(758,'https://assets.mhw-db.com/armor/30c226433cedeaabd48c75baae1bcc6f.9733c4709a9c556f72f28da4c5061acbe74fcbb7.png','30c226433cedeaabd48c75baae1bcc6f','9733c4709a9c556f72f28da4c5061acbe74fcbb7'),(759,'https://assets.mhw-db.com/armor/360b858881d29fd6bbb65ef722a15e9a.2679c8e4e3a168a01ab6f124a46a7f0e2e7a8afc.png','360b858881d29fd6bbb65ef722a15e9a','2679c8e4e3a168a01ab6f124a46a7f0e2e7a8afc'),(760,'https://assets.mhw-db.com/armor/c5872c6e11da6920bf1a46ba38cb862c.3e43cbd66f618a180ae78c09dacd593d1c316bb1.png','c5872c6e11da6920bf1a46ba38cb862c','3e43cbd66f618a180ae78c09dacd593d1c316bb1'),(761,'https://assets.mhw-db.com/armor/9e8ea228e4160b7a3062842833270368.dfd345ed061934d6d2b57ed2acefc3b46941c1da.png','9e8ea228e4160b7a3062842833270368','dfd345ed061934d6d2b57ed2acefc3b46941c1da'),(762,'https://assets.mhw-db.com/armor/4443dab7657de1abc1820b60ed81724d.6ddc776a72d64621dec3b7d20be4e5459e3c104f.png','4443dab7657de1abc1820b60ed81724d','6ddc776a72d64621dec3b7d20be4e5459e3c104f'),(763,'https://assets.mhw-db.com/armor/b3128ab098af0c31951fb0d8d38305b8.73a2bb0fa20e7182c747f13fa2ffdc454fda3a3f.png','b3128ab098af0c31951fb0d8d38305b8','73a2bb0fa20e7182c747f13fa2ffdc454fda3a3f'),(764,'https://assets.mhw-db.com/armor/6e70b5cea2436cdc9ef2069254c3ee4c.4cb0364a7efe3b15b4e6a6a8043f8703068664c6.png','6e70b5cea2436cdc9ef2069254c3ee4c','4cb0364a7efe3b15b4e6a6a8043f8703068664c6'),(765,'https://assets.mhw-db.com/armor/7ab3878e3ea2a82f881a1c961a35bf7a.b4ee88762dcaeb0b0bd3098c42e158e117e062c7.png','7ab3878e3ea2a82f881a1c961a35bf7a','b4ee88762dcaeb0b0bd3098c42e158e117e062c7'),(766,'https://assets.mhw-db.com/armor/8cbd23d9dcc03e8a40e6e5e3b57f4220.ddfb455bd3dbbbad929aa1f2bfe379ca10657ee0.png','8cbd23d9dcc03e8a40e6e5e3b57f4220','ddfb455bd3dbbbad929aa1f2bfe379ca10657ee0'),(767,'https://assets.mhw-db.com/armor/fa9ee830a04354e01167723cf46809a5.34c6002e50f9dfb405d7b5ac37e411a7650cb331.png','fa9ee830a04354e01167723cf46809a5','34c6002e50f9dfb405d7b5ac37e411a7650cb331'),(768,'https://assets.mhw-db.com/armor/e6c2818ff1f46b43d6b2ac2008c6dedd.3c0ddc7502bfe9881caca3c7eae30647ab8e6c38.png','e6c2818ff1f46b43d6b2ac2008c6dedd','3c0ddc7502bfe9881caca3c7eae30647ab8e6c38'),(769,'https://assets.mhw-db.com/armor/cf7dffc585ef9ee5c91945b33be991a7.26ceb0123ea6327b3620e5c338f296a9238e2814.png','cf7dffc585ef9ee5c91945b33be991a7','26ceb0123ea6327b3620e5c338f296a9238e2814'),(770,'https://assets.mhw-db.com/armor/7b70e88352f689f4dd3feb86fbfd2bec.a631bcedd623a32daf22af12fed3eaf621f85ccd.png','7b70e88352f689f4dd3feb86fbfd2bec','a631bcedd623a32daf22af12fed3eaf621f85ccd'),(771,'https://assets.mhw-db.com/armor/fa297764dd9f68fc97be6d2bb5f480b9.a8f4fdc27c72b6ca0c72a3168b485e5327469e1f.png','fa297764dd9f68fc97be6d2bb5f480b9','a8f4fdc27c72b6ca0c72a3168b485e5327469e1f'),(772,'https://assets.mhw-db.com/armor/7a50078036c0fbeb1199b50c72aaef94.d5191e5c6d041008176cc3caa8419687f0e3ad49.png','7a50078036c0fbeb1199b50c72aaef94','d5191e5c6d041008176cc3caa8419687f0e3ad49'),(773,'https://assets.mhw-db.com/armor/90505f2bbedd57593248470828c4ac58.bcea3773d9eb5d979fec8bbd5ec85b545b0b6fbc.png','90505f2bbedd57593248470828c4ac58','bcea3773d9eb5d979fec8bbd5ec85b545b0b6fbc'),(774,'https://assets.mhw-db.com/armor/6b6edfb4c95672adc2a467f759c74488.6f68397dfc3ae4c66519788041c1ad21f88d85c8.png','6b6edfb4c95672adc2a467f759c74488','6f68397dfc3ae4c66519788041c1ad21f88d85c8'),(775,'https://assets.mhw-db.com/armor/25d9ff98cc27f08ab567bcce9418fab9.fa67bca81e4c53fe588b6109aa5fcaa230825e11.png','25d9ff98cc27f08ab567bcce9418fab9','fa67bca81e4c53fe588b6109aa5fcaa230825e11'),(776,'https://assets.mhw-db.com/armor/62041cc17037c94304765b1c8274d630.df8c89cf24d6d02a2eb906feb86070ba7033fef7.png','62041cc17037c94304765b1c8274d630','df8c89cf24d6d02a2eb906feb86070ba7033fef7'),(777,'https://assets.mhw-db.com/armor/a393b7a49fc98f44b31df2bfa58410be.6bc6d5efe91bc9532dc79fd241cdf32dc85f90d5.png','a393b7a49fc98f44b31df2bfa58410be','6bc6d5efe91bc9532dc79fd241cdf32dc85f90d5'),(778,'https://assets.mhw-db.com/armor/d8c514ca2dd1b2ba059d748b2d1f8e39.2881063dc33d592079061e0f029595fd2266d664.png','d8c514ca2dd1b2ba059d748b2d1f8e39','2881063dc33d592079061e0f029595fd2266d664'),(779,'https://assets.mhw-db.com/armor/b637b2c1d604aae16824d08ae244d026.3c5a240dffadb3fcf54614c27e0ed9f35a04cd2b.png','b637b2c1d604aae16824d08ae244d026','3c5a240dffadb3fcf54614c27e0ed9f35a04cd2b'),(780,'https://assets.mhw-db.com/armor/d73385424388ceb08fcd559e42622abd.f102566a1d422b672ef05c65c5a4334005759aab.png','d73385424388ceb08fcd559e42622abd','f102566a1d422b672ef05c65c5a4334005759aab'),(781,'https://assets.mhw-db.com/armor/f8bf7d62c9734488b2dba9b121d5c38d.f35bf0da430f5a04157c6e2587bcb59a1bb94db0.png','f8bf7d62c9734488b2dba9b121d5c38d','f35bf0da430f5a04157c6e2587bcb59a1bb94db0'),(782,'https://assets.mhw-db.com/armor/6a3304b08cff34af35e2406c91695382.4cf21f295f4136ef78db1c1261f328359feecba5.png','6a3304b08cff34af35e2406c91695382','4cf21f295f4136ef78db1c1261f328359feecba5'),(783,'https://assets.mhw-db.com/armor/7a232c86fd59ebe7a2dc21639fea285b.f9d362a9db0a9289ffee5dd98f9a76cc7ce05641.png','7a232c86fd59ebe7a2dc21639fea285b','f9d362a9db0a9289ffee5dd98f9a76cc7ce05641'),(784,'https://assets.mhw-db.com/armor/4a17323e783923c6f4e164e9e2ed8985.15c8fa456d42cb33fb5718200e59550aa3744eb8.png','4a17323e783923c6f4e164e9e2ed8985','15c8fa456d42cb33fb5718200e59550aa3744eb8'),(785,'https://assets.mhw-db.com/armor/56d0ac97f2df784045fdabcc5e3422db.92118f7a36236ca7a3b449ab7f3924a90c4d23c8.png','56d0ac97f2df784045fdabcc5e3422db','92118f7a36236ca7a3b449ab7f3924a90c4d23c8'),(786,'https://assets.mhw-db.com/armor/a2b8665ace1a9a464104dd163fb83d77.5e2fbc6b22aa06176bbb4ff2a9fe3fde962d032e.png','a2b8665ace1a9a464104dd163fb83d77','5e2fbc6b22aa06176bbb4ff2a9fe3fde962d032e'),(787,'https://assets.mhw-db.com/armor/89eeb1f83de86d34d723e7875c9d2378.471ca1f926b501d7232946c73231023abf58fb7b.png','89eeb1f83de86d34d723e7875c9d2378','471ca1f926b501d7232946c73231023abf58fb7b'),(788,'https://assets.mhw-db.com/armor/c52cb2a5efde2be9d3be686771c47cf3.526f80a4606f2dfedc25d06af72392d8de75f714.png','c52cb2a5efde2be9d3be686771c47cf3','526f80a4606f2dfedc25d06af72392d8de75f714'),(789,'https://assets.mhw-db.com/armor/9cea1cf05bc78feb2cc4ba546b6b5182.9a13b4fd886405a34bdcea16953df12da333c51c.png','9cea1cf05bc78feb2cc4ba546b6b5182','9a13b4fd886405a34bdcea16953df12da333c51c'),(790,'https://assets.mhw-db.com/armor/d36bd57d3d6bd3e8558d6caeff828ab0.23ac225ddc970ceaf8e1b7dc5f6d6f6ec51e983a.png','d36bd57d3d6bd3e8558d6caeff828ab0','23ac225ddc970ceaf8e1b7dc5f6d6f6ec51e983a'),(791,'https://assets.mhw-db.com/armor/851ba392f8bd2ce2142239a7a671372e.ee335d2e31e6f5c9652f049f5bac2d35d92280e1.png','851ba392f8bd2ce2142239a7a671372e','ee335d2e31e6f5c9652f049f5bac2d35d92280e1'),(792,'https://assets.mhw-db.com/armor/01985b19bd1ceb10e0d63cb54c3cf360.8627b1ab7778d7f6c993a6f37f79a202b3a22c41.png','01985b19bd1ceb10e0d63cb54c3cf360','8627b1ab7778d7f6c993a6f37f79a202b3a22c41'),(793,'https://assets.mhw-db.com/armor/c642bc3ee27c280746a796b1367cd194.a7e69b472e00a314035a0f775aafd83085736153.png','c642bc3ee27c280746a796b1367cd194','a7e69b472e00a314035a0f775aafd83085736153'),(794,'https://assets.mhw-db.com/armor/11a0b9ccd5e41ef6eee5b63d908b914d.0fe6c6ccc432b23b93112f239f9ac26d9d3b432e.png','11a0b9ccd5e41ef6eee5b63d908b914d','0fe6c6ccc432b23b93112f239f9ac26d9d3b432e'),(795,'https://assets.mhw-db.com/armor/fabd7eb0a9e891dd46131dc40dddca41.d49a72d81d414cd217298d133854a57f460f6550.png','fabd7eb0a9e891dd46131dc40dddca41','d49a72d81d414cd217298d133854a57f460f6550'),(796,'https://assets.mhw-db.com/armor/cac6fddb30f7078e450e1d50291e966d.de1bb80968672a9cf3f81f492b1121fc95d8f1c7.png','cac6fddb30f7078e450e1d50291e966d','de1bb80968672a9cf3f81f492b1121fc95d8f1c7'),(797,'https://assets.mhw-db.com/armor/9fb9cf771d011cea7596fa5fd489b7d6.1709b83da418277ed67c918a86b10e76fdd687f5.png','9fb9cf771d011cea7596fa5fd489b7d6','1709b83da418277ed67c918a86b10e76fdd687f5'),(798,'https://assets.mhw-db.com/armor/e0f392387cc33afc551e41667e1da1ac.2b5bad57d8ebd68c082c7e26469e201f0c99c549.png','e0f392387cc33afc551e41667e1da1ac','2b5bad57d8ebd68c082c7e26469e201f0c99c549'),(799,'https://assets.mhw-db.com/armor/222f040d2de7ee02dd51c71617db5b48.9ef2aa45383003afc083a61a69767520966833d5.png','222f040d2de7ee02dd51c71617db5b48','9ef2aa45383003afc083a61a69767520966833d5'),(800,'https://assets.mhw-db.com/armor/8fcbecfeb7d5edbc5be27507425fb0ef.842fe0cbae4ba2624847ae1dce1212ce8f79b2c1.png','8fcbecfeb7d5edbc5be27507425fb0ef','842fe0cbae4ba2624847ae1dce1212ce8f79b2c1'),(801,'https://assets.mhw-db.com/armor/1ad3010013026c03ded62a67dc6cc753.8fed679836d348a826d5e8ae46e8fb9490eb2e06.png','1ad3010013026c03ded62a67dc6cc753','8fed679836d348a826d5e8ae46e8fb9490eb2e06'),(802,'https://assets.mhw-db.com/armor/4e589ae83c91d05b311ccc4fbef5f5fb.5dea863a02588baef99f713bd4fb307937ae37f4.png','4e589ae83c91d05b311ccc4fbef5f5fb','5dea863a02588baef99f713bd4fb307937ae37f4'),(803,'https://assets.mhw-db.com/armor/9fa2cd3a1a7c62c066d4fd08b1634312.4e7f9ce66d73b8da57d3d814efe549048ffff8f2.png','9fa2cd3a1a7c62c066d4fd08b1634312','4e7f9ce66d73b8da57d3d814efe549048ffff8f2'),(804,'https://assets.mhw-db.com/armor/60608362acb4122703141d5941d4473c.c831773078fec20fa01fc213cb1c72cf3811a781.png','60608362acb4122703141d5941d4473c','c831773078fec20fa01fc213cb1c72cf3811a781'),(805,'https://assets.mhw-db.com/armor/101f7123a3fd5ce6b7aaab56e3f72437.ac7a2a2c55d5bce0b73f95e481956c1f1efcde60.png','101f7123a3fd5ce6b7aaab56e3f72437','ac7a2a2c55d5bce0b73f95e481956c1f1efcde60'),(806,'https://assets.mhw-db.com/armor/29bac348cc66de2cf8c9359c9bac393e.e905b4fa6e6b540744a479cec260772bfd8605af.png','29bac348cc66de2cf8c9359c9bac393e','e905b4fa6e6b540744a479cec260772bfd8605af'),(807,'https://assets.mhw-db.com/armor/fb1e6024448f3ab873b079951542db06.3380287b6930be17bae29b6d9d4070fc2ed5d354.png','fb1e6024448f3ab873b079951542db06','3380287b6930be17bae29b6d9d4070fc2ed5d354'),(808,'https://assets.mhw-db.com/armor/96594a17b22ad9c9bdaac2e5eee1b6da.661ff5d2edb8449ded897361836a53ed369f691d.png','96594a17b22ad9c9bdaac2e5eee1b6da','661ff5d2edb8449ded897361836a53ed369f691d'),(809,'https://assets.mhw-db.com/armor/5ab1096d981a1833cc04e54bdabea942.1481512cff57eb17ba1490884cf08cf5ff288ad9.png','5ab1096d981a1833cc04e54bdabea942','1481512cff57eb17ba1490884cf08cf5ff288ad9'),(810,'https://assets.mhw-db.com/armor/bb69d144a142e39a877df8818b296f3d.d34a24ae516852cd433db5bffb26ba7617bbea81.png','bb69d144a142e39a877df8818b296f3d','d34a24ae516852cd433db5bffb26ba7617bbea81'),(811,'https://assets.mhw-db.com/armor/341a84366ddc9c5ddef3761b0ba995f5.9e81288fd49859d095f2604658afd9b23a9abc1c.png','341a84366ddc9c5ddef3761b0ba995f5','9e81288fd49859d095f2604658afd9b23a9abc1c'),(812,'https://assets.mhw-db.com/armor/f92ee28afc313fa247cbfc24f47bbd8c.21fafbb2fa13afef1ef867083d765176df08998d.png','f92ee28afc313fa247cbfc24f47bbd8c','21fafbb2fa13afef1ef867083d765176df08998d'),(813,'https://assets.mhw-db.com/armor/70f21cb6d1f869cfff09632bb2f6578f.7bd254d227405d9ac58f0d0715d855d75b6e93c5.png','70f21cb6d1f869cfff09632bb2f6578f','7bd254d227405d9ac58f0d0715d855d75b6e93c5'),(814,'https://assets.mhw-db.com/armor/feb39d0b9dde3b1f7d5c58aa9566b643.75c09f8eebcd465caa0358d0370375aa301b307a.png','feb39d0b9dde3b1f7d5c58aa9566b643','75c09f8eebcd465caa0358d0370375aa301b307a'),(815,'https://assets.mhw-db.com/armor/346916313085915311715333533dca01.368a79f80bbe30d0d25eac7d59ab5aa7577ec495.png','346916313085915311715333533dca01','368a79f80bbe30d0d25eac7d59ab5aa7577ec495'),(816,'https://assets.mhw-db.com/armor/e258e46ea48237df605b370140b5e83b.bb1e6f8901c37130e06d749431fa2bb39a698b66.png','e258e46ea48237df605b370140b5e83b','bb1e6f8901c37130e06d749431fa2bb39a698b66'),(817,'https://assets.mhw-db.com/armor/23da372441c62cf52698f8a9f752b090.597422d98cea17a753b064bb1bff5fbf15c3e454.png','23da372441c62cf52698f8a9f752b090','597422d98cea17a753b064bb1bff5fbf15c3e454'),(818,'https://assets.mhw-db.com/armor/1d6614336cde662dd30952682f88e22a.d1cd91db5952e90105644e717f69236c5c0d0174.png','1d6614336cde662dd30952682f88e22a','d1cd91db5952e90105644e717f69236c5c0d0174'),(819,'https://assets.mhw-db.com/armor/b1e330e44d76f3d6815f9d01ce4a869b.090ec157631e633ced3e7ed9aeb3ecaf93bc7be5.png','b1e330e44d76f3d6815f9d01ce4a869b','090ec157631e633ced3e7ed9aeb3ecaf93bc7be5'),(820,'https://assets.mhw-db.com/armor/90df073770bc25a1acf6cd6a6c15ee97.b4537a802610a0dcb7b2312fa935c889f2f69cec.png','90df073770bc25a1acf6cd6a6c15ee97','b4537a802610a0dcb7b2312fa935c889f2f69cec'),(821,'https://assets.mhw-db.com/armor/e1c8a1f76662a8cf529069acee41b7b8.27be19626db57c537d04932cff1df27d4b31c802.png','e1c8a1f76662a8cf529069acee41b7b8','27be19626db57c537d04932cff1df27d4b31c802'),(822,'https://assets.mhw-db.com/armor/0f6cafa486fe41e857166d62a7059fd4.f5bf3bcbc50bad7ab5c7cb1949d76671be2eaa5a.png','0f6cafa486fe41e857166d62a7059fd4','f5bf3bcbc50bad7ab5c7cb1949d76671be2eaa5a'),(823,'https://assets.mhw-db.com/armor/a521507489f8539f57b8cf74b16cadb1.c7afcb8d0be539203c9f4b69be06a6c8e1f2800d.png','a521507489f8539f57b8cf74b16cadb1','c7afcb8d0be539203c9f4b69be06a6c8e1f2800d'),(824,'https://assets.mhw-db.com/armor/93854429b21dc717a64ea0c86b00bd5c.d09796bdac6d6f9dad682548234398e9847e638f.png','93854429b21dc717a64ea0c86b00bd5c','d09796bdac6d6f9dad682548234398e9847e638f'),(825,'https://assets.mhw-db.com/armor/ad5b5622f815098cbf6b92dcb756b2e0.4f1dba4ce2252e0262f9ee2ead459a117fa074cf.png','ad5b5622f815098cbf6b92dcb756b2e0','4f1dba4ce2252e0262f9ee2ead459a117fa074cf'),(826,'https://assets.mhw-db.com/armor/291f230bf429f270a268faeafc27f4de.419a272accbe2ea66580e520e4eea4b25beac20c.png','291f230bf429f270a268faeafc27f4de','419a272accbe2ea66580e520e4eea4b25beac20c'),(827,'https://assets.mhw-db.com/armor/4fe87d63faa3494a54db667b6e5b2fca.c4bc63750f911f9ed84fc2b68a57d6a50961d039.png','4fe87d63faa3494a54db667b6e5b2fca','c4bc63750f911f9ed84fc2b68a57d6a50961d039'),(828,'https://assets.mhw-db.com/armor/493f1483567c509edb6bba03efe3748d.d11f308aa54d471a3316762b4cc77edccc5d62ad.png','493f1483567c509edb6bba03efe3748d','d11f308aa54d471a3316762b4cc77edccc5d62ad'),(829,'https://assets.mhw-db.com/armor/bcf6f754439ae6b40b7124e90caf68ea.dc1692e933ad5bba6aa93c55773317c650de3a91.png','bcf6f754439ae6b40b7124e90caf68ea','dc1692e933ad5bba6aa93c55773317c650de3a91'),(830,'https://assets.mhw-db.com/armor/77b10a6a892d2bc90aeb40ee44183a3a.65cd02810425c53849836817f63d2c9409a21251.png','77b10a6a892d2bc90aeb40ee44183a3a','65cd02810425c53849836817f63d2c9409a21251'),(831,'https://assets.mhw-db.com/armor/d23e4bd06196d57fd31caf048e9f5dee.6d297d1821fc09dd65999670936412657cb52775.png','d23e4bd06196d57fd31caf048e9f5dee','6d297d1821fc09dd65999670936412657cb52775'),(832,'https://assets.mhw-db.com/armor/c13c8fe64c3896f06215c0a30b8a6f45.349a19c2e84735778c8a7d6d9031453f0bd30247.png','c13c8fe64c3896f06215c0a30b8a6f45','349a19c2e84735778c8a7d6d9031453f0bd30247'),(833,'https://assets.mhw-db.com/armor/bfd7b88f254ee1c0cf4425a1b92f5cce.79e1e81e2278ffce0d3fe18d4235422c391a82a2.png','bfd7b88f254ee1c0cf4425a1b92f5cce','79e1e81e2278ffce0d3fe18d4235422c391a82a2'),(834,'https://assets.mhw-db.com/armor/d4508beb00c86c0fe5ddde35efaaa058.05f461b89bc49e560a7b1f83329539da1600c182.png','d4508beb00c86c0fe5ddde35efaaa058','05f461b89bc49e560a7b1f83329539da1600c182'),(835,'https://assets.mhw-db.com/armor/fe33fe6d30cdadc744edfb5cc128b7b9.2c4e54391da1b9555761bf74e1a24a5bbee323e7.png','fe33fe6d30cdadc744edfb5cc128b7b9','2c4e54391da1b9555761bf74e1a24a5bbee323e7'),(836,'https://assets.mhw-db.com/armor/139b9629315230919763b4b7c3a8b752.2099c1de86561c43ecd3f65e24ab1e4ab3ef32d0.png','139b9629315230919763b4b7c3a8b752','2099c1de86561c43ecd3f65e24ab1e4ab3ef32d0'),(837,'https://assets.mhw-db.com/armor/7a46693982315e99283e1940d3ff8453.799f5362ab88b4589fdcc943ecaf2631b232fa7c.png','7a46693982315e99283e1940d3ff8453','799f5362ab88b4589fdcc943ecaf2631b232fa7c'),(838,'https://assets.mhw-db.com/armor/042e84eaf1984334186eac07e2a9bdd5.617f3400739239fbaeaab90ff6fe1b559b58e7a4.png','042e84eaf1984334186eac07e2a9bdd5','617f3400739239fbaeaab90ff6fe1b559b58e7a4'),(839,'https://assets.mhw-db.com/armor/cfee16c7eaa986cd2051767a3ead382c.440d11ea26dfb06c44e2257bac0b16fad8e42576.png','cfee16c7eaa986cd2051767a3ead382c','440d11ea26dfb06c44e2257bac0b16fad8e42576'),(840,'https://assets.mhw-db.com/armor/239154575fd8fef88e68088a3ba6f9f7.94fbc88f8bc073928649079825454fd0e0d93ec9.png','239154575fd8fef88e68088a3ba6f9f7','94fbc88f8bc073928649079825454fd0e0d93ec9'),(841,'https://assets.mhw-db.com/armor/74078a15c02a9b3442ca61e77cd7c75b.bbc6152eb44e9724f1b642913cebab9f63cfa831.png','74078a15c02a9b3442ca61e77cd7c75b','bbc6152eb44e9724f1b642913cebab9f63cfa831'),(842,'https://assets.mhw-db.com/armor/726fefb2372bc10cb2edba08ffe7734c.655a534d4ee5b5cbd5f6996a991133c0ea81c303.png','726fefb2372bc10cb2edba08ffe7734c','655a534d4ee5b5cbd5f6996a991133c0ea81c303'),(843,'https://assets.mhw-db.com/armor/2412b24ef6a9ff98e89ef98a02a1ab4e.aead767eb51abcc59f5ada097996b473bbc61a44.png','2412b24ef6a9ff98e89ef98a02a1ab4e','aead767eb51abcc59f5ada097996b473bbc61a44'),(844,'https://assets.mhw-db.com/armor/c7244daef250cd9bab7da8be62849bb0.89f8bb39070567c82e4ca605a69dc8d98fdcad6d.png','c7244daef250cd9bab7da8be62849bb0','89f8bb39070567c82e4ca605a69dc8d98fdcad6d'),(845,'https://assets.mhw-db.com/armor/5ec42166657d9bd1d2cc3f30b8153a54.d5d3e103a166aaf92e94985a4e3336ce8a628d00.png','5ec42166657d9bd1d2cc3f30b8153a54','d5d3e103a166aaf92e94985a4e3336ce8a628d00'),(846,'https://assets.mhw-db.com/armor/77472246927e0c577e047e768abbfbbf.bf4a9734415143a86f6b536af5486a50e7c0891c.png','77472246927e0c577e047e768abbfbbf','bf4a9734415143a86f6b536af5486a50e7c0891c'),(847,'https://assets.mhw-db.com/armor/3126d080fb6b25dae98d43460fd7309f.fbc45c262ec14cdc456cd6e4e264aa3a0c1b0683.png','3126d080fb6b25dae98d43460fd7309f','fbc45c262ec14cdc456cd6e4e264aa3a0c1b0683'),(848,'https://assets.mhw-db.com/armor/2f98a0aa4a2b85c6166fc44ed55ceef4.854d58c52cd0d1c8c572d167d73531c0f249ff65.png','2f98a0aa4a2b85c6166fc44ed55ceef4','854d58c52cd0d1c8c572d167d73531c0f249ff65'),(849,'https://assets.mhw-db.com/armor/2efc2ca64be73ee46b1be4f0f6befcda.0e0194290c157855e7ed948b790cf8b83774ccf9.png','2efc2ca64be73ee46b1be4f0f6befcda','0e0194290c157855e7ed948b790cf8b83774ccf9'),(850,'https://assets.mhw-db.com/armor/a1af1ce7538c4f220a5d131bf8b29fc0.8341728981e23b055a90b27f9998ecdaf1c19a57.png','a1af1ce7538c4f220a5d131bf8b29fc0','8341728981e23b055a90b27f9998ecdaf1c19a57'),(851,'https://assets.mhw-db.com/armor/78e6e32ff137ea2e466913e422a28929.5cc7b3978e4a65d9a68a1a0bc397e2f85a37ea74.png','78e6e32ff137ea2e466913e422a28929','5cc7b3978e4a65d9a68a1a0bc397e2f85a37ea74'),(852,'https://assets.mhw-db.com/armor/c47664efa41b952c5bdfc54b2eee2b68.a07e6d1e6473a67c51d6df27b95674b7077850d5.png','c47664efa41b952c5bdfc54b2eee2b68','a07e6d1e6473a67c51d6df27b95674b7077850d5'),(853,'https://assets.mhw-db.com/armor/0d57a93d246597046c9baba54af929bc.cf5a7c9b116215eca474d9673d27a2a75f77ff8e.png','0d57a93d246597046c9baba54af929bc','cf5a7c9b116215eca474d9673d27a2a75f77ff8e'),(854,'https://assets.mhw-db.com/armor/f26c891071c33da64b65aac2ed77d58d.63337c0d3940c8e58218b1b79266abb4d7b5c304.png','f26c891071c33da64b65aac2ed77d58d','63337c0d3940c8e58218b1b79266abb4d7b5c304'),(855,'https://assets.mhw-db.com/armor/1d43f62643a2f7cf6153977f93e7c502.996d31c8c117ae70ac07f8a5cfcc592f26b6986e.png','1d43f62643a2f7cf6153977f93e7c502','996d31c8c117ae70ac07f8a5cfcc592f26b6986e'),(856,'https://assets.mhw-db.com/armor/6606baefd299ba3a7b3eaf71720a83e3.c3139642d588f332607de0add25df548a54ade90.png','6606baefd299ba3a7b3eaf71720a83e3','c3139642d588f332607de0add25df548a54ade90'),(857,'https://assets.mhw-db.com/armor/971568c7311f841d2b906d4348c3aeae.dae7bffce1d0050b517f38649bda7c4f38d7a3f4.png','971568c7311f841d2b906d4348c3aeae','dae7bffce1d0050b517f38649bda7c4f38d7a3f4'),(858,'https://assets.mhw-db.com/armor/c242663021a5f84653ecbbc5775dfd6a.4709d9c0d03d7a8822273fe4293250014efedfda.png','c242663021a5f84653ecbbc5775dfd6a','4709d9c0d03d7a8822273fe4293250014efedfda'),(859,'https://assets.mhw-db.com/armor/c7e81fa959098bc369c70d6b6e20c06c.aa3e30111962862335d39af3ebb1dd32b8c1be6e.png','c7e81fa959098bc369c70d6b6e20c06c','aa3e30111962862335d39af3ebb1dd32b8c1be6e'),(860,'https://assets.mhw-db.com/armor/68c7ec701eb9ad74bacc4898aba15142.edfcb025d42d0b72ebfe5daa0e6392708c74c296.png','68c7ec701eb9ad74bacc4898aba15142','edfcb025d42d0b72ebfe5daa0e6392708c74c296'),(861,'https://assets.mhw-db.com/armor/8ee5da468116666edded201bfa5b8c4e.8d4e2a725b272ff8f573b1e403f294d6eca1e078.png','8ee5da468116666edded201bfa5b8c4e','8d4e2a725b272ff8f573b1e403f294d6eca1e078'),(862,'https://assets.mhw-db.com/armor/a07a3604cde15e2ce8defa2a47971452.b1c80a530623a56aff6cc42c85adaf70300a5950.png','a07a3604cde15e2ce8defa2a47971452','b1c80a530623a56aff6cc42c85adaf70300a5950'),(863,'https://assets.mhw-db.com/armor/9dac6a78fb267fe55b488b529bd1a5c9.71f20cbaf7df7fb3801a480aff138790af168950.png','9dac6a78fb267fe55b488b529bd1a5c9','71f20cbaf7df7fb3801a480aff138790af168950'),(864,'https://assets.mhw-db.com/armor/b885d60eddc790e5ec2a9036ebcbac3f.4e89615cdae1af61336382ce1d203c1c0f8414a4.png','b885d60eddc790e5ec2a9036ebcbac3f','4e89615cdae1af61336382ce1d203c1c0f8414a4'),(865,'https://assets.mhw-db.com/armor/80de6b275fa13f9787f48d036ab2f866.798e81515efec320475eab3d5e969822ced80997.png','80de6b275fa13f9787f48d036ab2f866','798e81515efec320475eab3d5e969822ced80997'),(866,'https://assets.mhw-db.com/armor/9c27d2d3e366313ed15a9cb2a716bf09.aa35f39543474f73ba707096a75388fb1c2b70ef.png','9c27d2d3e366313ed15a9cb2a716bf09','aa35f39543474f73ba707096a75388fb1c2b70ef'),(867,'https://assets.mhw-db.com/armor/cc370716c676e71bb2d80838d4b41458.a66d394fa38f852b24ef9501cc2b57d0872826c3.png','cc370716c676e71bb2d80838d4b41458','a66d394fa38f852b24ef9501cc2b57d0872826c3'),(868,'https://assets.mhw-db.com/armor/fcec4e211a413887c47097ca9bfee6c1.f61c6f27732549c88fab3466721d38f74f456809.png','fcec4e211a413887c47097ca9bfee6c1','f61c6f27732549c88fab3466721d38f74f456809'),(869,'https://assets.mhw-db.com/armor/08ae4add995f5ae916f1230812bc0135.2084b1db5d0c732496679c7190a3722818a958e8.png','08ae4add995f5ae916f1230812bc0135','2084b1db5d0c732496679c7190a3722818a958e8'),(870,'https://assets.mhw-db.com/armor/f07620d719f54628f54c69930923a270.2d5192f2c4cc70a0aaaad2003a1016227f0c8299.png','f07620d719f54628f54c69930923a270','2d5192f2c4cc70a0aaaad2003a1016227f0c8299'),(871,'https://assets.mhw-db.com/armor/ac390acec0f97a4a30196d40db39e91c.97478192f651d37a127491221147a2e85ada8232.png','ac390acec0f97a4a30196d40db39e91c','97478192f651d37a127491221147a2e85ada8232'),(872,'https://assets.mhw-db.com/armor/82bf28b17c1cc2f0a2328afbc181c2bd.db0667583a85fa2967a43027d2c2dbf1d654d687.png','82bf28b17c1cc2f0a2328afbc181c2bd','db0667583a85fa2967a43027d2c2dbf1d654d687'),(873,'https://assets.mhw-db.com/armor/ebea9c239e2927aea7e9e6bd647debb9.dad8055c1cbb90ee250d29dfc8bae7149420ef7d.png','ebea9c239e2927aea7e9e6bd647debb9','dad8055c1cbb90ee250d29dfc8bae7149420ef7d'),(874,'https://assets.mhw-db.com/armor/2933bf54a207bbacab240a3f45ffce55.258f35f91dd02d8f603b7d3ecd6751d1ed7bf385.png','2933bf54a207bbacab240a3f45ffce55','258f35f91dd02d8f603b7d3ecd6751d1ed7bf385'),(875,'https://assets.mhw-db.com/armor/4a71b45cccd9df135f03b0f394944f73.ff8cbccc2ed99462fb5707627528cc32d0540de7.png','4a71b45cccd9df135f03b0f394944f73','ff8cbccc2ed99462fb5707627528cc32d0540de7'),(876,'https://assets.mhw-db.com/armor/3c61608570a645209f24392a1c73693c.f029f3d393c52df5384f2ba9b648129abe9063dd.png','3c61608570a645209f24392a1c73693c','f029f3d393c52df5384f2ba9b648129abe9063dd'),(877,'https://assets.mhw-db.com/armor/9a4cf3032982ad486e1840f54b8b3dbf.b9b59a89f1d27b45f9065c600b8866bc96c63aa6.png','9a4cf3032982ad486e1840f54b8b3dbf','b9b59a89f1d27b45f9065c600b8866bc96c63aa6'),(878,'https://assets.mhw-db.com/armor/77adcc3bffc6f6dea085641ac5986c06.82dbba96203b043070525a88c7862152c2994447.png','77adcc3bffc6f6dea085641ac5986c06','82dbba96203b043070525a88c7862152c2994447'),(879,'https://assets.mhw-db.com/armor/df41109503311233a2cd6588215e3dfc.922655d804dab7ee2065eaba35c2bfa2b4d5058f.png','df41109503311233a2cd6588215e3dfc','922655d804dab7ee2065eaba35c2bfa2b4d5058f'),(880,'https://assets.mhw-db.com/armor/eeb6a7922c02676e7b1d79312d9509cf.99e1e135edb8065781396becc7642b1cf83be419.png','eeb6a7922c02676e7b1d79312d9509cf','99e1e135edb8065781396becc7642b1cf83be419'),(881,'https://assets.mhw-db.com/armor/08308b62cae2c99acc114ad8c83c0128.fdabf89c5d148b95cbabd579a0b09df2add1c2aa.png','08308b62cae2c99acc114ad8c83c0128','fdabf89c5d148b95cbabd579a0b09df2add1c2aa'),(882,'https://assets.mhw-db.com/armor/4e7b76858db72747bd8749810fba5384.b4380d2b58021fe90952fce7ed609382737df6b7.png','4e7b76858db72747bd8749810fba5384','b4380d2b58021fe90952fce7ed609382737df6b7'),(883,'https://assets.mhw-db.com/armor/7fda6f83be784282f10bfe32c792af47.16c82928b4c7464f36621b66edb9aea7c0ac54c3.png','7fda6f83be784282f10bfe32c792af47','16c82928b4c7464f36621b66edb9aea7c0ac54c3'),(884,'https://assets.mhw-db.com/armor/31fb5721ea09794125caae50bdce96a7.407d5a320a3022135a6a4ee7123c80770034ede1.png','31fb5721ea09794125caae50bdce96a7','407d5a320a3022135a6a4ee7123c80770034ede1'),(885,'https://assets.mhw-db.com/armor/5935947a923554e96b097f45413e9a9f.a39b4cc6a0ee8040197364221623d6ae3e463bec.png','5935947a923554e96b097f45413e9a9f','a39b4cc6a0ee8040197364221623d6ae3e463bec'),(886,'https://assets.mhw-db.com/armor/c84d97a3d82795bcfb203ad868a79b3d.c05ea00183c41b50a24d2e5348df08e21a6cb192.png','c84d97a3d82795bcfb203ad868a79b3d','c05ea00183c41b50a24d2e5348df08e21a6cb192'),(887,'https://assets.mhw-db.com/armor/2e2840069b8021b45c459fe1311027a2.713410d9f9e9ad5bc6257f388f6d384de2249341.png','2e2840069b8021b45c459fe1311027a2','713410d9f9e9ad5bc6257f388f6d384de2249341'),(888,'https://assets.mhw-db.com/armor/3bac048ae186adb8c88a1fe0797bb09b.567f73ab455355e40407e77f6e95bb1628e62fbe.png','3bac048ae186adb8c88a1fe0797bb09b','567f73ab455355e40407e77f6e95bb1628e62fbe'),(889,'https://assets.mhw-db.com/armor/61c1a546dd6285f7a31c6dc2ccfe1f87.bab3bd32c4c4e8517b6b9e220f04577e3072b71d.png','61c1a546dd6285f7a31c6dc2ccfe1f87','bab3bd32c4c4e8517b6b9e220f04577e3072b71d'),(890,'https://assets.mhw-db.com/armor/8e33968be35e0cce4d09e4e19e9c90e0.219de4db2825f857c28f53fc03c30122bb75b1a9.png','8e33968be35e0cce4d09e4e19e9c90e0','219de4db2825f857c28f53fc03c30122bb75b1a9'),(891,'https://assets.mhw-db.com/armor/e4f0e6bfa48b8c1ee51f422f427374eb.04f5214fa3a773ae4f2b9b49ebf41230b227e43f.png','e4f0e6bfa48b8c1ee51f422f427374eb','04f5214fa3a773ae4f2b9b49ebf41230b227e43f'),(892,'https://assets.mhw-db.com/armor/1b0921b617f3d0bf651a9010902bff89.c546ba78e9d76effd1f4b43158f97f4978bbe66e.png','1b0921b617f3d0bf651a9010902bff89','c546ba78e9d76effd1f4b43158f97f4978bbe66e'),(893,'https://assets.mhw-db.com/armor/b7521f4ca533bc4d64b07815a446c0cc.b806d0be2934d468f04392f2b282c985f5c50498.png','b7521f4ca533bc4d64b07815a446c0cc','b806d0be2934d468f04392f2b282c985f5c50498'),(894,'https://assets.mhw-db.com/armor/a59bce3922906ff9a1512982f097285f.a97b10c25b20af1e8e412220a925b91856304bdf.png','a59bce3922906ff9a1512982f097285f','a97b10c25b20af1e8e412220a925b91856304bdf'),(895,'https://assets.mhw-db.com/armor/c7baf92cd80093cb695a7f00bd18392a.546f404f11ee84fcce0b5ff4b67495048645c6cf.png','c7baf92cd80093cb695a7f00bd18392a','546f404f11ee84fcce0b5ff4b67495048645c6cf'),(896,'https://assets.mhw-db.com/armor/32bb554bd9beda1e69e26af867066cc2.39b51fbe63ae8c5143e494f9aaf667b87e63cda5.png','32bb554bd9beda1e69e26af867066cc2','39b51fbe63ae8c5143e494f9aaf667b87e63cda5'),(897,'https://assets.mhw-db.com/armor/eaf535906239ee488d414371cde6d341.ae51429d683792b23fd8054659590408999f8e1c.png','eaf535906239ee488d414371cde6d341','ae51429d683792b23fd8054659590408999f8e1c'),(898,'https://assets.mhw-db.com/armor/43765abbd0f67e00d91e9c178b7fbaaa.e3c9141485731f75922b63c94680cc6ee7a72309.png','43765abbd0f67e00d91e9c178b7fbaaa','e3c9141485731f75922b63c94680cc6ee7a72309'),(899,'https://assets.mhw-db.com/armor/b5180e5dde0af7e5519af1106741d9c2.2c523029578464aaf4d532be0007df22b25e971c.png','b5180e5dde0af7e5519af1106741d9c2','2c523029578464aaf4d532be0007df22b25e971c'),(900,'https://assets.mhw-db.com/armor/4e7f92d6c9b4510cef2d0bb4e6e9a143.4672bc277b93436ce60d51218ebf33efe3d09e82.png','4e7f92d6c9b4510cef2d0bb4e6e9a143','4672bc277b93436ce60d51218ebf33efe3d09e82'),(901,'https://assets.mhw-db.com/armor/a68089407ba1f41c8af5bf07865baf24.4166f012785305edc2e1c5e1cf3fd585d855df33.png','a68089407ba1f41c8af5bf07865baf24','4166f012785305edc2e1c5e1cf3fd585d855df33'),(902,'https://assets.mhw-db.com/armor/e5f3acb7d8f6e386e9067b265f72f857.bc3567b345079804fbb8a74445a5413217508fd1.png','e5f3acb7d8f6e386e9067b265f72f857','bc3567b345079804fbb8a74445a5413217508fd1'),(903,'https://assets.mhw-db.com/armor/d8ef27f164d4ed257868121ffe2603a0.dc883f12cf430291278719aa4ffe3a82cb3c3a22.png','d8ef27f164d4ed257868121ffe2603a0','dc883f12cf430291278719aa4ffe3a82cb3c3a22'),(904,'https://assets.mhw-db.com/armor/f3a2f793593d505f5b3ebccfd7fcb2d8.e3155694be7d857c659694609ce03914c1ad3d97.png','f3a2f793593d505f5b3ebccfd7fcb2d8','e3155694be7d857c659694609ce03914c1ad3d97'),(905,'https://assets.mhw-db.com/armor/87e36da59388437bfd98defe92828734.cf03bf88d9b8601cef7f642b4ed007338ea5dd60.png','87e36da59388437bfd98defe92828734','cf03bf88d9b8601cef7f642b4ed007338ea5dd60'),(906,'https://assets.mhw-db.com/armor/06fb12eb0b538c4ca99c8ec91f04a736.b34b66855a2976dc2b0f46bc605380e134194ca1.png','06fb12eb0b538c4ca99c8ec91f04a736','b34b66855a2976dc2b0f46bc605380e134194ca1'),(907,'https://assets.mhw-db.com/armor/adcc490e43495d1e30976fd4305bc854.6a680a6c8706b9351ed9350b9d8fc4721886c92d.png','adcc490e43495d1e30976fd4305bc854','6a680a6c8706b9351ed9350b9d8fc4721886c92d'),(908,'https://assets.mhw-db.com/armor/9a9d2704d1b71c3da4c30caa588f8adc.24ea38cc51d504463177bd02d81fbdb1b12994f7.png','9a9d2704d1b71c3da4c30caa588f8adc','24ea38cc51d504463177bd02d81fbdb1b12994f7'),(909,'https://assets.mhw-db.com/armor/717e2d6fb4894ad8f2fb72eb8f9ea0e6.5b468fccce6abc3e141e813a01d7be24006d8d41.png','717e2d6fb4894ad8f2fb72eb8f9ea0e6','5b468fccce6abc3e141e813a01d7be24006d8d41'),(910,'https://assets.mhw-db.com/armor/15a28f1128980c7706ffca53ea256117.8cd1382e3b59ca78ec7475ac7fb440bb198a9e72.png','15a28f1128980c7706ffca53ea256117','8cd1382e3b59ca78ec7475ac7fb440bb198a9e72'),(911,'https://assets.mhw-db.com/armor/4f955756f18b503691c90d17e01b7ccb.0cef097cf616d5b4d39257aaeb1730ddcf60225c.png','4f955756f18b503691c90d17e01b7ccb','0cef097cf616d5b4d39257aaeb1730ddcf60225c'),(912,'https://assets.mhw-db.com/armor/9cd48328242c537832e860a8284bf143.7075e34880a665ae18e98a3f3d90d53f7767acfd.png','9cd48328242c537832e860a8284bf143','7075e34880a665ae18e98a3f3d90d53f7767acfd'),(913,'https://assets.mhw-db.com/armor/f22234ad597c9a12f00992d85d2a8f74.dda8c3936d9b6b5f0e9f3cb4cf304e7d2613eac0.png','f22234ad597c9a12f00992d85d2a8f74','dda8c3936d9b6b5f0e9f3cb4cf304e7d2613eac0'),(914,'https://assets.mhw-db.com/armor/6a0b8a445d261bc0777e7f2407f0eccb.70a7904f41a09196a565c7154a81ee3f7a98cee5.png','6a0b8a445d261bc0777e7f2407f0eccb','70a7904f41a09196a565c7154a81ee3f7a98cee5'),(915,'https://assets.mhw-db.com/armor/8a262617d13e1bedb406602deddf2022.9a7c7d539beb7a9a30d74f70f78b62d55fc18ac2.png','8a262617d13e1bedb406602deddf2022','9a7c7d539beb7a9a30d74f70f78b62d55fc18ac2'),(916,'https://assets.mhw-db.com/armor/cbb1e984acd4505c6cfd4d66e5459c52.3ff6726618247d0eafec5e7b5a7af042f83deed7.png','cbb1e984acd4505c6cfd4d66e5459c52','3ff6726618247d0eafec5e7b5a7af042f83deed7'),(917,'https://assets.mhw-db.com/armor/e830d390580722aef697cb9187f9112d.7faa2ae6994d2de75806e7c4cd371545dadded1b.png','e830d390580722aef697cb9187f9112d','7faa2ae6994d2de75806e7c4cd371545dadded1b'),(918,'https://assets.mhw-db.com/armor/d25848ba982d9fb54baada8f377e76d5.49565f05b574d6407862eb7c3137a0edae2cf88e.png','d25848ba982d9fb54baada8f377e76d5','49565f05b574d6407862eb7c3137a0edae2cf88e'),(919,'https://assets.mhw-db.com/armor/3d747cdd30963c9334f2bf7afdf6d13e.2fc3b36dfc5b827999623ff3d7e5a18deefaa97a.png','3d747cdd30963c9334f2bf7afdf6d13e','2fc3b36dfc5b827999623ff3d7e5a18deefaa97a'),(920,'https://assets.mhw-db.com/armor/b096a30c5d00ccf08da81d1a8b908324.4adc700835f33a8de892abb6441be1420f6cb749.png','b096a30c5d00ccf08da81d1a8b908324','4adc700835f33a8de892abb6441be1420f6cb749'),(921,'https://assets.mhw-db.com/armor/31e47ce315a75a57a08fd914782cca40.6fa7c36483e395ab10dc453ea05f53efd50668d9.png','31e47ce315a75a57a08fd914782cca40','6fa7c36483e395ab10dc453ea05f53efd50668d9'),(922,'https://assets.mhw-db.com/armor/d01938c72821db3e7e1e6f08a2e594e4.9c9d79116748338840640c19fff4c12273c1d8f7.png','d01938c72821db3e7e1e6f08a2e594e4','9c9d79116748338840640c19fff4c12273c1d8f7'),(923,'https://assets.mhw-db.com/armor/37049802e73d27e1af4748d6d0df59cc.3f1ad17ab9c4360cd0678856d88f7ec098675d23.png','37049802e73d27e1af4748d6d0df59cc','3f1ad17ab9c4360cd0678856d88f7ec098675d23'),(924,'https://assets.mhw-db.com/armor/2761d39467e238ed0b8ee782e6406031.64f1ae22c9e891d78a2cf5233146e0c78f5093f0.png','2761d39467e238ed0b8ee782e6406031','64f1ae22c9e891d78a2cf5233146e0c78f5093f0'),(925,'https://assets.mhw-db.com/armor/ef69a2c5bdd326d9e7101134fa3ca6cd.b0059967dc0012d87a12264aa1cddabc0e47de26.png','ef69a2c5bdd326d9e7101134fa3ca6cd','b0059967dc0012d87a12264aa1cddabc0e47de26'),(926,'https://assets.mhw-db.com/armor/bfd00e7b8232aa20cea7ae6e2a20a479.a2c3f28ca123af9734d5dc2e5112a055dd923b0c.png','bfd00e7b8232aa20cea7ae6e2a20a479','a2c3f28ca123af9734d5dc2e5112a055dd923b0c'),(927,'https://assets.mhw-db.com/armor/8522c3154f972d511d304fafadf1ea44.4844ae31f6547d56bbdb3ae613e5321911278620.png','8522c3154f972d511d304fafadf1ea44','4844ae31f6547d56bbdb3ae613e5321911278620'),(928,'https://assets.mhw-db.com/armor/e4204042a3703bb3d7f5ee4bba150ae9.81fb8bab5fbaf8777c1fdaec6c3a0e0e7f75887b.png','e4204042a3703bb3d7f5ee4bba150ae9','81fb8bab5fbaf8777c1fdaec6c3a0e0e7f75887b'),(929,'https://assets.mhw-db.com/armor/a6c41d22a12af286be734d701bbe22e3.30122240277d7b3bccd167fc22bd3c2a400d151b.png','a6c41d22a12af286be734d701bbe22e3','30122240277d7b3bccd167fc22bd3c2a400d151b'),(930,'https://assets.mhw-db.com/armor/b4c023e659a2fbd90262474f29c7a377.b5578f7a0d12f4f91a5e98ac86abd72ad04fa147.png','b4c023e659a2fbd90262474f29c7a377','b5578f7a0d12f4f91a5e98ac86abd72ad04fa147'),(931,'https://assets.mhw-db.com/armor/e1748ed691d9121ce510db0fb38223a9.6f007e535b90938ca86d7e32528c7e15caaca458.png','e1748ed691d9121ce510db0fb38223a9','6f007e535b90938ca86d7e32528c7e15caaca458'),(932,'https://assets.mhw-db.com/armor/e553628c990d1c5a04bbe88c6362f7a0.ab7f540fac0176fa38353bd72593ee98bc7a8dfc.png','e553628c990d1c5a04bbe88c6362f7a0','ab7f540fac0176fa38353bd72593ee98bc7a8dfc'),(933,'https://assets.mhw-db.com/armor/0d3f257992b740317ef3cd9fdbe34f5c.dde7d68ed4ee3c73cf8c8136adfd4d80eb05b403.png','0d3f257992b740317ef3cd9fdbe34f5c','dde7d68ed4ee3c73cf8c8136adfd4d80eb05b403'),(934,'https://assets.mhw-db.com/armor/6e875a5450ba1d16f42d66f369a4a225.b1104714a2aa57efdccf969b6a3d764472b54c40.png','6e875a5450ba1d16f42d66f369a4a225','b1104714a2aa57efdccf969b6a3d764472b54c40'),(935,'https://assets.mhw-db.com/armor/3a61a09660288a6cee136b565a813023.ad957764e3b2a36c026b9affbc9e6c8554ab34a4.png','3a61a09660288a6cee136b565a813023','ad957764e3b2a36c026b9affbc9e6c8554ab34a4'),(936,'https://assets.mhw-db.com/armor/a5807f91ec104c9293cc5e80715e12bb.f682b37fc41f454ba09be888ef711263324306b1.png','a5807f91ec104c9293cc5e80715e12bb','f682b37fc41f454ba09be888ef711263324306b1'),(937,'https://assets.mhw-db.com/armor/13308ab4143219e673ddf65ad464a6bd.98b873c4851e9fca4f5bc8d7b585956d74a00875.png','13308ab4143219e673ddf65ad464a6bd','98b873c4851e9fca4f5bc8d7b585956d74a00875'),(938,'https://assets.mhw-db.com/armor/54598ca45cec2a1c2c3f2fb5398c291a.48d0c8d7c21091db27588bfeaeec7a5ccbf574ef.png','54598ca45cec2a1c2c3f2fb5398c291a','48d0c8d7c21091db27588bfeaeec7a5ccbf574ef'),(939,'https://assets.mhw-db.com/armor/2362b0204f961c9681b63f638aed845b.9cae8095d3f8c3d34a2ec5f48828fb3a13007206.png','2362b0204f961c9681b63f638aed845b','9cae8095d3f8c3d34a2ec5f48828fb3a13007206'),(940,'https://assets.mhw-db.com/armor/112b153043b8f0cc47614c821fc84240.e4964d9b79e3ec25e02db71dc8f6c2aacab3ad3b.png','112b153043b8f0cc47614c821fc84240','e4964d9b79e3ec25e02db71dc8f6c2aacab3ad3b'),(941,'https://assets.mhw-db.com/armor/b8e0f4fd1f75c3245bdbe71ffca037a4.787a4976d6644cdceba7b573672c3f7e2ce839cf.png','b8e0f4fd1f75c3245bdbe71ffca037a4','787a4976d6644cdceba7b573672c3f7e2ce839cf'),(942,'https://assets.mhw-db.com/armor/22373051953c3ad1abcaccf84fa0f836.d2c4f4b61fff286f185c43ad6b8ed12bf55f59b6.png','22373051953c3ad1abcaccf84fa0f836','d2c4f4b61fff286f185c43ad6b8ed12bf55f59b6'),(943,'https://assets.mhw-db.com/armor/ce0ba30cdc5553ddcf534e98d9176254.651f8c7bbb5178e7f1024f00450fe292ebba8ded.png','ce0ba30cdc5553ddcf534e98d9176254','651f8c7bbb5178e7f1024f00450fe292ebba8ded'),(944,'https://assets.mhw-db.com/armor/cc6aeaa1a31a3123273e2ef03dc98835.482c5e0cfb2eddf2056fcc6f23b3a90cfd0dec89.png','cc6aeaa1a31a3123273e2ef03dc98835','482c5e0cfb2eddf2056fcc6f23b3a90cfd0dec89'),(945,'https://assets.mhw-db.com/armor/a3a4bc11c3907ebb43543f789da06c14.c78560000a0319b1b228a0743737933bad41b92a.png','a3a4bc11c3907ebb43543f789da06c14','c78560000a0319b1b228a0743737933bad41b92a'),(946,'https://assets.mhw-db.com/armor/ba580c92d2ba292849161f221eed9116.30eb1c0cd1b5d881c5d42beeff70fe74259f9f47.png','ba580c92d2ba292849161f221eed9116','30eb1c0cd1b5d881c5d42beeff70fe74259f9f47'),(947,'https://assets.mhw-db.com/armor/aa5d72eea1dbc28a8b1e12867d7bb943.668b0c98f907b14b5b547a2f7eedffce66c68c37.png','aa5d72eea1dbc28a8b1e12867d7bb943','668b0c98f907b14b5b547a2f7eedffce66c68c37'),(948,'https://assets.mhw-db.com/armor/02492640b96816a33677935826c14bc6.526ecaf3a90e55b8397bbd36edd09289e0eea25d.png','02492640b96816a33677935826c14bc6','526ecaf3a90e55b8397bbd36edd09289e0eea25d'),(949,'https://assets.mhw-db.com/armor/1a1b6dd2599cb67adf6ea9bb3523b873.58c11135137096e6211427821669cc71385240ff.png','1a1b6dd2599cb67adf6ea9bb3523b873','58c11135137096e6211427821669cc71385240ff'),(950,'https://assets.mhw-db.com/armor/5a91c581e10e7e14749d67fed9104470.24056c5104d9b8c75443ac595047ce291b1fa2a6.png','5a91c581e10e7e14749d67fed9104470','24056c5104d9b8c75443ac595047ce291b1fa2a6'),(951,'https://assets.mhw-db.com/armor/a7cefd72b3af489cf1530cdbdf4b6ed0.dfa642e1eb37d84b0363ebc57cd876a6b66b5fe4.png','a7cefd72b3af489cf1530cdbdf4b6ed0','dfa642e1eb37d84b0363ebc57cd876a6b66b5fe4'),(952,'https://assets.mhw-db.com/armor/c7e8ef686e6f36bbc8bdde9be8ad6ad9.f9bffe90259fe52a89a8f6619540076d882b12f8.png','c7e8ef686e6f36bbc8bdde9be8ad6ad9','f9bffe90259fe52a89a8f6619540076d882b12f8'),(953,'https://assets.mhw-db.com/armor/066ca136484c22d01317b8961cfe08c4.9e698de0f61f2181455382c9a9e9ec8f4f1f10eb.png','066ca136484c22d01317b8961cfe08c4','9e698de0f61f2181455382c9a9e9ec8f4f1f10eb'),(954,'https://assets.mhw-db.com/armor/1425e7d44ea0fd3f7e76e421aeeec3b9.819f8dd25e85e2e84afacc6e02942a20e8a84cdc.png','1425e7d44ea0fd3f7e76e421aeeec3b9','819f8dd25e85e2e84afacc6e02942a20e8a84cdc'),(955,'https://assets.mhw-db.com/armor/eb8249493c4aa9ea31ea668738e5b9b3.aaa7346b971a11b685e33aa4809e0753a69f514e.png','eb8249493c4aa9ea31ea668738e5b9b3','aaa7346b971a11b685e33aa4809e0753a69f514e'),(956,'https://assets.mhw-db.com/armor/6190b4c774ceca3d658c8195b30236b0.0b93fb5a4f26b806e7494ae0f16f794e40dde1eb.png','6190b4c774ceca3d658c8195b30236b0','0b93fb5a4f26b806e7494ae0f16f794e40dde1eb'),(957,'https://assets.mhw-db.com/armor/1fc7103387149f7baf6212e31d39e17c.2309089b9cd574e6ed14ce929cb43fc679b588c0.png','1fc7103387149f7baf6212e31d39e17c','2309089b9cd574e6ed14ce929cb43fc679b588c0'),(958,'https://assets.mhw-db.com/armor/f2a581355efadd8fbfc66e89bad9b47a.7e45e087e98acbfa73d97dd586ef7086e4d5d232.png','f2a581355efadd8fbfc66e89bad9b47a','7e45e087e98acbfa73d97dd586ef7086e4d5d232'),(959,'https://assets.mhw-db.com/armor/33458a82356640eea3f66533592f8b24.0daf81b67f88ac2728a9ae7bda3568972ea2772b.png','33458a82356640eea3f66533592f8b24','0daf81b67f88ac2728a9ae7bda3568972ea2772b'),(960,'https://assets.mhw-db.com/armor/7bc75f2d4d1520047afee3bfdf84f924.3fcc4cc4581294d6a9b1b7acbf1628b31714a768.png','7bc75f2d4d1520047afee3bfdf84f924','3fcc4cc4581294d6a9b1b7acbf1628b31714a768'),(961,'https://assets.mhw-db.com/armor/efcafeb0ad4d087b34d428ab5429b6af.e0b4f1b5b2679108c26c06e4dbbd16727abf9fe3.png','efcafeb0ad4d087b34d428ab5429b6af','e0b4f1b5b2679108c26c06e4dbbd16727abf9fe3'),(962,'https://assets.mhw-db.com/armor/b2608d6b45318a46e82e7184a89c3b9b.9d6fcb5453d41e2d4059b73a3621cfca24d2cfc9.png','b2608d6b45318a46e82e7184a89c3b9b','9d6fcb5453d41e2d4059b73a3621cfca24d2cfc9'),(963,'https://assets.mhw-db.com/armor/cd16b758ffbef0a17c855524f77af1b1.fdf2fc15c71da3ba301d733549e4ba78e5664537.png','cd16b758ffbef0a17c855524f77af1b1','fdf2fc15c71da3ba301d733549e4ba78e5664537'),(964,'https://assets.mhw-db.com/armor/d2a5e47b726ea5c5afb4175ef958de12.24853a9e408e156ba6d5252899dd602a66417d63.png','d2a5e47b726ea5c5afb4175ef958de12','24853a9e408e156ba6d5252899dd602a66417d63'),(965,'https://assets.mhw-db.com/armor/0eb1ff4dcc93cb50de2a1b3952479ca1.89e9ba73b8d0c0244e858da2aee0cdcb839c28ec.png','0eb1ff4dcc93cb50de2a1b3952479ca1','89e9ba73b8d0c0244e858da2aee0cdcb839c28ec'),(966,'https://assets.mhw-db.com/armor/6f7b8ae01334eb41fe1f2d36c1f8719e.b17b17027ea63d744de5b5d76e2919058b1bb5a8.png','6f7b8ae01334eb41fe1f2d36c1f8719e','b17b17027ea63d744de5b5d76e2919058b1bb5a8'),(967,'https://assets.mhw-db.com/armor/dd841489687b98e4c8903c002157850b.97d6e3e55472cd06ec852c6a417fb0e70df11233.png','dd841489687b98e4c8903c002157850b','97d6e3e55472cd06ec852c6a417fb0e70df11233'),(968,'https://assets.mhw-db.com/armor/e8ba26404155f1a6855d8d2b5a5ec3b6.d10065fc0db901a5ba35459955fa154785a8256e.png','e8ba26404155f1a6855d8d2b5a5ec3b6','d10065fc0db901a5ba35459955fa154785a8256e'),(969,'https://assets.mhw-db.com/armor/8ae5f3e5b2d0e92d6f94e12c432e2d44.a96afdec7eda738c1973803f44da1e080fb3c59f.png','8ae5f3e5b2d0e92d6f94e12c432e2d44','a96afdec7eda738c1973803f44da1e080fb3c59f'),(970,'https://assets.mhw-db.com/armor/dbda1b78f8313eb5a4a6d61ad87b5396.54c47ac76311a7a1555ed61ac05f076b18010fb2.png','dbda1b78f8313eb5a4a6d61ad87b5396','54c47ac76311a7a1555ed61ac05f076b18010fb2'),(971,'https://assets.mhw-db.com/armor/6481c7ad5ab3e2d826a27df660efb12e.bb562ced25871f7bd64de249e97d1c61591f7dbb.png','6481c7ad5ab3e2d826a27df660efb12e','bb562ced25871f7bd64de249e97d1c61591f7dbb'),(972,'https://assets.mhw-db.com/armor/c52905f5217b49f30c1401aa533e5576.b2de52e914cc7838c15d94213d23316e0f5ad6a4.png','c52905f5217b49f30c1401aa533e5576','b2de52e914cc7838c15d94213d23316e0f5ad6a4'),(973,'https://assets.mhw-db.com/armor/58d36932ceb9161ffe92f2030e892890.864f2d482a5c07a114db2e8f893a8d0faf171bd8.png','58d36932ceb9161ffe92f2030e892890','864f2d482a5c07a114db2e8f893a8d0faf171bd8'),(974,'https://assets.mhw-db.com/armor/cef325a941bd1a603a66a3da9e516756.a0463680b7bd18d4e194a26b8b216c6e5ec3c225.png','cef325a941bd1a603a66a3da9e516756','a0463680b7bd18d4e194a26b8b216c6e5ec3c225'),(975,'https://assets.mhw-db.com/armor/d71cee19ea865611832039848ea82ba0.525916e7939fbb78c415c2409d7dd40cf2489f64.png','d71cee19ea865611832039848ea82ba0','525916e7939fbb78c415c2409d7dd40cf2489f64'),(976,'https://assets.mhw-db.com/armor/de6630dd6bd645c6a60e82f2cdf389d9.5caec01fac1c0b911bc473eb66233d57b6562094.png','de6630dd6bd645c6a60e82f2cdf389d9','5caec01fac1c0b911bc473eb66233d57b6562094'),(977,'https://assets.mhw-db.com/armor/59c0ecd15df51d1776d13b9dcb1b5774.4feb4a1eb4269664b83c6148545e7ba2d801902a.png','59c0ecd15df51d1776d13b9dcb1b5774','4feb4a1eb4269664b83c6148545e7ba2d801902a'),(978,'https://assets.mhw-db.com/armor/bf23bdbd0e4064768caeedb12c9d7c82.6e6aa98c95ced9c6c4d0d9ccfa0adacaa03134d6.png','bf23bdbd0e4064768caeedb12c9d7c82','6e6aa98c95ced9c6c4d0d9ccfa0adacaa03134d6'),(979,'https://assets.mhw-db.com/armor/1b065a9a6a0bd416a6bf8c2a7cfa9dde.a4529eb77d331aa5b953650c3df9c9eeae6a1be2.png','1b065a9a6a0bd416a6bf8c2a7cfa9dde','a4529eb77d331aa5b953650c3df9c9eeae6a1be2'),(980,'https://assets.mhw-db.com/armor/fc328845ffaa160a5711697d17c0a301.eda08896c7cba139c3281394c1b9d8d89860c814.png','fc328845ffaa160a5711697d17c0a301','eda08896c7cba139c3281394c1b9d8d89860c814'),(981,'https://assets.mhw-db.com/armor/73b80ee14cc3d553b62025bf82154e46.8ca2f7761ea1d2ceadcc57e66b53b7bfa4b00985.png','73b80ee14cc3d553b62025bf82154e46','8ca2f7761ea1d2ceadcc57e66b53b7bfa4b00985'),(982,'https://assets.mhw-db.com/armor/5432ee03abc2514756e5864c9bf0f3ad.f23c3cbdb8c1cc84c3c2291f1d46ed0d20b77d22.png','5432ee03abc2514756e5864c9bf0f3ad','f23c3cbdb8c1cc84c3c2291f1d46ed0d20b77d22'),(983,'https://assets.mhw-db.com/armor/38e924d9d2a375931c21ec56ce29428a.59897ff7778c3bd846442ac9c6c494a3c9c33cdc.png','38e924d9d2a375931c21ec56ce29428a','59897ff7778c3bd846442ac9c6c494a3c9c33cdc'),(984,'https://assets.mhw-db.com/armor/b45366bdf8ec76f5a96d72fdf457b8d9.234f6f8fa849696cfee6568a1416a74e06024256.png','b45366bdf8ec76f5a96d72fdf457b8d9','234f6f8fa849696cfee6568a1416a74e06024256'),(985,'https://assets.mhw-db.com/armor/1d1cffcf865f8afe1986859214fa8eb1.c1bdec5b715ff08ad6d845fe63a45d0308f77d29.png','1d1cffcf865f8afe1986859214fa8eb1','c1bdec5b715ff08ad6d845fe63a45d0308f77d29'),(986,'https://assets.mhw-db.com/armor/70edaa5b308e289fd8689e99272e4686.3d27e9f97b2af1d395a65b6e5c83219690085413.png','70edaa5b308e289fd8689e99272e4686','3d27e9f97b2af1d395a65b6e5c83219690085413'),(987,'https://assets.mhw-db.com/armor/9b6edd8ff38ff394f50b1cc6b9b4dfdf.16f094c69f5e8145ccd44d588d6ae594e3275204.png','9b6edd8ff38ff394f50b1cc6b9b4dfdf','16f094c69f5e8145ccd44d588d6ae594e3275204'),(988,'https://assets.mhw-db.com/armor/20633e034da53b438f17bffc57da5a70.17c548f0b64a27c4ebb944af3e18cc0c83a422d8.png','20633e034da53b438f17bffc57da5a70','17c548f0b64a27c4ebb944af3e18cc0c83a422d8'),(989,'https://assets.mhw-db.com/armor/6bfa84aad0990aaf8a1ca47f7349f543.48beaec9be16ac94e9d9ecf799d357f1d5bcb845.png','6bfa84aad0990aaf8a1ca47f7349f543','48beaec9be16ac94e9d9ecf799d357f1d5bcb845'),(990,'https://assets.mhw-db.com/armor/7a86300bf4f2217c494e58e45143dcb0.59bd293b7c3579d9712848cffcc59b7d587109e7.png','7a86300bf4f2217c494e58e45143dcb0','59bd293b7c3579d9712848cffcc59b7d587109e7'),(991,'https://assets.mhw-db.com/armor/519424df3263c2d3e719987da6961d5d.a664858e1d7cec8fc4597366ccf43a3cf2ccc3fb.png','519424df3263c2d3e719987da6961d5d','a664858e1d7cec8fc4597366ccf43a3cf2ccc3fb'),(992,'https://assets.mhw-db.com/armor/8b4a1ff65672411be1d4eede55f15c92.6df462b0ab014b3659516a6b929ede82c66a6636.png','8b4a1ff65672411be1d4eede55f15c92','6df462b0ab014b3659516a6b929ede82c66a6636'),(993,'https://assets.mhw-db.com/armor/66797f4ff365f445ddc54d84e22b1eaf.9638d4e43ee57d1020da8550015170d93ca51083.png','66797f4ff365f445ddc54d84e22b1eaf','9638d4e43ee57d1020da8550015170d93ca51083'),(994,'https://assets.mhw-db.com/armor/bc7b5a21409b6786e8715af28b4b402e.655056373f622e7c3cd0fabdf6e57b405b0cba70.png','bc7b5a21409b6786e8715af28b4b402e','655056373f622e7c3cd0fabdf6e57b405b0cba70'),(995,'https://assets.mhw-db.com/armor/75c7072751fd5a736a3407d637bc0890.bc35fa8e8f0ae216a6f2bad7dcf908610d4a8af9.png','75c7072751fd5a736a3407d637bc0890','bc35fa8e8f0ae216a6f2bad7dcf908610d4a8af9'),(996,'https://assets.mhw-db.com/armor/ad52f90033a18c3e95ba4f2db921b542.cd9971d2646a6a4c9283fcdc4722177bedaf9e79.png','ad52f90033a18c3e95ba4f2db921b542','cd9971d2646a6a4c9283fcdc4722177bedaf9e79'),(997,'https://assets.mhw-db.com/armor/0d604af83ae62127a92953ce7f9eb5e2.bacdc2b22b541ba8b4250692a0e689c97cda3478.png','0d604af83ae62127a92953ce7f9eb5e2','bacdc2b22b541ba8b4250692a0e689c97cda3478'),(998,'https://assets.mhw-db.com/armor/7fa1ba434615be7cfc97eef0d68b4cfb.e5a5b2e40c314c21957340e8d1f55cf6197a626d.png','7fa1ba434615be7cfc97eef0d68b4cfb','e5a5b2e40c314c21957340e8d1f55cf6197a626d'),(999,'https://assets.mhw-db.com/armor/c182facb278c62ba33e086eff3c67ece.70a43b997f00a6b4d8c82a3980dc32f9f15de047.png','c182facb278c62ba33e086eff3c67ece','70a43b997f00a6b4d8c82a3980dc32f9f15de047'),(1000,'https://assets.mhw-db.com/armor/11fdf884b7a4dd1cd45db57c206f9286.fa0244d944b9101c68309da9af0929d1de1d87b7.png','11fdf884b7a4dd1cd45db57c206f9286','fa0244d944b9101c68309da9af0929d1de1d87b7'),(1001,'https://assets.mhw-db.com/armor/80ef9c54890af589d262ea6006163ea7.99550e91889fa1087b06d8da666463ba03d87f13.png','80ef9c54890af589d262ea6006163ea7','99550e91889fa1087b06d8da666463ba03d87f13'),(1002,'https://assets.mhw-db.com/armor/3a98d7eea227bea1e121a569d5f1b6da.a08d426ef8b08a60b25e37d0bba381ec62446ce1.png','3a98d7eea227bea1e121a569d5f1b6da','a08d426ef8b08a60b25e37d0bba381ec62446ce1'),(1003,'https://assets.mhw-db.com/armor/8d4a592880197302a288c01b121c5bcd.289a0c2408e1de094635028d0b415315595bd49f.png','8d4a592880197302a288c01b121c5bcd','289a0c2408e1de094635028d0b415315595bd49f'),(1004,'https://assets.mhw-db.com/armor/0673242b66ca22d38fe35e7f901e6257.45d847f1462cfd0b37e94e4198627c4a605e9e30.png','0673242b66ca22d38fe35e7f901e6257','45d847f1462cfd0b37e94e4198627c4a605e9e30'),(1005,'https://assets.mhw-db.com/armor/d79c5864bb4189d389751edfc4b51825.b4afa8f8ad22553aa150f8e4d5e31736f868c411.png','d79c5864bb4189d389751edfc4b51825','b4afa8f8ad22553aa150f8e4d5e31736f868c411'),(1006,'https://assets.mhw-db.com/armor/55a2eee4800712ba32878121aec841bc.7c561fda9b06d799a5eff49a8d4d9d2141ced5fb.png','55a2eee4800712ba32878121aec841bc','7c561fda9b06d799a5eff49a8d4d9d2141ced5fb'),(1007,'https://assets.mhw-db.com/armor/788ea44b58851a4f42635fbb522b7d56.b9a200f66ad29eb65be205c4c08f617343a5275f.png','788ea44b58851a4f42635fbb522b7d56','b9a200f66ad29eb65be205c4c08f617343a5275f'),(1008,'https://assets.mhw-db.com/armor/c94b794f3242b83a463c9ef4c5a079ab.47d0472f314a84b38113e4ed599e53ed156ef6c8.png','c94b794f3242b83a463c9ef4c5a079ab','47d0472f314a84b38113e4ed599e53ed156ef6c8'),(1009,'https://assets.mhw-db.com/armor/9dfee0a879e52ebbcc219314488e2a6f.0163af0b8bbcbd1eb11367117f125c5200110da0.png','9dfee0a879e52ebbcc219314488e2a6f','0163af0b8bbcbd1eb11367117f125c5200110da0'),(1010,'https://assets.mhw-db.com/armor/c14ea2ec5029161aa3aa1b3c1a623d84.6039455dd39b299934c44e67be5a0909451eb131.png','c14ea2ec5029161aa3aa1b3c1a623d84','6039455dd39b299934c44e67be5a0909451eb131'),(1011,'https://assets.mhw-db.com/armor/f13152f363f7c4d0dbbb29916b52e6e1.abc3e89afb792b4bb3282d97aac5e5bc398f06fb.png','f13152f363f7c4d0dbbb29916b52e6e1','abc3e89afb792b4bb3282d97aac5e5bc398f06fb'),(1012,'https://assets.mhw-db.com/armor/8a16e2f11d9a9d1bbd5b8072898a4062.ed4e4d824f2b3c319bb33b4ee0892c549b1ea75b.png','8a16e2f11d9a9d1bbd5b8072898a4062','ed4e4d824f2b3c319bb33b4ee0892c549b1ea75b'),(1013,'https://assets.mhw-db.com/armor/9adcab4622dc08d962601908431b75fc.e7a3e570f7b1a27d2d7e47729e989bb6a3615a71.png','9adcab4622dc08d962601908431b75fc','e7a3e570f7b1a27d2d7e47729e989bb6a3615a71'),(1014,'https://assets.mhw-db.com/armor/e6985b8498c03ba9ce69cc55c18f182c.c8964e66a5317d3965769f704c788728c3e07a2c.png','e6985b8498c03ba9ce69cc55c18f182c','c8964e66a5317d3965769f704c788728c3e07a2c'),(1015,'https://assets.mhw-db.com/armor/5783f21bc94c34f3111e9f5f4d024f0d.4346722e82096b11aab72486d7fee9a79160f3a6.png','5783f21bc94c34f3111e9f5f4d024f0d','4346722e82096b11aab72486d7fee9a79160f3a6'),(1016,'https://assets.mhw-db.com/armor/264eee5acdb2b8ac4c8315096ecad5d6.c0404ff6b87e39fe69c66f2ec82741643a6a0da1.png','264eee5acdb2b8ac4c8315096ecad5d6','c0404ff6b87e39fe69c66f2ec82741643a6a0da1'),(1017,'https://assets.mhw-db.com/armor/2edd5125c15c21443ee425f6d4799b24.c4cbf2027be6d76832dcb0f906d31ebe231bfd9e.png','2edd5125c15c21443ee425f6d4799b24','c4cbf2027be6d76832dcb0f906d31ebe231bfd9e'),(1018,'https://assets.mhw-db.com/armor/2abb54d87285c11ed05c78df659acd01.e19ecc83bac2278152089439284207cc0f83e778.png','2abb54d87285c11ed05c78df659acd01','e19ecc83bac2278152089439284207cc0f83e778'),(1019,'https://assets.mhw-db.com/armor/d3b3fd1da6a1e436148db9519396e18a.87cac0fe01a68b98ae2e2f9b503b4535e75dc0a5.png','d3b3fd1da6a1e436148db9519396e18a','87cac0fe01a68b98ae2e2f9b503b4535e75dc0a5'),(1020,'https://assets.mhw-db.com/armor/8c2dc0a8d12eb4cf3b6fb7dd4587947c.05be0869a60132c7fc0b756141195e1122e41389.png','8c2dc0a8d12eb4cf3b6fb7dd4587947c','05be0869a60132c7fc0b756141195e1122e41389'),(1021,'https://assets.mhw-db.com/armor/9f3f6c435798aa159ce28fd2daff51ba.559837d427d98ce00ee91d650a93d7008dbf3b8d.png','9f3f6c435798aa159ce28fd2daff51ba','559837d427d98ce00ee91d650a93d7008dbf3b8d'),(1022,'https://assets.mhw-db.com/armor/3e5ea15b549a3fcc33e3fc2e9e7b72a4.c05fea2ce056b020abe9351b2b3948050a9feb2c.png','3e5ea15b549a3fcc33e3fc2e9e7b72a4','c05fea2ce056b020abe9351b2b3948050a9feb2c'),(1023,'https://assets.mhw-db.com/armor/3026b89ff2e848e99ee1f3a3da00872f.d120434dcb2840f6852fd0c53c5c5e443e03449d.png','3026b89ff2e848e99ee1f3a3da00872f','d120434dcb2840f6852fd0c53c5c5e443e03449d'),(1024,'https://assets.mhw-db.com/armor/a619283b3277ea8e5d4deefa279c08e7.0b19f2aaafc5fa8d175788efeef57ed0c5a02b33.png','a619283b3277ea8e5d4deefa279c08e7','0b19f2aaafc5fa8d175788efeef57ed0c5a02b33'),(1025,'https://assets.mhw-db.com/armor/c2d59cf2c0edbfb76035092ecb37080e.d2e7bb3f25222ec15b5b955567b1a17b36fe8da8.png','c2d59cf2c0edbfb76035092ecb37080e','d2e7bb3f25222ec15b5b955567b1a17b36fe8da8'),(1026,'https://assets.mhw-db.com/armor/d11b811ae17b61f18ad430441ff989d8.421b8a8f7b8ab24fad5fb1967b634ccce8438882.png','d11b811ae17b61f18ad430441ff989d8','421b8a8f7b8ab24fad5fb1967b634ccce8438882'),(1027,'https://assets.mhw-db.com/armor/a2f919c9ccc52ee07f60da1167a9e9aa.de91490919a42100edd368d9e2422809bb9b0d64.png','a2f919c9ccc52ee07f60da1167a9e9aa','de91490919a42100edd368d9e2422809bb9b0d64'),(1028,'https://assets.mhw-db.com/armor/1a90dd585593ab53e2cd137dee1f171f.ba55df985fd6af98477e1197e1e2b52c7a7d84a4.png','1a90dd585593ab53e2cd137dee1f171f','ba55df985fd6af98477e1197e1e2b52c7a7d84a4'),(1029,'https://assets.mhw-db.com/armor/39a7d194985052e27a124230626ae90c.7315f93931c8f6f7f8ce49df6e47a8e9c881bef2.png','39a7d194985052e27a124230626ae90c','7315f93931c8f6f7f8ce49df6e47a8e9c881bef2'),(1030,'https://assets.mhw-db.com/armor/9c88eb47c543933e465105306bb175f4.1609187602ff337280310e5e10814e3f078bea75.png','9c88eb47c543933e465105306bb175f4','1609187602ff337280310e5e10814e3f078bea75'),(1031,'https://assets.mhw-db.com/armor/ecf3404f57241e2e8e5dcdbfd1d5c272.a71f46067aafc8555dbd3a486eea63238c5c3681.png','ecf3404f57241e2e8e5dcdbfd1d5c272','a71f46067aafc8555dbd3a486eea63238c5c3681'),(1032,'https://assets.mhw-db.com/armor/cd12e9345ebd3e7ccd0c0b9c42ce2e17.c8aba9c375e2be1b52b88b77e77f38aebeebccc0.png','cd12e9345ebd3e7ccd0c0b9c42ce2e17','c8aba9c375e2be1b52b88b77e77f38aebeebccc0'),(1033,'https://assets.mhw-db.com/armor/f5d509fc5ef7efbe7af902ebd6104c59.53cc915c119f48e6a9609e113262d3e26d75517f.png','f5d509fc5ef7efbe7af902ebd6104c59','53cc915c119f48e6a9609e113262d3e26d75517f'),(1034,'https://assets.mhw-db.com/armor/306f5a6b1f0dac1143015b855e84315a.1a7f109a85a2c9f01b4caa92d1406b1cfaa9ea27.png','306f5a6b1f0dac1143015b855e84315a','1a7f109a85a2c9f01b4caa92d1406b1cfaa9ea27'),(1035,'https://assets.mhw-db.com/armor/55b811b5aab2fd2081ab0161cb507e23.cde2f5d36a6b87509a3fa4ddae8da15725ed2070.png','55b811b5aab2fd2081ab0161cb507e23','cde2f5d36a6b87509a3fa4ddae8da15725ed2070'),(1036,'https://assets.mhw-db.com/armor/7f8192f8251ff03c83114e0f251fbfe2.2db2008483572af382457d62484c0a6dc3620670.png','7f8192f8251ff03c83114e0f251fbfe2','2db2008483572af382457d62484c0a6dc3620670'),(1037,'https://assets.mhw-db.com/armor/64be81eb125d085d811f14fae260fdd9.d2b2d7f710e711f907c84c0627a708cbe28fc25a.png','64be81eb125d085d811f14fae260fdd9','d2b2d7f710e711f907c84c0627a708cbe28fc25a'),(1038,'https://assets.mhw-db.com/armor/d33857322dc457f64ca1e45abf19a469.bcc60188d85d0750c01e771ef936567963159cbd.png','d33857322dc457f64ca1e45abf19a469','bcc60188d85d0750c01e771ef936567963159cbd'),(1039,'https://assets.mhw-db.com/armor/a9d3c2cd8180f66f07c21e42ef6715f6.1feb368ffde8726a6f118b61f09899c68ddc8388.png','a9d3c2cd8180f66f07c21e42ef6715f6','1feb368ffde8726a6f118b61f09899c68ddc8388'),(1040,'https://assets.mhw-db.com/armor/49e2ddbeda8d8d774904f0d8d8f67e08.2a782e92401f539cb48064b502e3bd3878fab66e.png','49e2ddbeda8d8d774904f0d8d8f67e08','2a782e92401f539cb48064b502e3bd3878fab66e'),(1041,'https://assets.mhw-db.com/armor/58e03b2bbaf64cc05ea0a0ce38033b21.4e98fa3dd428e1ee79b168b4088f90eb56b62d29.png','58e03b2bbaf64cc05ea0a0ce38033b21','4e98fa3dd428e1ee79b168b4088f90eb56b62d29'),(1042,'https://assets.mhw-db.com/armor/99a87799a792ec3a836e39b14fb0ea2d.7e2c79826c88925c99cae3216881d72893962dda.png','99a87799a792ec3a836e39b14fb0ea2d','7e2c79826c88925c99cae3216881d72893962dda'),(1043,'https://assets.mhw-db.com/armor/705d13753361a2987f6f8ff2be915c49.241ca1e8021550a884d4d5a896c0f342bd775fc3.png','705d13753361a2987f6f8ff2be915c49','241ca1e8021550a884d4d5a896c0f342bd775fc3'),(1044,'https://assets.mhw-db.com/armor/83a9248a945bfac454ebabcd08e00a36.40058860806c4f9af642a4d67b64619ab806bf7f.png','83a9248a945bfac454ebabcd08e00a36','40058860806c4f9af642a4d67b64619ab806bf7f'),(1045,'https://assets.mhw-db.com/armor/7bd865c0079c98ce582637706cfacb50.a2416414ec622131d9c08dd5678ed04c0408b883.png','7bd865c0079c98ce582637706cfacb50','a2416414ec622131d9c08dd5678ed04c0408b883'),(1046,'https://assets.mhw-db.com/armor/61be652793c11ce0efdc35cef57bd7c3.abc1ac9d593e9e47ceb2a9a4e3cd6955be1e87a6.png','61be652793c11ce0efdc35cef57bd7c3','abc1ac9d593e9e47ceb2a9a4e3cd6955be1e87a6'),(1047,'https://assets.mhw-db.com/armor/2e54bc40ea15e7ce459916d9ba7d2781.d09a2181526eacbf7820ecdae93b2357722092e2.png','2e54bc40ea15e7ce459916d9ba7d2781','d09a2181526eacbf7820ecdae93b2357722092e2'),(1048,'https://assets.mhw-db.com/armor/f7f3cf78c38934ddc78a014e24f2cf8c.7406c6d0f257f8efc27fee4154c3f52ff35b6668.png','f7f3cf78c38934ddc78a014e24f2cf8c','7406c6d0f257f8efc27fee4154c3f52ff35b6668'),(1049,'https://assets.mhw-db.com/armor/4a17149459f287967abd66cc1b68f984.0b5b9d1951e69c64e8c6eea0652ac7efa106be01.png','4a17149459f287967abd66cc1b68f984','0b5b9d1951e69c64e8c6eea0652ac7efa106be01'),(1050,'https://assets.mhw-db.com/armor/078d00260814b5c1c521484f54675628.7834b133ed86361e3c366c54d31a16089dcd4e8b.png','078d00260814b5c1c521484f54675628','7834b133ed86361e3c366c54d31a16089dcd4e8b'),(1051,'https://assets.mhw-db.com/armor/65454c4dab7b21cff9520088a5ec53cf.6ef6ecc62b9dba4442c99a742bddd95c031efd96.png','65454c4dab7b21cff9520088a5ec53cf','6ef6ecc62b9dba4442c99a742bddd95c031efd96'),(1052,'https://assets.mhw-db.com/armor/6d9676e90160946f9b802b5bf78fd397.5b14476855b6243adda6ed7b36f22864850529fa.png','6d9676e90160946f9b802b5bf78fd397','5b14476855b6243adda6ed7b36f22864850529fa'),(1053,'https://assets.mhw-db.com/armor/9a28803a7b8d330a0c2db95510aabf80.89e388b6088f6c54281d590acb127977f1cb227b.png','9a28803a7b8d330a0c2db95510aabf80','89e388b6088f6c54281d590acb127977f1cb227b'),(1054,'https://assets.mhw-db.com/armor/fa21d04086fc80128ee6eea48f50a9c2.5f732dd0a63ce45f4c326ff5df51f1f44344dce6.png','fa21d04086fc80128ee6eea48f50a9c2','5f732dd0a63ce45f4c326ff5df51f1f44344dce6'),(1055,'https://assets.mhw-db.com/armor/5f533698643336e7957169f3e2ad6a25.8eb11aad239aa12d6ca177ff4600839d196f86aa.png','5f533698643336e7957169f3e2ad6a25','8eb11aad239aa12d6ca177ff4600839d196f86aa'),(1056,'https://assets.mhw-db.com/armor/c5ecc37c4f35a9b37a8a1c060f326d63.c0a83f728129f9126ad6db62090147377f2ba698.png','c5ecc37c4f35a9b37a8a1c060f326d63','c0a83f728129f9126ad6db62090147377f2ba698'),(1057,'https://assets.mhw-db.com/armor/5f6dc87e5c7e5db14ffb140b8808ec3d.9c1153e5f9a35b6eed4cd0ef34f9a6f4bacb032a.png','5f6dc87e5c7e5db14ffb140b8808ec3d','9c1153e5f9a35b6eed4cd0ef34f9a6f4bacb032a'),(1058,'https://assets.mhw-db.com/armor/e3998e6111a9b9b0c8ee413d00f6a8f8.17f478305559f4632f35eb7969585a51bd1a92db.png','e3998e6111a9b9b0c8ee413d00f6a8f8','17f478305559f4632f35eb7969585a51bd1a92db'),(1059,'https://assets.mhw-db.com/armor/40dcf9293715daadaa533bfa54219693.3ecbf2465e55a757190a3b34dfbd34c53dbc1ac2.png','40dcf9293715daadaa533bfa54219693','3ecbf2465e55a757190a3b34dfbd34c53dbc1ac2'),(1060,'https://assets.mhw-db.com/armor/f5fa6693b9d8e3a01705ebd1273356c3.6db76907aa069f7e5221ac8cc9e21f423a369d16.png','f5fa6693b9d8e3a01705ebd1273356c3','6db76907aa069f7e5221ac8cc9e21f423a369d16'),(1061,'https://assets.mhw-db.com/armor/970fbfeadc4d21ae9a4914936666c5b9.356601bef4239f36bbb9248510e6e428375483cf.png','970fbfeadc4d21ae9a4914936666c5b9','356601bef4239f36bbb9248510e6e428375483cf'),(1062,'https://assets.mhw-db.com/armor/2ce7dd74726d607bb344abe791dc74b8.fac3d3f604c02bc8f6494f86a6002577999caca3.png','2ce7dd74726d607bb344abe791dc74b8','fac3d3f604c02bc8f6494f86a6002577999caca3'),(1063,'https://assets.mhw-db.com/armor/ac1df0de8f57ea7bb0d2b6e6f8b15c69.095f4ed0cb2143bbfecb17ca86009cf0da3cd3c3.png','ac1df0de8f57ea7bb0d2b6e6f8b15c69','095f4ed0cb2143bbfecb17ca86009cf0da3cd3c3'),(1064,'https://assets.mhw-db.com/armor/0826b4c03129ae306c3fc8c501052d6c.9c8f1ea38054d8faba4400ba17087eaf26772c7f.png','0826b4c03129ae306c3fc8c501052d6c','9c8f1ea38054d8faba4400ba17087eaf26772c7f'),(1065,'https://assets.mhw-db.com/armor/9c9feb6f0a46740d790a42e3409b4994.341032a0d0e127e872fbe229c7a5083c6bbbbf2e.png','9c9feb6f0a46740d790a42e3409b4994','341032a0d0e127e872fbe229c7a5083c6bbbbf2e'),(1066,'https://assets.mhw-db.com/armor/7a1e97b3c53b4fd72506741b89f5b255.f0644aad13f3083b01fcdacd70b7b298d289ad0a.png','7a1e97b3c53b4fd72506741b89f5b255','f0644aad13f3083b01fcdacd70b7b298d289ad0a'),(1067,'https://assets.mhw-db.com/armor/5884440caf77dac6dc447c2e81f2beeb.386db0fa2c608c337e2ff8d2b9f8ddf0401cb21b.png','5884440caf77dac6dc447c2e81f2beeb','386db0fa2c608c337e2ff8d2b9f8ddf0401cb21b'),(1068,'https://assets.mhw-db.com/armor/99b64076d8b9906dc0f98acb09f9f308.4c61c9faf8eda82e3a62fbeac08a129322088389.png','99b64076d8b9906dc0f98acb09f9f308','4c61c9faf8eda82e3a62fbeac08a129322088389'),(1069,'https://assets.mhw-db.com/armor/c471abc7706b8a723483deb71ca180a9.04cba502d680cfd9e66acb877d0afa6b9fa7d24d.png','c471abc7706b8a723483deb71ca180a9','04cba502d680cfd9e66acb877d0afa6b9fa7d24d'),(1070,'https://assets.mhw-db.com/armor/be7cafa0fa9f23c193f6f0fadf2dd80b.67c78742328df59a6b460b2c3b2466b492ecaea6.png','be7cafa0fa9f23c193f6f0fadf2dd80b','67c78742328df59a6b460b2c3b2466b492ecaea6'),(1071,'https://assets.mhw-db.com/armor/3892f63cddf5f848aed5be0380b169ba.a7924b8dd8f35d82d5147f9fddf538cb9739877c.png','3892f63cddf5f848aed5be0380b169ba','a7924b8dd8f35d82d5147f9fddf538cb9739877c'),(1072,'https://assets.mhw-db.com/armor/8395a74cbd59efb43571d45f91ffd38b.6ceeed2ccf06cfe75a69ae325a8bc7259ad50d18.png','8395a74cbd59efb43571d45f91ffd38b','6ceeed2ccf06cfe75a69ae325a8bc7259ad50d18'),(1073,'https://assets.mhw-db.com/armor/d87c4642d0206296477248d0c2a0c21d.7e312f3b5e2ed1b2c171fafbb42622b6fa775ac5.png','d87c4642d0206296477248d0c2a0c21d','7e312f3b5e2ed1b2c171fafbb42622b6fa775ac5'),(1074,'https://assets.mhw-db.com/armor/9302c4f1c1a21bfba8af62b65e577823.458aea30065d84f515c56ece9a1023b46ae23daf.png','9302c4f1c1a21bfba8af62b65e577823','458aea30065d84f515c56ece9a1023b46ae23daf'),(1075,'https://assets.mhw-db.com/armor/98c30b4db7220494da9a8bb4f463567c.4f0a54559d1f104cac7a9d05692001ef655c8abb.png','98c30b4db7220494da9a8bb4f463567c','4f0a54559d1f104cac7a9d05692001ef655c8abb'),(1076,'https://assets.mhw-db.com/armor/43ef2d9392d06193432e141b81ee7b04.5da00df3dbb591ec5b0009ff2c3d94fb908c6090.png','43ef2d9392d06193432e141b81ee7b04','5da00df3dbb591ec5b0009ff2c3d94fb908c6090'),(1077,'https://assets.mhw-db.com/armor/10bad437cd1e6e0877ee6cbf89ab1f3b.a07b843e10c401c61bc619aa38d6db076b29599e.png','10bad437cd1e6e0877ee6cbf89ab1f3b','a07b843e10c401c61bc619aa38d6db076b29599e'),(1078,'https://assets.mhw-db.com/armor/0fbd828f039fa239f2ee9574b17bba1a.c23a43640b1a560bb494233199e559e3b65a49c3.png','0fbd828f039fa239f2ee9574b17bba1a','c23a43640b1a560bb494233199e559e3b65a49c3'),(1079,'https://assets.mhw-db.com/armor/f6317cba435da54b37901556e9e8e5f1.187e995187b45a57391930e5b985b3bf43d58338.png','f6317cba435da54b37901556e9e8e5f1','187e995187b45a57391930e5b985b3bf43d58338'),(1080,'https://assets.mhw-db.com/armor/ad1ac164802af2471f2d1c096446d28f.cee7e2fed4f31b17a85bee27f7eaa60657a6ae92.png','ad1ac164802af2471f2d1c096446d28f','cee7e2fed4f31b17a85bee27f7eaa60657a6ae92'),(1081,'https://assets.mhw-db.com/armor/e21ac388444e92b084bf7a86a209cc29.1e19fed63f4f3246977fea4e2afcba61166e2a5b.png','e21ac388444e92b084bf7a86a209cc29','1e19fed63f4f3246977fea4e2afcba61166e2a5b'),(1082,'https://assets.mhw-db.com/armor/5db58efb7554bef0dd4cce067754faba.0ed03cda91c9810d19b992772ac7b3e80676e628.png','5db58efb7554bef0dd4cce067754faba','0ed03cda91c9810d19b992772ac7b3e80676e628'),(1083,'https://assets.mhw-db.com/armor/7c898e6539f42136915aee3013a62435.4e00f1241b2aaa5ccae7d1914a5bc3bb1b917c80.png','7c898e6539f42136915aee3013a62435','4e00f1241b2aaa5ccae7d1914a5bc3bb1b917c80'),(1084,'https://assets.mhw-db.com/armor/df01b974558249a28f113f4000c3a1d0.156ce52e00e4820820d250964737c4e7949d8b5b.png','df01b974558249a28f113f4000c3a1d0','156ce52e00e4820820d250964737c4e7949d8b5b'),(1085,'https://assets.mhw-db.com/armor/cd8ae22cfbec20760fe05bca8e021cc9.bcc7833fc99e8a744780ff5d52cbf2c99aa8b47d.png','cd8ae22cfbec20760fe05bca8e021cc9','bcc7833fc99e8a744780ff5d52cbf2c99aa8b47d'),(1086,'https://assets.mhw-db.com/armor/6a63f1b2cf63204cee13144aa3bfc05b.ddb913fa727d73e6b4f3bc0f5f7079f6fe8369fb.png','6a63f1b2cf63204cee13144aa3bfc05b','ddb913fa727d73e6b4f3bc0f5f7079f6fe8369fb'),(1087,'https://assets.mhw-db.com/armor/f8b4da59ef427f896a6a328346cb75c5.083bafbdc1f32fdb69879b074f5ce53d5b56ea74.png','f8b4da59ef427f896a6a328346cb75c5','083bafbdc1f32fdb69879b074f5ce53d5b56ea74'),(1088,'https://assets.mhw-db.com/armor/b1a1d3ef8ac666d6f49e5a9203e35ce3.0c04441156ac841556dceecd02d34ed6be1fd9fb.png','b1a1d3ef8ac666d6f49e5a9203e35ce3','0c04441156ac841556dceecd02d34ed6be1fd9fb'),(1089,'https://assets.mhw-db.com/armor/5136d99e2778e3318b09169d848ec94f.65478f690e4a96ebbc3f518b4e3b7884036d25b8.png','5136d99e2778e3318b09169d848ec94f','65478f690e4a96ebbc3f518b4e3b7884036d25b8'),(1090,'https://assets.mhw-db.com/armor/a6073356e9962c93ba4fd1faddbd0d2e.c5c9bcde8f9d966cb2a5bdb5e843be7fbe7b7a80.png','a6073356e9962c93ba4fd1faddbd0d2e','c5c9bcde8f9d966cb2a5bdb5e843be7fbe7b7a80'),(1091,'https://assets.mhw-db.com/armor/f054b8c91dab9a67f8b46a6cc5e81d3a.5299542d115531b5999d9304ca908924afcd58c7.png','f054b8c91dab9a67f8b46a6cc5e81d3a','5299542d115531b5999d9304ca908924afcd58c7'),(1092,'https://assets.mhw-db.com/armor/533a257cd701ef8e3289ff2ad22b5a58.725c2d4e38eba19152b0070815a5ccc481e7fb4c.png','533a257cd701ef8e3289ff2ad22b5a58','725c2d4e38eba19152b0070815a5ccc481e7fb4c'),(1093,'https://assets.mhw-db.com/armor/7de83ac67569a90fece286f26213e95b.82015b645a73918321a5c4b46eb01d33b42ffb62.png','7de83ac67569a90fece286f26213e95b','82015b645a73918321a5c4b46eb01d33b42ffb62'),(1094,'https://assets.mhw-db.com/armor/f43a5c292b369071efd4fa78e85b4c1d.3f41abb285f895cd10ff1ddc8dd66ac681817616.png','f43a5c292b369071efd4fa78e85b4c1d','3f41abb285f895cd10ff1ddc8dd66ac681817616'),(1095,'https://assets.mhw-db.com/armor/c0e6de11cac0439109ee3fcb5ca34304.e1045f93dc2a3aa270c382b6517c751b499fec4e.png','c0e6de11cac0439109ee3fcb5ca34304','e1045f93dc2a3aa270c382b6517c751b499fec4e'),(1096,'https://assets.mhw-db.com/armor/cdf839f9d8b0320068fac26076756a65.c56a4eda6f18451299fcbe80b25d041089536167.png','cdf839f9d8b0320068fac26076756a65','c56a4eda6f18451299fcbe80b25d041089536167'),(1097,'https://assets.mhw-db.com/armor/75b3b6ef06cbb08126b9a1ee68c4f891.0683deaa1084e920f413e8f9285f97d6ac87b303.png','75b3b6ef06cbb08126b9a1ee68c4f891','0683deaa1084e920f413e8f9285f97d6ac87b303'),(1098,'https://assets.mhw-db.com/armor/f00034f3291010ed8e61776815bb99ce.ecac24d24e037ee3921a10b24d231b9a1faa5959.png','f00034f3291010ed8e61776815bb99ce','ecac24d24e037ee3921a10b24d231b9a1faa5959'),(1099,'https://assets.mhw-db.com/armor/eb75ffde3260ba78eff6fbb3915a8fc0.e37733382450f0ac272a7e792cd54207e9b966ac.png','eb75ffde3260ba78eff6fbb3915a8fc0','e37733382450f0ac272a7e792cd54207e9b966ac'),(1100,'https://assets.mhw-db.com/armor/94661124262d9d316c61989b6becb5af.822593017455e42f75db1f30e4a3706b6cb30ed6.png','94661124262d9d316c61989b6becb5af','822593017455e42f75db1f30e4a3706b6cb30ed6'),(1101,'https://assets.mhw-db.com/armor/ccdac85bbbf07edce1f9b3ff61ada48a.1cec3e5d35ea0375d17f2b43b293df48971f78cb.png','ccdac85bbbf07edce1f9b3ff61ada48a','1cec3e5d35ea0375d17f2b43b293df48971f78cb'),(1102,'https://assets.mhw-db.com/armor/29ddaf1bbd63f6dfdd27907d82542cbb.603ed5bcb1894e8edcd4ca42a2720c9e153bc772.png','29ddaf1bbd63f6dfdd27907d82542cbb','603ed5bcb1894e8edcd4ca42a2720c9e153bc772'),(1103,'https://assets.mhw-db.com/armor/98a1677bc20b3e89ee2144c910674a22.08bf85e2bc54b6780deb90d8773de9232f056820.png','98a1677bc20b3e89ee2144c910674a22','08bf85e2bc54b6780deb90d8773de9232f056820'),(1104,'https://assets.mhw-db.com/armor/d43f7fc73708824b663e2f9d712eff9e.da766537563a4ef6e1bd11ba38b62dbcefb3b708.png','d43f7fc73708824b663e2f9d712eff9e','da766537563a4ef6e1bd11ba38b62dbcefb3b708'),(1105,'https://assets.mhw-db.com/armor/92d10b8bcd931438a7c5887c72c364df.e921230b95fdfa69d98c22b2ebbe11dd1afe8d14.png','92d10b8bcd931438a7c5887c72c364df','e921230b95fdfa69d98c22b2ebbe11dd1afe8d14'),(1106,'https://assets.mhw-db.com/armor/0ad2a2ddadcd5f7860d473ef7dea7b64.ff6012bdc5a2bcf38fb5501812ff74c99cf06b41.png','0ad2a2ddadcd5f7860d473ef7dea7b64','ff6012bdc5a2bcf38fb5501812ff74c99cf06b41'),(1107,'https://assets.mhw-db.com/armor/2a1481a7982dbe03bdc5a48e2bece4bd.ef242c14258acdab5b216ec1991bf42c75b044e0.png','2a1481a7982dbe03bdc5a48e2bece4bd','ef242c14258acdab5b216ec1991bf42c75b044e0'),(1108,'https://assets.mhw-db.com/armor/4aeed9c311fda1d73198c6e378e33d3f.a401d37ff529470e64d4c7a4cb7376f4a4c1d4a9.png','4aeed9c311fda1d73198c6e378e33d3f','a401d37ff529470e64d4c7a4cb7376f4a4c1d4a9'),(1109,'https://assets.mhw-db.com/armor/575c2b3b7fe91564c242fab86db43175.1821a6790c9e257755045389b036a9e205bf13ed.png','575c2b3b7fe91564c242fab86db43175','1821a6790c9e257755045389b036a9e205bf13ed'),(1110,'https://assets.mhw-db.com/armor/306ff17ec562c75e976d76f162431e79.fcf0b17916e05e2f1d9c812dc018b44809a452fe.png','306ff17ec562c75e976d76f162431e79','fcf0b17916e05e2f1d9c812dc018b44809a452fe'),(1111,'https://assets.mhw-db.com/armor/87a18cd4f609a72490e4127e89c58a7e.58bf8217eb1be6ea3f555fdc6309473e61801c2b.png','87a18cd4f609a72490e4127e89c58a7e','58bf8217eb1be6ea3f555fdc6309473e61801c2b'),(1112,'https://assets.mhw-db.com/armor/262348ae9ae638593363c5eeddfa63e7.77d44342fab59e8f4ac487ac7f210b8532232916.png','262348ae9ae638593363c5eeddfa63e7','77d44342fab59e8f4ac487ac7f210b8532232916'),(1113,'https://assets.mhw-db.com/armor/7802afe102ef068f7ef2903011a035cb.50b16b4f62ec8cf95b4d367d707965667c78e99a.png','7802afe102ef068f7ef2903011a035cb','50b16b4f62ec8cf95b4d367d707965667c78e99a'),(1114,'https://assets.mhw-db.com/armor/e1a327d88302bcad584326e5a993c999.d8f2d16ae2487d72a59c0dff4fe4808bbce07059.png','e1a327d88302bcad584326e5a993c999','d8f2d16ae2487d72a59c0dff4fe4808bbce07059'),(1115,'https://assets.mhw-db.com/armor/6290708b9412c7bbd6a72fa5813926c4.9d77390c3b958488936ffb612ba8989445fcd880.png','6290708b9412c7bbd6a72fa5813926c4','9d77390c3b958488936ffb612ba8989445fcd880'),(1116,'https://assets.mhw-db.com/armor/78cfbfe3f35fa189dcde6fe0f1077b95.bff612fae768bd69baba97ab10c50d35859e50d7.png','78cfbfe3f35fa189dcde6fe0f1077b95','bff612fae768bd69baba97ab10c50d35859e50d7'),(1117,'https://assets.mhw-db.com/armor/932cc7e869263caa2a878218723c98da.e326251901d8eee4b98d7548c724d827e234e749.png','932cc7e869263caa2a878218723c98da','e326251901d8eee4b98d7548c724d827e234e749'),(1118,'https://assets.mhw-db.com/armor/0240bac539e2cf950a54a218291db4e7.f0bd30376219d8ab080a0ce35c89b3dd210bbebf.png','0240bac539e2cf950a54a218291db4e7','f0bd30376219d8ab080a0ce35c89b3dd210bbebf'),(1119,'https://assets.mhw-db.com/armor/ed312a86023be20e4fb8c5f2f345c956.e296668cd7f400365e69efa72dd54fd58e92165e.png','ed312a86023be20e4fb8c5f2f345c956','e296668cd7f400365e69efa72dd54fd58e92165e'),(1120,'https://assets.mhw-db.com/armor/ed2157ed1589712443a39e2c5135b968.6bb6a2d270b3733b70dfed4f2e64532b917dc76a.png','ed2157ed1589712443a39e2c5135b968','6bb6a2d270b3733b70dfed4f2e64532b917dc76a'),(1121,'https://assets.mhw-db.com/armor/1eb0c9c29d0bc0ba12b962ade7569891.84361af50f8b2a0fdd0f9987f05eaa6497db5e13.png','1eb0c9c29d0bc0ba12b962ade7569891','84361af50f8b2a0fdd0f9987f05eaa6497db5e13'),(1122,'https://assets.mhw-db.com/armor/abfeb17ec539dfadb9feaed60759961c.6e598a372208c5ee00cd2aa27b3d85b3e5a09be4.png','abfeb17ec539dfadb9feaed60759961c','6e598a372208c5ee00cd2aa27b3d85b3e5a09be4'),(1123,'https://assets.mhw-db.com/armor/14906c2ddaf060bf9dcdf65a38d5d71f.2b989047608babdeafa3e0b4f9c0cf0483f9f126.png','14906c2ddaf060bf9dcdf65a38d5d71f','2b989047608babdeafa3e0b4f9c0cf0483f9f126'),(1124,'https://assets.mhw-db.com/armor/fa30d9720c6661f78c45f303530fbd2c.3ca012e95f0fdbee3ca0dc86cc308d2fa5d6e737.png','fa30d9720c6661f78c45f303530fbd2c','3ca012e95f0fdbee3ca0dc86cc308d2fa5d6e737'),(1125,'https://assets.mhw-db.com/armor/51c6317e122c0e7e43042102445a484a.591b783f11c7a71c2375c9dcdf3ebda75ccbd3b3.png','51c6317e122c0e7e43042102445a484a','591b783f11c7a71c2375c9dcdf3ebda75ccbd3b3'),(1126,'https://assets.mhw-db.com/armor/afd3777d7e46f321cb5da8abb5b19acc.d816f82614c23b1b5dc4cab5c13baa813276bdc6.png','afd3777d7e46f321cb5da8abb5b19acc','d816f82614c23b1b5dc4cab5c13baa813276bdc6'),(1127,'https://assets.mhw-db.com/armor/d479a7a827ade82029ab5fd05d76f4bd.25fdc7e8cbe4b148fb980049f570b05f8c7e1548.png','d479a7a827ade82029ab5fd05d76f4bd','25fdc7e8cbe4b148fb980049f570b05f8c7e1548'),(1128,'https://assets.mhw-db.com/armor/003ede126cdb5539b47aa0194dc96aa4.a4ddb4eb35aca42d4956ae22c672d3c5766e0191.png','003ede126cdb5539b47aa0194dc96aa4','a4ddb4eb35aca42d4956ae22c672d3c5766e0191'),(1129,'https://assets.mhw-db.com/armor/4b42a0f103de9dd804cf01d356f6e7b0.635cc88a008873c56336cee6825e0d709059337b.png','4b42a0f103de9dd804cf01d356f6e7b0','635cc88a008873c56336cee6825e0d709059337b'),(1130,'https://assets.mhw-db.com/armor/18535ccd6b942aa2b4bd5e61742fb01a.754c51bb7f77f4eabe0ae6ec1c43e4f1715a3f8d.png','18535ccd6b942aa2b4bd5e61742fb01a','754c51bb7f77f4eabe0ae6ec1c43e4f1715a3f8d'),(1131,'https://assets.mhw-db.com/armor/864584c868069948627388705b8366ac.78ee1ad745d459559f8f3d9b42ab92aaf0475556.png','864584c868069948627388705b8366ac','78ee1ad745d459559f8f3d9b42ab92aaf0475556'),(1132,'https://assets.mhw-db.com/armor/2e34dc2e34d13abb71e543243adfbf35.d18ef62a5171d39943808d940ddbe7fe5f6bf50d.png','2e34dc2e34d13abb71e543243adfbf35','d18ef62a5171d39943808d940ddbe7fe5f6bf50d'),(1133,'https://assets.mhw-db.com/armor/f57a9ddfadb6cbe676a42fcd471cf552.e7050b0a01d9411a534c1608dcd3da2ae2ed544b.png','f57a9ddfadb6cbe676a42fcd471cf552','e7050b0a01d9411a534c1608dcd3da2ae2ed544b'),(1134,'https://assets.mhw-db.com/armor/ed4beee490e0c86a0f9830347f60f430.9881346a7d31773c49a683b5798ac81285d5b04c.png','ed4beee490e0c86a0f9830347f60f430','9881346a7d31773c49a683b5798ac81285d5b04c'),(1135,'https://assets.mhw-db.com/armor/dfd8e985f6cc24bd623f0a07eb2e32c0.3ec2f182c85e7f1f5dc0d9aa9e30e24649c8a48d.png','dfd8e985f6cc24bd623f0a07eb2e32c0','3ec2f182c85e7f1f5dc0d9aa9e30e24649c8a48d'),(1136,'https://assets.mhw-db.com/armor/7ee408059b6f6eb62f7fde314e33b1df.ae51cd8d1e32d8efe4919d5e466739b57382212f.png','7ee408059b6f6eb62f7fde314e33b1df','ae51cd8d1e32d8efe4919d5e466739b57382212f'),(1137,'https://assets.mhw-db.com/armor/51466f76e29b7b4674f27d60fcd1713c.d36b34fc0ee581f2a9da39ac54811a48f9e8165e.png','51466f76e29b7b4674f27d60fcd1713c','d36b34fc0ee581f2a9da39ac54811a48f9e8165e'),(1138,'https://assets.mhw-db.com/armor/92fda33dbb5c4e5425bb6ef662919d5c.845d577364c522cdd305892cdbaf6c2f7f82e49a.png','92fda33dbb5c4e5425bb6ef662919d5c','845d577364c522cdd305892cdbaf6c2f7f82e49a'),(1139,'https://assets.mhw-db.com/armor/c470647d7a0a6f7890231905af89d904.2cc38f38ace0cd3f4589c674e0ff6415a158cfd9.png','c470647d7a0a6f7890231905af89d904','2cc38f38ace0cd3f4589c674e0ff6415a158cfd9'),(1140,'https://assets.mhw-db.com/armor/30c106d1c9b3fdb186741ff9042741aa.4d9cc940f3f4c0d4fe01b1872202b5a840bbd408.png','30c106d1c9b3fdb186741ff9042741aa','4d9cc940f3f4c0d4fe01b1872202b5a840bbd408'),(1141,'https://assets.mhw-db.com/armor/03191ebd0cfcc5a1bf9540a39f77c4e2.85d92fc8a7eae995a09698c97db38a5b4c47b3fc.png','03191ebd0cfcc5a1bf9540a39f77c4e2','85d92fc8a7eae995a09698c97db38a5b4c47b3fc'),(1142,'https://assets.mhw-db.com/armor/3056a391f053a4bfa96fa3a84e837e24.87acb4d99d2af83fc1695250feb66def4a93a72c.png','3056a391f053a4bfa96fa3a84e837e24','87acb4d99d2af83fc1695250feb66def4a93a72c'),(1143,'https://assets.mhw-db.com/armor/69d7ed48f8b2f84865ed0cbd63cc7d9a.04bdc393beaf75136925935c0b25daf45c2505fc.png','69d7ed48f8b2f84865ed0cbd63cc7d9a','04bdc393beaf75136925935c0b25daf45c2505fc'),(1144,'https://assets.mhw-db.com/armor/80784f70fb14d92ac9657182628c9945.3667ac8e8b90cf8b5d56a76546673c3a588f5c00.png','80784f70fb14d92ac9657182628c9945','3667ac8e8b90cf8b5d56a76546673c3a588f5c00'),(1145,'https://assets.mhw-db.com/armor/a7fb59f2d72850cc640a26ef950fdfc3.518e650843acdc2d235ffcb73ce5253e2d3a87a3.png','a7fb59f2d72850cc640a26ef950fdfc3','518e650843acdc2d235ffcb73ce5253e2d3a87a3'),(1146,'https://assets.mhw-db.com/armor/b6b01c79205e169ca38eafa6141c79d4.8486c87541511b8b003b5f730cc3458ec392a1ef.png','b6b01c79205e169ca38eafa6141c79d4','8486c87541511b8b003b5f730cc3458ec392a1ef'),(1147,'https://assets.mhw-db.com/armor/4dcc685ff413d55cbd9a88bf4eeb17ce.140f33ef1293f0f88507938398afa520eb16eebb.png','4dcc685ff413d55cbd9a88bf4eeb17ce','140f33ef1293f0f88507938398afa520eb16eebb'),(1148,'https://assets.mhw-db.com/armor/9f3fa37bed1ee8bc90b996dee51e3294.935ad21d5a283bdf963e92f1b5681cb48991e3df.png','9f3fa37bed1ee8bc90b996dee51e3294','935ad21d5a283bdf963e92f1b5681cb48991e3df'),(1149,'https://assets.mhw-db.com/armor/ee9db49c9fc57d4ae36d4d7ec4d9da20.d7e08ba669b6ebde9559f4b88baa7c791e147485.png','ee9db49c9fc57d4ae36d4d7ec4d9da20','d7e08ba669b6ebde9559f4b88baa7c791e147485'),(1150,'https://assets.mhw-db.com/armor/04495ad90df3cdc07b8b4170dff83baa.3f7af36e4e4094930ffaa4c122c66955d2b4adc8.png','04495ad90df3cdc07b8b4170dff83baa','3f7af36e4e4094930ffaa4c122c66955d2b4adc8'),(1151,'https://assets.mhw-db.com/armor/cfa41a2f305c8476f14e5d94541a3977.8e1748dffc6a2abf670bf256c3d7c53dc86c4d13.png','cfa41a2f305c8476f14e5d94541a3977','8e1748dffc6a2abf670bf256c3d7c53dc86c4d13'),(1152,'https://assets.mhw-db.com/armor/6b04538e4d152b875462dd68bfe77553.96cb9495d12be5c1c06382154c1dc030dfd501a6.png','6b04538e4d152b875462dd68bfe77553','96cb9495d12be5c1c06382154c1dc030dfd501a6'),(1153,'https://assets.mhw-db.com/armor/b7575fc4b7f0d5807d212c3238f5ff4c.182b5e343545bd86030eb07d906a4d3ae91f2996.png','b7575fc4b7f0d5807d212c3238f5ff4c','182b5e343545bd86030eb07d906a4d3ae91f2996'),(1154,'https://assets.mhw-db.com/armor/d60d3a4ea28f26fb07b35323c2b00467.3422b8b155f027a50d486f36a19384b72c163eec.png','d60d3a4ea28f26fb07b35323c2b00467','3422b8b155f027a50d486f36a19384b72c163eec'),(1155,'https://assets.mhw-db.com/armor/df19644df997b4a668a56aa9868d9c00.80b896abe938dc8f2985c219e42a33cb4f79cfa6.png','df19644df997b4a668a56aa9868d9c00','80b896abe938dc8f2985c219e42a33cb4f79cfa6'),(1156,'https://assets.mhw-db.com/armor/381e1a3e4727797a9397838bdf69ea4e.e6a539c80046fb70abe15e595f3abfed858fb03b.png','381e1a3e4727797a9397838bdf69ea4e','e6a539c80046fb70abe15e595f3abfed858fb03b'),(1157,'https://assets.mhw-db.com/armor/4d8f616f07cc7d96768bde1368a5166b.44a052a9436c575d83c2db2309ea2df631cf6e10.png','4d8f616f07cc7d96768bde1368a5166b','44a052a9436c575d83c2db2309ea2df631cf6e10'),(1158,'https://assets.mhw-db.com/armor/804b177aea02fcddc9316a77ff2b64fa.b52dec8296832034c48b1bc5b72fde704d6705cd.png','804b177aea02fcddc9316a77ff2b64fa','b52dec8296832034c48b1bc5b72fde704d6705cd'),(1159,'https://assets.mhw-db.com/armor/58d94534dd5d5d2d571c095004ea90dd.9889ce20d155ae77b1125ba93ce6b29c4bcb4e11.png','58d94534dd5d5d2d571c095004ea90dd','9889ce20d155ae77b1125ba93ce6b29c4bcb4e11'),(1160,'https://assets.mhw-db.com/armor/1eb938aef932a92f653f902219e41ff8.4e713209370cb3106f80b7359759f6efdac6b192.png','1eb938aef932a92f653f902219e41ff8','4e713209370cb3106f80b7359759f6efdac6b192'),(1161,'https://assets.mhw-db.com/armor/334e5a8966b7ef20db0613b76423304e.e35a851ef8912b9a280987a6ba1a9c4b3ff52af5.png','334e5a8966b7ef20db0613b76423304e','e35a851ef8912b9a280987a6ba1a9c4b3ff52af5'),(1162,'https://assets.mhw-db.com/armor/368c705e731eec1754a6151afb41abff.b603118010df3bff30a72f8df2a58c709b4c37df.png','368c705e731eec1754a6151afb41abff','b603118010df3bff30a72f8df2a58c709b4c37df'),(1163,'https://assets.mhw-db.com/armor/df57f6c7764926fd211752ba53aca73b.886298f034fffe7d5b7e6eb0278d9896ce303b75.png','df57f6c7764926fd211752ba53aca73b','886298f034fffe7d5b7e6eb0278d9896ce303b75'),(1164,'https://assets.mhw-db.com/armor/37b17cfa9fb9ca79d47eb831c8813e83.3a8ceff5645249a281fd86c254abddc5dcf0e7b8.png','37b17cfa9fb9ca79d47eb831c8813e83','3a8ceff5645249a281fd86c254abddc5dcf0e7b8'),(1165,'https://assets.mhw-db.com/armor/4b071f2fe579ec41d71fa087b41f2466.2a826c68bc0776d7e8a4ca6320419a58ecdf4f15.png','4b071f2fe579ec41d71fa087b41f2466','2a826c68bc0776d7e8a4ca6320419a58ecdf4f15'),(1166,'https://assets.mhw-db.com/armor/208085805c2d51d501c9beefd7f0e801.533ca6a5ba24c97faec02c03e63b765caf0f584c.png','208085805c2d51d501c9beefd7f0e801','533ca6a5ba24c97faec02c03e63b765caf0f584c'),(1167,'https://assets.mhw-db.com/armor/85a2c6c4e21d78a1d5afc5028fd985bf.8217146183f37951746fe27cac7728cf504c8018.png','85a2c6c4e21d78a1d5afc5028fd985bf','8217146183f37951746fe27cac7728cf504c8018'),(1168,'https://assets.mhw-db.com/armor/c7f9375b59af89473a64967cf5292581.eba464db62b3bb1b58a745b5a7e57dae7e84a16d.png','c7f9375b59af89473a64967cf5292581','eba464db62b3bb1b58a745b5a7e57dae7e84a16d'),(1169,'https://assets.mhw-db.com/armor/96debd6139ed3607dabfd13f549affd9.766118adbfb4ff76aea4f9a57d186945ecdec536.png','96debd6139ed3607dabfd13f549affd9','766118adbfb4ff76aea4f9a57d186945ecdec536'),(1170,'https://assets.mhw-db.com/armor/7c4d720522db2d69a07f1c7cae1cc85b.bdf71f8090ef300d326d7d7482e1dc5222ad06b6.png','7c4d720522db2d69a07f1c7cae1cc85b','bdf71f8090ef300d326d7d7482e1dc5222ad06b6'),(1171,'https://assets.mhw-db.com/armor/1d0949bc246dbaac16c955cd3edf2ee3.671b5c9336bdf05945eac18783ce2807a57aecb6.png','1d0949bc246dbaac16c955cd3edf2ee3','671b5c9336bdf05945eac18783ce2807a57aecb6'),(1172,'https://assets.mhw-db.com/armor/538d75b6c74db1eefefe17f447175499.8a3065aa1a1fb1508f05cb29cfa169571157024c.png','538d75b6c74db1eefefe17f447175499','8a3065aa1a1fb1508f05cb29cfa169571157024c'),(1173,'https://assets.mhw-db.com/armor/5875ef995f47c9457ff48f5928804928.bd2b1d93183f6659ffe2b451849ba6ecc5a856d7.png','5875ef995f47c9457ff48f5928804928','bd2b1d93183f6659ffe2b451849ba6ecc5a856d7'),(1174,'https://assets.mhw-db.com/armor/c4bf6b5728801bcb9fb06ef3f585ba89.14f7d5e99a9bb0e4bb4e18f3652e9e9c2f2dc2dd.png','c4bf6b5728801bcb9fb06ef3f585ba89','14f7d5e99a9bb0e4bb4e18f3652e9e9c2f2dc2dd'),(1175,'https://assets.mhw-db.com/armor/ff6673b74ddf4aff7b6b063383f3355a.92e53be39c3dbb38b4091bc79e652f73978b4255.png','ff6673b74ddf4aff7b6b063383f3355a','92e53be39c3dbb38b4091bc79e652f73978b4255'),(1176,'https://assets.mhw-db.com/armor/bdadd7022d9bbf0f2c478892a15160d5.72a491ff030d5d4f8e21b2cfbad5bfdb5aad7f1f.png','bdadd7022d9bbf0f2c478892a15160d5','72a491ff030d5d4f8e21b2cfbad5bfdb5aad7f1f'),(1177,'https://assets.mhw-db.com/armor/5cbd006e7bcaa1a2387a531075256b11.d446c5a3cea40b332ac15355cb7ee5398d893865.png','5cbd006e7bcaa1a2387a531075256b11','d446c5a3cea40b332ac15355cb7ee5398d893865'),(1178,'https://assets.mhw-db.com/armor/754939369476f3717c08b67ed5ba38da.3987363fe1b26ee44acd5a4db56d10f0e96d92c6.png','754939369476f3717c08b67ed5ba38da','3987363fe1b26ee44acd5a4db56d10f0e96d92c6'),(1179,'https://assets.mhw-db.com/armor/293001c736ec2676ee1870f19e4aa308.a47f5abb065ec996552b4f198922489277a8446d.png','293001c736ec2676ee1870f19e4aa308','a47f5abb065ec996552b4f198922489277a8446d'),(1180,'https://assets.mhw-db.com/armor/c11c8844b85ca6e2db34d1adcf4b5cfc.640bb789a748d73ba815c80cdd0f4e45e9f19f39.png','c11c8844b85ca6e2db34d1adcf4b5cfc','640bb789a748d73ba815c80cdd0f4e45e9f19f39'),(1181,'https://assets.mhw-db.com/armor/8a3e1a4ce612707d14c91e9451c9ea29.e8c57fb2354f4f2b15b48aea0515fd62a4b31424.png','8a3e1a4ce612707d14c91e9451c9ea29','e8c57fb2354f4f2b15b48aea0515fd62a4b31424'),(1182,'https://assets.mhw-db.com/armor/0618e204f91a5a8c9e0b9ef279576410.bd0a405864a06d5550c2010baa107e45c3d1ff67.png','0618e204f91a5a8c9e0b9ef279576410','bd0a405864a06d5550c2010baa107e45c3d1ff67'),(1183,'https://assets.mhw-db.com/armor/e853c1631813c8a816edc16d37a5bbb1.b8bca3ff1edb1a3bb89511403898bc41540cce13.png','e853c1631813c8a816edc16d37a5bbb1','b8bca3ff1edb1a3bb89511403898bc41540cce13'),(1184,'https://assets.mhw-db.com/armor/d3fc94d83f73bbe9655a3ee072306376.023a83d33434f19873e8a17b573f7891cc89249c.png','d3fc94d83f73bbe9655a3ee072306376','023a83d33434f19873e8a17b573f7891cc89249c'),(1185,'https://assets.mhw-db.com/armor/157a90efa134f0a47bdbb3bc01784a1f.7e0cc41a5e418e95b8ee7b217786206d2863e40b.png','157a90efa134f0a47bdbb3bc01784a1f','7e0cc41a5e418e95b8ee7b217786206d2863e40b'),(1186,'https://assets.mhw-db.com/armor/d508609ef1fba7b7acc2f3e7b817fdce.daee333a00b4e994ccbf048c35a7b17731767e2f.png','d508609ef1fba7b7acc2f3e7b817fdce','daee333a00b4e994ccbf048c35a7b17731767e2f'),(1187,'https://assets.mhw-db.com/armor/c4744cd4a4611d45847b3929a800dcb5.18bec17c841eca41b04dd79e7dede62c2a179361.png','c4744cd4a4611d45847b3929a800dcb5','18bec17c841eca41b04dd79e7dede62c2a179361'),(1188,'https://assets.mhw-db.com/armor/ab0b3c0048604626e09c2e54e58ad02a.02ba9f9f9b7e454c0334e942e5f86ab3e96b53e8.png','ab0b3c0048604626e09c2e54e58ad02a','02ba9f9f9b7e454c0334e942e5f86ab3e96b53e8'),(1189,'https://assets.mhw-db.com/armor/5524cae204e399104b5d3616526c7a03.b423f4d559e68f485f6b8cbc5cd82bad99c077f1.png','5524cae204e399104b5d3616526c7a03','b423f4d559e68f485f6b8cbc5cd82bad99c077f1'),(1190,'https://assets.mhw-db.com/armor/a146268eac1887b56ab7633ab859c3e7.368d619f55cf591e5075df38f6f3c04c76caa52b.png','a146268eac1887b56ab7633ab859c3e7','368d619f55cf591e5075df38f6f3c04c76caa52b'),(1191,'https://assets.mhw-db.com/armor/95244020960fd938a420c025735844d3.dd0fc583afc0ef799647854ae8a8775298415230.png','95244020960fd938a420c025735844d3','dd0fc583afc0ef799647854ae8a8775298415230'),(1192,'https://assets.mhw-db.com/armor/db57036e2af6855f72ff48c34e5882ce.a51ded611d7eef7dfff6c1b603c55ea17d0d9f83.png','db57036e2af6855f72ff48c34e5882ce','a51ded611d7eef7dfff6c1b603c55ea17d0d9f83'),(1193,'https://assets.mhw-db.com/armor/6866aab1017aa759f1b0fc2f66d56bfb.a729ff2aee364c2c770f78d13f1100e92b8244ac.png','6866aab1017aa759f1b0fc2f66d56bfb','a729ff2aee364c2c770f78d13f1100e92b8244ac'),(1194,'https://assets.mhw-db.com/armor/c240388503b010d9558ccb340e3415d8.8902dcf44ff5ce56b0d5a7600e8c5067d3676c13.png','c240388503b010d9558ccb340e3415d8','8902dcf44ff5ce56b0d5a7600e8c5067d3676c13'),(1195,'https://assets.mhw-db.com/armor/e891dc9cc5bcb2c79ccc6d78ae98191e.cdc8ca2558cd9b31d530cfbaaf3bd78007cdc641.png','e891dc9cc5bcb2c79ccc6d78ae98191e','cdc8ca2558cd9b31d530cfbaaf3bd78007cdc641'),(1196,'https://assets.mhw-db.com/armor/98e3d7f938550a277ce0c53750353030.62576f50a565c1e5e5707481f5650ebdd0c46414.png','98e3d7f938550a277ce0c53750353030','62576f50a565c1e5e5707481f5650ebdd0c46414'),(1197,'https://assets.mhw-db.com/armor/f8a486aeb3f8642bd0662e8af3273e8d.b7cf70bde7d3ef8a576b615b8f1a88fd7747e0f2.png','f8a486aeb3f8642bd0662e8af3273e8d','b7cf70bde7d3ef8a576b615b8f1a88fd7747e0f2'),(1198,'https://assets.mhw-db.com/armor/cf7a4bc5546c0459d561cdd248702e3a.baca36f137d7a7cd43ed6675d3204041dce7eb96.png','cf7a4bc5546c0459d561cdd248702e3a','baca36f137d7a7cd43ed6675d3204041dce7eb96'),(1199,'https://assets.mhw-db.com/armor/b558d493942abc813ff551e8b4c8b517.15331a4d55073179b708dbbebc0384ac8955d138.png','b558d493942abc813ff551e8b4c8b517','15331a4d55073179b708dbbebc0384ac8955d138'),(1200,'https://assets.mhw-db.com/armor/5c4684e152371339ef918eb0f27160cd.f723e23c1b201746b272c7e7475c9155e979cd80.png','5c4684e152371339ef918eb0f27160cd','f723e23c1b201746b272c7e7475c9155e979cd80'),(1201,'https://assets.mhw-db.com/armor/7576ceff25e879b7cf8d3ac06edba6f6.69de9b5b5ed707d20c0b32010d382c7a26ceb751.png','7576ceff25e879b7cf8d3ac06edba6f6','69de9b5b5ed707d20c0b32010d382c7a26ceb751'),(1202,'https://assets.mhw-db.com/armor/6280d3f9934de96727afedac1e363857.b0eadbab42d59e50da332adf2ca8eb8383880b92.png','6280d3f9934de96727afedac1e363857','b0eadbab42d59e50da332adf2ca8eb8383880b92'),(1203,'https://assets.mhw-db.com/armor/a0b3c181308b60c5e54e03e3453a42c9.3292ba038fb6fecb3b1d485cdd1ab5efbc4f6eca.png','a0b3c181308b60c5e54e03e3453a42c9','3292ba038fb6fecb3b1d485cdd1ab5efbc4f6eca'),(1204,'https://assets.mhw-db.com/armor/87fd23c3cedbe03a05e4a74d341d9dee.e69be94d0564219a3a8979e49e0521fedf74d4db.png','87fd23c3cedbe03a05e4a74d341d9dee','e69be94d0564219a3a8979e49e0521fedf74d4db'),(1205,'https://assets.mhw-db.com/armor/69439ec6a1aa06a1fb1855e78613c992.cd5a4f89607c3d83e70cd0b7467c14ead10b14e5.png','69439ec6a1aa06a1fb1855e78613c992','cd5a4f89607c3d83e70cd0b7467c14ead10b14e5'),(1206,'https://assets.mhw-db.com/armor/a3a8e3abba9a94bc21b1aa4275101369.2f15dcff1b8b0557b93599ef1717396a70ead894.png','a3a8e3abba9a94bc21b1aa4275101369','2f15dcff1b8b0557b93599ef1717396a70ead894'),(1207,'https://assets.mhw-db.com/armor/384cfc8b0ad1dbbe4b518432e5a337f7.113d619c8a96fd41ec65acff136a213255ba41a8.png','384cfc8b0ad1dbbe4b518432e5a337f7','113d619c8a96fd41ec65acff136a213255ba41a8'),(1208,'https://assets.mhw-db.com/armor/982ded0a1defd6b5c045797668a89f3e.96b96cfb2b7b2e0b6396e57c5086667aa22a4696.png','982ded0a1defd6b5c045797668a89f3e','96b96cfb2b7b2e0b6396e57c5086667aa22a4696'),(1209,'https://assets.mhw-db.com/armor/91a48aa74f733e1812247d963274dda8.8da47d370fa1f0fdd83bd3030008d06f11a24346.png','91a48aa74f733e1812247d963274dda8','8da47d370fa1f0fdd83bd3030008d06f11a24346'),(1210,'https://assets.mhw-db.com/armor/52c457ae025b21ed1141e023f11905de.19a6eabce468cfdaeb57e21d65394f375ffcee0b.png','52c457ae025b21ed1141e023f11905de','19a6eabce468cfdaeb57e21d65394f375ffcee0b'),(1211,'https://assets.mhw-db.com/armor/9a79eb771c91280d6736f15c17b62ef4.5dafb2c76802aff08283da89399a0990851c42fd.png','9a79eb771c91280d6736f15c17b62ef4','5dafb2c76802aff08283da89399a0990851c42fd'),(1212,'https://assets.mhw-db.com/armor/c4a1f874b6228afbfeab002570b4033a.61e763b34cc5c7fc417144ecac72734cca9c4611.png','c4a1f874b6228afbfeab002570b4033a','61e763b34cc5c7fc417144ecac72734cca9c4611'),(1213,'https://assets.mhw-db.com/armor/cb314acf0dcd66d78466ffb1b21d3a6f.3049cd9c19ecc0715849e381a7cb769a981cb819.png','cb314acf0dcd66d78466ffb1b21d3a6f','3049cd9c19ecc0715849e381a7cb769a981cb819'),(1214,'https://assets.mhw-db.com/armor/3b0b409825fa3c48082a65c40a38575b.5d288c31fef143216bd1a1cb201a5cef8fdf810a.png','3b0b409825fa3c48082a65c40a38575b','5d288c31fef143216bd1a1cb201a5cef8fdf810a'),(1215,'https://assets.mhw-db.com/armor/86658704c1755085637288c93c5719b6.2a9dad0b5b240382cbaa97cfe3d51fb5678e8f49.png','86658704c1755085637288c93c5719b6','2a9dad0b5b240382cbaa97cfe3d51fb5678e8f49'),(1216,'https://assets.mhw-db.com/armor/b408e481a7410f223cccd6c3c1c29c1b.df03df6bd4418f4f41bb8cb1f5ae82686ec99aee.png','b408e481a7410f223cccd6c3c1c29c1b','df03df6bd4418f4f41bb8cb1f5ae82686ec99aee'),(1217,'https://assets.mhw-db.com/armor/c4902bf3f8338b6e3c6ecd93cb49a1d4.0a1fa503fa52ed7ca9c73c9a170dd5382edf7f9b.png','c4902bf3f8338b6e3c6ecd93cb49a1d4','0a1fa503fa52ed7ca9c73c9a170dd5382edf7f9b'),(1218,'https://assets.mhw-db.com/armor/27f9d90f75c07c82da35e883d3f5e4d4.ddeae4faaa77bfec3530bf9b0a86a82a00548fa2.png','27f9d90f75c07c82da35e883d3f5e4d4','ddeae4faaa77bfec3530bf9b0a86a82a00548fa2'),(1219,'https://assets.mhw-db.com/armor/57404f1ed319fd13095ecc4cc088592a.5c483d643bd4cb4a72bad85ded34d478663fb9fb.png','57404f1ed319fd13095ecc4cc088592a','5c483d643bd4cb4a72bad85ded34d478663fb9fb'),(1220,'https://assets.mhw-db.com/armor/cc217e6f0a8c042cb565977b7257839b.9f12b1d1f2ed71f00707f915b91b5ddf4e9f02a0.png','cc217e6f0a8c042cb565977b7257839b','9f12b1d1f2ed71f00707f915b91b5ddf4e9f02a0'),(1221,'https://assets.mhw-db.com/armor/2af815f9647e73369730fbec376f2dec.90cfff3cb1664a51c17a76e5a7b8c05a3d62c9c4.png','2af815f9647e73369730fbec376f2dec','90cfff3cb1664a51c17a76e5a7b8c05a3d62c9c4'),(1222,'https://assets.mhw-db.com/armor/6ac41e29eeda0470417de8566f67c7da.9ec334f0ba3001572d4dd8ff82ab56f109c9034f.png','6ac41e29eeda0470417de8566f67c7da','9ec334f0ba3001572d4dd8ff82ab56f109c9034f'),(1223,'https://assets.mhw-db.com/armor/4f0ae4e3b959c57b6a37616ada29080d.af17c6c86d5b4d0d34d432f1eb62db18ba68b4e3.png','4f0ae4e3b959c57b6a37616ada29080d','af17c6c86d5b4d0d34d432f1eb62db18ba68b4e3'),(1224,'https://assets.mhw-db.com/armor/161d68228260e71da97ae80a7e76ab3c.076a5af0e98325fadbe18c34cbf5f8506600aeb2.png','161d68228260e71da97ae80a7e76ab3c','076a5af0e98325fadbe18c34cbf5f8506600aeb2'),(1225,'https://assets.mhw-db.com/armor/4218884d1d64cb492d8fa1bc4a64b437.f52f80f50a2eab9ba8745ca5e4c685a2ad223d1e.png','4218884d1d64cb492d8fa1bc4a64b437','f52f80f50a2eab9ba8745ca5e4c685a2ad223d1e'),(1226,'https://assets.mhw-db.com/armor/a2a25d80899a5395ff2dc2208d0c5af7.4489377a5ef9924bcd7f0cb83554af870333e4c5.png','a2a25d80899a5395ff2dc2208d0c5af7','4489377a5ef9924bcd7f0cb83554af870333e4c5'),(1227,'https://assets.mhw-db.com/armor/7d0e32241f9af34aa7f8640f3a80428b.dbdec0adb1a4b3f3de4e7fbd4574f3d7aa73f9a1.png','7d0e32241f9af34aa7f8640f3a80428b','dbdec0adb1a4b3f3de4e7fbd4574f3d7aa73f9a1'),(1228,'https://assets.mhw-db.com/armor/abe3248f11f0f8c8daaf2ac9b6a0d422.f56042851adbe8d518ba7ccd93b0cdbdbe0004d7.png','abe3248f11f0f8c8daaf2ac9b6a0d422','f56042851adbe8d518ba7ccd93b0cdbdbe0004d7'),(1229,'https://assets.mhw-db.com/armor/e180dc992dd722f5ebb8fba83feb5c7f.4c3bbfd9fc1c2bac6a447b8dbd4112afa3c77bd4.png','e180dc992dd722f5ebb8fba83feb5c7f','4c3bbfd9fc1c2bac6a447b8dbd4112afa3c77bd4'),(1230,'https://assets.mhw-db.com/armor/4d02c85c6b7c8578d7c9554ee41f2b19.161a3006b587048512a88753605f4ba8cc254e9f.png','4d02c85c6b7c8578d7c9554ee41f2b19','161a3006b587048512a88753605f4ba8cc254e9f'),(1231,'https://assets.mhw-db.com/armor/0b458e6de3990aa0350b15169ca2acb9.b1251eb413daa39fbcf881fd41626bf9dc5c2a91.png','0b458e6de3990aa0350b15169ca2acb9','b1251eb413daa39fbcf881fd41626bf9dc5c2a91'),(1232,'https://assets.mhw-db.com/armor/d5e0df81b7d23c15e12adacd20e898fb.519ad766ed646b809c38eb70d9b4bb71677b48a8.png','d5e0df81b7d23c15e12adacd20e898fb','519ad766ed646b809c38eb70d9b4bb71677b48a8'),(1233,'https://assets.mhw-db.com/armor/9f35d90d8822c7dcf9a259e7ea838aa1.7cd3a46034939040617b3abb0614b903e499b569.png','9f35d90d8822c7dcf9a259e7ea838aa1','7cd3a46034939040617b3abb0614b903e499b569'),(1234,'https://assets.mhw-db.com/armor/35fc8af7562f57b567f62752a1e7d7ee.e5d359155918b71656f27ae78ac467c18d686461.png','35fc8af7562f57b567f62752a1e7d7ee','e5d359155918b71656f27ae78ac467c18d686461'),(1235,'https://assets.mhw-db.com/armor/2e0b637b0d11e8860a8f0547895440a7.e3a28ac805af5b5821d325d0da7c5b77af235cd2.png','2e0b637b0d11e8860a8f0547895440a7','e3a28ac805af5b5821d325d0da7c5b77af235cd2'),(1236,'https://assets.mhw-db.com/armor/f356d771c84aa0dfed259de5557bd944.10f61adb920eb4991b2a49233831bfdef3586f5c.png','f356d771c84aa0dfed259de5557bd944','10f61adb920eb4991b2a49233831bfdef3586f5c'),(1237,'https://assets.mhw-db.com/armor/42cd3300a251fcb56a4305eba6928d82.b4726f0ead710621b57eef0bdd62e6194f25e7de.png','42cd3300a251fcb56a4305eba6928d82','b4726f0ead710621b57eef0bdd62e6194f25e7de'),(1238,'https://assets.mhw-db.com/armor/bc56711e06afcb6d96426a89a3227ff6.bf8347033bc518aae0161826366be94b732bc848.png','bc56711e06afcb6d96426a89a3227ff6','bf8347033bc518aae0161826366be94b732bc848'),(1239,'https://assets.mhw-db.com/armor/9cb7e485582b34fdfa49c96ec511fad2.edf987ab8f34f5be29a619e0da7b3d414d07d209.png','9cb7e485582b34fdfa49c96ec511fad2','edf987ab8f34f5be29a619e0da7b3d414d07d209'),(1240,'https://assets.mhw-db.com/armor/e89d119ec6df9d59c4876fb914084e52.f2a34e672f61b87ef60171ec59ce6d0409cbe557.png','e89d119ec6df9d59c4876fb914084e52','f2a34e672f61b87ef60171ec59ce6d0409cbe557'),(1241,'https://assets.mhw-db.com/armor/c5c9f11f193c17949dfa6e0fddc74851.b824fa2f5a2f815a11934384d3bb9033dfd6d595.png','c5c9f11f193c17949dfa6e0fddc74851','b824fa2f5a2f815a11934384d3bb9033dfd6d595'),(1242,'https://assets.mhw-db.com/armor/5e707cfcc41b5988f4460f6445630aca.85f1aa60bad591cea1b4ef17b3be20db19a41e47.png','5e707cfcc41b5988f4460f6445630aca','85f1aa60bad591cea1b4ef17b3be20db19a41e47'),(1243,'https://assets.mhw-db.com/armor/b580cd4865a9cd7459efe0fa87700834.9a3427a4b29f87b5548f2b9fb03a7387b569edf3.png','b580cd4865a9cd7459efe0fa87700834','9a3427a4b29f87b5548f2b9fb03a7387b569edf3'),(1244,'https://assets.mhw-db.com/armor/0c494066608149a96dbf271d6bec361c.d58d21b2682dfd0a7f4c710039754014792e1742.png','0c494066608149a96dbf271d6bec361c','d58d21b2682dfd0a7f4c710039754014792e1742'),(1245,'https://assets.mhw-db.com/armor/7ed186efb948e8d8afd98709cb0c07f1.dfa4d558df409d179b4ab2e02ade8a71cfdba3a3.png','7ed186efb948e8d8afd98709cb0c07f1','dfa4d558df409d179b4ab2e02ade8a71cfdba3a3'),(1246,'https://assets.mhw-db.com/armor/e4446aa6c9bee7f239dff09e70cf81e7.acb137c7789c2b36781311deb923db5a32034f98.png','e4446aa6c9bee7f239dff09e70cf81e7','acb137c7789c2b36781311deb923db5a32034f98'),(1247,'https://assets.mhw-db.com/armor/f8b9bf350adbe86bae37e7b9ac3f2a93.ccb41049e07688f3ba0e457baa40f1135a030d7e.png','f8b9bf350adbe86bae37e7b9ac3f2a93','ccb41049e07688f3ba0e457baa40f1135a030d7e'),(1248,'https://assets.mhw-db.com/armor/415a59032605022bcee91cdba9e29764.d68a3847a8e70e8122bdf4f2910bcf5d6e1e1575.png','415a59032605022bcee91cdba9e29764','d68a3847a8e70e8122bdf4f2910bcf5d6e1e1575'),(1249,'https://assets.mhw-db.com/armor/951b4844e0120b8cd0059fc8a8d2c8aa.bcfa705de8b314e56cd58017f1cf30a7ce890bfd.png','951b4844e0120b8cd0059fc8a8d2c8aa','bcfa705de8b314e56cd58017f1cf30a7ce890bfd'),(1250,'https://assets.mhw-db.com/armor/bdc5c92fcb3693e675b74169026a39e9.29c5e146ee25b0016cfa9eb116bae81fc1843add.png','bdc5c92fcb3693e675b74169026a39e9','29c5e146ee25b0016cfa9eb116bae81fc1843add'),(1251,'https://assets.mhw-db.com/armor/725509d57be714e461ab5d88f9bdb9d7.1bfa73bf9580727e3b536f812d6bd4bf1998f80f.png','725509d57be714e461ab5d88f9bdb9d7','1bfa73bf9580727e3b536f812d6bd4bf1998f80f'),(1252,'https://assets.mhw-db.com/armor/fee1c84471b26ea98b6d9392ade7e793.af8b63d446dabeb5cbe949e7b393fa1ca8824584.png','fee1c84471b26ea98b6d9392ade7e793','af8b63d446dabeb5cbe949e7b393fa1ca8824584'),(1253,'https://assets.mhw-db.com/armor/87bdb693f93c528bf3c39f2c1d912fef.670508ad8bef7bf5cc68d5a99bf48f2cbf0f4570.png','87bdb693f93c528bf3c39f2c1d912fef','670508ad8bef7bf5cc68d5a99bf48f2cbf0f4570'),(1254,'https://assets.mhw-db.com/armor/82a3b7d20e9e5ec3818c064731d218bc.c688ea6d0b7a316c6b273aa00152e7ff969a5c7d.png','82a3b7d20e9e5ec3818c064731d218bc','c688ea6d0b7a316c6b273aa00152e7ff969a5c7d'),(1255,'https://assets.mhw-db.com/armor/425e30051fc6312b8bb6e48bebccaba1.16f56173b77a081253ab50d219c8fb1334030ae4.png','425e30051fc6312b8bb6e48bebccaba1','16f56173b77a081253ab50d219c8fb1334030ae4'),(1256,'https://assets.mhw-db.com/armor/c0ac8bc6c06d938ac2739fb2a34e7102.97a551acc5417b534d07f3cb6c570314d8947b8f.png','c0ac8bc6c06d938ac2739fb2a34e7102','97a551acc5417b534d07f3cb6c570314d8947b8f'),(1257,'https://assets.mhw-db.com/armor/5fa9899019adb65261129059e30504b1.9c3d0741692bc8b3b96e92e75feb2ba8a68110d4.png','5fa9899019adb65261129059e30504b1','9c3d0741692bc8b3b96e92e75feb2ba8a68110d4'),(1258,'https://assets.mhw-db.com/armor/41e7aeaeedbdf759b5d84c76cf1209b4.76b25b1c525eaf2bd7cb05be586165c65803f292.png','41e7aeaeedbdf759b5d84c76cf1209b4','76b25b1c525eaf2bd7cb05be586165c65803f292'),(1259,'https://assets.mhw-db.com/armor/4346fe72c73b490c7884c5766a026799.e0d0323b47a1262b66be7d0486d6a58be96015d1.png','4346fe72c73b490c7884c5766a026799','e0d0323b47a1262b66be7d0486d6a58be96015d1'),(1260,'https://assets.mhw-db.com/armor/fad0d8e4163c66ddc39d7fd1452aee51.eed52d43223ef85d6104e70f61e5e46e203ab662.png','fad0d8e4163c66ddc39d7fd1452aee51','eed52d43223ef85d6104e70f61e5e46e203ab662'),(1261,'https://assets.mhw-db.com/armor/2d106d61dad053cccdd55b71f637ef9b.3ffa770d30ddee5fb1fc773920df80e42dd37f31.png','2d106d61dad053cccdd55b71f637ef9b','3ffa770d30ddee5fb1fc773920df80e42dd37f31'),(1262,'https://assets.mhw-db.com/armor/f0e92335fd1163730a2c59f97c6369ae.f41c24bc0adc9490fc40caf92b84b8e2fafcd12d.png','f0e92335fd1163730a2c59f97c6369ae','f41c24bc0adc9490fc40caf92b84b8e2fafcd12d'),(1263,'https://assets.mhw-db.com/armor/b66cbce209dab2a6097dc494c0ecbd8c.d16515a970b942b9266acb11a74abc3ba0fbf644.png','b66cbce209dab2a6097dc494c0ecbd8c','d16515a970b942b9266acb11a74abc3ba0fbf644'),(1264,'https://assets.mhw-db.com/armor/f070bc013cd63bca95bd0b3ca4db0d92.5ecfe32af0fb5151480ed6df802e3892f518f919.png','f070bc013cd63bca95bd0b3ca4db0d92','5ecfe32af0fb5151480ed6df802e3892f518f919'),(1265,'https://assets.mhw-db.com/armor/8fb9daeb62aa75dcbb3c026a4e5476d4.87a610ad1f63768ecc7f640d81e1e647ac9000cf.png','8fb9daeb62aa75dcbb3c026a4e5476d4','87a610ad1f63768ecc7f640d81e1e647ac9000cf'),(1266,'https://assets.mhw-db.com/armor/207117c7a84b931b0f45780eb49a6feb.7670fd13222594471303d9df26a5aa1a5a3ccc05.png','207117c7a84b931b0f45780eb49a6feb','7670fd13222594471303d9df26a5aa1a5a3ccc05'),(1267,'https://assets.mhw-db.com/armor/19bbf2fc67268907307c43d2cc2c0c78.6eee281b98ddf1c01927d55d05fbe5a058147265.png','19bbf2fc67268907307c43d2cc2c0c78','6eee281b98ddf1c01927d55d05fbe5a058147265'),(1268,'https://assets.mhw-db.com/armor/b4ad1a031ef23ff4658f6400264493c8.a8182552045a8a93b41feb47a0884a35033911d0.png','b4ad1a031ef23ff4658f6400264493c8','a8182552045a8a93b41feb47a0884a35033911d0'),(1269,'https://assets.mhw-db.com/armor/20aa6e4b024b56141d390ea8a15f6101.d7bf2f551fe1fdb28321f7972e151df32bf08122.png','20aa6e4b024b56141d390ea8a15f6101','d7bf2f551fe1fdb28321f7972e151df32bf08122'),(1270,'https://assets.mhw-db.com/armor/5cc83e2ea2310c22d60481b8c0bf9364.009066c0b57fa4f4cf71a1ab022292107fbcfb3d.png','5cc83e2ea2310c22d60481b8c0bf9364','009066c0b57fa4f4cf71a1ab022292107fbcfb3d'),(1271,'https://assets.mhw-db.com/armor/7495efc8d5a5036cf6df8571b5928709.c35f487d085457abc22a93b9a91f5336b8d183f8.png','7495efc8d5a5036cf6df8571b5928709','c35f487d085457abc22a93b9a91f5336b8d183f8'),(1272,'https://assets.mhw-db.com/armor/f4912b00efc26769bbbbb158e67c57a7.0f44166d35537e139e614fd3d57b103a8677445f.png','f4912b00efc26769bbbbb158e67c57a7','0f44166d35537e139e614fd3d57b103a8677445f'),(1273,'https://assets.mhw-db.com/armor/36d0252774ec6e80d959243efe63daf6.f7d874d7d21e62d666968f9a23f6be800528d980.png','36d0252774ec6e80d959243efe63daf6','f7d874d7d21e62d666968f9a23f6be800528d980'),(1274,'https://assets.mhw-db.com/armor/c931db09131b2024b488c207ffea0ba7.485db7fca55f236b13b292cb3f440f0463a4e8ef.png','c931db09131b2024b488c207ffea0ba7','485db7fca55f236b13b292cb3f440f0463a4e8ef'),(1275,'https://assets.mhw-db.com/armor/684f83a6a22194efaed4ec2bde881048.9416a48de25f1d407a22338b0131b60cf868e9bd.png','684f83a6a22194efaed4ec2bde881048','9416a48de25f1d407a22338b0131b60cf868e9bd'),(1276,'https://assets.mhw-db.com/armor/1ba926bf0f561c63f29121d76facca70.fd3913cc2d5ab1dd53e4343938d37a7b2251000c.png','1ba926bf0f561c63f29121d76facca70','fd3913cc2d5ab1dd53e4343938d37a7b2251000c'),(1277,'https://assets.mhw-db.com/armor/4403ba76181da7104e0df09037dce076.e6d5fcad3148613dbd64777bc55ae6fa7e90abb2.png','4403ba76181da7104e0df09037dce076','e6d5fcad3148613dbd64777bc55ae6fa7e90abb2'),(1278,'https://assets.mhw-db.com/armor/a8dbddfd9b8463f4ce08e8e6308db85a.9fc570a8678749077d75127cb96ed41139203ba8.png','a8dbddfd9b8463f4ce08e8e6308db85a','9fc570a8678749077d75127cb96ed41139203ba8'),(1279,'https://assets.mhw-db.com/armor/9bed3b900558927c5be00089a162225f.611986cdca3e2c0d55c47e397dca14b8def2d371.png','9bed3b900558927c5be00089a162225f','611986cdca3e2c0d55c47e397dca14b8def2d371'),(1280,'https://assets.mhw-db.com/armor/ab9584080d385c4aff2e390455114b67.c5b803cc8d3138bcbb1484e0e20482f08874739e.png','ab9584080d385c4aff2e390455114b67','c5b803cc8d3138bcbb1484e0e20482f08874739e'),(1281,'https://assets.mhw-db.com/armor/63ca3431ca6d7dc5ca7ec95f1f144c13.6afdf67c52cd1a47d7fe64e98a968d770463ea8d.png','63ca3431ca6d7dc5ca7ec95f1f144c13','6afdf67c52cd1a47d7fe64e98a968d770463ea8d'),(1282,'https://assets.mhw-db.com/armor/bc6b51c49429bd75290679a787cc65bd.162a5efabab550b0d5930dab852aeac2757e76f3.png','bc6b51c49429bd75290679a787cc65bd','162a5efabab550b0d5930dab852aeac2757e76f3'),(1283,'https://assets.mhw-db.com/armor/3e34d55fbb2e9d25ad88df573b2d5944.2c34f6db5f58011f558256c9c1a7cc3fc1705d5e.png','3e34d55fbb2e9d25ad88df573b2d5944','2c34f6db5f58011f558256c9c1a7cc3fc1705d5e'),(1284,'https://assets.mhw-db.com/armor/9e4d1a27c12c2fd61cbded034bca0c87.3c98f928aca36e6f62a0a5fe73c6fa202cd01255.png','9e4d1a27c12c2fd61cbded034bca0c87','3c98f928aca36e6f62a0a5fe73c6fa202cd01255'),(1285,'https://assets.mhw-db.com/armor/2541361247bc2a4327102495095b6d6b.ff45d43b9685cb2532a2c50da25cdb4812be0f36.png','2541361247bc2a4327102495095b6d6b','ff45d43b9685cb2532a2c50da25cdb4812be0f36'),(1286,'https://assets.mhw-db.com/armor/d74c28f8e592a6324c69e67a7f50c352.a1ed1b5bd2c7f31b102f0871de02605de828a90a.png','d74c28f8e592a6324c69e67a7f50c352','a1ed1b5bd2c7f31b102f0871de02605de828a90a'),(1287,'https://assets.mhw-db.com/armor/8a1b785b1069e8ce7bd59f522d9c4b84.39a56e83953cb436e43d8383d0d0c48fbf357595.png','8a1b785b1069e8ce7bd59f522d9c4b84','39a56e83953cb436e43d8383d0d0c48fbf357595'),(1288,'https://assets.mhw-db.com/armor/849c26bec3f90278c22d0b1958f44e9b.da2626afc84a72bd9059d9cb3a5596afbdc47ad1.png','849c26bec3f90278c22d0b1958f44e9b','da2626afc84a72bd9059d9cb3a5596afbdc47ad1'),(1289,'https://assets.mhw-db.com/armor/e810df30d106688bc3e6d72737c46db7.7437ff5e229e122a29d664a8f3f99ac965094132.png','e810df30d106688bc3e6d72737c46db7','7437ff5e229e122a29d664a8f3f99ac965094132'),(1290,'https://assets.mhw-db.com/armor/f9543abb0ade89f92d6518a12d88e8c1.08bc879881fd539c18ee49f248a354e65a83012e.png','f9543abb0ade89f92d6518a12d88e8c1','08bc879881fd539c18ee49f248a354e65a83012e'),(1291,'https://assets.mhw-db.com/armor/73d4ce7c9d67423486deb2dde0e694a4.7086ec683a94be29bc5d85f1b188104776ff1889.png','73d4ce7c9d67423486deb2dde0e694a4','7086ec683a94be29bc5d85f1b188104776ff1889'),(1292,'https://assets.mhw-db.com/armor/da4310c3e473163f480cefda646ec6ac.e6df6895236986c9ef077c1430ad6a3f3173126c.png','da4310c3e473163f480cefda646ec6ac','e6df6895236986c9ef077c1430ad6a3f3173126c'),(1293,'https://assets.mhw-db.com/armor/a40061d5ccb6930c75cc7d0811c69df4.44e17068a2debb50cb3ea1446951dc664da7c320.png','a40061d5ccb6930c75cc7d0811c69df4','44e17068a2debb50cb3ea1446951dc664da7c320'),(1294,'https://assets.mhw-db.com/armor/a949a26533ff52804befaf4d8db037f9.8977435e3cca1af0c0e5c053125dca51e6e758be.png','a949a26533ff52804befaf4d8db037f9','8977435e3cca1af0c0e5c053125dca51e6e758be'),(1295,'https://assets.mhw-db.com/armor/a8f3123832c5f123a1e8ad7dd7109c44.fc34e9421c66e971a6dbfcacaffcdc6504f44e0f.png','a8f3123832c5f123a1e8ad7dd7109c44','fc34e9421c66e971a6dbfcacaffcdc6504f44e0f'),(1296,'https://assets.mhw-db.com/armor/6b3e80ccfee56c2e8b7161af5570c068.40aef1a4cc223381993d28b01f94f6c570af070c.png','6b3e80ccfee56c2e8b7161af5570c068','40aef1a4cc223381993d28b01f94f6c570af070c'),(1297,'https://assets.mhw-db.com/armor/90368aa9a4e3dabb0e62aa0c7f78bff6.bc97cd93e41174521c82683d4843cac4b68f927b.png','90368aa9a4e3dabb0e62aa0c7f78bff6','bc97cd93e41174521c82683d4843cac4b68f927b'),(1298,'https://assets.mhw-db.com/armor/4ca18a7510a417038c701fc1a8e6017d.d3525e64107b68b932bf45bca4e11bb12384d5d4.png','4ca18a7510a417038c701fc1a8e6017d','d3525e64107b68b932bf45bca4e11bb12384d5d4'),(1299,'https://assets.mhw-db.com/armor/4215c5c59ca39c90f4c307608927b0d0.eeb28e2a636dfbbe032345d32c5780029cab6db9.png','4215c5c59ca39c90f4c307608927b0d0','eeb28e2a636dfbbe032345d32c5780029cab6db9'),(1300,'https://assets.mhw-db.com/armor/a5750c933c22a3c9260c891a2ab2638f.0c549e07264b998dea161934450cdf0e3e115d4b.png','a5750c933c22a3c9260c891a2ab2638f','0c549e07264b998dea161934450cdf0e3e115d4b'),(1301,'https://assets.mhw-db.com/armor/3ac77af7d6531f093245558996f3f919.eb45a8432c44598985fb0163dd78f24488939765.png','3ac77af7d6531f093245558996f3f919','eb45a8432c44598985fb0163dd78f24488939765'),(1302,'https://assets.mhw-db.com/armor/e6d09f96ade88f416ae3e97b25cf7a3e.7240a10c7436c5c389123d4bedf589ee9dd1e9b6.png','e6d09f96ade88f416ae3e97b25cf7a3e','7240a10c7436c5c389123d4bedf589ee9dd1e9b6'),(1303,'https://assets.mhw-db.com/armor/0152684b5ae7ab4a236ca3e93f71410c.a7c1535726055b35a8b6db356fd033b76228839c.png','0152684b5ae7ab4a236ca3e93f71410c','a7c1535726055b35a8b6db356fd033b76228839c'),(1304,'https://assets.mhw-db.com/armor/a1cc8be2c2634faaebd562acb9e8a188.dcad690fa0a66ee6cbefb2222f2df1072a7ccb76.png','a1cc8be2c2634faaebd562acb9e8a188','dcad690fa0a66ee6cbefb2222f2df1072a7ccb76'),(1305,'https://assets.mhw-db.com/armor/56c6235b5a1c91bce2b6d67fd98b3e46.6951761f2780bb9ab4e2d56ed3a39e3ecd80c14f.png','56c6235b5a1c91bce2b6d67fd98b3e46','6951761f2780bb9ab4e2d56ed3a39e3ecd80c14f'),(1306,'https://assets.mhw-db.com/armor/c843d1ba72f74ede7c5e0833edd818ec.f4d1bca557c91c13caa521f44ec5d8ee9332acd0.png','c843d1ba72f74ede7c5e0833edd818ec','f4d1bca557c91c13caa521f44ec5d8ee9332acd0'),(1307,'https://assets.mhw-db.com/armor/82ee1792038506a36256c688adc945b3.f4888e0dc6fc15e862dc1a79c7dbfd353a5b1ce1.png','82ee1792038506a36256c688adc945b3','f4888e0dc6fc15e862dc1a79c7dbfd353a5b1ce1'),(1308,'https://assets.mhw-db.com/armor/91df11489a3d4af5c071c195ab2fdb9c.15ab5198f8f649fcac0f09c95679e077f2b9c501.png','91df11489a3d4af5c071c195ab2fdb9c','15ab5198f8f649fcac0f09c95679e077f2b9c501'),(1309,'https://assets.mhw-db.com/armor/3260de389cfca9b173fc80b6b30159a8.2cf42df9b3ca4376ceeccfce1b7a1e8010a0188c.png','3260de389cfca9b173fc80b6b30159a8','2cf42df9b3ca4376ceeccfce1b7a1e8010a0188c'),(1310,'https://assets.mhw-db.com/armor/613de7cef6294abb7a6fe9ae14fb9af0.147f622bfd2314b66f2bdc1e49a1e4182a3e6e38.png','613de7cef6294abb7a6fe9ae14fb9af0','147f622bfd2314b66f2bdc1e49a1e4182a3e6e38'),(1311,'https://assets.mhw-db.com/armor/a4175bb1f5dad290f221d0946b4975a0.f92c3e3dcd4685279bcfb5b3beb078596f2cd23c.png','a4175bb1f5dad290f221d0946b4975a0','f92c3e3dcd4685279bcfb5b3beb078596f2cd23c'),(1312,'https://assets.mhw-db.com/armor/701c16d0a927a6b0c6a0a6ebedb8c043.940692e2c005b54447b58c4d02d2932aa793b637.png','701c16d0a927a6b0c6a0a6ebedb8c043','940692e2c005b54447b58c4d02d2932aa793b637'),(1313,'https://assets.mhw-db.com/armor/03648a82749d5b42df870dd15676e8cf.bffb9f747b01b4b8c8b3b5b95506dd3d44a9b417.png','03648a82749d5b42df870dd15676e8cf','bffb9f747b01b4b8c8b3b5b95506dd3d44a9b417'),(1314,'https://assets.mhw-db.com/armor/8a8da99817ea1c6e02757c046f9901ba.5d410c95d71093296edf2230376c753b91640ad7.png','8a8da99817ea1c6e02757c046f9901ba','5d410c95d71093296edf2230376c753b91640ad7'),(1315,'https://assets.mhw-db.com/armor/6e109f9c4371e147fc3410c30b91c1e8.a9f0b5b78340e904f3ab44fa0f6aa942ea92957e.png','6e109f9c4371e147fc3410c30b91c1e8','a9f0b5b78340e904f3ab44fa0f6aa942ea92957e'),(1316,'https://assets.mhw-db.com/armor/6736476baee1ee077d7a2f322b256d6c.3fc3e1f37b3e34e1a167c68251e83aaaa1a17434.png','6736476baee1ee077d7a2f322b256d6c','3fc3e1f37b3e34e1a167c68251e83aaaa1a17434'),(1317,'https://assets.mhw-db.com/armor/b09fd4631d804063e12de910087fbca8.5f725f4dc7e21f6c4878cf93c4680c6cd28ca5c6.png','b09fd4631d804063e12de910087fbca8','5f725f4dc7e21f6c4878cf93c4680c6cd28ca5c6'),(1318,'https://assets.mhw-db.com/armor/0c6cc012e803c79bd8ae34f5a09a2738.4c7570a47d5cc2a46d6aedcb00c621f7b38a4baa.png','0c6cc012e803c79bd8ae34f5a09a2738','4c7570a47d5cc2a46d6aedcb00c621f7b38a4baa'),(1319,'https://assets.mhw-db.com/armor/afec146b4d249c908fd164c8b7bf8a79.0650d80fd4e2ee313123fed07dad053613cc4ad2.png','afec146b4d249c908fd164c8b7bf8a79','0650d80fd4e2ee313123fed07dad053613cc4ad2'),(1320,'https://assets.mhw-db.com/armor/69f1b95a9c0a785b1800409a98eaf154.e35e0f8de8e13ec2e8f25fb7a9a2f3584a8a54dd.png','69f1b95a9c0a785b1800409a98eaf154','e35e0f8de8e13ec2e8f25fb7a9a2f3584a8a54dd'),(1321,'https://assets.mhw-db.com/armor/10d7bfe2386a1b3c0652d644f51f46d5.48383e32992f71de709e053b433715124f817a4c.png','10d7bfe2386a1b3c0652d644f51f46d5','48383e32992f71de709e053b433715124f817a4c'),(1322,'https://assets.mhw-db.com/armor/b43cf345b1762f5f646f38409f3ee8fd.523ce3b9a0ead28ab12731f9509b879946df8693.png','b43cf345b1762f5f646f38409f3ee8fd','523ce3b9a0ead28ab12731f9509b879946df8693'),(1323,'https://assets.mhw-db.com/armor/27eefbf7a47bcc88a5dc4389b07193a5.bea02da410b55ec4f8cb811c124658c913aea70d.png','27eefbf7a47bcc88a5dc4389b07193a5','bea02da410b55ec4f8cb811c124658c913aea70d'),(1324,'https://assets.mhw-db.com/armor/4c80d9475246a41b7f378939e7592bb2.6d083a07a15ef01604017ad80a76e06bd24fa598.png','4c80d9475246a41b7f378939e7592bb2','6d083a07a15ef01604017ad80a76e06bd24fa598'),(1325,'https://assets.mhw-db.com/armor/938aa8c602fcdc98fe318943295ca831.bafc7c311d65b18eccfdb5513745772d04f42b37.png','938aa8c602fcdc98fe318943295ca831','bafc7c311d65b18eccfdb5513745772d04f42b37'),(1326,'https://assets.mhw-db.com/armor/51b63028b79e55c024f92afbc104d7e5.a34ffee3009596370d975ec3831c1531336e1e91.png','51b63028b79e55c024f92afbc104d7e5','a34ffee3009596370d975ec3831c1531336e1e91'),(1327,'https://assets.mhw-db.com/armor/6e3ffec43ceb6d06a92c4652dbea3a48.b1d6dbf2d454b49c8090c10f2f3a44440ddfd76d.png','6e3ffec43ceb6d06a92c4652dbea3a48','b1d6dbf2d454b49c8090c10f2f3a44440ddfd76d'),(1328,'https://assets.mhw-db.com/armor/ff02050f99851780eda40753389530d5.06368cbd743eb7569456d08b6754d5f5c54df330.png','ff02050f99851780eda40753389530d5','06368cbd743eb7569456d08b6754d5f5c54df330'),(1329,'https://assets.mhw-db.com/armor/afbc32400acae64e99343efed625f8bd.15dfed8385f6d2887dcea9fcc69d72fdcd66b2a7.png','afbc32400acae64e99343efed625f8bd','15dfed8385f6d2887dcea9fcc69d72fdcd66b2a7'),(1330,'https://assets.mhw-db.com/armor/e4c5ec905f967ea9a8db78a510462caf.6011d51891e8880374c973a29548a8f5cd2a6f25.png','e4c5ec905f967ea9a8db78a510462caf','6011d51891e8880374c973a29548a8f5cd2a6f25'),(1331,'https://assets.mhw-db.com/armor/09e646ada12d22ce12c467c240e665ae.acba8817f0d17749280424a878d64fe6585ea811.png','09e646ada12d22ce12c467c240e665ae','acba8817f0d17749280424a878d64fe6585ea811'),(1332,'https://assets.mhw-db.com/armor/b6a79b993b1386ecf23a2a1848683062.c113f8682f6e57d4eb7275d38b3e0570fc5798b0.png','b6a79b993b1386ecf23a2a1848683062','c113f8682f6e57d4eb7275d38b3e0570fc5798b0'),(1333,'https://assets.mhw-db.com/armor/f86a643dc05bf8e36f9aeacdeb799ccd.a3a9305dd1967bae2834d252b92fb001eca6233f.png','f86a643dc05bf8e36f9aeacdeb799ccd','a3a9305dd1967bae2834d252b92fb001eca6233f'),(1334,'https://assets.mhw-db.com/armor/929a504190cbcca5f5e0fb411c328eb0.1476860a45e3c72af8dca959bbef39934a9c02f2.png','929a504190cbcca5f5e0fb411c328eb0','1476860a45e3c72af8dca959bbef39934a9c02f2'),(1335,'https://assets.mhw-db.com/armor/47d9112467bf67c4a2206e1d5b702506.0326bbb7134dc257b87b23c8bbb744c8536061a2.png','47d9112467bf67c4a2206e1d5b702506','0326bbb7134dc257b87b23c8bbb744c8536061a2'),(1336,'https://assets.mhw-db.com/armor/efb69d90bc5eafb4607f566800e8a812.eeb3633768cb47fde94430f48f394265c3917cf8.png','efb69d90bc5eafb4607f566800e8a812','eeb3633768cb47fde94430f48f394265c3917cf8'),(1337,'https://assets.mhw-db.com/armor/3a8e48e456c0a6c9ee76d42a8f54cf94.22e1f79a42da91dbf070ae5f481a3d27ed8157cb.png','3a8e48e456c0a6c9ee76d42a8f54cf94','22e1f79a42da91dbf070ae5f481a3d27ed8157cb'),(1338,'https://assets.mhw-db.com/armor/5918478178fdcd0be1e75c09af92f2c6.7cba58b87a1e76892ac48a54bbb28c020d67271e.png','5918478178fdcd0be1e75c09af92f2c6','7cba58b87a1e76892ac48a54bbb28c020d67271e'),(1339,'https://assets.mhw-db.com/armor/a765b284e3cbdecf3c645f6ece17879e.6b163c863950211b7af52e54715a83aab973f425.png','a765b284e3cbdecf3c645f6ece17879e','6b163c863950211b7af52e54715a83aab973f425'),(1340,'https://assets.mhw-db.com/armor/08965381646a68efb414fbf47d13c46b.86e51d786bfd978f8782cef52ed2c94bf82d9663.png','08965381646a68efb414fbf47d13c46b','86e51d786bfd978f8782cef52ed2c94bf82d9663'),(1341,'https://assets.mhw-db.com/armor/d556af6326a5e2b256fd98f2056c762d.e6940b9e37e0f3ef91cff388e3c5e426b4605694.png','d556af6326a5e2b256fd98f2056c762d','e6940b9e37e0f3ef91cff388e3c5e426b4605694'),(1342,'https://assets.mhw-db.com/armor/1987c01c95d6e10e8b9bd2bbfb1a859f.ed6c3518e884034e19debf9fc6a65e105787c01f.png','1987c01c95d6e10e8b9bd2bbfb1a859f','ed6c3518e884034e19debf9fc6a65e105787c01f'),(1343,'https://assets.mhw-db.com/armor/7db3c16428a01e1f6c67fae123b6d191.bf5f8bfb05ec54510f98079ce1add23ccfe74ff7.png','7db3c16428a01e1f6c67fae123b6d191','bf5f8bfb05ec54510f98079ce1add23ccfe74ff7'),(1344,'https://assets.mhw-db.com/armor/e089f314969b6f918dd751374a090692.799de9cbece69546776134180cdd0569164c27ef.png','e089f314969b6f918dd751374a090692','799de9cbece69546776134180cdd0569164c27ef'),(1345,'https://assets.mhw-db.com/armor/f0c69963e6e178fb8e4eb55042be569b.91718a6f945ceabe010cc01bbc421dd02fb15ee0.png','f0c69963e6e178fb8e4eb55042be569b','91718a6f945ceabe010cc01bbc421dd02fb15ee0'),(1346,'https://assets.mhw-db.com/armor/d629a351731de78516987be866238800.0cf83ec7a73429edbec31f7e781ba85b532a088b.png','d629a351731de78516987be866238800','0cf83ec7a73429edbec31f7e781ba85b532a088b'),(1347,'https://assets.mhw-db.com/armor/4924ccc7e425732ef6ebad097814e0be.9aa0c3bcb9556bf17326527dcdb4785331c7a6e6.png','4924ccc7e425732ef6ebad097814e0be','9aa0c3bcb9556bf17326527dcdb4785331c7a6e6'),(1348,'https://assets.mhw-db.com/armor/7bd093ab79658f519b5ebff18fbaae68.19233bcb3304087ea9e55413d779fad7326b5f40.png','7bd093ab79658f519b5ebff18fbaae68','19233bcb3304087ea9e55413d779fad7326b5f40'),(1349,'https://assets.mhw-db.com/armor/62debf81e586ce81139f6dea15f82a75.6650b8a140bccfb750f3cee95a1c27e975d49098.png','62debf81e586ce81139f6dea15f82a75','6650b8a140bccfb750f3cee95a1c27e975d49098'),(1350,'https://assets.mhw-db.com/armor/6e1a967423f3ca1a77e7f05ef9c52bbc.8d1f0d55639b1a7e1684842fe3c672f166a1e585.png','6e1a967423f3ca1a77e7f05ef9c52bbc','8d1f0d55639b1a7e1684842fe3c672f166a1e585'),(1351,'https://assets.mhw-db.com/armor/6a322ccd540b0290f25df2e1f2ed5058.2eafe1c11dfce458567a5af97361a6cc01696a19.png','6a322ccd540b0290f25df2e1f2ed5058','2eafe1c11dfce458567a5af97361a6cc01696a19'),(1352,'https://assets.mhw-db.com/armor/3fba9e213dfd1f0417494ea529d2532d.5fb2869f709502056c0e35836e5560d0ed4492f1.png','3fba9e213dfd1f0417494ea529d2532d','5fb2869f709502056c0e35836e5560d0ed4492f1'),(1353,'https://assets.mhw-db.com/armor/9460bc7bb593274b3f2f0cf5e55267b3.afb14d8db10965e51360775778f26d6d096ecd65.png','9460bc7bb593274b3f2f0cf5e55267b3','afb14d8db10965e51360775778f26d6d096ecd65'),(1354,'https://assets.mhw-db.com/armor/8269eaaed65996a8ba321b16912d777d.5484c67796fa969be56170be7d75e4427317c11e.png','8269eaaed65996a8ba321b16912d777d','5484c67796fa969be56170be7d75e4427317c11e'),(1355,'https://assets.mhw-db.com/armor/94f82e1a0a83830e19d9231b14ce1363.0e1cf53cf6b0e457cf06680029e0403403b53f68.png','94f82e1a0a83830e19d9231b14ce1363','0e1cf53cf6b0e457cf06680029e0403403b53f68'),(1356,'https://assets.mhw-db.com/armor/9de1e3112e41533a0732747dbd6e0833.4d3774f685d1b317d7232df47039989f4151a355.png','9de1e3112e41533a0732747dbd6e0833','4d3774f685d1b317d7232df47039989f4151a355'),(1357,'https://assets.mhw-db.com/armor/7996d4150b054fd60340c137618882c2.ca763dd0577d25cf45d2cbd676be6ec924dbc309.png','7996d4150b054fd60340c137618882c2','ca763dd0577d25cf45d2cbd676be6ec924dbc309'),(1358,'https://assets.mhw-db.com/armor/68ddd3acdb242db0c85c78c0eb2d4525.8df9592bfdf8fbaa65d367d17f0d578fa792b954.png','68ddd3acdb242db0c85c78c0eb2d4525','8df9592bfdf8fbaa65d367d17f0d578fa792b954'),(1359,'https://assets.mhw-db.com/armor/273ed38aa89063c80057494bc34dffd1.080f27d26c335cb77cbe98793c58373de5fcf512.png','273ed38aa89063c80057494bc34dffd1','080f27d26c335cb77cbe98793c58373de5fcf512'),(1360,'https://assets.mhw-db.com/armor/b5ee097b037c3aa927ed19b9416337c5.113c5c22615603df4c43652c777b0a43cd687c18.png','b5ee097b037c3aa927ed19b9416337c5','113c5c22615603df4c43652c777b0a43cd687c18'),(1361,'https://assets.mhw-db.com/armor/748eedd5e2d06edc5b35329f091415f3.e686c478e4e0090a3b5cb581dba6547c56cce1ae.png','748eedd5e2d06edc5b35329f091415f3','e686c478e4e0090a3b5cb581dba6547c56cce1ae'),(1362,'https://assets.mhw-db.com/armor/baa922aa564c6ad7016c11d43f1e5799.1f8f63889318492e17a844fb6168aeb5b5ffdc50.png','baa922aa564c6ad7016c11d43f1e5799','1f8f63889318492e17a844fb6168aeb5b5ffdc50'),(1363,'https://assets.mhw-db.com/armor/a89bd7e4893b681f9477f17d263c905f.2a596e14c9e5e899ab9b0a42001af849276ea268.png','a89bd7e4893b681f9477f17d263c905f','2a596e14c9e5e899ab9b0a42001af849276ea268'),(1364,'https://assets.mhw-db.com/armor/b1a70b26f8449e0905540bef0caecd76.f673828de69f759df70437d7c5d1764bfa125aaf.png','b1a70b26f8449e0905540bef0caecd76','f673828de69f759df70437d7c5d1764bfa125aaf'),(1365,'https://assets.mhw-db.com/armor/865a402f31d421c160eb31dd90b08e59.c514109c48af66bc97536c92e04b2a74a1bed51c.png','865a402f31d421c160eb31dd90b08e59','c514109c48af66bc97536c92e04b2a74a1bed51c'),(1366,'https://assets.mhw-db.com/armor/9bf5c4b99ff6755a0c14cc025e278466.a8e5b3205c6f6c173cd4b9fadf8791e0533e2241.png','9bf5c4b99ff6755a0c14cc025e278466','a8e5b3205c6f6c173cd4b9fadf8791e0533e2241'),(1367,'https://assets.mhw-db.com/armor/333d1e83fb6ccb6951f449c1764dfe7e.cc87b354d78ba1cf3ef347fe7b2224685ea132c2.png','333d1e83fb6ccb6951f449c1764dfe7e','cc87b354d78ba1cf3ef347fe7b2224685ea132c2'),(1368,'https://assets.mhw-db.com/armor/2ebc245bbd2b852e21c8258f1d528f81.3df6f633e400b28e5995a962584646776e51e1bf.png','2ebc245bbd2b852e21c8258f1d528f81','3df6f633e400b28e5995a962584646776e51e1bf'),(1369,'https://assets.mhw-db.com/armor/5b9e9c73ef27cda50c780450915a2b3c.33a0dbd9a5c2acd4b2a0d834c8643529c6a9b6f8.png','5b9e9c73ef27cda50c780450915a2b3c','33a0dbd9a5c2acd4b2a0d834c8643529c6a9b6f8'),(1370,'https://assets.mhw-db.com/armor/d46eb3159135fccd883985a7da0b4042.9784bc40996d1f774373e18114ffb6b3808aa165.png','d46eb3159135fccd883985a7da0b4042','9784bc40996d1f774373e18114ffb6b3808aa165'),(1371,'https://assets.mhw-db.com/armor/86bb6ff5d1d95293cc0b9ba9d903bc4e.f1ea46e7826a1754c1b55f945ffd3ae2db6ac9cc.png','86bb6ff5d1d95293cc0b9ba9d903bc4e','f1ea46e7826a1754c1b55f945ffd3ae2db6ac9cc'),(1372,'https://assets.mhw-db.com/armor/2a8314d68e8f2e91bc242d83a98de24f.e82e7fdb87d52d8a2f1ff033101f2ed224f202d9.png','2a8314d68e8f2e91bc242d83a98de24f','e82e7fdb87d52d8a2f1ff033101f2ed224f202d9'),(1373,'https://assets.mhw-db.com/armor/9af1fc6678f1d7de51393cd3882f1635.1aace20c294ab797439b9e0fdb90f21c564be5ab.png','9af1fc6678f1d7de51393cd3882f1635','1aace20c294ab797439b9e0fdb90f21c564be5ab'),(1374,'https://assets.mhw-db.com/armor/e30362380f1070e73c7c3b7fa874c3cf.36118d843582997c15030346866c06793aaf651b.png','e30362380f1070e73c7c3b7fa874c3cf','36118d843582997c15030346866c06793aaf651b'),(1375,'https://assets.mhw-db.com/armor/3657f075bd1fa4ebff2928fa6b2b8989.9794044988039e261740d64d71bdc8ac1d35fe60.png','3657f075bd1fa4ebff2928fa6b2b8989','9794044988039e261740d64d71bdc8ac1d35fe60'),(1376,'https://assets.mhw-db.com/armor/87b24515db056ae7ce0b237a0430bbe6.e826fd5bec167a444fd5dc8390df5bc298d71a87.png','87b24515db056ae7ce0b237a0430bbe6','e826fd5bec167a444fd5dc8390df5bc298d71a87'),(1377,'https://assets.mhw-db.com/armor/db79c8a8c39c18c6e970b949f7f99599.9084903de6835ff92344411d21bdd18b7ae49373.png','db79c8a8c39c18c6e970b949f7f99599','9084903de6835ff92344411d21bdd18b7ae49373'),(1378,'https://assets.mhw-db.com/armor/e4ebf5c686f9d03c80ddc01a9830c94c.9ccb0d2fc895c131ae765b821910707d40dec873.png','e4ebf5c686f9d03c80ddc01a9830c94c','9ccb0d2fc895c131ae765b821910707d40dec873'),(1379,'https://assets.mhw-db.com/armor/74bc33c83aceb21b26f4e7058de3418c.d3b18de22369c7aa416d1c307c68af8f65a09ec6.png','74bc33c83aceb21b26f4e7058de3418c','d3b18de22369c7aa416d1c307c68af8f65a09ec6'),(1380,'https://assets.mhw-db.com/armor/3e1a9ac8cbb7aefb310bf7d22b6e58e3.556bf4956732703bd76dd91aa361e4465306e4d7.png','3e1a9ac8cbb7aefb310bf7d22b6e58e3','556bf4956732703bd76dd91aa361e4465306e4d7'),(1381,'https://assets.mhw-db.com/armor/52cc1018e180325b3799441663b27f55.e512b65bad577f24532716d0fd064d84652e27a8.png','52cc1018e180325b3799441663b27f55','e512b65bad577f24532716d0fd064d84652e27a8'),(1382,'https://assets.mhw-db.com/armor/d67c7df2b42d21e8ad970c79672f39f8.19e464551a767f6d59a01145180a0a3e84554aab.png','d67c7df2b42d21e8ad970c79672f39f8','19e464551a767f6d59a01145180a0a3e84554aab'),(1383,'https://assets.mhw-db.com/armor/843918892f45d78b7416eee3351cb09a.8f2856dafc75959fb3710d335dbd8675e707fd9d.png','843918892f45d78b7416eee3351cb09a','8f2856dafc75959fb3710d335dbd8675e707fd9d'),(1384,'https://assets.mhw-db.com/armor/f1472ecd9b256e405d63663380110a8e.749ddc60129cbf51458009a0e99e3342bf51c5c4.png','f1472ecd9b256e405d63663380110a8e','749ddc60129cbf51458009a0e99e3342bf51c5c4'),(1385,'https://assets.mhw-db.com/armor/92bce98d2a535815dc644863d1b5ded6.b845e56e32ada25ce92b75155aba12b38e984967.png','92bce98d2a535815dc644863d1b5ded6','b845e56e32ada25ce92b75155aba12b38e984967'),(1386,'https://assets.mhw-db.com/armor/e87ba2bb94f6cbcd999779526fcaa75c.dca95066b9a34ca769e866f2761687a0159445d8.png','e87ba2bb94f6cbcd999779526fcaa75c','dca95066b9a34ca769e866f2761687a0159445d8'),(1387,'https://assets.mhw-db.com/armor/b7c87d615a0611b6aea3094ad346c76b.4a043ec4d532a83f6da79a42d775dcfa2b43653f.png','b7c87d615a0611b6aea3094ad346c76b','4a043ec4d532a83f6da79a42d775dcfa2b43653f'),(1388,'https://assets.mhw-db.com/armor/caefd47358b04a7627c7c8ad55bb78f5.702240447c0212b973626310c0cc90e72733ba21.png','caefd47358b04a7627c7c8ad55bb78f5','702240447c0212b973626310c0cc90e72733ba21'),(1389,'https://assets.mhw-db.com/armor/4ab8e7b4d3db25a1d651cc9a31ffbdf2.c54de7a01f1d01b741961cc18e70d91a877f2474.png','4ab8e7b4d3db25a1d651cc9a31ffbdf2','c54de7a01f1d01b741961cc18e70d91a877f2474'),(1390,'https://assets.mhw-db.com/armor/a7a0fb30979ae6ebb2ecc1d9f1014d93.b83bae07adcccc056d852b6a17430db0dbd45f64.png','a7a0fb30979ae6ebb2ecc1d9f1014d93','b83bae07adcccc056d852b6a17430db0dbd45f64'),(1391,'https://assets.mhw-db.com/armor/19d0304f16817704e0159a73241dd514.376d6987143c71204c6449ee1172c81d097fa6d2.png','19d0304f16817704e0159a73241dd514','376d6987143c71204c6449ee1172c81d097fa6d2'),(1392,'https://assets.mhw-db.com/armor/217ab0b40db5ae83794fa4e34586132f.324346277aa3853f980bd88264370dab92492fd7.png','217ab0b40db5ae83794fa4e34586132f','324346277aa3853f980bd88264370dab92492fd7'),(1393,'https://assets.mhw-db.com/armor/4804e24969940fa50486987faaccb5e9.19d90151e60d5be1f836fb4329bc6aaf4d6f1fbf.png','4804e24969940fa50486987faaccb5e9','19d90151e60d5be1f836fb4329bc6aaf4d6f1fbf'),(1394,'https://assets.mhw-db.com/armor/966600ae472baaff087a8c31e68c2672.97c7f3ddc1dba3e0bf625cab446a49ab4820bc23.png','966600ae472baaff087a8c31e68c2672','97c7f3ddc1dba3e0bf625cab446a49ab4820bc23'),(1395,'https://assets.mhw-db.com/armor/b0eb68494ba6857f90f7e60b62bce38d.db55a2108f18dd107f971f01245f61402f0b5f9c.png','b0eb68494ba6857f90f7e60b62bce38d','db55a2108f18dd107f971f01245f61402f0b5f9c'),(1396,'https://assets.mhw-db.com/armor/7d4196b320df2bda73f52c5d8cbf5c44.bc3aa3e1ce8720078d605d6fbe6c529db4c4ee9b.png','7d4196b320df2bda73f52c5d8cbf5c44','bc3aa3e1ce8720078d605d6fbe6c529db4c4ee9b'),(1397,'https://assets.mhw-db.com/armor/7039b52534bf3d4a7c82aeed153acba6.17b7320e60f2a7561373b8f69aee086300ef075d.png','7039b52534bf3d4a7c82aeed153acba6','17b7320e60f2a7561373b8f69aee086300ef075d'),(1398,'https://assets.mhw-db.com/armor/815789ffa692a81df74fbbfefcdac1ec.d3b6037128b791eb773d9197b0112ae92e0fca2c.png','815789ffa692a81df74fbbfefcdac1ec','d3b6037128b791eb773d9197b0112ae92e0fca2c'),(1399,'https://assets.mhw-db.com/armor/8420a7f34c2560ffb8aaddca25283b08.18ef5417573dec553ceadc94572f1d9680c4b231.png','8420a7f34c2560ffb8aaddca25283b08','18ef5417573dec553ceadc94572f1d9680c4b231'),(1400,'https://assets.mhw-db.com/armor/bd240a9632472035803bee16b586ebc7.c73234509d1b2f53bca9d2010b882047467606e0.png','bd240a9632472035803bee16b586ebc7','c73234509d1b2f53bca9d2010b882047467606e0'),(1401,'https://assets.mhw-db.com/armor/d606df8e85c07ccb52d3c631d311efc1.b86f71d1b828f4cdcee1852858eca9cd9d8d3b14.png','d606df8e85c07ccb52d3c631d311efc1','b86f71d1b828f4cdcee1852858eca9cd9d8d3b14'),(1402,'https://assets.mhw-db.com/armor/e900dc88c71b434ffa3effa300967a55.6633925dc4c0c1a9ccf2d50f231d37b3514889cb.png','e900dc88c71b434ffa3effa300967a55','6633925dc4c0c1a9ccf2d50f231d37b3514889cb'),(1403,'https://assets.mhw-db.com/armor/a215176b86747aadf1e890deef79c559.704cc746c7e409c4f9588457898d86cd436829c5.png','a215176b86747aadf1e890deef79c559','704cc746c7e409c4f9588457898d86cd436829c5'),(1404,'https://assets.mhw-db.com/armor/4426a405177999e69d27938a413fa286.56db84c6124eb6dcf8093d4d5b85460895a25c3c.png','4426a405177999e69d27938a413fa286','56db84c6124eb6dcf8093d4d5b85460895a25c3c'),(1405,'https://assets.mhw-db.com/armor/d685e2a6b226b1545102b66be0227495.07c1cd1fc829051c873faad4041116b87d656e73.png','d685e2a6b226b1545102b66be0227495','07c1cd1fc829051c873faad4041116b87d656e73'),(1406,'https://assets.mhw-db.com/armor/ba895ca0eecbb65b2f14e2babbe72073.b13dc54f2a5251a4a81c3b4b639c3d05b807b54a.png','ba895ca0eecbb65b2f14e2babbe72073','b13dc54f2a5251a4a81c3b4b639c3d05b807b54a'),(1407,'https://assets.mhw-db.com/armor/86d68ee17fff1acdd2fb6580c2167f8c.edd2f9fab3e56ff48ed39c3ebc612164afbf3138.png','86d68ee17fff1acdd2fb6580c2167f8c','edd2f9fab3e56ff48ed39c3ebc612164afbf3138'),(1408,'https://assets.mhw-db.com/armor/9a32ece86b1b756ad6c88a2db1131980.eace12b40ad25fca844fe63a87bd5ddee39d91de.png','9a32ece86b1b756ad6c88a2db1131980','eace12b40ad25fca844fe63a87bd5ddee39d91de'),(1409,'https://assets.mhw-db.com/armor/2e9c43869c42baa2a932ff0ad916621c.ac6c1dbfe5882bedcbf6132c7777ce61fa9ed352.png','2e9c43869c42baa2a932ff0ad916621c','ac6c1dbfe5882bedcbf6132c7777ce61fa9ed352'),(1410,'https://assets.mhw-db.com/armor/dc6749b8eba5cc8c5d64e7a8b00241b6.5084183fe040d97fecb74494ad44b44d9986b2e9.png','dc6749b8eba5cc8c5d64e7a8b00241b6','5084183fe040d97fecb74494ad44b44d9986b2e9'),(1411,'https://assets.mhw-db.com/armor/59d42751999c1a8902acd80ba2d1fa9b.8aee8da673c1e13c5e300b9b55d009ac974a643e.png','59d42751999c1a8902acd80ba2d1fa9b','8aee8da673c1e13c5e300b9b55d009ac974a643e'),(1412,'https://assets.mhw-db.com/armor/560d9b9c68562ac7ae1755cb4ceacc14.22c5c6a34cf7cdfc8800ab8a91167c4276540fd8.png','560d9b9c68562ac7ae1755cb4ceacc14','22c5c6a34cf7cdfc8800ab8a91167c4276540fd8'),(1413,'https://assets.mhw-db.com/armor/dc2ae1590bd690a666b64d8b4848cf5c.3d50030da25bcaecfb930ebfa1cf1947b9bbde47.png','dc2ae1590bd690a666b64d8b4848cf5c','3d50030da25bcaecfb930ebfa1cf1947b9bbde47'),(1414,'https://assets.mhw-db.com/armor/960ce94c3751c73e6349ec36decb3276.c25a5eeb259688efc87982a06cd0b25d4c1d118f.png','960ce94c3751c73e6349ec36decb3276','c25a5eeb259688efc87982a06cd0b25d4c1d118f'),(1415,'https://assets.mhw-db.com/armor/55432802b1d3358de76f3eb25a7f19ec.2499090bbb1de9b4a883b7cc94896403c1f41c46.png','55432802b1d3358de76f3eb25a7f19ec','2499090bbb1de9b4a883b7cc94896403c1f41c46'),(1416,'https://assets.mhw-db.com/armor/491f5122875909dca3ebec75414b07bc.0c40d58f04ce42e65ee4448154bff2985f1fdeb6.png','491f5122875909dca3ebec75414b07bc','0c40d58f04ce42e65ee4448154bff2985f1fdeb6'),(1417,'https://assets.mhw-db.com/armor/da862397d07b63784b91571856a2ff6c.452c5cdd59d849ff5dd185348cca8c7f3a30f61d.png','da862397d07b63784b91571856a2ff6c','452c5cdd59d849ff5dd185348cca8c7f3a30f61d'),(1418,'https://assets.mhw-db.com/armor/596a98a8d2a3c223bc2a2c13b819d2ea.4d552f003be6085990ee76216709490e49ad1d7b.png','596a98a8d2a3c223bc2a2c13b819d2ea','4d552f003be6085990ee76216709490e49ad1d7b'),(1419,'https://assets.mhw-db.com/armor/06db50eb10a85dbb87351b17b4d49710.680e6a5f5b57a4cbc142a76a8f2513b345fc63e5.png','06db50eb10a85dbb87351b17b4d49710','680e6a5f5b57a4cbc142a76a8f2513b345fc63e5'),(1420,'https://assets.mhw-db.com/armor/f49a75c3bb89bc8e39237df0746d8002.71f539e32dfb0748dc8635d9fded71d999a25b8e.png','f49a75c3bb89bc8e39237df0746d8002','71f539e32dfb0748dc8635d9fded71d999a25b8e'),(1421,'https://assets.mhw-db.com/armor/c2f50fdd422246ec14fd5aa4f7fbf18c.60e24e2e23d737806ec5d3413f48deab778640a1.png','c2f50fdd422246ec14fd5aa4f7fbf18c','60e24e2e23d737806ec5d3413f48deab778640a1'),(1422,'https://assets.mhw-db.com/armor/9ee997852a4125146e96944e79262440.4afb7f5ec9580904bae534ba1fe6186a11597bea.png','9ee997852a4125146e96944e79262440','4afb7f5ec9580904bae534ba1fe6186a11597bea'),(1423,'https://assets.mhw-db.com/armor/c7740ac3a693c34d3fcd41f92585f8a1.1ba2fd146bd3ec676237d3532766e18eb7fd5aa0.png','c7740ac3a693c34d3fcd41f92585f8a1','1ba2fd146bd3ec676237d3532766e18eb7fd5aa0'),(1424,'https://assets.mhw-db.com/armor/4a3e55437e3eaef16b3c6eaef96d7484.838bec8a439c0b9003ec3b3b5e2ac4e0e3949deb.png','4a3e55437e3eaef16b3c6eaef96d7484','838bec8a439c0b9003ec3b3b5e2ac4e0e3949deb'),(1425,'https://assets.mhw-db.com/armor/32372a3bcee13b71ca10e8159f06de0c.e3ce88a9747c4e1edae9677425f1db47dc318b6d.png','32372a3bcee13b71ca10e8159f06de0c','e3ce88a9747c4e1edae9677425f1db47dc318b6d'),(1426,'https://assets.mhw-db.com/armor/ade78b8fcf98655133020fd25f5acda1.895905dbb77fe86521feeb13003ddd9eed213d12.png','ade78b8fcf98655133020fd25f5acda1','895905dbb77fe86521feeb13003ddd9eed213d12'),(1427,'https://assets.mhw-db.com/armor/aeeb07a9cd2b22d221a01afa2c49a603.7ddecb37538678ec0de20585e98174034d35fa82.png','aeeb07a9cd2b22d221a01afa2c49a603','7ddecb37538678ec0de20585e98174034d35fa82'),(1428,'https://assets.mhw-db.com/armor/575e0138a91eace3d3d257d90afd77a2.0f677be16e2663297446099ba62bfc0b79afbabd.png','575e0138a91eace3d3d257d90afd77a2','0f677be16e2663297446099ba62bfc0b79afbabd'),(1429,'https://assets.mhw-db.com/armor/4025749606f21691ee2348d7866436c5.ece3afd35df70cc5b49289c90cc6951d3df5af27.png','4025749606f21691ee2348d7866436c5','ece3afd35df70cc5b49289c90cc6951d3df5af27'),(1430,'https://assets.mhw-db.com/armor/10c6f4725c5c3ff0b8841dd532125846.26465fd0af83dd41f602a4280892a9bb7eea692b.png','10c6f4725c5c3ff0b8841dd532125846','26465fd0af83dd41f602a4280892a9bb7eea692b'),(1431,'https://assets.mhw-db.com/armor/e9e485fd6372e841749db96105149b9c.95bc85114a8f439e30a53d885197530231ecdadf.png','e9e485fd6372e841749db96105149b9c','95bc85114a8f439e30a53d885197530231ecdadf'),(1432,'https://assets.mhw-db.com/armor/2dd95f9a1849ae14c97624897afdeed9.3511947246e1f0ce5923b02c69f27106840dce7a.png','2dd95f9a1849ae14c97624897afdeed9','3511947246e1f0ce5923b02c69f27106840dce7a'),(1433,'https://assets.mhw-db.com/armor/219e34e1388e03e4f44fcfa5c19ea659.ca942a374b9cf99aa62422792a1a8d34b629f538.png','219e34e1388e03e4f44fcfa5c19ea659','ca942a374b9cf99aa62422792a1a8d34b629f538'),(1434,'https://assets.mhw-db.com/armor/b2e841eca781916c574522501d8a1600.47119191787da1185b40b7a5a831dcaab5a425ac.png','b2e841eca781916c574522501d8a1600','47119191787da1185b40b7a5a831dcaab5a425ac'),(1435,'https://assets.mhw-db.com/armor/b6fa7ac79787902be9d0c6925b138a45.fb63424d955877639d5a1a8432e48969a5cbb39e.png','b6fa7ac79787902be9d0c6925b138a45','fb63424d955877639d5a1a8432e48969a5cbb39e'),(1436,'https://assets.mhw-db.com/armor/eedcceda16ec1bcb97d05db6965b995d.5c95d40bdcc8a1a6c1bd14f51988a61eb5405865.png','eedcceda16ec1bcb97d05db6965b995d','5c95d40bdcc8a1a6c1bd14f51988a61eb5405865'),(1437,'https://assets.mhw-db.com/armor/368f1b2ee726f828d81960720bcca30c.d1d15e8eab19172c07f83798eaeb7a6ecf7ff1dc.png','368f1b2ee726f828d81960720bcca30c','d1d15e8eab19172c07f83798eaeb7a6ecf7ff1dc'),(1438,'https://assets.mhw-db.com/armor/e88429407bbe3d8a9bf1eb0198fa9758.57eea1990ca688314772d0df3c3b4822595ffb65.png','e88429407bbe3d8a9bf1eb0198fa9758','57eea1990ca688314772d0df3c3b4822595ffb65'),(1439,'https://assets.mhw-db.com/armor/54848d0ae75b566beab0b262c9b8f91c.97c0bccd93e332bb1b384aa0f427d34d7a4fc566.png','54848d0ae75b566beab0b262c9b8f91c','97c0bccd93e332bb1b384aa0f427d34d7a4fc566'),(1440,'https://assets.mhw-db.com/armor/7f475105fca5e5f4be6a0eee417a2346.bd571aa67a17f3230613cc945c12efd132789140.png','7f475105fca5e5f4be6a0eee417a2346','bd571aa67a17f3230613cc945c12efd132789140'),(1441,'https://assets.mhw-db.com/armor/2c04cffe30327c309bb63cf20afe485a.3e10d0f6684634cff0f808e888634c4d88785152.png','2c04cffe30327c309bb63cf20afe485a','3e10d0f6684634cff0f808e888634c4d88785152'),(1442,'https://assets.mhw-db.com/armor/831a6ab5ddae784b52773cee922fa4d2.0d5c986f927eb47fb7437d1164cf61154b61ee99.png','831a6ab5ddae784b52773cee922fa4d2','0d5c986f927eb47fb7437d1164cf61154b61ee99'),(1443,'https://assets.mhw-db.com/armor/05488389155892847901bc9d9a417a4a.ac0f4f7593cd4ed2110540abcc2a7a287d8788a6.png','05488389155892847901bc9d9a417a4a','ac0f4f7593cd4ed2110540abcc2a7a287d8788a6'),(1444,'https://assets.mhw-db.com/armor/b04759dee338ac75c3c328c1eb441fad.ea3c44c9594e7efeb4132ff7a9c359a6b98e43c4.png','b04759dee338ac75c3c328c1eb441fad','ea3c44c9594e7efeb4132ff7a9c359a6b98e43c4'),(1445,'https://assets.mhw-db.com/armor/89fdfcc88c5bc516f25443420a511496.3629be087383f8980c45374a90fb96cbaced02b8.png','89fdfcc88c5bc516f25443420a511496','3629be087383f8980c45374a90fb96cbaced02b8'),(1446,'https://assets.mhw-db.com/armor/f4fd1ddde80954ee5f86b778b7ea6320.36c9e8562098fd839e161a6a892dc6656e5edec4.png','f4fd1ddde80954ee5f86b778b7ea6320','36c9e8562098fd839e161a6a892dc6656e5edec4'),(1447,'https://assets.mhw-db.com/armor/ded82b4306b53d19e9148d7c1f6a2175.9c46bac70d0379c4cce6c58ce28215669e60c44b.png','ded82b4306b53d19e9148d7c1f6a2175','9c46bac70d0379c4cce6c58ce28215669e60c44b'),(1448,'https://assets.mhw-db.com/armor/402531444e7c5f8d1d84bc99c9595985.72b55b7e8dcc77d9bc02594c7b840c07aa02ad83.png','402531444e7c5f8d1d84bc99c9595985','72b55b7e8dcc77d9bc02594c7b840c07aa02ad83'),(1449,'https://assets.mhw-db.com/armor/43693523f18a116d71c62d24cc4f9391.3ca6b5b38f57f04cad1d44ce4c73e7a00fd71a3b.png','43693523f18a116d71c62d24cc4f9391','3ca6b5b38f57f04cad1d44ce4c73e7a00fd71a3b'),(1450,'https://assets.mhw-db.com/armor/f2bef3fb7065b9a9fb0fe2c614a68f6b.c4e102564294df689103479d50159af08986aba6.png','f2bef3fb7065b9a9fb0fe2c614a68f6b','c4e102564294df689103479d50159af08986aba6'),(1451,'https://assets.mhw-db.com/armor/1c78d47f11e5ee3e4078b5e9a3bb8a10.aac201d306c387b0eb1226e8ed521e29e34f37a9.png','1c78d47f11e5ee3e4078b5e9a3bb8a10','aac201d306c387b0eb1226e8ed521e29e34f37a9'),(1452,'https://assets.mhw-db.com/armor/069247617ead763ac216f42954713d9a.33a8ff42cf6461dedc09ebf07e89c8d82eec7f5c.png','069247617ead763ac216f42954713d9a','33a8ff42cf6461dedc09ebf07e89c8d82eec7f5c'),(1453,'https://assets.mhw-db.com/armor/b25456987e25ff67e42844e32a02861e.47bbc26a902e6ffc0ee4b81da6697e14eb0acac3.png','b25456987e25ff67e42844e32a02861e','47bbc26a902e6ffc0ee4b81da6697e14eb0acac3'),(1454,'https://assets.mhw-db.com/armor/c1075298065292e39925cfacff4851b3.d4de6fecf22b1e7ae2589110c25b8b803722d7ea.png','c1075298065292e39925cfacff4851b3','d4de6fecf22b1e7ae2589110c25b8b803722d7ea'),(1455,'https://assets.mhw-db.com/armor/5a313ddfb63523e8b1d2f5f43ca9cbef.8abfc340fad5f5c0a91fe04140ac2d1e21df0445.png','5a313ddfb63523e8b1d2f5f43ca9cbef','8abfc340fad5f5c0a91fe04140ac2d1e21df0445'),(1456,'https://assets.mhw-db.com/armor/cbeadbe4e013680b6a88025fd6dc9a94.92a05dda78e0896c743838ff8fb623a7a58faeba.png','cbeadbe4e013680b6a88025fd6dc9a94','92a05dda78e0896c743838ff8fb623a7a58faeba'),(1457,'https://assets.mhw-db.com/armor/0355b288abfb1f622186eecb3c55ff94.0b911b98b82554d17f9192b8d79aa4b23e34bca9.png','0355b288abfb1f622186eecb3c55ff94','0b911b98b82554d17f9192b8d79aa4b23e34bca9'),(1458,'https://assets.mhw-db.com/armor/93b4e0430f6e7981db0faf89b083856e.06ce2f0fa9de5eeadf3886efb61b57552a7b26f6.png','93b4e0430f6e7981db0faf89b083856e','06ce2f0fa9de5eeadf3886efb61b57552a7b26f6'),(1459,'https://assets.mhw-db.com/armor/0d714ae5ad6d5e0694c82933e9356244.3eff7e590bb3d79d5b22dacfc7afda8ee48c8d7c.png','0d714ae5ad6d5e0694c82933e9356244','3eff7e590bb3d79d5b22dacfc7afda8ee48c8d7c'),(1460,'https://assets.mhw-db.com/armor/410329a4575cd47b26ee6dca34eaab68.953031e05bc43cf71f9f0b9c04579a1b4a89aaf6.png','410329a4575cd47b26ee6dca34eaab68','953031e05bc43cf71f9f0b9c04579a1b4a89aaf6'),(1461,'https://assets.mhw-db.com/armor/caad98e23c70627dcee153b879ff0ed2.1cb6587b643d2f5b4523c92794cdd944782d5147.png','caad98e23c70627dcee153b879ff0ed2','1cb6587b643d2f5b4523c92794cdd944782d5147'),(1462,'https://assets.mhw-db.com/armor/f7fd6ef701fe67b17107aedc0ab7ec8e.3b15a7153c6c2cf5c4c07d39715f33d54436c9f8.png','f7fd6ef701fe67b17107aedc0ab7ec8e','3b15a7153c6c2cf5c4c07d39715f33d54436c9f8'),(1463,'https://assets.mhw-db.com/armor/4209d0a875ec9a13168551ce7bca8d5e.6eda68d3dd351967ab7ef0dc3f5d95b3d7eba8bb.png','4209d0a875ec9a13168551ce7bca8d5e','6eda68d3dd351967ab7ef0dc3f5d95b3d7eba8bb'),(1464,'https://assets.mhw-db.com/armor/a55c0b3ba695f6a4181221dbf15b0d1b.7944296e9b202ea75e7dd7a10e8225584bbb74b7.png','a55c0b3ba695f6a4181221dbf15b0d1b','7944296e9b202ea75e7dd7a10e8225584bbb74b7'),(1465,'https://assets.mhw-db.com/armor/462c55e85e57c83c75d441223a795583.df2094031149ba73a47d934a5b7599b34ef992f3.png','462c55e85e57c83c75d441223a795583','df2094031149ba73a47d934a5b7599b34ef992f3'),(1466,'https://assets.mhw-db.com/armor/0feaabf1b6cd4b403f76ff967d96bf40.10c5161176e427179415a55ea00133c3589e1411.png','0feaabf1b6cd4b403f76ff967d96bf40','10c5161176e427179415a55ea00133c3589e1411'),(1467,'https://assets.mhw-db.com/armor/640a0756089a3244f4dd19517128fd4a.855ed39ad3332ff2a91960716c46458fd943f85c.png','640a0756089a3244f4dd19517128fd4a','855ed39ad3332ff2a91960716c46458fd943f85c'),(1468,'https://assets.mhw-db.com/armor/36b85b701e64da5aaa17a53ed61f64a3.d319a5beab95bd3dd715cfa118ec1f13e2cb95da.png','36b85b701e64da5aaa17a53ed61f64a3','d319a5beab95bd3dd715cfa118ec1f13e2cb95da'),(1469,'https://assets.mhw-db.com/armor/2ce4734f785c14f128b74f870380cab3.658e5dfb99c8d6edb8daef9f3be5f2d598fb1ef2.png','2ce4734f785c14f128b74f870380cab3','658e5dfb99c8d6edb8daef9f3be5f2d598fb1ef2'),(1470,'https://assets.mhw-db.com/armor/6cd9d71a786dabb3aa74ee7761732d92.e1b125519943157215e136003497713e8b28269d.png','6cd9d71a786dabb3aa74ee7761732d92','e1b125519943157215e136003497713e8b28269d'),(1471,'https://assets.mhw-db.com/armor/4d386df0d8d69ab37d86bd7742a9ff07.4b7d5f425e41936339e6bca4196e1727a5e654ab.png','4d386df0d8d69ab37d86bd7742a9ff07','4b7d5f425e41936339e6bca4196e1727a5e654ab'),(1472,'https://assets.mhw-db.com/armor/b7a1fadd18abaef1be9fcab20c582fe5.143b29f970865015a69840b9b008a49192da65d1.png','b7a1fadd18abaef1be9fcab20c582fe5','143b29f970865015a69840b9b008a49192da65d1'),(1473,'https://assets.mhw-db.com/armor/57c50ceae34bb26db28611ec7c145fb7.5c8c19b95c5b6b96e02595c59c628f512a530f76.png','57c50ceae34bb26db28611ec7c145fb7','5c8c19b95c5b6b96e02595c59c628f512a530f76'),(1474,'https://assets.mhw-db.com/armor/f4931c018db59ce2c5aecc420a775928.51c8a0c3ccde4c0591aa8bee500c7d64e62ef16b.png','f4931c018db59ce2c5aecc420a775928','51c8a0c3ccde4c0591aa8bee500c7d64e62ef16b'),(1475,'https://assets.mhw-db.com/armor/fc317267d02bdd855d4927203e4de891.624ed6ca85041ab0580f9792762982d260274fb5.png','fc317267d02bdd855d4927203e4de891','624ed6ca85041ab0580f9792762982d260274fb5'),(1476,'https://assets.mhw-db.com/armor/399282f5499e96c783ef73ebf57a50d9.387de8c2bf85cdc517e7810c74483d00ecfc6d2a.png','399282f5499e96c783ef73ebf57a50d9','387de8c2bf85cdc517e7810c74483d00ecfc6d2a'),(1477,'https://assets.mhw-db.com/armor/9e630f64e28aae6d0b9ff493f19e0545.a27a3b9fee835843c41fb0e5eb08b8abab182ce2.png','9e630f64e28aae6d0b9ff493f19e0545','a27a3b9fee835843c41fb0e5eb08b8abab182ce2'),(1478,'https://assets.mhw-db.com/armor/37c9db779ee58cb383f6cde6e63b5fe9.b4f68a76eb392265d0c8da787e2286081a7a8d28.png','37c9db779ee58cb383f6cde6e63b5fe9','b4f68a76eb392265d0c8da787e2286081a7a8d28'),(1479,'https://assets.mhw-db.com/armor/37ab9862461320eae0db3b0fc2334139.27011154a9f2299d46f6457d876a74fd50fcade8.png','37ab9862461320eae0db3b0fc2334139','27011154a9f2299d46f6457d876a74fd50fcade8'),(1480,'https://assets.mhw-db.com/armor/d043ef1dcbc098e20d30d7873bf56d04.78333512fd2f52427184c5c6ecbaf087f762ec5b.png','d043ef1dcbc098e20d30d7873bf56d04','78333512fd2f52427184c5c6ecbaf087f762ec5b'),(1481,'https://assets.mhw-db.com/armor/533ad8e479965cd307af010eccb99f50.6e223469776ceca3b805149c8a8cf40aa383983d.png','533ad8e479965cd307af010eccb99f50','6e223469776ceca3b805149c8a8cf40aa383983d'),(1482,'https://assets.mhw-db.com/armor/d16f802b43b88ad1c8ee1ce7cb29bb85.95b12b5d0e9986bbdbfba94707cc5d6f5796cd18.png','d16f802b43b88ad1c8ee1ce7cb29bb85','95b12b5d0e9986bbdbfba94707cc5d6f5796cd18'),(1483,'https://assets.mhw-db.com/armor/9279b21e585829a89a79127d60c0552a.9bdc05c409f120d8172228ff00cc7d382c2818ca.png','9279b21e585829a89a79127d60c0552a','9bdc05c409f120d8172228ff00cc7d382c2818ca'),(1484,'https://assets.mhw-db.com/armor/7e56471e493843a3daba0858a7bc9662.cc4500a515d9b2db2af0bfc079720b6dfbc40717.png','7e56471e493843a3daba0858a7bc9662','cc4500a515d9b2db2af0bfc079720b6dfbc40717'),(1485,'https://assets.mhw-db.com/armor/ce11c82f90b33c900b8bb8877e3b9a5f.ef677b670c6a5526546f7a729355a980b17e4668.png','ce11c82f90b33c900b8bb8877e3b9a5f','ef677b670c6a5526546f7a729355a980b17e4668'),(1486,'https://assets.mhw-db.com/armor/4eb84008168ad990524075720e332531.843c6ba4e327d66b096e6f4361070ae141cdff5f.png','4eb84008168ad990524075720e332531','843c6ba4e327d66b096e6f4361070ae141cdff5f'),(1487,'https://assets.mhw-db.com/armor/05e5187faf73db2cd604eca1717dbedf.262d5cf30a20f8deb8adb823e0b9611e30f15b6a.png','05e5187faf73db2cd604eca1717dbedf','262d5cf30a20f8deb8adb823e0b9611e30f15b6a'),(1488,'https://assets.mhw-db.com/armor/610d00433f7311e13296b8bd4f91aecd.b1e1eb600b8243c4f622ed035d519a6d6aca8f7c.png','610d00433f7311e13296b8bd4f91aecd','b1e1eb600b8243c4f622ed035d519a6d6aca8f7c'),(1489,'https://assets.mhw-db.com/armor/862282e66297cadfdf4d22046158a0c7.ebc4d84b320b7c4019410c1b4c33d04744115080.png','862282e66297cadfdf4d22046158a0c7','ebc4d84b320b7c4019410c1b4c33d04744115080'),(1490,'https://assets.mhw-db.com/armor/dd89f91d0a7b5d69b1322e9a6c6daec3.c86724eada0d3a987ed8c0561f248d7962027a98.png','dd89f91d0a7b5d69b1322e9a6c6daec3','c86724eada0d3a987ed8c0561f248d7962027a98'),(1491,'https://assets.mhw-db.com/armor/5e0222dbe531a64515bae9fa008ea364.52c9f2d30847cc355a16b267a4dbde51bd99617e.png','5e0222dbe531a64515bae9fa008ea364','52c9f2d30847cc355a16b267a4dbde51bd99617e'),(1492,'https://assets.mhw-db.com/armor/4530994f544d9e541c2f128993c5562f.7acadd5b3ebdcd9964178f0cb5947d962197cd9e.png','4530994f544d9e541c2f128993c5562f','7acadd5b3ebdcd9964178f0cb5947d962197cd9e'),(1493,'https://assets.mhw-db.com/armor/42bdd18c8abe150f17993349ad8b96c3.0c07a5b414ef0bf7c45c375f2f09f00de8a1d3de.png','42bdd18c8abe150f17993349ad8b96c3','0c07a5b414ef0bf7c45c375f2f09f00de8a1d3de'),(1494,'https://assets.mhw-db.com/armor/8e1deb472caa095cbad4e666299e2794.b69224ecfa7477accdce6ea5d53c0033a505faec.png','8e1deb472caa095cbad4e666299e2794','b69224ecfa7477accdce6ea5d53c0033a505faec'),(1495,'https://assets.mhw-db.com/armor/f8426479e7a71cb10769faa0fdbe083d.962b2cd1b443bd26cd9e1d0fbf3fd11e9f797921.png','f8426479e7a71cb10769faa0fdbe083d','962b2cd1b443bd26cd9e1d0fbf3fd11e9f797921'),(1496,'https://assets.mhw-db.com/armor/a5ec81b33ad03ea19d3306c22153f3b9.d4603aca2ef1d05ba9f6ad22351e7c5fac317fc7.png','a5ec81b33ad03ea19d3306c22153f3b9','d4603aca2ef1d05ba9f6ad22351e7c5fac317fc7'),(1497,'https://assets.mhw-db.com/armor/e79323a013ebe4ccbd6652b18007de12.42c9975f4481cd87ba8ba2378ed4aa476b346ad1.png','e79323a013ebe4ccbd6652b18007de12','42c9975f4481cd87ba8ba2378ed4aa476b346ad1'),(1498,'https://assets.mhw-db.com/armor/51dd5f2167cce4105569e34166cc85bb.c4c6a82f16cbd5d416050bc8e2a4c48582f26368.png','51dd5f2167cce4105569e34166cc85bb','c4c6a82f16cbd5d416050bc8e2a4c48582f26368'),(1499,'https://assets.mhw-db.com/armor/c3efb4d1b84340d2d2242f28e07d2527.da4eb2bb1760263d189274b9227c534ae1fa8aa5.png','c3efb4d1b84340d2d2242f28e07d2527','da4eb2bb1760263d189274b9227c534ae1fa8aa5'),(1500,'https://assets.mhw-db.com/armor/0510f9d92c73b2aaf6a95b2337e02075.2d8d0defb27d26df70a1975ebe3539237404ba68.png','0510f9d92c73b2aaf6a95b2337e02075','2d8d0defb27d26df70a1975ebe3539237404ba68'),(1501,'https://assets.mhw-db.com/armor/77146c581c40791da785339b1cd0a32b.9ba189b9a50ea74303c7f94881dfc7e5d18a908e.png','77146c581c40791da785339b1cd0a32b','9ba189b9a50ea74303c7f94881dfc7e5d18a908e'),(1502,'https://assets.mhw-db.com/armor/5587f7d2452f843fd789fa3af4fd17fd.c647372cca6939bbf4fdb57009452cbc3e62a9bb.png','5587f7d2452f843fd789fa3af4fd17fd','c647372cca6939bbf4fdb57009452cbc3e62a9bb'),(1503,'https://assets.mhw-db.com/armor/90ad564f1772b839ae2a806e3360bb02.8bf88a86d67b18e1556c3085452c17420692fa70.png','90ad564f1772b839ae2a806e3360bb02','8bf88a86d67b18e1556c3085452c17420692fa70'),(1504,'https://assets.mhw-db.com/armor/978013507870190b3e278c6fa2a2fd91.dd35e43b39ba9eac5e045632cfb45382bc42160f.png','978013507870190b3e278c6fa2a2fd91','dd35e43b39ba9eac5e045632cfb45382bc42160f'),(1505,'https://assets.mhw-db.com/armor/3ea98f56104d785f13e1844ef635f3ad.2ec1e9eef5d84e1e51d9046cbe6b80b3c98792fc.png','3ea98f56104d785f13e1844ef635f3ad','2ec1e9eef5d84e1e51d9046cbe6b80b3c98792fc'),(1506,'https://assets.mhw-db.com/armor/4a7110393c7817fb1a03c9666bb053e9.bb7985fb1ad8b8e5d503f8d1d3ac1c9c6bfc805e.png','4a7110393c7817fb1a03c9666bb053e9','bb7985fb1ad8b8e5d503f8d1d3ac1c9c6bfc805e'),(1507,'https://assets.mhw-db.com/armor/0c8759230b783f340db887898e427a62.0ebabe1252a9fda28c3e7abd053ec6896ad17613.png','0c8759230b783f340db887898e427a62','0ebabe1252a9fda28c3e7abd053ec6896ad17613'),(1508,'https://assets.mhw-db.com/armor/40c6fedd46305032c091177b1f55e471.b76cdab100b3fc016fb3848acd51a12ce198a85b.png','40c6fedd46305032c091177b1f55e471','b76cdab100b3fc016fb3848acd51a12ce198a85b'),(1509,'https://assets.mhw-db.com/armor/d251b97d8917ddc7e2134fa274db4eb1.d34a264ee00ece604b4ed73338625b402fa7ac2e.png','d251b97d8917ddc7e2134fa274db4eb1','d34a264ee00ece604b4ed73338625b402fa7ac2e'),(1510,'https://assets.mhw-db.com/armor/c02be34a56aa73b77e6547c5bee496a4.b844236a7def15df448ce5d7a271d8717b20246e.png','c02be34a56aa73b77e6547c5bee496a4','b844236a7def15df448ce5d7a271d8717b20246e'),(1511,'https://assets.mhw-db.com/armor/b68163308bb30933dfb66508b94e2833.caacdbf7359fda49fb46570040ae6226f7fe1300.png','b68163308bb30933dfb66508b94e2833','caacdbf7359fda49fb46570040ae6226f7fe1300'),(1512,'https://assets.mhw-db.com/armor/dc786cc41527c2439d9c2d69756f3f48.3670acbc22009a296552b65f64c651ee4ff8b5df.png','dc786cc41527c2439d9c2d69756f3f48','3670acbc22009a296552b65f64c651ee4ff8b5df'),(1513,'https://assets.mhw-db.com/armor/c4a0990f73a120c4ddf29d5eb8e154de.f9a3fb9c15080aa96b5a5cbb7cdd9d832b406135.png','c4a0990f73a120c4ddf29d5eb8e154de','f9a3fb9c15080aa96b5a5cbb7cdd9d832b406135'),(1514,'https://assets.mhw-db.com/armor/1f3c7e52893bb04930546c19310e5f36.2d8472af19f529ff98e956d2fbd24909e4e8c2b2.png','1f3c7e52893bb04930546c19310e5f36','2d8472af19f529ff98e956d2fbd24909e4e8c2b2'),(1515,'https://assets.mhw-db.com/armor/dfa4868fdb59352caad0885e13cc93b7.29fc05688ff3e0fe1468606450344bfd41a0f864.png','dfa4868fdb59352caad0885e13cc93b7','29fc05688ff3e0fe1468606450344bfd41a0f864'),(1516,'https://assets.mhw-db.com/armor/176cd7255a9eacfd60bb39ccb94782b9.0c846a0b3f1384befca3107ea1ba9fb42f0ebd12.png','176cd7255a9eacfd60bb39ccb94782b9','0c846a0b3f1384befca3107ea1ba9fb42f0ebd12'),(1517,'https://assets.mhw-db.com/armor/65b452288baf1bf571a223a03d30b4ea.7a2691edb4c197147c3005e4acaba2e3ef6ebdd6.png','65b452288baf1bf571a223a03d30b4ea','7a2691edb4c197147c3005e4acaba2e3ef6ebdd6'),(1518,'https://assets.mhw-db.com/armor/3f04325af5265aa97978a2d4bf5e33bf.7067f775afe3526103230232d03e8ccb32ab788a.png','3f04325af5265aa97978a2d4bf5e33bf','7067f775afe3526103230232d03e8ccb32ab788a'),(1519,'https://assets.mhw-db.com/armor/e89cdbc40546965e9a9113ca0a803ab3.7932122ee2d9b817950b8bbb1c0728cec5299764.png','e89cdbc40546965e9a9113ca0a803ab3','7932122ee2d9b817950b8bbb1c0728cec5299764'),(1520,'https://assets.mhw-db.com/armor/129b9c788932ff4ad89147890f4027d2.2b8a3c6b12c3ac9f94482f84506575500c0ac7db.png','129b9c788932ff4ad89147890f4027d2','2b8a3c6b12c3ac9f94482f84506575500c0ac7db'),(1521,'https://assets.mhw-db.com/armor/2935264a762031a3af8b9fa7463b212a.62057c3410896704ffdffe083874c4ae9e695c67.png','2935264a762031a3af8b9fa7463b212a','62057c3410896704ffdffe083874c4ae9e695c67'),(1522,'https://assets.mhw-db.com/armor/c0b9ca7ad6ce8bcbf6feafd649dda5f9.4f0aba303a26110b965559099c7ed1d3f893892d.png','c0b9ca7ad6ce8bcbf6feafd649dda5f9','4f0aba303a26110b965559099c7ed1d3f893892d'),(1523,'https://assets.mhw-db.com/armor/621882aac48a04d9a32a76437c267c1c.99db9a7b425c62ee9abe21f6c0be4c8d913bda15.png','621882aac48a04d9a32a76437c267c1c','99db9a7b425c62ee9abe21f6c0be4c8d913bda15'),(1524,'https://assets.mhw-db.com/armor/76c67b27091db685a1726a57256bb26f.d958a67fd77fbe86ee7d958b949e280c2c4ff736.png','76c67b27091db685a1726a57256bb26f','d958a67fd77fbe86ee7d958b949e280c2c4ff736'),(1525,'https://assets.mhw-db.com/armor/4171f128dad4ec1f19d3ce1d672c4a65.aa5359180dac32b6a7026a56ef2429c533b70a7f.png','4171f128dad4ec1f19d3ce1d672c4a65','aa5359180dac32b6a7026a56ef2429c533b70a7f'),(1526,'https://assets.mhw-db.com/armor/59e468093abb0c0ba3e4f330f55852d9.681c8e54777e9a10c965630abdc337d58abd5774.png','59e468093abb0c0ba3e4f330f55852d9','681c8e54777e9a10c965630abdc337d58abd5774'),(1527,'https://assets.mhw-db.com/armor/0c50ffaa26784bf99dcfd46053f2d318.2ff1ea1cfcb85284ce960f1b023e43485fed11dd.png','0c50ffaa26784bf99dcfd46053f2d318','2ff1ea1cfcb85284ce960f1b023e43485fed11dd'),(1528,'https://assets.mhw-db.com/armor/332dc91e05e8531979424a04ce5f9cc1.e0f60a737b599ed5c304a41c7b10502e6023ec82.png','332dc91e05e8531979424a04ce5f9cc1','e0f60a737b599ed5c304a41c7b10502e6023ec82'),(1529,'https://assets.mhw-db.com/armor/f3ce7c23917faa50721919b61e584e9a.b1fe61fdbcbd83ebaf87374bde458b29cd9b49be.png','f3ce7c23917faa50721919b61e584e9a','b1fe61fdbcbd83ebaf87374bde458b29cd9b49be'),(1530,'https://assets.mhw-db.com/armor/88bdfeb5bfaeb80cfccbec2cf0925625.c471c0ee6f2a3aafd17d761fa43cc4c5ae5ac963.png','88bdfeb5bfaeb80cfccbec2cf0925625','c471c0ee6f2a3aafd17d761fa43cc4c5ae5ac963'),(1531,'https://assets.mhw-db.com/armor/966a470ad79db392afce3426336fddb1.6f457e184b82ddf8a176ebcbb7245034dfdf3675.png','966a470ad79db392afce3426336fddb1','6f457e184b82ddf8a176ebcbb7245034dfdf3675'),(1532,'https://assets.mhw-db.com/armor/e01c3ecb066f725e869ec6234210b252.f57abb3f9ddfa5b61c1adb809045abccfbee2bbf.png','e01c3ecb066f725e869ec6234210b252','f57abb3f9ddfa5b61c1adb809045abccfbee2bbf'),(1533,'https://assets.mhw-db.com/armor/22351089b625281fb3edc342c49fcd15.cd45645e90482df75e9742c3320a0df9153311a7.png','22351089b625281fb3edc342c49fcd15','cd45645e90482df75e9742c3320a0df9153311a7'),(1534,'https://assets.mhw-db.com/armor/11fba82d5107084f1a995f80efa2225f.125aca8c43a1477b334526a7e1ad61dd57b06718.png','11fba82d5107084f1a995f80efa2225f','125aca8c43a1477b334526a7e1ad61dd57b06718'),(1535,'https://assets.mhw-db.com/armor/1c4abd7bbc3cae804a7ebe58fee77407.e0323359e18a7bba07f00a5cf57bccea27627e9b.png','1c4abd7bbc3cae804a7ebe58fee77407','e0323359e18a7bba07f00a5cf57bccea27627e9b'),(1536,'https://assets.mhw-db.com/armor/9662ade40fd43ed3cff66c849ed58da5.6f9a1771593eed8c83114a5557f133f926dbdf3c.png','9662ade40fd43ed3cff66c849ed58da5','6f9a1771593eed8c83114a5557f133f926dbdf3c'),(1537,'https://assets.mhw-db.com/armor/a20fb815702ba9251d75887bf57d47aa.8f3a407d3b77cc8b886816b6628b669a3ce8bf1a.png','a20fb815702ba9251d75887bf57d47aa','8f3a407d3b77cc8b886816b6628b669a3ce8bf1a'),(1538,'https://assets.mhw-db.com/armor/a50de82692f227fbcfd67a8292c0f3c6.010adb1a782c12dedd0fcb3adc1a9c16551a6f1a.png','a50de82692f227fbcfd67a8292c0f3c6','010adb1a782c12dedd0fcb3adc1a9c16551a6f1a'),(1539,'https://assets.mhw-db.com/armor/f11e1237df648eac1bb7904fbf4d482c.adde970cb0ec616c76e29dc1d359a55b5d959d7c.png','f11e1237df648eac1bb7904fbf4d482c','adde970cb0ec616c76e29dc1d359a55b5d959d7c'),(1540,'https://assets.mhw-db.com/armor/7de5b76d81a59448db215df7a07e58a3.684e23344e8f330c7ab6a9e09ef7ab056ae0b05d.png','7de5b76d81a59448db215df7a07e58a3','684e23344e8f330c7ab6a9e09ef7ab056ae0b05d'),(1541,'https://assets.mhw-db.com/armor/bf2084dac82eeebc14f88d90f4ce4146.d8366964b7a49e81a0d9d76d350d818953c622d7.png','bf2084dac82eeebc14f88d90f4ce4146','d8366964b7a49e81a0d9d76d350d818953c622d7'),(1542,'https://assets.mhw-db.com/armor/76a02a5538da62169265c43c1f53499d.a3f2196b027b00fe767fca8fd5096b58f7c67378.png','76a02a5538da62169265c43c1f53499d','a3f2196b027b00fe767fca8fd5096b58f7c67378'),(1543,'https://assets.mhw-db.com/armor/6190021ea3733ccacf896df410a44e2e.702d83fe375851fcb1e708e0c5bfc5eb4c63299e.png','6190021ea3733ccacf896df410a44e2e','702d83fe375851fcb1e708e0c5bfc5eb4c63299e'),(1544,'https://assets.mhw-db.com/armor/db22a832315a9d787873b24860b78f7f.58d0f1768861dd400fdc45b8eb9f36912b5b7875.png','db22a832315a9d787873b24860b78f7f','58d0f1768861dd400fdc45b8eb9f36912b5b7875'),(1545,'https://assets.mhw-db.com/armor/c2bd5fafb74b18ae245edb2617e43694.2bb3f16350977a313d9100f7184f1ad5d6c2cf99.png','c2bd5fafb74b18ae245edb2617e43694','2bb3f16350977a313d9100f7184f1ad5d6c2cf99'),(1546,'https://assets.mhw-db.com/armor/626cf9cbcd4ada3a2f2a4c44a0fcf6b2.d384cc693dbd99e34c3151320b7b65d5dcdfe162.png','626cf9cbcd4ada3a2f2a4c44a0fcf6b2','d384cc693dbd99e34c3151320b7b65d5dcdfe162'),(1547,'https://assets.mhw-db.com/armor/5ca8629799eb36de9107ef4bda6903de.cf98f6735be6e405e632c22e84897958f20d2d9a.png','5ca8629799eb36de9107ef4bda6903de','cf98f6735be6e405e632c22e84897958f20d2d9a'),(1548,'https://assets.mhw-db.com/armor/ffcf1c97f0c78ad4128719f3de5fa73c.eb689470ddda7256a1335bbc2e0fb44ba3e45b8a.png','ffcf1c97f0c78ad4128719f3de5fa73c','eb689470ddda7256a1335bbc2e0fb44ba3e45b8a'),(1549,'https://assets.mhw-db.com/armor/4a4a1e15a489637473eb0a973a0926cc.dd60ed9ce5e332b5e40b183b9aeab1035fda2ad4.png','4a4a1e15a489637473eb0a973a0926cc','dd60ed9ce5e332b5e40b183b9aeab1035fda2ad4'),(1550,'https://assets.mhw-db.com/armor/5f1a75ff558eaec3216d5cec135ede22.5185d7ad6b0ae6bb708ce734e716ec2364e1e512.png','5f1a75ff558eaec3216d5cec135ede22','5185d7ad6b0ae6bb708ce734e716ec2364e1e512'),(1551,'https://assets.mhw-db.com/armor/6ff77ab9179c2b222738f223618a8b80.445e1c0bc0442a0469ddc4aadaef63ae6975f724.png','6ff77ab9179c2b222738f223618a8b80','445e1c0bc0442a0469ddc4aadaef63ae6975f724'),(1552,'https://assets.mhw-db.com/armor/28b9c257db0c819c38c1db170973c941.0d8c6614976902b37cd65ed8432db0bc54af47e0.png','28b9c257db0c819c38c1db170973c941','0d8c6614976902b37cd65ed8432db0bc54af47e0'),(1553,'https://assets.mhw-db.com/armor/6dd7dd39ada27a8f6e5692b7c5328ec4.3957c37fd5d0adeae115adaa9f8bcdb0fe438b2f.png','6dd7dd39ada27a8f6e5692b7c5328ec4','3957c37fd5d0adeae115adaa9f8bcdb0fe438b2f'),(1554,'https://assets.mhw-db.com/armor/230bd2b5e44871660bd99e5125c42272.b2042c7cac3e3d22b0efc0e31917e5d08bdd9001.png','230bd2b5e44871660bd99e5125c42272','b2042c7cac3e3d22b0efc0e31917e5d08bdd9001'),(1555,'https://assets.mhw-db.com/armor/d112985a539572b3886322bd8d49238d.140b89cd3acd0af317f32d5d0acce5d1b4a22f4c.png','d112985a539572b3886322bd8d49238d','140b89cd3acd0af317f32d5d0acce5d1b4a22f4c'),(1556,'https://assets.mhw-db.com/armor/7882a96e8e83a9de6a4177f30d924eaa.6988ed1f025d145631b5fd67777c0016ee180997.png','7882a96e8e83a9de6a4177f30d924eaa','6988ed1f025d145631b5fd67777c0016ee180997'),(1557,'https://assets.mhw-db.com/armor/d5177421df40ac98c9924ac426a4c6f2.5a150e40fb7a2f8cc469c33810e0eb4ec4f3612d.png','d5177421df40ac98c9924ac426a4c6f2','5a150e40fb7a2f8cc469c33810e0eb4ec4f3612d'),(1558,'https://assets.mhw-db.com/armor/e07ca80ec03b7f45a154e31061a3402e.86bdb7946b361d70d774ab26bf875b32f53431c8.png','e07ca80ec03b7f45a154e31061a3402e','86bdb7946b361d70d774ab26bf875b32f53431c8'),(1559,'https://assets.mhw-db.com/armor/bc4c9ed507f1f1dbcac0fbe6b3cd89d6.3d7ebbb6c32cf9ffe8c3f17896390629c1d66d65.png','bc4c9ed507f1f1dbcac0fbe6b3cd89d6','3d7ebbb6c32cf9ffe8c3f17896390629c1d66d65'),(1560,'https://assets.mhw-db.com/armor/feec99bd720287d1855c49f274939efc.824ab5934bff5983ed5fbd2a607a839f0e31943c.png','feec99bd720287d1855c49f274939efc','824ab5934bff5983ed5fbd2a607a839f0e31943c'),(1561,'https://assets.mhw-db.com/armor/2c5545b07e2281b7c10fd5b7b1d34208.322fad6e02e0526bfaaec3572818bbeb2d2cb3f2.png','2c5545b07e2281b7c10fd5b7b1d34208','322fad6e02e0526bfaaec3572818bbeb2d2cb3f2'),(1562,'https://assets.mhw-db.com/armor/b078c6543263143ca1022968cacdc65e.62599041a0ff476c3f12d6b91bcd0dcdd5070c6e.png','b078c6543263143ca1022968cacdc65e','62599041a0ff476c3f12d6b91bcd0dcdd5070c6e'),(1563,'https://assets.mhw-db.com/armor/4e7496d2c29bbe67c050eb25b1a02172.494eef472f07266ca3aa95bbc7a07a3676056961.png','4e7496d2c29bbe67c050eb25b1a02172','494eef472f07266ca3aa95bbc7a07a3676056961'),(1564,'https://assets.mhw-db.com/armor/bec17d86a24c0f334612ec33c7d29243.f5daed1c79b64d7f48f05cc30f41883cfbfb3d12.png','bec17d86a24c0f334612ec33c7d29243','f5daed1c79b64d7f48f05cc30f41883cfbfb3d12'),(1565,'https://assets.mhw-db.com/armor/019dc74535a07e8d55c547957910c8b2.d414dc01b3db81c9bfd070053288b5734cd17fe0.png','019dc74535a07e8d55c547957910c8b2','d414dc01b3db81c9bfd070053288b5734cd17fe0'),(1566,'https://assets.mhw-db.com/armor/6c2340ded1246891be64e860ecc6cb04.4e78bd57a895caa776fd36880ceb45b09c8ff234.png','6c2340ded1246891be64e860ecc6cb04','4e78bd57a895caa776fd36880ceb45b09c8ff234'),(1567,'https://assets.mhw-db.com/armor/20edc46d8202025d644d8ae11b71af92.25aec4a7a59883b233ab7cc029e275b9b9db814b.png','20edc46d8202025d644d8ae11b71af92','25aec4a7a59883b233ab7cc029e275b9b9db814b'),(1568,'https://assets.mhw-db.com/armor/14422ea2e0236f1bda23abb31b98cf13.1ddeeff5922fd03416a2ff4942561a45cf2088b5.png','14422ea2e0236f1bda23abb31b98cf13','1ddeeff5922fd03416a2ff4942561a45cf2088b5'),(1569,'https://assets.mhw-db.com/armor/44ddb754349555826a3b9838890c6aa9.5aaaaa2291f07a60a0deb2a5c502dcabfa2aaa39.png','44ddb754349555826a3b9838890c6aa9','5aaaaa2291f07a60a0deb2a5c502dcabfa2aaa39'),(1570,'https://assets.mhw-db.com/armor/853badd16c43616f151ece0365dd4ba4.8205d62734c1e80b6dc5453a82a23710fee1ee67.png','853badd16c43616f151ece0365dd4ba4','8205d62734c1e80b6dc5453a82a23710fee1ee67'),(1571,'https://assets.mhw-db.com/armor/05de1390d7e2ec081e07c9ea742f7632.b5d0c27057fd5c19b5efbe48ed6cc6ae566a8de0.png','05de1390d7e2ec081e07c9ea742f7632','b5d0c27057fd5c19b5efbe48ed6cc6ae566a8de0'),(1572,'https://assets.mhw-db.com/armor/8c44641e4c7240e57880b2ab2a721114.c407824802f0c4c404bcc1bf8d49af1b9a843d30.png','8c44641e4c7240e57880b2ab2a721114','c407824802f0c4c404bcc1bf8d49af1b9a843d30'),(1573,'https://assets.mhw-db.com/armor/15076ff84eee823be87039ddaf88fbf4.a2a2ec7dcb8c381fb841b3f705320d24e77d64de.png','15076ff84eee823be87039ddaf88fbf4','a2a2ec7dcb8c381fb841b3f705320d24e77d64de'),(1574,'https://assets.mhw-db.com/armor/5e9fcd9a104e7ac73d9372dd60a7c120.2b01fc6ad6cb1d11dfb9fce657e35103f61306fc.png','5e9fcd9a104e7ac73d9372dd60a7c120','2b01fc6ad6cb1d11dfb9fce657e35103f61306fc'),(1575,'https://assets.mhw-db.com/armor/5a87aca361cd97dc412c2838d4ffa70a.c83117b1a2eaff756b1a7632f2d91a5b9a098a8e.png','5a87aca361cd97dc412c2838d4ffa70a','c83117b1a2eaff756b1a7632f2d91a5b9a098a8e'),(1576,'https://assets.mhw-db.com/armor/ded381ea169406a8952e3aa9a20b7411.0e0fe15e2792897100daa3249f37983e68d56144.png','ded381ea169406a8952e3aa9a20b7411','0e0fe15e2792897100daa3249f37983e68d56144'),(1577,'https://assets.mhw-db.com/armor/20c5ee905dd06f51cc50d753d912752a.35264a1b1d68aa2cb6a6079bf7612d19c76c5a8d.png','20c5ee905dd06f51cc50d753d912752a','35264a1b1d68aa2cb6a6079bf7612d19c76c5a8d'),(1578,'https://assets.mhw-db.com/armor/4920c3c3433235d1261375d02c23299e.5b22304f751c4f076204edf56ad1f9b37902af48.png','4920c3c3433235d1261375d02c23299e','5b22304f751c4f076204edf56ad1f9b37902af48'),(1579,'https://assets.mhw-db.com/armor/5f89b73e2831e9a7b22fd85daff20fd3.ccd2f43c5e24b5a8bffb3700e3ff83c08526b4e5.png','5f89b73e2831e9a7b22fd85daff20fd3','ccd2f43c5e24b5a8bffb3700e3ff83c08526b4e5'),(1580,'https://assets.mhw-db.com/armor/4525e3eabc724d9b2d16a9bffd411e8d.26923a321cc6dfe516cf697456d23fc5eed04861.png','4525e3eabc724d9b2d16a9bffd411e8d','26923a321cc6dfe516cf697456d23fc5eed04861'),(1581,'https://assets.mhw-db.com/armor/7bd9e25738df0c7cb62b9c4b052cb8a6.8fe6961ac80eaa1e061ba22b612b9a255a875f3d.png','7bd9e25738df0c7cb62b9c4b052cb8a6','8fe6961ac80eaa1e061ba22b612b9a255a875f3d'),(1582,'https://assets.mhw-db.com/armor/5f83ac981cb3759422c06471db1762c5.dfb4a659ce3b893280773299ba92ae56a4fa712b.png','5f83ac981cb3759422c06471db1762c5','dfb4a659ce3b893280773299ba92ae56a4fa712b'),(1583,'https://assets.mhw-db.com/armor/3b7de31760d5a7a39191b768e933bbaa.b4e143aa3ed429d57d7484de074e22e242172b53.png','3b7de31760d5a7a39191b768e933bbaa','b4e143aa3ed429d57d7484de074e22e242172b53'),(1584,'https://assets.mhw-db.com/armor/173a5aa3d0678d5528538895db59ae03.4b4a8749ddc0d104939b2b56483e3d7d3961bdd5.png','173a5aa3d0678d5528538895db59ae03','4b4a8749ddc0d104939b2b56483e3d7d3961bdd5'),(1585,'https://assets.mhw-db.com/armor/5caf946f4cfb896785fef6d8534a716b.5cf74555a5790611c9c278416801c877a2fd6707.png','5caf946f4cfb896785fef6d8534a716b','5cf74555a5790611c9c278416801c877a2fd6707'),(1586,'https://assets.mhw-db.com/armor/2a3582c4beaf2842690d5195fef61026.08d1bea6bc7ce5a39617bc058a0fae51de8a6fd1.png','2a3582c4beaf2842690d5195fef61026','08d1bea6bc7ce5a39617bc058a0fae51de8a6fd1'),(1587,'https://assets.mhw-db.com/armor/1ef6db0d0186b6d735d99780fe3035b5.8631e05c7882f78e9f1576f2ddc377c190d2bb9a.png','1ef6db0d0186b6d735d99780fe3035b5','8631e05c7882f78e9f1576f2ddc377c190d2bb9a'),(1588,'https://assets.mhw-db.com/armor/76ce28eefa1d64368ffa2599289e4b05.5936d0a274838aceb22d0d4a3f058d76188569e6.png','76ce28eefa1d64368ffa2599289e4b05','5936d0a274838aceb22d0d4a3f058d76188569e6'),(1589,'https://assets.mhw-db.com/armor/24f0e296e00e12a9244befac0835881e.18e633ba1ed94e49b1342990651976beef5f0a8e.png','24f0e296e00e12a9244befac0835881e','18e633ba1ed94e49b1342990651976beef5f0a8e'),(1590,'https://assets.mhw-db.com/armor/e34708d8be348a3d584e8e9d5cb0365e.5c7d0898332fe6d8be5e42b725a1ea22a3158861.png','e34708d8be348a3d584e8e9d5cb0365e','5c7d0898332fe6d8be5e42b725a1ea22a3158861'),(1591,'https://assets.mhw-db.com/armor/127b5ac77d0dddc2d0065bfd114e43bc.e116b9a9cb7f588592cabaebee699650211d145c.png','127b5ac77d0dddc2d0065bfd114e43bc','e116b9a9cb7f588592cabaebee699650211d145c'),(1592,'https://assets.mhw-db.com/armor/1a33d01e21a4e16cc43b1760e875d2eb.ec4b76c789c2a0940baa590060beb9716cae1b52.png','1a33d01e21a4e16cc43b1760e875d2eb','ec4b76c789c2a0940baa590060beb9716cae1b52'),(1593,'https://assets.mhw-db.com/armor/6d85d8c7b6e7ca30a5894583080c1511.026c23e380c48de323367df4904105d0c1009f92.png','6d85d8c7b6e7ca30a5894583080c1511','026c23e380c48de323367df4904105d0c1009f92'),(1594,'https://assets.mhw-db.com/armor/1630e37e09d72e79b1045888815cbd94.02a4963fde9127474387806dd1591c9c3a3edc42.png','1630e37e09d72e79b1045888815cbd94','02a4963fde9127474387806dd1591c9c3a3edc42'),(1595,'https://assets.mhw-db.com/armor/1a93d7028d42a3bb00f28f2149b1b808.8f116621fd342c8ba032475d4f487694672a22d9.png','1a93d7028d42a3bb00f28f2149b1b808','8f116621fd342c8ba032475d4f487694672a22d9'),(1596,'https://assets.mhw-db.com/armor/7a7246d092db55c15f58d847d8010e88.849857138170c008c63cc27f95d1d146afa52b2f.png','7a7246d092db55c15f58d847d8010e88','849857138170c008c63cc27f95d1d146afa52b2f'),(1597,'https://assets.mhw-db.com/armor/3a30fb08e063db91221ae0ca10c58fb0.c4caf43335716f0fc355371577a79d0440744329.png','3a30fb08e063db91221ae0ca10c58fb0','c4caf43335716f0fc355371577a79d0440744329'),(1598,'https://assets.mhw-db.com/armor/8e0185dc1c35f3847dfcbeebf3db5044.2ef94f12642093eb1493c8d866b73ac6fccce0b7.png','8e0185dc1c35f3847dfcbeebf3db5044','2ef94f12642093eb1493c8d866b73ac6fccce0b7'),(1599,'https://assets.mhw-db.com/armor/7ba5f2a81c6e29176688141de6e91331.da0197bd7a67331016814cc89d69bd3e039cf29f.png','7ba5f2a81c6e29176688141de6e91331','da0197bd7a67331016814cc89d69bd3e039cf29f'),(1600,'https://assets.mhw-db.com/armor/64ca696b30cbe1213473a35e1d4c96d4.ebf702cabb73a01f80a1db01bef779a5cbb30bad.png','64ca696b30cbe1213473a35e1d4c96d4','ebf702cabb73a01f80a1db01bef779a5cbb30bad'),(1601,'https://assets.mhw-db.com/armor/36843bb6efda9158f283dd4e25784e6e.eb78999f99305c25851751357591312d51153c48.png','36843bb6efda9158f283dd4e25784e6e','eb78999f99305c25851751357591312d51153c48'),(1602,'https://assets.mhw-db.com/armor/a6ac7d90584e815661301f4b6bba05ea.167231c9a0a5b128451443b4eb891c5ed79cd50f.png','a6ac7d90584e815661301f4b6bba05ea','167231c9a0a5b128451443b4eb891c5ed79cd50f'),(1603,'https://assets.mhw-db.com/armor/a9c60bd611b5a083d6af1bf2d848d8f8.5c2a8d9130af12e27ca0192677e2beaa3c53d8e5.png','a9c60bd611b5a083d6af1bf2d848d8f8','5c2a8d9130af12e27ca0192677e2beaa3c53d8e5'),(1604,'https://assets.mhw-db.com/armor/0e5369080c99c30ebae516fa8c597fd1.8f5d5fbb59cedefcacc2ce6ca1dc46726b8f9dba.png','0e5369080c99c30ebae516fa8c597fd1','8f5d5fbb59cedefcacc2ce6ca1dc46726b8f9dba'),(1605,'https://assets.mhw-db.com/armor/c0f24677b2ed63a1491151bf38e15139.7081aea3a7e4673ce6dcedf99621f03fac5ffa1b.png','c0f24677b2ed63a1491151bf38e15139','7081aea3a7e4673ce6dcedf99621f03fac5ffa1b'),(1606,'https://assets.mhw-db.com/armor/62c981116947ea67013edcd247f05db4.f80fc0b5d35ca4467a3898567b0cdd70ce9b2edf.png','62c981116947ea67013edcd247f05db4','f80fc0b5d35ca4467a3898567b0cdd70ce9b2edf'),(1607,'https://assets.mhw-db.com/armor/f591bd1e10b13a293b287b9f5e5609b3.b14b2ef8d6d0325363933d38cdfdf285619d6d88.png','f591bd1e10b13a293b287b9f5e5609b3','b14b2ef8d6d0325363933d38cdfdf285619d6d88'),(1608,'https://assets.mhw-db.com/armor/0cf3e5de0ac6a49d398f1efbcbb39936.75732ab20d5372aee8bd9f421bf7e3f3017c1848.png','0cf3e5de0ac6a49d398f1efbcbb39936','75732ab20d5372aee8bd9f421bf7e3f3017c1848'),(1609,'https://assets.mhw-db.com/armor/7a2abde8c60722dc1523d68bd75a884c.65f43a8a5167f1af3d54466ad3c655d431a9c580.png','7a2abde8c60722dc1523d68bd75a884c','65f43a8a5167f1af3d54466ad3c655d431a9c580'),(1610,'https://assets.mhw-db.com/armor/1cc5458f07f22ebeb16ce72a41ac453b.92e0cec08141ec457bd36d8f73648b43dd0e6f05.png','1cc5458f07f22ebeb16ce72a41ac453b','92e0cec08141ec457bd36d8f73648b43dd0e6f05'),(1611,'https://assets.mhw-db.com/armor/eb050db883de8b9fc14ef62ed8672efa.09fd8e299ce3a9ce5901a142e3caf9644dbbcc4b.png','eb050db883de8b9fc14ef62ed8672efa','09fd8e299ce3a9ce5901a142e3caf9644dbbcc4b'),(1612,'https://assets.mhw-db.com/armor/5f017c45b30024d545d8141739f528c8.c34982f55f3e63a669e0019b3653656dc080c3a0.png','5f017c45b30024d545d8141739f528c8','c34982f55f3e63a669e0019b3653656dc080c3a0'),(1613,'https://assets.mhw-db.com/armor/03d96543627a220dd445370be2998b33.c2a31f93b9295e07acac4060927b7db92a01be93.png','03d96543627a220dd445370be2998b33','c2a31f93b9295e07acac4060927b7db92a01be93'),(1614,'https://assets.mhw-db.com/armor/d93b88b87571a009a807720867c14453.474f4db82efb3e3dc5c72b0d627ad5a5ce09a1d3.png','d93b88b87571a009a807720867c14453','474f4db82efb3e3dc5c72b0d627ad5a5ce09a1d3'),(1615,'https://assets.mhw-db.com/armor/dd944d9ccc35158a647e27caeb6178ad.da04be6b8b99534482926133509f700e725d0bd9.png','dd944d9ccc35158a647e27caeb6178ad','da04be6b8b99534482926133509f700e725d0bd9'),(1616,'https://assets.mhw-db.com/armor/2844ea3aed0017f47107b0379d74a5d3.748e9e36fb9c4a8b2a39593a9f60ec66f675492f.png','2844ea3aed0017f47107b0379d74a5d3','748e9e36fb9c4a8b2a39593a9f60ec66f675492f'),(1617,'https://assets.mhw-db.com/armor/e0064b268d8c6a86e1839f0512c6fec9.5938ca0ca8875c7db055e3bc382cab5821c2ce72.png','e0064b268d8c6a86e1839f0512c6fec9','5938ca0ca8875c7db055e3bc382cab5821c2ce72'),(1618,'https://assets.mhw-db.com/armor/ac22956db0e5541c8b81391c7ce611da.68dff245fa2d9ec6ba63cc9e29e64af4bb904da7.png','ac22956db0e5541c8b81391c7ce611da','68dff245fa2d9ec6ba63cc9e29e64af4bb904da7'),(1619,'https://assets.mhw-db.com/armor/b7b67faa9fad7d3b1933d7534198d449.6e86fb424bbb92f37a8687ed6eaf64c5c122f8ec.png','b7b67faa9fad7d3b1933d7534198d449','6e86fb424bbb92f37a8687ed6eaf64c5c122f8ec'),(1620,'https://assets.mhw-db.com/armor/93d44bad8c5d30ffdd2c19e07580d17c.4b8167ae63da8a44dbdfc20d44a57f2a43384fb8.png','93d44bad8c5d30ffdd2c19e07580d17c','4b8167ae63da8a44dbdfc20d44a57f2a43384fb8'),(1621,'https://assets.mhw-db.com/armor/0319bd3621415c1392e03f1791db3455.38fdf22313a55c69c008d3cd05ee70050c720389.png','0319bd3621415c1392e03f1791db3455','38fdf22313a55c69c008d3cd05ee70050c720389'),(1622,'https://assets.mhw-db.com/armor/b42eec5ccc8b7deeeb35526996f1a4e4.70cccb4e1c1838b7be5f5bc44fdd107e37e071cd.png','b42eec5ccc8b7deeeb35526996f1a4e4','70cccb4e1c1838b7be5f5bc44fdd107e37e071cd'),(1623,'https://assets.mhw-db.com/armor/22f4742796e10a47d6df9da1fb0f3eb9.5c5730e7cabc77d808ee1efd4c78ca825feec021.png','22f4742796e10a47d6df9da1fb0f3eb9','5c5730e7cabc77d808ee1efd4c78ca825feec021'),(1624,'https://assets.mhw-db.com/armor/ee6d688dba1d67acafa893a6032b2d15.071df535def5cb350b24d0ae6de6af65e46e28f9.png','ee6d688dba1d67acafa893a6032b2d15','071df535def5cb350b24d0ae6de6af65e46e28f9'),(1625,'https://assets.mhw-db.com/armor/969d175e8565a6203d0813c9b9d0980a.60468a521e5aec2cc6f8614e50ee978f31ca637d.png','969d175e8565a6203d0813c9b9d0980a','60468a521e5aec2cc6f8614e50ee978f31ca637d'),(1626,'https://assets.mhw-db.com/armor/5b6cea3791893029f030c5031549a0ce.b3698a4812c132ece31f9012583f25c97ed56b19.png','5b6cea3791893029f030c5031549a0ce','b3698a4812c132ece31f9012583f25c97ed56b19'),(1627,'https://assets.mhw-db.com/armor/ba123572ae63fb0a19f593c6d6f2ca1c.b9c018a7f0056fdb631ee9ebef308dbab76289d7.png','ba123572ae63fb0a19f593c6d6f2ca1c','b9c018a7f0056fdb631ee9ebef308dbab76289d7'),(1628,'https://assets.mhw-db.com/armor/9a5cd4683822d55ba47404450dcd39a7.dd4fe62ba31d258a6b61cad1a0bd4f89dc5ae0a6.png','9a5cd4683822d55ba47404450dcd39a7','dd4fe62ba31d258a6b61cad1a0bd4f89dc5ae0a6'),(1629,'https://assets.mhw-db.com/armor/0c7749e35a377b925597b698e94fc314.8df3efafb41ae72a7c142bf3b6cea914b6ee7f25.png','0c7749e35a377b925597b698e94fc314','8df3efafb41ae72a7c142bf3b6cea914b6ee7f25'),(1630,'https://assets.mhw-db.com/armor/98f27230a6a22027e87986b0d8f5f5ef.61fc3c314ef49b9553a9a6d914d43c0ad1e85176.png','98f27230a6a22027e87986b0d8f5f5ef','61fc3c314ef49b9553a9a6d914d43c0ad1e85176'),(1631,'https://assets.mhw-db.com/armor/175a9bdd1b778da40e04db2d785daaf7.bd962c8363e57ea02b3fb0a73f01808bcd82ca34.png','175a9bdd1b778da40e04db2d785daaf7','bd962c8363e57ea02b3fb0a73f01808bcd82ca34'),(1632,'https://assets.mhw-db.com/armor/c80e75c31c256d273ef15fe7feb0feef.78e3d0499b6d89aeb15754ab030f0955d095ed30.png','c80e75c31c256d273ef15fe7feb0feef','78e3d0499b6d89aeb15754ab030f0955d095ed30'),(1633,'https://assets.mhw-db.com/armor/2565939093eb049394d1205a615d3559.50fb5399dec833d0887d5a8867d7a69b9172f088.png','2565939093eb049394d1205a615d3559','50fb5399dec833d0887d5a8867d7a69b9172f088'),(1634,'https://assets.mhw-db.com/armor/25806d239f8a695ddac9d74332959538.0770768c589ad66eff518baeff02fde0d03826af.png','25806d239f8a695ddac9d74332959538','0770768c589ad66eff518baeff02fde0d03826af'),(1635,'https://assets.mhw-db.com/armor/385c7c2fb2b8959afeb5cd80fb579759.110ac9ba7f79a08603ebcd65b8ae65e8d8bddd79.png','385c7c2fb2b8959afeb5cd80fb579759','110ac9ba7f79a08603ebcd65b8ae65e8d8bddd79'),(1636,'https://assets.mhw-db.com/armor/21cccb4266c42ca1b9a1df3322be6f28.6113b864547f15bc5925b534589ad8c1fe670aa8.png','21cccb4266c42ca1b9a1df3322be6f28','6113b864547f15bc5925b534589ad8c1fe670aa8'),(1637,'https://assets.mhw-db.com/armor/8950e48938319cd431c49177bb5a13c7.36d49db362050fa95abc46687805cfe7122a184d.png','8950e48938319cd431c49177bb5a13c7','36d49db362050fa95abc46687805cfe7122a184d'),(1638,'https://assets.mhw-db.com/armor/a9643a9263cc6fc681ab6e56bcfa85ec.3b3e9497cb1902aaa927682c7463e0c391513f30.png','a9643a9263cc6fc681ab6e56bcfa85ec','3b3e9497cb1902aaa927682c7463e0c391513f30'),(1639,'https://assets.mhw-db.com/armor/21d519530c1a3ca9a2447231e5c49d97.d3d43ab282d6f84b5679bc5316d5f27f8a3e18a0.png','21d519530c1a3ca9a2447231e5c49d97','d3d43ab282d6f84b5679bc5316d5f27f8a3e18a0'),(1640,'https://assets.mhw-db.com/armor/bc09c4d471f00def14ae8669a515a354.7530fe2e137fc5382510444eb1b67ff3c71f9f83.png','bc09c4d471f00def14ae8669a515a354','7530fe2e137fc5382510444eb1b67ff3c71f9f83'),(1641,'https://assets.mhw-db.com/armor/d0fcb04a25edd6d1334af6d6cd733639.481d05a2127f20676164ce4204c40564d86b5c94.png','d0fcb04a25edd6d1334af6d6cd733639','481d05a2127f20676164ce4204c40564d86b5c94'),(1642,'https://assets.mhw-db.com/armor/5fc88f7f8aab404de8bd7175b37a3670.5fa9ab8a1395d91e4f6305809041335356a8e366.png','5fc88f7f8aab404de8bd7175b37a3670','5fa9ab8a1395d91e4f6305809041335356a8e366'),(1643,'https://assets.mhw-db.com/armor/1e2f9521af091f65fa2d389f7f1417c0.b38ccfd7c6ecf89533cbe9c4ad9387eadee77d23.png','1e2f9521af091f65fa2d389f7f1417c0','b38ccfd7c6ecf89533cbe9c4ad9387eadee77d23'),(1644,'https://assets.mhw-db.com/armor/fe23962a6004646322525854183d7ab3.9fa96e78c6e30113fda89c81ebc5bff1412c4f87.png','fe23962a6004646322525854183d7ab3','9fa96e78c6e30113fda89c81ebc5bff1412c4f87'),(1645,'https://assets.mhw-db.com/armor/786ff534245cbefc472b68a0872a7273.72b82802a2251d80024026547274f1c03b5a4e52.png','786ff534245cbefc472b68a0872a7273','72b82802a2251d80024026547274f1c03b5a4e52'),(1646,'https://assets.mhw-db.com/armor/449721514d3c281ecdf59ba95bc06d2c.b1b01f89f49cc8a81e11578fed56032b6b6083d8.png','449721514d3c281ecdf59ba95bc06d2c','b1b01f89f49cc8a81e11578fed56032b6b6083d8'),(1647,'https://assets.mhw-db.com/armor/92ce5a9d8a28e72a556cf9cbee1e1174.e4323aa6ad770e46e9dc679b8a091003454ff3ec.png','92ce5a9d8a28e72a556cf9cbee1e1174','e4323aa6ad770e46e9dc679b8a091003454ff3ec'),(1648,'https://assets.mhw-db.com/armor/4efb788f6ee947ea1f5b2ddd4d1dafc6.78c16c11d4b9122067b9649b091f064b931c2533.png','4efb788f6ee947ea1f5b2ddd4d1dafc6','78c16c11d4b9122067b9649b091f064b931c2533'),(1649,'https://assets.mhw-db.com/armor/c4d6b2bb375a2623af224146a983d664.76e5ae1b2e866129fd20c80db99145d60666766b.png','c4d6b2bb375a2623af224146a983d664','76e5ae1b2e866129fd20c80db99145d60666766b'),(1650,'https://assets.mhw-db.com/armor/4dd91510dc5e4b04b8bedee5f39992ea.3e049cbbf03220ea642be0a5c60e5d11a1f164a7.png','4dd91510dc5e4b04b8bedee5f39992ea','3e049cbbf03220ea642be0a5c60e5d11a1f164a7'),(1651,'https://assets.mhw-db.com/armor/962ab8a566138930b847da5396317fe7.d65152abd8392e87346f3bfed6100e47f41da8d5.png','962ab8a566138930b847da5396317fe7','d65152abd8392e87346f3bfed6100e47f41da8d5'),(1652,'https://assets.mhw-db.com/armor/0778cfa050c0f8587efb3258a083e69a.8fbf5eaecb9757a76e5c21dc8660c68f386ba287.png','0778cfa050c0f8587efb3258a083e69a','8fbf5eaecb9757a76e5c21dc8660c68f386ba287'),(1653,'https://assets.mhw-db.com/armor/72026b31b320aa85c4489066d7f4875b.b1bf0c76f57e146ca309279de458c49824f0bbbb.png','72026b31b320aa85c4489066d7f4875b','b1bf0c76f57e146ca309279de458c49824f0bbbb'),(1654,'https://assets.mhw-db.com/armor/e65875d00b95bb51a568c2e18374a8d4.cd888b2f4f2dc2a3747013b4f8badef2d1a05370.png','e65875d00b95bb51a568c2e18374a8d4','cd888b2f4f2dc2a3747013b4f8badef2d1a05370'),(1655,'https://assets.mhw-db.com/armor/e39b7cb06176c9b07b9e1715d6827a21.7d3451f9092795bc47cd616701ab320eb939345a.png','e39b7cb06176c9b07b9e1715d6827a21','7d3451f9092795bc47cd616701ab320eb939345a'),(1656,'https://assets.mhw-db.com/armor/24dd0c8d582742ff158aafdc687b0954.fae2caf0e86c90e5a400737b238304e79ae525d7.png','24dd0c8d582742ff158aafdc687b0954','fae2caf0e86c90e5a400737b238304e79ae525d7'),(1657,'https://assets.mhw-db.com/armor/85fc26c99ca17a7cf37265cfa443443e.51544617623f21ae5deb4809125b6a39dae9eb81.png','85fc26c99ca17a7cf37265cfa443443e','51544617623f21ae5deb4809125b6a39dae9eb81'),(1658,'https://assets.mhw-db.com/armor/32b0482c7d2b17afa8e6ab0fcbe18f7c.56862efd4b57f4edf31337d6858ee49dd6221ed1.png','32b0482c7d2b17afa8e6ab0fcbe18f7c','56862efd4b57f4edf31337d6858ee49dd6221ed1'),(1659,'https://assets.mhw-db.com/armor/8c33558e701f1d49fede71b359a85185.1805a13a5d9dc1107a77edc962af6cf17f313cf4.png','8c33558e701f1d49fede71b359a85185','1805a13a5d9dc1107a77edc962af6cf17f313cf4'),(1660,'https://assets.mhw-db.com/armor/ad7f063caf167422436efbac3cac7305.fc3ee213ae4e25a2ecc16270332a62149d55465f.png','ad7f063caf167422436efbac3cac7305','fc3ee213ae4e25a2ecc16270332a62149d55465f'),(1661,'https://assets.mhw-db.com/armor/75c33d04c9e6774fb4df823ec2adc47f.8bc9329e903df202422c31120a35de0c76fda7f1.png','75c33d04c9e6774fb4df823ec2adc47f','8bc9329e903df202422c31120a35de0c76fda7f1'),(1662,'https://assets.mhw-db.com/armor/6caa57359055b47dd63aaa8d7a8812d7.1bf67f67772527522e82411fe00e5df550e95b49.png','6caa57359055b47dd63aaa8d7a8812d7','1bf67f67772527522e82411fe00e5df550e95b49'),(1663,'https://assets.mhw-db.com/armor/c1a333655ac03d55e7271bcc0f6bd18e.483e3df102ad5a9e978ddbace3eef691dd0d8939.png','c1a333655ac03d55e7271bcc0f6bd18e','483e3df102ad5a9e978ddbace3eef691dd0d8939'),(1664,'https://assets.mhw-db.com/armor/b454fabdbdf92d59e7b359f9d486fa3c.fde313363af5af873fa79cdd845962810e54172b.png','b454fabdbdf92d59e7b359f9d486fa3c','fde313363af5af873fa79cdd845962810e54172b'),(1665,'https://assets.mhw-db.com/armor/a6ae8b381eafba2bc355d69f36bed4ea.300f58afc2b79c5e8a01cf32a78fbb905aa00abc.png','a6ae8b381eafba2bc355d69f36bed4ea','300f58afc2b79c5e8a01cf32a78fbb905aa00abc'),(1666,'https://assets.mhw-db.com/armor/690d04dc57831d68d338914bb173834b.8a7ab6de6fad8678c221126482cfb0a2673152d1.png','690d04dc57831d68d338914bb173834b','8a7ab6de6fad8678c221126482cfb0a2673152d1'),(1667,'https://assets.mhw-db.com/armor/1a783060bc15fd3d6a5ffa8ccfb9954f.7b12eb214946b6632572dc51c13d444d8142c504.png','1a783060bc15fd3d6a5ffa8ccfb9954f','7b12eb214946b6632572dc51c13d444d8142c504'),(1668,'https://assets.mhw-db.com/armor/17871167885f51beb44bb513ed31cfa5.a820b5052b0c4111a20e5759c073ab726680cb89.png','17871167885f51beb44bb513ed31cfa5','a820b5052b0c4111a20e5759c073ab726680cb89'),(1669,'https://assets.mhw-db.com/armor/69f6094840126e111cff33492dbfeb66.03f40b6a74764a3944c76f58f80eb706e653556b.png','69f6094840126e111cff33492dbfeb66','03f40b6a74764a3944c76f58f80eb706e653556b'),(1670,'https://assets.mhw-db.com/armor/02e2c455b66a0c4f5af73b7fe0f4b738.7fc9611fbb6b44161f33bf18689c01c2386a06a0.png','02e2c455b66a0c4f5af73b7fe0f4b738','7fc9611fbb6b44161f33bf18689c01c2386a06a0'),(1671,'https://assets.mhw-db.com/armor/476ae1b66b968c17043bd1525de3dbc7.da6864dbc4d37d49ab2def0eae9ae8deed3a4bed.png','476ae1b66b968c17043bd1525de3dbc7','da6864dbc4d37d49ab2def0eae9ae8deed3a4bed'),(1672,'https://assets.mhw-db.com/armor/9a6815ed7ac19548455e547b583b8ba1.a4793b698b0663e88b34314af14a359ba046fbd0.png','9a6815ed7ac19548455e547b583b8ba1','a4793b698b0663e88b34314af14a359ba046fbd0'),(1673,'https://assets.mhw-db.com/armor/5fa24d99bbf23f71bae659ab9a4c6f6b.65457b0bd66e6e13129c5ef0838bfba1db131fd5.png','5fa24d99bbf23f71bae659ab9a4c6f6b','65457b0bd66e6e13129c5ef0838bfba1db131fd5'),(1674,'https://assets.mhw-db.com/armor/915b64e062bbe59b93c22e48958a1893.acd668bb7e2298daf4a45118378506a9da01bfe5.png','915b64e062bbe59b93c22e48958a1893','acd668bb7e2298daf4a45118378506a9da01bfe5'),(1675,'https://assets.mhw-db.com/armor/9b1dab647f8603e27c01373ad52898f3.107bd756f3f7e50265376d447845e08a8bc32fac.png','9b1dab647f8603e27c01373ad52898f3','107bd756f3f7e50265376d447845e08a8bc32fac'),(1676,'https://assets.mhw-db.com/armor/94bf90f48fcca5362237ca9a76407428.3030f88f067cadc7b79fed606f86792580354dbf.png','94bf90f48fcca5362237ca9a76407428','3030f88f067cadc7b79fed606f86792580354dbf'),(1677,'https://assets.mhw-db.com/armor/bcadf2d01620a82ed17028da0117872a.c60081268775bb494e442c5bbdee8d59337dca93.png','bcadf2d01620a82ed17028da0117872a','c60081268775bb494e442c5bbdee8d59337dca93'),(1678,'https://assets.mhw-db.com/armor/240fa11c073f43d10b194ba54519d5e9.19464ffa7c854d0b65a2b4096f9b0e6e35b773c0.png','240fa11c073f43d10b194ba54519d5e9','19464ffa7c854d0b65a2b4096f9b0e6e35b773c0'),(1679,'https://assets.mhw-db.com/armor/f716fc177ffa878a0b190346d9850683.0f8a43598eacf54b48a9635a080e44fb094328cf.png','f716fc177ffa878a0b190346d9850683','0f8a43598eacf54b48a9635a080e44fb094328cf'),(1680,'https://assets.mhw-db.com/armor/bd4ba0d39daeed162fb5576f47fb31f0.951a37c990897ce48fc28d94d4b3739d44f23b32.png','bd4ba0d39daeed162fb5576f47fb31f0','951a37c990897ce48fc28d94d4b3739d44f23b32'),(1681,'https://assets.mhw-db.com/armor/0775e6b63cf4521fdf6a19b11d77b97e.0808c15b2da9f8fe3eb87a5353ab7a65f785f71d.png','0775e6b63cf4521fdf6a19b11d77b97e','0808c15b2da9f8fe3eb87a5353ab7a65f785f71d'),(1682,'https://assets.mhw-db.com/armor/cd63263804eaa2dd185d6046822103d1.9b97de3aafd3c0b4d7b8f97e3bc91e53fdfd2ad8.png','cd63263804eaa2dd185d6046822103d1','9b97de3aafd3c0b4d7b8f97e3bc91e53fdfd2ad8'),(1683,'https://assets.mhw-db.com/armor/9aeada9ee574cfdd665c1048fe12abf0.357b00eb70c38920e1f012daf889853c9e4efd8c.png','9aeada9ee574cfdd665c1048fe12abf0','357b00eb70c38920e1f012daf889853c9e4efd8c'),(1684,'https://assets.mhw-db.com/armor/664ceb503c1838974e3f25efae4cfa9a.7999c94f07b3d1e7b1edd81f854b80bbef3394bf.png','664ceb503c1838974e3f25efae4cfa9a','7999c94f07b3d1e7b1edd81f854b80bbef3394bf'),(1685,'https://assets.mhw-db.com/armor/ec8cc9842fa8dd0f669d94fe00794ade.e100f234c4184e88404e684b4ec8a0db05f23af4.png','ec8cc9842fa8dd0f669d94fe00794ade','e100f234c4184e88404e684b4ec8a0db05f23af4'),(1686,'https://assets.mhw-db.com/armor/b23eb4cc888cbc12317404664681f1a0.60f084f787cd66be8b0cd1873c04b3a4381af894.png','b23eb4cc888cbc12317404664681f1a0','60f084f787cd66be8b0cd1873c04b3a4381af894'),(1687,'https://assets.mhw-db.com/armor/0edfc1430f3619ad3be92f2c6be0cb1a.24ee5fddd7a6610b4019c4d8280f706f15c931c9.png','0edfc1430f3619ad3be92f2c6be0cb1a','24ee5fddd7a6610b4019c4d8280f706f15c931c9'),(1688,'https://assets.mhw-db.com/armor/1f0a1f9350c6156ff8dc3333f3098810.3f4e056afa0fa1d282aaa51bb46dcd33a8dfe2e4.png','1f0a1f9350c6156ff8dc3333f3098810','3f4e056afa0fa1d282aaa51bb46dcd33a8dfe2e4'),(1689,'https://assets.mhw-db.com/armor/38918ad76e210e2efa17ed6063022056.d78c8b7f9c37885de8030991c821ddedc900f3d0.png','38918ad76e210e2efa17ed6063022056','d78c8b7f9c37885de8030991c821ddedc900f3d0'),(1690,'https://assets.mhw-db.com/armor/caa4c60704cb5e58d80b89cad8af8e80.3a95c4dc9343a3bc45fc05ce56d064def30a1ab6.png','caa4c60704cb5e58d80b89cad8af8e80','3a95c4dc9343a3bc45fc05ce56d064def30a1ab6'),(1691,'https://assets.mhw-db.com/armor/0fc84f92690abc914048f6d990826751.b54c31287d2186cc25779c35ec959569f6605a97.png','0fc84f92690abc914048f6d990826751','b54c31287d2186cc25779c35ec959569f6605a97'),(1692,'https://assets.mhw-db.com/armor/3f0290f1065c4b94c21a05b4e7d9676c.0a92ed97d427026a6f9cb2dd4ccdad8111f51b66.png','3f0290f1065c4b94c21a05b4e7d9676c','0a92ed97d427026a6f9cb2dd4ccdad8111f51b66'),(1693,'https://assets.mhw-db.com/armor/3a0c2d1aaf2d7c341e92946c41e9bb5c.ff3418ce6b54236b0e97dcda822e2273e0c5f89c.png','3a0c2d1aaf2d7c341e92946c41e9bb5c','ff3418ce6b54236b0e97dcda822e2273e0c5f89c'),(1694,'https://assets.mhw-db.com/armor/b6f69c755d002d15775d710f06cfb73c.557e7190477dd82c59b0e72ef3972266ee760b25.png','b6f69c755d002d15775d710f06cfb73c','557e7190477dd82c59b0e72ef3972266ee760b25'),(1695,'https://assets.mhw-db.com/armor/66e0b19abee34e1d6addbad0a7c30cbe.e85eb7f2fca34d7f4f325d2e25caf4cd19d840bd.png','66e0b19abee34e1d6addbad0a7c30cbe','e85eb7f2fca34d7f4f325d2e25caf4cd19d840bd'),(1696,'https://assets.mhw-db.com/armor/e7435aac195397fd8d64f9fce58aafb2.3eaf5a813ae6543b8f7cee2b1480ef75ce657e26.png','e7435aac195397fd8d64f9fce58aafb2','3eaf5a813ae6543b8f7cee2b1480ef75ce657e26'),(1697,'https://assets.mhw-db.com/armor/241957e45310a1db86540528daaaebe2.7c3cda6b4275cd855311fdabf01d21ca65b34f18.png','241957e45310a1db86540528daaaebe2','7c3cda6b4275cd855311fdabf01d21ca65b34f18'),(1698,'https://assets.mhw-db.com/armor/25e8d0bbb80f8a53fbc195dfce6cc51f.6fd4435f858236cbed693e9901f4dce1b5530ffe.png','25e8d0bbb80f8a53fbc195dfce6cc51f','6fd4435f858236cbed693e9901f4dce1b5530ffe'),(1699,'https://assets.mhw-db.com/armor/ea3e12a9e3f6d0895c008c095a8dac0f.0bdfc9d3bfadc5d0ef314f69b510668603ede4a5.png','ea3e12a9e3f6d0895c008c095a8dac0f','0bdfc9d3bfadc5d0ef314f69b510668603ede4a5'),(1700,'https://assets.mhw-db.com/armor/19f7aa83bd535512618ce81a4ecbc26f.4f644f41146072cf2f784acf1a6adc9865ebbedb.png','19f7aa83bd535512618ce81a4ecbc26f','4f644f41146072cf2f784acf1a6adc9865ebbedb'),(1701,'https://assets.mhw-db.com/armor/07e38d12b7a980a352cb83c25f971a8a.f6df7f0f5ddc74b91716efb3bf9fdcda8178604c.png','07e38d12b7a980a352cb83c25f971a8a','f6df7f0f5ddc74b91716efb3bf9fdcda8178604c'),(1702,'https://assets.mhw-db.com/armor/c319a2db83411c99c5b2c29bb0450b4d.2edfb4014d67b1bfb70dbd21c156b52fc219a521.png','c319a2db83411c99c5b2c29bb0450b4d','2edfb4014d67b1bfb70dbd21c156b52fc219a521'),(1703,'https://assets.mhw-db.com/armor/069ed78a1ea6f280b06efe06b3f073ee.ccdc6b94ef25c9510ef4427606a22eb80c2bc04b.png','069ed78a1ea6f280b06efe06b3f073ee','ccdc6b94ef25c9510ef4427606a22eb80c2bc04b'),(1704,'https://assets.mhw-db.com/armor/83793d552fb35e1fdbde5d9acc04f339.93cb80f956643f87fae505fc810c2038017e2190.png','83793d552fb35e1fdbde5d9acc04f339','93cb80f956643f87fae505fc810c2038017e2190'),(1705,'https://assets.mhw-db.com/armor/9a63d7b97f507adc189a9443e40e6801.351bb5834531367ebf357d57225368059c8d1450.png','9a63d7b97f507adc189a9443e40e6801','351bb5834531367ebf357d57225368059c8d1450'),(1706,'https://assets.mhw-db.com/armor/04ef8f65d1e3e02b15dc2980ad0b0e2a.224a3a62c447cacedbb6909480dada75f9f7a3fe.png','04ef8f65d1e3e02b15dc2980ad0b0e2a','224a3a62c447cacedbb6909480dada75f9f7a3fe'),(1707,'https://assets.mhw-db.com/armor/b010a7831e6a9e0f1063616980c790df.befb7444345ea53bfbfb586c94eea13ad98cf9b8.png','b010a7831e6a9e0f1063616980c790df','befb7444345ea53bfbfb586c94eea13ad98cf9b8'),(1708,'https://assets.mhw-db.com/armor/ab959dceb168e790b4521e4c906af631.3b834b4f9663e29046e96c4e0a94aa53f0773a6f.png','ab959dceb168e790b4521e4c906af631','3b834b4f9663e29046e96c4e0a94aa53f0773a6f'),(1709,'https://assets.mhw-db.com/armor/c994b2f6d5a3a1fc0eeeb915888e812a.62e162f34040ae7be4721791774deb9d9fcf23b2.png','c994b2f6d5a3a1fc0eeeb915888e812a','62e162f34040ae7be4721791774deb9d9fcf23b2'),(1710,'https://assets.mhw-db.com/armor/0db9b806ce9e8066e248728e4be86936.8330be362d7a72b5f413879d54866b71520fc004.png','0db9b806ce9e8066e248728e4be86936','8330be362d7a72b5f413879d54866b71520fc004'),(1711,'https://assets.mhw-db.com/armor/be534f9aa37b7b8989a986858e34de5c.14c51feda4cb8dd8f20ae0e183985da999a1ced9.png','be534f9aa37b7b8989a986858e34de5c','14c51feda4cb8dd8f20ae0e183985da999a1ced9'),(1712,'https://assets.mhw-db.com/armor/40359d2b7af6fe1bbf55d9acf915df03.1a748c2330c87e22d8d56cf7c47626e5829dfd16.png','40359d2b7af6fe1bbf55d9acf915df03','1a748c2330c87e22d8d56cf7c47626e5829dfd16'),(1713,'https://assets.mhw-db.com/armor/e2352d95ff5778155cc025baaac19419.9acbee401d680f05600df3c50d5b4e409d2f23ed.png','e2352d95ff5778155cc025baaac19419','9acbee401d680f05600df3c50d5b4e409d2f23ed'),(1714,'https://assets.mhw-db.com/armor/2e8ac10e435c22fc41fbb176d0f893a1.e74bf6ff624765c38ec03b6a7cb9092deb3ea7d0.png','2e8ac10e435c22fc41fbb176d0f893a1','e74bf6ff624765c38ec03b6a7cb9092deb3ea7d0'),(1715,'https://assets.mhw-db.com/armor/0794c2186afe7ec20ca6bb85dc6d12c2.16fee8df2ecef002da88a6521d33f59ffd2d32f6.png','0794c2186afe7ec20ca6bb85dc6d12c2','16fee8df2ecef002da88a6521d33f59ffd2d32f6'),(1716,'https://assets.mhw-db.com/armor/08dfdb3fcf25bab001aa46e512f41827.99e77948efb24b89bc5549291010ab966bbf5402.png','08dfdb3fcf25bab001aa46e512f41827','99e77948efb24b89bc5549291010ab966bbf5402'),(1717,'https://assets.mhw-db.com/armor/b674e1963cfe8dac272a3115a49bf429.5ae17efa5bd39bf9bd1e49963d846da22faf8261.png','b674e1963cfe8dac272a3115a49bf429','5ae17efa5bd39bf9bd1e49963d846da22faf8261'),(1718,'https://assets.mhw-db.com/armor/841e9d685fe6cbc24eebf9963e88cd82.75307bf1f1e1463c522054b0de6650975aa62931.png','841e9d685fe6cbc24eebf9963e88cd82','75307bf1f1e1463c522054b0de6650975aa62931'),(1719,'https://assets.mhw-db.com/armor/2d331b08cda944d2625042387ddcf7bc.715413696a3e80050de75166919afc6b2ce69ccf.png','2d331b08cda944d2625042387ddcf7bc','715413696a3e80050de75166919afc6b2ce69ccf'),(1720,'https://assets.mhw-db.com/armor/6b1103285390f952b728237a2a88cc3a.eeb5730904f983632e74a79ab3073d562745506c.png','6b1103285390f952b728237a2a88cc3a','eeb5730904f983632e74a79ab3073d562745506c'),(1721,'https://assets.mhw-db.com/armor/44a761f1160b852d68c23a0ccfc79526.b2dfbda3eeacddd597d19cf96557b9b4978da911.png','44a761f1160b852d68c23a0ccfc79526','b2dfbda3eeacddd597d19cf96557b9b4978da911'),(1722,'https://assets.mhw-db.com/armor/4f3c4b69aa91574f741e2c7c766f04cf.2d50e6db84b72764453d082dbaa53290f6caa4db.png','4f3c4b69aa91574f741e2c7c766f04cf','2d50e6db84b72764453d082dbaa53290f6caa4db'),(1723,'https://assets.mhw-db.com/armor/fc6f705a83722458b0a561494da2c654.ac2bcd29bcbc7e2010edbcb3bad4b32b1913c039.png','fc6f705a83722458b0a561494da2c654','ac2bcd29bcbc7e2010edbcb3bad4b32b1913c039'),(1724,'https://assets.mhw-db.com/armor/6cc6b3bbd6f7a67219f1a29d220156a8.2e29a89b0be738a67fcccbf7339564736b7cd1e9.png','6cc6b3bbd6f7a67219f1a29d220156a8','2e29a89b0be738a67fcccbf7339564736b7cd1e9'),(1725,'https://assets.mhw-db.com/armor/2793d351b330b7d67d5b9e109a1a50e2.85619e90d25657a607cb046a86fcf2e33bd73147.png','2793d351b330b7d67d5b9e109a1a50e2','85619e90d25657a607cb046a86fcf2e33bd73147'),(1726,'https://assets.mhw-db.com/armor/8b101b5f0e032a8ef24069ce619e9585.ac8155fca104eca2f2062f20e989162d6a810e13.png','8b101b5f0e032a8ef24069ce619e9585','ac8155fca104eca2f2062f20e989162d6a810e13'),(1727,'https://assets.mhw-db.com/armor/0c34598865188f52ab0135461279d4ea.ac22e15eb39ca8e409f361670c26c6f177e6b9ef.png','0c34598865188f52ab0135461279d4ea','ac22e15eb39ca8e409f361670c26c6f177e6b9ef'),(1728,'https://assets.mhw-db.com/armor/4e06ad2cfb449020bc204e071b8e8540.6d5a65d895163b9116521c5b07bba94da68f7c24.png','4e06ad2cfb449020bc204e071b8e8540','6d5a65d895163b9116521c5b07bba94da68f7c24'),(1729,'https://assets.mhw-db.com/armor/cca230df36692dc37664963e410edc1f.57dbb6116c416cf24f36d35a5a277a71e08ac915.png','cca230df36692dc37664963e410edc1f','57dbb6116c416cf24f36d35a5a277a71e08ac915'),(1730,'https://assets.mhw-db.com/armor/c4c97277600e17ed1dc0cdb1fe0b74f3.6d34b16c56375dc4f524b39453d728e46016f6de.png','c4c97277600e17ed1dc0cdb1fe0b74f3','6d34b16c56375dc4f524b39453d728e46016f6de'),(1731,'https://assets.mhw-db.com/armor/94df3e70aea62d39e4d19e6471ed00ad.07a1fcff1a5ee127d19bf6943c1c428161c0d7ae.png','94df3e70aea62d39e4d19e6471ed00ad','07a1fcff1a5ee127d19bf6943c1c428161c0d7ae'),(1732,'https://assets.mhw-db.com/armor/d4e0038f60dba48d96ffa89cee6569e1.630acf2d127dfc4a6a53d248db2f0a9bea01d2c7.png','d4e0038f60dba48d96ffa89cee6569e1','630acf2d127dfc4a6a53d248db2f0a9bea01d2c7'),(1733,'https://assets.mhw-db.com/armor/14cb9e05e8fa8111a2687ca4fc67fd1e.2418d8da9a5e3d216e206d0fe4db9cf6bb6ebb8f.png','14cb9e05e8fa8111a2687ca4fc67fd1e','2418d8da9a5e3d216e206d0fe4db9cf6bb6ebb8f'),(1734,'https://assets.mhw-db.com/armor/96689eaa5f479b870da6784a85354c6f.0867d07f6c547eb38dd84a1a031ef83635bc3339.png','96689eaa5f479b870da6784a85354c6f','0867d07f6c547eb38dd84a1a031ef83635bc3339'),(1735,'https://assets.mhw-db.com/armor/c7507e3e9bd703805af108fe7b549542.e6a3c4fe6d06c6bf5d91dce37016bc8dff129504.png','c7507e3e9bd703805af108fe7b549542','e6a3c4fe6d06c6bf5d91dce37016bc8dff129504'),(1736,'https://assets.mhw-db.com/armor/23d6008e2573a8b04eeff6a4c293fcda.e1e0368c4cb8c63591c8df943ef04699baa98b5f.png','23d6008e2573a8b04eeff6a4c293fcda','e1e0368c4cb8c63591c8df943ef04699baa98b5f'),(1737,'https://assets.mhw-db.com/armor/ddca278c1e54444b799c3e25ced711bc.a071eb7c15a47879296e65e94137056c0c84c452.png','ddca278c1e54444b799c3e25ced711bc','a071eb7c15a47879296e65e94137056c0c84c452'),(1738,'https://assets.mhw-db.com/armor/3f3aea27f1adf2bf5cd9ce8677fdd453.a754edfdb2bf4226ff5f548a1b145ca87efc280c.png','3f3aea27f1adf2bf5cd9ce8677fdd453','a754edfdb2bf4226ff5f548a1b145ca87efc280c'),(1739,'https://assets.mhw-db.com/armor/bd0289b4460c56b26a1a3e48fc918da8.6c7e7fdc7ca985086beb4dfe9ebe8e993c188483.png','bd0289b4460c56b26a1a3e48fc918da8','6c7e7fdc7ca985086beb4dfe9ebe8e993c188483'),(1740,'https://assets.mhw-db.com/armor/96cec3b543e74719edf5d2e2913b16ac.2435864222599bd410f4d45e5855267e924a5e66.png','96cec3b543e74719edf5d2e2913b16ac','2435864222599bd410f4d45e5855267e924a5e66'),(1741,'https://assets.mhw-db.com/armor/858b2f9329efda2cbfca7c221e9560d6.6de18137eaf42c064ae9d18c13515439d1ffff76.png','858b2f9329efda2cbfca7c221e9560d6','6de18137eaf42c064ae9d18c13515439d1ffff76'),(1742,'https://assets.mhw-db.com/armor/a74a0da059ba1c319cc69289e12db4cf.f685fc9ba113062e5d067d446579eea021b771d4.png','a74a0da059ba1c319cc69289e12db4cf','f685fc9ba113062e5d067d446579eea021b771d4'),(1743,'https://assets.mhw-db.com/armor/beb215d17e55475c6287d18531e63e8e.b64cadaa4cb2863563ca8904ee1093908026561c.png','beb215d17e55475c6287d18531e63e8e','b64cadaa4cb2863563ca8904ee1093908026561c'),(1744,'https://assets.mhw-db.com/armor/ce3079939d7e0a564b7a52326027efd4.8c357a58c3c755e2dd27400e4a1b24fb3e6cc7c8.png','ce3079939d7e0a564b7a52326027efd4','8c357a58c3c755e2dd27400e4a1b24fb3e6cc7c8'),(1745,'https://assets.mhw-db.com/armor/bccd27b9364b6a64c6028a052e8fb384.9d500274b125e3b1ad640621bbb701bee228a72b.png','bccd27b9364b6a64c6028a052e8fb384','9d500274b125e3b1ad640621bbb701bee228a72b'),(1746,'https://assets.mhw-db.com/armor/222ef3620118dff7627f5d99ea2206f6.c3d59937319b9c2343df325dda8f74e40d622094.png','222ef3620118dff7627f5d99ea2206f6','c3d59937319b9c2343df325dda8f74e40d622094'),(1747,'https://assets.mhw-db.com/armor/afc6e9964a243d1c7f880b94fbd43e78.7f19d7c93238729d05f769b6bdbf502df941b96d.png','afc6e9964a243d1c7f880b94fbd43e78','7f19d7c93238729d05f769b6bdbf502df941b96d'),(1748,'https://assets.mhw-db.com/armor/7394bea709e94cc0ef9e9cc3effce2b0.2d2a59bb27f27f12125e4a4f8c7f497895b625e9.png','7394bea709e94cc0ef9e9cc3effce2b0','2d2a59bb27f27f12125e4a4f8c7f497895b625e9'),(1749,'https://assets.mhw-db.com/armor/f1d1213e8a5cc6270ba559d01cb388a0.eb675d4636733576fdaf9585b9cc65ca69f04597.png','f1d1213e8a5cc6270ba559d01cb388a0','eb675d4636733576fdaf9585b9cc65ca69f04597'),(1750,'https://assets.mhw-db.com/armor/0ddced9feb1c5c3c0205c0bea60a578e.ec887f8ab548785f98e85e172b5e587ce8c69a14.png','0ddced9feb1c5c3c0205c0bea60a578e','ec887f8ab548785f98e85e172b5e587ce8c69a14'),(1751,'https://assets.mhw-db.com/armor/fc9b4ec171e16eadb169970e411e880c.33780d732386a5ef717cad86750111c7f7a25064.png','fc9b4ec171e16eadb169970e411e880c','33780d732386a5ef717cad86750111c7f7a25064'),(1752,'https://assets.mhw-db.com/armor/e5a3fea8db56d3096235d54fa19e99ff.3aa8200a02d96ad54d1f24198ed16c5c19fa668b.png','e5a3fea8db56d3096235d54fa19e99ff','3aa8200a02d96ad54d1f24198ed16c5c19fa668b'),(1753,'https://assets.mhw-db.com/armor/4edff6156bfc677b409eda3d68f32cfd.ea3ae937a795852179f25b284eba06e184cdd0f6.png','4edff6156bfc677b409eda3d68f32cfd','ea3ae937a795852179f25b284eba06e184cdd0f6'),(1754,'https://assets.mhw-db.com/armor/636e95e1d129b59435e929cd4ccfea0d.4b5fbffc5e3f5b4b5fef56b9f13e22f8019dcbc5.png','636e95e1d129b59435e929cd4ccfea0d','4b5fbffc5e3f5b4b5fef56b9f13e22f8019dcbc5'),(1755,'https://assets.mhw-db.com/armor/da4da6fa9f8e201662818908c4078d27.4ab12e42b344c782a8d2015cdf1450e831473eae.png','da4da6fa9f8e201662818908c4078d27','4ab12e42b344c782a8d2015cdf1450e831473eae'),(1756,'https://assets.mhw-db.com/armor/d67a898e7fc3c95dd4343dc19becc1dc.02f6d914bed1be9c27861a05da63fe68bfa29995.png','d67a898e7fc3c95dd4343dc19becc1dc','02f6d914bed1be9c27861a05da63fe68bfa29995'),(1757,'https://assets.mhw-db.com/armor/67c8ce228d6a1b873a0f04dc0f01cc8c.f177c554a15effd79d6200a08e066eba14ff2189.png','67c8ce228d6a1b873a0f04dc0f01cc8c','f177c554a15effd79d6200a08e066eba14ff2189'),(1758,'https://assets.mhw-db.com/armor/346f7f2cc498a94c5104c17f93fe3461.83cf0c81c9293c0bfe8b0ad3d323f897bada31ed.png','346f7f2cc498a94c5104c17f93fe3461','83cf0c81c9293c0bfe8b0ad3d323f897bada31ed'),(1759,'https://assets.mhw-db.com/armor/f1a48cf82678d98e0aa1aa4e3927dd48.1c9d956fe186886611e7325866cfa461ddf79497.png','f1a48cf82678d98e0aa1aa4e3927dd48','1c9d956fe186886611e7325866cfa461ddf79497'),(1760,'https://assets.mhw-db.com/armor/086a130015959b8adef18beb276bab35.f115ca0a84bd38151ad1deddbed335e4fe402880.png','086a130015959b8adef18beb276bab35','f115ca0a84bd38151ad1deddbed335e4fe402880'),(1761,'https://assets.mhw-db.com/armor/b7436420b4e3d64b7ecca1b8bba56248.d525d55879a7e81bb85abcde8d45544d0e7e8589.png','b7436420b4e3d64b7ecca1b8bba56248','d525d55879a7e81bb85abcde8d45544d0e7e8589'),(1762,'https://assets.mhw-db.com/armor/ca80ab5d6feafc142a1f2269873d5d60.e122b8d2c203d95b58865816c438bd71f0cefcc6.png','ca80ab5d6feafc142a1f2269873d5d60','e122b8d2c203d95b58865816c438bd71f0cefcc6'),(1763,'https://assets.mhw-db.com/armor/d0160f9d8056b7db35e6467f0d286b5b.6f2aa45c1f8508c7c3bdefa5af337e215e901fe3.png','d0160f9d8056b7db35e6467f0d286b5b','6f2aa45c1f8508c7c3bdefa5af337e215e901fe3'),(1764,'https://assets.mhw-db.com/armor/edd963a248bedfd23efc0e2257edeffa.69186b87764912195172708e8caa6cbf5fbaa025.png','edd963a248bedfd23efc0e2257edeffa','69186b87764912195172708e8caa6cbf5fbaa025'),(1765,'https://assets.mhw-db.com/armor/269dc8f703a32d531575b4eb8a602658.65eca5fa0ce849a8cdecb49e7ac190fa93eea0b8.png','269dc8f703a32d531575b4eb8a602658','65eca5fa0ce849a8cdecb49e7ac190fa93eea0b8'),(1766,'https://assets.mhw-db.com/armor/1c4f760b9f6d9805ca6c8ce51e5c60c0.65a7609512db0942a0894e100e1c21d0339cb286.png','1c4f760b9f6d9805ca6c8ce51e5c60c0','65a7609512db0942a0894e100e1c21d0339cb286'),(1767,'https://assets.mhw-db.com/armor/a23db2150769470a3b332584af8dbf1a.60c96eb2209192e0d01d5f3b1bd6227a0987962d.png','a23db2150769470a3b332584af8dbf1a','60c96eb2209192e0d01d5f3b1bd6227a0987962d'),(1768,'https://assets.mhw-db.com/armor/ceb0f34594298a9ee055d7b95a46229d.be54face93bca8e31a5d643aeae87b85763c4799.png','ceb0f34594298a9ee055d7b95a46229d','be54face93bca8e31a5d643aeae87b85763c4799'),(1769,'https://assets.mhw-db.com/armor/92a5cb6369a3b9618e488cddd8631d91.0caa7a61aa7da18a2070fd9ae171b189e016fa18.png','92a5cb6369a3b9618e488cddd8631d91','0caa7a61aa7da18a2070fd9ae171b189e016fa18'),(1770,'https://assets.mhw-db.com/armor/808af44c487015cd2edf5bb9fc161831.e3de7bbbdef549667ebc81dfa73fbe3dc1d63a57.png','808af44c487015cd2edf5bb9fc161831','e3de7bbbdef549667ebc81dfa73fbe3dc1d63a57'),(1771,'https://assets.mhw-db.com/armor/ff2566369207a694937a514ba957e843.558efbde6d1211dacc1c969317aee4251547e7ef.png','ff2566369207a694937a514ba957e843','558efbde6d1211dacc1c969317aee4251547e7ef'),(1772,'https://assets.mhw-db.com/armor/b4370c1148430f7ad25ce5e65b55e34a.27f36cd7b710b72a3a9cc8bb1743cb6150c89a70.png','b4370c1148430f7ad25ce5e65b55e34a','27f36cd7b710b72a3a9cc8bb1743cb6150c89a70'),(1773,'https://assets.mhw-db.com/armor/0933f592367e56bbfb13e56a831ceb81.fb0f94ee85814f49ac7e1217736841b600fbfe28.png','0933f592367e56bbfb13e56a831ceb81','fb0f94ee85814f49ac7e1217736841b600fbfe28'),(1774,'https://assets.mhw-db.com/armor/0180183b5bbaded2f2e6da2d41c4ed6b.42dd0e48c4cfc45a07bb72f73d5a9e8a507b8cff.png','0180183b5bbaded2f2e6da2d41c4ed6b','42dd0e48c4cfc45a07bb72f73d5a9e8a507b8cff'),(1775,'https://assets.mhw-db.com/armor/f055972675b2843144d6f1d43975b85f.50c1d88eb5735ddff3dcc9d8bffa8e38f9f9467a.png','f055972675b2843144d6f1d43975b85f','50c1d88eb5735ddff3dcc9d8bffa8e38f9f9467a'),(1776,'https://assets.mhw-db.com/armor/3beaae11d8b1ec1d33557f5ac3324618.4c42010be9aab7b58dc246b70cb7ec64c059a85d.png','3beaae11d8b1ec1d33557f5ac3324618','4c42010be9aab7b58dc246b70cb7ec64c059a85d'),(1777,'https://assets.mhw-db.com/armor/0b20a77c9b86a59dc94f601009970881.7f7ed8e6681c0b83ab4e43e9b840369a0ad6a986.png','0b20a77c9b86a59dc94f601009970881','7f7ed8e6681c0b83ab4e43e9b840369a0ad6a986'),(1778,'https://assets.mhw-db.com/armor/23ae5a318dfa925de5929f7809f700cc.16d62e3f3e9c4f48acc20a483e4b1d7a4e07b93f.png','23ae5a318dfa925de5929f7809f700cc','16d62e3f3e9c4f48acc20a483e4b1d7a4e07b93f'),(1779,'https://assets.mhw-db.com/armor/9f398340e3ba93786134f8a464034f57.c7f6a1a19eabf34f34886fc872746a9f54d5ac2d.png','9f398340e3ba93786134f8a464034f57','c7f6a1a19eabf34f34886fc872746a9f54d5ac2d'),(1780,'https://assets.mhw-db.com/armor/665d83fecf368cb508b9745fc324cada.6e1c7b9dd7935c0c0a2026e7172ecb4816a0e6a1.png','665d83fecf368cb508b9745fc324cada','6e1c7b9dd7935c0c0a2026e7172ecb4816a0e6a1'),(1781,'https://assets.mhw-db.com/armor/0cafffe427f73721768b289a70c64460.fde49e93209d1084fe8f29cb62b99153ef2ef628.png','0cafffe427f73721768b289a70c64460','fde49e93209d1084fe8f29cb62b99153ef2ef628'),(1782,'https://assets.mhw-db.com/armor/d98cdae3bc853e35c8a5169eebe86b42.3d2c30f65db16d084f1798275f024e3aa737220b.png','d98cdae3bc853e35c8a5169eebe86b42','3d2c30f65db16d084f1798275f024e3aa737220b'),(1783,'https://assets.mhw-db.com/armor/0a03296e0e23de11823c476641180ab8.6e928b44ac98fb23381bfc6c4c3cecf4596211a2.png','0a03296e0e23de11823c476641180ab8','6e928b44ac98fb23381bfc6c4c3cecf4596211a2'),(1784,'https://assets.mhw-db.com/armor/6d2e3441c7e66d19d7f0e4eb97b2f0cb.c6b38553bebf16af835ffdfdaf6969434bc88ff4.png','6d2e3441c7e66d19d7f0e4eb97b2f0cb','c6b38553bebf16af835ffdfdaf6969434bc88ff4'),(1785,'https://assets.mhw-db.com/armor/f0f4c8885f83e69db69fdeb8840fbc53.6bb736c5cf73c55fe1b235ea15a51f58e74a8365.png','f0f4c8885f83e69db69fdeb8840fbc53','6bb736c5cf73c55fe1b235ea15a51f58e74a8365'),(1786,'https://assets.mhw-db.com/armor/070a8531f29f411e6b75c0ec3d3e0f01.b5bfffd10e4773ed48971eae71ad6f7e94293f10.png','070a8531f29f411e6b75c0ec3d3e0f01','b5bfffd10e4773ed48971eae71ad6f7e94293f10'),(1787,'https://assets.mhw-db.com/armor/9f500c7b541a5c9f33a58deebf046262.a26d8fd2c5efaa95bfe615c9ccf926de18e847fa.png','9f500c7b541a5c9f33a58deebf046262','a26d8fd2c5efaa95bfe615c9ccf926de18e847fa'),(1788,'https://assets.mhw-db.com/armor/c6dc97665a3f2b210697fa371295a9ec.b48cc944b894d5e70e9565b13fccaae1ff9ce171.png','c6dc97665a3f2b210697fa371295a9ec','b48cc944b894d5e70e9565b13fccaae1ff9ce171'),(1789,'https://assets.mhw-db.com/armor/c9c33b1a6c68c074225161d436456e88.75f0199b36b29fd909eeca364e4d981df8ee5036.png','c9c33b1a6c68c074225161d436456e88','75f0199b36b29fd909eeca364e4d981df8ee5036'),(1790,'https://assets.mhw-db.com/armor/1e2fcd6b4e72b48e71668c2a1de99523.bc9c453a5253c92aea242ff88c430b4c0ac23f37.png','1e2fcd6b4e72b48e71668c2a1de99523','bc9c453a5253c92aea242ff88c430b4c0ac23f37'),(1791,'https://assets.mhw-db.com/armor/0887b4b44d7500da2e326e740b5ac3db.5b8c70dbf5bd5b2bb89eaa031a1f86e283726eab.png','0887b4b44d7500da2e326e740b5ac3db','5b8c70dbf5bd5b2bb89eaa031a1f86e283726eab'),(1792,'https://assets.mhw-db.com/armor/26e5448107fffe3a972861f2d0a76e19.5c2bbc4f9dc10aad47e9196edf3e02732c246c42.png','26e5448107fffe3a972861f2d0a76e19','5c2bbc4f9dc10aad47e9196edf3e02732c246c42'),(1793,'https://assets.mhw-db.com/armor/34a70f601e3de2d49f8d71b71a40bc95.aa3f2c2b6faa6b3bd30dcd555427e30fb054e703.png','34a70f601e3de2d49f8d71b71a40bc95','aa3f2c2b6faa6b3bd30dcd555427e30fb054e703'),(1794,'https://assets.mhw-db.com/armor/ce05eebe67ba150e18bc2c402dcaa5ed.0c0f05ace89707ee775e93cd2ecc8e1bcb4bce8f.png','ce05eebe67ba150e18bc2c402dcaa5ed','0c0f05ace89707ee775e93cd2ecc8e1bcb4bce8f'),(1795,'https://assets.mhw-db.com/armor/fdbcb39cb219a1649ab45ef3dcb0d0d8.3947f5b8fd174fd28b818b370322b77ff7f9effd.png','fdbcb39cb219a1649ab45ef3dcb0d0d8','3947f5b8fd174fd28b818b370322b77ff7f9effd'),(1796,'https://assets.mhw-db.com/armor/45c9a30c4c41a746bb2ac0b9b4f8745b.e22d669815a696fca1a5b0f968118047045b203f.png','45c9a30c4c41a746bb2ac0b9b4f8745b','e22d669815a696fca1a5b0f968118047045b203f'),(1797,'https://assets.mhw-db.com/armor/75dddbb99d32acf09687dcd6df12e360.ad75404a8bf03a644b507335f59c86678d7a3b5e.png','75dddbb99d32acf09687dcd6df12e360','ad75404a8bf03a644b507335f59c86678d7a3b5e'),(1798,'https://assets.mhw-db.com/armor/c841c736241e9ebe3a7c842f716de467.2157d1c2ee5a51168cfaeb3b286dd675c952f5cc.png','c841c736241e9ebe3a7c842f716de467','2157d1c2ee5a51168cfaeb3b286dd675c952f5cc'),(1799,'https://assets.mhw-db.com/armor/e5c8bb8f253e35d75f89baec054e279e.01c22fad8882bd6e086bcb778855f05239746c13.png','e5c8bb8f253e35d75f89baec054e279e','01c22fad8882bd6e086bcb778855f05239746c13'),(1800,'https://assets.mhw-db.com/armor/3b367a143b36994bfdf4027900cd19d1.5482b8d3eeec35849dbc11985723017fdb461be3.png','3b367a143b36994bfdf4027900cd19d1','5482b8d3eeec35849dbc11985723017fdb461be3'),(1801,'https://assets.mhw-db.com/armor/61fcef4ed2ced418fca6ef72a7a0c97e.92ba4872a86e52b92a647a81267115f491cc51ce.png','61fcef4ed2ced418fca6ef72a7a0c97e','92ba4872a86e52b92a647a81267115f491cc51ce'),(1802,'https://assets.mhw-db.com/armor/d892ae3580704af3902fcfbd0c23a9e0.4178559c65e6737ff4d51a850153ceecbb6bfc24.png','d892ae3580704af3902fcfbd0c23a9e0','4178559c65e6737ff4d51a850153ceecbb6bfc24'),(1803,'https://assets.mhw-db.com/armor/6f0bb1f993c32c89608ebf70dc80266a.fb0992d0d9064830d4144d68eeaf17bb0b7dac72.png','6f0bb1f993c32c89608ebf70dc80266a','fb0992d0d9064830d4144d68eeaf17bb0b7dac72'),(1804,'https://assets.mhw-db.com/armor/123cb6888396078b939313e1a277ca0e.0fd97f413c4d4303bd861e67020f6ca1af6ab4a2.png','123cb6888396078b939313e1a277ca0e','0fd97f413c4d4303bd861e67020f6ca1af6ab4a2'),(1805,'https://assets.mhw-db.com/armor/5896119774edc6615c11aa1b6436e410.d8249ead4a4b056817dd43605be5664025331236.png','5896119774edc6615c11aa1b6436e410','d8249ead4a4b056817dd43605be5664025331236'),(1806,'https://assets.mhw-db.com/armor/b98afddbd072977a9281b7d62d784ac7.7ac43fddc1f4d1a1ba110c2b9900e95ae9054364.png','b98afddbd072977a9281b7d62d784ac7','7ac43fddc1f4d1a1ba110c2b9900e95ae9054364'),(1807,'https://assets.mhw-db.com/armor/2a0e43c65394f772f34023e6634f1d9d.dfa8886e49a43538fed5d8383cebfb9a88953b38.png','2a0e43c65394f772f34023e6634f1d9d','dfa8886e49a43538fed5d8383cebfb9a88953b38'),(1808,'https://assets.mhw-db.com/armor/6c418ea34bc5330a7557e0b3ba8a5e32.dead56b4e7da04ca80ff9bbc94586fcd5986a3a2.png','6c418ea34bc5330a7557e0b3ba8a5e32','dead56b4e7da04ca80ff9bbc94586fcd5986a3a2'),(1809,'https://assets.mhw-db.com/armor/c3e8c64afa47dbfe9bf7acbe8fa9c13d.95086b6314f1079661e3b70e8fff0033bd7e61f2.png','c3e8c64afa47dbfe9bf7acbe8fa9c13d','95086b6314f1079661e3b70e8fff0033bd7e61f2'),(1810,'https://assets.mhw-db.com/armor/9fc0e20789387e7ce1163f3bcd96e7ea.0d299edd231fbb68f1caa3070cc24c98f94add49.png','9fc0e20789387e7ce1163f3bcd96e7ea','0d299edd231fbb68f1caa3070cc24c98f94add49'),(1811,'https://assets.mhw-db.com/armor/b9c716994104d6aa35a5835bcec225a7.77100af8966fcc3ef18bcd82b7d38812ed92e3aa.png','b9c716994104d6aa35a5835bcec225a7','77100af8966fcc3ef18bcd82b7d38812ed92e3aa'),(1812,'https://assets.mhw-db.com/armor/e1045a9ffb2221e2c57d7ead27196ef3.37b1101d3437cfe92829a0fe7d9317060349f7b5.png','e1045a9ffb2221e2c57d7ead27196ef3','37b1101d3437cfe92829a0fe7d9317060349f7b5'),(1813,'https://assets.mhw-db.com/armor/6d4876fa7cdf55ec695207ef92233500.6570ebfcdf46ab83223182830647b13f4f17c0d6.png','6d4876fa7cdf55ec695207ef92233500','6570ebfcdf46ab83223182830647b13f4f17c0d6'),(1814,'https://assets.mhw-db.com/armor/5ba1e82be959b5e0e48c190439b6b38b.11b3787058da9b160a772e404458c175168ddcb5.png','5ba1e82be959b5e0e48c190439b6b38b','11b3787058da9b160a772e404458c175168ddcb5'),(1815,'https://assets.mhw-db.com/armor/f0843a1011999215162f69904931b64a.6ea5c8f6eb25eea1e3bab26f333384196c0c3043.png','f0843a1011999215162f69904931b64a','6ea5c8f6eb25eea1e3bab26f333384196c0c3043'),(1816,'https://assets.mhw-db.com/armor/c41f22abbd83f409498e0caa5b592eaa.b5acbe0a764f0a011b8303ad18b6dd32529338c9.png','c41f22abbd83f409498e0caa5b592eaa','b5acbe0a764f0a011b8303ad18b6dd32529338c9'),(1817,'https://assets.mhw-db.com/armor/bb405f6a304918ed92bb1da3e6b9cf11.2658a0c30a7c12f0af24eaa0e426ebdd86860a75.png','bb405f6a304918ed92bb1da3e6b9cf11','2658a0c30a7c12f0af24eaa0e426ebdd86860a75'),(1818,'https://assets.mhw-db.com/armor/e14e710e48d6303e1ecb7dad9de4b0c0.c7ac0f9d7b50a37d7f9e8abfdc06913c35c40190.png','e14e710e48d6303e1ecb7dad9de4b0c0','c7ac0f9d7b50a37d7f9e8abfdc06913c35c40190'),(1819,'https://assets.mhw-db.com/armor/5c8251fbcc2d360208302d3a3c010433.2372e2c3f35564fabc9f5ca925571696b023756e.png','5c8251fbcc2d360208302d3a3c010433','2372e2c3f35564fabc9f5ca925571696b023756e'),(1820,'https://assets.mhw-db.com/armor/5eb9b8413414d78d4600a9ffc8c31b90.bd1c4718a33be486482477f63665f20a2df72216.png','5eb9b8413414d78d4600a9ffc8c31b90','bd1c4718a33be486482477f63665f20a2df72216'),(1821,'https://assets.mhw-db.com/armor/be7298c45d77c5589f3d9436259d3cc1.8c1b0d5e0548f72d6b961ffe15801af78f17d24b.png','be7298c45d77c5589f3d9436259d3cc1','8c1b0d5e0548f72d6b961ffe15801af78f17d24b'),(1822,'https://assets.mhw-db.com/armor/6fcad01cca0a425bc59ac5e40ece1fd8.a150383bdf5f2f44fa46a63d7705b4a443205cc0.png','6fcad01cca0a425bc59ac5e40ece1fd8','a150383bdf5f2f44fa46a63d7705b4a443205cc0'),(1823,'https://assets.mhw-db.com/armor/96c77cae9b134741e40a4631f52d7e27.d4fd91cb5109e105448e9fc2bfd8e0f2cf6ad48e.png','96c77cae9b134741e40a4631f52d7e27','d4fd91cb5109e105448e9fc2bfd8e0f2cf6ad48e'),(1824,'https://assets.mhw-db.com/armor/888c972fd39453e8c4a607ec34f48c84.63c9cc5fbe895d4c1c4d1ebf1c56039f8eba7114.png','888c972fd39453e8c4a607ec34f48c84','63c9cc5fbe895d4c1c4d1ebf1c56039f8eba7114'),(1825,'https://assets.mhw-db.com/armor/4e14f0813bf0692cb10253333a263c6e.d71db426767a51bb601cd2be798d5931ad5cf4d7.png','4e14f0813bf0692cb10253333a263c6e','d71db426767a51bb601cd2be798d5931ad5cf4d7'),(1826,'https://assets.mhw-db.com/armor/b60c39958eeca0bf03a183f5f9efd995.66e74f598f5b302a78a5d9c441b59e7a1571c53e.png','b60c39958eeca0bf03a183f5f9efd995','66e74f598f5b302a78a5d9c441b59e7a1571c53e'),(1827,'https://assets.mhw-db.com/armor/f25fee46e0f0589623edfad08ff654ec.01a1be94503f6980eaca8fe78529b5aa95dc632d.png','f25fee46e0f0589623edfad08ff654ec','01a1be94503f6980eaca8fe78529b5aa95dc632d'),(1828,'https://assets.mhw-db.com/armor/63fc317ed020067bd31ec13c2865172b.d83b3ef6ac9a06a5dbe44a794f1deee5858dd243.png','63fc317ed020067bd31ec13c2865172b','d83b3ef6ac9a06a5dbe44a794f1deee5858dd243'),(1829,'https://assets.mhw-db.com/armor/924af46b4ebc271ea8926f09fa0616e9.6cbaed7bdae4d6be01c5db58b71e43c20a32ca3f.png','924af46b4ebc271ea8926f09fa0616e9','6cbaed7bdae4d6be01c5db58b71e43c20a32ca3f'),(1830,'https://assets.mhw-db.com/armor/0e3361d0b8c66875e8aa64a853bb9053.58557341ad6d0ee19d6ce8f81354ad530224eb29.png','0e3361d0b8c66875e8aa64a853bb9053','58557341ad6d0ee19d6ce8f81354ad530224eb29'),(1831,'https://assets.mhw-db.com/armor/b4d487b328c42c929e2a55fc0fc15bc0.2ff8c6e623a91be0971876a9076566a6c35205e3.png','b4d487b328c42c929e2a55fc0fc15bc0','2ff8c6e623a91be0971876a9076566a6c35205e3'),(1832,'https://assets.mhw-db.com/armor/3cd9d83aef7d9aa9b106e971ca9bee69.999f2996fd28ffb6be5f8dc64a890a1f4f108104.png','3cd9d83aef7d9aa9b106e971ca9bee69','999f2996fd28ffb6be5f8dc64a890a1f4f108104'),(1833,'https://assets.mhw-db.com/armor/0a1118e928395bbb1975add11409b339.df1d3e383a4b361589ef2d9d7e5df6430f8f08c8.png','0a1118e928395bbb1975add11409b339','df1d3e383a4b361589ef2d9d7e5df6430f8f08c8'),(1834,'https://assets.mhw-db.com/armor/bd73c242b06a4c097aafa925b256cb0b.84c92e1596242124847ac4ecabcf82af01dbf8cd.png','bd73c242b06a4c097aafa925b256cb0b','84c92e1596242124847ac4ecabcf82af01dbf8cd'),(1835,'https://assets.mhw-db.com/armor/7f0d0e3a09c3cad1565ba2be6f537948.c3336ef3078b9e01b11f5f5d1996d5780fded17c.png','7f0d0e3a09c3cad1565ba2be6f537948','c3336ef3078b9e01b11f5f5d1996d5780fded17c'),(1836,'https://assets.mhw-db.com/armor/d217fe5dd004a691650b56a124db5105.164426740fc7f67a60dcbd66426f1b738fefb1e6.png','d217fe5dd004a691650b56a124db5105','164426740fc7f67a60dcbd66426f1b738fefb1e6'),(1837,'https://assets.mhw-db.com/armor/25fecd48bf7110c36a847d57e93f01d6.8f66cb3cc8b587d204944ea92800ce0d0b975750.png','25fecd48bf7110c36a847d57e93f01d6','8f66cb3cc8b587d204944ea92800ce0d0b975750'),(1838,'https://assets.mhw-db.com/armor/2a7494ba5a20ac16938c51a4468be61f.2e9584efdf6d8e8f60413606f9cf51c9d0b46a5c.png','2a7494ba5a20ac16938c51a4468be61f','2e9584efdf6d8e8f60413606f9cf51c9d0b46a5c'),(1839,'https://assets.mhw-db.com/armor/f97778643f19949fefd998c0ad4798a9.e2e5f6a98b5d5a72eef15cceb91edbb98ccdb84d.png','f97778643f19949fefd998c0ad4798a9','e2e5f6a98b5d5a72eef15cceb91edbb98ccdb84d'),(1840,'https://assets.mhw-db.com/armor/4efcab4f55f6bf76a22cdd0c571b358b.3d831db7ef54511b0a0cdd5ff0938abc538a3b1e.png','4efcab4f55f6bf76a22cdd0c571b358b','3d831db7ef54511b0a0cdd5ff0938abc538a3b1e'),(1841,'https://assets.mhw-db.com/armor/1efd1191f4284e1befd57033d4c273b9.1e5ee69dd4e8bbe77af4ceb25e65aa715355ba9e.png','1efd1191f4284e1befd57033d4c273b9','1e5ee69dd4e8bbe77af4ceb25e65aa715355ba9e'),(1842,'https://assets.mhw-db.com/armor/8245a9ddac5e2f3b1706856dd839b66f.67d2b12d839edd8c4a6fdbc0b746e503ebb67c16.png','8245a9ddac5e2f3b1706856dd839b66f','67d2b12d839edd8c4a6fdbc0b746e503ebb67c16'),(1843,'https://assets.mhw-db.com/armor/1453b504832056bddfb8ded7df73de19.02002c180ffa4cee7c8deac9b91d54b3fb2a724f.png','1453b504832056bddfb8ded7df73de19','02002c180ffa4cee7c8deac9b91d54b3fb2a724f'),(1844,'https://assets.mhw-db.com/armor/e5a39f5dc5abcf087983b406ffae2a0c.1f4120c92b108952c1713649c936865d831f647f.png','e5a39f5dc5abcf087983b406ffae2a0c','1f4120c92b108952c1713649c936865d831f647f'),(1845,'https://assets.mhw-db.com/armor/86b34c43d5ba69a5e24ff0ce820f104a.90384c92f3abeab466b529308c3a8200c7177f60.png','86b34c43d5ba69a5e24ff0ce820f104a','90384c92f3abeab466b529308c3a8200c7177f60'),(1846,'https://assets.mhw-db.com/armor/24ed18161304339a7f1c7f88ac7fe627.bbe840b96165d2d94776aa7699c77614b03aabf3.png','24ed18161304339a7f1c7f88ac7fe627','bbe840b96165d2d94776aa7699c77614b03aabf3'),(1847,'https://assets.mhw-db.com/armor/535f7776dfbe83d14cc4635c21b8cae1.b911e97652a12f1383741206c35fc2de612eacce.png','535f7776dfbe83d14cc4635c21b8cae1','b911e97652a12f1383741206c35fc2de612eacce'),(1848,'https://assets.mhw-db.com/armor/21651404af18f24ab16d6318ee22ea81.f250b0aec48e4ea40289a05535f0f28665f49c75.png','21651404af18f24ab16d6318ee22ea81','f250b0aec48e4ea40289a05535f0f28665f49c75'),(1849,'https://assets.mhw-db.com/armor/74f1a663349d9b498b88a34307d03422.74149f14be02d4d14f4ab2f55d2f01ace54521b5.png','74f1a663349d9b498b88a34307d03422','74149f14be02d4d14f4ab2f55d2f01ace54521b5'),(1850,'https://assets.mhw-db.com/armor/185c6bf98fc9e1798d201e436a0d80e5.7159660a500f987a31f96de290d8b7d943e1b55e.png','185c6bf98fc9e1798d201e436a0d80e5','7159660a500f987a31f96de290d8b7d943e1b55e'),(1851,'https://assets.mhw-db.com/armor/ee9a3cfe533563a37eb125d935c633b9.78d948bdceee39a2fd8e3755e79607f24f66e1d6.png','ee9a3cfe533563a37eb125d935c633b9','78d948bdceee39a2fd8e3755e79607f24f66e1d6'),(1852,'https://assets.mhw-db.com/armor/38500d95a7360e64d18d65c8e3fac522.c5bebbbc38c0c4a963bcd20234f2c57de6ce79e7.png','38500d95a7360e64d18d65c8e3fac522','c5bebbbc38c0c4a963bcd20234f2c57de6ce79e7'),(1853,'https://assets.mhw-db.com/armor/5e1b7750c5617a27819adfdfe755b2ef.d4455cafb5cc4ea706c47663b81f0d863858f4a6.png','5e1b7750c5617a27819adfdfe755b2ef','d4455cafb5cc4ea706c47663b81f0d863858f4a6'),(1854,'https://assets.mhw-db.com/armor/49be01b1fd9796bbaafc3a3bf87d9455.052fdc35ced99fe11c0660277ec5f6c0b1b21278.png','49be01b1fd9796bbaafc3a3bf87d9455','052fdc35ced99fe11c0660277ec5f6c0b1b21278'),(1855,'https://assets.mhw-db.com/armor/2e8840ad36a393d2a2e088f81a56aba2.5548371c33c367beb96439fcf39c2d4c51f57828.png','2e8840ad36a393d2a2e088f81a56aba2','5548371c33c367beb96439fcf39c2d4c51f57828'),(1856,'https://assets.mhw-db.com/armor/2bb330edc92885a03e7377b9ff9082da.b1ba0902d531e285a151213f8b500fe474184cc0.png','2bb330edc92885a03e7377b9ff9082da','b1ba0902d531e285a151213f8b500fe474184cc0'),(1857,'https://assets.mhw-db.com/armor/1ac74b44d6838dbb1a7d773ba06c1fa9.674f54d520ed4073bb56fdb2b7eff8579710b838.png','1ac74b44d6838dbb1a7d773ba06c1fa9','674f54d520ed4073bb56fdb2b7eff8579710b838'),(1858,'https://assets.mhw-db.com/armor/42f310dc44d0809e6eff301f949b99ca.712844772eade666974b20fd6a4c04700719e6ed.png','42f310dc44d0809e6eff301f949b99ca','712844772eade666974b20fd6a4c04700719e6ed'),(1859,'https://assets.mhw-db.com/armor/10f9a42bc903d413e59b5e45c5e6d868.23e89a1d59b0faf5918f45d54959cad7db1be346.png','10f9a42bc903d413e59b5e45c5e6d868','23e89a1d59b0faf5918f45d54959cad7db1be346'),(1860,'https://assets.mhw-db.com/armor/a2f5dbe8cfebb77309a19134afb45fac.f442fd0eb8e9e0c708d8679389590db4e63156b8.png','a2f5dbe8cfebb77309a19134afb45fac','f442fd0eb8e9e0c708d8679389590db4e63156b8'),(1861,'https://assets.mhw-db.com/armor/befc7898063f73c0613ab84dd5803799.3a278833ea46289124540e1548e73f03332a7d2c.png','befc7898063f73c0613ab84dd5803799','3a278833ea46289124540e1548e73f03332a7d2c'),(1862,'https://assets.mhw-db.com/armor/a7465a6c9a4a5c6e2a50252ae7ab6c11.70f029a258235c3c22e484accdb614898f0736e7.png','a7465a6c9a4a5c6e2a50252ae7ab6c11','70f029a258235c3c22e484accdb614898f0736e7'),(1863,'https://assets.mhw-db.com/armor/9f41b83de1c2a8ba93dff174943681f2.c0c4e777cf479144be5087c9230583d5814a285f.png','9f41b83de1c2a8ba93dff174943681f2','c0c4e777cf479144be5087c9230583d5814a285f'),(1864,'https://assets.mhw-db.com/armor/69e8ceb18b466ac2fa473c42040c8109.10cf382d73d054d6baf5968a9c172f5b4f7ff3da.png','69e8ceb18b466ac2fa473c42040c8109','10cf382d73d054d6baf5968a9c172f5b4f7ff3da'),(1865,'https://assets.mhw-db.com/armor/3c330a704eabf38f99701298694af101.28fbccbc61f7e36c7b18d93a4822589b0be87c56.png','3c330a704eabf38f99701298694af101','28fbccbc61f7e36c7b18d93a4822589b0be87c56'),(1866,'https://assets.mhw-db.com/armor/143edf625aa1e08c71adc3d1a693afc0.e7d30a84df612d3e96b30d6a6b50d57eeb6f2462.png','143edf625aa1e08c71adc3d1a693afc0','e7d30a84df612d3e96b30d6a6b50d57eeb6f2462'),(1867,'https://assets.mhw-db.com/weapons/great-sword/icons/83b9e1fa727ca6ba922b53a42626a167.26ad6221e21811da5278502fabfc138b33d622bc.png','83b9e1fa727ca6ba922b53a42626a167','26ad6221e21811da5278502fabfc138b33d622bc'),(1868,'https://assets.mhw-db.com/weapons/great-sword/icons/1710e0183141dbe3d2103dc3de4e0b11.cea79bf2c9acd356c2a14ced6995def0bba81d3d.png','1710e0183141dbe3d2103dc3de4e0b11','cea79bf2c9acd356c2a14ced6995def0bba81d3d'),(1869,'https://assets.mhw-db.com/weapons/great-sword/icons/9920045cd6c82fd2810eca2d4f498d80.a15b847b35db7c15eed0e223ec524f2127a8b188.png','9920045cd6c82fd2810eca2d4f498d80','a15b847b35db7c15eed0e223ec524f2127a8b188'),(1870,'https://assets.mhw-db.com/weapons/great-sword/icons/223f24731ea26332ab926d0d05113813.cd4a853f70af923133e57475348aa0e0b594b808.png','223f24731ea26332ab926d0d05113813','cd4a853f70af923133e57475348aa0e0b594b808'),(1871,'https://assets.mhw-db.com/weapons/great-sword/icons/e2b396ec3f56dfa8cc5e82ad53a0b445.a527679a7128f54d5a65b612842bfa6d1ece9682.png','e2b396ec3f56dfa8cc5e82ad53a0b445','a527679a7128f54d5a65b612842bfa6d1ece9682'),(1872,'https://assets.mhw-db.com/weapons/great-sword/icons/dfe1b8be199ad60c4d9b8f5a981f176e.3b127b9bb4fd3fb7b7200ca53d6f38860b3af97b.png','dfe1b8be199ad60c4d9b8f5a981f176e','3b127b9bb4fd3fb7b7200ca53d6f38860b3af97b'),(1873,'https://assets.mhw-db.com/weapons/great-sword/icons/b75701cb2979341853698ca0dc81e67a.65f65ea83eb133f54337d4d835d3f4624ace6b85.png','b75701cb2979341853698ca0dc81e67a','65f65ea83eb133f54337d4d835d3f4624ace6b85'),(1874,'https://assets.mhw-db.com/weapons/long-sword/icons/2a69a72d94c1066d3b4134cff64342c9.55c2bc0c2d8dd49efeddbbf289cbb32c6e58d532.png','2a69a72d94c1066d3b4134cff64342c9','55c2bc0c2d8dd49efeddbbf289cbb32c6e58d532'),(1875,'https://assets.mhw-db.com/weapons/long-sword/icons/ed4c84f5203abeec71d9143b70fb7ca6.898887fead77597847d2937f2927c82f1d2e1829.png','ed4c84f5203abeec71d9143b70fb7ca6','898887fead77597847d2937f2927c82f1d2e1829'),(1876,'https://assets.mhw-db.com/weapons/long-sword/icons/769cedbf9887fddb91b9516fceb03eee.ade64d9a2a2b1d4f937bc92762d33bd3446eef8b.png','769cedbf9887fddb91b9516fceb03eee','ade64d9a2a2b1d4f937bc92762d33bd3446eef8b'),(1877,'https://assets.mhw-db.com/weapons/long-sword/icons/ba45f618f96bb56a5f73dcee3087cb33.125fd76aa0bdd8b553285b853a3c20b61f51e9a0.png','ba45f618f96bb56a5f73dcee3087cb33','125fd76aa0bdd8b553285b853a3c20b61f51e9a0'),(1878,'https://assets.mhw-db.com/weapons/long-sword/icons/28d66eee2bc4ea9a702e0b85c4ff0037.90d0e986d4b65df48732d32f950fe828b27afcb1.png','28d66eee2bc4ea9a702e0b85c4ff0037','90d0e986d4b65df48732d32f950fe828b27afcb1'),(1879,'https://assets.mhw-db.com/weapons/long-sword/icons/f2e153d1dd5950d9eb8d543473f580fd.0ab4bdb9763f39b5f5099e33a4f3b3653abf5d44.png','f2e153d1dd5950d9eb8d543473f580fd','0ab4bdb9763f39b5f5099e33a4f3b3653abf5d44'),(1880,'https://assets.mhw-db.com/weapons/long-sword/icons/df5eb0be03ed469c6f750e3126939331.600ff99cb0f97a2b545cce0e8fffa5ab39210fa0.png','df5eb0be03ed469c6f750e3126939331','600ff99cb0f97a2b545cce0e8fffa5ab39210fa0'),(1881,'https://assets.mhw-db.com/weapons/sword-and-shield/icons/bba6138275380056204165eb9ed5d9cb.2e880e7ffa9e558cef1365b0d2e492a092f399a8.png','bba6138275380056204165eb9ed5d9cb','2e880e7ffa9e558cef1365b0d2e492a092f399a8'),(1882,'https://assets.mhw-db.com/weapons/sword-and-shield/icons/e1744c28d0fec4f8edde00178ae0db64.1434da92e5a7ad0916948ebfc4dc11873728f608.png','e1744c28d0fec4f8edde00178ae0db64','1434da92e5a7ad0916948ebfc4dc11873728f608'),(1883,'https://assets.mhw-db.com/weapons/sword-and-shield/icons/1dc382aecfd1130feb521174e3dcafaa.4a7fd2f651fb5a22bf32e723acbc29a9b96d4c14.png','1dc382aecfd1130feb521174e3dcafaa','4a7fd2f651fb5a22bf32e723acbc29a9b96d4c14'),(1884,'https://assets.mhw-db.com/weapons/sword-and-shield/icons/5aa4ffd36cdf053b26dbc2aedb2dfcd3.200f3e51ab3202f6231e685c5e2610faacbf1393.png','5aa4ffd36cdf053b26dbc2aedb2dfcd3','200f3e51ab3202f6231e685c5e2610faacbf1393'),(1885,'https://assets.mhw-db.com/weapons/sword-and-shield/icons/4a6cf9896a5af9fbab1bd2fe08197581.9a047b43213afdea09a370cbfaa287ed126016da.png','4a6cf9896a5af9fbab1bd2fe08197581','9a047b43213afdea09a370cbfaa287ed126016da'),(1886,'https://assets.mhw-db.com/weapons/sword-and-shield/icons/370a1c40a04a7e213b9a45f6acebe8ef.ebb5bd007e8c57e2825215754e8617b83fd4da04.png','370a1c40a04a7e213b9a45f6acebe8ef','ebb5bd007e8c57e2825215754e8617b83fd4da04'),(1887,'https://assets.mhw-db.com/weapons/sword-and-shield/icons/3c160ede7c2c031b755fd0d42b518a9d.36e5b784b1ca084c9bf1e626a03b959c3cd6e402.png','3c160ede7c2c031b755fd0d42b518a9d','36e5b784b1ca084c9bf1e626a03b959c3cd6e402'),(1888,'https://assets.mhw-db.com/weapons/dual-blades/icons/80ac9ee5262d3a1df7d3bab331f0df89.cf5b805b0e174b89510863079bd0211490b39a40.png','80ac9ee5262d3a1df7d3bab331f0df89','cf5b805b0e174b89510863079bd0211490b39a40'),(1889,'https://assets.mhw-db.com/weapons/dual-blades/icons/4acef2822dc162e1174a9b840d00d16f.cc8a71ec66fb7b2e48a62f0ac84b9b4e0e27a5f5.png','4acef2822dc162e1174a9b840d00d16f','cc8a71ec66fb7b2e48a62f0ac84b9b4e0e27a5f5'),(1890,'https://assets.mhw-db.com/weapons/dual-blades/icons/0e1d4df2cf286cf183f98260dac81839.12f0eb36db897bfa73c637010f25ea23e911b6b0.png','0e1d4df2cf286cf183f98260dac81839','12f0eb36db897bfa73c637010f25ea23e911b6b0'),(1891,'https://assets.mhw-db.com/weapons/dual-blades/icons/7f3e9d08ab3ab8661426bb695df73441.6852afbc4dd1519cc25d883470fa194a611f6c1a.png','7f3e9d08ab3ab8661426bb695df73441','6852afbc4dd1519cc25d883470fa194a611f6c1a'),(1892,'https://assets.mhw-db.com/weapons/dual-blades/icons/a5033e867655dd54ffa835accf6003af.e006c046d8a14335c0f6dddac953ee4814d010ef.png','a5033e867655dd54ffa835accf6003af','e006c046d8a14335c0f6dddac953ee4814d010ef'),(1893,'https://assets.mhw-db.com/weapons/dual-blades/icons/27149ea3aa2415493dcf9ade72f7fc40.98a568bbbb7a5f877cc49c3e87f833d4163e8399.png','27149ea3aa2415493dcf9ade72f7fc40','98a568bbbb7a5f877cc49c3e87f833d4163e8399'),(1894,'https://assets.mhw-db.com/weapons/dual-blades/icons/e18e488012c150ee1015914e7737e7d6.762b0022bb518a4a38f8e8519db2c52d984d72e3.png','e18e488012c150ee1015914e7737e7d6','762b0022bb518a4a38f8e8519db2c52d984d72e3'),(1895,'https://assets.mhw-db.com/weapons/hammer/icons/b083d259f0d006f65d99a763306b03d2.5c02c5ecd634959b7210ee96df4599c2622ddf55.png','b083d259f0d006f65d99a763306b03d2','5c02c5ecd634959b7210ee96df4599c2622ddf55'),(1896,'https://assets.mhw-db.com/weapons/hammer/icons/5eba390e4a1d886e04b3ea5b52306870.ed15b372992850a97e80ad4ee8b336c746a4209b.png','5eba390e4a1d886e04b3ea5b52306870','ed15b372992850a97e80ad4ee8b336c746a4209b'),(1897,'https://assets.mhw-db.com/weapons/hammer/icons/51d2640827c3b9e6d2932eb98b5c7ff0.626d743b3dc5c3808157f986a39107b6d9a6cad4.png','51d2640827c3b9e6d2932eb98b5c7ff0','626d743b3dc5c3808157f986a39107b6d9a6cad4'),(1898,'https://assets.mhw-db.com/weapons/hammer/icons/f401fd6d0aa5c476988d1785ec89b085.39ab96b84be840bb85f0134dce8adc19ea2cdd4e.png','f401fd6d0aa5c476988d1785ec89b085','39ab96b84be840bb85f0134dce8adc19ea2cdd4e'),(1899,'https://assets.mhw-db.com/weapons/hammer/icons/ff139d4e7f871f9ff29639925421ab01.7ebd7e527db55399395ba18d7ba1ce9e5e8399a9.png','ff139d4e7f871f9ff29639925421ab01','7ebd7e527db55399395ba18d7ba1ce9e5e8399a9'),(1900,'https://assets.mhw-db.com/weapons/hammer/icons/cf2ea70d6676eba4ba5fd93455adb2e5.82bc4e94ed82b92a0b9f9fcf255c814b0dbd941e.png','cf2ea70d6676eba4ba5fd93455adb2e5','82bc4e94ed82b92a0b9f9fcf255c814b0dbd941e'),(1901,'https://assets.mhw-db.com/weapons/hammer/icons/5d104c6fa9a458531c260b480513d34a.3fac5dc34f663fdafe36274761f9e2da15a812da.png','5d104c6fa9a458531c260b480513d34a','3fac5dc34f663fdafe36274761f9e2da15a812da'),(1902,'https://assets.mhw-db.com/weapons/hunting-horn/icons/59bdd0a7c0c06437a4037e23f4ebc9f2.52cbfc64034e1ec14c6af6a56be42ea1ee6f3515.png','59bdd0a7c0c06437a4037e23f4ebc9f2','52cbfc64034e1ec14c6af6a56be42ea1ee6f3515'),(1903,'https://assets.mhw-db.com/weapons/hunting-horn/icons/051aa808de39cf678dfa37e6b396272a.0e4b58ffba7eba51f24ed55fce03e0486bb9c2bd.png','051aa808de39cf678dfa37e6b396272a','0e4b58ffba7eba51f24ed55fce03e0486bb9c2bd'),(1904,'https://assets.mhw-db.com/weapons/hunting-horn/icons/860d9b8ceb7e4415d53a931c22ed6e7b.35b3c37b395035d7f7598a27286d034823b1a537.png','860d9b8ceb7e4415d53a931c22ed6e7b','35b3c37b395035d7f7598a27286d034823b1a537'),(1905,'https://assets.mhw-db.com/weapons/hunting-horn/icons/ed4ec571ac9ab93349c3e38dd5237f3e.2a19ad051c81a19ee2c577434a0b56be2b2cb35f.png','ed4ec571ac9ab93349c3e38dd5237f3e','2a19ad051c81a19ee2c577434a0b56be2b2cb35f'),(1906,'https://assets.mhw-db.com/weapons/hunting-horn/icons/2b4aed8cffca901f271848b219285ae0.4767e666ca90ac689dc56b7ea49c1104b9684843.png','2b4aed8cffca901f271848b219285ae0','4767e666ca90ac689dc56b7ea49c1104b9684843'),(1907,'https://assets.mhw-db.com/weapons/hunting-horn/icons/77e2d18d3bb42c833ffaaa72240b1778.1e495a6dd75aeb04e56ab8c398c05fa338ed2d9d.png','77e2d18d3bb42c833ffaaa72240b1778','1e495a6dd75aeb04e56ab8c398c05fa338ed2d9d'),(1908,'https://assets.mhw-db.com/weapons/hunting-horn/icons/07f6d5e013653be2edb0545f310e6cc7.c20c701997eeb8b288146caef0519825d779bda6.png','07f6d5e013653be2edb0545f310e6cc7','c20c701997eeb8b288146caef0519825d779bda6'),(1909,'https://assets.mhw-db.com/weapons/lance/icons/e04c5d1a416b9725f0c777cfc32cbf30.f2223ca278f456e522fdfb05d7c324b533731e22.png','e04c5d1a416b9725f0c777cfc32cbf30','f2223ca278f456e522fdfb05d7c324b533731e22'),(1910,'https://assets.mhw-db.com/weapons/lance/icons/2a1bdda2cd5a220e1bcefadca81d9f54.a1a1d02749b359941a9994f57e7eb8360d0148f3.png','2a1bdda2cd5a220e1bcefadca81d9f54','a1a1d02749b359941a9994f57e7eb8360d0148f3'),(1911,'https://assets.mhw-db.com/weapons/lance/icons/263161a462479731dfc04a00b601b5b2.556761e98a9ce7f3929ae7a460b2aee38ba3e8d9.png','263161a462479731dfc04a00b601b5b2','556761e98a9ce7f3929ae7a460b2aee38ba3e8d9'),(1912,'https://assets.mhw-db.com/weapons/lance/icons/d11683d36a7bbf283e09174c108a4e18.1a9c0a53374a636bfa20c8fee128cc966d47f6ba.png','d11683d36a7bbf283e09174c108a4e18','1a9c0a53374a636bfa20c8fee128cc966d47f6ba'),(1913,'https://assets.mhw-db.com/weapons/lance/icons/8f8e6a679ca088fad4d0fcc92a78d44e.c097ce2326ca14499aaf145e3ff595371fec52cf.png','8f8e6a679ca088fad4d0fcc92a78d44e','c097ce2326ca14499aaf145e3ff595371fec52cf'),(1914,'https://assets.mhw-db.com/weapons/lance/icons/b9df57d96c28ee14e6d99b2ac5751dbb.583091aef01c769924c43839f9a721e3f0598eff.png','b9df57d96c28ee14e6d99b2ac5751dbb','583091aef01c769924c43839f9a721e3f0598eff'),(1915,'https://assets.mhw-db.com/weapons/lance/icons/958dc0778f550ca58388a544e3c46105.941da3a8d40fca611f748ae40165d92c48246a94.png','958dc0778f550ca58388a544e3c46105','941da3a8d40fca611f748ae40165d92c48246a94'),(1916,'https://assets.mhw-db.com/weapons/gunlance/icons/c4a5f3c750236580edd4c9ab7cf190b1.e4a1a3f179bc4e9ccbf094992b1078de160f2e60.png','c4a5f3c750236580edd4c9ab7cf190b1','e4a1a3f179bc4e9ccbf094992b1078de160f2e60'),(1917,'https://assets.mhw-db.com/weapons/gunlance/icons/5d6d40158dab88728cdf8dd372c6856b.165d158bf770874fd93751be1cd4143b504d0c1f.png','5d6d40158dab88728cdf8dd372c6856b','165d158bf770874fd93751be1cd4143b504d0c1f'),(1918,'https://assets.mhw-db.com/weapons/gunlance/icons/78d23b34e462cd2d86f3e77cbba8ccba.650cc015aa4036d50f4daa049ae0b00e578f7321.png','78d23b34e462cd2d86f3e77cbba8ccba','650cc015aa4036d50f4daa049ae0b00e578f7321'),(1919,'https://assets.mhw-db.com/weapons/gunlance/icons/1f9ff9b6eef86036ec6bb29e3a5c71d1.768976100bf6b11558413a4af65c59c1e4846258.png','1f9ff9b6eef86036ec6bb29e3a5c71d1','768976100bf6b11558413a4af65c59c1e4846258'),(1920,'https://assets.mhw-db.com/weapons/gunlance/icons/76594faba5749c2211e5cd406fb1572e.30155771d9114b0a301ebcbdec62ed71f32ed9c3.png','76594faba5749c2211e5cd406fb1572e','30155771d9114b0a301ebcbdec62ed71f32ed9c3'),(1921,'https://assets.mhw-db.com/weapons/gunlance/icons/747cba6ee4a1ec9b8dad9fe9f8b78d19.b343da4ea9072b01b79940a8819bee5cdb0a5853.png','747cba6ee4a1ec9b8dad9fe9f8b78d19','b343da4ea9072b01b79940a8819bee5cdb0a5853'),(1922,'https://assets.mhw-db.com/weapons/gunlance/icons/e02bf1fdd876802e9e41f179d19c9700.cdb51f23d4e95fb1cf583f3ebdf867315a28a944.png','e02bf1fdd876802e9e41f179d19c9700','cdb51f23d4e95fb1cf583f3ebdf867315a28a944'),(1923,'https://assets.mhw-db.com/weapons/switch-axe/icons/ce22fc63e780e33286dc290e5995aa12.f00a8ac99c99c078559939ed9af02e52908ded3d.png','ce22fc63e780e33286dc290e5995aa12','f00a8ac99c99c078559939ed9af02e52908ded3d'),(1924,'https://assets.mhw-db.com/weapons/switch-axe/icons/ccbf67c410622fe133163f2d7204ffbe.e9e6514176ca0346b50db44be5372a4989706ce9.png','ccbf67c410622fe133163f2d7204ffbe','e9e6514176ca0346b50db44be5372a4989706ce9'),(1925,'https://assets.mhw-db.com/weapons/switch-axe/icons/76708077d219e0f431f7f8449a2e4b36.4367625021db5073d72dff0de80460bb312e1ae3.png','76708077d219e0f431f7f8449a2e4b36','4367625021db5073d72dff0de80460bb312e1ae3'),(1926,'https://assets.mhw-db.com/weapons/switch-axe/icons/572f5940ec7d4c0eb1be8790f8ced66c.76e5cf191c1d15e17980ad0d5d2ca80cba68e154.png','572f5940ec7d4c0eb1be8790f8ced66c','76e5cf191c1d15e17980ad0d5d2ca80cba68e154'),(1927,'https://assets.mhw-db.com/weapons/switch-axe/icons/24041ff5e8a2953d60c66d8e147a9e18.54978109aba70707e8e33d609d5ee42a78c0a259.png','24041ff5e8a2953d60c66d8e147a9e18','54978109aba70707e8e33d609d5ee42a78c0a259'),(1928,'https://assets.mhw-db.com/weapons/switch-axe/icons/913c3f96569e8ec52583784aa8bb1beb.2baae4f93b4458eef44f4a36acefc97c991df88c.png','913c3f96569e8ec52583784aa8bb1beb','2baae4f93b4458eef44f4a36acefc97c991df88c'),(1929,'https://assets.mhw-db.com/weapons/switch-axe/icons/f8d119209cad42d90b58457d42ef19e5.2841155370117e043bb02c41865f4573b6843393.png','f8d119209cad42d90b58457d42ef19e5','2841155370117e043bb02c41865f4573b6843393'),(1930,'https://assets.mhw-db.com/weapons/charge-blade/icons/05ca3341f2c9304ed7b6a01a7c74a225.762ef180b991cfc6a2d36f2ab7010726179c095c.png','05ca3341f2c9304ed7b6a01a7c74a225','762ef180b991cfc6a2d36f2ab7010726179c095c'),(1931,'https://assets.mhw-db.com/weapons/charge-blade/icons/b5593f513dfcdfff363975fdc478e213.f86e096c8a7554c9be3ae061dab466d62f5480aa.png','b5593f513dfcdfff363975fdc478e213','f86e096c8a7554c9be3ae061dab466d62f5480aa'),(1932,'https://assets.mhw-db.com/weapons/charge-blade/icons/f4f57e81c8e74d216a2539695e0e9a4f.ce59fb0e42bfd3b10e43493e0b7565a87e156b6e.png','f4f57e81c8e74d216a2539695e0e9a4f','ce59fb0e42bfd3b10e43493e0b7565a87e156b6e'),(1933,'https://assets.mhw-db.com/weapons/charge-blade/icons/32d57e93fb25bc9e0786d343a2e5c345.551086d344b7a52d71a3b25957e1e06054bbbcfb.png','32d57e93fb25bc9e0786d343a2e5c345','551086d344b7a52d71a3b25957e1e06054bbbcfb'),(1934,'https://assets.mhw-db.com/weapons/charge-blade/icons/a7401ee0001c781407ce358ca05540d4.9fa5c88cb6272bff811ab0a1157a692c3d5642c9.png','a7401ee0001c781407ce358ca05540d4','9fa5c88cb6272bff811ab0a1157a692c3d5642c9'),(1935,'https://assets.mhw-db.com/weapons/charge-blade/icons/b2a4dcda84b10f8986b79d4d57366f67.3cce76ab97960c9d2bde7084670c3d1dd5604e37.png','b2a4dcda84b10f8986b79d4d57366f67','3cce76ab97960c9d2bde7084670c3d1dd5604e37'),(1936,'https://assets.mhw-db.com/weapons/charge-blade/icons/b3fdf7188556d35bed2663ab819c02e9.101c1b2b8a21d1bad6d573ee4a1bb16f45541e3f.png','b3fdf7188556d35bed2663ab819c02e9','101c1b2b8a21d1bad6d573ee4a1bb16f45541e3f'),(1937,'https://assets.mhw-db.com/weapons/insect-glaive/icons/d686e3c4e9a394c8975893256bdba3ac.07b48cc26c9cc82a6b77252bc303c3c4ac58eb1d.png','d686e3c4e9a394c8975893256bdba3ac','07b48cc26c9cc82a6b77252bc303c3c4ac58eb1d'),(1938,'https://assets.mhw-db.com/weapons/insect-glaive/icons/9b4243956f0a8bbd9cf9e742b9fd7484.ea60375bae2954b8a86a5f4792989e36e6c21bb2.png','9b4243956f0a8bbd9cf9e742b9fd7484','ea60375bae2954b8a86a5f4792989e36e6c21bb2'),(1939,'https://assets.mhw-db.com/weapons/insect-glaive/icons/36dd7205ff368129969268b5f1b133bf.b48f1c1083a9e3fec4edc96419a43acb67ffa3b0.png','36dd7205ff368129969268b5f1b133bf','b48f1c1083a9e3fec4edc96419a43acb67ffa3b0'),(1940,'https://assets.mhw-db.com/weapons/insect-glaive/icons/d259ed1e32e2fc5cc6e87a181f4387d8.95b36b713dc79ba341273c3b822db2cbc3088653.png','d259ed1e32e2fc5cc6e87a181f4387d8','95b36b713dc79ba341273c3b822db2cbc3088653'),(1941,'https://assets.mhw-db.com/weapons/insect-glaive/icons/b428f94bc0391f1ef98d7dbc3de96662.b5c049c212722b30f57efa9474451bb190ad4d1d.png','b428f94bc0391f1ef98d7dbc3de96662','b5c049c212722b30f57efa9474451bb190ad4d1d'),(1942,'https://assets.mhw-db.com/weapons/insect-glaive/icons/efe2068df57e6f4f1fc43ea1e0f3629d.c9a9d8f6d20160e7ff9892de181336a12803030a.png','efe2068df57e6f4f1fc43ea1e0f3629d','c9a9d8f6d20160e7ff9892de181336a12803030a'),(1943,'https://assets.mhw-db.com/weapons/insect-glaive/icons/79d13d0fe6c5e50a3db556bb34176df1.c8e7d9e5e93a91f54837d24b9758eec88147a01d.png','79d13d0fe6c5e50a3db556bb34176df1','c8e7d9e5e93a91f54837d24b9758eec88147a01d'),(1944,'https://assets.mhw-db.com/weapons/light-bowgun/icons/ad00c31f8ceaa250a35d2779d7e64f0c.31db87d4c0bfc79d1452de7a0e51479ea63cd022.png','ad00c31f8ceaa250a35d2779d7e64f0c','31db87d4c0bfc79d1452de7a0e51479ea63cd022'),(1945,'https://assets.mhw-db.com/weapons/light-bowgun/icons/b0fb3e04f336525e68148ca21b4ec979.65796b6647075a55298bdb10b68a9cdb83107dcc.png','b0fb3e04f336525e68148ca21b4ec979','65796b6647075a55298bdb10b68a9cdb83107dcc'),(1946,'https://assets.mhw-db.com/weapons/light-bowgun/icons/9e6a6a5d7a8bd1f17aa04c462b9cf34f.a1a4d2442093535f6906ec2c325ec06d3ee1c359.png','9e6a6a5d7a8bd1f17aa04c462b9cf34f','a1a4d2442093535f6906ec2c325ec06d3ee1c359'),(1947,'https://assets.mhw-db.com/weapons/light-bowgun/icons/049b673c84574eb918d97e33dc13f9ed.cc4e6a85d61e69a9e88ed1ddffb786e9385de324.png','049b673c84574eb918d97e33dc13f9ed','cc4e6a85d61e69a9e88ed1ddffb786e9385de324'),(1948,'https://assets.mhw-db.com/weapons/light-bowgun/icons/09e1ddee8a01aeb7f59ff2d2c683ee99.af759cc9ea4d4c0f5507505fe7402b94944f3a9a.png','09e1ddee8a01aeb7f59ff2d2c683ee99','af759cc9ea4d4c0f5507505fe7402b94944f3a9a'),(1949,'https://assets.mhw-db.com/weapons/light-bowgun/icons/6bc5bdefa4c920891dd87f4ab95e2350.1385d35a017762d91d292f4c62a1f22168a03307.png','6bc5bdefa4c920891dd87f4ab95e2350','1385d35a017762d91d292f4c62a1f22168a03307'),(1950,'https://assets.mhw-db.com/weapons/light-bowgun/icons/c9c0d586dcb407bb4d1167b450ad8482.8d2308c50497f9ef539bd40fddd1edcbdb9aee8c.png','c9c0d586dcb407bb4d1167b450ad8482','8d2308c50497f9ef539bd40fddd1edcbdb9aee8c'),(1951,'https://assets.mhw-db.com/weapons/heavy-bowgun/icons/5e06c28a3a591ec29a38b5446be9bfbc.3dfff989967a9250150ebc5f284c9f171c55b656.png','5e06c28a3a591ec29a38b5446be9bfbc','3dfff989967a9250150ebc5f284c9f171c55b656'),(1952,'https://assets.mhw-db.com/weapons/heavy-bowgun/icons/0e1ee91f5cd0aaae0ebf7890be24eff0.1770ebc314483f7e845d0ca6bba9067e6cf5e88f.png','0e1ee91f5cd0aaae0ebf7890be24eff0','1770ebc314483f7e845d0ca6bba9067e6cf5e88f'),(1953,'https://assets.mhw-db.com/weapons/heavy-bowgun/icons/5d34a4f64410ce0e9ba2bc2493f09f0c.b7e8d270c56c758e282b88e4590ea60e8cc0b644.png','5d34a4f64410ce0e9ba2bc2493f09f0c','b7e8d270c56c758e282b88e4590ea60e8cc0b644'),(1954,'https://assets.mhw-db.com/weapons/heavy-bowgun/icons/e534262a0d19127c79ec12c5465db1b2.f4720ed89dbb4ecb0b9270dadfae2227ae636618.png','e534262a0d19127c79ec12c5465db1b2','f4720ed89dbb4ecb0b9270dadfae2227ae636618'),(1955,'https://assets.mhw-db.com/weapons/heavy-bowgun/icons/6b9f93809d83465a0fb534f8bcff2824.73a3cc6aee936856f217898d051e8eea70c2c2e7.png','6b9f93809d83465a0fb534f8bcff2824','73a3cc6aee936856f217898d051e8eea70c2c2e7'),(1956,'https://assets.mhw-db.com/weapons/heavy-bowgun/icons/4ace1941356b83e20ba412073a30d888.d24ea707674933c63ebec47d3446d79c40bc7d64.png','4ace1941356b83e20ba412073a30d888','d24ea707674933c63ebec47d3446d79c40bc7d64'),(1957,'https://assets.mhw-db.com/weapons/heavy-bowgun/icons/90275b93301a426a5b68f58a5a2d03c3.9c664424798bb4994b8d563ed707cd4cf5dad292.png','90275b93301a426a5b68f58a5a2d03c3','9c664424798bb4994b8d563ed707cd4cf5dad292'),(1958,'https://assets.mhw-db.com/weapons/bow/icons/a40eb3cc7825656a0181839b9f9eca43.417e0bb3bde62394bddd667752ce1687c0b1dd46.png','a40eb3cc7825656a0181839b9f9eca43','417e0bb3bde62394bddd667752ce1687c0b1dd46'),(1959,'https://assets.mhw-db.com/weapons/bow/icons/1b087915bc8089e8550fd6585f1fc3b0.25cfb7757d2a09acdce30555011860b7e33e9047.png','1b087915bc8089e8550fd6585f1fc3b0','25cfb7757d2a09acdce30555011860b7e33e9047'),(1960,'https://assets.mhw-db.com/weapons/bow/icons/a0b22b13947ad76a365a41a7a3c54b3c.1aea6294f1ca2eef5763c61fb4354d22c5bcec98.png','a0b22b13947ad76a365a41a7a3c54b3c','1aea6294f1ca2eef5763c61fb4354d22c5bcec98'),(1961,'https://assets.mhw-db.com/weapons/bow/icons/6cc056b628542995277656bf80be580b.07e0e24480f0e7630f6390f9c20991a9dfcc5f79.png','6cc056b628542995277656bf80be580b','07e0e24480f0e7630f6390f9c20991a9dfcc5f79'),(1962,'https://assets.mhw-db.com/weapons/bow/icons/32ffcfad5a90a478dab41208093ea5af.e05ae1e5d1a29738aa3562d3778bf39728489f09.png','32ffcfad5a90a478dab41208093ea5af','e05ae1e5d1a29738aa3562d3778bf39728489f09'),(1963,'https://assets.mhw-db.com/weapons/bow/icons/25f8ea6d74f3f6952658c0a2be62908b.bdcffbb929dbd5250076e71bfebb4d30865c6428.png','25f8ea6d74f3f6952658c0a2be62908b','bdcffbb929dbd5250076e71bfebb4d30865c6428'),(1964,'https://assets.mhw-db.com/weapons/bow/icons/0de2e14646f4959e54868595817d6b07.d9951f1de312edfbb597a06d7026d7469afa14e0.png','0de2e14646f4959e54868595817d6b07','d9951f1de312edfbb597a06d7026d7469afa14e0'),(1965,'https://assets.mhw-db.com/weapons/great-sword/fba5bc47b2183d38369d5ed1c3ad45d8482a57b7.2a0fc2d216e8d90353422dd2f3db8165.png','fba5bc47b2183d38369d5ed1c3ad45d8482a57b7','2a0fc2d216e8d90353422dd2f3db8165'),(1966,'https://assets.mhw-db.com/weapons/great-sword/f0201691108b4fc2327c8e6983c302cab9c73c92.983fe41f3bce01dbab55b8d26dd47b53.png','f0201691108b4fc2327c8e6983c302cab9c73c92','983fe41f3bce01dbab55b8d26dd47b53'),(1967,'https://assets.mhw-db.com/weapons/great-sword/02a3643368681febd5d0c1d0335846c999e516d6.6333b01b9b872c1152c68aae39aaf3a5.png','02a3643368681febd5d0c1d0335846c999e516d6','6333b01b9b872c1152c68aae39aaf3a5'),(1968,'https://assets.mhw-db.com/weapons/great-sword/ef4937214b610b35b945bc4906f96181c600d0b0.1b059957e9d5f1a76227303d5ce7e5ae.png','ef4937214b610b35b945bc4906f96181c600d0b0','1b059957e9d5f1a76227303d5ce7e5ae'),(1969,'https://assets.mhw-db.com/weapons/great-sword/fc7c2271ca5c0947bb730fe8d66935fa0707bd6c.378c788473fc54fd3d384d74da1c9e3f.png','fc7c2271ca5c0947bb730fe8d66935fa0707bd6c','378c788473fc54fd3d384d74da1c9e3f'),(1970,'https://assets.mhw-db.com/weapons/great-sword/52d1617a7e446fc59ba61f731ba1e6f82598f6fc.92190ade74023067fe8de1280bbb4f85.png','52d1617a7e446fc59ba61f731ba1e6f82598f6fc','92190ade74023067fe8de1280bbb4f85'),(1971,'https://assets.mhw-db.com/weapons/great-sword/ed038ea2e4a25abc327241dd02e415ee8746621e.a520b3665bb08bb519835d4eaa41b343.png','ed038ea2e4a25abc327241dd02e415ee8746621e','a520b3665bb08bb519835d4eaa41b343'),(1972,'https://assets.mhw-db.com/weapons/great-sword/a5cdcf5627fed985c41355b53832525ba5d8028e.24ce25246a86bb9e96885a4bdb2f0239.png','a5cdcf5627fed985c41355b53832525ba5d8028e','24ce25246a86bb9e96885a4bdb2f0239'),(1973,'https://assets.mhw-db.com/weapons/great-sword/95d0ad44239b6a257dc48089b75e2f7df701d1cd.f0e6098aaa1c1322b5d9bc91897ba07c.png','95d0ad44239b6a257dc48089b75e2f7df701d1cd','f0e6098aaa1c1322b5d9bc91897ba07c'),(1974,'https://assets.mhw-db.com/weapons/great-sword/33941f896f1aa6470960fe6070c6c4c54e1aa7af.e304054a795a6ddb7e43eb4ae847c9f1.png','33941f896f1aa6470960fe6070c6c4c54e1aa7af','e304054a795a6ddb7e43eb4ae847c9f1'),(1975,'https://assets.mhw-db.com/weapons/great-sword/625d69c5583674585bac998de01bb29a7d73ac2e.b1ebeb63fd6429b93a5024641adca2b1.png','625d69c5583674585bac998de01bb29a7d73ac2e','b1ebeb63fd6429b93a5024641adca2b1'),(1976,'https://assets.mhw-db.com/weapons/great-sword/fd8131c985b37b9b77aa7f506dbc9ed19a9b10b4.73cd3ea27498e0631c323c2e3d5a5d56.png','fd8131c985b37b9b77aa7f506dbc9ed19a9b10b4','73cd3ea27498e0631c323c2e3d5a5d56'),(1977,'https://assets.mhw-db.com/weapons/great-sword/c2917f14d8ac01b69d945ac875af0821e0e2c69a.cb8534e4e965b7a2133200c68460c537.png','c2917f14d8ac01b69d945ac875af0821e0e2c69a','cb8534e4e965b7a2133200c68460c537'),(1978,'https://assets.mhw-db.com/weapons/great-sword/35e572dab12f0157614509d955b185c949a70d51.062c8a4853049345b7ca375297f6fb39.png','35e572dab12f0157614509d955b185c949a70d51','062c8a4853049345b7ca375297f6fb39'),(1979,'https://assets.mhw-db.com/weapons/great-sword/9beaf7c3d0832f03fd15752d50f42a7cc6380da1.7d4b6aa96f8004aba7fa2da3dbbe2f0e.png','9beaf7c3d0832f03fd15752d50f42a7cc6380da1','7d4b6aa96f8004aba7fa2da3dbbe2f0e'),(1980,'https://assets.mhw-db.com/weapons/great-sword/cd26ffc22d9bbb50311c1750caff0911304e2bb0.9db022ab0cf0f3108a21075c916fbd17.png','cd26ffc22d9bbb50311c1750caff0911304e2bb0','9db022ab0cf0f3108a21075c916fbd17'),(1981,'https://assets.mhw-db.com/weapons/great-sword/94e1669b737e0a349a41c824d7d56987bb0ae0c9.628601189bdaecaba06b3a3f97e0505a.png','94e1669b737e0a349a41c824d7d56987bb0ae0c9','628601189bdaecaba06b3a3f97e0505a'),(1982,'https://assets.mhw-db.com/weapons/great-sword/4c63b0c5b78ae6aababba070d68c15e89ca75b70.deef9d2eb99ce746396b3978ba09a845.png','4c63b0c5b78ae6aababba070d68c15e89ca75b70','deef9d2eb99ce746396b3978ba09a845'),(1983,'https://assets.mhw-db.com/weapons/great-sword/e6c1852501e724f123c9ffdcea4aabd499c97dc0.368962405fd706ffb9305b7bc7a481d8.png','e6c1852501e724f123c9ffdcea4aabd499c97dc0','368962405fd706ffb9305b7bc7a481d8'),(1984,'https://assets.mhw-db.com/weapons/great-sword/d56552beab859c2f38f7e1521e1fb98b10ea7460.8b791ad26435e2b3ab8e94649eaaf088.png','d56552beab859c2f38f7e1521e1fb98b10ea7460','8b791ad26435e2b3ab8e94649eaaf088'),(1985,'https://assets.mhw-db.com/weapons/great-sword/7b366afec4974c543344a9f8981013b0fcabc057.2c86df439c8efe7145a9f12ee366748e.png','7b366afec4974c543344a9f8981013b0fcabc057','2c86df439c8efe7145a9f12ee366748e'),(1986,'https://assets.mhw-db.com/weapons/great-sword/af72424b4c50d826983d685c5574a989128b4b53.16f0e8d0581e8b0c4a1028e2f869f171.png','af72424b4c50d826983d685c5574a989128b4b53','16f0e8d0581e8b0c4a1028e2f869f171'),(1987,'https://assets.mhw-db.com/weapons/great-sword/67db0809f3d7a1ef75c629a95c66b7ccb8f54396.d0c5060b71b8737ea317c1036de9831c.png','67db0809f3d7a1ef75c629a95c66b7ccb8f54396','d0c5060b71b8737ea317c1036de9831c'),(1988,'https://assets.mhw-db.com/weapons/great-sword/53ac7cca5451c650d369fa7d921f21e3aded6b89.bae774763cbd5d706ebf74a23efb137a.png','53ac7cca5451c650d369fa7d921f21e3aded6b89','bae774763cbd5d706ebf74a23efb137a'),(1989,'https://assets.mhw-db.com/weapons/great-sword/d8430c1c400936de21728b68d5f90236a681cf29.1b831038a0f6a8daec24085b32e6f855.png','d8430c1c400936de21728b68d5f90236a681cf29','1b831038a0f6a8daec24085b32e6f855'),(1990,'https://assets.mhw-db.com/weapons/great-sword/939efb98c4eccb9535b56aa76911b8ee925a9cf0.94c40d3c4d09aa7cbf540189089093e8.png','939efb98c4eccb9535b56aa76911b8ee925a9cf0','94c40d3c4d09aa7cbf540189089093e8'),(1991,'https://assets.mhw-db.com/weapons/great-sword/368beeb355182afdc0951889d2d162b9df06200a.82a5184da349647d80219a53707a24c6.png','368beeb355182afdc0951889d2d162b9df06200a','82a5184da349647d80219a53707a24c6'),(1992,'https://assets.mhw-db.com/weapons/great-sword/317253a2c2628a8e49c08c1a014f91056c74c0fa.f7f5e00dd805302c361d5ae36c2e3541.png','317253a2c2628a8e49c08c1a014f91056c74c0fa','f7f5e00dd805302c361d5ae36c2e3541'),(1993,'https://assets.mhw-db.com/weapons/great-sword/091df2186e000dbcd87c73fc7c0b757152b086ad.cf732431ce134ce3803e12fda0282927.png','091df2186e000dbcd87c73fc7c0b757152b086ad','cf732431ce134ce3803e12fda0282927'),(1994,'https://assets.mhw-db.com/weapons/great-sword/e29af1d29a884c90d0b59c1180f0263620821900.24f1388f5e662fe3b1169c4ad9cff800.png','e29af1d29a884c90d0b59c1180f0263620821900','24f1388f5e662fe3b1169c4ad9cff800'),(1995,'https://assets.mhw-db.com/weapons/great-sword/998c8b5d6173852c193acddd9b8681900b572e15.2275a80ad44b85ccb3ed6442a7a5a6c2.png','998c8b5d6173852c193acddd9b8681900b572e15','2275a80ad44b85ccb3ed6442a7a5a6c2'),(1996,'https://assets.mhw-db.com/weapons/great-sword/bdab3dacc1f1e86fae1274412f05f343f39e2553.a3d5eb154875faf66bf08377876cdb80.png','bdab3dacc1f1e86fae1274412f05f343f39e2553','a3d5eb154875faf66bf08377876cdb80'),(1997,'https://assets.mhw-db.com/weapons/great-sword/67485401f2f980c37db6ed443bc8a850f96314c8.e0bc30d9aa5b3ac0a348093da05c6359.png','67485401f2f980c37db6ed443bc8a850f96314c8','e0bc30d9aa5b3ac0a348093da05c6359'),(1998,'https://assets.mhw-db.com/weapons/great-sword/22a4255947a455add7ef4ceb79ea332081a8706e.5324b0ef63af06051d71b30adf3e25a3.png','22a4255947a455add7ef4ceb79ea332081a8706e','5324b0ef63af06051d71b30adf3e25a3'),(1999,'https://assets.mhw-db.com/weapons/great-sword/ec0d11d505bbdc6ead592f7fdcb85f9c4fae5266.8844d5ce3cb8135672ff15aaba214b21.png','ec0d11d505bbdc6ead592f7fdcb85f9c4fae5266','8844d5ce3cb8135672ff15aaba214b21'),(2000,'https://assets.mhw-db.com/weapons/great-sword/edd7226408382a58c2f8b57c3a3db085cde8efa0.9f228c500c69f2482deab38b69f27a49.png','edd7226408382a58c2f8b57c3a3db085cde8efa0','9f228c500c69f2482deab38b69f27a49'),(2001,'https://assets.mhw-db.com/weapons/great-sword/a392be3dc2581ca7c553fc14d3381b0ecea1ff96.36238a0b00a0eb17f30a4f41b020fb87.png','a392be3dc2581ca7c553fc14d3381b0ecea1ff96','36238a0b00a0eb17f30a4f41b020fb87'),(2002,'https://assets.mhw-db.com/weapons/long-sword/cd7510e7141ccac5cc3bde5aec235038678fbdb0.1ce1d7994e6e191e6e5ef68e3cfaf6a3.png','cd7510e7141ccac5cc3bde5aec235038678fbdb0','1ce1d7994e6e191e6e5ef68e3cfaf6a3'),(2003,'https://assets.mhw-db.com/weapons/long-sword/33823a92bd3428d55546009c388d71805eb3a26e.44c9672d1ceaa6d0ca3c243cf59fbb8a.png','33823a92bd3428d55546009c388d71805eb3a26e','44c9672d1ceaa6d0ca3c243cf59fbb8a'),(2004,'https://assets.mhw-db.com/weapons/long-sword/b14f41092f368caa95a77ec2929086651bd69a9a.8ceb41f456dd6c2ba0016f83cc6d697a.png','b14f41092f368caa95a77ec2929086651bd69a9a','8ceb41f456dd6c2ba0016f83cc6d697a'),(2005,'https://assets.mhw-db.com/weapons/long-sword/40700a703ebe4ce135539b2e966f3fe852862b1a.afcb7838b92d00b7b6a9055d580d3459.png','40700a703ebe4ce135539b2e966f3fe852862b1a','afcb7838b92d00b7b6a9055d580d3459'),(2006,'https://assets.mhw-db.com/weapons/long-sword/15e13fe36eea026f257eae694549e0679ae39504.0a2b927b9e34585777b34e216aa43680.png','15e13fe36eea026f257eae694549e0679ae39504','0a2b927b9e34585777b34e216aa43680'),(2007,'https://assets.mhw-db.com/weapons/long-sword/c42f15df035c1e9663c5696c94f4a1459cc84a40.809640bfaf7e67a329fd951dacaa2207.png','c42f15df035c1e9663c5696c94f4a1459cc84a40','809640bfaf7e67a329fd951dacaa2207'),(2008,'https://assets.mhw-db.com/weapons/long-sword/8cb97dc18b2410ae40e4856a8b246bd1609f9411.a46229540a055566b210815357143c07.png','8cb97dc18b2410ae40e4856a8b246bd1609f9411','a46229540a055566b210815357143c07'),(2009,'https://assets.mhw-db.com/weapons/long-sword/c154ae638f5ab5e91bb7d11f751245b0bf72933a.854cf2b20e51fc01efbfeeefaf17f56e.png','c154ae638f5ab5e91bb7d11f751245b0bf72933a','854cf2b20e51fc01efbfeeefaf17f56e'),(2010,'https://assets.mhw-db.com/weapons/long-sword/c80af92d49fafcf962e1179733ad6367b0c1ba6a.054a474b324d72001030e539b9b3f796.png','c80af92d49fafcf962e1179733ad6367b0c1ba6a','054a474b324d72001030e539b9b3f796'),(2011,'https://assets.mhw-db.com/weapons/long-sword/8c38097707c5166c1bf82e9fa191adb8fc67ae3e.03d9ed8d58eaab677ff631f71acabed1.png','8c38097707c5166c1bf82e9fa191adb8fc67ae3e','03d9ed8d58eaab677ff631f71acabed1'),(2012,'https://assets.mhw-db.com/weapons/long-sword/53bfba960a525a60b396024d569b31d4beeef8f5.60a518b202d6074e23093d982b7c3401.png','53bfba960a525a60b396024d569b31d4beeef8f5','60a518b202d6074e23093d982b7c3401'),(2013,'https://assets.mhw-db.com/weapons/long-sword/7e6c7972568ec47d5d0462687d83f94cad9e3910.71c749e6e6b7b4e65c401634ad5ac5a0.png','7e6c7972568ec47d5d0462687d83f94cad9e3910','71c749e6e6b7b4e65c401634ad5ac5a0'),(2014,'https://assets.mhw-db.com/weapons/long-sword/ba4e73134ec97808a28f319b033dbd2dbcd4aa33.1f63cc9ae1c45394b6f7a6b470a32e47.png','ba4e73134ec97808a28f319b033dbd2dbcd4aa33','1f63cc9ae1c45394b6f7a6b470a32e47'),(2015,'https://assets.mhw-db.com/weapons/long-sword/bd10d762fcd46fef380dc72696a4d02cb82cf5eb.df5e58a2bfb762543d5e198e6a6fed0d.png','bd10d762fcd46fef380dc72696a4d02cb82cf5eb','df5e58a2bfb762543d5e198e6a6fed0d'),(2016,'https://assets.mhw-db.com/weapons/long-sword/de14e95aae83a04fa5bc71420f0c7e42ac5a9556.37fce458c2feffe1ee03dea867d0985c.png','de14e95aae83a04fa5bc71420f0c7e42ac5a9556','37fce458c2feffe1ee03dea867d0985c'),(2017,'https://assets.mhw-db.com/weapons/long-sword/dc6fecb5149ad6e6e0018b624ccc296a17b65ded.ea80aedebf3d9c8c5ad672773ca552f4.png','dc6fecb5149ad6e6e0018b624ccc296a17b65ded','ea80aedebf3d9c8c5ad672773ca552f4'),(2018,'https://assets.mhw-db.com/weapons/long-sword/eec7813fe5b66ab2f998aecc0bf1bc366d518703.76632bb387bc231989359a0373b04441.png','eec7813fe5b66ab2f998aecc0bf1bc366d518703','76632bb387bc231989359a0373b04441'),(2019,'https://assets.mhw-db.com/weapons/long-sword/654fa5f5723b35acf4f33d2b0cf8bc4964dfdab9.83b8e2afcb485c37da08be800a3f5f32.png','654fa5f5723b35acf4f33d2b0cf8bc4964dfdab9','83b8e2afcb485c37da08be800a3f5f32'),(2020,'https://assets.mhw-db.com/weapons/long-sword/b2d1b4005f679dbced3d7a70051eea640da1f389.aa554dd81559056101a7d833fb59cc49.png','b2d1b4005f679dbced3d7a70051eea640da1f389','aa554dd81559056101a7d833fb59cc49'),(2021,'https://assets.mhw-db.com/weapons/long-sword/71720f807e18a37cb3c1a79a45e8a542f63b4389.fe5e97a95476155ce5408f200518d111.png','71720f807e18a37cb3c1a79a45e8a542f63b4389','fe5e97a95476155ce5408f200518d111'),(2022,'https://assets.mhw-db.com/weapons/long-sword/4c0100d12de983113a95dee1bd9c548d6eddcfc2.55a9206ac1dfbffc8ccb79d0883d12fb.png','4c0100d12de983113a95dee1bd9c548d6eddcfc2','55a9206ac1dfbffc8ccb79d0883d12fb'),(2023,'https://assets.mhw-db.com/weapons/long-sword/95aded8da6fea06173e9ec95c6dbba6040d55b35.cb1e3052087de0acdefbcd4683eb5107.png','95aded8da6fea06173e9ec95c6dbba6040d55b35','cb1e3052087de0acdefbcd4683eb5107'),(2024,'https://assets.mhw-db.com/weapons/long-sword/f24970b4965e54473448b19e65da61a66ab2950e.a3f15994d709f1d625137188e06bf11b.png','f24970b4965e54473448b19e65da61a66ab2950e','a3f15994d709f1d625137188e06bf11b'),(2025,'https://assets.mhw-db.com/weapons/long-sword/e72518ca2d31e04ff654c36f2dc07584d8b255b2.b41e32ceffe701f113fa3e39af6d4228.png','e72518ca2d31e04ff654c36f2dc07584d8b255b2','b41e32ceffe701f113fa3e39af6d4228'),(2026,'https://assets.mhw-db.com/weapons/long-sword/765938889f288737df73ef8f69353d67eefe5fef.b66bf1cb949779f407138d43c4ab26f5.png','765938889f288737df73ef8f69353d67eefe5fef','b66bf1cb949779f407138d43c4ab26f5'),(2027,'https://assets.mhw-db.com/weapons/long-sword/b18a310343f468cb73e2021f316efcef6f144e3f.49d0550731ad7a84487fb6cd66880bba.png','b18a310343f468cb73e2021f316efcef6f144e3f','49d0550731ad7a84487fb6cd66880bba'),(2028,'https://assets.mhw-db.com/weapons/long-sword/a613f49e36d3a9ca9d66d0a33cffc89772950ce1.ba2a5d464cd9e24b45735f06f9193f1f.png','a613f49e36d3a9ca9d66d0a33cffc89772950ce1','ba2a5d464cd9e24b45735f06f9193f1f'),(2029,'https://assets.mhw-db.com/weapons/long-sword/088a93cbf68423abf41343100a022da519f2be73.46029750184a8011a2b92c49cb699c8b.png','088a93cbf68423abf41343100a022da519f2be73','46029750184a8011a2b92c49cb699c8b'),(2030,'https://assets.mhw-db.com/weapons/long-sword/150c3bc2541650c3bb3152739238404c3778f3d4.a84c2dd4ced5738fedcc6eb4d04793bd.png','150c3bc2541650c3bb3152739238404c3778f3d4','a84c2dd4ced5738fedcc6eb4d04793bd'),(2031,'https://assets.mhw-db.com/weapons/long-sword/207bbde0969774c0fba52973f92f6ecb6dff4703.c4c87eefcd9fdaa1ceb524f543df828f.png','207bbde0969774c0fba52973f92f6ecb6dff4703','c4c87eefcd9fdaa1ceb524f543df828f'),(2032,'https://assets.mhw-db.com/weapons/long-sword/237abf04a185fb93862c67757def003a9a91c1ba.ba0497e138d6b18205cce5b89b5e3c9b.png','237abf04a185fb93862c67757def003a9a91c1ba','ba0497e138d6b18205cce5b89b5e3c9b'),(2033,'https://assets.mhw-db.com/weapons/long-sword/16fdc10dc2c04388fd885a12c73616e6844269e1.6a4ae44503e3dc7c9561625d2c0eaadf.png','16fdc10dc2c04388fd885a12c73616e6844269e1','6a4ae44503e3dc7c9561625d2c0eaadf'),(2034,'https://assets.mhw-db.com/weapons/long-sword/fb363624f38a2c4af14ef7a2b59f83620873cd5d.fb86543291414e88f1b57dd3bb941c0b.png','fb363624f38a2c4af14ef7a2b59f83620873cd5d','fb86543291414e88f1b57dd3bb941c0b'),(2035,'https://assets.mhw-db.com/weapons/sword-and-shield/db78d6a42f1ec38b2591343caf90a694208bcb7a.13207871537694349a0f662e5be76ad1.png','db78d6a42f1ec38b2591343caf90a694208bcb7a','13207871537694349a0f662e5be76ad1'),(2036,'https://assets.mhw-db.com/weapons/sword-and-shield/2066892866fdcb21ff07d37f9ebf7f3d022d38f2.55f961f6daea8a7cd8543180692c1aa8.png','2066892866fdcb21ff07d37f9ebf7f3d022d38f2','55f961f6daea8a7cd8543180692c1aa8'),(2037,'https://assets.mhw-db.com/weapons/sword-and-shield/3709d763f468a9d89fdf8d492fd647360d4d6660.e9606ac1734189c8b43db0517ba63681.png','3709d763f468a9d89fdf8d492fd647360d4d6660','e9606ac1734189c8b43db0517ba63681'),(2038,'https://assets.mhw-db.com/weapons/sword-and-shield/19511e39952e6f6b5e79dbf25199282d6831f577.39e1a8f37678d4ef6cc8f5d1960b29ca.png','19511e39952e6f6b5e79dbf25199282d6831f577','39e1a8f37678d4ef6cc8f5d1960b29ca'),(2039,'https://assets.mhw-db.com/weapons/sword-and-shield/5364536e3e78ef8522589125d5af7f4b3780c0c7.a60928eba41aed7a4e5e69751128043b.png','5364536e3e78ef8522589125d5af7f4b3780c0c7','a60928eba41aed7a4e5e69751128043b'),(2040,'https://assets.mhw-db.com/weapons/sword-and-shield/0a113dcfef33077bf39cb30d7b22e1670e0ed030.c74432ae06159bd60da850254a923c00.png','0a113dcfef33077bf39cb30d7b22e1670e0ed030','c74432ae06159bd60da850254a923c00'),(2041,'https://assets.mhw-db.com/weapons/sword-and-shield/2c911cdac51c24240bd48931e0054fd04fa0ec97.510de2dfe0588ba9aeb76db84a321c2a.png','2c911cdac51c24240bd48931e0054fd04fa0ec97','510de2dfe0588ba9aeb76db84a321c2a'),(2042,'https://assets.mhw-db.com/weapons/sword-and-shield/52e44d3a69576d9e2b7d02fa271e06f2c4678d4a.a33b4ad833364f6732219442b57b848b.png','52e44d3a69576d9e2b7d02fa271e06f2c4678d4a','a33b4ad833364f6732219442b57b848b'),(2043,'https://assets.mhw-db.com/weapons/sword-and-shield/35254c930b8e83baa8656b000ac54112bbd24ba1.847bed276350559e9fac925c332e9e2c.png','35254c930b8e83baa8656b000ac54112bbd24ba1','847bed276350559e9fac925c332e9e2c'),(2044,'https://assets.mhw-db.com/weapons/sword-and-shield/64f4e8c2522fcc9f8e78590b2a3be19c87e994e1.eb6d572dd32ca94b08f0f03e490abcf8.png','64f4e8c2522fcc9f8e78590b2a3be19c87e994e1','eb6d572dd32ca94b08f0f03e490abcf8'),(2045,'https://assets.mhw-db.com/weapons/sword-and-shield/793755f8d1a5998279f9eb607a319ff888d40076.85a9ebdb489ce633380ad97ac4a9a3d0.png','793755f8d1a5998279f9eb607a319ff888d40076','85a9ebdb489ce633380ad97ac4a9a3d0'),(2046,'https://assets.mhw-db.com/weapons/sword-and-shield/fe122f124d5eabbdf0e166a9fbc6d196a56ca73e.6378ccd0dc271321f124c145ef5594b7.png','fe122f124d5eabbdf0e166a9fbc6d196a56ca73e','6378ccd0dc271321f124c145ef5594b7'),(2047,'https://assets.mhw-db.com/weapons/sword-and-shield/7c408145196d9fcb0d66bce50b7c5d6895fa6fdc.1ea4c49efcfcd2205f602c5b7ee26d93.png','7c408145196d9fcb0d66bce50b7c5d6895fa6fdc','1ea4c49efcfcd2205f602c5b7ee26d93'),(2048,'https://assets.mhw-db.com/weapons/sword-and-shield/057e0fce37413313afb22160bfdbdedd86392647.a2f06f5bc94cae4a7564a4db2767877f.png','057e0fce37413313afb22160bfdbdedd86392647','a2f06f5bc94cae4a7564a4db2767877f'),(2049,'https://assets.mhw-db.com/weapons/sword-and-shield/d9ebd920ac8a2ced449d96ce629cf4e7f5a3e5d1.c771e39bfbb91c0e6f7212c2e5341111.png','d9ebd920ac8a2ced449d96ce629cf4e7f5a3e5d1','c771e39bfbb91c0e6f7212c2e5341111'),(2050,'https://assets.mhw-db.com/weapons/sword-and-shield/9bb337db0316d200546993fa3432300151b5d92d.c581c85868839e105d7b0b5c2839bd69.png','9bb337db0316d200546993fa3432300151b5d92d','c581c85868839e105d7b0b5c2839bd69'),(2051,'https://assets.mhw-db.com/weapons/sword-and-shield/2700cf0716d2b0b119fb4f6c1cf4f6c9fe52801b.ff4ee4fc2d5abeebadf8d12913543c85.png','2700cf0716d2b0b119fb4f6c1cf4f6c9fe52801b','ff4ee4fc2d5abeebadf8d12913543c85'),(2052,'https://assets.mhw-db.com/weapons/sword-and-shield/816a3be37b7615b632ae38744947c59698067f3d.6befad7f283f254e67955c7137ceb9f4.png','816a3be37b7615b632ae38744947c59698067f3d','6befad7f283f254e67955c7137ceb9f4'),(2053,'https://assets.mhw-db.com/weapons/sword-and-shield/5ff892fc0deaaa5a8e08d97b19965a910bdeb6c7.4ee9a019c04e2b78fbec63aa2c36d878.png','5ff892fc0deaaa5a8e08d97b19965a910bdeb6c7','4ee9a019c04e2b78fbec63aa2c36d878'),(2054,'https://assets.mhw-db.com/weapons/sword-and-shield/68dc5976f54452f462e1100dddfb95eac0e6ac68.d6d6ea5c25c8355fddd8f630b01b9957.png','68dc5976f54452f462e1100dddfb95eac0e6ac68','d6d6ea5c25c8355fddd8f630b01b9957'),(2055,'https://assets.mhw-db.com/weapons/sword-and-shield/f271b9991d9c1cdfdb971ea40857bea3060cb642.af9c75ae45ad3a27b806dcea6fa7c688.png','f271b9991d9c1cdfdb971ea40857bea3060cb642','af9c75ae45ad3a27b806dcea6fa7c688'),(2056,'https://assets.mhw-db.com/weapons/sword-and-shield/afaaedfdcf21961e08707b3f51dfc067e097e58d.9195479f2b0622f0f873bcedf7607294.png','afaaedfdcf21961e08707b3f51dfc067e097e58d','9195479f2b0622f0f873bcedf7607294'),(2057,'https://assets.mhw-db.com/weapons/sword-and-shield/69e85665580b5f4394a6fce8aa8390822d0d808e.a429616c35e71f233ed2cd11ddc69ed6.png','69e85665580b5f4394a6fce8aa8390822d0d808e','a429616c35e71f233ed2cd11ddc69ed6'),(2058,'https://assets.mhw-db.com/weapons/sword-and-shield/1dabee838a9e7a70d08b6acfc5cf69224acad5a6.203eceffceb6c35110e7414cf3453abd.png','1dabee838a9e7a70d08b6acfc5cf69224acad5a6','203eceffceb6c35110e7414cf3453abd'),(2059,'https://assets.mhw-db.com/weapons/sword-and-shield/7ee9245b4c10405887847805538fe61feb63e440.b8cf3c14a937ea8d7056f350e8fadc97.png','7ee9245b4c10405887847805538fe61feb63e440','b8cf3c14a937ea8d7056f350e8fadc97'),(2060,'https://assets.mhw-db.com/weapons/sword-and-shield/0e8a4b26ee88d6a1754f42ee16e7e8da8faeef6e.f285f9b324f64842954224b22ab55b29.png','0e8a4b26ee88d6a1754f42ee16e7e8da8faeef6e','f285f9b324f64842954224b22ab55b29'),(2061,'https://assets.mhw-db.com/weapons/sword-and-shield/d02c04d01ab227eafc7fe3bd2f6ea1ec25f755b5.7312ee9530214a4832d298fa0732d220.png','d02c04d01ab227eafc7fe3bd2f6ea1ec25f755b5','7312ee9530214a4832d298fa0732d220'),(2062,'https://assets.mhw-db.com/weapons/sword-and-shield/3194f3fd4aa07f3be05cfd8ab991d0c14b45e0bf.4c08f764ecfc640b09900d62461a2a8a.png','3194f3fd4aa07f3be05cfd8ab991d0c14b45e0bf','4c08f764ecfc640b09900d62461a2a8a'),(2063,'https://assets.mhw-db.com/weapons/sword-and-shield/2a9ac39eab7004b8918a4b9575ac58b30dde3332.2b3da431a1ca891c7a15a4353d0fedac.png','2a9ac39eab7004b8918a4b9575ac58b30dde3332','2b3da431a1ca891c7a15a4353d0fedac'),(2064,'https://assets.mhw-db.com/weapons/sword-and-shield/6116fff2842dbf63f0fcd143eaeaa3dc42dbdc80.41f1e06ac55e541e6a9687952b2d3936.png','6116fff2842dbf63f0fcd143eaeaa3dc42dbdc80','41f1e06ac55e541e6a9687952b2d3936'),(2065,'https://assets.mhw-db.com/weapons/sword-and-shield/ddf47e691ae024a54d3c41e99060d09b619de766.ae31c1fd218f58b22f44532e5583d14e.png','ddf47e691ae024a54d3c41e99060d09b619de766','ae31c1fd218f58b22f44532e5583d14e'),(2066,'https://assets.mhw-db.com/weapons/sword-and-shield/ad52db1bc4600df1be1c9ac85d1a62f0643b24aa.9ad20456e886a2b5ea8f4f95a8aaef6e.png','ad52db1bc4600df1be1c9ac85d1a62f0643b24aa','9ad20456e886a2b5ea8f4f95a8aaef6e'),(2067,'https://assets.mhw-db.com/weapons/sword-and-shield/8d3832a70d55d80dfdaa34e64a29505a2a7059e4.8034b66bb567d5e1a4a13a58128defca.png','8d3832a70d55d80dfdaa34e64a29505a2a7059e4','8034b66bb567d5e1a4a13a58128defca'),(2068,'https://assets.mhw-db.com/weapons/sword-and-shield/0d604ca5120e278d05fec4c1eacb4a731dc983d7.289d7da006e2e2069cfe70027a037b9c.png','0d604ca5120e278d05fec4c1eacb4a731dc983d7','289d7da006e2e2069cfe70027a037b9c'),(2069,'https://assets.mhw-db.com/weapons/sword-and-shield/5f782a1108f2b18c666a3601c4bfbbc22c29030c.cf6c784763ea842a061c73565ab7245d.png','5f782a1108f2b18c666a3601c4bfbbc22c29030c','cf6c784763ea842a061c73565ab7245d'),(2070,'https://assets.mhw-db.com/weapons/sword-and-shield/24858f077e289e9a4739a17f7b69d6ad32ffdea9.597445e23fbdbb629dab210fafbc6501.png','24858f077e289e9a4739a17f7b69d6ad32ffdea9','597445e23fbdbb629dab210fafbc6501'),(2071,'https://assets.mhw-db.com/weapons/dual-blades/7c2015029922c0f0115159ed0d00a5e5a061cb54.b79f34336b9155acec9c4d324d052f28.png','7c2015029922c0f0115159ed0d00a5e5a061cb54','b79f34336b9155acec9c4d324d052f28'),(2072,'https://assets.mhw-db.com/weapons/dual-blades/1a107be1f70a6a25f01e57f28a77f660f5c7cd42.ecafb4edf178138772f651994af80d15.png','1a107be1f70a6a25f01e57f28a77f660f5c7cd42','ecafb4edf178138772f651994af80d15'),(2073,'https://assets.mhw-db.com/weapons/dual-blades/569478de68752036565a8287c0af8a12bcf5d1bc.33523f5c6304790ce428539a29d927a4.png','569478de68752036565a8287c0af8a12bcf5d1bc','33523f5c6304790ce428539a29d927a4'),(2074,'https://assets.mhw-db.com/weapons/dual-blades/d95cfb4532408b200fcfb705986b2a88f6901c94.f3742df5527e8209dafc967eca2d0dd4.png','d95cfb4532408b200fcfb705986b2a88f6901c94','f3742df5527e8209dafc967eca2d0dd4'),(2075,'https://assets.mhw-db.com/weapons/dual-blades/dcde01b664762a5fc89a8725f357796ad1b114a2.27a540fac072adfa9449d066dfef770a.png','dcde01b664762a5fc89a8725f357796ad1b114a2','27a540fac072adfa9449d066dfef770a'),(2076,'https://assets.mhw-db.com/weapons/dual-blades/0151cb2a555de6ff18e97c1129eb21fe0d922309.3e1f02e78072f67b124285d57e964d0e.png','0151cb2a555de6ff18e97c1129eb21fe0d922309','3e1f02e78072f67b124285d57e964d0e'),(2077,'https://assets.mhw-db.com/weapons/dual-blades/f4c07d9fecd743089e87302076bc08c8c04803d4.c94741521d7cbbf10152794cb2194a52.png','f4c07d9fecd743089e87302076bc08c8c04803d4','c94741521d7cbbf10152794cb2194a52'),(2078,'https://assets.mhw-db.com/weapons/dual-blades/8ceadca27adf1d77d5ab3952c3d720e0f795f04c.1510bcfc6e79f98befb6157964d6e00c.png','8ceadca27adf1d77d5ab3952c3d720e0f795f04c','1510bcfc6e79f98befb6157964d6e00c'),(2079,'https://assets.mhw-db.com/weapons/dual-blades/3b4db999a56b26fd7d0562efb8bcedd0636a05f6.cb0bfdadfeace338509e6d10b80c4edf.png','3b4db999a56b26fd7d0562efb8bcedd0636a05f6','cb0bfdadfeace338509e6d10b80c4edf'),(2080,'https://assets.mhw-db.com/weapons/dual-blades/81a1d26c02ac51590a3d1c4df21f215927ce575f.2706ec7ffc36aa7a8dcc2e10f89180d2.png','81a1d26c02ac51590a3d1c4df21f215927ce575f','2706ec7ffc36aa7a8dcc2e10f89180d2'),(2081,'https://assets.mhw-db.com/weapons/dual-blades/60c8766a16302dd467dccf6f0957398c44f2ee3f.f13e6ebd5b9d9b349d17626ce8aa0920.png','60c8766a16302dd467dccf6f0957398c44f2ee3f','f13e6ebd5b9d9b349d17626ce8aa0920'),(2082,'https://assets.mhw-db.com/weapons/dual-blades/d39dd77c9e811c69ee6c50b8edc7ecfae5f3cbd5.b1b90f4114a933ac4c66e234bc4b2eb4.png','d39dd77c9e811c69ee6c50b8edc7ecfae5f3cbd5','b1b90f4114a933ac4c66e234bc4b2eb4'),(2083,'https://assets.mhw-db.com/weapons/dual-blades/14e3cf146ebfb00071ba81f9f452d22ed953dce8.4e7bc333fd52b62f3cca6594d4d7396e.png','14e3cf146ebfb00071ba81f9f452d22ed953dce8','4e7bc333fd52b62f3cca6594d4d7396e'),(2084,'https://assets.mhw-db.com/weapons/dual-blades/483ae8a9d01758d6e72029f5e0a54dbccd220224.f7d586e62eca3fc611a3ecb7db09c09d.png','483ae8a9d01758d6e72029f5e0a54dbccd220224','f7d586e62eca3fc611a3ecb7db09c09d'),(2085,'https://assets.mhw-db.com/weapons/dual-blades/66361489ff0f3cd79079b9f127230c333cffae41.7c18bfe2dce086b7311b4edb1761fd6d.png','66361489ff0f3cd79079b9f127230c333cffae41','7c18bfe2dce086b7311b4edb1761fd6d'),(2086,'https://assets.mhw-db.com/weapons/dual-blades/511109424f87b564e296cc5480a838e8fc9d7889.2b1a65c9047c4a6c9671bf5fad4599ed.png','511109424f87b564e296cc5480a838e8fc9d7889','2b1a65c9047c4a6c9671bf5fad4599ed'),(2087,'https://assets.mhw-db.com/weapons/dual-blades/83ea1bcc08bc887d484ac05c369eba32f717117f.5f1baafeb848414e9923029bc443ed96.png','83ea1bcc08bc887d484ac05c369eba32f717117f','5f1baafeb848414e9923029bc443ed96'),(2088,'https://assets.mhw-db.com/weapons/dual-blades/36ee320827ba625c254e6d31bf205c877f66bb76.1104b12fe04882ede93673b5e19c9285.png','36ee320827ba625c254e6d31bf205c877f66bb76','1104b12fe04882ede93673b5e19c9285'),(2089,'https://assets.mhw-db.com/weapons/dual-blades/19dc6716f0cb5d8bfc91f54b6b5fa258d086f4f1.2cab4a85d3ec987a0fd7e24efe5c7763.png','19dc6716f0cb5d8bfc91f54b6b5fa258d086f4f1','2cab4a85d3ec987a0fd7e24efe5c7763'),(2090,'https://assets.mhw-db.com/weapons/dual-blades/418a9cbf7648fb503d2ebd681272a035f7222f0e.6d9beef18b8b830d02434c4b667b4b39.png','418a9cbf7648fb503d2ebd681272a035f7222f0e','6d9beef18b8b830d02434c4b667b4b39'),(2091,'https://assets.mhw-db.com/weapons/dual-blades/f0000090c8e71d9affbf232ac00d3a1481428b8f.73f46688568118864c1bceb39d2cb7eb.png','f0000090c8e71d9affbf232ac00d3a1481428b8f','73f46688568118864c1bceb39d2cb7eb'),(2092,'https://assets.mhw-db.com/weapons/dual-blades/52d9fb65967e91104e0154b290ce9d37128a9fda.64f4ab680219ba3913595695061ca170.png','52d9fb65967e91104e0154b290ce9d37128a9fda','64f4ab680219ba3913595695061ca170'),(2093,'https://assets.mhw-db.com/weapons/dual-blades/87ac6824e96c09c9867363d909379c7a168acf61.e6d17807b81f4a27dfae8c8bdabce731.png','87ac6824e96c09c9867363d909379c7a168acf61','e6d17807b81f4a27dfae8c8bdabce731'),(2094,'https://assets.mhw-db.com/weapons/dual-blades/376aec566f5af7309fbb0f385f881938ff6867a8.5bc53e7e1abdd53483e2df434a1f127e.png','376aec566f5af7309fbb0f385f881938ff6867a8','5bc53e7e1abdd53483e2df434a1f127e'),(2095,'https://assets.mhw-db.com/weapons/dual-blades/5fbb04f2d7037a4464ffeebf66557b342ceb81d8.161db9f66e5083f75c39053cfe9b155b.png','5fbb04f2d7037a4464ffeebf66557b342ceb81d8','161db9f66e5083f75c39053cfe9b155b'),(2096,'https://assets.mhw-db.com/weapons/dual-blades/c41f5602918f57620709262756d17632f7bc96d7.6118a1fd844831006f017b69e5583e81.png','c41f5602918f57620709262756d17632f7bc96d7','6118a1fd844831006f017b69e5583e81'),(2097,'https://assets.mhw-db.com/weapons/dual-blades/5f00ca6865d3f333598b1cf21307b757f85050f8.ddd382bce5d221242ff7a6b706e6b1e7.png','5f00ca6865d3f333598b1cf21307b757f85050f8','ddd382bce5d221242ff7a6b706e6b1e7'),(2098,'https://assets.mhw-db.com/weapons/dual-blades/2a7ac6944fede068c9fb479a249c104f9e5e8157.6977c5354f4f14009d1a2e102ce8429f.png','2a7ac6944fede068c9fb479a249c104f9e5e8157','6977c5354f4f14009d1a2e102ce8429f'),(2099,'https://assets.mhw-db.com/weapons/dual-blades/2b13c6cdb74c8f79c882935eb8dc43584a2ad065.5d6022910fa97d185a7ec45e0c7a239d.png','2b13c6cdb74c8f79c882935eb8dc43584a2ad065','5d6022910fa97d185a7ec45e0c7a239d'),(2100,'https://assets.mhw-db.com/weapons/dual-blades/d5feb683b983dc1bb1b7f0c33753fe1f14d91ab6.5d4d375d0ff29ef412f23554b681c5a0.png','d5feb683b983dc1bb1b7f0c33753fe1f14d91ab6','5d4d375d0ff29ef412f23554b681c5a0'),(2101,'https://assets.mhw-db.com/weapons/dual-blades/36b540f13dfa98ce6d39a7158a4fced4f2e05d04.643333c93415ac22a4067538cc8d4822.png','36b540f13dfa98ce6d39a7158a4fced4f2e05d04','643333c93415ac22a4067538cc8d4822'),(2102,'https://assets.mhw-db.com/weapons/dual-blades/2b50c03e25a2579a6274a738e0160de7b9e40084.9a67890b655972c7984c26b5895325e3.png','2b50c03e25a2579a6274a738e0160de7b9e40084','9a67890b655972c7984c26b5895325e3'),(2103,'https://assets.mhw-db.com/weapons/dual-blades/035b64cea477836dac0e9898f635a1b452266e7b.493268a61efc908e48d96d39c86a9c7b.png','035b64cea477836dac0e9898f635a1b452266e7b','493268a61efc908e48d96d39c86a9c7b'),(2104,'https://assets.mhw-db.com/weapons/dual-blades/c802c8147a43f984ab21168bbce083ae520d15bf.6395320bf80b333c35a7f2c602f8edde.png','c802c8147a43f984ab21168bbce083ae520d15bf','6395320bf80b333c35a7f2c602f8edde'),(2105,'https://assets.mhw-db.com/weapons/hammer/fb90ab01e5d86a970d97be96bdf1925d5442f9cd.4955a0b54e45ca8d9a69e0bc96a5b752.png','fb90ab01e5d86a970d97be96bdf1925d5442f9cd','4955a0b54e45ca8d9a69e0bc96a5b752'),(2106,'https://assets.mhw-db.com/weapons/hammer/ef2b37f066c5b773fdf4324af1312d23cea4bd56.296705cb29bdcbd64603a37f05f7b1f3.png','ef2b37f066c5b773fdf4324af1312d23cea4bd56','296705cb29bdcbd64603a37f05f7b1f3'),(2107,'https://assets.mhw-db.com/weapons/hammer/cf62809c32666e53faab556c513ecde52dc2043e.d09334b4342e47a91143e3f560e41204.png','cf62809c32666e53faab556c513ecde52dc2043e','d09334b4342e47a91143e3f560e41204'),(2108,'https://assets.mhw-db.com/weapons/hammer/7e002ca6134892584df47bba5b3e4c6746099356.d43a8d5f1bd1645f1b21eb95067fba6c.png','7e002ca6134892584df47bba5b3e4c6746099356','d43a8d5f1bd1645f1b21eb95067fba6c'),(2109,'https://assets.mhw-db.com/weapons/hammer/0afb6771188934ac238c95a5278bec2cc9018215.11ede589525c3962eab1af373692dbcf.png','0afb6771188934ac238c95a5278bec2cc9018215','11ede589525c3962eab1af373692dbcf'),(2110,'https://assets.mhw-db.com/weapons/hammer/ee8bbb4fcaae0fee9e8c477f285ee97eeeeec23c.c40897537a4f38b83fda1531ddafb55b.png','ee8bbb4fcaae0fee9e8c477f285ee97eeeeec23c','c40897537a4f38b83fda1531ddafb55b'),(2111,'https://assets.mhw-db.com/weapons/hammer/bf31e2dbe0d66b515acdf9bc79e562fb8e55f25f.57db09637c22cc55968eda5a27b07348.png','bf31e2dbe0d66b515acdf9bc79e562fb8e55f25f','57db09637c22cc55968eda5a27b07348'),(2112,'https://assets.mhw-db.com/weapons/hammer/3635116bbe23c5c6e81bc8e3d1d3c6ee4d7ac117.1f55c80d540791a0b61993d14591f933.png','3635116bbe23c5c6e81bc8e3d1d3c6ee4d7ac117','1f55c80d540791a0b61993d14591f933'),(2113,'https://assets.mhw-db.com/weapons/hammer/f898715e051e705382dcdafc48ee7b767903cdfe.37469d3b65ae7310e0333025db1f1655.png','f898715e051e705382dcdafc48ee7b767903cdfe','37469d3b65ae7310e0333025db1f1655'),(2114,'https://assets.mhw-db.com/weapons/hammer/3d812e4565c3bf8af74c7d1bd12efb73ecd51acd.0fcdf96e5f36f280f91bb079e71c57c5.png','3d812e4565c3bf8af74c7d1bd12efb73ecd51acd','0fcdf96e5f36f280f91bb079e71c57c5'),(2115,'https://assets.mhw-db.com/weapons/hammer/cdd5404a9ccd0b0cd908ad574343b2ca57634ad1.b25ced42d8a7cb2dc4ff6c04b1771fe9.png','cdd5404a9ccd0b0cd908ad574343b2ca57634ad1','b25ced42d8a7cb2dc4ff6c04b1771fe9'),(2116,'https://assets.mhw-db.com/weapons/hammer/fdab03b1722821a587372c948d5f197e2ca74347.7161c6cf0d713086393a5ab4124edf40.png','fdab03b1722821a587372c948d5f197e2ca74347','7161c6cf0d713086393a5ab4124edf40'),(2117,'https://assets.mhw-db.com/weapons/hammer/22fd389d152e5993ed7f1750447e8baa328e4ff8.a6f33cb39cfda65f76159e9b52444b39.png','22fd389d152e5993ed7f1750447e8baa328e4ff8','a6f33cb39cfda65f76159e9b52444b39'),(2118,'https://assets.mhw-db.com/weapons/hammer/8127f118fdebd0903e1044a6b1b7a4db3f5dd825.0829476cf3ac0736e811a686b2855165.png','8127f118fdebd0903e1044a6b1b7a4db3f5dd825','0829476cf3ac0736e811a686b2855165'),(2119,'https://assets.mhw-db.com/weapons/hammer/307ee5b886aa48a1a8878ef19a8ae9b26327a270.9f6f846cc179392c72f85d9b316ec0a8.png','307ee5b886aa48a1a8878ef19a8ae9b26327a270','9f6f846cc179392c72f85d9b316ec0a8'),(2120,'https://assets.mhw-db.com/weapons/hammer/232c29d6caee3b9f1dd32c16f6733171769f419d.24b28d6d4762e603c9baeea7887bb6b5.png','232c29d6caee3b9f1dd32c16f6733171769f419d','24b28d6d4762e603c9baeea7887bb6b5'),(2121,'https://assets.mhw-db.com/weapons/hammer/1e01e2b5390e8611d08d4dbb199285ab8fb98889.df682ed39a181ad21ffe72918ec63ba7.png','1e01e2b5390e8611d08d4dbb199285ab8fb98889','df682ed39a181ad21ffe72918ec63ba7'),(2122,'https://assets.mhw-db.com/weapons/hammer/46b2cd59492c4f251416fd659c997e039110e110.477fa5a62fcd9faff5fca0ba2543d7f1.png','46b2cd59492c4f251416fd659c997e039110e110','477fa5a62fcd9faff5fca0ba2543d7f1'),(2123,'https://assets.mhw-db.com/weapons/hammer/d8928a5b4bda80e062c8e1caee1540fea52837c8.be12cae7422d6377a002578e6818fddb.png','d8928a5b4bda80e062c8e1caee1540fea52837c8','be12cae7422d6377a002578e6818fddb'),(2124,'https://assets.mhw-db.com/weapons/hammer/0701923003c0fb922af320ef6a1a5c6b79af4929.0d3227299a909894408bcf50977a4a9d.png','0701923003c0fb922af320ef6a1a5c6b79af4929','0d3227299a909894408bcf50977a4a9d'),(2125,'https://assets.mhw-db.com/weapons/hammer/181727b9ccf16fbe58079103464c0aac317b8de8.3f60903b919a58d8d29b3cdaccab21b5.png','181727b9ccf16fbe58079103464c0aac317b8de8','3f60903b919a58d8d29b3cdaccab21b5'),(2126,'https://assets.mhw-db.com/weapons/hammer/1526db555426f68ec36f194ef1f92034f2535b51.eff6524eed9d5dd728519ed8064091ef.png','1526db555426f68ec36f194ef1f92034f2535b51','eff6524eed9d5dd728519ed8064091ef'),(2127,'https://assets.mhw-db.com/weapons/hammer/934a2ef93c516f3004db22597df38f55168d0b20.fd223995d801d2bf9ce9e1590f0c50fd.png','934a2ef93c516f3004db22597df38f55168d0b20','fd223995d801d2bf9ce9e1590f0c50fd'),(2128,'https://assets.mhw-db.com/weapons/hammer/62354f0b6b4f69f935f61d73d7859d668450c509.d06c0158df63b8fad4c839f06c11dd76.png','62354f0b6b4f69f935f61d73d7859d668450c509','d06c0158df63b8fad4c839f06c11dd76'),(2129,'https://assets.mhw-db.com/weapons/hammer/496febf00a466e04cd1f25642049378633fe14e2.3e96090bc658731c83aafb335c7501d0.png','496febf00a466e04cd1f25642049378633fe14e2','3e96090bc658731c83aafb335c7501d0'),(2130,'https://assets.mhw-db.com/weapons/hammer/b47f19034fa72b703a890996ac515aeb2ca631c9.e57bf47c5b9c45e2a51bdfd1e213f4ff.png','b47f19034fa72b703a890996ac515aeb2ca631c9','e57bf47c5b9c45e2a51bdfd1e213f4ff'),(2131,'https://assets.mhw-db.com/weapons/hammer/531d963bf7aba66922800088761d68ad73ee5018.2989a2a843ce8b6a8ed0bf7627d87fcf.png','531d963bf7aba66922800088761d68ad73ee5018','2989a2a843ce8b6a8ed0bf7627d87fcf'),(2132,'https://assets.mhw-db.com/weapons/hammer/a6be125120931174dc29ab210574f3265b47a1a4.236991e0a72b1796cb5fb37d2b5f8d12.png','a6be125120931174dc29ab210574f3265b47a1a4','236991e0a72b1796cb5fb37d2b5f8d12'),(2133,'https://assets.mhw-db.com/weapons/hammer/be1537486516990bd99ddd8c789be8a7f7017789.60f3913e21ec3b2e0ae7339f371db204.png','be1537486516990bd99ddd8c789be8a7f7017789','60f3913e21ec3b2e0ae7339f371db204'),(2134,'https://assets.mhw-db.com/weapons/hammer/829ebb9df74c12d659665a506631b659eeb97539.76fa719c3ff10bd8d64071a35518fdab.png','829ebb9df74c12d659665a506631b659eeb97539','76fa719c3ff10bd8d64071a35518fdab'),(2135,'https://assets.mhw-db.com/weapons/hammer/70716ae49d64739aed10a2db7cf7228e42dbc785.413d7d28c52eb4945ee114cc323e2959.png','70716ae49d64739aed10a2db7cf7228e42dbc785','413d7d28c52eb4945ee114cc323e2959'),(2136,'https://assets.mhw-db.com/weapons/hammer/fea51d73612f9359ea3a16e715af6ea49b2c3986.4dcf5cb4fbb27056c367912f067a3dc9.png','fea51d73612f9359ea3a16e715af6ea49b2c3986','4dcf5cb4fbb27056c367912f067a3dc9'),(2137,'https://assets.mhw-db.com/weapons/hammer/0b5a068529f56a103e8fd7631cafd1c771a44271.c0bccd93bcc5e7ab404c12707989e01e.png','0b5a068529f56a103e8fd7631cafd1c771a44271','c0bccd93bcc5e7ab404c12707989e01e'),(2138,'https://assets.mhw-db.com/weapons/hammer/0752927921a408d0f7ad33ef4c4d74c8561831b8.cff410a9e12a1e4f0e90de54bb2acb50.png','0752927921a408d0f7ad33ef4c4d74c8561831b8','cff410a9e12a1e4f0e90de54bb2acb50'),(2139,'https://assets.mhw-db.com/weapons/hammer/d893b09d874688203f23915bc080235956271de2.fc3cb075d3f8c98fd404ae1447201d26.png','d893b09d874688203f23915bc080235956271de2','fc3cb075d3f8c98fd404ae1447201d26'),(2140,'https://assets.mhw-db.com/weapons/hammer/d393addc00370cc0893f75910509afe377c142ac.919f7b762c1dde99f1d11a1e24d50348.png','d393addc00370cc0893f75910509afe377c142ac','919f7b762c1dde99f1d11a1e24d50348'),(2141,'https://assets.mhw-db.com/weapons/hunting-horn/0aff64c460fe345e8475290dc8d9774f97d2d070.7b15f95dfc9d6601c0d5867dacf4f4f1.png','0aff64c460fe345e8475290dc8d9774f97d2d070','7b15f95dfc9d6601c0d5867dacf4f4f1'),(2142,'https://assets.mhw-db.com/weapons/hunting-horn/4d3d7d2d6a662f0100b19fc3dc145dd70228f319.a22e900a864f43d02ca3eeecce6ded29.png','4d3d7d2d6a662f0100b19fc3dc145dd70228f319','a22e900a864f43d02ca3eeecce6ded29'),(2143,'https://assets.mhw-db.com/weapons/hunting-horn/db1b7c74b657d158ba24fa4ab8a0b2a3f0738cac.26a76b2b31845495c3ff14d55ae5def3.png','db1b7c74b657d158ba24fa4ab8a0b2a3f0738cac','26a76b2b31845495c3ff14d55ae5def3'),(2144,'https://assets.mhw-db.com/weapons/hunting-horn/112c6b6a070e90929d9d2242eb379dd56ff230de.643e241f6610a91fdf3ce2be29a0223b.png','112c6b6a070e90929d9d2242eb379dd56ff230de','643e241f6610a91fdf3ce2be29a0223b'),(2145,'https://assets.mhw-db.com/weapons/hunting-horn/4e87ba91e307dcd73e98d8c6ae443053fb8490d4.125589180c54d2475ececf0aed4a6025.png','4e87ba91e307dcd73e98d8c6ae443053fb8490d4','125589180c54d2475ececf0aed4a6025'),(2146,'https://assets.mhw-db.com/weapons/hunting-horn/423b8d55a6d8b7a05938cd160b95cd6b0daeb902.dcc0d400ecf9dabdd346158669978606.png','423b8d55a6d8b7a05938cd160b95cd6b0daeb902','dcc0d400ecf9dabdd346158669978606'),(2147,'https://assets.mhw-db.com/weapons/hunting-horn/e4d81390999c1a18281183ea5422f54d5573930c.37d4f6bfee30b8962edaa223ba634451.png','e4d81390999c1a18281183ea5422f54d5573930c','37d4f6bfee30b8962edaa223ba634451'),(2148,'https://assets.mhw-db.com/weapons/hunting-horn/fa631fc67881c55f675e886a3f7985166cd2432e.632898ceb347634e9dafd43299491181.png','fa631fc67881c55f675e886a3f7985166cd2432e','632898ceb347634e9dafd43299491181'),(2149,'https://assets.mhw-db.com/weapons/hunting-horn/55a7d00958539fd650e270f9139a734a05b1a137.fdf5c370ef8d699d520f16c6f5dfa082.png','55a7d00958539fd650e270f9139a734a05b1a137','fdf5c370ef8d699d520f16c6f5dfa082'),(2150,'https://assets.mhw-db.com/weapons/hunting-horn/1e37b9d7ede00d0cf7d2cd10333e0fe4af96dbe1.5cf9802f4b5d81fc4b6f2516139d68c5.png','1e37b9d7ede00d0cf7d2cd10333e0fe4af96dbe1','5cf9802f4b5d81fc4b6f2516139d68c5'),(2151,'https://assets.mhw-db.com/weapons/hunting-horn/d655cbf22db8190ed02a75fa8a355395a993a4ef.4288b747499eef35b04852a72c61690c.png','d655cbf22db8190ed02a75fa8a355395a993a4ef','4288b747499eef35b04852a72c61690c'),(2152,'https://assets.mhw-db.com/weapons/hunting-horn/4f4b6f2fab29ac297497c82476c8458f6f530caa.bffbc83aad3eb1814733c1589c33e7bc.png','4f4b6f2fab29ac297497c82476c8458f6f530caa','bffbc83aad3eb1814733c1589c33e7bc'),(2153,'https://assets.mhw-db.com/weapons/hunting-horn/2d1db709852c962a3058b6934de18916f0518c26.b4bea794fe0951809ccda7fd6e11dc5e.png','2d1db709852c962a3058b6934de18916f0518c26','b4bea794fe0951809ccda7fd6e11dc5e'),(2154,'https://assets.mhw-db.com/weapons/hunting-horn/b2a02e5e41602d5f2ea399901895a80e231f0f0c.c72c23b4960af770e3556f8d3443e929.png','b2a02e5e41602d5f2ea399901895a80e231f0f0c','c72c23b4960af770e3556f8d3443e929'),(2155,'https://assets.mhw-db.com/weapons/hunting-horn/1c58dce5d73940520cb3398ce7a35b534194d420.51b09d769deecc56aadf75a574cdeb53.png','1c58dce5d73940520cb3398ce7a35b534194d420','51b09d769deecc56aadf75a574cdeb53'),(2156,'https://assets.mhw-db.com/weapons/hunting-horn/55373ddb9a687223e590792cec79a61fb764cced.4e5e5eabbd2dd9d948cff21907e223f5.png','55373ddb9a687223e590792cec79a61fb764cced','4e5e5eabbd2dd9d948cff21907e223f5'),(2157,'https://assets.mhw-db.com/weapons/hunting-horn/f049cf20961d468f43cfb30281eb5c11b7103057.6c2f264d3ffe8ec36fd900e0b682c4ef.png','f049cf20961d468f43cfb30281eb5c11b7103057','6c2f264d3ffe8ec36fd900e0b682c4ef'),(2158,'https://assets.mhw-db.com/weapons/hunting-horn/5b971e21970f66db979d8d868613c0e0a65c86dc.e31d8f45f232f5d169abfb77e638af90.png','5b971e21970f66db979d8d868613c0e0a65c86dc','e31d8f45f232f5d169abfb77e638af90'),(2159,'https://assets.mhw-db.com/weapons/hunting-horn/9f7a0fcbefa30d50eace1a16272cf1101b44ec59.25651eb5c97f17dea662b26305901a95.png','9f7a0fcbefa30d50eace1a16272cf1101b44ec59','25651eb5c97f17dea662b26305901a95'),(2160,'https://assets.mhw-db.com/weapons/hunting-horn/b89640ac954b24ff4f98577478bc82664b945abf.9a0f72ba9f994888b9a3a01bf63f742e.png','b89640ac954b24ff4f98577478bc82664b945abf','9a0f72ba9f994888b9a3a01bf63f742e'),(2161,'https://assets.mhw-db.com/weapons/hunting-horn/043f304903fc44a1921fd242a130e8a4b700d451.4cbb2caaa9ba375dd0b68f70ed618b2d.png','043f304903fc44a1921fd242a130e8a4b700d451','4cbb2caaa9ba375dd0b68f70ed618b2d'),(2162,'https://assets.mhw-db.com/weapons/hunting-horn/c995ec1a3d7ac1e2a968b644cf77b46d88aa4f58.b24bb8a6ad2a0b40cc907715b477a091.png','c995ec1a3d7ac1e2a968b644cf77b46d88aa4f58','b24bb8a6ad2a0b40cc907715b477a091'),(2163,'https://assets.mhw-db.com/weapons/hunting-horn/9a10f24abd0e4378497cb72301e895afdedbfdbd.7e96ebd553413d7e89a55933c4530535.png','9a10f24abd0e4378497cb72301e895afdedbfdbd','7e96ebd553413d7e89a55933c4530535'),(2164,'https://assets.mhw-db.com/weapons/hunting-horn/eb3dde7623cad27b117ab6ef9f817fbb740613d2.fc9fec94af44d454aae4ce017b12a346.png','eb3dde7623cad27b117ab6ef9f817fbb740613d2','fc9fec94af44d454aae4ce017b12a346'),(2165,'https://assets.mhw-db.com/weapons/hunting-horn/0a443d1b5ffaa52ab1e29a48110c432ad011ac75.ad46fb095a12a9a9006d3fa98571cef9.png','0a443d1b5ffaa52ab1e29a48110c432ad011ac75','ad46fb095a12a9a9006d3fa98571cef9'),(2166,'https://assets.mhw-db.com/weapons/hunting-horn/7ddf5d781051c18c6b8e7986183db3e99d6d3cd2.33be4167e4778fd07eca0c2692340ee7.png','7ddf5d781051c18c6b8e7986183db3e99d6d3cd2','33be4167e4778fd07eca0c2692340ee7'),(2167,'https://assets.mhw-db.com/weapons/hunting-horn/a426b8b4121bba20ad8d926ac9f6bd6778d8bae2.465f0af9d007521ba878a3f2aac6744d.png','a426b8b4121bba20ad8d926ac9f6bd6778d8bae2','465f0af9d007521ba878a3f2aac6744d'),(2168,'https://assets.mhw-db.com/weapons/hunting-horn/1679cd2d3323d251615e05a2a0c5e8d4be52ef6e.f1a903677d609cacea0f49ab69511de4.png','1679cd2d3323d251615e05a2a0c5e8d4be52ef6e','f1a903677d609cacea0f49ab69511de4'),(2169,'https://assets.mhw-db.com/weapons/hunting-horn/282a9e03858bc625cb011be0a97565bd10022e9b.6d85915a109fb009bfdb6d7a5bba6561.png','282a9e03858bc625cb011be0a97565bd10022e9b','6d85915a109fb009bfdb6d7a5bba6561'),(2170,'https://assets.mhw-db.com/weapons/hunting-horn/dd9b74a0c78e69417be54f23ddedabc66a2d938f.d0a3c7b46fa2e8c718a094a219dfcb56.png','dd9b74a0c78e69417be54f23ddedabc66a2d938f','d0a3c7b46fa2e8c718a094a219dfcb56'),(2171,'https://assets.mhw-db.com/weapons/hunting-horn/be53ed642277c7718f8503320d88969fe6d93bf1.d51128adc009b80808c2119ec98f7ea6.png','be53ed642277c7718f8503320d88969fe6d93bf1','d51128adc009b80808c2119ec98f7ea6'),(2172,'https://assets.mhw-db.com/weapons/hunting-horn/3a7a57a8b96ba8d95fc56333997eac9e151f83aa.38287cb198382197e85022626385aea2.png','3a7a57a8b96ba8d95fc56333997eac9e151f83aa','38287cb198382197e85022626385aea2'),(2173,'https://assets.mhw-db.com/weapons/hunting-horn/fff5fa8789585e71f3873bd9f87885a7ccf7e72c.c8367bf13d504a8f690bbc340cf24944.png','fff5fa8789585e71f3873bd9f87885a7ccf7e72c','c8367bf13d504a8f690bbc340cf24944'),(2174,'https://assets.mhw-db.com/weapons/hunting-horn/bbb30423c866b343bc19c0791cd2ad9ecfa1d9a9.621ad70aa35bc48a061958166a48a41f.png','bbb30423c866b343bc19c0791cd2ad9ecfa1d9a9','621ad70aa35bc48a061958166a48a41f'),(2175,'https://assets.mhw-db.com/weapons/hunting-horn/6f0b70ccf8e4614c2ac01916fa742741874bb90d.89ce3dafa3594ce2edcc1e0d06a3011d.png','6f0b70ccf8e4614c2ac01916fa742741874bb90d','89ce3dafa3594ce2edcc1e0d06a3011d'),(2176,'https://assets.mhw-db.com/weapons/lance/a4d7aec62ca75030fc6c9c6516811866e111aabe.2a7fe34e0aabce1a4b5918affaf88c6b.png','a4d7aec62ca75030fc6c9c6516811866e111aabe','2a7fe34e0aabce1a4b5918affaf88c6b'),(2177,'https://assets.mhw-db.com/weapons/lance/09fe3280771a00289946410739f6c964499f919c.d53ecc644f540e424e874cd480d7ca0c.png','09fe3280771a00289946410739f6c964499f919c','d53ecc644f540e424e874cd480d7ca0c'),(2178,'https://assets.mhw-db.com/weapons/lance/30f7f4f641977dad9a43ea0e56806679370a6a8f.46d46837984f7455ed0076926b43957f.png','30f7f4f641977dad9a43ea0e56806679370a6a8f','46d46837984f7455ed0076926b43957f'),(2179,'https://assets.mhw-db.com/weapons/lance/2f771109f16cfaf85232e1d10329794a230002d2.d744fdcb141b72a0248090099ab897d0.png','2f771109f16cfaf85232e1d10329794a230002d2','d744fdcb141b72a0248090099ab897d0'),(2180,'https://assets.mhw-db.com/weapons/lance/358f5b051480291a04366793972803a3dc2e840e.617371f7cfb909dceadcec5fa857d7aa.png','358f5b051480291a04366793972803a3dc2e840e','617371f7cfb909dceadcec5fa857d7aa'),(2181,'https://assets.mhw-db.com/weapons/lance/e82c2ae8d6b84463c4ab893948e2786a131cfc97.2ae92679f059a9082bdd4ccb62a47453.png','e82c2ae8d6b84463c4ab893948e2786a131cfc97','2ae92679f059a9082bdd4ccb62a47453'),(2182,'https://assets.mhw-db.com/weapons/lance/3e91ba218910f9931865f404e033bb5db9d1a6e1.13d274ee6085a9b92bc9dfcb45c6cb9b.png','3e91ba218910f9931865f404e033bb5db9d1a6e1','13d274ee6085a9b92bc9dfcb45c6cb9b'),(2183,'https://assets.mhw-db.com/weapons/lance/6466fb4ba94f316a6f710a3c9ad9d9efe5879c22.b752c6c3df26168b7a3ed73d2f5c6f29.png','6466fb4ba94f316a6f710a3c9ad9d9efe5879c22','b752c6c3df26168b7a3ed73d2f5c6f29'),(2184,'https://assets.mhw-db.com/weapons/lance/f840c9c70f86eeea8a92b4508ed957e622113ded.087f19000ec99f24bc97b9d88ffcfec7.png','f840c9c70f86eeea8a92b4508ed957e622113ded','087f19000ec99f24bc97b9d88ffcfec7'),(2185,'https://assets.mhw-db.com/weapons/lance/26bac9db0b5f56e72eb4928e17d26a5c7f31008b.dda7e9421b9b49adca8e84e5666333fa.png','26bac9db0b5f56e72eb4928e17d26a5c7f31008b','dda7e9421b9b49adca8e84e5666333fa'),(2186,'https://assets.mhw-db.com/weapons/lance/5edffaaa2e0e3dfda5c25b640d165b72ded280a9.545666a432bea2a82743c15dda459693.png','5edffaaa2e0e3dfda5c25b640d165b72ded280a9','545666a432bea2a82743c15dda459693'),(2187,'https://assets.mhw-db.com/weapons/lance/e3433cd018a04c7da0db59e2b44179f3cdf418f1.c500cd18ad08fd2b63b7be31384d146a.png','e3433cd018a04c7da0db59e2b44179f3cdf418f1','c500cd18ad08fd2b63b7be31384d146a'),(2188,'https://assets.mhw-db.com/weapons/lance/38a4cf03052b4ac4a95018ff882d578976cc51f0.5af59fa40c23799a3c66ba20d7dae5f9.png','38a4cf03052b4ac4a95018ff882d578976cc51f0','5af59fa40c23799a3c66ba20d7dae5f9'),(2189,'https://assets.mhw-db.com/weapons/lance/ff860d3059e592082dc756cd978677cfefe67a33.abf43ac2e5086668f22e8396c1301087.png','ff860d3059e592082dc756cd978677cfefe67a33','abf43ac2e5086668f22e8396c1301087'),(2190,'https://assets.mhw-db.com/weapons/lance/e2d08af0dbdbda5ff234973eea68890abcb24f3c.b4edc58753df6facf3913ab4776a76f5.png','e2d08af0dbdbda5ff234973eea68890abcb24f3c','b4edc58753df6facf3913ab4776a76f5'),(2191,'https://assets.mhw-db.com/weapons/lance/dbab2eaada427832070d35d2b173ece6417a1f7d.6a83ee2771e0ad78b055374730c4aa0d.png','dbab2eaada427832070d35d2b173ece6417a1f7d','6a83ee2771e0ad78b055374730c4aa0d'),(2192,'https://assets.mhw-db.com/weapons/lance/f56a2824c9346113336aea120367c0d309499a39.c37e249d0f16d72b406cff93f5b3bf08.png','f56a2824c9346113336aea120367c0d309499a39','c37e249d0f16d72b406cff93f5b3bf08'),(2193,'https://assets.mhw-db.com/weapons/lance/e8594e4fbbd486b12023d433aa87622bd516cb5c.44a932c0c4732fbeca1aca492474aac6.png','e8594e4fbbd486b12023d433aa87622bd516cb5c','44a932c0c4732fbeca1aca492474aac6'),(2194,'https://assets.mhw-db.com/weapons/lance/9136e23f21fe79b71cb295b15fada16fb8456753.dcc96acef5976905b0335aa47648a435.png','9136e23f21fe79b71cb295b15fada16fb8456753','dcc96acef5976905b0335aa47648a435'),(2195,'https://assets.mhw-db.com/weapons/lance/116e68f6ebb12014fb229d86a7171423e7d41e1e.9f0c02cf2dd966f89b3dff6fb348055f.png','116e68f6ebb12014fb229d86a7171423e7d41e1e','9f0c02cf2dd966f89b3dff6fb348055f'),(2196,'https://assets.mhw-db.com/weapons/lance/5e213edcc419e82ada8d24e132f751d001e6aec2.5c5b4771fba5e71c34b3421078460e41.png','5e213edcc419e82ada8d24e132f751d001e6aec2','5c5b4771fba5e71c34b3421078460e41'),(2197,'https://assets.mhw-db.com/weapons/lance/0abe2459dc63df5d8c32bc6f9914436dec81543c.1e340f996065a9f5c4f14fbbc7fbfaee.png','0abe2459dc63df5d8c32bc6f9914436dec81543c','1e340f996065a9f5c4f14fbbc7fbfaee'),(2198,'https://assets.mhw-db.com/weapons/lance/6ac5a44b2fd7b60426d16f85677fce01015e20c7.20f3e33a740a45b40a2cb08cd5aefb90.png','6ac5a44b2fd7b60426d16f85677fce01015e20c7','20f3e33a740a45b40a2cb08cd5aefb90'),(2199,'https://assets.mhw-db.com/weapons/lance/043bea36df2c8fd3d581e01505b550b39c4684ac.3299736837fb25e99521ac37be7771b0.png','043bea36df2c8fd3d581e01505b550b39c4684ac','3299736837fb25e99521ac37be7771b0'),(2200,'https://assets.mhw-db.com/weapons/lance/dc978d6d9f8ed4249a6bb8b447958d59027b434d.df5d2372200296353b3611a84912f8c3.png','dc978d6d9f8ed4249a6bb8b447958d59027b434d','df5d2372200296353b3611a84912f8c3'),(2201,'https://assets.mhw-db.com/weapons/lance/3b304c88a1835eb0d7f8986a3be841a9cbc1e24b.19079303da54b4cc23a0e14ef8cad3ef.png','3b304c88a1835eb0d7f8986a3be841a9cbc1e24b','19079303da54b4cc23a0e14ef8cad3ef'),(2202,'https://assets.mhw-db.com/weapons/lance/edaab3f1f83d184fe6081c9e8b2212632fb378eb.4a6430a145266be907ac69abe97a9430.png','edaab3f1f83d184fe6081c9e8b2212632fb378eb','4a6430a145266be907ac69abe97a9430'),(2203,'https://assets.mhw-db.com/weapons/lance/c1d1c547abbce256b128010eaef3e1c59e061bf2.489796c9fcf3a693229037a9c9f3573b.png','c1d1c547abbce256b128010eaef3e1c59e061bf2','489796c9fcf3a693229037a9c9f3573b'),(2204,'https://assets.mhw-db.com/weapons/lance/8866789a758fd83bb76972c8a55d603ed348ec71.ae305622770e83ee77392d1dfd8f35fd.png','8866789a758fd83bb76972c8a55d603ed348ec71','ae305622770e83ee77392d1dfd8f35fd'),(2205,'https://assets.mhw-db.com/weapons/lance/a4a4d5eb59e60d94dfdf6fc8d108f0a24d625006.035557838d4f801a9354ca06225efed7.png','a4a4d5eb59e60d94dfdf6fc8d108f0a24d625006','035557838d4f801a9354ca06225efed7'),(2206,'https://assets.mhw-db.com/weapons/lance/9fe61a23379c58fbb8b4677eff0e4595be095e57.ae72275dbb1ecc121dbbc017cfbe6eaf.png','9fe61a23379c58fbb8b4677eff0e4595be095e57','ae72275dbb1ecc121dbbc017cfbe6eaf'),(2207,'https://assets.mhw-db.com/weapons/lance/5e623d18f376822911c748a9456a583bbd627453.a329294bae4ddc765d2e3a25efcb9902.png','5e623d18f376822911c748a9456a583bbd627453','a329294bae4ddc765d2e3a25efcb9902'),(2208,'https://assets.mhw-db.com/weapons/lance/319236eda9eafe1dcd8a567cbfa432da601f7863.cb9228634e4a97d90f4db0c97d4497b5.png','319236eda9eafe1dcd8a567cbfa432da601f7863','cb9228634e4a97d90f4db0c97d4497b5'),(2209,'https://assets.mhw-db.com/weapons/lance/00a3d977eb138697792b7f40013fb0224b758955.6e1e68fa489bb94c72ba99bfd3a0c566.png','00a3d977eb138697792b7f40013fb0224b758955','6e1e68fa489bb94c72ba99bfd3a0c566'),(2210,'https://assets.mhw-db.com/weapons/lance/3da38cb53d6982059c184eb0d04cb75ae523a034.ce1dc332638a612b825ff5654f297720.png','3da38cb53d6982059c184eb0d04cb75ae523a034','ce1dc332638a612b825ff5654f297720'),(2211,'https://assets.mhw-db.com/weapons/lance/5b216d9c0b8f6d3b0d51b2702f875f72d9137387.4bf1afa91305e3f6856a9b2296160b69.png','5b216d9c0b8f6d3b0d51b2702f875f72d9137387','4bf1afa91305e3f6856a9b2296160b69'),(2212,'https://assets.mhw-db.com/weapons/lance/24a38f3e90b6b694e0f976d5b712a056533bcb8e.e48c253d083b77f8b05426e841283444.png','24a38f3e90b6b694e0f976d5b712a056533bcb8e','e48c253d083b77f8b05426e841283444'),(2213,'https://assets.mhw-db.com/weapons/lance/efa80ad049fbaca40fa909880f84048d5e81900d.ba9a0299f15f9fd26a201c8d2841cc1e.png','efa80ad049fbaca40fa909880f84048d5e81900d','ba9a0299f15f9fd26a201c8d2841cc1e'),(2214,'https://assets.mhw-db.com/weapons/gunlance/99cf2723a0b6e016829c1c3163a944315384a552.aeb9b45f19ef281d54541283394a1288.png','99cf2723a0b6e016829c1c3163a944315384a552','aeb9b45f19ef281d54541283394a1288'),(2215,'https://assets.mhw-db.com/weapons/gunlance/426f26e474d2696adbac6d3f33cc83def7f73368.d88618608d81d82f73dd7e3d1f0525b8.png','426f26e474d2696adbac6d3f33cc83def7f73368','d88618608d81d82f73dd7e3d1f0525b8'),(2216,'https://assets.mhw-db.com/weapons/gunlance/75a11559411c3c3e0d649f8ed62492241ad5b610.73bd8eaa88b0d0f9fd8fe89ac61e2868.png','75a11559411c3c3e0d649f8ed62492241ad5b610','73bd8eaa88b0d0f9fd8fe89ac61e2868'),(2217,'https://assets.mhw-db.com/weapons/gunlance/405bd45cf1adf1d3fec92a38ce91db6728151d08.3cd26a4cba23b9c20cb3a6265855a114.png','405bd45cf1adf1d3fec92a38ce91db6728151d08','3cd26a4cba23b9c20cb3a6265855a114'),(2218,'https://assets.mhw-db.com/weapons/gunlance/ff29c8508f25e0868bc30def18f04eef6770b1c0.bd514b4d02186b4d4d8544268b441586.png','ff29c8508f25e0868bc30def18f04eef6770b1c0','bd514b4d02186b4d4d8544268b441586'),(2219,'https://assets.mhw-db.com/weapons/gunlance/01bc581dfb260df6191053cf81af6ef73bb861a5.aed0c4b16985a62468e11bc9a37cfbc4.png','01bc581dfb260df6191053cf81af6ef73bb861a5','aed0c4b16985a62468e11bc9a37cfbc4'),(2220,'https://assets.mhw-db.com/weapons/gunlance/be497e5837883884d153aa9cef11f93cfe471cee.2b2ebb5e9d1225cb9dfae27a76cafd31.png','be497e5837883884d153aa9cef11f93cfe471cee','2b2ebb5e9d1225cb9dfae27a76cafd31'),(2221,'https://assets.mhw-db.com/weapons/gunlance/c330d23e80c57e637f7ce63d1a7dbbefe22dc847.5b7b6041b3ea22b1617305a66e4d8ec2.png','c330d23e80c57e637f7ce63d1a7dbbefe22dc847','5b7b6041b3ea22b1617305a66e4d8ec2'),(2222,'https://assets.mhw-db.com/weapons/gunlance/2ea8d29198c1b3864fe9bf761e68747e1bfbe4c8.e2f1cbb6fc31b30c799edf67bb22d26d.png','2ea8d29198c1b3864fe9bf761e68747e1bfbe4c8','e2f1cbb6fc31b30c799edf67bb22d26d'),(2223,'https://assets.mhw-db.com/weapons/gunlance/13085b0831787712ce72c3a66a6f90af76bd6eae.d68b940476f86ba7d138846ff4ed0681.png','13085b0831787712ce72c3a66a6f90af76bd6eae','d68b940476f86ba7d138846ff4ed0681'),(2224,'https://assets.mhw-db.com/weapons/gunlance/271c90465af00884565ceda55ad4afc5beea0fdf.75d57dae5d97132607d44ebc3a38ec41.png','271c90465af00884565ceda55ad4afc5beea0fdf','75d57dae5d97132607d44ebc3a38ec41'),(2225,'https://assets.mhw-db.com/weapons/gunlance/aed375c8a3083512ac9dd9ad41784bb2ea551423.51988c9a4302a795708fe234111790f8.png','aed375c8a3083512ac9dd9ad41784bb2ea551423','51988c9a4302a795708fe234111790f8'),(2226,'https://assets.mhw-db.com/weapons/gunlance/4b922e379519e2907061197777556538691dcb8f.3dfe2f6546869efcbcf888c559f62b45.png','4b922e379519e2907061197777556538691dcb8f','3dfe2f6546869efcbcf888c559f62b45'),(2227,'https://assets.mhw-db.com/weapons/gunlance/1fa9e8bcba5c53318a14d58121734d26851c1b51.2c9d07e933b56e45f92ab202a103f124.png','1fa9e8bcba5c53318a14d58121734d26851c1b51','2c9d07e933b56e45f92ab202a103f124'),(2228,'https://assets.mhw-db.com/weapons/gunlance/48f24b8326aaf0b631efbf729ce955015a003127.3185097485687ad2814dba13224d98ae.png','48f24b8326aaf0b631efbf729ce955015a003127','3185097485687ad2814dba13224d98ae'),(2230,'https://assets.mhw-db.com/weapons/gunlance/ae7e3215e44474d8883e8eb26209a0d9895fad5d.c70de25ce2008e4141ee545e09f41564.png','ae7e3215e44474d8883e8eb26209a0d9895fad5d','c70de25ce2008e4141ee545e09f41564'),(2231,'https://assets.mhw-db.com/weapons/gunlance/95caf4d318354fdd948d9fbc0d895ee7bded536c.4a7eff144b8b2878d1a3c0c740767a53.png','95caf4d318354fdd948d9fbc0d895ee7bded536c','4a7eff144b8b2878d1a3c0c740767a53'),(2233,'https://assets.mhw-db.com/weapons/gunlance/d20d57ebfaf0b105bd86f63d68402c7b494b5a17.3861b737160eb08d7b784d5ace5ac019.png','d20d57ebfaf0b105bd86f63d68402c7b494b5a17','3861b737160eb08d7b784d5ace5ac019'),(2235,'https://assets.mhw-db.com/weapons/gunlance/cd9be6de3f9b5dc05d874aa1fac3dcc2155ec7a4.1576a8cba35e9b11b7e7101ecaff483c.png','cd9be6de3f9b5dc05d874aa1fac3dcc2155ec7a4','1576a8cba35e9b11b7e7101ecaff483c'),(2236,'https://assets.mhw-db.com/weapons/gunlance/6321e06411a953e3c3da2aa04be26284b17a6316.96c7fa8049da6a497c5e2e12153ea8aa.png','6321e06411a953e3c3da2aa04be26284b17a6316','96c7fa8049da6a497c5e2e12153ea8aa'),(2237,'https://assets.mhw-db.com/weapons/gunlance/0bca477d19352cd52824af29b74abecae020e55e.996646d6d97b5803e1fce33f9cf86168.png','0bca477d19352cd52824af29b74abecae020e55e','996646d6d97b5803e1fce33f9cf86168'),(2238,'https://assets.mhw-db.com/weapons/gunlance/75a9f7f565ff6420d34be4fdae1c870fbe37e4a1.311333bdae4fe1dfb19e3e53d0c31d98.png','75a9f7f565ff6420d34be4fdae1c870fbe37e4a1','311333bdae4fe1dfb19e3e53d0c31d98'),(2239,'https://assets.mhw-db.com/weapons/gunlance/b366df70b70569f2120ea951cecca66f38702956.8d0a39d9e67dea688d65265695ee709e.png','b366df70b70569f2120ea951cecca66f38702956','8d0a39d9e67dea688d65265695ee709e'),(2240,'https://assets.mhw-db.com/weapons/gunlance/35e6617fab135f1be5af8d6f7dec95227abb6974.f1b356f84f465efca2c42e8a1797b7ff.png','35e6617fab135f1be5af8d6f7dec95227abb6974','f1b356f84f465efca2c42e8a1797b7ff'),(2241,'https://assets.mhw-db.com/weapons/gunlance/3158cdfd865674baac755bc56375038a066d6b47.d3636affb9c86a9fa6193253eee1b12b.png','3158cdfd865674baac755bc56375038a066d6b47','d3636affb9c86a9fa6193253eee1b12b'),(2243,'https://assets.mhw-db.com/weapons/gunlance/3ddc9bc33a96690e97ee74f68f0ae9c961fde9a0.fadaf87223258a3e14855cfc2b3cf3a4.png','3ddc9bc33a96690e97ee74f68f0ae9c961fde9a0','fadaf87223258a3e14855cfc2b3cf3a4'),(2244,'https://assets.mhw-db.com/weapons/gunlance/fe952074528b567ef1ca54c76623226667ea9cd6.7e6d635dde6fb55ef535740d34c9d06a.png','fe952074528b567ef1ca54c76623226667ea9cd6','7e6d635dde6fb55ef535740d34c9d06a'),(2245,'https://assets.mhw-db.com/weapons/gunlance/0e5f2a46cf19d05ad02bd075c53f9995a457095b.888f4865e70f6403859b2e6e6a204520.png','0e5f2a46cf19d05ad02bd075c53f9995a457095b','888f4865e70f6403859b2e6e6a204520'),(2246,'https://assets.mhw-db.com/weapons/gunlance/de026e14b8655a809810a974c42ef1e815f32bd1.187f531d3a421f58af2e8137740cebcc.png','de026e14b8655a809810a974c42ef1e815f32bd1','187f531d3a421f58af2e8137740cebcc'),(2247,'https://assets.mhw-db.com/weapons/gunlance/ecf4e6e5750f1d7e51e8687e44159c2ae521006f.e6a7e9a856dd87d59a1019c048ec519b.png','ecf4e6e5750f1d7e51e8687e44159c2ae521006f','e6a7e9a856dd87d59a1019c048ec519b'),(2248,'https://assets.mhw-db.com/weapons/gunlance/1e45f2156afb6e894eb8dc2728dc2fbf4d7ad959.1e3ee5c84520952d7dc7e36ff9e6a725.png','1e45f2156afb6e894eb8dc2728dc2fbf4d7ad959','1e3ee5c84520952d7dc7e36ff9e6a725'),(2249,'https://assets.mhw-db.com/weapons/switch-axe/6a71197f07c96b0be13f08b2c2cda0584ffcfec7.e8f3b8f04099579d8800f2316dc7d4e9.png','6a71197f07c96b0be13f08b2c2cda0584ffcfec7','e8f3b8f04099579d8800f2316dc7d4e9'),(2250,'https://assets.mhw-db.com/weapons/switch-axe/957b719527ba666005a89068b510c616bd75c6a3.1892166e431072459764c4b579ab1199.png','957b719527ba666005a89068b510c616bd75c6a3','1892166e431072459764c4b579ab1199'),(2251,'https://assets.mhw-db.com/weapons/switch-axe/d6ea797b26877fe60484690fdbc0df5c70a1e917.54bea81df4a2183c16cd283a7203df60.png','d6ea797b26877fe60484690fdbc0df5c70a1e917','54bea81df4a2183c16cd283a7203df60'),(2252,'https://assets.mhw-db.com/weapons/switch-axe/f6dc898936d54911d114ac062d0d517013a9c6d6.123a7c3327daeb246fb80904faa761ce.png','f6dc898936d54911d114ac062d0d517013a9c6d6','123a7c3327daeb246fb80904faa761ce'),(2253,'https://assets.mhw-db.com/weapons/switch-axe/04e891c1ca574fa0ab30a4e9e79f7e4ca86931e1.a934b33135f298326df0197896eeb571.png','04e891c1ca574fa0ab30a4e9e79f7e4ca86931e1','a934b33135f298326df0197896eeb571'),(2254,'https://assets.mhw-db.com/weapons/switch-axe/2a65123f0cf919e7a263268d7006479a06f78eef.2466a08e4ec17237a633a2cf38388dd1.png','2a65123f0cf919e7a263268d7006479a06f78eef','2466a08e4ec17237a633a2cf38388dd1'),(2255,'https://assets.mhw-db.com/weapons/switch-axe/5751e0462e8e07d582cb215f2928d8edeaa5a116.db45881df7d7a230f20673da370d34de.png','5751e0462e8e07d582cb215f2928d8edeaa5a116','db45881df7d7a230f20673da370d34de'),(2256,'https://assets.mhw-db.com/weapons/switch-axe/5359f24eb01bf7ce616ce65b17ebbdb0c74e0b33.2450e452eccb8b4af6b1126dcdcee09b.png','5359f24eb01bf7ce616ce65b17ebbdb0c74e0b33','2450e452eccb8b4af6b1126dcdcee09b'),(2257,'https://assets.mhw-db.com/weapons/switch-axe/85a8e5658f2818bd52e1b45ea6020af995dd6bf5.8d98d593beea2b44e6e8a1b852c288c0.png','85a8e5658f2818bd52e1b45ea6020af995dd6bf5','8d98d593beea2b44e6e8a1b852c288c0'),(2258,'https://assets.mhw-db.com/weapons/switch-axe/a09d21e9ef63fff9d276acf3d61af22c2814b17b.7081bf539836730ce8ecdf7f94eecc3c.png','a09d21e9ef63fff9d276acf3d61af22c2814b17b','7081bf539836730ce8ecdf7f94eecc3c'),(2259,'https://assets.mhw-db.com/weapons/switch-axe/4ecfecadc4f216c2919e17874ac9848bbe9a8c70.56746301b4dea56939b798f993f14071.png','4ecfecadc4f216c2919e17874ac9848bbe9a8c70','56746301b4dea56939b798f993f14071'),(2260,'https://assets.mhw-db.com/weapons/switch-axe/4d5b5b527a725b7e9edb841d1e93ee5f5cbc6a20.515bcd49ae623b7fe266a415577868b8.png','4d5b5b527a725b7e9edb841d1e93ee5f5cbc6a20','515bcd49ae623b7fe266a415577868b8'),(2261,'https://assets.mhw-db.com/weapons/switch-axe/8f7f9a6ae7a570563a80eaecbd6ad0952b419d4f.6f13e9532505af64024756d87605bdb2.png','8f7f9a6ae7a570563a80eaecbd6ad0952b419d4f','6f13e9532505af64024756d87605bdb2'),(2262,'https://assets.mhw-db.com/weapons/switch-axe/6d0efdf5ef8deb69297fa91a1856ebb4a3ad319f.3939d9c42204c2322df102d0a56a053e.png','6d0efdf5ef8deb69297fa91a1856ebb4a3ad319f','3939d9c42204c2322df102d0a56a053e'),(2263,'https://assets.mhw-db.com/weapons/switch-axe/1296b3cc40160a8e99fdbfda6a057f50f9699562.974a0ff62c698be7bf6dc48495f559b5.png','1296b3cc40160a8e99fdbfda6a057f50f9699562','974a0ff62c698be7bf6dc48495f559b5'),(2264,'https://assets.mhw-db.com/weapons/switch-axe/bbc149311c76cedeeefa2c5b08bb7877bc146096.ca22f92e77a011a1ef521d05dd2fecfe.png','bbc149311c76cedeeefa2c5b08bb7877bc146096','ca22f92e77a011a1ef521d05dd2fecfe'),(2265,'https://assets.mhw-db.com/weapons/switch-axe/c39cb0baaea055217f4adc5905a0179323c390cb.28dd64f8a7d90a9a5f40b99b6e940302.png','c39cb0baaea055217f4adc5905a0179323c390cb','28dd64f8a7d90a9a5f40b99b6e940302'),(2266,'https://assets.mhw-db.com/weapons/switch-axe/770433dee74f3266197aa568dc999aaa71e3b678.eaf0365dc1bc4fa57ded211c16da5e4a.png','770433dee74f3266197aa568dc999aaa71e3b678','eaf0365dc1bc4fa57ded211c16da5e4a'),(2267,'https://assets.mhw-db.com/weapons/switch-axe/93031650407a48b7ef555a9d21a1b7a767d8ef19.659385d4c230a35a9160b43c53b64e2f.png','93031650407a48b7ef555a9d21a1b7a767d8ef19','659385d4c230a35a9160b43c53b64e2f'),(2268,'https://assets.mhw-db.com/weapons/switch-axe/1631655108d6e5b1adc7a78c80077a0ed38eba9e.6d63a877fd8835f833d4dfc3fc504e97.png','1631655108d6e5b1adc7a78c80077a0ed38eba9e','6d63a877fd8835f833d4dfc3fc504e97'),(2269,'https://assets.mhw-db.com/weapons/switch-axe/6cd0075d5ee68e4be7f45237dcc7caefd2e5b74a.01640d32d6e0811230a3ad3266fc91bd.png','6cd0075d5ee68e4be7f45237dcc7caefd2e5b74a','01640d32d6e0811230a3ad3266fc91bd'),(2270,'https://assets.mhw-db.com/weapons/switch-axe/487429eeb9e9b3b0e23e5ba8e88830ddeba291c9.3e03bbfdc758d9da1e2a7cd72debf37a.png','487429eeb9e9b3b0e23e5ba8e88830ddeba291c9','3e03bbfdc758d9da1e2a7cd72debf37a'),(2271,'https://assets.mhw-db.com/weapons/switch-axe/c8a852e95a9fbe6b0c98bd4a499e669b4d01bb38.454d096a404820addabfd5e4db0d5bc3.png','c8a852e95a9fbe6b0c98bd4a499e669b4d01bb38','454d096a404820addabfd5e4db0d5bc3'),(2272,'https://assets.mhw-db.com/weapons/switch-axe/40a488b1c048f4558e13b558bebef7b098dfadd5.30b2ea5ea6d1659cb7e26d5b33e71c25.png','40a488b1c048f4558e13b558bebef7b098dfadd5','30b2ea5ea6d1659cb7e26d5b33e71c25'),(2273,'https://assets.mhw-db.com/weapons/switch-axe/85b7f11f32690a9c6f01156866480abfdf8e731c.f8de1d9f28316629431d80e4b969f452.png','85b7f11f32690a9c6f01156866480abfdf8e731c','f8de1d9f28316629431d80e4b969f452'),(2274,'https://assets.mhw-db.com/weapons/switch-axe/4c6b52dd6402a0c4751105e44adbc2a6ac0006ce.56b94bc2b113867e8e9cfc730415e4d6.png','4c6b52dd6402a0c4751105e44adbc2a6ac0006ce','56b94bc2b113867e8e9cfc730415e4d6'),(2275,'https://assets.mhw-db.com/weapons/switch-axe/50e6b8ac0ec9153699b9a86b063f3dad0cb752e3.794a877c70b337c0cd423813028b57c4.png','50e6b8ac0ec9153699b9a86b063f3dad0cb752e3','794a877c70b337c0cd423813028b57c4'),(2276,'https://assets.mhw-db.com/weapons/switch-axe/01cd2d2fea738c73b40be6970800176ce8d5175e.865fc30321d4db69632eb409f652e739.png','01cd2d2fea738c73b40be6970800176ce8d5175e','865fc30321d4db69632eb409f652e739'),(2277,'https://assets.mhw-db.com/weapons/switch-axe/c5c947f9443c825de2b5546cea68eadd5ba6f5b9.71b9abe45c3a660784e7a456eaa32a85.png','c5c947f9443c825de2b5546cea68eadd5ba6f5b9','71b9abe45c3a660784e7a456eaa32a85'),(2278,'https://assets.mhw-db.com/weapons/switch-axe/f675e096e5b2dd5c63a7c8e162c2150a525ff2f5.18fcfc79c5a7bd0290e0a98a5f48cb25.png','f675e096e5b2dd5c63a7c8e162c2150a525ff2f5','18fcfc79c5a7bd0290e0a98a5f48cb25'),(2279,'https://assets.mhw-db.com/weapons/switch-axe/37421729212b8cd2c2846b05ee85e4361ecf2e7a.b1873a8997c71ba17bbefac285149128.png','37421729212b8cd2c2846b05ee85e4361ecf2e7a','b1873a8997c71ba17bbefac285149128'),(2280,'https://assets.mhw-db.com/weapons/charge-blade/ac0808624d7bf2176ac59debf7dccb6cb10d8860.95c81371343420cd2de6c173e54eec1f.png','ac0808624d7bf2176ac59debf7dccb6cb10d8860','95c81371343420cd2de6c173e54eec1f'),(2281,'https://assets.mhw-db.com/weapons/charge-blade/5ca0401c4d057b1e6ce7ce6182c1fd0cfab29b1f.bd80a0363fce8e072d8df97d60dd1de5.png','5ca0401c4d057b1e6ce7ce6182c1fd0cfab29b1f','bd80a0363fce8e072d8df97d60dd1de5'),(2282,'https://assets.mhw-db.com/weapons/charge-blade/7ce18aedb7f3fbe42df2485fb7f293d49bdde3fd.f3e7f82b4f591b2cd0f34132ce175900.png','7ce18aedb7f3fbe42df2485fb7f293d49bdde3fd','f3e7f82b4f591b2cd0f34132ce175900'),(2283,'https://assets.mhw-db.com/weapons/charge-blade/04a9e32376af2336d281e883ba240fe7e5af3fb9.13c71a61930e7b000e8a52f64d240748.png','04a9e32376af2336d281e883ba240fe7e5af3fb9','13c71a61930e7b000e8a52f64d240748'),(2284,'https://assets.mhw-db.com/weapons/charge-blade/7dc4232120c1c2a0c64e49161f1de06af3f7a10b.a5f5892e07e8926ed164025a56edb2ec.png','7dc4232120c1c2a0c64e49161f1de06af3f7a10b','a5f5892e07e8926ed164025a56edb2ec'),(2285,'https://assets.mhw-db.com/weapons/charge-blade/99462c21dadeab58d96f33ed7793e79f610bc23e.8b3b7ec280d56cde6a38c03064fe44b9.png','99462c21dadeab58d96f33ed7793e79f610bc23e','8b3b7ec280d56cde6a38c03064fe44b9'),(2286,'https://assets.mhw-db.com/weapons/charge-blade/10b603f5c92757d4ceb462a18738c44ecf8e7797.302ea7dcd5b3f1ec5bc10ffc41315ef3.png','10b603f5c92757d4ceb462a18738c44ecf8e7797','302ea7dcd5b3f1ec5bc10ffc41315ef3'),(2287,'https://assets.mhw-db.com/weapons/charge-blade/92201f140af4ec699183055210bf6d5756f9f5fb.231381a4b21e76070b5e355fc42d5643.png','92201f140af4ec699183055210bf6d5756f9f5fb','231381a4b21e76070b5e355fc42d5643'),(2288,'https://assets.mhw-db.com/weapons/charge-blade/8d68549d2428b5a878ccd56dc6beb1f52b7070a2.52b765389dd8a7bf7e5b590c7c216a90.png','8d68549d2428b5a878ccd56dc6beb1f52b7070a2','52b765389dd8a7bf7e5b590c7c216a90'),(2289,'https://assets.mhw-db.com/weapons/charge-blade/5d40ae298c7e73325a88cc4eb12336520849dc3b.647c7b246aa66db67088fff0720c28d7.png','5d40ae298c7e73325a88cc4eb12336520849dc3b','647c7b246aa66db67088fff0720c28d7'),(2290,'https://assets.mhw-db.com/weapons/charge-blade/ebf674bd0546bec3d7ea84f952d4d3e9599ef075.bfff90ace1e0efb2be0f0b4163d2a66d.png','ebf674bd0546bec3d7ea84f952d4d3e9599ef075','bfff90ace1e0efb2be0f0b4163d2a66d'),(2291,'https://assets.mhw-db.com/weapons/charge-blade/80a888b29b87fa25cb00a11d760875ca502ed32d.71fb0f8573d4230cb14dbee78915ce8a.png','80a888b29b87fa25cb00a11d760875ca502ed32d','71fb0f8573d4230cb14dbee78915ce8a'),(2292,'https://assets.mhw-db.com/weapons/charge-blade/9b0d9970fc214ec8cda918a06b6934dd1ab1f1d5.0f01395cd307e3797a26be0968da7b99.png','9b0d9970fc214ec8cda918a06b6934dd1ab1f1d5','0f01395cd307e3797a26be0968da7b99'),(2293,'https://assets.mhw-db.com/weapons/charge-blade/3b7bbfcbba4040c493acf3828e3aa07e9cc50598.ca23061d6c56daa61f5da0bfd6f0f9f6.png','3b7bbfcbba4040c493acf3828e3aa07e9cc50598','ca23061d6c56daa61f5da0bfd6f0f9f6'),(2294,'https://assets.mhw-db.com/weapons/charge-blade/ec59bcddf3ce55856b5888ca8c892747ab3bed9f.111b4c88ab95bfc5bff1425840e0a265.png','ec59bcddf3ce55856b5888ca8c892747ab3bed9f','111b4c88ab95bfc5bff1425840e0a265'),(2295,'https://assets.mhw-db.com/weapons/charge-blade/0bdf52a1afcecbd1366d473ef01e1ebdf1f84dd9.e70c7831cd1c658d891555212ff516b9.png','0bdf52a1afcecbd1366d473ef01e1ebdf1f84dd9','e70c7831cd1c658d891555212ff516b9'),(2296,'https://assets.mhw-db.com/weapons/charge-blade/ba1e6720e239b7b75c569f9183acb0922b8df51e.69c52c5ece00ab857207d4df7049e0b6.png','ba1e6720e239b7b75c569f9183acb0922b8df51e','69c52c5ece00ab857207d4df7049e0b6'),(2297,'https://assets.mhw-db.com/weapons/charge-blade/d6ff711c1fa430cd7edbe7115ab90eb1d0d8d8a7.ea27cde311626fb6638947e24d92014d.png','d6ff711c1fa430cd7edbe7115ab90eb1d0d8d8a7','ea27cde311626fb6638947e24d92014d'),(2298,'https://assets.mhw-db.com/weapons/charge-blade/fe2311feb1ad4dc643a2a99c469913b45842bfdb.916343d59f70da9553434cbea8643089.png','fe2311feb1ad4dc643a2a99c469913b45842bfdb','916343d59f70da9553434cbea8643089'),(2299,'https://assets.mhw-db.com/weapons/charge-blade/b4218958f3c69f8c3a30b88dabae27a9f74d83f6.ba0e7ba93dcf14fd19438b5eed6a8e70.png','b4218958f3c69f8c3a30b88dabae27a9f74d83f6','ba0e7ba93dcf14fd19438b5eed6a8e70'),(2300,'https://assets.mhw-db.com/weapons/charge-blade/8456fa8c18bc345511f371da29d3f404aa998788.b8247b7f4eb944a743db39af366ede7f.png','8456fa8c18bc345511f371da29d3f404aa998788','b8247b7f4eb944a743db39af366ede7f'),(2301,'https://assets.mhw-db.com/weapons/charge-blade/34306c8de5862b6af40941acb0006467a4ba5614.bb324c3e7d76026210aa1965b09bfb8f.png','34306c8de5862b6af40941acb0006467a4ba5614','bb324c3e7d76026210aa1965b09bfb8f'),(2302,'https://assets.mhw-db.com/weapons/charge-blade/9a7e1c62191074474a1bc3e8e4efeb481fe52388.8951e75201063d42e1b79a8fd87ff2a6.png','9a7e1c62191074474a1bc3e8e4efeb481fe52388','8951e75201063d42e1b79a8fd87ff2a6'),(2303,'https://assets.mhw-db.com/weapons/charge-blade/74ac5df3d3ddc82d84f3e4a0683315b44f8b45a5.f1934da06a185183f47845e8787c3c55.png','74ac5df3d3ddc82d84f3e4a0683315b44f8b45a5','f1934da06a185183f47845e8787c3c55'),(2304,'https://assets.mhw-db.com/weapons/charge-blade/bc5178da89c1bb295486f233e69fe5f48b6f86dc.79fac9ae8f1111b9e8e1171076c3841c.png','bc5178da89c1bb295486f233e69fe5f48b6f86dc','79fac9ae8f1111b9e8e1171076c3841c'),(2305,'https://assets.mhw-db.com/weapons/charge-blade/7bf36b85b65414174efc6e76ca38f4cac31ab62b.1c88e97fb1dcb99fff9391cc89a54af4.png','7bf36b85b65414174efc6e76ca38f4cac31ab62b','1c88e97fb1dcb99fff9391cc89a54af4'),(2306,'https://assets.mhw-db.com/weapons/charge-blade/4459024411d4674fc1dcdc4a1bcae42914267ba5.a7b4120a0f67d672efee305b95eb89ff.png','4459024411d4674fc1dcdc4a1bcae42914267ba5','a7b4120a0f67d672efee305b95eb89ff'),(2307,'https://assets.mhw-db.com/weapons/charge-blade/4e01670ab082dc6dc19340c9f115f505ffa90d73.01c8a4b88c65f05ae9ef67b47a21167d.png','4e01670ab082dc6dc19340c9f115f505ffa90d73','01c8a4b88c65f05ae9ef67b47a21167d'),(2308,'https://assets.mhw-db.com/weapons/charge-blade/dffbce02c5c0b6dbb62bc75f932f4b5924f9cd47.aa9d6b2d3af684826f8dac3549b38be9.png','dffbce02c5c0b6dbb62bc75f932f4b5924f9cd47','aa9d6b2d3af684826f8dac3549b38be9'),(2309,'https://assets.mhw-db.com/weapons/charge-blade/47da85a4240662fbfb6d227d7cee3e1ba4daa248.31a86fc1e0bc6afe47757d6da8331cd8.png','47da85a4240662fbfb6d227d7cee3e1ba4daa248','31a86fc1e0bc6afe47757d6da8331cd8'),(2310,'https://assets.mhw-db.com/weapons/charge-blade/b637bfefbb7acecf294714d493be155060746d3d.bf00baa7e6a71b5564726a9b16335990.png','b637bfefbb7acecf294714d493be155060746d3d','bf00baa7e6a71b5564726a9b16335990'),(2311,'https://assets.mhw-db.com/weapons/charge-blade/73efc63c7a975d41d2caed21e2712ce512dbe03f.65870b223ae73d60ff30e235318b2bdf.png','73efc63c7a975d41d2caed21e2712ce512dbe03f','65870b223ae73d60ff30e235318b2bdf'),(2312,'https://assets.mhw-db.com/weapons/charge-blade/9b50183f55b660c7b92dbee145965c3601c17133.c3d78b0043ffe5522ac254ec37e8a88d.png','9b50183f55b660c7b92dbee145965c3601c17133','c3d78b0043ffe5522ac254ec37e8a88d'),(2313,'https://assets.mhw-db.com/weapons/charge-blade/d388a11803175507bbfbf5e3c44496d9be1447b0.909b3c2fc263a4ec6dffcb2676b5bffd.png','d388a11803175507bbfbf5e3c44496d9be1447b0','909b3c2fc263a4ec6dffcb2676b5bffd'),(2314,'https://assets.mhw-db.com/weapons/charge-blade/c97b89488be33658e759e253b076507356e17255.30cc663a9959426f7fb71af949935ae5.png','c97b89488be33658e759e253b076507356e17255','30cc663a9959426f7fb71af949935ae5'),(2315,'https://assets.mhw-db.com/weapons/insect-glaive/491dfe632699628f1f242e5b1cbe32bd0a385a7d.0252c014013199a80e92b065dfee5916.png','491dfe632699628f1f242e5b1cbe32bd0a385a7d','0252c014013199a80e92b065dfee5916'),(2316,'https://assets.mhw-db.com/weapons/insect-glaive/0f6e8fc4a262a00a12b4354ac10859093436e8b9.e725d7f91a013437ebfe097be1515979.png','0f6e8fc4a262a00a12b4354ac10859093436e8b9','e725d7f91a013437ebfe097be1515979'),(2317,'https://assets.mhw-db.com/weapons/insect-glaive/90e65dfd3715eb83a6e83851056fc0e54794fb59.498181838c24d7d9c86effb1f0e1916c.png','90e65dfd3715eb83a6e83851056fc0e54794fb59','498181838c24d7d9c86effb1f0e1916c'),(2318,'https://assets.mhw-db.com/weapons/insect-glaive/fd30cd7922e9b8cdac6da09134df54d562d0c196.42c481638d998b3f420dbde5f799ca23.png','fd30cd7922e9b8cdac6da09134df54d562d0c196','42c481638d998b3f420dbde5f799ca23'),(2319,'https://assets.mhw-db.com/weapons/insect-glaive/41725ea1ee58d14949f2e1042e89ef8df4d38f24.092a35afad326be783cd3f5fdeaceb82.png','41725ea1ee58d14949f2e1042e89ef8df4d38f24','092a35afad326be783cd3f5fdeaceb82'),(2320,'https://assets.mhw-db.com/weapons/insect-glaive/e63a710a5b52857d8ae9e08dc34adf8623666102.a85a612a83f16b6fe8f0c44aa350f66e.png','e63a710a5b52857d8ae9e08dc34adf8623666102','a85a612a83f16b6fe8f0c44aa350f66e'),(2321,'https://assets.mhw-db.com/weapons/insect-glaive/a70a9da8607310b6017b4a671e16e4bc2a489af4.40c4a0845c4a213d79d3b41a5b8d39fb.png','a70a9da8607310b6017b4a671e16e4bc2a489af4','40c4a0845c4a213d79d3b41a5b8d39fb'),(2322,'https://assets.mhw-db.com/weapons/insect-glaive/b48c4ffacd884560e3f8dcdc70b6485fa235ae97.4729ed5b1e6f9f8bb78d13f2a500f45d.png','b48c4ffacd884560e3f8dcdc70b6485fa235ae97','4729ed5b1e6f9f8bb78d13f2a500f45d'),(2323,'https://assets.mhw-db.com/weapons/insect-glaive/e749f3a7aa95039c846d7c73e98830b79f283f22.413bce53a1737c61eccabbf4a8c836c7.png','e749f3a7aa95039c846d7c73e98830b79f283f22','413bce53a1737c61eccabbf4a8c836c7'),(2324,'https://assets.mhw-db.com/weapons/insect-glaive/99317707ad9ccf088382860d0b97172e50cb2c41.578e3de94f9a5f6a994cb3b9b7519900.png','99317707ad9ccf088382860d0b97172e50cb2c41','578e3de94f9a5f6a994cb3b9b7519900'),(2325,'https://assets.mhw-db.com/weapons/insect-glaive/604364b1ecdd56b9d73ec7189c7f8ef089e7204a.d4869884743eb0e813fe03113a10c4c6.png','604364b1ecdd56b9d73ec7189c7f8ef089e7204a','d4869884743eb0e813fe03113a10c4c6'),(2326,'https://assets.mhw-db.com/weapons/insect-glaive/906f99b81c603368e122155d3cd9c3d737113a01.75665a150ec4cc51db4c4f5f9ead760e.png','906f99b81c603368e122155d3cd9c3d737113a01','75665a150ec4cc51db4c4f5f9ead760e'),(2327,'https://assets.mhw-db.com/weapons/insect-glaive/af093690be14424fb8fd8a3cbfc2c9a9705c0227.333ce9d561425e49966baabee7c314be.png','af093690be14424fb8fd8a3cbfc2c9a9705c0227','333ce9d561425e49966baabee7c314be'),(2328,'https://assets.mhw-db.com/weapons/insect-glaive/090ed6d0d7f828b85677b87ce6268ae8a202d566.d72967dce21f7e4d17376603187be8ab.png','090ed6d0d7f828b85677b87ce6268ae8a202d566','d72967dce21f7e4d17376603187be8ab'),(2329,'https://assets.mhw-db.com/weapons/insect-glaive/a3adedbfba81d31841aa80c4756a8702ec6c495e.c942bcba00863586fac39525a165cd5d.png','a3adedbfba81d31841aa80c4756a8702ec6c495e','c942bcba00863586fac39525a165cd5d'),(2330,'https://assets.mhw-db.com/weapons/insect-glaive/eb104611073538f699ff8f079807814cefebf8f7.e6e7572b2af99fff279778d22147d4a1.png','eb104611073538f699ff8f079807814cefebf8f7','e6e7572b2af99fff279778d22147d4a1'),(2331,'https://assets.mhw-db.com/weapons/insect-glaive/7e304dd87a71e13b16ffc149311b333f38f654c9.81eaa72cac03fa54360a0b5b68172777.png','7e304dd87a71e13b16ffc149311b333f38f654c9','81eaa72cac03fa54360a0b5b68172777'),(2332,'https://assets.mhw-db.com/weapons/insect-glaive/123956a0e8ee22c3a710cac66e5961baaaed5ecc.2db978566a5176bcba90c6f2a638a48d.png','123956a0e8ee22c3a710cac66e5961baaaed5ecc','2db978566a5176bcba90c6f2a638a48d'),(2333,'https://assets.mhw-db.com/weapons/insect-glaive/c2e3105dc027a46de6325aafe0f41ad5dfd829f8.d0411d54cc9d6f812a3fe6ac27d82c28.png','c2e3105dc027a46de6325aafe0f41ad5dfd829f8','d0411d54cc9d6f812a3fe6ac27d82c28'),(2334,'https://assets.mhw-db.com/weapons/insect-glaive/e379a467a09b32b4c1e01f3513ca8fb283fb1181.b29b811362f031f1f085d925c2750eaa.png','e379a467a09b32b4c1e01f3513ca8fb283fb1181','b29b811362f031f1f085d925c2750eaa'),(2335,'https://assets.mhw-db.com/weapons/insect-glaive/3bc96bb435203a751c0998a7f24f30644b50441b.82fc275b6166ac646c9911b1770648d3.png','3bc96bb435203a751c0998a7f24f30644b50441b','82fc275b6166ac646c9911b1770648d3'),(2336,'https://assets.mhw-db.com/weapons/insect-glaive/e282d4899fb8d80d60f10f20ed16627c3b7cf42c.1ec1044affbbe8796860d17906e55d7c.png','e282d4899fb8d80d60f10f20ed16627c3b7cf42c','1ec1044affbbe8796860d17906e55d7c'),(2337,'https://assets.mhw-db.com/weapons/insect-glaive/b22ec890dac46d8eb596502e950abd039f02839c.0b3f1674248e22df95c8219126f5aa96.png','b22ec890dac46d8eb596502e950abd039f02839c','0b3f1674248e22df95c8219126f5aa96'),(2338,'https://assets.mhw-db.com/weapons/insect-glaive/d928b6cd7f1bd749c777b3932f0fe093315d631e.ae7f35c8c21e26bf9d8558dc26c78e37.png','d928b6cd7f1bd749c777b3932f0fe093315d631e','ae7f35c8c21e26bf9d8558dc26c78e37'),(2339,'https://assets.mhw-db.com/weapons/insect-glaive/ad6c7072653b38c2e8f32be4d91aeb07aef80f44.19d27c4be2c526616720375fdbc73221.png','ad6c7072653b38c2e8f32be4d91aeb07aef80f44','19d27c4be2c526616720375fdbc73221'),(2340,'https://assets.mhw-db.com/weapons/insect-glaive/6c18be887d5f487519898413848a0e9a90bb9465.3913aa7c7823a2bdc64dc7f518e728db.png','6c18be887d5f487519898413848a0e9a90bb9465','3913aa7c7823a2bdc64dc7f518e728db'),(2341,'https://assets.mhw-db.com/weapons/insect-glaive/29ae1b5a09b14b54bb225c17559ab8291cd2f08f.123b88aea794b3cabd07ba6e654f13e7.png','29ae1b5a09b14b54bb225c17559ab8291cd2f08f','123b88aea794b3cabd07ba6e654f13e7'),(2342,'https://assets.mhw-db.com/weapons/insect-glaive/f880652ecf25b4209e0607891409c57aaf815aef.285b70312e410bf86fad64be64a77d67.png','f880652ecf25b4209e0607891409c57aaf815aef','285b70312e410bf86fad64be64a77d67'),(2343,'https://assets.mhw-db.com/weapons/insect-glaive/c105c68620fcbeece3b61affe5c1cef18ab90f85.23faa690fd87b226f6a9eac2280f419b.png','c105c68620fcbeece3b61affe5c1cef18ab90f85','23faa690fd87b226f6a9eac2280f419b'),(2344,'https://assets.mhw-db.com/weapons/insect-glaive/95f190467defa05717d8ea77c213773bcd03fa74.a7147e9152c2af5007c5395091cd9c9d.png','95f190467defa05717d8ea77c213773bcd03fa74','a7147e9152c2af5007c5395091cd9c9d'),(2345,'https://assets.mhw-db.com/weapons/insect-glaive/8b23c4310fe30e0b57f466419417d5360476419a.bdae133c17257ac7c97ef0cb14237526.png','8b23c4310fe30e0b57f466419417d5360476419a','bdae133c17257ac7c97ef0cb14237526'),(2346,'https://assets.mhw-db.com/weapons/insect-glaive/20672a6ca6f45d041c3a8baf302f7478a731ecb0.b7e1edf42f827635c528723243caf443.png','20672a6ca6f45d041c3a8baf302f7478a731ecb0','b7e1edf42f827635c528723243caf443'),(2347,'https://assets.mhw-db.com/weapons/insect-glaive/1c7e33e3a590b41e004ee745d6d1cb2e70eeb5d1.308edeff94a52c385a71d88254fd7fc8.png','1c7e33e3a590b41e004ee745d6d1cb2e70eeb5d1','308edeff94a52c385a71d88254fd7fc8'),(2348,'https://assets.mhw-db.com/weapons/insect-glaive/e353da73174eed5415e3aa01f08521b4a9bb666c.cadb8c30e9f4b180592a86fbf5424d77.png','e353da73174eed5415e3aa01f08521b4a9bb666c','cadb8c30e9f4b180592a86fbf5424d77'),(2349,'https://assets.mhw-db.com/weapons/light-bowgun/e31d1efa80cfe385b59d6cf272afe9aa1b889e6c.5fe882762edd6d370e4d094bd2228637.png','e31d1efa80cfe385b59d6cf272afe9aa1b889e6c','5fe882762edd6d370e4d094bd2228637'),(2350,'https://assets.mhw-db.com/weapons/light-bowgun/3f5e051319f420b5f6dce8e28cb15ea9f12de985.9a5df5675356223dc9948ee25d5b2cec.png','3f5e051319f420b5f6dce8e28cb15ea9f12de985','9a5df5675356223dc9948ee25d5b2cec'),(2351,'https://assets.mhw-db.com/weapons/light-bowgun/e9aaa46c40cdb9ffc0f65fb8c5cc53700fa42a2e.f1133e28b128f00e67666a31e30e672f.png','e9aaa46c40cdb9ffc0f65fb8c5cc53700fa42a2e','f1133e28b128f00e67666a31e30e672f'),(2352,'https://assets.mhw-db.com/weapons/light-bowgun/74ef610697a52e1149244e4e0eac5e4c45c78e5d.76ef4265d81cbbe57a22a256617388e4.png','74ef610697a52e1149244e4e0eac5e4c45c78e5d','76ef4265d81cbbe57a22a256617388e4'),(2353,'https://assets.mhw-db.com/weapons/light-bowgun/8ccd515a86fc65b367520f9f36a0cd9bf37b8156.17a4d793d04592cc2165c3ac57300ce1.png','8ccd515a86fc65b367520f9f36a0cd9bf37b8156','17a4d793d04592cc2165c3ac57300ce1'),(2354,'https://assets.mhw-db.com/weapons/light-bowgun/7c019e32dbab17b5fe1d2da45bbe97d3937f7f92.bbb0e716d4a1b83d5a488851e47c4587.png','7c019e32dbab17b5fe1d2da45bbe97d3937f7f92','bbb0e716d4a1b83d5a488851e47c4587'),(2355,'https://assets.mhw-db.com/weapons/light-bowgun/3b3b200a901e429bec629f95e02e47c7de632abb.1502f5e075a27501e6bf67105bf584c4.png','3b3b200a901e429bec629f95e02e47c7de632abb','1502f5e075a27501e6bf67105bf584c4'),(2356,'https://assets.mhw-db.com/weapons/light-bowgun/59f913622271a6a39e56d0c41e6aa69e32590cb6.45a522ace11046690533b1c68f30d1bd.png','59f913622271a6a39e56d0c41e6aa69e32590cb6','45a522ace11046690533b1c68f30d1bd'),(2357,'https://assets.mhw-db.com/weapons/light-bowgun/cdc73835348ba1b0e1afc48a46d82d1aedb8419d.58af108d80929d2b67d20756c64f69d7.png','cdc73835348ba1b0e1afc48a46d82d1aedb8419d','58af108d80929d2b67d20756c64f69d7'),(2358,'https://assets.mhw-db.com/weapons/light-bowgun/a96485118425755fedeb684c94fa48938c7e4467.0416ab702e21f6a5e51b1ccc303c207b.png','a96485118425755fedeb684c94fa48938c7e4467','0416ab702e21f6a5e51b1ccc303c207b'),(2359,'https://assets.mhw-db.com/weapons/light-bowgun/b9e862b798fb1acfd91305c98b75a6e935350c46.daf330c927507e9c5d2a3c623d22c8bc.png','b9e862b798fb1acfd91305c98b75a6e935350c46','daf330c927507e9c5d2a3c623d22c8bc'),(2360,'https://assets.mhw-db.com/weapons/light-bowgun/c7d95cfb36c289bdbe1f757f0c6c06d52d9fff94.3747d07926e63b9b9f4faf6563a2f003.png','c7d95cfb36c289bdbe1f757f0c6c06d52d9fff94','3747d07926e63b9b9f4faf6563a2f003'),(2361,'https://assets.mhw-db.com/weapons/light-bowgun/ea80b094c6d64eb56151a0b6835688b990711da3.be13c07ec82a4288ada817608084e5cf.png','ea80b094c6d64eb56151a0b6835688b990711da3','be13c07ec82a4288ada817608084e5cf'),(2362,'https://assets.mhw-db.com/weapons/light-bowgun/319a0a54e80a3d048cadc80389bb2ee55923efc0.7775c5bcd85424e959b71d59da5c8117.png','319a0a54e80a3d048cadc80389bb2ee55923efc0','7775c5bcd85424e959b71d59da5c8117'),(2363,'https://assets.mhw-db.com/weapons/light-bowgun/215d425bae473843a3a0d32c0ab36128e1de6b41.4e1df72b9202bd03f55baf153e2e2e89.png','215d425bae473843a3a0d32c0ab36128e1de6b41','4e1df72b9202bd03f55baf153e2e2e89'),(2364,'https://assets.mhw-db.com/weapons/light-bowgun/4f34fecc3a33ea90b6e7cad57f0984b6da55b455.245bf31feb258588c53dbb155a7dbb6b.png','4f34fecc3a33ea90b6e7cad57f0984b6da55b455','245bf31feb258588c53dbb155a7dbb6b'),(2365,'https://assets.mhw-db.com/weapons/light-bowgun/2b9e47e84ee9f3ab378318d73fd635924d5dabe5.6685adc5ac0a82bbde641c703ae21a97.png','2b9e47e84ee9f3ab378318d73fd635924d5dabe5','6685adc5ac0a82bbde641c703ae21a97'),(2366,'https://assets.mhw-db.com/weapons/light-bowgun/73d11f5f04f51430132d1262dba1c33fb57053cb.57036b5a0682353cb5d671a4d8e4d9c1.png','73d11f5f04f51430132d1262dba1c33fb57053cb','57036b5a0682353cb5d671a4d8e4d9c1'),(2367,'https://assets.mhw-db.com/weapons/light-bowgun/0256bca702608c094b56572d2da60c0d2c101a5c.a11c0f68cdae4bf1bd9b5fc65c8dfb14.png','0256bca702608c094b56572d2da60c0d2c101a5c','a11c0f68cdae4bf1bd9b5fc65c8dfb14'),(2368,'https://assets.mhw-db.com/weapons/light-bowgun/c51a5e5a03e400bbf45bbf52b25a52df7d0dcf6c.b9cb181e54ec19b9b87f01b0d4e8db84.png','c51a5e5a03e400bbf45bbf52b25a52df7d0dcf6c','b9cb181e54ec19b9b87f01b0d4e8db84'),(2369,'https://assets.mhw-db.com/weapons/light-bowgun/655f5f27de2b0319988aab33af574e898ce8b8ec.107308593ffb69753e0146bf3386eab4.png','655f5f27de2b0319988aab33af574e898ce8b8ec','107308593ffb69753e0146bf3386eab4'),(2370,'https://assets.mhw-db.com/weapons/light-bowgun/4fd7e06ebb325035fba040f74d7de332bd9e77d7.efa60ea3e1c098646e71aed2c2e76fa2.png','4fd7e06ebb325035fba040f74d7de332bd9e77d7','efa60ea3e1c098646e71aed2c2e76fa2'),(2371,'https://assets.mhw-db.com/weapons/light-bowgun/341469e2e30d92849e7521ed6f3be6f5f38f1a5d.5fbac52a472045f5c15df5fb24351c1b.png','341469e2e30d92849e7521ed6f3be6f5f38f1a5d','5fbac52a472045f5c15df5fb24351c1b'),(2372,'https://assets.mhw-db.com/weapons/light-bowgun/91a283c7f76edf52e22b6950a3638c29ff5ca78a.1760383ef2b56c567e7a019b46ff939d.png','91a283c7f76edf52e22b6950a3638c29ff5ca78a','1760383ef2b56c567e7a019b46ff939d'),(2373,'https://assets.mhw-db.com/weapons/light-bowgun/d28f33e7d2d94929d55bf1b21e32fec0dbd7d991.199b7ac19c6b3923fe25ad143ae77974.png','d28f33e7d2d94929d55bf1b21e32fec0dbd7d991','199b7ac19c6b3923fe25ad143ae77974'),(2374,'https://assets.mhw-db.com/weapons/light-bowgun/1bcd752c844e76edf6395b0e5e34f5e207c85a9f.c585802a420009622ed8ac45e2ad3583.png','1bcd752c844e76edf6395b0e5e34f5e207c85a9f','c585802a420009622ed8ac45e2ad3583'),(2375,'https://assets.mhw-db.com/weapons/light-bowgun/ed5a9ed634817016ff8b4d5adb0cd9283e3e7b38.97dc55c8d534c9de303a41a8cc48a3d8.png','ed5a9ed634817016ff8b4d5adb0cd9283e3e7b38','97dc55c8d534c9de303a41a8cc48a3d8'),(2376,'https://assets.mhw-db.com/weapons/light-bowgun/0ea4f66b3d33d975709284663b6268c6b473682b.79091461d6c3b82324748042827e1857.png','0ea4f66b3d33d975709284663b6268c6b473682b','79091461d6c3b82324748042827e1857'),(2377,'https://assets.mhw-db.com/weapons/light-bowgun/b6293dffd2073c43ab3ab5735f4514c5f9f7f407.ff206cd1167a246a5eb16a04f57aa09a.png','b6293dffd2073c43ab3ab5735f4514c5f9f7f407','ff206cd1167a246a5eb16a04f57aa09a'),(2378,'https://assets.mhw-db.com/weapons/light-bowgun/2aa6d0b96b7ccc7405d50d5e7db86674babc0fd4.a5db8e1161305a3fde11f109df876109.png','2aa6d0b96b7ccc7405d50d5e7db86674babc0fd4','a5db8e1161305a3fde11f109df876109'),(2379,'https://assets.mhw-db.com/weapons/light-bowgun/8d5281b4098be6fcd1ad488a6e1c689d67e0801f.80e3b3cd33cff183eed51cc9fe9ba4bb.png','8d5281b4098be6fcd1ad488a6e1c689d67e0801f','80e3b3cd33cff183eed51cc9fe9ba4bb'),(2380,'https://assets.mhw-db.com/weapons/light-bowgun/7848ce80f830f9171f140a8d323cac55794ab094.d0c097167131fc4b3da71219f6c96f26.png','7848ce80f830f9171f140a8d323cac55794ab094','d0c097167131fc4b3da71219f6c96f26'),(2381,'https://assets.mhw-db.com/weapons/light-bowgun/312214779c8389f25c678ed592616d4bcccbc476.db44fb54701742015735ccd40f6405a7.png','312214779c8389f25c678ed592616d4bcccbc476','db44fb54701742015735ccd40f6405a7'),(2382,'https://assets.mhw-db.com/weapons/light-bowgun/f3e1e6d3e179dfda938b7827c44d535d6d1f0c83.ea0cb58fabd683f758653fad2f657374.png','f3e1e6d3e179dfda938b7827c44d535d6d1f0c83','ea0cb58fabd683f758653fad2f657374'),(2383,'https://assets.mhw-db.com/weapons/light-bowgun/e2f69d32561b2cda9d70e35d4c80025ab9389a26.c56ce566f01739e574b7b8ff7b656dd8.png','e2f69d32561b2cda9d70e35d4c80025ab9389a26','c56ce566f01739e574b7b8ff7b656dd8'),(2384,'https://assets.mhw-db.com/weapons/light-bowgun/f515ccd1194aee828e9fca1e9229600a1545df72.bcc3fdb4f3d5b7e00b8795eff89d7670.png','f515ccd1194aee828e9fca1e9229600a1545df72','bcc3fdb4f3d5b7e00b8795eff89d7670'),(2385,'https://assets.mhw-db.com/weapons/light-bowgun/05225577c733b154d76264f372cd546b2c82737c.d1591901b279a41a54b6ee35e174037e.png','05225577c733b154d76264f372cd546b2c82737c','d1591901b279a41a54b6ee35e174037e'),(2386,'https://assets.mhw-db.com/weapons/light-bowgun/d3d4490c9627f02845cdbc35039a2736a0bbb163.1ce8affb33deba2089d8c3b52c73bb9a.png','d3d4490c9627f02845cdbc35039a2736a0bbb163','1ce8affb33deba2089d8c3b52c73bb9a'),(2387,'https://assets.mhw-db.com/weapons/light-bowgun/e1d0b86a461b0a24b9a458d265a252c7f1ba2ede.4a9d869d209d2a8c447312d4ed1f4cee.png','e1d0b86a461b0a24b9a458d265a252c7f1ba2ede','4a9d869d209d2a8c447312d4ed1f4cee'),(2388,'https://assets.mhw-db.com/weapons/light-bowgun/a9bf54e7b653a6ef21c41669192465c1788e48cb.bd1f3f55e306ce0e318dc753363c5922.png','a9bf54e7b653a6ef21c41669192465c1788e48cb','bd1f3f55e306ce0e318dc753363c5922'),(2389,'https://assets.mhw-db.com/weapons/light-bowgun/3ce1b2291000ef5b59d770617b2fad45fbbf0fe0.99fe7a61f90ae36b3a6f0ef5a4ea5c01.png','3ce1b2291000ef5b59d770617b2fad45fbbf0fe0','99fe7a61f90ae36b3a6f0ef5a4ea5c01'),(2390,'https://assets.mhw-db.com/weapons/light-bowgun/c5186265481fe3a4c4faa4240e54242296af8b02.d1e8ed8e3510e8f986546d3c084427a6.png','c5186265481fe3a4c4faa4240e54242296af8b02','d1e8ed8e3510e8f986546d3c084427a6'),(2391,'https://assets.mhw-db.com/weapons/light-bowgun/6eec2b92a4cd072346751243d1ad7c514b2e2371.b0458bee7eb166f18097375dc9cda438.png','6eec2b92a4cd072346751243d1ad7c514b2e2371','b0458bee7eb166f18097375dc9cda438'),(2392,'https://assets.mhw-db.com/weapons/light-bowgun/5b21ecf2917fa9ed962ec1431e744a82178ec4ca.939128b73dd75561fd4fde748cb6f1e1.png','5b21ecf2917fa9ed962ec1431e744a82178ec4ca','939128b73dd75561fd4fde748cb6f1e1'),(2393,'https://assets.mhw-db.com/weapons/light-bowgun/7b75e1438a5c0ab74ee0c39a78ed20f209631514.42ab66b7302c32263c2ab03090610a70.png','7b75e1438a5c0ab74ee0c39a78ed20f209631514','42ab66b7302c32263c2ab03090610a70'),(2394,'https://assets.mhw-db.com/weapons/light-bowgun/c38d66d4e7567ed94b15934af4bca017dc2b5c13.8d5015ca1db5ba46beeda356e206c5c7.png','c38d66d4e7567ed94b15934af4bca017dc2b5c13','8d5015ca1db5ba46beeda356e206c5c7'),(2395,'https://assets.mhw-db.com/weapons/light-bowgun/84cf1d3c9a5235450a91cdabf5d55fbddfc2138d.27472467a87fd78003e60ac726f3ed77.png','84cf1d3c9a5235450a91cdabf5d55fbddfc2138d','27472467a87fd78003e60ac726f3ed77'),(2396,'https://assets.mhw-db.com/weapons/heavy-bowgun/025bb27f61302a2fed634c37a7ac1acef03e6351.c547660e8387b367f2667a14d18f8888.png','025bb27f61302a2fed634c37a7ac1acef03e6351','c547660e8387b367f2667a14d18f8888'),(2397,'https://assets.mhw-db.com/weapons/heavy-bowgun/75380e79e73e1c789a530e1de68f8a8e5d7a8d02.25ee66d59337cee62ed50a6959058052.png','75380e79e73e1c789a530e1de68f8a8e5d7a8d02','25ee66d59337cee62ed50a6959058052'),(2398,'https://assets.mhw-db.com/weapons/heavy-bowgun/5ba7199d56f2b861964a1d7719d2320d0b2dc12c.232407c983b77b16ba03f7b517e78a90.png','5ba7199d56f2b861964a1d7719d2320d0b2dc12c','232407c983b77b16ba03f7b517e78a90'),(2399,'https://assets.mhw-db.com/weapons/heavy-bowgun/9e21b43d5e05770647e74b20d992575d8d9414a3.6f0b058b32324c7d86fd4839c23d1203.png','9e21b43d5e05770647e74b20d992575d8d9414a3','6f0b058b32324c7d86fd4839c23d1203'),(2400,'https://assets.mhw-db.com/weapons/heavy-bowgun/6ae20302bc8a20867648cf845df007e134b48cf4.64561e1694b651fff49f3b158aaf5ccc.png','6ae20302bc8a20867648cf845df007e134b48cf4','64561e1694b651fff49f3b158aaf5ccc'),(2401,'https://assets.mhw-db.com/weapons/heavy-bowgun/a579f91546c41d43fbcf86af7b75bdb06d1d78f0.05db56b9960a090b27447e7b31d36633.png','a579f91546c41d43fbcf86af7b75bdb06d1d78f0','05db56b9960a090b27447e7b31d36633'),(2402,'https://assets.mhw-db.com/weapons/heavy-bowgun/ac499c23d6924772c6c174467a2c6743a0dbb13a.e7f9d1395c8588ec9aeb925bde7542da.png','ac499c23d6924772c6c174467a2c6743a0dbb13a','e7f9d1395c8588ec9aeb925bde7542da'),(2403,'https://assets.mhw-db.com/weapons/heavy-bowgun/7c2891de8b3a835646e6a897aefd0f24a9e81f01.e56bf8257f4348a81fea24b82bc3a204.png','7c2891de8b3a835646e6a897aefd0f24a9e81f01','e56bf8257f4348a81fea24b82bc3a204'),(2404,'https://assets.mhw-db.com/weapons/heavy-bowgun/1ec0419932c5ae134c3331b9b32daf52128d4c4c.141e02b3e91c6e4e877bfc78ae7f1950.png','1ec0419932c5ae134c3331b9b32daf52128d4c4c','141e02b3e91c6e4e877bfc78ae7f1950'),(2405,'https://assets.mhw-db.com/weapons/heavy-bowgun/991157f69f8052962938c23113b74eabd46e5cb7.ff8f9a5297c6fa56911cd7da1c710741.png','991157f69f8052962938c23113b74eabd46e5cb7','ff8f9a5297c6fa56911cd7da1c710741'),(2406,'https://assets.mhw-db.com/weapons/heavy-bowgun/58ef8f90fd358b1489bf15a1331eb4c74eec926f.9985d28c1e6c97512c22a09f15cb6388.png','58ef8f90fd358b1489bf15a1331eb4c74eec926f','9985d28c1e6c97512c22a09f15cb6388'),(2407,'https://assets.mhw-db.com/weapons/heavy-bowgun/820b5a1bebeff5dd64e7a851b966122305d85bc8.c91f39e8cde77dd8486eecdab3f883e4.png','820b5a1bebeff5dd64e7a851b966122305d85bc8','c91f39e8cde77dd8486eecdab3f883e4'),(2408,'https://assets.mhw-db.com/weapons/heavy-bowgun/3dcb1140d3888380b5445014b5a485118fe02184.e47f6b22855d9c1eda4dfde6d1c2c6c4.png','3dcb1140d3888380b5445014b5a485118fe02184','e47f6b22855d9c1eda4dfde6d1c2c6c4'),(2409,'https://assets.mhw-db.com/weapons/heavy-bowgun/050c9fcef4dd0dc191083e57b98be8e013c0f72e.3b8386f2ce99836d91bb75994017ba91.png','050c9fcef4dd0dc191083e57b98be8e013c0f72e','3b8386f2ce99836d91bb75994017ba91'),(2410,'https://assets.mhw-db.com/weapons/heavy-bowgun/d40c404331d831296f0b7a0e9fca9294c3a09b6f.9cc67e09e4335bcf160894ac9d5ad050.png','d40c404331d831296f0b7a0e9fca9294c3a09b6f','9cc67e09e4335bcf160894ac9d5ad050'),(2411,'https://assets.mhw-db.com/weapons/heavy-bowgun/7471af1b358b0e5ebd5d37aad908870b17ca2d3e.294ba14a52494eac90e88dd6dea9a63c.png','7471af1b358b0e5ebd5d37aad908870b17ca2d3e','294ba14a52494eac90e88dd6dea9a63c'),(2412,'https://assets.mhw-db.com/weapons/heavy-bowgun/33b21e472baf78e868c1e5a5d81f6d3b8b573d62.899125353e3a056c3570d5233bdcce8f.png','33b21e472baf78e868c1e5a5d81f6d3b8b573d62','899125353e3a056c3570d5233bdcce8f'),(2413,'https://assets.mhw-db.com/weapons/heavy-bowgun/212a820c3af77e398e8c83059cf3c0299acc042b.be57c0300bee2fe75acdf874f8b354be.png','212a820c3af77e398e8c83059cf3c0299acc042b','be57c0300bee2fe75acdf874f8b354be'),(2414,'https://assets.mhw-db.com/weapons/heavy-bowgun/00a9b8792d5674bd5dcd0c4b6e646b6d234dc6cf.80b38e309b58d62e10a23ba784b08c9f.png','00a9b8792d5674bd5dcd0c4b6e646b6d234dc6cf','80b38e309b58d62e10a23ba784b08c9f'),(2415,'https://assets.mhw-db.com/weapons/heavy-bowgun/8c715c5202de2ce96abebbf1366790c7c9800e50.874f54a21e011b70291e175414c4ab88.png','8c715c5202de2ce96abebbf1366790c7c9800e50','874f54a21e011b70291e175414c4ab88'),(2416,'https://assets.mhw-db.com/weapons/heavy-bowgun/b8cdd57975f0074c7d3c45e8d7c0bd31b1de0bd2.1271e0fd560ddc9ee319888b9f921efb.png','b8cdd57975f0074c7d3c45e8d7c0bd31b1de0bd2','1271e0fd560ddc9ee319888b9f921efb'),(2417,'https://assets.mhw-db.com/weapons/heavy-bowgun/6ac9022092ff8957507ee048a18e6f3a15353738.3f5c1038d49ed0fd37e241cafb4e9674.png','6ac9022092ff8957507ee048a18e6f3a15353738','3f5c1038d49ed0fd37e241cafb4e9674'),(2418,'https://assets.mhw-db.com/weapons/heavy-bowgun/b761eadd9c3770902082a5039a1b795df407d5e0.c7a8c7f41c4ae667940adb3d3f20433e.png','b761eadd9c3770902082a5039a1b795df407d5e0','c7a8c7f41c4ae667940adb3d3f20433e'),(2419,'https://assets.mhw-db.com/weapons/heavy-bowgun/25c71756849e31242056f5300b8659642932a2c5.75785ceaeda30acfcddb64c38a67d241.png','25c71756849e31242056f5300b8659642932a2c5','75785ceaeda30acfcddb64c38a67d241'),(2420,'https://assets.mhw-db.com/weapons/heavy-bowgun/ae76503d916d89b142b8d27fc58675ff2b179ff1.f322853df30d657c5151e59f09c4e056.png','ae76503d916d89b142b8d27fc58675ff2b179ff1','f322853df30d657c5151e59f09c4e056'),(2421,'https://assets.mhw-db.com/weapons/heavy-bowgun/cb11b1820fa814625e75116fae589211621fff3e.4c84bd86f15a19547a2889580a8fb5b0.png','cb11b1820fa814625e75116fae589211621fff3e','4c84bd86f15a19547a2889580a8fb5b0'),(2422,'https://assets.mhw-db.com/weapons/heavy-bowgun/5a81a32863ed89e7f67e5b325986fba26954a4cb.03a614c8a26510f1e2e4cb199c860e5c.png','5a81a32863ed89e7f67e5b325986fba26954a4cb','03a614c8a26510f1e2e4cb199c860e5c'),(2423,'https://assets.mhw-db.com/weapons/heavy-bowgun/5160fcd43eb023dd2f4a2d42b266078a371b7aea.bb913ce55686875e733c7a81c74c9416.png','5160fcd43eb023dd2f4a2d42b266078a371b7aea','bb913ce55686875e733c7a81c74c9416'),(2424,'https://assets.mhw-db.com/weapons/heavy-bowgun/44503b882c4f868ff25f0d2231c91dea19faf68d.88121d5bfcbcec3a340ee7bd00907329.png','44503b882c4f868ff25f0d2231c91dea19faf68d','88121d5bfcbcec3a340ee7bd00907329'),(2425,'https://assets.mhw-db.com/weapons/heavy-bowgun/757112a351f8799aba8f87093e5a63817d7fd26c.83ab4bd3373c200e710b47625b037d2a.png','757112a351f8799aba8f87093e5a63817d7fd26c','83ab4bd3373c200e710b47625b037d2a'),(2426,'https://assets.mhw-db.com/weapons/heavy-bowgun/24f4d29688338c62811c983b81d49099de53edf0.622c7ad252c44478709916a6cb39b37e.png','24f4d29688338c62811c983b81d49099de53edf0','622c7ad252c44478709916a6cb39b37e'),(2427,'https://assets.mhw-db.com/weapons/heavy-bowgun/0d6cf00e3472dca9d5dbd17cf289dc164be7b0a0.62165f760198f8acad5171ec476b516e.png','0d6cf00e3472dca9d5dbd17cf289dc164be7b0a0','62165f760198f8acad5171ec476b516e'),(2428,'https://assets.mhw-db.com/weapons/heavy-bowgun/3a0bc4226231f153e24fd8536ef33d27b43af0b6.001c57552ebdb283cb3eca8ab6ffbe85.png','3a0bc4226231f153e24fd8536ef33d27b43af0b6','001c57552ebdb283cb3eca8ab6ffbe85'),(2429,'https://assets.mhw-db.com/weapons/heavy-bowgun/2d275fd9e2c0e52c6c9435505667a9b601047bc5.dceccde6ab0b7a39f432b4a7582c9c0c.png','2d275fd9e2c0e52c6c9435505667a9b601047bc5','dceccde6ab0b7a39f432b4a7582c9c0c'),(2430,'https://assets.mhw-db.com/weapons/heavy-bowgun/f3c997481155141567ea9f3fb189932f87396210.e5d2d3f072069c1ba6da358c4bd5cb50.png','f3c997481155141567ea9f3fb189932f87396210','e5d2d3f072069c1ba6da358c4bd5cb50'),(2431,'https://assets.mhw-db.com/weapons/heavy-bowgun/5f2c0d5b89cf28cea650f76a05d1ef393e1c2657.e083303dfe69513ec6e4cd3bb0570f29.png','5f2c0d5b89cf28cea650f76a05d1ef393e1c2657','e083303dfe69513ec6e4cd3bb0570f29'),(2432,'https://assets.mhw-db.com/weapons/heavy-bowgun/78b44abf3f9b566a7f84d79c8ebde620b4c41e5d.83d5f63b92198974e0de8b35ed9a8d2d.png','78b44abf3f9b566a7f84d79c8ebde620b4c41e5d','83d5f63b92198974e0de8b35ed9a8d2d'),(2433,'https://assets.mhw-db.com/weapons/heavy-bowgun/6cbf168d375b13fd51ba0e78bf4417293694dbda.50d7d2a412c6db5fd2043c8c92e029fe.png','6cbf168d375b13fd51ba0e78bf4417293694dbda','50d7d2a412c6db5fd2043c8c92e029fe'),(2434,'https://assets.mhw-db.com/weapons/heavy-bowgun/1c2443386f201635da8f30e4a258a15e276c1e77.74c192fccd1737c19229a1dab0f7843e.png','1c2443386f201635da8f30e4a258a15e276c1e77','74c192fccd1737c19229a1dab0f7843e'),(2435,'https://assets.mhw-db.com/weapons/heavy-bowgun/1531302d07423a434f2b9eca0a7000d282bcee95.2800dc18176147c712caf00973e31e74.png','1531302d07423a434f2b9eca0a7000d282bcee95','2800dc18176147c712caf00973e31e74'),(2436,'https://assets.mhw-db.com/weapons/heavy-bowgun/01a9c9ed099086f00a7a02f4cfd832d630ff6990.23aa713611af8f60a02b62406eccd20d.png','01a9c9ed099086f00a7a02f4cfd832d630ff6990','23aa713611af8f60a02b62406eccd20d'),(2437,'https://assets.mhw-db.com/weapons/heavy-bowgun/a799d6c1cc0dd7aa548aa8868f5898c69dee4c4b.8081939503799eb6fc564f1913f0c221.png','a799d6c1cc0dd7aa548aa8868f5898c69dee4c4b','8081939503799eb6fc564f1913f0c221'),(2438,'https://assets.mhw-db.com/weapons/heavy-bowgun/1ee2e3422cb375933fc13d9914678a486ee6a329.3aa984f2b18ef1b980d078386dd2705a.png','1ee2e3422cb375933fc13d9914678a486ee6a329','3aa984f2b18ef1b980d078386dd2705a'),(2439,'https://assets.mhw-db.com/weapons/bow/1aea9e566dc8e89583bd3cb45881b61fe0277ff7.bb1095cf01ff8b08daa0d1f67ce80dc7.png','1aea9e566dc8e89583bd3cb45881b61fe0277ff7','bb1095cf01ff8b08daa0d1f67ce80dc7'),(2440,'https://assets.mhw-db.com/weapons/bow/6cab76b7df2a8a1b83e43d4aa012a27a192366ed.8a8596d747920f015355c07a02e58a40.png','6cab76b7df2a8a1b83e43d4aa012a27a192366ed','8a8596d747920f015355c07a02e58a40'),(2441,'https://assets.mhw-db.com/weapons/bow/3abd2f313a27a467174259a544e07287cfd62658.31e22df45eab9031d8cb846ef9be216b.png','3abd2f313a27a467174259a544e07287cfd62658','31e22df45eab9031d8cb846ef9be216b'),(2442,'https://assets.mhw-db.com/weapons/bow/09358cb0b4e954a44558e37b5b13adb45c9bc155.3c0838dc23611420563ae4edaae73c45.png','09358cb0b4e954a44558e37b5b13adb45c9bc155','3c0838dc23611420563ae4edaae73c45'),(2443,'https://assets.mhw-db.com/weapons/bow/aa0c83c7bbdc4599b00a906ef63aecb15879ec75.94fca5e43c2b0aebb1c65c3320182c00.png','aa0c83c7bbdc4599b00a906ef63aecb15879ec75','94fca5e43c2b0aebb1c65c3320182c00'),(2444,'https://assets.mhw-db.com/weapons/bow/2ca7c57b68713546201b9689a09b251fabf6623c.dd6989ca4b359691d2a125ab527bb70e.png','2ca7c57b68713546201b9689a09b251fabf6623c','dd6989ca4b359691d2a125ab527bb70e'),(2445,'https://assets.mhw-db.com/weapons/bow/9ed3827fb89b3438ccc2bc5d310870f5253a3c4d.3f5c4a34f727e1ebc9b808730d223597.png','9ed3827fb89b3438ccc2bc5d310870f5253a3c4d','3f5c4a34f727e1ebc9b808730d223597'),(2446,'https://assets.mhw-db.com/weapons/bow/d2f68200cb3c5aa80f8f5eb504cabb2b8f0e7896.834d4f9a11c646bae212f1cc75217995.png','d2f68200cb3c5aa80f8f5eb504cabb2b8f0e7896','834d4f9a11c646bae212f1cc75217995'),(2447,'https://assets.mhw-db.com/weapons/bow/da6b2aa502a01e20c490e3aa06ba757d2a354ef5.31374bbdce0afa0aed0a5009dd9eb790.png','da6b2aa502a01e20c490e3aa06ba757d2a354ef5','31374bbdce0afa0aed0a5009dd9eb790'),(2448,'https://assets.mhw-db.com/weapons/bow/cc76c3549aa43a534b7ada5d019706e126b8ef78.38934669adc3eb5124842e8e9f0012d2.png','cc76c3549aa43a534b7ada5d019706e126b8ef78','38934669adc3eb5124842e8e9f0012d2'),(2449,'https://assets.mhw-db.com/weapons/bow/2b9dfd4f64f50fddc5e0016fb21217a531809af5.61f678d6775dc548f1ca42849a491d74.png','2b9dfd4f64f50fddc5e0016fb21217a531809af5','61f678d6775dc548f1ca42849a491d74'),(2450,'https://assets.mhw-db.com/weapons/bow/7b8efa20d08b835c38dcae478cca2fb424f6070d.1e92ea7537ff608c0d56ba82f25620e6.png','7b8efa20d08b835c38dcae478cca2fb424f6070d','1e92ea7537ff608c0d56ba82f25620e6'),(2451,'https://assets.mhw-db.com/weapons/bow/449936723e0076e5d0a62c652317781c549be2a1.7acd8b04db7311a7530536b984a05cdf.png','449936723e0076e5d0a62c652317781c549be2a1','7acd8b04db7311a7530536b984a05cdf'),(2452,'https://assets.mhw-db.com/weapons/bow/0be5eccb424c773b3ebb7d39140fa9201260a855.b50e401dd0a6738c355bb6784d7c07e1.png','0be5eccb424c773b3ebb7d39140fa9201260a855','b50e401dd0a6738c355bb6784d7c07e1'),(2453,'https://assets.mhw-db.com/weapons/bow/7ad709e695da79fb0dde460a85532162a923d029.fcbce05c5ebe4e40ed03583cae2eec40.png','7ad709e695da79fb0dde460a85532162a923d029','fcbce05c5ebe4e40ed03583cae2eec40'),(2454,'https://assets.mhw-db.com/weapons/bow/bb2ed0b9aaa249f50bc118bb792bbdb4fe107a6b.e75fa37a1a79319a2dae25a2623fc7bf.png','bb2ed0b9aaa249f50bc118bb792bbdb4fe107a6b','e75fa37a1a79319a2dae25a2623fc7bf'),(2455,'https://assets.mhw-db.com/weapons/bow/e314b17a17c3d5694656319e03c605555b7ffebb.b0076944ab8173295841ce7c700722cf.png','e314b17a17c3d5694656319e03c605555b7ffebb','b0076944ab8173295841ce7c700722cf'),(2456,'https://assets.mhw-db.com/weapons/bow/cbd9f5f49c50b65999998cba057b16db3fcaa3bc.53476dc202fa5c3f651e034a04086fa8.png','cbd9f5f49c50b65999998cba057b16db3fcaa3bc','53476dc202fa5c3f651e034a04086fa8'),(2457,'https://assets.mhw-db.com/weapons/bow/c39b6df7ae5406c3b86e2675e257ba3b5ea32271.0347b8f5389ef8d70e70dfa34d1fbfab.png','c39b6df7ae5406c3b86e2675e257ba3b5ea32271','0347b8f5389ef8d70e70dfa34d1fbfab'),(2458,'https://assets.mhw-db.com/weapons/bow/9afae68eaee1845036a6680989163f150afc6714.82fc543cc2b29f378d4f4c85351dfea3.png','9afae68eaee1845036a6680989163f150afc6714','82fc543cc2b29f378d4f4c85351dfea3'),(2459,'https://assets.mhw-db.com/weapons/bow/fac4abb855ad938568ad2336eda9aec4b96bf56b.2e18980a1f94d23cc6286cf01d534ec4.png','fac4abb855ad938568ad2336eda9aec4b96bf56b','2e18980a1f94d23cc6286cf01d534ec4'),(2460,'https://assets.mhw-db.com/weapons/bow/b2431f658aa2a4975c2396172fa8508720adda0a.d13cc55548eb2a45549058a3ab3f581e.png','b2431f658aa2a4975c2396172fa8508720adda0a','d13cc55548eb2a45549058a3ab3f581e'),(2461,'https://assets.mhw-db.com/weapons/bow/c9b3d18a99adcd85c3850fa1d3605a35d43976ed.5e0b286b5f776a4244c1ba96a9b6a8df.png','c9b3d18a99adcd85c3850fa1d3605a35d43976ed','5e0b286b5f776a4244c1ba96a9b6a8df'),(2462,'https://assets.mhw-db.com/weapons/bow/594e3ea2c31d5bf190f11500ea7e4337b89f4d70.2f5991ac81acc5816ce28c84f47fa948.png','594e3ea2c31d5bf190f11500ea7e4337b89f4d70','2f5991ac81acc5816ce28c84f47fa948'),(2463,'https://assets.mhw-db.com/weapons/bow/d125ebb5f750ba0fd3522f1b039d9a1476ed8506.5e611ad8207c199a5d4c6d4f0b1e11a8.png','d125ebb5f750ba0fd3522f1b039d9a1476ed8506','5e611ad8207c199a5d4c6d4f0b1e11a8'),(2464,'https://assets.mhw-db.com/weapons/bow/4efef4e7d4b93ac95a1ecd4bb12cdaef0335df4e.f8cb57c8f41b67631d89a975a1ed9f2e.png','4efef4e7d4b93ac95a1ecd4bb12cdaef0335df4e','f8cb57c8f41b67631d89a975a1ed9f2e'),(2465,'https://assets.mhw-db.com/weapons/bow/bdc6dabb77dbbe6af455b53bb39da663f4b41bb5.0902c2a56f72f85fe942afafaa900848.png','bdc6dabb77dbbe6af455b53bb39da663f4b41bb5','0902c2a56f72f85fe942afafaa900848'),(2466,'https://assets.mhw-db.com/weapons/bow/4e5a719558a6dd6d51e0c24d6b5b43bbab8aa1a4.a1b46cb9ff9b8e4962602b3ea04709bb.png','4e5a719558a6dd6d51e0c24d6b5b43bbab8aa1a4','a1b46cb9ff9b8e4962602b3ea04709bb'),(2467,'https://assets.mhw-db.com/weapons/bow/3ee79994e178c1e027204170dbfea62200ac3d73.c19298b2c8422b27d9129c8ddd322bb1.png','3ee79994e178c1e027204170dbfea62200ac3d73','c19298b2c8422b27d9129c8ddd322bb1'),(2468,'https://assets.mhw-db.com/weapons/bow/e71e0eda0f13f95efe4ae85cc4129349bdb8f7f5.c82de94612a2b01d60d426a4a76985de.png','e71e0eda0f13f95efe4ae85cc4129349bdb8f7f5','c82de94612a2b01d60d426a4a76985de'),(2469,'https://assets.mhw-db.com/weapons/bow/5039f1190d158182d584c8d55d0bf80a1ad82d55.92747094a8b721adda438025db715acb.png','5039f1190d158182d584c8d55d0bf80a1ad82d55','92747094a8b721adda438025db715acb'),(2470,'https://assets.mhw-db.com/weapons/bow/b9ef27713c1959475e5620b2f73459d57f504423.d0f0c2c38b3d876df6cb9003de34fb60.png','b9ef27713c1959475e5620b2f73459d57f504423','d0f0c2c38b3d876df6cb9003de34fb60'),(2471,'https://assets.mhw-db.com/weapons/sword-and-shield/50060e59cc5656c00152d77953ef86c48cd303e1.828601e486d41575dfaaf6aae4552493.png','50060e59cc5656c00152d77953ef86c48cd303e1','828601e486d41575dfaaf6aae4552493'),(2472,'https://assets.mhw-db.com/weapons/sword-and-shield/a9a2ae7a492a8548044fc4acfc03e6a4d3683923.9ec7bf1e37bfa5bca40ddc05fddbc612.png','a9a2ae7a492a8548044fc4acfc03e6a4d3683923','9ec7bf1e37bfa5bca40ddc05fddbc612'),(2473,'https://assets.mhw-db.com/weapons/dual-blades/068fc16617d07ff76f71edc46a6d9e3c2c845cc6.0504fe3a52b39cd35f1fba967b781812.png','068fc16617d07ff76f71edc46a6d9e3c2c845cc6','0504fe3a52b39cd35f1fba967b781812'),(2474,'https://assets.mhw-db.com/weapons/dual-blades/93675126d4822e587d2da04d3cead72e04a6a7e7.dc81dbff74e80b8415b6f6fe081d20d0.png','93675126d4822e587d2da04d3cead72e04a6a7e7','dc81dbff74e80b8415b6f6fe081d20d0'),(2475,'https://assets.mhw-db.com/weapons/hammer/eb76a6b3919a4f1fa15daf6572a186ba9974d852.0e6c324736c683b754625ba21769846e.png','eb76a6b3919a4f1fa15daf6572a186ba9974d852','0e6c324736c683b754625ba21769846e'),(2476,'https://assets.mhw-db.com/weapons/hammer/576b1d278a6c02af96e900a28b9e8986c319e7fb.d09efd4e0e431f24c98b2e270414fc55.png','576b1d278a6c02af96e900a28b9e8986c319e7fb','d09efd4e0e431f24c98b2e270414fc55'),(2477,'https://assets.mhw-db.com/weapons/hunting-horn/6ba071379f8eb8e55a0f3f6ac71c66e2e4c50060.64490a0b9f282195cf43e45b109823e3.png','6ba071379f8eb8e55a0f3f6ac71c66e2e4c50060','64490a0b9f282195cf43e45b109823e3'),(2478,'https://assets.mhw-db.com/weapons/hunting-horn/30ddaf7793c9d8e739de0208829e0e8f7adc6b0d.a960e390c2b8025a50b87749a1da2cf2.png','30ddaf7793c9d8e739de0208829e0e8f7adc6b0d','a960e390c2b8025a50b87749a1da2cf2'),(2479,'https://assets.mhw-db.com/weapons/lance/0b809ee52de9fa21772f0521c62741df60cccffa.4ca64716e0a19b543b6a5a5f14b67a9e.png','0b809ee52de9fa21772f0521c62741df60cccffa','4ca64716e0a19b543b6a5a5f14b67a9e'),(2480,'https://assets.mhw-db.com/weapons/lance/dd1ea0c118abc9669e21526fa5f30ea38918f9e5.ade665eaac83a07e72e2ed184eeb15d4.png','dd1ea0c118abc9669e21526fa5f30ea38918f9e5','ade665eaac83a07e72e2ed184eeb15d4'),(2481,'https://assets.mhw-db.com/weapons/gunlance/70f7cbf72e2d0bf119c0fd791aa97b101e81f82c.87c5976e37b2d1de1264406a882d1309.png','70f7cbf72e2d0bf119c0fd791aa97b101e81f82c','87c5976e37b2d1de1264406a882d1309'),(2482,'https://assets.mhw-db.com/weapons/gunlance/a031232ba16edbb2575a9f4919f2d1607b8252a2.a078cf0ccac61d96a90901ada9a55c3b.png','a031232ba16edbb2575a9f4919f2d1607b8252a2','a078cf0ccac61d96a90901ada9a55c3b'),(2483,'https://assets.mhw-db.com/weapons/switch-axe/eaef30fdd7081db473edbc8444c3417af5232b4d.b8c8b6880a32e984840db92eac6756f4.png','eaef30fdd7081db473edbc8444c3417af5232b4d','b8c8b6880a32e984840db92eac6756f4'),(2484,'https://assets.mhw-db.com/weapons/charge-blade/6caddfad8653b5da94520b6bc44ed137ded5eb80.e05e73e9da3a980ae38b7f63a07ff02f.png','6caddfad8653b5da94520b6bc44ed137ded5eb80','e05e73e9da3a980ae38b7f63a07ff02f'),(2485,'https://assets.mhw-db.com/weapons/insect-glaive/c75e5b98de738d257a4e91d7f12d205370f29399.ff434cd699104d6aed1170b720b46c8d.png','c75e5b98de738d257a4e91d7f12d205370f29399','ff434cd699104d6aed1170b720b46c8d'),(2486,'https://assets.mhw-db.com/weapons/insect-glaive/5f2b8f93be10be3358e12c8d08c4a3777217499f.bfec97a987343883f25db2d661715f06.png','5f2b8f93be10be3358e12c8d08c4a3777217499f','bfec97a987343883f25db2d661715f06'),(2487,'https://assets.mhw-db.com/weapons/light-bowgun/949ec1e402f37dcddf87df7a27b209b274041a39.7e2073832180babfb3990e2424b99dee.png','949ec1e402f37dcddf87df7a27b209b274041a39','7e2073832180babfb3990e2424b99dee'),(2488,'https://assets.mhw-db.com/weapons/heavy-bowgun/c9d78656dcb9180dde86c933206a96cc5b820694.d69af21ab3a3fc7f2a06426d3ba01901.png','c9d78656dcb9180dde86c933206a96cc5b820694','d69af21ab3a3fc7f2a06426d3ba01901'),(2489,'https://assets.mhw-db.com/weapons/bow/3089bfb72b2cd58d1e75d1e3a54bd074edd9452e.e181b796b07091e313c11d2e56695168.png','3089bfb72b2cd58d1e75d1e3a54bd074edd9452e','e181b796b07091e313c11d2e56695168'),(2490,'https://assets.mhw-db.com/weapons/bow/91eb179c364c44ef194a8510f032ec9920f6c71f.8f5efe9eb8cb226aceddf426364a555e.png','91eb179c364c44ef194a8510f032ec9920f6c71f','8f5efe9eb8cb226aceddf426364a555e'),(2491,'https://assets.mhw-db.com/weapons/bow/bb1bab98786e898ceeb73892a9fa2b06873cc2fe.99e95818bb4ff0ed1ed282ba3a22fd15.png','bb1bab98786e898ceeb73892a9fa2b06873cc2fe','99e95818bb4ff0ed1ed282ba3a22fd15'),(2492,'https://assets.mhw-db.com/weapons/long-sword/fa8afe205e7b91800c2acc184b5b34de6ba8b1a3.b733be3c6962b264c1d342d667796a97.png','fa8afe205e7b91800c2acc184b5b34de6ba8b1a3','b733be3c6962b264c1d342d667796a97');
/*!40000 ALTER TABLE `assets` ENABLE KEYS */;
UNLOCK TABLES;

--
-- Table structure for table `charm_rank_crafting_info`
--

DROP TABLE IF EXISTS `charm_rank_crafting_info`;
/*!40101 SET @saved_cs_client     = @@character_set_client */;
/*!40101 SET character_set_client = utf8 */;
CREATE TABLE `charm_rank_crafting_info` (
  `id` int(10) unsigned NOT NULL AUTO_INCREMENT,
  `craftable` tinyint(1) NOT NULL,
  `materials_length` int(10) unsigned NOT NULL DEFAULT 0,
  PRIMARY KEY (`id`)
) ENGINE=InnoDB AUTO_INCREMENT=233 DEFAULT CHARSET=utf8mb4 COLLATE=utf8mb4_unicode_ci;
/*!40101 SET character_set_client = @saved_cs_client */;

--
-- Dumping data for table `charm_rank_crafting_info`
--

LOCK TABLES `charm_rank_crafting_info` WRITE;
/*!40000 ALTER TABLE `charm_rank_crafting_info` DISABLE KEYS */;
INSERT INTO `charm_rank_crafting_info` VALUES (1,1,4),(2,0,4),(3,0,4),(4,1,4),(5,0,4),(6,0,4),(7,1,4),(8,0,4),(9,0,4),(10,1,4),(11,0,4),(12,0,4),(13,1,4),(14,0,4),(15,0,4),(16,1,4),(17,0,4),(18,0,4),(19,1,4),(20,0,4),(21,0,4),(22,1,4),(23,0,4),(24,0,4),(25,1,4),(26,0,4),(27,0,4),(28,1,4),(29,0,4),(30,0,4),(31,1,4),(32,0,4),(33,0,4),(34,1,4),(35,0,4),(36,0,4),(37,1,4),(38,0,4),(39,0,4),(40,1,4),(41,0,4),(42,0,4),(43,1,4),(44,0,4),(45,0,4),(46,1,4),(47,0,4),(48,0,4),(49,1,4),(50,0,4),(51,0,4),(52,1,4),(53,0,4),(54,0,4),(55,1,4),(56,0,4),(57,0,4),(58,1,4),(59,0,4),(60,0,4),(61,1,4),(62,0,4),(63,0,4),(64,1,4),(65,0,4),(66,0,4),(67,1,4),(68,0,4),(69,0,4),(70,1,4),(71,0,4),(72,0,4),(73,1,4),(74,0,4),(75,0,4),(76,1,4),(77,0,4),(78,0,4),(79,1,4),(80,0,4),(81,0,4),(82,1,4),(83,0,4),(84,0,4),(85,1,4),(86,0,4),(87,0,4),(88,1,4),(89,0,4),(90,0,4),(91,1,4),(92,0,4),(93,0,4),(94,1,4),(95,0,4),(96,0,4),(97,1,4),(98,0,4),(99,0,4),(100,1,4),(101,0,4),(102,0,4),(103,1,4),(104,0,4),(105,0,4),(106,1,4),(107,0,4),(108,0,4),(109,1,4),(110,0,4),(111,1,4),(112,1,4),(113,1,4),(114,1,4),(115,1,4),(116,1,4),(117,0,4),(118,0,4),(119,1,4),(120,0,4),(121,0,4),(122,1,4),(123,0,4),(124,0,4),(125,1,4),(126,0,4),(127,0,4),(128,1,4),(129,0,4),(130,0,4),(131,1,4),(132,0,4),(133,0,4),(134,1,4),(135,0,4),(136,0,4),(137,1,4),(138,0,4),(139,0,4),(140,1,4),(141,0,4),(142,0,4),(143,1,4),(144,0,4),(145,0,4),(146,1,4),(147,0,4),(148,0,4),(149,1,4),(150,0,4),(151,0,4),(152,1,4),(153,0,4),(154,0,4),(155,1,4),(156,0,4),(157,1,4),(158,0,4),(159,1,4),(160,0,4),(161,1,4),(162,0,4),(163,0,4),(164,1,4),(165,0,4),(166,1,4),(167,0,4),(168,1,4),(169,0,4),(170,0,4),(171,1,4),(172,0,4),(173,1,4),(174,0,4),(175,1,4),(176,0,4),(177,0,4),(178,1,4),(179,1,4),(180,1,4),(181,1,4),(182,1,4),(183,0,4),(184,0,4),(185,1,4),(186,0,4),(187,0,4),(188,1,4),(189,0,4),(190,1,4),(191,0,4),(192,1,4),(193,0,4),(194,1,4),(195,0,4),(196,1,4),(197,0,4),(198,1,4),(199,0,4),(200,1,4),(201,0,4),(202,0,4),(203,1,8),(204,1,4),(205,0,4),(206,1,4),(207,0,4),(208,1,4),(209,0,4),(210,1,4),(211,0,4),(212,1,4),(213,0,4),(214,0,4),(215,1,4),(216,1,4),(217,1,4),(218,1,4),(219,1,4),(220,1,4),(221,0,4),(222,1,4),(223,1,4),(224,1,4),(225,1,4),(226,1,4),(227,1,4),(228,1,4),(229,1,4),(230,1,4),(231,1,4),(232,1,0);
/*!40000 ALTER TABLE `charm_rank_crafting_info` ENABLE KEYS */;
UNLOCK TABLES;

--
-- Table structure for table `charm_rank_crafting_info_crafting_material_costs`
--

DROP TABLE IF EXISTS `charm_rank_crafting_info_crafting_material_costs`;
/*!40101 SET @saved_cs_client     = @@character_set_client */;
/*!40101 SET character_set_client = utf8 */;
CREATE TABLE `charm_rank_crafting_info_crafting_material_costs` (
  `charm_rank_id` int(10) unsigned NOT NULL,
  `crafting_material_cost_id` int(10) unsigned NOT NULL,
  PRIMARY KEY (`charm_rank_id`,`crafting_material_cost_id`),
  KEY `IDX_8EEF4252DD94392C` (`crafting_material_cost_id`),
  CONSTRAINT `FK_8EEF42523BA5C9D1` FOREIGN KEY (`charm_rank_id`) REFERENCES `charm_rank_crafting_info` (`id`),
  CONSTRAINT `FK_8EEF4252DD94392C` FOREIGN KEY (`crafting_material_cost_id`) REFERENCES `crafting_material_costs` (`id`)
) ENGINE=InnoDB DEFAULT CHARSET=utf8mb4 COLLATE=utf8mb4_unicode_ci;
/*!40101 SET character_set_client = @saved_cs_client */;

--
-- Dumping data for table `charm_rank_crafting_info_crafting_material_costs`
--

LOCK TABLES `charm_rank_crafting_info_crafting_material_costs` WRITE;
/*!40000 ALTER TABLE `charm_rank_crafting_info_crafting_material_costs` DISABLE KEYS */;
INSERT INTO `charm_rank_crafting_info_crafting_material_costs` VALUES (1,27205),(1,27206),(1,27207),(1,27208),(2,27209),(2,27210),(2,27211),(2,27212),(3,27213),(3,27214),(3,27215),(3,27216),(4,27217),(4,27218),(4,27219),(4,27220),(5,27221),(5,27222),(5,27223),(5,27224),(6,27225),(6,27226),(6,27227),(6,27228),(7,27229),(7,27230),(7,27231),(7,27232),(8,27233),(8,27234),(8,27235),(8,27236),(9,27237),(9,27238),(9,27239),(9,27240),(10,27241),(10,27242),(10,27243),(10,27244),(11,27245),(11,27246),(11,27247),(11,27248),(12,27249),(12,27250),(12,27251),(12,27252),(13,27253),(13,27254),(13,27255),(13,27256),(14,27257),(14,27258),(14,27259),(14,27260),(15,27261),(15,27262),(15,27263),(15,27264),(16,27265),(16,27266),(16,27267),(16,27268),(17,27269),(17,27270),(17,27271),(17,27272),(18,27273),(18,27274),(18,27275),(18,27276),(19,27277),(19,27278),(19,27279),(19,27280),(20,27281),(20,27282),(20,27283),(20,27284),(21,27285),(21,27286),(21,27287),(21,27288),(22,27289),(22,27290),(22,27291),(22,27292),(23,27293),(23,27294),(23,27295),(23,27296),(24,27297),(24,27298),(24,27299),(24,27300),(25,27301),(25,27302),(25,27303),(25,27304),(26,27305),(26,27306),(26,27307),(26,27308),(27,27309),(27,27310),(27,27311),(27,27312),(28,27313),(28,27314),(28,27315),(28,27316),(29,27317),(29,27318),(29,27319),(29,27320),(30,27321),(30,27322),(30,27323),(30,27324),(31,27325),(31,27326),(31,27327),(31,27328),(32,27329),(32,27330),(32,27331),(32,27332),(33,27333),(33,27334),(33,27335),(33,27336),(34,27337),(34,27338),(34,27339),(34,27340),(35,27341),(35,27342),(35,27343),(35,27344),(36,27345),(36,27346),(36,27347),(36,27348),(37,27349),(37,27350),(37,27351),(37,27352),(38,27353),(38,27354),(38,27355),(38,27356),(39,27357),(39,27358),(39,27359),(39,27360),(40,27361),(40,27362),(40,27363),(40,27364),(41,27365),(41,27366),(41,27367),(41,27368),(42,27369),(42,27370),(42,27371),(42,27372),(43,27373),(43,27374),(43,27375),(43,27376),(44,27377),(44,27378),(44,27379),(44,27380),(45,27381),(45,27382),(45,27383),(45,27384),(46,27385),(46,27386),(46,27387),(46,27388),(47,27389),(47,27390),(47,27391),(47,27392),(48,27393),(48,27394),(48,27395),(48,27396),(49,27397),(49,27398),(49,27399),(49,27400),(50,27401),(50,27402),(50,27403),(50,27404),(51,27405),(51,27406),(51,27407),(51,27408),(52,27409),(52,27410),(52,27411),(52,27412),(53,27413),(53,27414),(53,27415),(53,27416),(54,27417),(54,27418),(54,27419),(54,27420),(55,27421),(55,27422),(55,27423),(55,27424),(56,27425),(56,27426),(56,27427),(56,27428),(57,27429),(57,27430),(57,27431),(57,27432),(58,27433),(58,27434),(58,27435),(58,27436),(59,27437),(59,27438),(59,27439),(59,27440),(60,27441),(60,27442),(60,27443),(60,27444),(61,27445),(61,27446),(61,27447),(61,27448),(62,27449),(62,27450),(62,27451),(62,27452),(63,27453),(63,27454),(63,27455),(63,27456),(64,27457),(64,27458),(64,27459),(64,27460),(65,27461),(65,27462),(65,27463),(65,27464),(66,27465),(66,27466),(66,27467),(66,27468),(67,27469),(67,27470),(67,27471),(67,27472),(68,27473),(68,27474),(68,27475),(68,27476),(69,27477),(69,27478),(69,27479),(69,27480),(70,27481),(70,27482),(70,27483),(70,27484),(71,27485),(71,27486),(71,27487),(71,27488),(72,27489),(72,27490),(72,27491),(72,27492),(73,27493),(73,27494),(73,27495),(73,27496),(74,27497),(74,27498),(74,27499),(74,27500),(75,27501),(75,27502),(75,27503),(75,27504),(76,27505),(76,27506),(76,27507),(76,27508),(77,27509),(77,27510),(77,27511),(77,27512),(78,27513),(78,27514),(78,27515),(78,27516),(79,27517),(79,27518),(79,27519),(79,27520),(80,27521),(80,27522),(80,27523),(80,27524),(81,27525),(81,27526),(81,27527),(81,27528),(82,27529),(82,27530),(82,27531),(82,27532),(83,27533),(83,27534),(83,27535),(83,27536),(84,27537),(84,27538),(84,27539),(84,27540),(85,27541),(85,27542),(85,27543),(85,27544),(86,27545),(86,27546),(86,27547),(86,27548),(87,27549),(87,27550),(87,27551),(87,27552),(88,27553),(88,27554),(88,27555),(88,27556),(89,27557),(89,27558),(89,27559),(89,27560),(90,27561),(90,27562),(90,27563),(90,27564),(91,27565),(91,27566),(91,27567),(91,27568),(92,27569),(92,27570),(92,27571),(92,27572),(93,27573),(93,27574),(93,27575),(93,27576),(94,27577),(94,27578),(94,27579),(94,27580),(95,27581),(95,27582),(95,27583),(95,27584),(96,27585),(96,27586),(96,27587),(96,27588),(97,27589),(97,27590),(97,27591),(97,27592),(98,27593),(98,27594),(98,27595),(98,27596),(99,27597),(99,27598),(99,27599),(99,27600),(100,27601),(100,27602),(100,27603),(100,27604),(101,27605),(101,27606),(101,27607),(101,27608),(102,27609),(102,27610),(102,27611),(102,27612),(103,27613),(103,27614),(103,27615),(103,27616),(104,27617),(104,27618),(104,27619),(104,27620),(105,27621),(105,27622),(105,27623),(105,27624),(106,27625),(106,27626),(106,27627),(106,27628),(107,27629),(107,27630),(107,27631),(107,27632),(108,27633),(108,27634),(108,27635),(108,27636),(109,27637),(109,27638),(109,27639),(109,27640),(110,27641),(110,27642),(110,27643),(110,27644),(111,27645),(111,27646),(111,27647),(111,27648),(112,27649),(112,27650),(112,27651),(112,27652),(113,27653),(113,27654),(113,27655),(113,27656),(114,27657),(114,27658),(114,27659),(114,27660),(115,27661),(115,27662),(115,27663),(115,27664),(116,27665),(116,27666),(116,27667),(116,27668),(117,27669),(117,27670),(117,27671),(117,27672),(118,27673),(118,27674),(118,27675),(118,27676),(119,27677),(119,27678),(119,27679),(119,27680),(120,27681),(120,27682),(120,27683),(120,27684),(121,27685),(121,27686),(121,27687),(121,27688),(122,27689),(122,27690),(122,27691),(122,27692),(123,27693),(123,27694),(123,27695),(123,27696),(124,27697),(124,27698),(124,27699),(124,27700),(125,27701),(125,27702),(125,27703),(125,27704),(126,27705),(126,27706),(126,27707),(126,27708),(127,27709),(127,27710),(127,27711),(127,27712),(128,27713),(128,27714),(128,27715),(128,27716),(129,27717),(129,27718),(129,27719),(129,27720),(130,27721),(130,27722),(130,27723),(130,27724),(131,27725),(131,27726),(131,27727),(131,27728),(132,27729),(132,27730),(132,27731),(132,27732),(133,27733),(133,27734),(133,27735),(133,27736),(134,27737),(134,27738),(134,27739),(134,27740),(135,27741),(135,27742),(135,27743),(135,27744),(136,27745),(136,27746),(136,27747),(136,27748),(137,27749),(137,27750),(137,27751),(137,27752),(138,27753),(138,27754),(138,27755),(138,27756),(139,27757),(139,27758),(139,27759),(139,27760),(140,27761),(140,27762),(140,27763),(140,27764),(141,27765),(141,27766),(141,27767),(141,27768),(142,27769),(142,27770),(142,27771),(142,27772),(143,27773),(143,27774),(143,27775),(143,27776),(144,27777),(144,27778),(144,27779),(144,27780),(145,27781),(145,27782),(145,27783),(145,27784),(146,27785),(146,27786),(146,27787),(146,27788),(147,27789),(147,27790),(147,27791),(147,27792),(148,27793),(148,27794),(148,27795),(148,27796),(149,27797),(149,27798),(149,27799),(149,27800),(150,27801),(150,27802),(150,27803),(150,27804),(151,27805),(151,27806),(151,27807),(151,27808),(152,27809),(152,27810),(152,27811),(152,27812),(153,27813),(153,27814),(153,27815),(153,27816),(154,27817),(154,27818),(154,27819),(154,27820),(155,27821),(155,27822),(155,27823),(155,27824),(156,27825),(156,27826),(156,27827),(156,27828),(157,27829),(157,27830),(157,27831),(157,27832),(158,27833),(158,27834),(158,27835),(158,27836),(159,27837),(159,27838),(159,27839),(159,27840),(160,27841),(160,27842),(160,27843),(160,27844),(161,27845),(161,27846),(161,27847),(161,27848),(162,27849),(162,27850),(162,27851),(162,27852),(163,27853),(163,27854),(163,27855),(163,27856),(164,27857),(164,27858),(164,27859),(164,27860),(165,27861),(165,27862),(165,27863),(165,27864),(166,27865),(166,27866),(166,27867),(166,27868),(167,27869),(167,27870),(167,27871),(167,27872),(168,27873),(168,27874),(168,27875),(168,27876),(169,27877),(169,27878),(169,27879),(169,27880),(170,27881),(170,27882),(170,27883),(170,27884),(171,27885),(171,27886),(171,27887),(171,27888),(172,27889),(172,27890),(172,27891),(172,27892),(173,27893),(173,27894),(173,27895),(173,27896),(174,27897),(174,27898),(174,27899),(174,27900),(175,27901),(175,27902),(175,27903),(175,27904),(176,27905),(176,27906),(176,27907),(176,27908),(177,27909),(177,27910),(177,27911),(177,27912),(178,27913),(178,27914),(178,27915),(178,27916),(179,27917),(179,27918),(179,27919),(179,27920),(180,27921),(180,27922),(180,27923),(180,27924),(181,27925),(181,27926),(181,27927),(181,27928),(182,27929),(182,27930),(182,27931),(182,27932),(183,27933),(183,27934),(183,27935),(183,27936),(184,27937),(184,27938),(184,27939),(184,27940),(185,27941),(185,27942),(185,27943),(185,27944),(186,27945),(186,27946),(186,27947),(186,27948),(187,27949),(187,27950),(187,27951),(187,27952),(188,27953),(188,27954),(188,27955),(188,27956),(189,27957),(189,27958),(189,27959),(189,27960),(190,27961),(190,27962),(190,27963),(190,27964),(191,27965),(191,27966),(191,27967),(191,27968),(192,27969),(192,27970),(192,27971),(192,27972),(193,27973),(193,27974),(193,27975),(193,27976),(194,27977),(194,27978),(194,27979),(194,27980),(195,27981),(195,27982),(195,27983),(195,27984),(196,27985),(196,27986),(196,27987),(196,27988),(197,27989),(197,27990),(197,27991),(197,27992),(198,27993),(198,27994),(198,27995),(198,27996),(199,27997),(199,27998),(199,27999),(199,28000),(200,28001),(200,28002),(200,28003),(200,28004),(201,28005),(201,28006),(201,28007),(201,28008),(202,28009),(202,28010),(202,28011),(202,28012),(203,28013),(203,28014),(203,28015),(203,28016),(203,28017),(203,28018),(203,28019),(203,28020),(204,28021),(204,28022),(204,28023),(204,28024),(205,28025),(205,28026),(205,28027),(205,28028),(206,28029),(206,28030),(206,28031),(206,28032),(207,28033),(207,28034),(207,28035),(207,28036),(208,28037),(208,28038),(208,28039),(208,28040),(209,28041),(209,28042),(209,28043),(209,28044),(210,28045),(210,28046),(210,28047),(210,28048),(211,28049),(211,28050),(211,28051),(211,28052),(212,28053),(212,28054),(212,28055),(212,28056),(213,28057),(213,28058),(213,28059),(213,28060),(214,28061),(214,28062),(214,28063),(214,28064),(215,28065),(215,28066),(215,28067),(215,28068),(216,28069),(216,28070),(216,28071),(216,28072),(217,28073),(217,28074),(217,28075),(217,28076),(218,28077),(218,28078),(218,28079),(218,28080),(219,28081),(219,28082),(219,28083),(219,28084),(220,28085),(220,28086),(220,28087),(220,28088),(221,28089),(221,28090),(221,28091),(221,28092),(222,28093),(222,28094),(222,28095),(222,28096),(223,28097),(223,28098),(223,28099),(223,28100),(224,28101),(224,28102),(224,28103),(224,28104),(225,28105),(225,28106),(225,28107),(225,28108),(226,28109),(226,28110),(226,28111),(226,28112),(227,28113),(227,28114),(227,28115),(227,28116),(228,28117),(228,28118),(228,28119),(228,28120),(229,28121),(229,28122),(229,28123),(229,28124),(230,28125),(230,28126),(230,28127),(230,28128),(231,28129),(231,28130),(231,28131),(231,28132);
/*!40000 ALTER TABLE `charm_rank_crafting_info_crafting_material_costs` ENABLE KEYS */;
UNLOCK TABLES;

--
-- Table structure for table `charm_ranks`
--

DROP TABLE IF EXISTS `charm_ranks`;
/*!40101 SET @saved_cs_client     = @@character_set_client */;
/*!40101 SET character_set_client = utf8 */;
CREATE TABLE `charm_ranks` (
  `id` int(10) unsigned NOT NULL AUTO_INCREMENT,
  `charm_id` int(10) unsigned NOT NULL,
  `name` varchar(64) COLLATE utf8mb4_unicode_ci NOT NULL,
  `level` smallint(6) NOT NULL,
  `crafting_id` int(10) unsigned DEFAULT NULL,
  `rarity` smallint(5) unsigned NOT NULL,
  `skills_length` int(10) unsigned NOT NULL DEFAULT 0,
  PRIMARY KEY (`id`),
  UNIQUE KEY `UNIQ_DF91C65523BE98B5` (`crafting_id`),
  KEY `IDX_DF91C65593E9261F` (`charm_id`),
  CONSTRAINT `FK_DF91C65523BE98B5` FOREIGN KEY (`crafting_id`) REFERENCES `charm_rank_crafting_info` (`id`),
  CONSTRAINT `FK_DF91C65593E9261F` FOREIGN KEY (`charm_id`) REFERENCES `charms` (`id`)
) ENGINE=InnoDB AUTO_INCREMENT=233 DEFAULT CHARSET=utf8mb4 COLLATE=utf8mb4_unicode_ci;
/*!40101 SET character_set_client = @saved_cs_client */;

--
-- Dumping data for table `charm_ranks`
--

LOCK TABLES `charm_ranks` WRITE;
/*!40000 ALTER TABLE `charm_ranks` DISABLE KEYS */;
INSERT INTO `charm_ranks` VALUES (1,234,'Poison Charm 1',1,1,3,1),(2,234,'Poison Charm 2',2,2,4,1),(3,234,'Poison Charm 3',3,3,5,1),(4,235,'Attack Charm 1',1,4,3,1),(5,235,'Attack Charm 2',2,5,4,1),(6,235,'Attack Charm 3',3,6,5,1),(7,236,'Defense Charm 1',1,7,3,1),(8,236,'Defense Charm 2',2,8,4,1),(9,236,'Defense Charm 3',3,9,5,1),(10,237,'Paralysis Charm 1',1,10,3,1),(11,237,'Paralysis Charm 2',2,11,4,1),(12,237,'Paralysis Charm 3',3,12,5,1),(13,238,'Sleep Charm 1',1,13,3,1),(14,238,'Sleep Charm 2',2,14,4,1),(15,238,'Sleep Charm 3',3,15,5,1),(16,239,'Stun Charm 1',1,16,3,1),(17,239,'Stun Charm 2',2,17,4,1),(18,239,'Stun Charm 3',3,18,6,1),(19,240,'Windproof Charm 1',1,19,3,1),(20,240,'Windproof Charm 2',2,20,4,1),(21,240,'Windproof Charm 3',3,21,5,1),(22,241,'Health Charm 1',1,22,5,1),(23,241,'Health Charm 2',2,23,6,1),(24,241,'Health Charm 3',3,24,7,1),(25,242,'Recovery Charm 1',1,25,0,1),(26,242,'Recovery Charm 2',2,26,0,1),(27,242,'Recovery Charm 3',3,27,0,1),(28,243,'Fire Charm 1',1,28,3,1),(29,243,'Fire Charm 2',2,29,4,1),(30,243,'Fire Charm 3',3,30,5,1),(31,244,'Water Charm 1',1,31,3,1),(32,244,'Water Charm 2',2,32,4,1),(33,244,'Water Charm 3',3,33,5,1),(34,245,'Thunder Charm 1',1,34,3,1),(35,245,'Thunder Charm 2',2,35,4,1),(36,245,'Thunder Charm 3',3,36,5,1),(37,246,'Blaze Charm 1',1,37,0,1),(38,246,'Blaze Charm 2',2,38,0,1),(39,246,'Blaze Charm 3',3,39,0,1),(40,247,'Flood Charm 1',1,40,0,1),(41,247,'Flood Charm 2',2,41,0,1),(42,247,'Flood Charm 3',3,42,0,1),(43,248,'Shock Charm 1',1,43,0,1),(44,248,'Shock Charm 2',2,44,0,1),(45,248,'Shock Charm 3',3,45,0,1),(46,249,'Venom Charm 1',1,46,3,1),(47,249,'Venom Charm 2',2,47,4,1),(48,249,'Venom Charm 3',3,48,5,1),(49,250,'Immobilize Charm 1',1,49,0,1),(50,250,'Immobilize Charm 2',2,50,0,1),(51,250,'Immobilize Charm 3',3,51,7,1),(52,251,'Tranq Charm 1',1,52,3,1),(53,251,'Tranq Charm 2',2,53,4,1),(54,251,'Tranq Charm 3',3,54,5,1),(55,252,'KO Charm 1',1,55,0,1),(56,252,'KO Charm 2',2,56,0,1),(57,252,'KO Charm 3',3,57,0,1),(58,253,'Enervate Charm 1',1,58,3,1),(59,253,'Enervate Charm 2',2,59,5,1),(60,253,'Enervate Charm 3',3,60,6,1),(61,254,'Artillery Charm 1',1,61,3,1),(62,254,'Artillery Charm 2',2,62,4,1),(63,254,'Artillery Charm 3',3,63,5,1),(64,255,'Hungerless Charm 1',1,64,0,1),(65,255,'Hungerless Charm 2',2,65,0,1),(66,255,'Hungerless Charm 3',3,66,0,1),(67,256,'Ironside Charm 1',1,67,3,1),(68,256,'Ironside Charm 2',2,68,4,1),(69,256,'Ironside Charm 3',3,69,5,1),(70,257,'Friendship Charm 1',1,70,3,1),(71,257,'Friendship Charm 2',2,71,4,1),(72,257,'Friendship Charm 3',3,72,5,1),(73,258,'Extension Charm 1',1,73,0,1),(74,258,'Extension Charm 2',2,74,0,1),(75,258,'Extension Charm 3',3,75,0,1),(76,259,'Glutton\'s Charm 1',1,76,3,1),(77,259,'Glutton\'s Charm 2',2,77,5,1),(78,259,'Glutton\'s Charm 3',3,78,4,1),(79,260,'Blessing Charm 1',1,79,3,1),(80,260,'Blessing Charm 2',2,80,4,1),(81,260,'Blessing Charm 3',3,81,5,1),(82,261,'Rally Charm 1',1,82,0,1),(83,261,'Rally Charm 2',2,83,0,1),(84,261,'Rally Charm 3',3,84,0,1),(85,262,'Botany Charm 1',1,85,0,1),(86,262,'Botany Charm 2',2,86,0,1),(87,262,'Botany Charm 3',3,87,0,1),(88,263,'Geology Charm 1',1,88,0,1),(89,263,'Geology Charm 2',2,89,0,1),(90,263,'Geology Charm 3',3,90,0,1),(91,264,'Slinger Charm 1',1,91,0,1),(92,264,'Slinger Charm 2',2,92,0,1),(93,264,'Slinger Charm 3',3,93,0,1),(94,265,'Stealth Charm 1',1,94,0,1),(95,265,'Stealth Charm 2',2,95,0,1),(96,265,'Stealth Charm 3',3,96,0,1),(97,266,'Smoke Charm 1',1,97,0,1),(98,266,'Smoke Charm 2',2,98,0,1),(99,266,'Smoke Charm 3',3,99,0,1),(100,267,'Mirewalker Charm 1',1,100,0,1),(101,267,'Mirewalker Charm 2',2,101,0,1),(102,267,'Mirewalker Charm 3',3,102,0,1),(103,268,'Insect Charm 1',1,103,3,1),(104,268,'Insect Charm 2',2,104,4,1),(105,268,'Insect Charm 3',3,105,5,1),(106,269,'Intimidator Charm 1',1,106,3,1),(107,269,'Intimidator Charm 2',2,107,4,1),(108,269,'Intimidator Charm 3',3,108,5,1),(109,270,'Heavy Artillery Charm 1',1,109,0,1),(110,270,'Heavy Artillery Charm 2',2,110,0,1),(111,271,'Light Eater\'s Charm',1,111,3,1),(112,272,'Tracker Charm',1,112,0,1),(113,273,'Fortification Charm',1,113,3,1),(114,274,'Performer\'s Charm',1,114,3,1),(115,275,'Capacity Charm',1,115,0,1),(116,276,'Bleed Charm 1',1,116,4,1),(117,276,'Bleed Charm 2',2,117,5,1),(118,276,'Bleed Charm 3',3,118,6,1),(119,277,'Speed Heal Charm 1',1,119,4,1),(120,277,'Speed Heal Charm 2',2,120,5,1),(121,277,'Speed Heal Charm 3',3,121,6,1),(122,278,'Ice Charm 1',1,122,0,1),(123,278,'Ice Charm 2',2,123,0,1),(124,278,'Ice Charm 3',3,124,0,1),(125,279,'Blight Charm 1',1,125,4,1),(126,279,'Blight Charm 2',2,126,5,1),(127,279,'Blight Charm 3',3,127,6,1),(128,280,'Frost Charm 1',1,128,0,1),(129,280,'Frost Charm 2',2,129,0,1),(130,280,'Frost Charm 3',3,130,0,1),(131,281,'Master\'s Charm 1',1,131,4,1),(132,281,'Master\'s Charm 2',2,132,6,1),(133,281,'Master\'s Charm 3',3,133,7,1),(134,282,'Evasion Charm 1',1,134,4,1),(135,282,'Evasion Charm 2',2,135,5,1),(136,282,'Evasion Charm 3',3,136,6,1),(137,283,'Sheath Charm 1',1,137,4,1),(138,283,'Sheath Charm 2',2,138,5,1),(139,283,'Sheath Charm 3',3,139,6,1),(140,284,'Whetstone Charm 1',1,140,4,1),(141,284,'Whetstone Charm 2',2,141,5,1),(142,284,'Whetstone Charm 3',3,142,6,1),(143,285,'Blast Charm 1',1,143,0,1),(144,285,'Blast Charm 2',2,144,0,1),(145,285,'Blast Charm 3',3,145,0,1),(146,286,'Dragon Charm 1',1,146,5,1),(147,286,'Dragon Charm 2',2,147,6,1),(148,286,'Dragon Charm 3',3,148,7,1),(149,287,'Wyrmsbane Charm 1',1,149,5,1),(150,287,'Wyrmsbane Charm 2',2,150,6,1),(151,287,'Wyrmsbane Charm 3',3,151,7,1),(152,288,'Demolition Charm 1',1,152,5,1),(153,288,'Demolition Charm 2',2,153,0,1),(154,288,'Demolition Charm 3',3,154,0,1),(155,289,'Draw Charm 1',1,155,5,1),(156,289,'Draw Charm 2',2,156,6,1),(157,290,'Trickshot Charm 1',1,157,0,2),(158,290,'Trickshot Charm 2',2,158,0,1),(159,291,'Marathon Charm 1',1,159,0,1),(160,291,'Marathon Charm 2',2,160,0,1),(161,292,'Fitness Charm 1',1,161,5,1),(162,292,'Fitness Charm 2',2,162,6,1),(163,292,'Fitness Charm 3',3,163,7,1),(164,293,'Surge Charm 1',1,164,5,1),(165,293,'Surge Charm 2',2,165,6,1),(166,294,'Leaping Charm 1',1,166,0,1),(167,294,'Leaping Charm 2',2,167,0,1),(168,295,'Bombardier Charm 1',1,168,5,1),(169,295,'Bombardier Charm 2',2,169,6,1),(170,295,'Bombardier Charm 3',3,170,7,1),(171,296,'Mushroom Charm 1',1,171,5,1),(172,296,'Mushroom Charm 2',2,172,6,1),(173,297,'Awakening Charm 1',1,173,5,1),(174,297,'Awakening Charm 2',2,174,6,1),(175,298,'Handicraft Charm 1',1,175,5,1),(176,298,'Handicraft Charm 2',2,176,6,1),(177,298,'Handicraft Charm 3',3,177,8,1),(178,299,'Mud Puppy Charm',1,178,5,2),(179,300,'Hunter\'s Life Charm',1,179,0,2),(180,301,'Procurer\'s Charm',1,180,5,2),(181,302,'Gatherer\'s Charm',1,181,5,2),(182,303,'Guard Charm 1',1,182,6,1),(183,303,'Guard Charm 2',2,183,7,1),(184,303,'Guard Charm 3',3,184,8,1),(185,304,'Earplugs Charm 1',1,185,6,1),(186,304,'Earplugs Charm 2',2,186,7,1),(187,304,'Earplugs Charm 3',3,187,8,1),(188,305,'Tremor Charm 1',1,188,6,1),(189,305,'Tremor Charm 2',2,189,7,1),(190,306,'Exploiter Charm 1',1,190,6,1),(191,306,'Exploiter Charm 2',2,191,7,1),(192,307,'Focus Charm 1',1,192,6,1),(193,307,'Focus Charm 2',2,193,7,1),(194,308,'Breaker Charm 1',1,194,6,1),(195,308,'Breaker Charm 2',2,195,7,1),(196,309,'Fury Charm 1',1,196,0,1),(197,309,'Fury Charm 2',2,197,0,1),(198,310,'Grit Charm 1',1,198,6,1),(199,310,'Grit Charm 2',2,199,7,1),(200,311,'Maintenance Charm 1',1,200,6,1),(201,311,'Maintenance Charm 2',2,201,7,1),(202,311,'Maintenance Charm 3',3,202,8,1),(203,312,'Power Charm 1',1,203,7,2),(204,313,'Challenger Charm 1',1,204,7,1),(205,313,'Challenger Charm 2',2,205,8,1),(206,314,'Unscathed Charm 1',1,206,7,1),(207,314,'Unscathed Charm 2',2,207,0,1),(208,315,'Mighty Charm 1',1,208,7,1),(209,315,'Mighty Charm 2',2,209,8,1),(210,316,'Impact Charm 1',1,210,7,1),(211,316,'Impact Charm 2',2,211,8,1),(212,317,'Miasma Charm 1',1,212,7,1),(213,317,'Miasma Charm 2',2,213,8,1),(214,317,'Miasma Charm 3',3,214,9,1),(215,318,'Normal Shots Charm',1,215,7,1),(216,319,'Clearmind Charm',1,216,7,2),(217,320,'Rider\'s Charm',1,217,7,2),(218,321,'Surveyor\'s Charm',1,218,7,2),(219,322,'Critical Charm 1',1,219,0,1),(220,323,'Invigorate Charm 1',1,220,7,1),(221,323,'Invigorate Charm 2',2,221,8,1),(222,324,'Penetration Charm',1,222,0,1),(223,325,'Dispersal Charm',1,223,8,1),(224,326,'Poison Coating Charm',1,224,0,1),(225,327,'Para Coating Charm',1,225,0,1),(226,328,'Sleep Coating Charm',1,226,0,1),(227,329,'Blast Coating Charm',1,227,0,1),(228,330,'Geomancy Charm',1,228,7,2),(229,331,'Gale Charm',1,229,0,2),(230,332,'Wyrmslayer Charm',1,230,8,2),(231,333,'Bulwark Charm',1,231,8,2),(232,334,'Fair Wind Charm',1,232,3,2);
/*!40000 ALTER TABLE `charm_ranks` ENABLE KEYS */;
UNLOCK TABLES;

--
-- Table structure for table `charm_ranks_skill_ranks`
--

DROP TABLE IF EXISTS `charm_ranks_skill_ranks`;
/*!40101 SET @saved_cs_client     = @@character_set_client */;
/*!40101 SET character_set_client = utf8 */;
CREATE TABLE `charm_ranks_skill_ranks` (
  `charm_rank_id` int(10) unsigned NOT NULL,
  `skill_rank_id` int(10) unsigned NOT NULL,
  PRIMARY KEY (`charm_rank_id`,`skill_rank_id`),
  KEY `IDX_B86027C63BA5C9D1` (`charm_rank_id`),
  KEY `IDX_B86027C66CE3F9A6` (`skill_rank_id`),
  CONSTRAINT `FK_B86027C63BA5C9D1` FOREIGN KEY (`charm_rank_id`) REFERENCES `charm_ranks` (`id`),
  CONSTRAINT `FK_B86027C66CE3F9A6` FOREIGN KEY (`skill_rank_id`) REFERENCES `skill_ranks` (`id`)
) ENGINE=InnoDB DEFAULT CHARSET=utf8mb4 COLLATE=utf8mb4_unicode_ci;
/*!40101 SET character_set_client = @saved_cs_client */;

--
-- Dumping data for table `charm_ranks_skill_ranks`
--

LOCK TABLES `charm_ranks_skill_ranks` WRITE;
/*!40000 ALTER TABLE `charm_ranks_skill_ranks` DISABLE KEYS */;
INSERT INTO `charm_ranks_skill_ranks` VALUES (1,1),(2,2),(3,3),(4,39),(5,40),(6,41),(7,46),(8,47),(9,48),(10,4),(11,5),(12,6),(13,7),(14,8),(15,9),(16,10),(17,11),(18,12),(19,28),(20,29),(21,30),(22,53),(23,54),(24,55),(25,56),(26,57),(27,58),(28,62),(29,63),(30,64),(31,65),(32,66),(33,67),(34,71),(35,72),(36,73),(37,80),(38,81),(39,82),(40,85),(41,86),(42,87),(43,95),(44,96),(45,97),(46,105),(47,106),(48,107),(49,108),(50,109),(51,110),(52,111),(53,112),(54,113),(55,153),(56,154),(57,155),(58,156),(59,157),(60,158),(61,190),(62,191),(63,192),(64,207),(65,208),(66,209),(67,218),(68,219),(69,220),(70,226),(71,227),(72,228),(73,231),(74,232),(75,233),(76,235),(77,236),(78,237),(79,252),(80,253),(81,254),(82,255),(83,256),(84,257),(85,260),(86,261),(87,262),(88,264),(89,265),(90,266),(91,270),(92,271),(93,272),(94,273),(95,274),(96,275),(97,282),(98,283),(99,284),(100,285),(101,286),(102,287),(103,291),(104,292),(105,293),(106,305),(107,306),(108,307),(109,193),(110,194),(111,234),(112,297),(113,179),(114,186),(115,187),(116,17),(117,18),(118,19),(119,59),(120,60),(121,61),(122,68),(123,69),(124,70),(125,77),(126,78),(127,79),(128,90),(129,91),(130,92),(131,123),(132,124),(133,125),(134,210),(135,211),(136,212),(137,223),(138,224),(139,225),(140,238),(141,239),(142,240),(143,14),(144,15),(145,16),(146,74),(147,75),(148,76),(149,100),(150,101),(151,102),(152,114),(153,115),(154,116),(155,147),(156,148),(157,36),(157,289),(158,189),(159,195),(160,196),(161,198),(162,199),(163,200),(164,204),(165,205),(166,215),(167,216),(168,241),(169,242),(170,243),(171,244),(172,245),(173,120),(174,121),(175,142),(176,143),(177,144),(178,13),(178,203),(179,247),(179,300),(180,248),(180,250),(181,249),(181,251),(182,20),(183,21),(184,22),(185,23),(186,24),(187,25),(188,33),(189,34),(190,133),(191,134),(192,136),(193,137),(194,150),(195,151),(196,180),(197,181),(198,174),(199,175),(200,301),(201,302),(202,303),(203,161),(203,162),(204,166),(205,167),(206,171),(207,172),(208,267),(209,268),(210,276),(211,277),(212,294),(213,295),(214,296),(215,117),(216,37),(216,38),(217,159),(217,281),(218,279),(218,290),(219,130),(220,139),(221,140),(222,118),(223,119),(224,328),(225,329),(226,330),(227,331),(228,298),(228,299),(229,160),(229,304),(230,100),(230,332),(231,185),(231,318),(232,39),(232,252);
/*!40000 ALTER TABLE `charm_ranks_skill_ranks` ENABLE KEYS */;
UNLOCK TABLES;

--
-- Table structure for table `charms`
--

DROP TABLE IF EXISTS `charms`;
/*!40101 SET @saved_cs_client     = @@character_set_client */;
/*!40101 SET character_set_client = utf8 */;
CREATE TABLE `charms` (
  `id` int(10) unsigned NOT NULL AUTO_INCREMENT,
  `name` varchar(64) COLLATE utf8_unicode_ci NOT NULL,
  `slug` varchar(64) COLLATE utf8_unicode_ci NOT NULL,
  `ranks_length` int(10) unsigned NOT NULL DEFAULT 0,
  PRIMARY KEY (`id`),
  UNIQUE KEY `UNIQ_5B50F9EF5E237E06` (`name`),
  UNIQUE KEY `UNIQ_5B50F9EF989D9B62` (`slug`)
) ENGINE=InnoDB AUTO_INCREMENT=335 DEFAULT CHARSET=utf8 COLLATE=utf8_unicode_ci;
/*!40101 SET character_set_client = @saved_cs_client */;

--
-- Dumping data for table `charms`
--

LOCK TABLES `charms` WRITE;
/*!40000 ALTER TABLE `charms` DISABLE KEYS */;
INSERT INTO `charms` VALUES (234,'Poison Charm','poison-charm',3),(235,'Attack Charm','attack-charm',3),(236,'Defense Charm','defense-charm',3),(237,'Paralysis Charm','paralysis-charm',3),(238,'Sleep Charm','sleep-charm',3),(239,'Stun Charm','stun-charm',3),(240,'Windproof Charm','windproof-charm',3),(241,'Health Charm','health-charm',3),(242,'Recovery Charm','recovery-charm',3),(243,'Fire Charm','fire-charm',3),(244,'Water Charm','water-charm',3),(245,'Thunder Charm','thunder-charm',3),(246,'Blaze Charm','blaze-charm',3),(247,'Flood Charm','flood-charm',3),(248,'Shock Charm','shock-charm',3),(249,'Venom Charm','venom-charm',3),(250,'Immobilize Charm','immobilize-charm',3),(251,'Tranq Charm','tranq-charm',3),(252,'KO Charm','ko-charm',3),(253,'Enervate Charm','enervate-charm',3),(254,'Artillery Charm','artillery-charm',3),(255,'Hungerless Charm','hungerless-charm',3),(256,'Ironside Charm','ironside-charm',3),(257,'Friendship Charm','friendship-charm',3),(258,'Extension Charm','extension-charm',3),(259,'Glutton\'s Charm','gluttons-charm',3),(260,'Blessing Charm','blessing-charm',3),(261,'Rally Charm','rally-charm',3),(262,'Botany Charm','botany-charm',3),(263,'Geology Charm','geology-charm',3),(264,'Slinger Charm','slinger-charm',3),(265,'Stealth Charm','stealth-charm',3),(266,'Smoke Charm','smoke-charm',3),(267,'Mirewalker Charm','mirewalker-charm',3),(268,'Insect Charm','insect-charm',3),(269,'Intimidator Charm','intimidator-charm',3),(270,'Heavy Artillery Charm','heavy-artillery-charm',2),(271,'Light Eater\'s Charm','light-eaters-charm',1),(272,'Tracker Charm','tracker-charm',1),(273,'Fortification Charm','fortification-charm',1),(274,'Performer\'s Charm','performers-charm',1),(275,'Capacity Charm','capacity-charm',1),(276,'Bleed Charm','bleed-charm',3),(277,'Speed Heal Charm','speed-heal-charm',3),(278,'Ice Charm','ice-charm',3),(279,'Blight Charm','blight-charm',3),(280,'Frost Charm','frost-charm',3),(281,'Master\'s Charm','masters-charm',3),(282,'Evasion Charm','evasion-charm',3),(283,'Sheath Charm','sheath-charm',3),(284,'Whetstone Charm','whetstone-charm',3),(285,'Blast Charm','blast-charm',3),(286,'Dragon Charm','dragon-charm',3),(287,'Wyrmsbane Charm','wyrmsbane-charm',3),(288,'Demolition Charm','demolition-charm',3),(289,'Draw Charm','draw-charm',2),(290,'Trickshot Charm','trickshot-charm',2),(291,'Marathon Charm','marathon-charm',2),(292,'Fitness Charm','fitness-charm',3),(293,'Surge Charm','surge-charm',2),(294,'Leaping Charm','leaping-charm',2),(295,'Bombardier Charm','bombardier-charm',3),(296,'Mushroom Charm','mushroom-charm',2),(297,'Awakening Charm','awakening-charm',2),(298,'Handicraft Charm','handicraft-charm',3),(299,'Mud Puppy Charm','mud-puppy-charm',1),(300,'Hunter\'s Life Charm','hunters-life-charm',1),(301,'Procurer\'s Charm','procurers-charm',1),(302,'Gatherer\'s Charm','gatherers-charm',1),(303,'Guard Charm','guard-charm',3),(304,'Earplugs Charm','earplugs-charm',3),(305,'Tremor Charm','tremor-charm',2),(306,'Exploiter Charm','exploiter-charm',2),(307,'Focus Charm','focus-charm',2),(308,'Breaker Charm','breaker-charm',2),(309,'Fury Charm','fury-charm',2),(310,'Grit Charm','grit-charm',2),(311,'Maintenance Charm','maintenance-charm',3),(312,'Power Charm','power-charm',1),(313,'Challenger Charm','challenger-charm',2),(314,'Unscathed Charm','unscathed-charm',2),(315,'Mighty Charm','mighty-charm',2),(316,'Impact Charm','impact-charm',2),(317,'Miasma Charm','miasma-charm',3),(318,'Normal Shots Charm','normal-shots-charm',1),(319,'Clearmind Charm','clearmind-charm',1),(320,'Rider\'s Charm','riders-charm',1),(321,'Surveyor\'s Charm','surveyors-charm',1),(322,'Critical Charm','critical-charm',1),(323,'Invigorate Charm','invigorate-charm',2),(324,'Penetration Charm','penetration-charm',1),(325,'Dispersal Charm','dispersal-charm',1),(326,'Poison Coating Charm','poison-coating-charm',1),(327,'Para Coating Charm','para-coating-charm',1),(328,'Sleep Coating Charm','sleep-coating-charm',1),(329,'Blast Coating Charm','blast-coating-charm',1),(330,'Geomancy Charm','geomancy-charm',1),(331,'Gale Charm','gale-charm',1),(332,'Wyrmslayer Charm','wyrmslayer-charm',1),(333,'Bulwark Charm','bulwark-charm',1),(334,'Fair Wind Charm','fair-wind-charm',1);
/*!40000 ALTER TABLE `charms` ENABLE KEYS */;
UNLOCK TABLES;

--
-- Table structure for table `crafting_material_costs`
--

DROP TABLE IF EXISTS `crafting_material_costs`;
/*!40101 SET @saved_cs_client     = @@character_set_client */;
/*!40101 SET character_set_client = utf8 */;
CREATE TABLE `crafting_material_costs` (
  `id` int(10) unsigned NOT NULL AUTO_INCREMENT,
  `item_id` int(10) unsigned NOT NULL,
  `quantity` int(10) unsigned NOT NULL,
  PRIMARY KEY (`id`),
  KEY `IDX_1B8FBFE6126F525E` (`item_id`),
  CONSTRAINT `FK_1B8FBFE6126F525E` FOREIGN KEY (`item_id`) REFERENCES `items` (`id`)
) ENGINE=InnoDB AUTO_INCREMENT=55884 DEFAULT CHARSET=utf8 COLLATE=utf8_unicode_ci;
/*!40101 SET character_set_client = @saved_cs_client */;

--
-- Dumping data for table `crafting_material_costs`
--

LOCK TABLES `crafting_material_costs` WRITE;
/*!40000 ALTER TABLE `crafting_material_costs` DISABLE KEYS */;
INSERT INTO `crafting_material_costs` VALUES (27205,231,1),(27206,232,2),(27207,121,4),(27208,127,1),(27209,236,2),(27210,235,2),(27211,123,3),(27212,128,1),(27213,351,1),(27214,349,2),(27215,126,1),(27216,129,1),(27217,136,4),(27218,139,4),(27219,124,1),(27220,127,1),(27221,137,3),(27222,143,1),(27223,125,1),(27224,128,1),(27225,153,2),(27226,483,1),(27227,142,2),(27228,129,1),(27229,118,4),(27230,117,4),(27231,124,1),(27232,127,1),(27233,119,6),(27234,118,8),(27235,125,1),(27236,128,1),(27237,120,6),(27238,119,8),(27239,126,1),(27240,129,1),(27241,303,1),(27242,304,2),(27243,141,6),(27244,127,1),(27245,308,2),(27246,161,4),(27247,123,3),(27248,128,1),(27249,428,1),(27250,423,2),(27251,126,1),(27252,129,1),(27253,314,1),(27254,312,2),(27255,122,3),(27256,127,1),(27257,317,1),(27258,312,3),(27259,123,3),(27260,128,1),(27261,396,1),(27262,393,2),(27263,126,1),(27264,129,1),(27265,288,1),(27266,287,2),(27267,122,4),(27268,127,1),(27269,292,2),(27270,291,2),(27271,125,1),(27272,128,1),(27273,368,3),(27274,367,2),(27275,142,2),(27276,129,1),(27277,296,3),(27278,295,5),(27279,122,3),(27280,127,1),(27281,300,3),(27282,173,2),(27283,123,1),(27284,128,1),(27285,355,3),(27286,351,1),(27287,125,1),(27288,129,1),(27289,278,1),(27290,276,3),(27291,121,3),(27292,127,1),(27293,282,1),(27294,277,2),(27295,123,3),(27296,128,1),(27297,411,1),(27298,409,2),(27299,142,2),(27300,129,1),(27301,278,1),(27302,277,2),(27303,121,3),(27304,127,1),(27305,284,2),(27306,281,1),(27307,125,1),(27308,128,1),(27309,411,1),(27310,409,2),(27311,142,2),(27312,129,1),(27313,268,1),(27314,265,2),(27315,141,3),(27316,127,1),(27317,273,1),(27318,271,2),(27319,121,4),(27320,128,1),(27321,483,1),(27322,351,1),(27323,165,3),(27324,129,1),(27325,249,3),(27326,248,3),(27327,121,6),(27328,127,1),(27329,253,3),(27330,252,2),(27331,122,4),(27332,128,1),(27333,483,1),(27334,173,1),(27335,167,3),(27336,129,1),(27337,258,1),(27338,257,2),(27339,138,6),(27340,127,1),(27341,262,1),(27342,261,2),(27343,121,4),(27344,128,1),(27345,483,1),(27346,173,1),(27347,171,3),(27348,129,1),(27349,268,1),(27350,265,2),(27351,141,3),(27352,127,1),(27353,390,3),(27354,389,2),(27355,121,6),(27356,128,1),(27357,428,1),(27358,423,2),(27359,165,3),(27360,129,1),(27361,249,2),(27362,248,2),(27363,121,3),(27364,127,1),(27365,253,3),(27366,252,2),(27367,122,6),(27368,128,1),(27369,419,1),(27370,417,2),(27371,167,3),(27372,129,1),(27373,258,2),(27374,257,2),(27375,138,4),(27376,127,1),(27377,262,2),(27378,261,2),(27379,121,6),(27380,128,1),(27381,375,1),(27382,374,2),(27383,171,3),(27384,129,1),(27385,278,1),(27386,277,1),(27387,121,3),(27388,127,1),(27389,284,2),(27390,281,1),(27391,119,4),(27392,128,1),(27393,483,1),(27394,282,1),(27395,159,3),(27396,129,1),(27397,303,2),(27398,304,2),(27399,141,4),(27400,127,1),(27401,308,1),(27402,309,2),(27403,119,4),(27404,128,1),(27405,483,1),(27406,173,1),(27407,161,3),(27408,129,1),(27409,314,1),(27410,312,2),(27411,122,3),(27412,127,1),(27413,317,1),(27414,312,3),(27415,119,4),(27416,128,1),(27417,483,1),(27418,419,1),(27419,163,3),(27420,129,1),(27421,314,1),(27422,312,2),(27423,122,3),(27424,127,1),(27425,317,1),(27426,312,3),(27427,141,6),(27428,128,1),(27429,428,1),(27430,423,2),(27431,126,1),(27432,129,1),(27433,240,2),(27434,239,2),(27435,121,3),(27436,127,1),(27437,240,3),(27438,245,2),(27439,141,6),(27440,128,1),(27441,365,1),(27442,359,3),(27443,142,2),(27444,129,1),(27445,268,1),(27446,265,2),(27447,141,3),(27448,127,1),(27449,273,1),(27450,271,2),(27451,125,1),(27452,128,1),(27453,428,1),(27454,423,2),(27455,126,1),(27456,129,1),(27457,210,2),(27458,209,4),(27459,122,3),(27460,127,1),(27461,203,6),(27462,202,8),(27463,124,1),(27464,128,1),(27465,173,1),(27466,120,5),(27467,143,1),(27468,129,1),(27469,314,1),(27470,312,2),(27471,122,3),(27472,127,1),(27473,317,1),(27474,312,3),(27475,125,1),(27476,128,1),(27477,419,1),(27478,417,2),(27479,126,1),(27480,129,1),(27481,288,2),(27482,287,2),(27483,122,4),(27484,127,1),(27485,292,1),(27486,291,2),(27487,125,1),(27488,128,1),(27489,174,1),(27490,483,1),(27491,142,2),(27492,129,1),(27493,223,2),(27494,222,2),(27495,138,4),(27496,127,1),(27497,284,2),(27498,281,1),(27499,125,1),(27500,128,1),(27501,483,1),(27502,433,1),(27503,126,1),(27504,129,1),(27505,215,2),(27506,216,2),(27507,138,4),(27508,127,1),(27509,273,1),(27510,271,2),(27511,125,1),(27512,128,1),(27513,411,1),(27514,409,2),(27515,137,2),(27516,129,1),(27517,296,2),(27518,293,3),(27519,140,4),(27520,127,1),(27521,300,2),(27522,297,4),(27523,136,6),(27524,128,1),(27525,483,1),(27526,143,1),(27527,142,2),(27528,129,1),(27529,444,1),(27530,146,1),(27531,124,1),(27532,127,1),(27533,444,2),(27534,124,2),(27535,136,6),(27536,128,1),(27537,444,3),(27538,483,2),(27539,137,2),(27540,129,1),(27541,138,3),(27542,139,3),(27543,124,1),(27544,127,1),(27545,137,3),(27546,143,1),(27547,121,6),(27548,128,1),(27549,483,1),(27550,125,1),(27551,137,2),(27552,129,1),(27553,118,4),(27554,117,4),(27555,124,1),(27556,127,1),(27557,119,6),(27558,118,8),(27559,124,2),(27560,128,1),(27561,483,1),(27562,125,1),(27563,126,1),(27564,129,1),(27565,314,1),(27566,312,2),(27567,122,3),(27568,127,1),(27569,317,1),(27570,312,3),(27571,143,1),(27572,128,1),(27573,483,1),(27574,172,1),(27575,126,1),(27576,129,1),(27577,215,2),(27578,216,2),(27579,124,1),(27580,127,1),(27581,390,3),(27582,389,2),(27583,143,3),(27584,128,1),(27585,483,1),(27586,172,1),(27587,137,2),(27588,129,1),(27589,231,2),(27590,232,2),(27591,121,2),(27592,127,1),(27593,173,1),(27594,482,5),(27595,121,6),(27596,128,1),(27597,483,1),(27598,172,1),(27599,126,1),(27600,129,1),(27601,249,2),(27602,248,2),(27603,121,4),(27604,127,1),(27605,253,3),(27606,252,2),(27607,122,6),(27608,128,1),(27609,173,1),(27610,482,5),(27611,140,6),(27612,129,1),(27613,180,2),(27614,178,2),(27615,138,4),(27616,127,1),(27617,181,4),(27618,179,6),(27619,124,2),(27620,128,1),(27621,173,1),(27622,482,5),(27623,137,2),(27624,129,1),(27625,303,2),(27626,304,2),(27627,141,4),(27628,127,1),(27629,215,3),(27630,219,2),(27631,139,6),(27632,128,1),(27633,351,1),(27634,349,2),(27635,141,4),(27636,129,1),(27637,118,4),(27638,287,3),(27639,124,1),(27640,127,1),(27641,380,3),(27642,379,1),(27643,123,3),(27644,127,1),(27645,184,4),(27646,183,6),(27647,304,3),(27648,127,1),(27649,266,1),(27650,264,5),(27651,240,2),(27652,127,1),(27653,146,3),(27654,265,3),(27655,141,5),(27656,127,1),(27657,303,3),(27658,231,5),(27659,136,5),(27660,127,1),(27661,118,8),(27662,344,3),(27663,124,2),(27664,127,1),(27665,334,1),(27666,332,2),(27667,141,4),(27668,127,1),(27669,339,1),(27670,337,2),(27671,125,1),(27672,128,1),(27673,419,1),(27674,417,2),(27675,142,2),(27676,129,1),(27677,482,1),(27678,136,3),(27679,124,1),(27680,127,1),(27681,390,3),(27682,389,2),(27683,125,1),(27684,128,1),(27685,419,1),(27686,418,2),(27687,142,2),(27688,129,1),(27689,323,1),(27690,320,2),(27691,122,3),(27692,127,1),(27693,173,1),(27694,326,2),(27695,122,4),(27696,128,1),(27697,483,1),(27698,328,1),(27699,169,3),(27700,129,1),(27701,372,1),(27702,371,2),(27703,140,3),(27704,127,1),(27705,375,1),(27706,374,2),(27707,125,1),(27708,129,1),(27709,435,1),(27710,439,2),(27711,142,2),(27712,130,1),(27713,323,1),(27714,320,2),(27715,122,3),(27716,127,1),(27717,328,1),(27718,326,2),(27719,122,6),(27720,128,1),(27721,435,1),(27722,433,1),(27723,169,3),(27724,129,1),(27725,334,1),(27726,332,2),(27727,141,3),(27728,127,1),(27729,339,1),(27730,337,2),(27731,137,3),(27732,128,1),(27733,411,1),(27734,409,2),(27735,142,2),(27736,129,1),(27737,322,2),(27738,320,2),(27739,122,3),(27740,127,1),(27741,328,1),(27742,326,2),(27743,120,1),(27744,128,1),(27745,435,1),(27746,433,1),(27747,142,2),(27748,129,1),(27749,361,1),(27750,359,2),(27751,121,3),(27752,127,1),(27753,390,1),(27754,389,2),(27755,125,1),(27756,128,1),(27757,404,1),(27758,440,1),(27759,126,1),(27760,129,1),(27761,334,1),(27762,332,2),(27763,141,3),(27764,127,1),(27765,339,1),(27766,337,2),(27767,125,1),(27768,128,1),(27769,411,1),(27770,409,2),(27771,126,1),(27772,129,1),(27773,384,1),(27774,385,2),(27775,126,1),(27776,128,1),(27777,404,1),(27778,402,2),(27779,125,1),(27780,128,1),(27781,428,1),(27782,423,2),(27783,126,1),(27784,129,1),(27785,143,1),(27786,137,3),(27787,123,3),(27788,128,1),(27789,396,1),(27790,393,1),(27791,123,1),(27792,128,1),(27793,174,1),(27794,419,1),(27795,143,3),(27796,129,1),(27797,143,1),(27798,137,3),(27799,123,2),(27800,128,1),(27801,419,1),(27802,417,2),(27803,123,4),(27804,129,1),(27805,443,1),(27806,441,2),(27807,143,3),(27808,129,1),(27809,384,2),(27810,385,2),(27811,126,1),(27812,128,1),(27813,404,1),(27814,402,2),(27815,119,4),(27816,129,1),(27817,428,1),(27818,437,3),(27819,126,1),(27820,129,1),(27821,361,1),(27822,359,3),(27823,121,3),(27824,128,1),(27825,428,1),(27826,423,2),(27827,120,1),(27828,129,1),(27829,245,2),(27830,292,3),(27831,124,2),(27832,128,2),(27833,404,1),(27834,442,2),(27835,125,1),(27836,129,1),(27837,240,2),(27838,245,2),(27839,123,3),(27840,128,1),(27841,443,1),(27842,438,2),(27843,120,1),(27844,129,1),(27845,262,2),(27846,261,2),(27847,123,3),(27848,128,1),(27849,339,1),(27850,337,2),(27851,120,1),(27852,129,1),(27853,435,1),(27854,434,1),(27855,122,3),(27856,129,1),(27857,300,2),(27858,297,3),(27859,143,3),(27860,128,1),(27861,411,1),(27862,409,2),(27863,120,1),(27864,129,1),(27865,262,2),(27866,261,2),(27867,123,3),(27868,128,1),(27869,435,1),(27870,433,1),(27871,126,1),(27872,129,1),(27873,384,2),(27874,385,2),(27875,126,1),(27876,128,1),(27877,404,1),(27878,402,2),(27879,125,1),(27880,128,1),(27881,428,1),(27882,423,2),(27883,126,1),(27884,129,1),(27885,482,1),(27886,175,5),(27887,125,1),(27888,129,1),(27889,484,1),(27890,483,1),(27891,125,1),(27892,130,1),(27893,381,1),(27894,380,5),(27895,123,4),(27896,127,1),(27897,375,1),(27898,374,1),(27899,125,1),(27900,129,1),(27901,381,1),(27902,379,3),(27903,123,4),(27904,128,1),(27905,435,1),(27906,433,1),(27907,173,1),(27908,129,1),(27909,484,1),(27910,443,1),(27911,441,2),(27912,130,1),(27913,252,2),(27914,262,3),(27915,123,5),(27916,128,2),(27917,177,3),(27918,176,5),(27919,155,5),(27920,128,1),(27921,197,5),(27922,196,5),(27923,179,5),(27924,128,1),(27925,175,5),(27926,202,5),(27927,203,5),(27928,128,1),(27929,194,3),(27930,193,3),(27931,142,6),(27932,128,1),(27933,173,1),(27934,126,1),(27935,118,6),(27936,128,1),(27937,174,1),(27938,483,1),(27939,123,2),(27940,129,1),(27941,365,1),(27942,364,2),(27943,126,2),(27944,129,1),(27945,404,1),(27946,402,2),(27947,125,1),(27948,129,1),(27949,428,1),(27950,423,2),(27951,173,1),(27952,130,1),(27953,365,1),(27954,363,2),(27955,126,1),(27956,129,1),(27957,419,1),(27958,417,2),(27959,125,1),(27960,129,1),(27961,346,1),(27962,350,1),(27963,125,1),(27964,129,1),(27965,428,1),(27966,423,2),(27967,126,1),(27968,130,1),(27969,365,1),(27970,363,2),(27971,126,1),(27972,128,1),(27973,419,1),(27974,417,2),(27975,120,1),(27976,129,1),(27977,395,1),(27978,393,2),(27979,126,1),(27980,128,1),(27981,428,1),(27982,436,6),(27983,126,1),(27984,129,1),(27985,368,1),(27986,363,2),(27987,126,1),(27988,128,1),(27989,411,1),(27990,436,6),(27991,126,1),(27992,129,1),(27993,365,1),(27994,363,2),(27995,126,1),(27996,128,1),(27997,435,1),(27998,433,2),(27999,123,3),(28000,129,1),(28001,284,2),(28002,277,2),(28003,142,3),(28004,128,1),(28005,428,1),(28006,423,2),(28007,137,2),(28008,129,1),(28009,419,1),(28010,438,2),(28011,123,2),(28012,129,1),(28013,423,3),(28014,421,2),(28015,125,1),(28016,129,1),(28017,428,1),(28018,423,2),(28019,126,1),(28020,130,1),(28021,411,1),(28022,408,2),(28023,125,1),(28024,129,1),(28025,411,1),(28026,409,2),(28027,120,1),(28028,130,1),(28029,419,1),(28030,416,2),(28031,125,1),(28032,129,1),(28033,419,1),(28034,417,2),(28035,120,1),(28036,130,1),(28037,411,1),(28038,408,2),(28039,125,1),(28040,129,1),(28041,443,1),(28042,439,2),(28043,125,1),(28044,130,1),(28045,443,1),(28046,440,2),(28047,126,1),(28048,129,1),(28049,435,1),(28050,437,5),(28051,153,2),(28052,130,1),(28053,419,1),(28054,416,2),(28055,125,1),(28056,129,1),(28057,419,1),(28058,417,2),(28059,124,2),(28060,129,1),(28061,483,3),(28062,442,2),(28063,143,3),(28064,129,1),(28065,483,2),(28066,173,1),(28067,172,2),(28068,129,1),(28069,428,1),(28070,419,1),(28071,413,5),(28072,129,2),(28073,435,1),(28074,328,1),(28075,324,5),(28076,129,2),(28077,411,1),(28078,376,5),(28079,380,3),(28080,129,2),(28081,351,1),(28082,282,1),(28083,443,1),(28084,130,1),(28085,443,1),(28086,440,1),(28087,125,1),(28088,129,1),(28089,411,1),(28090,441,2),(28091,126,3),(28092,130,1),(28093,484,1),(28094,443,1),(28095,439,3),(28096,130,1),(28097,484,1),(28098,411,1),(28099,407,3),(28100,130,1),(28101,282,1),(28102,281,3),(28103,159,3),(28104,130,1),(28105,308,5),(28106,305,5),(28107,161,3),(28108,130,1),(28109,317,1),(28110,173,2),(28111,163,3),(28112,130,1),(28113,404,1),(28114,400,3),(28115,401,3),(28116,130,1),(28117,443,1),(28118,438,3),(28119,421,2),(28120,129,2),(28121,484,1),(28122,339,1),(28123,328,1),(28124,130,2),(28125,484,1),(28126,443,1),(28127,417,1),(28128,130,2),(28129,484,1),(28130,364,2),(28131,368,2),(28132,130,2),(39447,116,2),(39448,116,1),(39449,116,1),(39450,116,1),(39451,116,1),(39452,116,2),(39453,116,1),(39454,116,1),(39455,116,1),(39456,116,1),(39457,201,2),(39458,200,2),(39459,201,2),(39460,147,2),(39461,201,1),(39462,200,1),(39463,201,1),(39464,147,1),(39465,201,1),(39466,147,1),(39467,147,2),(39468,138,2),(39469,147,1),(39470,138,1),(39471,147,3),(39472,195,2),(39473,147,1),(39474,195,1),(39475,147,1),(39476,138,1),(39477,178,2),(39478,116,2),(39479,178,1),(39480,117,1),(39481,180,2),(39482,156,1),(39483,178,1),(39484,116,4),(39485,180,2),(39486,156,1),(39487,195,6),(39488,196,3),(39489,187,4),(39490,188,2),(39491,214,2),(39492,215,2),(39493,216,2),(39494,138,1),(39495,214,2),(39496,216,1),(39497,213,2),(39498,147,3),(39499,213,2),(39500,214,1),(39501,201,3),(39502,214,1),(39503,215,1),(39504,213,2),(39505,154,2),(39506,213,1),(39507,214,1),(39508,215,1),(39509,200,2),(39510,220,2),(39511,221,1),(39512,222,1),(39513,221,2),(39514,222,1),(39515,223,1),(39516,117,2),(39517,220,2),(39518,221,1),(39519,116,3),(39520,221,2),(39521,223,1),(39522,191,2),(39523,221,2),(39524,220,3),(39525,191,2),(39526,117,4),(39527,116,4),(39528,121,2),(39529,117,3),(39530,116,6),(39531,121,1),(39532,117,3),(39533,116,6),(39534,121,1),(39535,117,4),(39536,116,4),(39537,121,2),(39538,117,3),(39539,116,6),(39540,121,1),(39541,229,2),(39542,232,1),(39543,230,2),(39544,117,2),(39545,228,2),(39546,229,1),(39547,116,3),(39548,228,2),(39549,229,1),(39550,158,1),(39551,229,3),(39552,232,1),(39553,231,1),(39554,158,1),(39555,229,2),(39556,231,1),(39557,228,2),(39558,148,1),(39559,238,2),(39560,241,1),(39561,239,2),(39562,195,2),(39563,237,2),(39564,238,1),(39565,239,1),(39566,139,1),(39567,238,3),(39568,241,1),(39569,240,1),(39570,196,1),(39571,237,2),(39572,238,1),(39573,242,2),(39574,238,2),(39575,240,1),(39576,237,1),(39577,242,2),(39578,246,2),(39579,247,1),(39580,249,1),(39581,187,3),(39582,247,2),(39583,249,1),(39584,248,1),(39585,166,1),(39586,247,2),(39587,248,1),(39588,188,2),(39589,246,2),(39590,247,1),(39591,166,1),(39592,247,3),(39593,248,2),(39594,249,2),(39595,121,3),(39596,255,2),(39597,258,2),(39598,257,1),(39599,170,1),(39600,255,2),(39601,258,1),(39602,256,2),(39603,191,2),(39604,255,2),(39605,257,1),(39606,254,2),(39607,148,2),(39608,254,2),(39609,255,1),(39610,170,1),(39611,254,2),(39612,255,1),(39613,176,1),(39614,118,2),(39615,117,1),(39616,116,6),(39617,118,2),(39618,117,2),(39619,116,2),(39620,154,2),(39621,118,2),(39622,117,2),(39623,121,2),(39624,154,2),(39625,118,2),(39626,117,1),(39627,116,6),(39628,118,2),(39629,117,1),(39630,116,6),(39631,145,2),(39632,118,2),(39633,122,2),(39634,164,1),(39635,145,1),(39636,121,2),(39637,122,2),(39638,158,1),(39639,145,1),(39640,121,2),(39641,122,1),(39642,166,1),(39643,145,1),(39644,121,2),(39645,156,1),(39646,170,1),(39647,145,1),(39648,118,2),(39649,156,3),(39650,160,1),(39651,145,1),(39652,118,2),(39653,122,2),(39654,164,1),(39655,145,1),(39656,121,2),(39657,122,2),(39658,158,1),(39659,145,1),(39660,121,2),(39661,122,2),(39662,166,1),(39663,145,1),(39664,121,2),(39665,156,1),(39666,170,1),(39667,145,1),(39668,118,2),(39669,156,3),(39670,160,1),(39671,205,2),(39672,204,3),(39673,140,1),(39674,122,1),(39675,184,1),(39676,182,1),(39677,117,1),(39678,156,1),(39679,183,2),(39680,182,2),(39681,118,2),(39682,117,2),(39683,183,1),(39684,182,1),(39685,116,3),(39686,117,1),(39687,183,1),(39688,182,1),(39689,116,3),(39690,117,1),(39691,183,2),(39692,182,2),(39693,118,3),(39694,156,2),(39695,264,3),(39696,263,3),(39697,267,1),(39698,164,1),(39699,264,3),(39700,265,2),(39701,266,1),(39702,268,1),(39703,264,2),(39704,263,2),(39705,266,1),(39706,149,1),(39707,263,2),(39708,264,1),(39709,265,2),(39710,117,2),(39711,263,2),(39712,264,1),(39713,164,1),(39714,117,2),(39715,275,2),(39716,274,3),(39717,276,2),(39718,164,1),(39719,274,2),(39720,275,1),(39721,276,1),(39722,138,2),(39723,275,2),(39724,274,2),(39725,277,1),(39726,149,2),(39727,274,2),(39728,275,1),(39729,344,2),(39730,139,2),(39731,275,4),(39732,277,1),(39733,344,2),(39734,278,1),(39735,285,2),(39736,286,1),(39737,288,1),(39738,122,1),(39739,286,3),(39740,287,2),(39741,288,2),(39742,124,1),(39743,286,2),(39744,288,1),(39745,285,3),(39746,122,2),(39747,286,2),(39748,287,2),(39749,122,2),(39750,285,2),(39751,286,1),(39752,287,1),(39753,294,2),(39754,296,2),(39755,295,2),(39756,124,1),(39757,294,2),(39758,295,1),(39759,293,2),(39760,140,1),(39761,293,2),(39762,294,1),(39763,296,1),(39764,293,2),(39765,294,1),(39766,295,1),(39767,294,2),(39768,293,2),(39769,296,1),(39770,140,1),(39771,301,2),(39772,302,1),(39773,303,1),(39774,208,3),(39775,302,2),(39776,305,1),(39777,304,2),(39778,160,2),(39779,301,2),(39780,302,1),(39781,210,2),(39782,302,2),(39783,305,1),(39784,303,1),(39785,209,3),(39786,302,2),(39787,304,2),(39788,301,2),(39789,148,4),(39790,311,3),(39791,312,2),(39792,313,2),(39793,314,1),(39794,310,2),(39795,311,1),(39796,312,1),(39797,162,1),(39798,310,2),(39799,311,1),(39800,312,1),(39801,136,3),(39802,310,2),(39803,312,1),(39804,162,1),(39805,149,3),(39806,311,2),(39807,310,2),(39808,313,2),(39809,141,2),(39810,118,2),(39811,150,1),(39812,116,8),(39813,117,3),(39814,118,2),(39815,150,1),(39816,116,8),(39817,117,3),(39818,118,3),(39819,150,1),(39820,122,3),(39821,124,1),(39822,118,3),(39823,150,1),(39824,122,3),(39825,124,1),(39826,118,2),(39827,150,1),(39828,121,3),(39829,117,3),(39830,146,1),(39831,141,1),(39832,150,2),(39833,154,3),(39834,146,1),(39835,140,2),(39836,136,2),(39837,156,2),(39838,146,1),(39839,141,3),(39840,136,6),(39841,124,1),(39842,146,1),(39843,141,1),(39844,136,2),(39845,156,2),(39846,146,1),(39847,140,3),(39848,150,4),(39849,124,1),(39850,494,2),(39851,485,2),(39852,486,2),(39853,482,1),(39854,494,3),(39855,485,2),(39856,487,4),(39857,124,1),(39858,494,2),(39859,485,2),(39860,486,2),(39861,482,1),(39862,494,2),(39863,485,2),(39864,486,2),(39865,482,1),(39866,494,3),(39867,486,2),(39868,487,4),(39869,124,1),(39870,318,2),(39871,319,1),(39872,320,1),(39873,204,2),(39874,319,3),(39875,320,2),(39876,321,2),(39877,323,1),(39878,319,2),(39879,318,2),(39880,321,1),(39881,168,1),(39882,319,2),(39883,318,2),(39884,168,1),(39885,205,2),(39886,318,2),(39887,319,1),(39888,320,1),(39889,118,2),(39890,329,2),(39891,330,1),(39892,331,1),(39893,141,1),(39894,330,2),(39895,329,2),(39896,332,1),(39897,182,3),(39898,330,2),(39899,329,2),(39900,333,1),(39901,183,2),(39902,330,3),(39903,331,2),(39904,332,2),(39905,334,1),(39906,329,2),(39907,330,1),(39908,331,1),(39909,118,2),(39910,340,2),(39911,341,2),(39912,344,2),(39913,345,1),(39914,340,2),(39915,341,4),(39916,342,2),(39917,346,1),(39918,341,2),(39919,342,1),(39920,164,2),(39921,150,2),(39922,340,2),(39923,341,2),(39924,342,1),(39925,150,3),(39926,341,2),(39927,340,2),(39928,344,2),(39929,343,1),(39930,357,3),(39931,359,2),(39932,360,1),(39933,361,1),(39934,356,2),(39935,357,1),(39936,360,2),(39937,150,3),(39938,357,2),(39939,356,2),(39940,358,1),(39941,124,1),(39942,356,1),(39943,357,1),(39944,359,1),(39945,149,2),(39946,357,2),(39947,356,2),(39948,360,1),(39949,150,3),(39950,369,2),(39951,370,2),(39952,372,3),(39953,124,1),(39954,369,2),(39955,371,2),(39956,122,4),(39957,140,2),(39958,369,3),(39959,371,2),(39960,295,2),(39961,124,1),(39962,369,2),(39963,372,1),(39964,370,1),(39965,170,1),(39966,369,2),(39967,372,1),(39968,295,2),(39969,525,1),(39970,121,1),(39971,525,1),(39972,121,3),(39973,525,1),(39974,121,1),(39975,525,1),(39976,121,1),(39977,525,1),(39978,121,2),(39979,528,1),(39980,145,1),(39981,178,1),(39982,156,1),(39983,528,1),(39984,145,1),(39985,180,1),(39986,156,1),(39987,528,1),(39988,145,1),(39989,178,1),(39990,156,1),(39991,528,1),(39992,145,1),(39993,180,1),(39994,156,1),(39995,528,1),(39996,145,1),(39997,178,1),(39998,156,1),(39999,119,3),(40000,177,1),(40001,119,2),(40002,177,1),(40003,119,2),(40004,177,1),(40005,119,2),(40006,177,1),(40007,119,2),(40008,177,1),(40009,119,2),(40010,177,1),(40011,119,2),(40012,177,1),(40013,119,2),(40014,177,1),(40015,119,2),(40016,177,1),(40017,119,2),(40018,177,1),(40019,119,3),(40020,118,2),(40021,119,2),(40022,118,2),(40023,119,2),(40024,118,2),(40025,119,2),(40026,118,2),(40027,119,2),(40028,118,2),(40029,119,2),(40030,118,2),(40031,119,2),(40032,118,2),(40033,119,2),(40034,118,2),(40035,119,2),(40036,118,2),(40037,119,2),(40038,118,2),(40039,203,3),(40040,202,4),(40041,203,3),(40042,137,4),(40043,203,2),(40044,202,4),(40045,203,2),(40046,137,3),(40047,203,2),(40048,202,3),(40049,203,3),(40050,202,4),(40051,203,3),(40052,137,4),(40053,203,2),(40054,202,4),(40055,203,2),(40056,137,3),(40057,203,2),(40058,202,3),(40059,137,3),(40060,150,2),(40061,141,2),(40062,137,2),(40063,150,2),(40064,149,3),(40065,137,3),(40066,150,2),(40067,140,2),(40068,137,2),(40069,150,2),(40070,138,3),(40071,137,2),(40072,150,2),(40073,139,3),(40074,137,3),(40075,150,2),(40076,141,2),(40077,137,2),(40078,150,2),(40079,149,3),(40080,137,3),(40081,150,2),(40082,140,2),(40083,137,2),(40084,150,2),(40085,138,3),(40086,137,2),(40087,150,2),(40088,139,3),(40089,119,3),(40090,118,6),(40091,123,3),(40092,117,5),(40093,119,2),(40094,118,4),(40095,122,4),(40096,117,5),(40097,119,2),(40098,118,4),(40099,121,4),(40100,117,5),(40101,119,3),(40102,118,6),(40103,123,3),(40104,117,5),(40105,119,2),(40106,118,4),(40107,124,1),(40108,117,5),(40109,119,3),(40110,118,6),(40111,123,3),(40112,117,5),(40113,119,2),(40114,118,4),(40115,122,4),(40116,117,5),(40117,119,2),(40118,118,4),(40119,121,4),(40120,117,5),(40121,119,3),(40122,118,6),(40123,123,3),(40124,117,5),(40125,119,2),(40126,118,4),(40127,124,1),(40128,117,5),(40129,145,1),(40130,119,2),(40131,157,2),(40132,165,3),(40133,145,1),(40134,123,2),(40135,185,3),(40136,159,2),(40137,145,1),(40138,123,2),(40139,157,2),(40140,167,2),(40141,145,1),(40142,123,2),(40143,179,3),(40144,171,2),(40145,145,1),(40146,119,2),(40147,157,2),(40148,161,2),(40149,145,1),(40150,119,2),(40151,157,2),(40152,165,3),(40153,145,1),(40154,123,2),(40155,185,3),(40156,159,2),(40157,145,1),(40158,123,2),(40159,157,2),(40160,167,2),(40161,145,1),(40162,123,2),(40163,179,3),(40164,171,2),(40165,145,1),(40166,119,2),(40167,157,2),(40168,161,2),(40169,145,1),(40170,119,2),(40171,157,2),(40172,165,3),(40173,145,1),(40174,123,2),(40175,185,3),(40176,159,2),(40177,145,1),(40178,123,2),(40179,157,2),(40180,167,2),(40181,145,1),(40182,123,2),(40183,179,3),(40184,171,2),(40185,145,1),(40186,119,2),(40187,157,2),(40188,161,2),(40189,145,1),(40190,119,2),(40191,157,2),(40192,165,3),(40193,145,1),(40194,123,2),(40195,185,3),(40196,159,2),(40197,145,1),(40198,123,2),(40199,157,2),(40200,167,2),(40201,145,1),(40202,123,2),(40203,179,3),(40204,171,2),(40205,145,1),(40206,119,2),(40207,157,2),(40208,161,2),(40209,179,3),(40210,181,2),(40211,151,2),(40212,179,3),(40213,181,2),(40214,151,2),(40215,179,4),(40216,181,2),(40217,157,3),(40218,161,2),(40219,179,3),(40220,181,2),(40221,151,2),(40222,179,4),(40223,181,2),(40224,157,3),(40225,161,2),(40226,179,3),(40227,181,2),(40228,151,2),(40229,179,3),(40230,181,2),(40231,151,2),(40232,179,4),(40233,181,2),(40234,157,3),(40235,161,2),(40236,179,3),(40237,181,2),(40238,151,2),(40239,179,4),(40240,181,2),(40241,157,3),(40242,161,2),(40243,185,3),(40244,186,2),(40245,157,2),(40246,185,4),(40247,186,2),(40248,184,1),(40249,124,1),(40250,185,3),(40251,186,2),(40252,157,2),(40253,185,3),(40254,186,2),(40255,157,2),(40256,185,4),(40257,186,2),(40258,184,1),(40259,125,1),(40260,185,3),(40261,186,2),(40262,157,2),(40263,185,4),(40264,186,2),(40265,184,1),(40266,124,1),(40267,185,3),(40268,186,2),(40269,157,2),(40270,185,3),(40271,186,2),(40272,157,2),(40273,185,4),(40274,186,2),(40275,184,1),(40276,125,1),(40277,175,3),(40278,272,1),(40279,307,3),(40280,125,1),(40281,197,6),(40282,196,3),(40283,137,3),(40284,197,6),(40285,196,3),(40286,137,3),(40287,187,4),(40288,190,2),(40289,119,3),(40290,187,4),(40291,190,2),(40292,119,3),(40293,207,3),(40294,206,4),(40295,123,3),(40296,207,3),(40297,206,4),(40298,123,3),(40299,218,4),(40300,215,2),(40301,219,4),(40302,155,2),(40303,218,2),(40304,219,4),(40305,217,4),(40306,203,2),(40307,217,4),(40308,218,2),(40309,150,3),(40310,203,1),(40311,218,3),(40312,215,3),(40313,217,4),(40314,202,3),(40315,217,4),(40316,218,2),(40317,215,2),(40318,202,1),(40319,218,4),(40320,215,2),(40321,219,4),(40322,155,2),(40323,218,2),(40324,219,4),(40325,217,4),(40326,203,2),(40327,217,4),(40328,218,2),(40329,150,3),(40330,203,1),(40331,218,3),(40332,215,3),(40333,217,4),(40334,202,3),(40335,217,4),(40336,218,2),(40337,215,2),(40338,202,1),(40339,224,4),(40340,225,2),(40341,226,2),(40342,225,4),(40343,226,2),(40344,227,2),(40345,172,1),(40346,224,4),(40347,225,2),(40348,119,3),(40349,225,4),(40350,227,2),(40351,192,3),(40352,121,2),(40353,225,4),(40354,224,6),(40355,192,2),(40356,121,2),(40357,224,4),(40358,225,2),(40359,226,2),(40360,225,4),(40361,226,2),(40362,227,2),(40363,172,1),(40364,224,4),(40365,225,2),(40366,119,3),(40367,225,4),(40368,227,2),(40369,192,3),(40370,121,2),(40371,225,4),(40372,224,6),(40373,192,2),(40374,121,2),(40375,289,4),(40376,290,2),(40377,292,2),(40378,122,5),(40379,290,4),(40380,291,4),(40381,292,3),(40382,172,1),(40383,290,4),(40384,292,2),(40385,289,4),(40386,123,2),(40387,290,2),(40388,291,4),(40389,123,3),(40390,124,2),(40391,289,4),(40392,290,2),(40393,291,2),(40394,119,6),(40395,289,4),(40396,290,2),(40397,292,2),(40398,122,5),(40399,290,4),(40400,291,4),(40401,292,3),(40402,172,1),(40403,290,4),(40404,292,2),(40405,289,4),(40406,123,2),(40407,290,2),(40408,291,4),(40409,123,3),(40410,124,2),(40411,289,4),(40412,290,2),(40413,291,2),(40414,119,6),(40415,306,4),(40416,307,2),(40417,308,1),(40418,211,4),(40419,307,4),(40420,309,4),(40421,161,3),(40422,172,1),(40423,306,4),(40424,307,2),(40425,210,2),(40426,161,2),(40427,307,4),(40428,305,2),(40429,308,2),(40430,212,4),(40431,307,2),(40432,309,4),(40433,306,4),(40434,141,5),(40435,306,4),(40436,307,2),(40437,308,1),(40438,211,4),(40439,307,4),(40440,309,4),(40441,161,3),(40442,172,1),(40443,306,4),(40444,307,2),(40445,210,2),(40446,161,2),(40447,307,4),(40448,305,2),(40449,308,2),(40450,212,4),(40451,307,2),(40452,309,4),(40453,306,4),(40454,141,5),(40455,234,2),(40456,232,2),(40457,235,3),(40458,159,2),(40459,233,4),(40460,234,3),(40461,119,3),(40462,233,4),(40463,234,3),(40464,159,1),(40465,234,4),(40466,235,2),(40467,236,2),(40468,172,1),(40469,234,2),(40470,236,2),(40471,233,2),(40472,151,2),(40473,234,2),(40474,232,2),(40475,235,3),(40476,159,2),(40477,233,4),(40478,234,3),(40479,119,3),(40480,233,4),(40481,234,3),(40482,159,1),(40483,234,4),(40484,235,2),(40485,236,2),(40486,172,1),(40487,234,2),(40488,236,2),(40489,233,2),(40490,151,2),(40491,244,3),(40492,241,2),(40493,245,3),(40494,197,4),(40495,243,4),(40496,244,2),(40497,245,2),(40498,137,5),(40499,244,4),(40500,240,2),(40501,197,3),(40502,172,1),(40503,243,4),(40504,244,3),(40505,150,4),(40506,244,2),(40507,243,4),(40508,242,4),(40509,151,4),(40510,244,3),(40511,241,2),(40512,245,3),(40513,197,4),(40514,243,4),(40515,244,2),(40516,245,2),(40517,137,5),(40518,244,4),(40519,240,2),(40520,197,3),(40521,172,1),(40522,243,4),(40523,244,3),(40524,150,4),(40525,244,2),(40526,243,4),(40527,242,4),(40528,151,4),(40529,270,4),(40530,269,4),(40531,267,2),(40532,165,3),(40533,270,6),(40534,271,4),(40535,272,2),(40536,273,1),(40537,270,4),(40538,269,4),(40539,272,1),(40540,151,4),(40541,269,4),(40542,270,3),(40543,271,3),(40544,155,4),(40545,269,4),(40546,270,3),(40547,165,2),(40548,119,5),(40549,270,4),(40550,269,4),(40551,267,2),(40552,165,3),(40553,270,6),(40554,271,4),(40555,272,2),(40556,273,1),(40557,270,4),(40558,269,4),(40559,272,1),(40560,151,4),(40561,269,4),(40562,270,3),(40563,271,3),(40564,155,4),(40565,269,4),(40566,270,3),(40567,165,2),(40568,119,5),(40569,250,4),(40570,251,2),(40571,253,2),(40572,189,6),(40573,250,4),(40574,253,3),(40575,252,2),(40576,167,2),(40577,251,4),(40578,252,3),(40579,190,2),(40580,151,3),(40581,250,4),(40582,251,2),(40583,167,2),(40584,251,4),(40585,252,2),(40586,253,2),(40587,173,1),(40588,250,4),(40589,251,2),(40590,253,2),(40591,189,6),(40592,250,4),(40593,253,3),(40594,252,2),(40595,167,2),(40596,251,4),(40597,252,3),(40598,190,2),(40599,151,3),(40600,250,4),(40601,251,2),(40602,167,2),(40603,251,4),(40604,252,2),(40605,253,2),(40606,173,1),(40607,260,4),(40608,262,4),(40609,261,4),(40610,173,1),(40611,260,3),(40612,262,2),(40613,256,4),(40614,171,2),(40615,260,4),(40616,261,4),(40617,259,2),(40618,151,4),(40619,259,4),(40620,260,3),(40621,171,1),(40622,192,3),(40623,259,4),(40624,256,2),(40625,171,1),(40626,177,3),(40627,260,4),(40628,262,4),(40629,261,4),(40630,173,1),(40631,260,3),(40632,262,2),(40633,256,4),(40634,171,2),(40635,260,4),(40636,261,4),(40637,259,2),(40638,151,4),(40639,259,4),(40640,260,3),(40641,171,1),(40642,192,3),(40643,259,4),(40644,256,2),(40645,171,1),(40646,177,3),(40647,298,4),(40648,300,2),(40649,297,2),(40650,124,2),(40651,298,2),(40652,299,3),(40653,297,2),(40654,151,4),(40655,297,4),(40656,298,2),(40657,300,2),(40658,137,5),(40659,297,4),(40660,298,2),(40661,299,3),(40662,140,5),(40663,298,4),(40664,297,2),(40665,300,4),(40666,173,1),(40667,298,4),(40668,300,2),(40669,297,2),(40670,124,2),(40671,298,2),(40672,299,3),(40673,297,2),(40674,151,4),(40675,297,4),(40676,298,2),(40677,300,2),(40678,137,5),(40679,297,4),(40680,298,2),(40681,299,3),(40682,140,5),(40683,298,4),(40684,297,2),(40685,300,4),(40686,173,1),(40687,280,4),(40688,279,4),(40689,276,2),(40690,165,3),(40691,279,4),(40692,280,2),(40693,276,2),(40694,137,6),(40695,280,2),(40696,279,4),(40697,281,2),(40698,151,4),(40699,279,4),(40700,280,2),(40701,165,2),(40702,157,2),(40703,280,6),(40704,281,3),(40705,344,4),(40706,282,1),(40707,280,4),(40708,279,4),(40709,276,2),(40710,165,3),(40711,279,4),(40712,280,2),(40713,276,2),(40714,137,6),(40715,280,2),(40716,279,4),(40717,281,2),(40718,151,4),(40719,279,4),(40720,280,2),(40721,165,2),(40722,157,2),(40723,280,6),(40724,281,3),(40725,344,4),(40726,282,1),(40727,283,4),(40728,284,2),(40729,152,3),(40730,206,4),(40731,284,4),(40732,283,3),(40733,281,2),(40734,125,1),(40735,284,6),(40736,283,2),(40737,281,3),(40738,282,1),(40739,284,4),(40740,283,3),(40741,152,4),(40742,278,1),(40743,283,4),(40744,284,2),(40745,152,3),(40746,207,3),(40747,283,4),(40748,284,2),(40749,152,3),(40750,206,4),(40751,284,4),(40752,283,3),(40753,281,2),(40754,125,1),(40755,284,6),(40756,283,2),(40757,281,3),(40758,282,1),(40759,284,4),(40760,283,3),(40761,152,4),(40762,278,1),(40763,283,4),(40764,284,2),(40765,152,3),(40766,207,3),(40767,316,6),(40768,315,4),(40769,317,1),(40770,173,1),(40771,315,4),(40772,316,3),(40773,163,2),(40774,137,6),(40775,315,4),(40776,316,3),(40777,312,2),(40778,136,8),(40779,315,4),(40780,316,3),(40781,163,3),(40782,313,5),(40783,316,4),(40784,315,4),(40785,312,2),(40786,313,5),(40787,316,6),(40788,315,4),(40789,317,1),(40790,173,1),(40791,315,4),(40792,316,3),(40793,163,2),(40794,137,6),(40795,315,4),(40796,316,3),(40797,312,2),(40798,136,8),(40799,315,4),(40800,316,3),(40801,163,3),(40802,313,5),(40803,316,4),(40804,315,4),(40805,312,2),(40806,313,5),(40807,199,3),(40808,198,4),(40809,197,3),(40810,118,5),(40811,199,3),(40812,198,4),(40813,197,3),(40814,118,5),(40815,193,4),(40816,194,2),(40817,155,3),(40818,123,3),(40819,193,4),(40820,194,2),(40821,155,3),(40822,123,3),(40823,382,4),(40824,383,2),(40825,384,1),(40826,199,3),(40827,383,4),(40828,386,1),(40829,384,3),(40830,126,1),(40831,383,4),(40832,385,4),(40833,382,4),(40834,120,6),(40835,382,4),(40836,383,2),(40837,384,1),(40838,198,5),(40839,383,6),(40840,386,2),(40841,385,4),(40842,173,1),(40843,382,4),(40844,383,2),(40845,384,1),(40846,199,3),(40847,383,4),(40848,386,1),(40849,384,3),(40850,126,1),(40851,383,4),(40852,385,4),(40853,382,4),(40854,120,6),(40855,382,4),(40856,383,2),(40857,384,1),(40858,198,5),(40859,383,6),(40860,386,2),(40861,385,4),(40862,173,1),(40863,376,3),(40864,378,2),(40865,377,6),(40866,118,8),(40867,377,6),(40868,376,1),(40869,378,2),(40870,379,1),(40871,376,3),(40872,379,3),(40873,380,2),(40874,118,8),(40875,377,8),(40876,376,1),(40877,378,3),(40878,380,2),(40879,378,3),(40880,377,3),(40881,380,3),(40882,381,1),(40883,376,3),(40884,378,2),(40885,377,6),(40886,118,8),(40887,377,6),(40888,376,1),(40889,378,2),(40890,379,1),(40891,376,3),(40892,379,3),(40893,380,2),(40894,118,8),(40895,377,8),(40896,376,1),(40897,378,3),(40898,380,2),(40899,378,3),(40900,377,3),(40901,380,3),(40902,381,1),(40903,120,3),(40904,119,4),(40905,123,2),(40906,193,3),(40907,120,4),(40908,119,3),(40909,123,4),(40910,194,3),(40911,120,4),(40912,119,3),(40913,123,4),(40914,193,4),(40915,120,3),(40916,119,4),(40917,123,2),(40918,194,2),(40919,120,3),(40920,119,4),(40921,123,2),(40922,193,3),(40923,120,3),(40924,119,4),(40925,123,2),(40926,193,3),(40927,120,4),(40928,119,3),(40929,123,4),(40930,194,3),(40931,120,4),(40932,119,3),(40933,123,4),(40934,193,4),(40935,120,3),(40936,119,4),(40937,123,2),(40938,194,2),(40939,120,3),(40940,119,4),(40941,123,2),(40942,193,3),(40943,120,1),(40944,152,2),(40945,118,4),(40946,199,2),(40947,120,1),(40948,152,2),(40949,118,4),(40950,198,2),(40951,120,1),(40952,152,3),(40953,118,4),(40954,199,2),(40955,120,1),(40956,152,3),(40957,118,4),(40958,198,3),(40959,120,1),(40960,152,2),(40961,118,4),(40962,198,2),(40963,120,1),(40964,152,2),(40965,118,4),(40966,199,2),(40967,120,1),(40968,152,2),(40969,118,4),(40970,198,2),(40971,120,1),(40972,152,3),(40973,118,4),(40974,199,2),(40975,120,1),(40976,152,3),(40977,118,4),(40978,198,3),(40979,120,1),(40980,152,2),(40981,118,4),(40982,198,2),(40983,495,2),(40984,488,4),(40985,490,3),(40986,152,2),(40987,495,3),(40988,488,4),(40989,491,3),(40990,152,2),(40991,495,2),(40992,489,4),(40993,491,3),(40994,152,2),(40995,495,2),(40996,489,4),(40997,490,3),(40998,152,2),(40999,495,3),(41000,490,3),(41001,491,3),(41002,152,2),(41003,495,2),(41004,488,4),(41005,490,3),(41006,152,2),(41007,495,3),(41008,488,4),(41009,491,3),(41010,152,2),(41011,495,2),(41012,489,4),(41013,491,3),(41014,152,2),(41015,495,2),(41016,489,4),(41017,490,3),(41018,152,2),(41019,495,3),(41020,490,3),(41021,491,3),(41022,152,2),(41023,444,3),(41024,297,3),(41025,177,3),(41026,126,1),(41027,126,2),(41028,125,2),(41029,120,6),(41030,387,4),(41031,388,2),(41032,390,2),(41033,152,6),(41034,388,4),(41035,390,2),(41036,387,6),(41037,120,5),(41038,388,4),(41039,389,4),(41040,387,6),(41041,189,6),(41042,387,4),(41043,388,2),(41044,389,2),(41045,190,4),(41046,388,6),(41047,389,2),(41048,390,4),(41049,126,1),(41050,387,4),(41051,388,2),(41052,390,2),(41053,152,6),(41054,388,4),(41055,390,2),(41056,387,6),(41057,120,5),(41058,388,4),(41059,389,4),(41060,387,6),(41061,189,6),(41062,387,4),(41063,388,2),(41064,389,2),(41065,190,4),(41066,388,6),(41067,389,2),(41068,390,4),(41069,126,1),(41070,324,4),(41071,325,2),(41072,169,2),(41073,289,2),(41074,325,6),(41075,326,3),(41076,327,3),(41077,328,1),(41078,325,4),(41079,324,4),(41080,322,3),(41081,125,1),(41082,325,4),(41083,324,4),(41084,169,2),(41085,323,1),(41086,324,4),(41087,325,2),(41088,327,2),(41089,290,2),(41090,324,4),(41091,325,2),(41092,169,2),(41093,289,2),(41094,325,6),(41095,326,3),(41096,327,3),(41097,328,1),(41098,325,4),(41099,324,4),(41100,322,3),(41101,125,1),(41102,325,4),(41103,324,4),(41104,169,2),(41105,323,1),(41106,324,4),(41107,325,2),(41108,327,2),(41109,290,2),(41110,335,4),(41111,336,2),(41112,337,2),(41113,141,3),(41114,336,4),(41115,335,4),(41116,334,1),(41117,185,5),(41118,336,4),(41119,335,4),(41120,333,2),(41121,186,4),(41122,336,6),(41123,337,4),(41124,338,2),(41125,339,1),(41126,335,4),(41127,336,2),(41128,338,2),(41129,152,6),(41130,335,4),(41131,336,2),(41132,337,2),(41133,141,3),(41134,336,4),(41135,335,4),(41136,334,1),(41137,185,5),(41138,336,4),(41139,335,4),(41140,333,2),(41141,186,4),(41142,336,6),(41143,337,4),(41144,338,2),(41145,339,1),(41146,335,4),(41147,336,2),(41148,338,2),(41149,152,6),(41150,347,4),(41151,348,4),(41152,165,2),(41153,350,1),(41154,347,4),(41155,348,6),(41156,349,3),(41157,351,1),(41158,348,6),(41159,349,2),(41160,165,2),(41161,344,6),(41162,347,4),(41163,348,4),(41164,349,2),(41165,343,2),(41166,348,6),(41167,347,4),(41168,165,2),(41169,346,1),(41170,347,4),(41171,348,4),(41172,165,2),(41173,350,1),(41174,347,4),(41175,348,6),(41176,349,3),(41177,351,1),(41178,348,6),(41179,349,2),(41180,165,2),(41181,344,6),(41182,347,4),(41183,348,4),(41184,349,2),(41185,343,2),(41186,348,6),(41187,347,4),(41188,165,2),(41189,346,1),(41190,352,4),(41191,353,4),(41192,355,3),(41193,351,1),(41194,352,4),(41195,353,6),(41196,355,2),(41197,193,6),(41198,353,6),(41199,355,2),(41200,354,1),(41201,194,4),(41202,352,4),(41203,353,4),(41204,350,1),(41205,152,6),(41206,353,6),(41207,352,4),(41208,354,2),(41209,346,1),(41210,352,4),(41211,353,4),(41212,355,3),(41213,351,1),(41214,352,4),(41215,353,6),(41216,355,2),(41217,193,6),(41218,353,6),(41219,355,2),(41220,354,1),(41221,194,4),(41222,352,4),(41223,353,4),(41224,350,1),(41225,152,6),(41226,353,6),(41227,352,4),(41228,354,2),(41229,346,1),(41230,363,4),(41231,359,4),(41232,364,2),(41233,173,1),(41234,362,4),(41235,363,3),(41236,364,2),(41237,124,2),(41238,363,4),(41239,362,6),(41240,358,3),(41241,197,5),(41242,362,4),(41243,363,3),(41244,359,2),(41245,196,3),(41246,363,4),(41247,362,4),(41248,364,1),(41249,365,1),(41250,363,4),(41251,359,4),(41252,364,2),(41253,173,1),(41254,362,4),(41255,363,3),(41256,364,2),(41257,124,2),(41258,363,4),(41259,362,6),(41260,358,3),(41261,197,5),(41262,362,4),(41263,363,3),(41264,359,2),(41265,196,3),(41266,363,4),(41267,362,4),(41268,364,1),(41269,365,1),(41270,367,4),(41271,364,2),(41272,368,1),(41273,125,1),(41274,366,4),(41275,367,3),(41276,368,1),(41277,365,2),(41278,367,4),(41279,366,6),(41280,119,5),(41281,198,5),(41282,366,4),(41283,367,3),(41284,358,2),(41285,199,3),(41286,367,6),(41287,366,4),(41288,368,1),(41289,173,1),(41290,367,4),(41291,364,2),(41292,368,1),(41293,125,1),(41294,366,4),(41295,367,3),(41296,368,1),(41297,365,2),(41298,367,4),(41299,366,6),(41300,119,5),(41301,198,5),(41302,366,4),(41303,367,3),(41304,358,2),(41305,199,3),(41306,367,6),(41307,366,4),(41308,368,1),(41309,173,1),(41310,391,4),(41311,392,2),(41312,397,4),(41313,126,1),(41314,392,6),(41315,394,3),(41316,393,2),(41317,396,1),(41318,392,4),(41319,391,4),(41320,395,1),(41321,397,4),(41322,391,4),(41323,392,2),(41324,120,5),(41325,152,5),(41326,392,4),(41327,391,4),(41328,394,2),(41329,198,5),(41330,391,4),(41331,392,2),(41332,397,4),(41333,126,1),(41334,392,6),(41335,394,3),(41336,393,2),(41337,396,1),(41338,392,4),(41339,391,4),(41340,395,1),(41341,397,4),(41342,391,4),(41343,392,2),(41344,120,5),(41345,152,5),(41346,392,4),(41347,391,4),(41348,394,2),(41349,198,5),(41350,399,5),(41351,402,2),(41352,403,2),(41353,404,1),(41354,398,4),(41355,399,4),(41356,401,1),(41357,394,2),(41358,399,4),(41359,402,2),(41360,400,2),(41361,126,1),(41362,399,4),(41363,398,4),(41364,401,2),(41365,395,1),(41366,398,4),(41367,399,4),(41368,402,2),(41369,383,4),(41370,399,5),(41371,402,2),(41372,403,2),(41373,404,1),(41374,398,4),(41375,399,4),(41376,401,1),(41377,394,2),(41378,399,4),(41379,402,2),(41380,400,2),(41381,126,1),(41382,399,4),(41383,398,4),(41384,401,2),(41385,395,1),(41386,398,4),(41387,399,4),(41388,402,2),(41389,383,4),(41390,174,2),(41391,120,3),(41392,308,3),(41393,125,1),(41394,174,2),(41395,120,3),(41396,394,3),(41397,126,1),(41398,174,2),(41399,120,3),(41400,367,5),(41401,125,1),(41402,174,2),(41403,120,3),(41404,384,3),(41405,126,1),(41406,174,2),(41407,120,3),(41408,388,5),(41409,125,1),(41410,174,2),(41411,120,3),(41412,308,3),(41413,125,1),(41414,174,2),(41415,120,3),(41416,394,3),(41417,126,1),(41418,174,2),(41419,120,3),(41420,367,5),(41421,125,1),(41422,174,2),(41423,120,3),(41424,384,3),(41425,126,1),(41426,174,2),(41427,120,3),(41428,388,5),(41429,125,1),(41430,153,3),(41431,137,3),(41432,401,1),(41433,143,1),(41434,153,3),(41435,137,3),(41436,365,1),(41437,143,1),(41438,153,3),(41439,137,3),(41440,395,1),(41441,142,3),(41442,153,3),(41443,137,3),(41444,350,1),(41445,142,3),(41446,153,3),(41447,137,3),(41448,317,1),(41449,143,1),(41450,153,3),(41451,137,3),(41452,401,1),(41453,143,1),(41454,153,3),(41455,137,3),(41456,365,1),(41457,143,1),(41458,153,3),(41459,137,3),(41460,395,1),(41461,142,3),(41462,153,3),(41463,137,3),(41464,350,1),(41465,142,3),(41466,153,3),(41467,137,3),(41468,317,1),(41469,143,1),(41470,146,2),(41471,142,1),(41472,414,1),(41473,155,3),(41474,146,2),(41475,143,1),(41476,414,1),(41477,157,2),(41478,146,2),(41479,142,2),(41480,414,2),(41481,125,1),(41482,146,2),(41483,142,1),(41484,414,1),(41485,157,2),(41486,146,2),(41487,143,1),(41488,414,2),(41489,125,1),(41490,146,2),(41491,142,1),(41492,414,1),(41493,155,3),(41494,146,2),(41495,143,1),(41496,414,1),(41497,157,2),(41498,146,2),(41499,142,2),(41500,414,2),(41501,125,1),(41502,146,2),(41503,142,1),(41504,414,1),(41505,157,2),(41506,146,2),(41507,143,1),(41508,414,2),(41509,125,1),(41510,144,1),(41511,142,2),(41512,141,3),(41513,143,1),(41514,408,2),(41515,406,6),(41516,405,4),(41517,411,1),(41518,406,4),(41519,405,4),(41520,409,2),(41521,153,3),(41522,406,4),(41523,408,1),(41524,407,2),(41525,126,1),(41526,406,4),(41527,405,4),(41528,410,4),(41529,125,1),(41530,406,4),(41531,405,4),(41532,410,2),(41533,153,2),(41534,408,2),(41535,406,6),(41536,405,4),(41537,411,1),(41538,406,4),(41539,405,4),(41540,409,2),(41541,153,3),(41542,406,4),(41543,408,1),(41544,407,2),(41545,126,1),(41546,406,4),(41547,405,4),(41548,410,4),(41549,125,1),(41550,406,4),(41551,405,4),(41552,410,2),(41553,153,2),(41554,420,5),(41555,423,2),(41556,422,2),(41557,126,1),(41558,420,5),(41559,426,4),(41560,427,4),(41561,346,1),(41562,424,4),(41563,420,4),(41564,425,4),(41565,153,4),(41566,424,4),(41567,420,4),(41568,421,1),(41569,153,3),(41570,423,3),(41571,424,6),(41572,421,2),(41573,428,1),(41574,420,5),(41575,423,2),(41576,422,2),(41577,126,1),(41578,420,5),(41579,426,4),(41580,427,4),(41581,346,1),(41582,424,4),(41583,420,4),(41584,425,4),(41585,153,4),(41586,424,4),(41587,420,4),(41588,421,1),(41589,153,3),(41590,423,3),(41591,424,6),(41592,421,2),(41593,428,1),(41594,430,4),(41595,429,4),(41596,431,2),(41597,153,4),(41598,429,5),(41599,432,3),(41600,434,2),(41601,435,1),(41602,429,5),(41603,432,2),(41604,433,2),(41605,323,1),(41606,430,4),(41607,429,4),(41608,432,2),(41609,119,5),(41610,429,5),(41611,430,4),(41612,431,3),(41613,174,3),(41614,430,4),(41615,429,4),(41616,431,2),(41617,153,4),(41618,429,5),(41619,432,3),(41620,434,2),(41621,435,1),(41622,429,5),(41623,432,2),(41624,433,2),(41625,323,1),(41626,430,4),(41627,429,4),(41628,432,2),(41629,119,5),(41630,429,5),(41631,430,4),(41632,431,3),(41633,174,3),(41634,412,5),(41635,413,4),(41636,417,4),(41637,153,4),(41638,413,5),(41639,416,3),(41640,415,2),(41641,334,1),(41642,416,3),(41643,412,6),(41644,414,2),(41645,419,1),(41646,413,5),(41647,418,4),(41648,414,2),(41649,174,3),(41650,412,5),(41651,413,4),(41652,414,2),(41653,123,6),(41654,412,5),(41655,413,4),(41656,417,4),(41657,153,4),(41658,413,5),(41659,416,3),(41660,415,2),(41661,334,1),(41662,416,3),(41663,412,6),(41664,414,2),(41665,419,1),(41666,413,5),(41667,418,4),(41668,414,2),(41669,174,3),(41670,412,5),(41671,413,4),(41672,414,2),(41673,123,6),(41674,373,3),(41675,375,1),(41676,206,2),(41677,171,4),(41678,373,3),(41679,375,1),(41680,374,2),(41681,120,4),(41682,373,3),(41683,371,4),(41684,299,3),(41685,123,6),(41686,373,4),(41687,371,4),(41688,375,3),(41689,125,1),(41690,373,3),(41691,374,3),(41692,299,3),(41693,143,1),(41694,373,3),(41695,375,1),(41696,206,2),(41697,171,4),(41698,373,3),(41699,375,1),(41700,374,2),(41701,120,4),(41702,373,3),(41703,371,4),(41704,299,3),(41705,123,6),(41706,373,4),(41707,371,4),(41708,375,3),(41709,125,1),(41710,373,3),(41711,374,3),(41712,299,3),(41713,143,1),(41714,436,5),(41715,437,4),(41716,440,2),(41717,346,1),(41718,440,3),(41719,436,6),(41720,442,3),(41721,443,1),(41722,437,4),(41723,441,3),(41724,438,2),(41725,173,1),(41726,437,4),(41727,442,2),(41728,439,2),(41729,334,1),(41730,436,4),(41731,437,4),(41732,438,2),(41733,323,1),(41734,436,5),(41735,437,4),(41736,440,2),(41737,346,1),(41738,440,3),(41739,436,6),(41740,442,3),(41741,443,1),(41742,437,4),(41743,441,3),(41744,438,2),(41745,173,1),(41746,437,4),(41747,442,2),(41748,439,2),(41749,334,1),(41750,436,4),(41751,437,4),(41752,438,2),(41753,323,1),(41754,496,3),(41755,493,2),(41756,495,2),(41757,483,1),(41758,496,2),(41759,492,3),(41760,495,2),(41761,483,1),(41762,496,3),(41763,492,3),(41764,495,2),(41765,483,1),(41766,496,2),(41767,493,2),(41768,494,3),(41769,483,1),(41770,496,2),(41771,493,2),(41772,494,3),(41773,483,1),(41774,496,3),(41775,493,2),(41776,495,2),(41777,483,1),(41778,496,2),(41779,492,3),(41780,495,2),(41781,483,1),(41782,496,3),(41783,492,3),(41784,495,2),(41785,483,1),(41786,496,2),(41787,493,2),(41788,494,3),(41789,483,1),(41790,496,2),(41791,493,2),(41792,494,3),(41793,483,1),(41794,123,2),(41795,483,1),(41796,405,6),(41797,484,1),(41798,279,8),(41799,146,2),(41800,483,2),(41801,484,1),(41802,335,8),(41803,145,2),(41804,483,2),(41805,484,1),(41806,324,8),(41807,146,2),(41808,483,2),(41809,484,1),(41810,362,8),(41811,145,2),(41812,483,2),(41813,484,1),(41814,405,5),(41815,146,2),(41816,483,2),(41817,484,1),(41818,279,8),(41819,146,2),(41820,483,2),(41821,484,1),(41822,335,8),(41823,145,2),(41824,483,2),(41825,484,1),(41826,324,8),(41827,146,2),(41828,483,2),(41829,484,1),(41830,362,8),(41831,145,2),(41832,483,2),(41833,484,1),(41834,405,5),(41835,146,2),(41836,483,2),(41837,517,5),(41838,520,2),(41839,519,2),(41840,523,1),(41841,516,3),(41842,517,4),(41843,522,2),(41844,152,4),(41845,517,4),(41846,518,2),(41847,521,2),(41848,143,1),(41849,516,3),(41850,517,4),(41851,522,2),(41852,211,3),(41853,516,3),(41854,517,4),(41855,519,2),(41856,212,4),(41857,517,5),(41858,520,2),(41859,519,2),(41860,523,1),(41861,516,3),(41862,517,4),(41863,522,2),(41864,152,4),(41865,517,4),(41866,518,2),(41867,521,2),(41868,143,1),(41869,516,3),(41870,517,4),(41871,522,2),(41872,211,3),(41873,516,3),(41874,517,4),(41875,519,2),(41876,212,4),(41877,525,3),(41878,119,1),(41879,525,3),(41880,119,3),(41881,525,3),(41882,119,1),(41883,525,3),(41884,119,1),(41885,525,3),(41886,119,2),(41887,446,2),(41888,206,7),(41889,207,5),(41890,155,4),(41891,447,3),(41892,124,1),(41893,125,1),(41894,123,3),(41895,524,3),(41896,227,1),(41897,226,4),(41898,225,5),(41899,448,3),(41900,207,4),(41901,189,4),(41902,140,3),(51455,116,1),(51456,116,2),(51457,121,2),(51458,116,5),(51459,117,2),(51460,216,1),(51461,214,1),(51462,213,3),(51463,154,1),(51464,158,1),(51465,230,2),(51466,228,3),(51467,118,2),(51468,117,5),(51469,148,2),(51470,118,5),(51471,170,1),(51472,257,2),(51473,258,1),(51474,122,2),(51475,118,5),(51476,117,10),(51477,150,2),(51478,119,8),(51479,118,5),(51480,123,2),(51481,119,5),(51482,118,10),(51483,123,3),(51484,120,8),(51485,119,20),(51486,174,2),(51487,126,1),(51488,120,13),(51489,406,2),(51490,410,4),(51491,407,2),(51492,409,3),(51493,411,1),(51494,408,5),(51495,409,5),(51496,440,2),(51497,122,3),(51498,150,2),(51499,258,2),(51500,256,2),(51501,122,3),(51502,168,2),(51503,320,3),(51504,318,4),(51505,119,5),(51506,260,3),(51507,259,4),(51508,181,3),(51509,120,5),(51510,171,3),(51511,262,2),(51512,256,4),(51513,174,3),(51514,261,6),(51515,262,4),(51516,173,1),(51517,119,5),(51518,322,2),(51519,321,3),(51520,204,5),(51521,169,3),(51522,120,5),(51523,324,5),(51524,327,3),(51525,174,3),(51526,326,5),(51527,325,3),(51528,173,1),(51529,140,2),(51530,216,2),(51531,215,2),(51532,287,3),(51533,210,3),(51534,304,1),(51535,301,3),(51536,216,3),(51537,215,3),(51538,213,5),(51539,150,3),(51540,219,4),(51541,215,6),(51542,217,6),(51543,155,5),(51544,219,6),(51545,203,6),(51546,152,4),(51547,291,5),(51548,219,8),(51549,218,6),(51550,125,1),(51551,417,2),(51552,359,2),(51553,304,3),(51554,303,2),(51555,160,2),(51556,119,6),(51557,309,5),(51558,308,3),(51559,161,6),(51560,211,6),(51561,309,3),(51562,306,5),(51563,305,2),(51564,365,1),(51565,309,4),(51566,308,2),(51567,161,4),(51568,389,2),(51569,390,2),(51570,387,4),(51571,172,1),(51572,309,5),(51573,308,3),(51574,416,2),(51575,389,3),(51576,390,3),(51577,421,2),(51578,173,1),(51579,122,3),(51580,231,2),(51581,229,3),(51582,232,1),(51583,164,2),(51584,345,1),(51585,340,1),(51586,342,2),(51587,150,2),(51588,158,2),(51589,230,4),(51590,231,2),(51591,233,3),(51592,235,2),(51593,137,3),(51594,159,2),(51595,152,3),(51596,234,5),(51597,235,3),(51598,159,2),(51599,172,1),(51600,236,4),(51601,235,6),(51602,418,2),(51603,165,3),(51604,346,1),(51605,340,6),(51606,343,2),(51607,348,4),(51608,350,1),(51609,347,6),(51610,349,2),(51611,353,4),(51612,352,6),(51613,355,3),(51614,173,1),(51615,352,8),(51616,354,3),(51617,351,1),(51618,423,2),(51619,147,1),(51620,147,2),(51621,138,1),(51622,148,2),(51623,166,1),(51624,139,2),(51625,246,3),(51626,247,1),(51627,239,1),(51628,238,2),(51629,237,3),(51630,139,2),(51631,149,1),(51632,148,5),(51633,265,3),(51634,264,2),(51635,263,3),(51636,164,2),(51637,149,1),(51638,150,2),(51639,136,4),(51640,150,2),(51641,151,2),(51642,137,2),(51643,142,4),(51644,143,1),(51645,152,4),(51646,151,6),(51647,137,10),(51648,143,1),(51649,153,4),(51650,152,6),(51651,137,20),(51652,412,6),(51653,416,5),(51654,414,4),(51655,417,4),(51656,419,1),(51657,415,2),(51658,417,6),(51659,438,3),(51660,271,4),(51661,268,1),(51662,269,5),(51663,165,3),(51664,273,1),(51665,272,2),(51666,270,4),(51667,416,5),(51668,187,3),(51669,248,2),(51670,249,3),(51671,136,5),(51672,140,2),(51673,188,3),(51674,248,4),(51675,150,2),(51676,189,5),(51677,251,2),(51678,250,3),(51679,137,5),(51680,190,3),(51681,253,4),(51682,152,3),(51683,167,3),(51684,153,4),(51685,252,5),(51686,253,6),(51687,173,1),(51688,239,2),(51689,241,1),(51690,118,3),(51691,195,3),(51692,310,4),(51693,162,2),(51694,313,2),(51695,239,4),(51696,240,2),(51697,356,3),(51698,150,3),(51699,243,3),(51700,245,2),(51701,244,2),(51702,197,5),(51703,243,3),(51704,245,4),(51705,362,3),(51706,198,5),(51707,245,5),(51708,244,5),(51709,408,1),(51710,173,1),(51711,150,3),(51712,314,1),(51713,312,2),(51714,313,3),(51715,163,2),(51716,151,3),(51717,316,4),(51718,312,3),(51719,163,3),(51720,152,5),(51721,317,1),(51722,315,8),(51723,163,4),(51724,153,5),(51725,316,6),(51726,173,1),(51727,138,5),(51728,139,5),(51729,140,5),(51730,141,5),(51731,149,8),(51732,150,6),(51733,136,8),(51734,369,3),(51735,370,1),(51736,372,3),(51737,124,1),(51738,377,8),(51739,381,1),(51740,376,4),(51741,380,4),(51742,142,4),(51743,143,2),(51744,153,10),(51745,173,1),(51746,123,5),(51747,375,4),(51748,373,5),(51749,371,4),(51750,375,6),(51751,374,3),(51752,125,2),(51753,437,4),(51754,126,3),(51755,437,4),(51756,379,2),(51757,378,2),(51758,122,10),(51759,123,10),(51760,121,10),(51761,124,1),(51762,119,10),(51763,126,1),(51764,120,5),(51765,173,1),(51766,434,3),(51767,433,2),(51768,431,4),(51769,406,5),(51770,441,4),(51771,443,1),(51772,437,6),(51773,439,2),(51774,434,4),(51775,435,1),(51776,432,5),(51777,442,2),(51778,489,4),(51779,495,5),(51780,125,1),(51781,491,4),(51782,496,5),(51783,492,4),(51784,493,4),(51785,173,2),(51786,522,2),(51787,516,6),(51788,518,3),(51789,519,2),(51790,523,1),(51791,520,2),(51792,518,5),(51793,174,5),(51794,118,7),(51795,526,2),(51796,296,2),(51797,345,2),(51798,174,2),(51799,126,5),(51800,526,3),(51801,173,1),(51802,116,1),(51803,116,2),(51804,121,2),(51805,116,5),(51806,117,2),(51807,223,1),(51808,221,2),(51809,220,3),(51810,118,2),(51811,117,5),(51812,148,2),(51813,287,2),(51814,288,1),(51815,285,3),(51816,122,2),(51817,118,5),(51818,117,10),(51819,150,2),(51820,119,8),(51821,118,5),(51822,123,2),(51823,119,5),(51824,118,10),(51825,123,3),(51826,120,8),(51827,119,20),(51828,174,2),(51829,126,1),(51830,120,13),(51831,406,2),(51832,410,4),(51833,407,2),(51834,409,3),(51835,411,1),(51836,408,5),(51837,409,5),(51838,440,2),(51839,322,2),(51840,154,3),(51841,287,3),(51842,288,2),(51843,124,1),(51844,291,3),(51845,292,1),(51846,289,5),(51847,327,2),(51848,155,5),(51849,291,4),(51850,292,2),(51851,172,1),(51852,431,2),(51853,291,5),(51854,292,3),(51855,139,3),(51856,223,2),(51857,222,2),(51858,310,3),(51859,117,10),(51860,158,4),(51861,278,1),(51862,275,5),(51863,274,5),(51864,275,4),(51865,277,3),(51866,223,2),(51867,222,4),(51868,331,2),(51869,141,3),(51870,227,3),(51871,225,4),(51872,224,6),(51873,142,3),(51874,227,4),(51875,226,3),(51876,337,2),(51877,392,4),(51878,393,1),(51879,395,1),(51880,391,6),(51881,172,1),(51882,227,5),(51883,226,4),(51884,409,2),(51885,420,4),(51886,393,2),(51887,396,1),(51888,394,4),(51889,280,4),(51890,278,1),(51891,279,5),(51892,281,3),(51893,164,2),(51894,344,3),(51895,345,1),(51896,341,2),(51897,174,3),(51898,283,6),(51899,282,1),(51900,281,5),(51901,348,4),(51902,346,1),(51903,347,6),(51904,349,2),(51905,353,4),(51906,352,6),(51907,355,3),(51908,350,1),(51909,352,8),(51910,354,3),(51911,351,1),(51912,423,2),(51913,147,1),(51914,147,2),(51915,138,1),(51916,148,2),(51917,166,1),(51918,249,1),(51919,246,3),(51920,247,1),(51921,257,1),(51922,255,2),(51923,254,3),(51924,139,2),(51925,149,1),(51926,148,5),(51927,265,2),(51928,263,3),(51929,164,1),(51930,149,1),(51931,150,2),(51932,136,4),(51933,150,2),(51934,151,2),(51935,137,2),(51936,152,4),(51937,151,6),(51938,137,10),(51939,143,1),(51940,153,4),(51941,152,6),(51942,137,20),(51943,401,4),(51944,398,5),(51945,402,3),(51946,126,1),(51947,404,1),(51948,402,4),(51949,403,4),(51950,442,3),(51951,265,4),(51952,266,1),(51953,267,1),(51954,345,1),(51955,271,4),(51956,268,1),(51957,269,5),(51958,165,3),(51959,271,5),(51960,270,4),(51961,126,1),(51962,350,2),(51963,271,6),(51964,273,1),(51965,272,2),(51966,421,2),(51967,187,3),(51968,302,2),(51969,249,3),(51970,247,3),(51971,188,3),(51972,248,4),(51973,247,3),(51974,150,2),(51975,119,6),(51976,251,3),(51977,253,3),(51978,250,6),(51979,189,5),(51980,251,2),(51981,253,2),(51982,250,3),(51983,190,3),(51984,253,4),(51985,152,3),(51986,167,3),(51987,153,2),(51988,252,5),(51989,253,6),(51990,173,1),(51991,412,6),(51992,416,5),(51993,414,4),(51994,417,4),(51995,419,1),(51996,415,2),(51997,417,6),(51998,438,3),(51999,122,3),(52000,170,2),(52001,257,3),(52002,258,2),(52003,182,3),(52004,183,2),(52005,156,2),(52006,150,2),(52007,258,2),(52008,256,2),(52009,141,2),(52010,168,2),(52011,320,3),(52012,318,4),(52013,123,3),(52014,261,3),(52015,260,3),(52016,259,4),(52017,364,2),(52018,171,3),(52019,261,4),(52020,262,2),(52021,409,2),(52022,261,6),(52023,262,4),(52024,173,1),(52025,320,4),(52026,323,1),(52027,322,3),(52028,300,4),(52029,169,2),(52030,326,3),(52031,324,5),(52032,327,3),(52033,434,2),(52034,326,5),(52035,328,1),(52036,325,3),(52037,184,2),(52038,182,5),(52039,183,4),(52040,332,2),(52041,123,3),(52042,185,5),(52043,186,4),(52044,157,2),(52045,355,2),(52046,185,5),(52047,186,4),(52048,125,1),(52049,185,8),(52050,186,6),(52051,416,3),(52052,173,1),(52053,138,5),(52054,139,5),(52055,140,5),(52056,141,5),(52057,149,8),(52058,150,6),(52059,136,8),(52060,377,8),(52061,381,1),(52062,376,4),(52063,380,4),(52064,142,4),(52065,143,2),(52066,153,10),(52067,173,1),(52068,126,3),(52069,437,4),(52070,379,2),(52071,378,2),(52072,122,10),(52073,123,10),(52074,121,10),(52075,124,1),(52076,119,10),(52077,126,1),(52078,120,5),(52079,173,1),(52080,420,5),(52081,425,2),(52082,421,2),(52083,427,4),(52084,441,4),(52085,443,1),(52086,437,6),(52087,439,2),(52088,425,2),(52089,428,1),(52090,423,5),(52091,436,5),(52092,495,5),(52093,125,1),(52094,491,4),(52095,496,5),(52096,492,4),(52097,493,4),(52098,173,2),(52099,522,2),(52100,516,6),(52101,518,3),(52102,519,2),(52103,523,1),(52104,520,2),(52105,518,5),(52106,174,5),(52107,452,3),(52108,216,4),(52109,124,1),(52110,148,4),(52111,116,1),(52112,116,2),(52113,121,2),(52114,116,5),(52115,117,2),(52116,166,1),(52117,121,3),(52118,246,3),(52119,247,1),(52120,158,1),(52121,230,2),(52122,228,3),(52123,118,2),(52124,117,5),(52125,148,2),(52126,122,2),(52127,118,5),(52128,117,10),(52129,150,2),(52130,164,2),(52131,345,1),(52132,340,1),(52133,342,2),(52134,482,1),(52135,359,2),(52136,331,2),(52137,343,1),(52138,119,8),(52139,118,5),(52140,123,2),(52141,119,5),(52142,118,10),(52143,123,3),(52144,120,8),(52145,119,20),(52146,174,2),(52147,126,1),(52148,120,13),(52149,406,2),(52150,410,4),(52151,407,2),(52152,409,3),(52153,411,1),(52154,408,5),(52155,409,5),(52156,440,2),(52157,165,3),(52158,346,1),(52159,340,6),(52160,343,2),(52161,348,4),(52162,350,1),(52163,347,6),(52164,349,2),(52165,353,4),(52166,352,6),(52167,355,3),(52168,351,1),(52169,172,1),(52170,119,10),(52171,337,3),(52172,333,2),(52173,402,3),(52174,434,3),(52175,483,1),(52176,173,1),(52177,118,5),(52178,187,3),(52179,248,2),(52180,249,3),(52181,117,10),(52182,158,3),(52183,278,1),(52184,275,5),(52185,274,5),(52186,275,4),(52187,277,3),(52188,293,2),(52189,294,3),(52190,295,1),(52191,122,3),(52192,188,3),(52193,248,4),(52194,150,2),(52195,168,2),(52196,320,3),(52197,318,4),(52198,119,5),(52199,189,5),(52200,251,2),(52201,250,3),(52202,120,5),(52203,190,3),(52204,253,4),(52205,167,3),(52206,174,3),(52207,252,5),(52208,253,6),(52209,173,1),(52210,320,4),(52211,323,1),(52212,322,3),(52213,300,4),(52214,169,2),(52215,326,3),(52216,324,5),(52217,327,3),(52218,434,2),(52219,326,5),(52220,328,1),(52221,325,3),(52222,280,4),(52223,278,1),(52224,279,5),(52225,281,3),(52226,284,4),(52227,283,5),(52228,281,4),(52229,173,1),(52230,174,3),(52231,283,6),(52232,282,1),(52233,281,5),(52234,356,3),(52235,295,3),(52236,296,2),(52237,204,5),(52238,299,3),(52239,297,4),(52240,298,5),(52241,206,5),(52242,365,2),(52243,125,1),(52244,299,4),(52245,300,3),(52246,153,3),(52247,299,5),(52248,298,7),(52249,173,1),(52250,122,3),(52251,231,2),(52252,229,3),(52253,232,1),(52254,210,3),(52255,304,1),(52256,301,3),(52257,150,2),(52258,158,2),(52259,230,4),(52260,231,2),(52261,233,3),(52262,235,2),(52263,137,3),(52264,159,2),(52265,152,3),(52266,234,5),(52267,235,3),(52268,159,2),(52269,172,1),(52270,236,4),(52271,235,6),(52272,418,2),(52273,359,2),(52274,304,3),(52275,303,2),(52276,160,2),(52277,211,6),(52278,309,3),(52279,306,5),(52280,305,2),(52281,365,1),(52282,309,4),(52283,308,2),(52284,161,4),(52285,172,1),(52286,309,5),(52287,308,3),(52288,416,2),(52289,147,1),(52290,147,2),(52291,138,1),(52292,148,2),(52293,216,1),(52294,214,1),(52295,213,3),(52296,154,1),(52297,239,1),(52298,238,2),(52299,237,3),(52300,139,2),(52301,149,1),(52302,148,5),(52303,310,4),(52304,162,2),(52305,313,2),(52306,149,1),(52307,150,2),(52308,136,4),(52309,150,2),(52310,151,2),(52311,137,2),(52312,152,4),(52313,151,6),(52314,137,10),(52315,143,1),(52316,153,4),(52317,152,6),(52318,137,20),(52319,150,3),(52320,314,1),(52321,312,2),(52322,313,3),(52323,163,2),(52324,151,3),(52325,316,4),(52326,312,3),(52327,163,3),(52328,152,5),(52329,317,1),(52330,315,8),(52331,163,4),(52332,153,5),(52333,316,6),(52334,173,1),(52335,140,2),(52336,216,2),(52337,215,2),(52338,287,3),(52339,170,1),(52340,136,5),(52341,257,2),(52342,258,1),(52343,216,3),(52344,215,3),(52345,213,5),(52346,150,3),(52347,219,4),(52348,215,6),(52349,217,6),(52350,155,5),(52351,219,6),(52352,203,6),(52353,152,4),(52354,291,5),(52355,219,8),(52356,218,6),(52357,125,1),(52358,417,2),(52359,150,2),(52360,258,2),(52361,256,2),(52362,141,2),(52363,137,5),(52364,260,3),(52365,259,4),(52366,181,3),(52367,152,3),(52368,171,3),(52369,262,2),(52370,256,4),(52371,153,4),(52372,261,6),(52373,262,4),(52374,173,1),(52375,239,2),(52376,241,1),(52377,118,3),(52378,195,3),(52379,265,2),(52380,263,3),(52381,164,1),(52382,239,4),(52383,240,2),(52384,356,3),(52385,150,3),(52386,243,3),(52387,245,2),(52388,244,2),(52389,197,5),(52390,243,3),(52391,245,4),(52392,362,3),(52393,198,5),(52394,245,5),(52395,244,5),(52396,408,1),(52397,173,1),(52398,265,4),(52399,266,1),(52400,267,1),(52401,345,1),(52402,271,5),(52403,270,6),(52404,268,1),(52405,269,6),(52406,271,4),(52407,268,1),(52408,269,5),(52409,165,3),(52410,271,6),(52411,273,1),(52412,272,2),(52413,421,2),(52414,138,5),(52415,139,5),(52416,140,5),(52417,141,5),(52418,149,8),(52419,150,6),(52420,136,8),(52421,369,3),(52422,370,1),(52423,372,3),(52424,124,1),(52425,142,4),(52426,143,2),(52427,153,10),(52428,173,1),(52429,123,5),(52430,375,4),(52431,373,5),(52432,371,4),(52433,375,6),(52434,374,3),(52435,125,2),(52436,437,4),(52437,122,10),(52438,123,10),(52439,121,10),(52440,124,1),(52441,119,10),(52442,126,1),(52443,120,5),(52444,173,1),(52445,420,5),(52446,425,2),(52447,421,2),(52448,427,4),(52449,441,4),(52450,443,1),(52451,437,6),(52452,439,2),(52453,425,2),(52454,428,1),(52455,423,5),(52456,436,5),(52457,522,2),(52458,516,6),(52459,518,3),(52460,519,2),(52461,523,1),(52462,520,2),(52463,518,5),(52464,174,5),(52465,116,1),(52466,116,2),(52467,121,2),(52468,116,5),(52469,117,2),(52470,118,2),(52471,117,5),(52472,148,2),(52473,287,2),(52474,288,1),(52475,285,3),(52476,122,2),(52477,118,5),(52478,117,10),(52479,150,2),(52480,119,8),(52481,118,5),(52482,123,2),(52483,223,1),(52484,221,2),(52485,220,3),(52486,119,5),(52487,118,10),(52488,123,3),(52489,120,8),(52490,119,20),(52491,174,2),(52492,126,1),(52493,120,13),(52494,406,2),(52495,410,4),(52496,407,2),(52497,409,3),(52498,411,1),(52499,408,5),(52500,409,5),(52501,440,2),(52502,322,2),(52503,154,3),(52504,287,3),(52505,288,2),(52506,122,3),(52507,168,2),(52508,320,3),(52509,318,4),(52510,125,1),(52511,291,5),(52512,292,3),(52513,289,6),(52514,124,1),(52515,291,3),(52516,292,1),(52517,289,5),(52518,327,2),(52519,155,5),(52520,291,4),(52521,292,2),(52522,401,4),(52523,398,5),(52524,402,3),(52525,126,1),(52526,172,1),(52527,431,2),(52528,291,5),(52529,292,3),(52530,404,1),(52531,402,4),(52532,403,4),(52533,442,3),(52534,119,5),(52535,322,2),(52536,321,3),(52537,204,5),(52538,169,3),(52539,120,5),(52540,324,5),(52541,327,3),(52542,174,3),(52543,326,5),(52544,325,3),(52545,173,1),(52546,139,3),(52547,223,2),(52548,222,2),(52549,310,3),(52550,118,3),(52551,121,6),(52552,124,1),(52553,117,5),(52554,223,2),(52555,222,4),(52556,331,2),(52557,141,3),(52558,227,3),(52559,225,4),(52560,224,6),(52561,142,3),(52562,227,4),(52563,226,3),(52564,337,2),(52565,172,1),(52566,227,5),(52567,226,4),(52568,409,2),(52569,119,5),(52570,482,2),(52571,122,8),(52572,123,4),(52573,123,6),(52574,483,3),(52575,125,2),(52576,173,2),(52577,147,1),(52578,147,2),(52579,138,1),(52580,148,2),(52581,166,1),(52582,249,1),(52583,246,3),(52584,247,1),(52585,257,1),(52586,255,2),(52587,254,3),(52588,139,2),(52589,149,1),(52590,148,5),(52591,265,2),(52592,263,3),(52593,164,1),(52594,149,1),(52595,150,2),(52596,136,4),(52597,150,2),(52598,151,2),(52599,137,2),(52600,152,4),(52601,151,6),(52602,137,10),(52603,143,1),(52604,153,4),(52605,152,6),(52606,137,20),(52607,265,4),(52608,266,1),(52609,267,1),(52610,345,1),(52611,359,2),(52612,356,4),(52613,150,3),(52614,360,1),(52615,271,4),(52616,268,1),(52617,269,5),(52618,165,3),(52619,271,5),(52620,270,4),(52621,126,1),(52622,350,2),(52623,271,6),(52624,273,1),(52625,272,2),(52626,421,2),(52627,361,1),(52628,357,4),(52629,358,2),(52630,151,4),(52631,365,1),(52632,362,6),(52633,363,5),(52634,364,3),(52635,366,4),(52636,368,3),(52637,408,2),(52638,173,1),(52639,187,3),(52640,302,2),(52641,249,3),(52642,247,3),(52643,182,3),(52644,183,2),(52645,156,2),(52646,188,3),(52647,248,4),(52648,247,3),(52649,150,2),(52650,119,5),(52651,251,4),(52652,253,3),(52653,250,5),(52654,189,5),(52655,251,2),(52656,253,2),(52657,250,3),(52658,190,3),(52659,253,4),(52660,152,3),(52661,167,3),(52662,389,2),(52663,390,2),(52664,387,4),(52665,153,2),(52666,252,5),(52667,253,6),(52668,173,1),(52669,389,3),(52670,390,3),(52671,421,2),(52672,173,1),(52673,184,2),(52674,182,5),(52675,183,4),(52676,332,2),(52677,123,3),(52678,185,5),(52679,186,4),(52680,157,2),(52681,355,2),(52682,185,5),(52683,186,4),(52684,125,1),(52685,185,8),(52686,186,6),(52687,416,3),(52688,173,1),(52689,122,3),(52690,170,2),(52691,257,3),(52692,258,2),(52693,150,2),(52694,258,2),(52695,256,2),(52696,141,2),(52697,331,2),(52698,332,2),(52699,329,4),(52700,123,3),(52701,261,3),(52702,260,3),(52703,259,4),(52704,364,2),(52705,171,3),(52706,261,4),(52707,262,2),(52708,409,2),(52709,261,6),(52710,262,4),(52711,173,1),(52712,331,2),(52713,334,1),(52714,333,2),(52715,137,5),(52716,143,1),(52717,337,4),(52718,338,3),(52719,335,8),(52720,337,6),(52721,338,5),(52722,339,1),(52723,425,2),(52724,138,5),(52725,139,5),(52726,140,5),(52727,141,5),(52728,149,8),(52729,150,6),(52730,136,8),(52731,369,3),(52732,370,1),(52733,372,3),(52734,124,1),(52735,377,8),(52736,381,1),(52737,376,4),(52738,380,4),(52739,142,4),(52740,143,2),(52741,153,10),(52742,173,1),(52743,123,5),(52744,375,4),(52745,373,5),(52746,371,4),(52747,375,6),(52748,374,3),(52749,125,2),(52750,437,4),(52751,126,3),(52752,437,4),(52753,379,2),(52754,378,2),(52755,122,10),(52756,123,10),(52757,121,10),(52758,124,1),(52759,119,10),(52760,126,1),(52761,120,5),(52762,173,1),(52763,434,2),(52764,126,2),(52765,425,2),(52766,173,1),(52767,441,4),(52768,443,1),(52769,437,6),(52770,439,2),(52771,432,3),(52772,125,2),(52773,423,3),(52774,441,2),(52775,522,2),(52776,516,6),(52777,518,3),(52778,519,2),(52779,523,1),(52780,520,2),(52781,518,5),(52782,174,5),(52783,116,1),(52784,116,2),(52785,121,2),(52786,116,5),(52787,117,2),(52788,118,2),(52789,117,5),(52790,148,2),(52791,122,2),(52792,118,5),(52793,117,10),(52794,150,2),(52795,122,4),(52796,168,4),(52797,318,3),(52798,124,3),(52799,166,1),(52800,121,3),(52801,246,3),(52802,247,1),(52803,158,1),(52804,230,2),(52805,228,3),(52806,119,8),(52807,118,5),(52808,123,2),(52809,119,5),(52810,118,10),(52811,123,3),(52812,120,8),(52813,119,20),(52814,174,2),(52815,126,1),(52816,120,13),(52817,406,2),(52818,410,4),(52819,407,2),(52820,409,3),(52821,411,1),(52822,408,5),(52823,409,5),(52824,440,2),(52825,123,4),(52826,169,4),(52827,324,3),(52828,125,3),(52829,434,3),(52830,169,4),(52831,327,3),(52832,125,6),(52833,118,5),(52834,187,3),(52835,248,2),(52836,249,3),(52837,210,3),(52838,304,1),(52839,301,3),(52840,122,3),(52841,188,3),(52842,248,4),(52843,150,2),(52844,119,5),(52845,189,5),(52846,251,2),(52847,250,3),(52848,120,5),(52849,190,3),(52850,253,4),(52851,167,3),(52852,174,3),(52853,252,5),(52854,253,6),(52855,173,1),(52856,359,2),(52857,304,3),(52858,303,2),(52859,160,2),(52860,211,6),(52861,309,3),(52862,306,5),(52863,305,2),(52864,365,1),(52865,309,4),(52866,308,2),(52867,161,4),(52868,172,1),(52869,309,5),(52870,308,3),(52871,416,2),(52872,122,3),(52873,231,2),(52874,229,3),(52875,232,1),(52876,118,5),(52877,170,1),(52878,257,2),(52879,258,1),(52880,150,2),(52881,158,2),(52882,230,4),(52883,231,2),(52884,119,8),(52885,236,3),(52886,235,4),(52887,159,2),(52888,233,3),(52889,235,2),(52890,137,3),(52891,159,2),(52892,172,1),(52893,236,4),(52894,235,6),(52895,418,2),(52896,122,3),(52897,150,2),(52898,258,2),(52899,256,2),(52900,119,5),(52901,260,3),(52902,259,4),(52903,181,3),(52904,120,5),(52905,171,3),(52906,262,2),(52907,256,4),(52908,174,3),(52909,261,6),(52910,262,4),(52911,173,1),(52912,147,1),(52913,147,2),(52914,138,1),(52915,148,2),(52916,223,1),(52917,221,2),(52918,220,3),(52919,239,1),(52920,238,2),(52921,237,3),(52922,139,2),(52923,149,1),(52924,148,5),(52925,310,4),(52926,162,2),(52927,313,2),(52928,149,1),(52929,150,2),(52930,136,4),(52931,150,2),(52932,151,2),(52933,137,2),(52934,152,4),(52935,151,6),(52936,137,10),(52937,412,6),(52938,416,5),(52939,414,4),(52940,417,4),(52941,143,1),(52942,153,4),(52943,152,6),(52944,137,20),(52945,419,1),(52946,415,2),(52947,417,6),(52948,438,3),(52949,150,3),(52950,314,1),(52951,312,2),(52952,313,3),(52953,316,4),(52954,317,2),(52955,312,4),(52956,173,1),(52957,163,2),(52958,151,3),(52959,316,4),(52960,312,3),(52961,392,4),(52962,393,1),(52963,395,1),(52964,391,6),(52965,163,3),(52966,152,5),(52967,317,1),(52968,315,8),(52969,163,4),(52970,153,5),(52971,316,6),(52972,173,1),(52973,420,4),(52974,393,2),(52975,396,1),(52976,394,4),(52977,139,3),(52978,223,2),(52979,222,2),(52980,310,3),(52981,223,2),(52982,222,4),(52983,331,2),(52984,141,3),(52985,359,2),(52986,356,4),(52987,150,3),(52988,360,1),(52989,227,3),(52990,225,4),(52991,224,6),(52992,142,3),(52993,227,4),(52994,226,3),(52995,337,2),(52996,172,1),(52997,227,5),(52998,226,4),(52999,409,2),(53000,361,1),(53001,357,4),(53002,358,2),(53003,151,4),(53004,365,1),(53005,362,6),(53006,363,5),(53007,364,3),(53008,366,4),(53009,368,3),(53010,408,2),(53011,173,1),(53012,239,2),(53013,241,1),(53014,118,3),(53015,195,3),(53016,265,2),(53017,263,3),(53018,164,1),(53019,239,4),(53020,240,2),(53021,356,3),(53022,150,3),(53023,243,3),(53024,245,2),(53025,244,2),(53026,197,5),(53027,243,3),(53028,245,4),(53029,362,3),(53030,198,5),(53031,245,5),(53032,244,5),(53033,408,1),(53034,173,1),(53035,265,4),(53036,266,1),(53037,267,1),(53038,345,1),(53039,271,4),(53040,268,1),(53041,269,5),(53042,165,3),(53043,271,5),(53044,270,4),(53045,126,1),(53046,350,2),(53047,271,6),(53048,273,1),(53049,272,2),(53050,421,2),(53051,138,5),(53052,139,5),(53053,140,5),(53054,141,5),(53055,149,8),(53056,150,6),(53057,136,8),(53058,377,8),(53059,381,1),(53060,376,4),(53061,380,4),(53062,142,4),(53063,143,2),(53064,153,10),(53065,173,1),(53066,126,3),(53067,437,4),(53068,379,2),(53069,378,2),(53070,122,10),(53071,123,10),(53072,121,10),(53073,124,1),(53074,119,10),(53075,126,1),(53076,120,5),(53077,173,1),(53078,434,3),(53079,433,2),(53080,431,4),(53081,406,5),(53082,441,4),(53083,443,1),(53084,437,6),(53085,439,2),(53086,434,4),(53087,435,1),(53088,432,5),(53089,442,2),(53090,495,5),(53091,125,1),(53092,491,4),(53093,488,4),(53094,496,5),(53095,492,4),(53096,493,4),(53097,173,2),(53098,522,2),(53099,516,6),(53100,518,3),(53101,519,2),(53102,523,1),(53103,520,2),(53104,518,5),(53105,174,5),(53106,116,1),(53107,116,2),(53108,121,2),(53109,116,5),(53110,117,2),(53111,223,1),(53112,221,2),(53113,220,3),(53114,166,1),(53115,121,3),(53116,246,3),(53117,247,1),(53118,118,2),(53119,117,5),(53120,148,2),(53121,118,5),(53122,170,1),(53123,257,2),(53124,258,1),(53125,122,2),(53126,118,5),(53127,117,10),(53128,150,2),(53129,119,8),(53130,118,5),(53131,123,2),(53132,119,5),(53133,118,10),(53134,123,3),(53135,120,8),(53136,119,20),(53137,174,2),(53138,126,1),(53139,120,13),(53140,406,2),(53141,410,4),(53142,407,2),(53143,409,3),(53144,411,1),(53145,408,5),(53146,409,5),(53147,440,2),(53148,122,3),(53149,150,2),(53150,258,2),(53151,256,2),(53152,119,5),(53153,260,3),(53154,259,4),(53155,181,3),(53156,120,5),(53157,171,3),(53158,262,2),(53159,256,4),(53160,174,3),(53161,261,6),(53162,262,4),(53163,173,1),(53164,139,3),(53165,223,2),(53166,222,2),(53167,310,3),(53168,117,10),(53169,158,3),(53170,278,1),(53171,275,5),(53172,274,5),(53173,275,4),(53174,277,3),(53175,223,2),(53176,222,4),(53177,331,2),(53178,141,3),(53179,227,3),(53180,225,4),(53181,224,6),(53182,142,3),(53183,227,4),(53184,226,3),(53185,337,2),(53186,172,1),(53187,227,5),(53188,226,4),(53189,409,2),(53190,280,4),(53191,278,1),(53192,279,5),(53193,281,3),(53194,284,4),(53195,283,5),(53196,281,4),(53197,173,1),(53198,174,3),(53199,283,6),(53200,282,1),(53201,281,5),(53202,118,5),(53203,187,3),(53204,248,2),(53205,249,3),(53206,122,3),(53207,188,3),(53208,248,4),(53209,150,2),(53210,168,2),(53211,320,3),(53212,318,4),(53213,119,5),(53214,189,5),(53215,251,2),(53216,250,3),(53217,120,5),(53218,190,3),(53219,253,4),(53220,167,3),(53221,174,3),(53222,252,5),(53223,253,6),(53224,173,1),(53225,320,4),(53226,323,1),(53227,322,3),(53228,300,4),(53229,169,2),(53230,326,3),(53231,324,5),(53232,327,3),(53233,434,2),(53234,326,5),(53235,328,1),(53236,325,3),(53237,147,1),(53238,147,2),(53239,138,1),(53240,148,2),(53241,158,1),(53242,230,2),(53243,228,3),(53244,138,1),(53245,178,2),(53246,180,1),(53247,139,2),(53248,149,1),(53249,148,5),(53250,265,2),(53251,263,3),(53252,164,1),(53253,149,1),(53254,150,2),(53255,136,4),(53256,150,2),(53257,151,2),(53258,137,2),(53259,152,4),(53260,151,6),(53261,137,10),(53262,383,4),(53263,382,6),(53264,385,4),(53265,143,1),(53266,153,4),(53267,152,6),(53268,137,20),(53269,384,4),(53270,386,3),(53271,424,4),(53272,173,1),(53273,265,4),(53274,266,1),(53275,267,1),(53276,345,1),(53277,271,4),(53278,268,1),(53279,269,5),(53280,165,3),(53281,271,5),(53282,270,4),(53283,126,1),(53284,350,2),(53285,271,6),(53286,273,1),(53287,272,2),(53288,421,2),(53289,122,3),(53290,231,2),(53291,229,3),(53292,232,1),(53293,293,2),(53294,294,3),(53295,295,1),(53296,150,2),(53297,158,2),(53298,230,4),(53299,231,2),(53300,233,3),(53301,235,2),(53302,137,3),(53303,159,2),(53304,152,3),(53305,234,5),(53306,235,3),(53307,159,2),(53308,172,1),(53309,236,4),(53310,235,6),(53311,418,2),(53312,356,3),(53313,295,3),(53314,296,2),(53315,204,5),(53316,299,4),(53317,297,6),(53318,296,6),(53319,173,1),(53320,299,3),(53321,297,4),(53322,298,5),(53323,206,5),(53324,365,2),(53325,125,1),(53326,299,4),(53327,300,3),(53328,401,4),(53329,398,5),(53330,402,3),(53331,126,1),(53332,153,3),(53333,299,5),(53334,298,7),(53335,173,1),(53336,404,1),(53337,402,4),(53338,403,4),(53339,442,3),(53340,156,2),(53341,160,1),(53342,178,2),(53343,180,2),(53344,310,4),(53345,162,2),(53346,313,2),(53347,210,6),(53348,183,3),(53349,160,2),(53350,180,3),(53351,157,5),(53352,161,2),(53353,179,6),(53354,181,3),(53355,142,2),(53356,309,5),(53357,186,6),(53358,181,6),(53359,431,3),(53360,184,1),(53361,125,2),(53362,181,3),(53363,150,3),(53364,314,1),(53365,312,2),(53366,313,3),(53367,163,2),(53368,151,3),(53369,316,4),(53370,312,3),(53371,163,3),(53372,152,5),(53373,317,1),(53374,315,8),(53375,163,4),(53376,153,5),(53377,316,6),(53378,173,1),(53379,138,5),(53380,139,5),(53381,140,5),(53382,141,5),(53383,149,8),(53384,150,6),(53385,136,8),(53386,369,3),(53387,370,1),(53388,372,3),(53389,124,1),(53390,142,4),(53391,143,2),(53392,153,10),(53393,173,1),(53394,123,5),(53395,375,4),(53396,373,5),(53397,371,4),(53398,375,6),(53399,374,3),(53400,125,2),(53401,437,4),(53402,122,10),(53403,123,10),(53404,121,10),(53405,124,1),(53406,119,10),(53407,126,1),(53408,120,5),(53409,173,1),(53410,420,5),(53411,425,2),(53412,421,2),(53413,427,4),(53414,441,4),(53415,443,1),(53416,437,6),(53417,439,2),(53418,425,2),(53419,428,1),(53420,423,5),(53421,436,5),(53422,522,2),(53423,516,6),(53424,518,3),(53425,519,2),(53426,523,1),(53427,520,2),(53428,518,5),(53429,174,5),(53430,116,1),(53431,116,2),(53432,121,2),(53433,116,5),(53434,117,2),(53435,223,1),(53436,221,2),(53437,220,3),(53438,158,1),(53439,230,2),(53440,228,3),(53441,118,2),(53442,117,5),(53443,148,2),(53444,122,2),(53445,118,5),(53446,117,10),(53447,150,2),(53448,168,2),(53449,320,3),(53450,318,4),(53451,119,8),(53452,118,5),(53453,123,2),(53454,119,5),(53455,118,10),(53456,123,3),(53457,120,8),(53458,119,20),(53459,174,2),(53460,126,1),(53461,120,13),(53462,406,2),(53463,410,4),(53464,407,2),(53465,409,3),(53466,411,1),(53467,408,5),(53468,409,5),(53469,440,2),(53470,320,4),(53471,323,1),(53472,322,3),(53473,300,4),(53474,169,2),(53475,326,3),(53476,324,5),(53477,327,3),(53478,434,2),(53479,326,5),(53480,328,1),(53481,325,3),(53482,139,3),(53483,223,2),(53484,222,2),(53485,310,3),(53486,118,5),(53487,170,1),(53488,257,2),(53489,258,1),(53490,223,2),(53491,222,4),(53492,331,2),(53493,141,3),(53494,119,10),(53495,227,3),(53496,225,6),(53497,224,6),(53498,227,3),(53499,225,4),(53500,224,6),(53501,142,3),(53502,227,4),(53503,226,3),(53504,337,2),(53505,383,4),(53506,382,6),(53507,385,4),(53508,172,1),(53509,227,5),(53510,226,4),(53511,409,2),(53512,384,4),(53513,386,3),(53514,424,4),(53515,173,1),(53516,122,3),(53517,150,2),(53518,258,2),(53519,256,2),(53520,119,5),(53521,260,3),(53522,259,4),(53523,181,3),(53524,120,5),(53525,171,3),(53526,262,2),(53527,256,4),(53528,174,3),(53529,261,6),(53530,262,4),(53531,173,1),(53532,122,3),(53533,231,2),(53534,229,3),(53535,232,1),(53536,150,2),(53537,158,2),(53538,230,4),(53539,231,2),(53540,164,2),(53541,345,1),(53542,340,1),(53543,342,2),(53544,233,3),(53545,235,2),(53546,137,3),(53547,159,2),(53548,152,3),(53549,234,5),(53550,235,3),(53551,159,2),(53552,172,1),(53553,236,4),(53554,235,6),(53555,418,2),(53556,165,3),(53557,346,1),(53558,340,6),(53559,343,2),(53560,348,4),(53561,350,1),(53562,347,6),(53563,349,2),(53564,353,4),(53565,352,6),(53566,355,3),(53567,351,1),(53568,352,8),(53569,354,3),(53570,351,1),(53571,423,2),(53572,147,1),(53573,147,2),(53574,138,1),(53575,148,2),(53576,239,1),(53577,238,2),(53578,237,3),(53579,139,2),(53580,149,1),(53581,148,5),(53582,182,3),(53583,183,2),(53584,156,2),(53585,149,1),(53586,150,2),(53587,136,4),(53588,150,2),(53589,151,2),(53590,137,2),(53591,152,4),(53592,151,6),(53593,137,10),(53594,143,1),(53595,153,4),(53596,152,6),(53597,137,20),(53598,412,6),(53599,416,5),(53600,414,4),(53601,417,4),(53602,419,1),(53603,415,2),(53604,417,6),(53605,438,3),(53606,184,2),(53607,182,5),(53608,183,4),(53609,332,2),(53610,185,6),(53611,184,1),(53612,186,4),(53613,125,1),(53614,123,3),(53615,185,5),(53616,186,4),(53617,157,2),(53618,355,2),(53619,185,5),(53620,186,4),(53621,125,1),(53622,185,8),(53623,186,6),(53624,416,3),(53625,173,1),(53626,239,2),(53627,241,1),(53628,118,3),(53629,195,3),(53630,239,4),(53631,240,2),(53632,356,3),(53633,150,3),(53634,331,2),(53635,332,2),(53636,329,4),(53637,166,1),(53638,139,2),(53639,246,3),(53640,247,1),(53641,243,3),(53642,245,2),(53643,244,2),(53644,197,5),(53645,243,3),(53646,245,4),(53647,362,3),(53648,198,5),(53649,245,5),(53650,244,5),(53651,408,1),(53652,173,1),(53653,331,2),(53654,334,1),(53655,333,2),(53656,137,5),(53657,143,1),(53658,337,4),(53659,338,3),(53660,335,8),(53661,337,6),(53662,338,5),(53663,339,1),(53664,425,2),(53665,187,3),(53666,248,2),(53667,249,3),(53668,136,5),(53669,140,2),(53670,188,3),(53671,248,4),(53672,150,2),(53673,189,5),(53674,251,2),(53675,250,3),(53676,137,5),(53677,190,3),(53678,253,4),(53679,152,3),(53680,167,3),(53681,153,4),(53682,252,5),(53683,253,6),(53684,173,1),(53685,138,5),(53686,139,5),(53687,140,5),(53688,141,5),(53689,149,8),(53690,150,6),(53691,136,8),(53692,369,3),(53693,370,1),(53694,372,3),(53695,124,1),(53696,142,4),(53697,143,2),(53698,153,10),(53699,173,1),(53700,401,4),(53701,398,5),(53702,402,3),(53703,126,1),(53704,404,1),(53705,402,4),(53706,403,4),(53707,442,3),(53708,123,5),(53709,375,4),(53710,373,5),(53711,371,4),(53712,375,6),(53713,374,3),(53714,125,2),(53715,437,4),(53716,122,10),(53717,123,10),(53718,121,10),(53719,124,1),(53720,119,10),(53721,126,1),(53722,120,5),(53723,173,1),(53724,434,3),(53725,433,2),(53726,431,4),(53727,406,5),(53728,441,4),(53729,443,1),(53730,437,6),(53731,439,2),(53732,434,4),(53733,435,1),(53734,432,5),(53735,442,2),(53736,490,4),(53737,495,5),(53738,125,1),(53739,491,4),(53740,496,5),(53741,492,4),(53742,493,4),(53743,173,2),(53744,522,2),(53745,516,6),(53746,518,3),(53747,519,2),(53748,523,1),(53749,520,2),(53750,518,5),(53751,174,5),(53752,116,1),(53753,116,2),(53754,121,2),(53755,116,5),(53756,117,2),(53757,257,1),(53758,255,2),(53759,254,3),(53760,166,1),(53761,249,1),(53762,246,3),(53763,247,1),(53764,118,2),(53765,117,5),(53766,148,2),(53767,122,2),(53768,118,5),(53769,117,10),(53770,150,2),(53771,119,8),(53772,118,5),(53773,123,2),(53774,119,5),(53775,118,10),(53776,123,3),(53777,120,8),(53778,119,20),(53779,174,2),(53780,126,1),(53781,120,13),(53782,406,2),(53783,410,4),(53784,407,2),(53785,409,3),(53786,411,1),(53787,408,5),(53788,409,5),(53789,440,2),(53790,122,3),(53791,170,2),(53792,257,3),(53793,258,2),(53794,274,5),(53795,275,4),(53796,277,3),(53797,150,2),(53798,258,2),(53799,256,2),(53800,141,2),(53801,164,2),(53802,345,1),(53803,340,1),(53804,342,2),(53805,261,6),(53806,262,2),(53807,260,7),(53808,173,1),(53809,123,3),(53810,261,3),(53811,260,3),(53812,259,4),(53813,364,2),(53814,171,3),(53815,261,4),(53816,262,2),(53817,409,2),(53818,261,6),(53819,262,4),(53820,173,1),(53821,165,3),(53822,346,1),(53823,340,6),(53824,343,2),(53825,348,4),(53826,350,1),(53827,347,6),(53828,349,2),(53829,353,4),(53830,352,6),(53831,355,3),(53832,351,1),(53833,352,8),(53834,354,3),(53835,351,1),(53836,423,2),(53837,280,4),(53838,278,1),(53839,279,5),(53840,281,3),(53841,284,4),(53842,283,5),(53843,281,4),(53844,173,1),(53845,174,3),(53846,283,6),(53847,282,1),(53848,281,5),(53849,187,3),(53850,302,2),(53851,249,3),(53852,247,3),(53853,188,3),(53854,248,4),(53855,247,3),(53856,150,2),(53857,168,2),(53858,320,3),(53859,318,4),(53860,189,5),(53861,251,2),(53862,253,2),(53863,250,3),(53864,190,3),(53865,253,4),(53866,152,3),(53867,167,3),(53868,153,2),(53869,252,5),(53870,253,6),(53871,173,1),(53872,320,4),(53873,323,1),(53874,322,3),(53875,300,4),(53876,169,2),(53877,326,3),(53878,324,5),(53879,327,3),(53880,434,2),(53881,326,5),(53882,328,1),(53883,325,3),(53884,147,1),(53885,147,2),(53886,138,1),(53887,148,2),(53888,216,1),(53889,214,1),(53890,213,3),(53891,154,1),(53892,239,1),(53893,238,2),(53894,237,3),(53895,139,2),(53896,149,1),(53897,148,5),(53898,149,1),(53899,150,2),(53900,136,4),(53901,150,2),(53902,151,2),(53903,137,2),(53904,152,4),(53905,151,6),(53906,137,10),(53907,401,4),(53908,398,5),(53909,402,3),(53910,126,1),(53911,143,1),(53912,153,4),(53913,152,6),(53914,137,20),(53915,404,1),(53916,402,4),(53917,403,4),(53918,442,3),(53919,140,2),(53920,216,2),(53921,215,2),(53922,287,3),(53923,210,3),(53924,304,1),(53925,301,3),(53926,216,3),(53927,215,3),(53928,213,5),(53929,150,3),(53930,219,4),(53931,215,6),(53932,217,6),(53933,155,5),(53934,219,6),(53935,203,6),(53936,152,4),(53937,291,5),(53938,219,8),(53939,218,6),(53940,125,1),(53941,417,2),(53942,359,2),(53943,304,3),(53944,303,2),(53945,160,2),(53946,309,5),(53947,308,3),(53948,161,6),(53949,137,5),(53950,211,6),(53951,309,3),(53952,306,5),(53953,305,2),(53954,365,1),(53955,309,4),(53956,308,2),(53957,161,4),(53958,172,1),(53959,309,5),(53960,308,3),(53961,416,2),(53962,412,6),(53963,416,5),(53964,414,4),(53965,417,4),(53966,419,1),(53967,415,2),(53968,417,6),(53969,438,3),(53970,239,2),(53971,241,1),(53972,118,3),(53973,195,3),(53974,265,2),(53975,263,3),(53976,164,1),(53977,239,4),(53978,240,2),(53979,356,3),(53980,150,3),(53981,243,3),(53982,245,2),(53983,244,2),(53984,197,5),(53985,243,3),(53986,245,4),(53987,362,3),(53988,198,5),(53989,245,5),(53990,244,5),(53991,408,1),(53992,173,1),(53993,265,4),(53994,266,1),(53995,267,1),(53996,345,1),(53997,271,4),(53998,268,1),(53999,269,5),(54000,165,3),(54001,271,5),(54002,270,4),(54003,126,1),(54004,350,2),(54005,271,6),(54006,273,1),(54007,272,2),(54008,421,2),(54009,138,5),(54010,139,5),(54011,140,5),(54012,141,5),(54013,149,8),(54014,150,6),(54015,136,8),(54016,377,8),(54017,381,1),(54018,376,4),(54019,380,4),(54020,142,4),(54021,143,2),(54022,153,10),(54023,173,1),(54024,126,3),(54025,437,4),(54026,379,2),(54027,378,2),(54028,122,10),(54029,123,10),(54030,121,10),(54031,124,1),(54032,119,10),(54033,126,1),(54034,120,5),(54035,173,1),(54036,434,3),(54037,433,2),(54038,431,4),(54039,406,5),(54040,441,4),(54041,443,1),(54042,437,6),(54043,439,2),(54044,434,4),(54045,435,1),(54046,432,5),(54047,442,2),(54048,522,2),(54049,516,6),(54050,518,3),(54051,519,2),(54052,523,1),(54053,520,2),(54054,518,5),(54055,174,5),(54056,116,1),(54057,116,2),(54058,121,2),(54059,116,5),(54060,117,2),(54061,216,1),(54062,214,1),(54063,213,3),(54064,154,1),(54065,118,2),(54066,117,5),(54067,148,2),(54068,118,5),(54069,170,1),(54070,257,2),(54071,258,1),(54072,122,2),(54073,118,5),(54074,117,10),(54075,150,2),(54076,168,2),(54077,320,3),(54078,318,4),(54079,119,8),(54080,118,5),(54081,123,2),(54082,119,5),(54083,118,10),(54084,123,3),(54085,120,8),(54086,119,20),(54087,174,2),(54088,126,1),(54089,120,13),(54090,406,2),(54091,410,4),(54092,407,2),(54093,409,3),(54094,411,1),(54095,408,5),(54096,409,5),(54097,440,2),(54098,320,4),(54099,323,1),(54100,322,3),(54101,300,4),(54102,169,2),(54103,326,3),(54104,324,5),(54105,327,3),(54106,434,2),(54107,326,5),(54108,328,1),(54109,325,3),(54110,122,3),(54111,150,2),(54112,258,2),(54113,256,2),(54114,119,7),(54115,124,1),(54116,171,4),(54117,259,3),(54118,119,5),(54119,260,3),(54120,259,4),(54121,181,3),(54122,120,5),(54123,171,3),(54124,262,2),(54125,256,4),(54126,392,4),(54127,393,1),(54128,395,1),(54129,391,6),(54130,174,3),(54131,261,6),(54132,262,4),(54133,173,1),(54134,420,4),(54135,393,2),(54136,396,1),(54137,394,4),(54138,140,2),(54139,216,2),(54140,215,2),(54141,287,3),(54142,216,3),(54143,215,3),(54144,213,5),(54145,150,3),(54146,164,2),(54147,345,1),(54148,340,1),(54149,342,2),(54150,219,4),(54151,215,6),(54152,217,6),(54153,155,5),(54154,219,6),(54155,203,6),(54156,152,4),(54157,291,5),(54158,401,4),(54159,398,5),(54160,402,3),(54161,126,1),(54162,219,8),(54163,218,6),(54164,125,1),(54165,417,2),(54166,404,1),(54167,402,4),(54168,403,4),(54169,442,3),(54170,165,3),(54171,346,1),(54172,340,6),(54173,343,2),(54174,348,4),(54175,350,1),(54176,347,6),(54177,349,2),(54178,353,4),(54179,352,6),(54180,355,3),(54181,351,1),(54182,147,1),(54183,147,2),(54184,138,1),(54185,148,2),(54186,166,1),(54187,249,1),(54188,246,3),(54189,247,1),(54190,239,1),(54191,238,2),(54192,237,3),(54193,139,2),(54194,149,1),(54195,148,5),(54196,149,1),(54197,150,2),(54198,136,4),(54199,150,2),(54200,151,2),(54201,137,2),(54202,152,4),(54203,151,6),(54204,137,10),(54205,143,1),(54206,153,4),(54207,152,6),(54208,137,20),(54209,412,6),(54210,416,5),(54211,414,4),(54212,417,4),(54213,419,1),(54214,415,2),(54215,417,6),(54216,438,3),(54217,187,3),(54218,302,2),(54219,249,3),(54220,247,3),(54221,293,2),(54222,294,3),(54223,295,1),(54224,188,3),(54225,248,4),(54226,247,3),(54227,150,2),(54228,119,5),(54229,251,4),(54230,253,3),(54231,250,5),(54232,189,5),(54233,251,2),(54234,253,2),(54235,250,3),(54236,190,3),(54237,253,4),(54238,152,3),(54239,167,3),(54240,153,2),(54241,252,5),(54242,253,6),(54243,173,1),(54244,356,3),(54245,295,3),(54246,296,2),(54247,204,5),(54248,299,3),(54249,297,4),(54250,298,5),(54251,206,5),(54252,365,2),(54253,125,1),(54254,299,4),(54255,300,3),(54256,153,3),(54257,299,5),(54258,298,7),(54259,173,1),(54260,239,2),(54261,241,1),(54262,118,3),(54263,195,3),(54264,265,3),(54265,264,2),(54266,263,3),(54267,164,2),(54268,239,4),(54269,240,2),(54270,356,3),(54271,150,3),(54272,359,2),(54273,356,4),(54274,150,3),(54275,360,1),(54276,243,3),(54277,245,2),(54278,244,2),(54279,197,5),(54280,243,3),(54281,245,4),(54282,362,3),(54283,198,5),(54284,245,5),(54285,244,5),(54286,408,1),(54287,173,1),(54288,361,1),(54289,357,4),(54290,358,2),(54291,151,4),(54292,365,1),(54293,362,6),(54294,363,5),(54295,364,3),(54296,366,4),(54297,367,2),(54298,368,1),(54299,173,1),(54300,366,6),(54301,368,3),(54302,143,2),(54303,439,2),(54304,271,4),(54305,268,1),(54306,269,5),(54307,165,3),(54308,273,1),(54309,272,2),(54310,270,4),(54311,416,5),(54312,138,5),(54313,139,5),(54314,140,5),(54315,141,5),(54316,149,8),(54317,150,6),(54318,136,8),(54319,369,3),(54320,370,1),(54321,372,3),(54322,124,1),(54323,142,4),(54324,143,2),(54325,153,10),(54326,173,1),(54327,123,5),(54328,375,4),(54329,373,5),(54330,371,4),(54331,375,6),(54332,374,3),(54333,125,2),(54334,437,4),(54335,122,10),(54336,123,10),(54337,121,10),(54338,124,1),(54339,119,10),(54340,126,1),(54341,120,5),(54342,173,1),(54343,420,5),(54344,425,2),(54345,421,2),(54346,427,4),(54347,441,4),(54348,443,1),(54349,437,6),(54350,439,2),(54351,425,2),(54352,428,1),(54353,423,5),(54354,436,5),(54355,522,2),(54356,516,6),(54357,518,3),(54358,519,2),(54359,523,1),(54360,520,2),(54361,518,5),(54362,174,5),(54363,116,1),(54364,116,2),(54365,121,2),(54366,116,5),(54367,117,2),(54368,166,1),(54369,249,1),(54370,246,3),(54371,247,1),(54372,118,2),(54373,117,5),(54374,148,2),(54375,122,2),(54376,118,5),(54377,117,10),(54378,150,2),(54379,164,2),(54380,345,1),(54381,340,1),(54382,342,2),(54383,119,8),(54384,118,5),(54385,123,2),(54386,119,5),(54387,118,10),(54388,123,3),(54389,120,8),(54390,119,20),(54391,174,2),(54392,126,1),(54393,120,13),(54394,406,2),(54395,410,4),(54396,407,2),(54397,409,3),(54398,411,1),(54399,408,5),(54400,409,5),(54401,440,2),(54402,165,3),(54403,346,1),(54404,340,6),(54405,343,2),(54406,348,4),(54407,350,1),(54408,347,6),(54409,349,2),(54410,353,4),(54411,352,6),(54412,355,3),(54413,351,1),(54414,187,3),(54415,302,2),(54416,249,3),(54417,247,3),(54418,117,10),(54419,158,3),(54420,278,1),(54421,275,5),(54422,274,5),(54423,275,4),(54424,277,3),(54425,188,3),(54426,248,4),(54427,247,3),(54428,150,2),(54429,122,3),(54430,168,2),(54431,320,3),(54432,318,4),(54433,189,5),(54434,251,2),(54435,253,2),(54436,250,3),(54437,190,3),(54438,253,4),(54439,152,3),(54440,167,3),(54441,153,2),(54442,252,5),(54443,253,6),(54444,173,1),(54445,119,5),(54446,322,2),(54447,321,3),(54448,204,5),(54449,169,3),(54450,120,5),(54451,324,5),(54452,327,3),(54453,174,3),(54454,326,5),(54455,325,3),(54456,173,1),(54457,280,4),(54458,278,1),(54459,279,5),(54460,281,3),(54461,284,4),(54462,283,5),(54463,281,4),(54464,173,1),(54465,174,3),(54466,283,6),(54467,282,1),(54468,281,5),(54469,147,1),(54470,147,2),(54471,138,1),(54472,148,2),(54473,216,1),(54474,214,1),(54475,213,3),(54476,154,1),(54477,257,1),(54478,255,2),(54479,254,3),(54480,139,2),(54481,149,1),(54482,148,5),(54483,149,1),(54484,150,2),(54485,136,4),(54486,359,2),(54487,356,4),(54488,150,3),(54489,360,1),(54490,150,2),(54491,151,2),(54492,137,2),(54493,152,4),(54494,151,6),(54495,137,10),(54496,143,1),(54497,153,4),(54498,152,6),(54499,137,20),(54500,361,1),(54501,357,4),(54502,358,2),(54503,151,4),(54504,365,1),(54505,362,6),(54506,363,5),(54507,364,3),(54508,366,4),(54509,368,3),(54510,408,2),(54511,173,1),(54512,140,2),(54513,216,2),(54514,215,2),(54515,287,3),(54516,210,3),(54517,304,1),(54518,301,3),(54519,216,3),(54520,215,3),(54521,213,5),(54522,150,3),(54523,219,4),(54524,215,6),(54525,217,6),(54526,155,5),(54527,219,6),(54528,203,6),(54529,152,4),(54530,291,5),(54531,383,4),(54532,382,6),(54533,385,4),(54534,219,8),(54535,218,6),(54536,125,1),(54537,417,2),(54538,384,4),(54539,386,3),(54540,424,4),(54541,173,1),(54542,359,2),(54543,304,3),(54544,303,2),(54545,160,2),(54546,309,5),(54547,308,3),(54548,161,6),(54549,137,5),(54550,211,6),(54551,309,3),(54552,306,5),(54553,305,2),(54554,365,1),(54555,309,4),(54556,308,2),(54557,161,4),(54558,172,1),(54559,309,5),(54560,308,3),(54561,416,2),(54562,412,6),(54563,416,5),(54564,414,4),(54565,417,4),(54566,419,1),(54567,415,2),(54568,417,6),(54569,438,3),(54570,122,3),(54571,170,2),(54572,257,3),(54573,258,2),(54574,150,2),(54575,258,2),(54576,256,2),(54577,141,2),(54578,331,2),(54579,332,2),(54580,329,4),(54581,123,3),(54582,261,3),(54583,260,3),(54584,259,4),(54585,364,2),(54586,171,3),(54587,261,4),(54588,262,2),(54589,409,2),(54590,261,6),(54591,262,4),(54592,173,1),(54593,331,2),(54594,334,1),(54595,333,2),(54596,137,5),(54597,143,1),(54598,337,4),(54599,338,3),(54600,335,8),(54601,337,6),(54602,338,5),(54603,339,1),(54604,425,2),(54605,138,5),(54606,139,5),(54607,140,5),(54608,141,5),(54609,149,8),(54610,150,6),(54611,136,8),(54612,377,8),(54613,381,1),(54614,376,4),(54615,380,4),(54616,142,4),(54617,143,2),(54618,153,10),(54619,173,1),(54620,126,3),(54621,437,4),(54622,379,2),(54623,378,2),(54624,122,10),(54625,123,10),(54626,121,10),(54627,124,1),(54628,119,10),(54629,126,1),(54630,120,5),(54631,173,1),(54632,434,3),(54633,433,2),(54634,431,4),(54635,406,5),(54636,441,4),(54637,443,1),(54638,437,6),(54639,439,2),(54640,434,4),(54641,435,1),(54642,432,5),(54643,442,2),(54644,522,2),(54645,516,6),(54646,518,3),(54647,519,2),(54648,523,1),(54649,520,2),(54650,518,5),(54651,174,5),(54652,116,1),(54653,116,2),(54654,121,2),(54655,116,5),(54656,117,2),(54657,223,1),(54658,221,2),(54659,220,3),(54660,158,1),(54661,230,2),(54662,228,3),(54663,118,2),(54664,117,5),(54665,148,2),(54666,122,2),(54667,118,5),(54668,117,10),(54669,150,2),(54670,164,2),(54671,345,1),(54672,340,1),(54673,342,2),(54674,119,8),(54675,118,5),(54676,123,2),(54677,119,5),(54678,118,10),(54679,123,3),(54680,120,8),(54681,119,20),(54682,174,2),(54683,126,1),(54684,120,13),(54685,406,2),(54686,410,4),(54687,407,2),(54688,409,3),(54689,411,1),(54690,408,5),(54691,409,5),(54692,440,2),(54693,165,3),(54694,346,1),(54695,340,6),(54696,343,2),(54697,348,4),(54698,350,1),(54699,347,6),(54700,349,2),(54701,353,4),(54702,352,6),(54703,355,3),(54704,351,1),(54705,139,3),(54706,223,2),(54707,222,2),(54708,310,3),(54709,287,2),(54710,288,1),(54711,285,3),(54712,223,2),(54713,222,4),(54714,331,2),(54715,141,3),(54716,227,3),(54717,225,4),(54718,224,6),(54719,142,3),(54720,227,4),(54721,226,3),(54722,337,2),(54723,172,1),(54724,227,5),(54725,226,4),(54726,409,2),(54727,322,2),(54728,154,3),(54729,287,3),(54730,288,2),(54731,122,3),(54732,168,2),(54733,320,3),(54734,318,4),(54735,124,1),(54736,291,3),(54737,292,1),(54738,289,5),(54739,327,2),(54740,155,5),(54741,291,4),(54742,292,2),(54743,172,1),(54744,431,2),(54745,291,5),(54746,292,3),(54747,119,5),(54748,322,2),(54749,321,3),(54750,204,5),(54751,169,3),(54752,120,5),(54753,324,5),(54754,327,3),(54755,174,3),(54756,326,5),(54757,325,3),(54758,173,1),(54759,122,3),(54760,231,2),(54761,229,3),(54762,232,1),(54763,150,2),(54764,158,2),(54765,230,4),(54766,231,2),(54767,119,8),(54768,236,3),(54769,235,4),(54770,159,2),(54771,233,3),(54772,235,2),(54773,137,3),(54774,159,2),(54775,152,3),(54776,234,5),(54777,235,3),(54778,159,2),(54779,383,4),(54780,382,6),(54781,385,4),(54782,172,1),(54783,236,4),(54784,235,6),(54785,418,2),(54786,384,4),(54787,386,3),(54788,424,4),(54789,173,1),(54790,147,1),(54791,147,2),(54792,138,1),(54793,148,2),(54794,166,1),(54795,139,2),(54796,246,3),(54797,247,1),(54798,257,1),(54799,255,2),(54800,254,3),(54801,139,2),(54802,149,1),(54803,148,5),(54804,265,5),(54805,264,4),(54806,268,1),(54807,267,2),(54808,265,3),(54809,264,2),(54810,263,3),(54811,164,2),(54812,149,1),(54813,150,2),(54814,136,4),(54815,150,2),(54816,151,2),(54817,137,2),(54818,152,4),(54819,151,6),(54820,137,10),(54821,143,1),(54822,153,4),(54823,152,6),(54824,137,20),(54825,412,6),(54826,416,5),(54827,414,4),(54828,417,4),(54829,419,1),(54830,415,2),(54831,417,6),(54832,438,3),(54833,271,4),(54834,268,1),(54835,269,5),(54836,165,3),(54837,273,1),(54838,272,2),(54839,270,4),(54840,416,5),(54841,187,3),(54842,248,2),(54843,249,3),(54844,136,5),(54845,140,2),(54846,188,3),(54847,248,4),(54848,150,2),(54849,359,2),(54850,356,4),(54851,150,3),(54852,360,1),(54853,189,5),(54854,251,2),(54855,250,3),(54856,137,5),(54857,190,3),(54858,253,4),(54859,152,3),(54860,167,3),(54861,153,4),(54862,252,5),(54863,253,6),(54864,173,1),(54865,361,1),(54866,357,4),(54867,358,2),(54868,151,4),(54869,365,1),(54870,362,6),(54871,363,5),(54872,364,3),(54873,366,4),(54874,368,3),(54875,408,2),(54876,173,1),(54877,122,3),(54878,170,2),(54879,257,3),(54880,258,2),(54881,150,2),(54882,258,2),(54883,256,2),(54884,141,2),(54885,331,2),(54886,332,2),(54887,329,4),(54888,123,3),(54889,261,3),(54890,260,3),(54891,259,4),(54892,364,2),(54893,171,3),(54894,261,4),(54895,262,2),(54896,409,2),(54897,261,6),(54898,262,4),(54899,173,1),(54900,331,2),(54901,334,1),(54902,333,2),(54903,137,5),(54904,143,1),(54905,337,4),(54906,338,3),(54907,335,8),(54908,337,6),(54909,338,5),(54910,339,1),(54911,425,2),(54912,138,5),(54913,139,5),(54914,140,5),(54915,141,5),(54916,149,8),(54917,150,6),(54918,136,8),(54919,369,3),(54920,370,1),(54921,372,3),(54922,124,1),(54923,142,4),(54924,143,2),(54925,153,10),(54926,173,1),(54927,123,5),(54928,375,4),(54929,373,5),(54930,371,4),(54931,375,6),(54932,374,3),(54933,125,2),(54934,437,4),(54935,122,10),(54936,123,10),(54937,121,10),(54938,124,1),(54939,119,10),(54940,126,1),(54941,120,5),(54942,173,1),(54943,434,3),(54944,433,2),(54945,431,4),(54946,406,5),(54947,441,4),(54948,443,1),(54949,437,6),(54950,439,2),(54951,434,4),(54952,435,1),(54953,432,5),(54954,442,2),(54955,522,2),(54956,516,6),(54957,518,3),(54958,519,2),(54959,523,1),(54960,520,2),(54961,518,5),(54962,174,5),(54963,147,1),(54964,147,2),(54965,138,1),(54966,148,2),(54967,216,1),(54968,214,1),(54969,213,3),(54970,154,1),(54971,139,2),(54972,149,1),(54973,148,5),(54974,293,2),(54975,294,3),(54976,295,1),(54977,149,1),(54978,150,2),(54979,136,4),(54980,150,2),(54981,151,2),(54982,137,2),(54983,119,5),(54984,118,10),(54985,123,3),(54986,120,8),(54987,119,20),(54988,174,2),(54989,126,1),(54990,120,13),(54991,406,2),(54992,410,4),(54993,407,2),(54994,409,3),(54995,411,1),(54996,408,5),(54997,409,5),(54998,440,2),(54999,356,3),(55000,295,3),(55001,296,2),(55002,204,5),(55003,299,4),(55004,297,6),(55005,296,5),(55006,173,1),(55007,299,3),(55008,297,4),(55009,298,5),(55010,206,5),(55011,365,2),(55012,125,1),(55013,299,4),(55014,300,3),(55015,401,4),(55016,398,5),(55017,402,3),(55018,126,1),(55019,153,3),(55020,299,5),(55021,298,7),(55022,173,1),(55023,404,1),(55024,402,4),(55025,403,4),(55026,442,3),(55027,140,2),(55028,216,2),(55029,215,2),(55030,287,3),(55031,118,5),(55032,170,1),(55033,257,2),(55034,258,1),(55035,216,3),(55036,215,3),(55037,213,5),(55038,150,3),(55039,164,2),(55040,345,1),(55041,340,1),(55042,342,2),(55043,219,4),(55044,215,6),(55045,217,6),(55046,155,5),(55047,219,6),(55048,203,6),(55049,152,4),(55050,291,5),(55051,219,8),(55052,218,6),(55053,125,1),(55054,417,2),(55055,165,3),(55056,346,1),(55057,340,6),(55058,343,2),(55059,348,4),(55060,350,1),(55061,347,6),(55062,349,2),(55063,353,4),(55064,352,6),(55065,355,3),(55066,351,1),(55067,122,3),(55068,150,2),(55069,258,2),(55070,256,2),(55071,122,3),(55072,168,2),(55073,320,3),(55074,318,4),(55075,119,5),(55076,260,3),(55077,259,4),(55078,181,3),(55079,120,5),(55080,171,3),(55081,262,2),(55082,256,4),(55083,174,3),(55084,261,6),(55085,262,4),(55086,173,1),(55087,119,5),(55088,322,2),(55089,321,3),(55090,204,5),(55091,169,3),(55092,120,5),(55093,324,5),(55094,327,3),(55095,174,3),(55096,326,5),(55097,325,3),(55098,173,1),(55099,147,1),(55100,147,2),(55101,138,1),(55102,148,2),(55103,166,1),(55104,249,1),(55105,246,3),(55106,247,1),(55107,239,1),(55108,238,2),(55109,237,3),(55110,139,2),(55111,149,1),(55112,148,5),(55113,265,2),(55114,263,3),(55115,164,1),(55116,149,1),(55117,150,2),(55118,136,4),(55119,150,2),(55120,151,2),(55121,137,2),(55122,142,4),(55123,143,1),(55124,152,4),(55125,151,10),(55126,152,4),(55127,151,6),(55128,137,10),(55129,143,1),(55130,153,4),(55131,152,6),(55132,137,20),(55133,412,6),(55134,416,5),(55135,414,4),(55136,417,4),(55137,419,1),(55138,415,2),(55139,417,6),(55140,438,3),(55141,265,4),(55142,266,1),(55143,267,1),(55144,345,1),(55145,271,4),(55146,268,1),(55147,269,5),(55148,165,3),(55149,271,5),(55150,270,4),(55151,126,1),(55152,350,2),(55153,271,6),(55154,273,1),(55155,272,2),(55156,421,2),(55157,187,3),(55158,302,2),(55159,249,3),(55160,247,3),(55161,188,3),(55162,248,4),(55163,247,3),(55164,150,2),(55165,189,5),(55166,251,2),(55167,253,2),(55168,250,3),(55169,190,3),(55170,253,4),(55171,152,3),(55172,167,3),(55173,389,2),(55174,390,2),(55175,387,4),(55176,153,2),(55177,252,5),(55178,253,6),(55179,173,1),(55180,389,3),(55181,390,3),(55182,421,2),(55183,173,1),(55184,239,2),(55185,241,1),(55186,118,3),(55187,195,3),(55188,239,4),(55189,240,2),(55190,356,3),(55191,150,3),(55192,331,2),(55193,332,2),(55194,329,4),(55195,243,3),(55196,245,2),(55197,244,2),(55198,197,5),(55199,243,3),(55200,245,4),(55201,362,3),(55202,198,5),(55203,245,5),(55204,244,5),(55205,408,1),(55206,173,1),(55207,331,2),(55208,334,1),(55209,333,2),(55210,137,5),(55211,143,1),(55212,337,4),(55213,338,3),(55214,335,8),(55215,337,6),(55216,338,5),(55217,339,1),(55218,425,2),(55219,138,5),(55220,139,5),(55221,140,5),(55222,141,5),(55223,149,8),(55224,150,6),(55225,136,8),(55226,369,3),(55227,370,1),(55228,372,3),(55229,124,1),(55230,142,4),(55231,143,2),(55232,153,10),(55233,173,1),(55234,401,4),(55235,402,3),(55236,126,1),(55237,483,1),(55238,404,1),(55239,402,4),(55240,403,4),(55241,441,4),(55242,123,5),(55243,375,4),(55244,373,5),(55245,371,4),(55246,375,6),(55247,374,3),(55248,125,2),(55249,437,4),(55250,122,10),(55251,123,10),(55252,121,10),(55253,124,1),(55254,119,10),(55255,126,1),(55256,120,5),(55257,173,1),(55258,434,3),(55259,433,2),(55260,431,4),(55261,406,5),(55262,441,4),(55263,443,1),(55264,437,6),(55265,439,2),(55266,434,4),(55267,435,1),(55268,432,5),(55269,442,2),(55270,490,4),(55271,495,5),(55272,125,1),(55273,491,4),(55274,496,5),(55275,492,4),(55276,493,4),(55277,173,2),(55278,522,2),(55279,516,6),(55280,518,3),(55281,519,2),(55282,523,1),(55283,520,2),(55284,518,5),(55285,174,5),(55286,116,1),(55287,116,2),(55288,121,2),(55289,116,5),(55290,117,2),(55291,166,1),(55292,121,3),(55293,246,3),(55294,247,1),(55295,216,1),(55296,214,1),(55297,213,3),(55298,154,1),(55299,118,2),(55300,117,5),(55301,148,2),(55302,122,2),(55303,118,5),(55304,117,10),(55305,150,2),(55306,119,8),(55307,118,5),(55308,123,2),(55309,119,5),(55310,118,10),(55311,123,3),(55312,120,8),(55313,119,20),(55314,174,2),(55315,126,1),(55316,120,13),(55317,406,2),(55318,410,4),(55319,407,2),(55320,409,3),(55321,411,1),(55322,408,5),(55323,409,5),(55324,440,2),(55325,118,5),(55326,187,3),(55327,248,2),(55328,249,3),(55329,287,2),(55330,288,1),(55331,285,3),(55332,122,3),(55333,188,3),(55334,248,4),(55335,150,2),(55336,119,5),(55337,189,5),(55338,251,2),(55339,250,3),(55340,120,5),(55341,190,3),(55342,253,4),(55343,167,3),(55344,174,3),(55345,252,5),(55346,253,6),(55347,173,1),(55348,322,2),(55349,154,3),(55350,287,3),(55351,288,2),(55352,168,3),(55353,320,4),(55354,323,1),(55355,322,3),(55356,168,2),(55357,320,3),(55358,318,4),(55359,124,1),(55360,291,3),(55361,292,1),(55362,289,5),(55363,327,2),(55364,155,5),(55365,291,4),(55366,292,2),(55367,172,1),(55368,431,2),(55369,291,5),(55370,292,3),(55371,169,2),(55372,326,3),(55373,324,5),(55374,327,3),(55375,434,2),(55376,326,5),(55377,328,1),(55378,325,3),(55379,140,2),(55380,216,2),(55381,215,2),(55382,287,3),(55383,265,2),(55384,263,3),(55385,164,1),(55386,216,3),(55387,215,3),(55388,213,5),(55389,150,3),(55390,219,4),(55391,215,6),(55392,217,6),(55393,155,5),(55394,219,6),(55395,203,6),(55396,152,4),(55397,291,5),(55398,219,8),(55399,218,6),(55400,125,1),(55401,417,2),(55402,265,4),(55403,266,1),(55404,267,1),(55405,345,1),(55406,271,4),(55407,268,1),(55408,269,5),(55409,165,3),(55410,271,6),(55411,273,1),(55412,272,2),(55413,421,2),(55414,147,1),(55415,147,2),(55416,138,1),(55417,148,2),(55418,158,1),(55419,230,2),(55420,228,3),(55421,257,1),(55422,255,2),(55423,254,3),(55424,139,2),(55425,149,1),(55426,148,5),(55427,149,1),(55428,150,2),(55429,136,4),(55430,359,2),(55431,356,4),(55432,150,3),(55433,360,1),(55434,150,2),(55435,151,2),(55436,137,2),(55437,152,4),(55438,151,6),(55439,137,10),(55440,143,1),(55441,153,4),(55442,152,6),(55443,137,20),(55444,361,1),(55445,357,4),(55446,358,2),(55447,151,4),(55448,365,1),(55449,362,6),(55450,363,5),(55451,364,3),(55452,366,4),(55453,367,2),(55454,368,1),(55455,173,1),(55456,366,6),(55457,368,3),(55458,143,2),(55459,439,2),(55460,122,3),(55461,231,2),(55462,229,3),(55463,232,1),(55464,310,4),(55465,162,2),(55466,313,2),(55467,150,2),(55468,158,2),(55469,230,4),(55470,231,2),(55471,233,3),(55472,235,2),(55473,137,3),(55474,159,2),(55475,152,3),(55476,234,5),(55477,235,3),(55478,159,2),(55479,172,1),(55480,236,4),(55481,235,6),(55482,418,2),(55483,150,3),(55484,314,1),(55485,312,2),(55486,313,3),(55487,316,6),(55488,317,2),(55489,312,5),(55490,173,1),(55491,163,2),(55492,151,3),(55493,316,4),(55494,312,3),(55495,163,3),(55496,152,5),(55497,317,1),(55498,315,8),(55499,383,4),(55500,382,6),(55501,385,4),(55502,163,4),(55503,153,5),(55504,316,6),(55505,173,1),(55506,384,4),(55507,386,3),(55508,424,4),(55509,173,1),(55510,122,3),(55511,170,2),(55512,257,3),(55513,258,2),(55514,150,2),(55515,258,2),(55516,256,2),(55517,141,2),(55518,123,3),(55519,261,3),(55520,260,3),(55521,259,4),(55522,364,2),(55523,171,3),(55524,261,4),(55525,262,2),(55526,409,2),(55527,261,6),(55528,262,4),(55529,173,1),(55530,138,5),(55531,139,5),(55532,140,5),(55533,141,5),(55534,149,8),(55535,150,6),(55536,136,8),(55537,369,3),(55538,370,1),(55539,372,3),(55540,124,1),(55541,377,8),(55542,381,1),(55543,376,4),(55544,380,4),(55545,142,4),(55546,143,2),(55547,153,10),(55548,173,1),(55549,123,5),(55550,375,4),(55551,373,5),(55552,371,4),(55553,375,6),(55554,374,3),(55555,125,2),(55556,437,4),(55557,126,3),(55558,437,4),(55559,379,2),(55560,378,2),(55561,122,10),(55562,123,10),(55563,121,10),(55564,124,1),(55565,119,10),(55566,126,1),(55567,120,5),(55568,173,1),(55569,420,5),(55570,425,2),(55571,421,2),(55572,427,4),(55573,441,4),(55574,443,1),(55575,437,6),(55576,439,2),(55577,425,2),(55578,428,1),(55579,423,5),(55580,436,5),(55581,522,2),(55582,516,6),(55583,518,3),(55584,519,2),(55585,523,1),(55586,520,2),(55587,518,5),(55588,174,5),(55589,116,1),(55590,116,2),(55591,121,2),(55592,116,5),(55593,117,2),(55594,223,1),(55595,221,2),(55596,220,3),(55597,166,1),(55598,121,3),(55599,246,3),(55600,247,1),(55601,118,2),(55602,117,5),(55603,148,2),(55604,122,2),(55605,118,5),(55606,117,10),(55607,150,2),(55608,119,8),(55609,118,5),(55610,123,2),(55611,119,5),(55612,118,10),(55613,123,3),(55614,120,8),(55615,119,20),(55616,174,2),(55617,126,1),(55618,120,13),(55619,406,2),(55620,410,4),(55621,407,2),(55622,409,3),(55623,411,1),(55624,408,5),(55625,409,5),(55626,440,2),(55627,139,3),(55628,223,2),(55629,222,2),(55630,310,3),(55631,274,5),(55632,275,4),(55633,277,3),(55634,223,2),(55635,222,4),(55636,331,2),(55637,141,3),(55638,119,10),(55639,227,3),(55640,225,6),(55641,224,6),(55642,227,3),(55643,225,4),(55644,224,6),(55645,142,3),(55646,227,4),(55647,226,3),(55648,337,2),(55649,392,4),(55650,393,1),(55651,395,1),(55652,391,6),(55653,172,1),(55654,227,5),(55655,226,4),(55656,409,2),(55657,420,4),(55658,393,2),(55659,396,1),(55660,394,4),(55661,280,4),(55662,278,1),(55663,279,5),(55664,281,3),(55665,164,2),(55666,344,3),(55667,345,1),(55668,341,2),(55669,174,3),(55670,283,6),(55671,282,1),(55672,281,5),(55673,348,4),(55674,350,1),(55675,347,6),(55676,349,2),(55677,353,4),(55678,352,6),(55679,355,3),(55680,351,1),(55681,118,5),(55682,187,3),(55683,248,2),(55684,249,3),(55685,119,5),(55686,189,5),(55687,251,2),(55688,250,3),(55689,122,3),(55690,188,3),(55691,248,4),(55692,150,2),(55693,168,2),(55694,320,3),(55695,318,4),(55696,120,5),(55697,190,3),(55698,253,4),(55699,167,3),(55700,174,3),(55701,252,5),(55702,253,6),(55703,173,1),(55704,320,4),(55705,323,1),(55706,322,3),(55707,300,4),(55708,169,2),(55709,326,3),(55710,324,5),(55711,327,3),(55712,434,2),(55713,326,5),(55714,328,1),(55715,325,3),(55716,147,1),(55717,147,2),(55718,138,1),(55719,148,2),(55720,158,1),(55721,230,2),(55722,228,3),(55723,257,1),(55724,255,2),(55725,254,3),(55726,139,2),(55727,149,1),(55728,148,5),(55729,149,1),(55730,150,2),(55731,136,4),(55732,359,2),(55733,356,4),(55734,150,3),(55735,360,1),(55736,150,2),(55737,151,2),(55738,137,2),(55739,152,4),(55740,151,6),(55741,137,10),(55742,143,1),(55743,153,4),(55744,152,6),(55745,137,20),(55746,412,6),(55747,416,5),(55748,414,4),(55749,417,4),(55750,419,1),(55751,415,2),(55752,417,6),(55753,438,3),(55754,361,1),(55755,357,4),(55756,358,2),(55757,151,4),(55758,365,1),(55759,363,6),(55760,364,4),(55761,173,1),(55762,365,1),(55763,362,6),(55764,363,5),(55765,364,3),(55766,366,4),(55767,367,2),(55768,368,1),(55769,173,1),(55770,366,6),(55771,368,3),(55772,143,2),(55773,439,2),(55774,122,3),(55775,231,2),(55776,229,3),(55777,232,1),(55778,265,2),(55779,263,3),(55780,164,1),(55781,150,2),(55782,158,2),(55783,230,4),(55784,231,2),(55785,233,3),(55786,235,2),(55787,137,3),(55788,159,2),(55789,152,3),(55790,234,5),(55791,235,3),(55792,159,2),(55793,172,1),(55794,236,4),(55795,235,6),(55796,418,2),(55797,265,4),(55798,266,1),(55799,267,1),(55800,345,1),(55801,271,4),(55802,268,1),(55803,269,5),(55804,165,3),(55805,271,5),(55806,270,4),(55807,126,1),(55808,350,2),(55809,271,6),(55810,273,1),(55811,272,2),(55812,421,2),(55813,122,3),(55814,170,2),(55815,257,3),(55816,258,2),(55817,150,2),(55818,258,2),(55819,256,2),(55820,141,2),(55821,123,3),(55822,261,3),(55823,260,3),(55824,259,4),(55825,409,2),(55826,261,6),(55827,262,4),(55828,173,1),(55829,138,5),(55830,139,5),(55831,140,5),(55832,141,5),(55833,149,8),(55834,150,6),(55835,136,8),(55836,142,4),(55837,143,2),(55838,153,10),(55839,173,1),(55840,122,10),(55841,123,10),(55842,121,10),(55843,124,1),(55844,119,10),(55845,126,1),(55846,120,5),(55847,173,1),(55848,434,3),(55849,433,2),(55850,431,4),(55851,406,5),(55852,441,4),(55853,443,1),(55854,437,6),(55855,439,2),(55856,434,4),(55857,435,1),(55858,432,5),(55859,442,2),(55860,489,4),(55861,495,5),(55862,125,1),(55863,491,4),(55864,496,5),(55865,492,4),(55866,493,4),(55867,173,2),(55868,522,2),(55869,516,6),(55870,518,3),(55871,519,2),(55872,523,1),(55873,520,2),(55874,518,5),(55875,174,5),(55876,265,3),(55877,268,1),(55878,151,5),(55879,527,2),(55880,269,7),(55881,153,3),(55882,527,3),(55883,173,1);
/*!40000 ALTER TABLE `crafting_material_costs` ENABLE KEYS */;
UNLOCK TABLES;

--
-- Table structure for table `decorations`
--

DROP TABLE IF EXISTS `decorations`;
/*!40101 SET @saved_cs_client     = @@character_set_client */;
/*!40101 SET character_set_client = utf8 */;
CREATE TABLE `decorations` (
  `id` int(10) unsigned NOT NULL AUTO_INCREMENT,
  `name` varchar(64) COLLATE utf8_unicode_ci NOT NULL,
  `slug` varchar(64) COLLATE utf8_unicode_ci NOT NULL,
  `rarity` smallint(5) unsigned NOT NULL,
  `slot` smallint(5) unsigned NOT NULL,
  `skills_length` int(10) unsigned NOT NULL DEFAULT 0,
  PRIMARY KEY (`id`),
  UNIQUE KEY `UNIQ_53BB9DDD5E237E06` (`name`),
  UNIQUE KEY `UNIQ_53BB9DDD989D9B62` (`slug`)
) ENGINE=InnoDB AUTO_INCREMENT=98 DEFAULT CHARSET=utf8 COLLATE=utf8_unicode_ci;
/*!40101 SET character_set_client = @saved_cs_client */;

--
-- Dumping data for table `decorations`
--

LOCK TABLES `decorations` WRITE;
/*!40000 ALTER TABLE `decorations` DISABLE KEYS */;
INSERT INTO `decorations` VALUES (1,'Antidote Jewel 1','antidote-jewel-1',5,1,1),(2,'Geology Jewel 1','geology-jewel-1',5,1,1),(3,'Heavy Artillery Jewel 1','heavy-artillery-jewel-1',5,1,1),(4,'Hungerless Jewel 1','hungerless-jewel-1',5,1,1),(5,'Satiated Jewel 1','satiated-jewel-1',5,1,1),(6,'Protection Jewel 1','protection-jewel-1',5,1,1),(7,'Meowster Jewel 1','meowster-jewel-1',5,1,1),(8,'Botany Jewel 1','botany-jewel-1',5,1,1),(9,'Tip Toe Jewel 1','tip-toe-jewel-1',5,1,1),(10,'Flight Jewel 2','flight-jewel-2',5,2,1),(11,'Smoke Jewel 1','smoke-jewel-1',5,1,1),(12,'Mirewalker Jewel 1','mirewalker-jewel-1',5,1,1),(13,'Specimen Jewel 1','specimen-jewel-1',5,1,1),(14,'Miasma Jewel 1','miasma-jewel-1',5,1,1),(15,'Scent Jewel 1','scent-jewel-1',5,1,1),(16,'Intimidator Jewel 1','intimidator-jewel-1',5,1,1),(17,'Crisis Jewel 1','crisis-jewel-1',5,1,1),(18,'Antipara Jewel 1','antipara-jewel-1',5,1,1),(19,'Fortitude Jewel 1','fortitude-jewel-1',5,1,1),(20,'Water Res Jewel 1','water-res-jewel-1',5,1,1),(21,'Suture Jewel 1','suture-jewel-1',5,1,1),(22,'Dragon Res Jewel 1','dragon-res-jewel-1',5,1,1),(23,'Fire Res Jewel 1','fire-res-jewel-1',5,1,1),(24,'Ice Res Jewel 1','ice-res-jewel-1',5,1,1),(25,'Def Lock Jewel 1','def-lock-jewel-1',5,1,1),(26,'Thunder Res Jewel 1','thunder-res-jewel-1',5,1,1),(27,'Pep Jewel 1','pep-jewel-1',5,1,1),(28,'Antiblast Jewel 1','antiblast-jewel-1',5,1,1),(29,'Gobbler Jewel 1','gobbler-jewel-1',6,1,1),(30,'Physique Jewel 2','physique-jewel-2',6,2,1),(31,'Blaze Jewel 1','blaze-jewel-1',6,1,1),(32,'Evasion Jewel 2','evasion-jewel-2',6,2,1),(33,'Jumping Jewel 2','jumping-jewel-2',6,2,1),(34,'Sheath Jewel 1','sheath-jewel-1',6,1,1),(35,'Friendship Jewel 1','friendship-jewel-1',6,1,1),(36,'Enduring Jewel 1','enduring-jewel-1',6,1,1),(37,'Medicine Jewel 1','medicine-jewel-1',6,1,1),(38,'Grinder Jewel 1','grinder-jewel-1',6,1,1),(39,'Steadfast Jewel 1','steadfast-jewel-1',6,1,1),(40,'Bomber Jewel 1','bomber-jewel-1',6,1,1),(41,'Recovery Jewel 1','recovery-jewel-1',6,1,1),(42,'Slider Jewel 2','slider-jewel-2',6,2,1),(43,'Defense Jewel 1','defense-jewel-1',6,1,1),(44,'Stonethrower Jewel 1','stonethrower-jewel-1',6,1,1),(45,'Footing Jewel 2','footing-jewel-2',6,2,1),(46,'Brace Jewel 3','brace-jewel-3',6,3,1),(47,'Wind Resist Jewel 2','wind-resist-jewel-2',6,2,1),(48,'Earplug Jewel 3','earplug-jewel-3',6,3,1),(49,'Vitality Jewel 1','vitality-jewel-1',6,1,1),(50,'Resistor Jewel 1','resistor-jewel-1',6,1,1),(51,'Sonorous Jewel 1','sonorous-jewel-1',6,1,1),(52,'KO Jewel 2','ko-jewel-2',6,2,1),(53,'Stream Jewel 1','stream-jewel-1',6,1,1),(54,'Frost Jewel 1','frost-jewel-1',6,1,1),(55,'Bolt Jewel 1','bolt-jewel-1',6,1,1),(56,'Dragon Jewel 1','dragon-jewel-1',6,1,1),(57,'Venom Jewel 1','venom-jewel-1',6,1,1),(58,'Poisoncoat Jewel 3','poisoncoat-jewel-3',6,3,1),(59,'Expert Jewel 1','expert-jewel-1',6,1,1),(60,'Tenderizer Jewel 2','tenderizer-jewel-2',6,2,1),(61,'Destroyer Jewel 2','destroyer-jewel-2',6,2,1),(62,'Elementless Jewel 2','elementless-jewel-2',6,2,1),(63,'Drain Jewel 1','drain-jewel-1',6,1,1),(64,'Paracoat Jewel 3','paracoat-jewel-3',7,3,1),(65,'Sharp Jewel 2','sharp-jewel-2',7,2,1),(66,'Shield Jewel 2','shield-jewel-2',7,2,1),(67,'Dragonseal Jewel 3','dragonseal-jewel-3',7,3,1),(68,'Trueshot Jewel 1','trueshot-jewel-1',7,1,1),(69,'Enhancer Jewel 2','enhancer-jewel-2',7,2,1),(70,'Forceshot Jewel 3','forceshot-jewel-3',7,3,1),(71,'Furor Jewel 2','furor-jewel-2',7,2,1),(72,'Potential Jewel 2','potential-jewel-2',7,2,1),(73,'Paralyzer Jewel 1','paralyzer-jewel-1',7,1,1),(74,'Sleep Jewel 1','sleep-jewel-1',7,1,1),(75,'Ironwall Jewel 1','ironwall-jewel-1',7,1,1),(76,'Refresh Jewel 2','refresh-jewel-2',7,2,1),(77,'Blast Jewel 1','blast-jewel-1',7,1,1),(78,'Sleepcoat Jewel 3','sleepcoat-jewel-3',7,3,1),(79,'Blastcoat Jewel 3','blastcoat-jewel-3',7,3,1),(80,'Throttle Jewel 2','throttle-jewel-2',7,2,1),(81,'Challenger Jewel 2','challenger-jewel-2',7,2,1),(82,'Attack Jewel 1','attack-jewel-1',7,1,1),(83,'Flawless Jewel 2','flawless-jewel-2',7,2,1),(84,'Magazine Jewel 2','magazine-jewel-2',7,2,1),(85,'Mighty Jewel 2','mighty-jewel-2',7,2,1),(86,'Sprinter Jewel 2','sprinter-jewel-2',8,2,1),(87,'Critical Jewel 2','critical-jewel-2',8,2,1),(88,'Artillery Jewel 1','artillery-jewel-1',8,1,1),(89,'Fungiform Jewel 1','fungiform-jewel-1',8,1,1),(90,'Release Jewel 3','release-jewel-3',8,3,1),(91,'Spread Jewel 3','spread-jewel-3',8,3,1),(92,'Charger Jewel 2','charger-jewel-2',8,2,1),(93,'Handicraft Jewel 3','handicraft-jewel-3',8,3,1),(94,'Mighty Bow Jewel 2','mighty-bow-jewel-2',8,2,1),(95,'Mind\'s Eye Jewel 2','minds-eye-jewel-2',8,2,1),(96,'Draw Jewel 2','draw-jewel-2',8,2,1),(97,'Pierce Jewel 3','pierce-jewel-3',8,3,1);
/*!40000 ALTER TABLE `decorations` ENABLE KEYS */;
UNLOCK TABLES;

--
-- Table structure for table `decorations_skill_ranks`
--

DROP TABLE IF EXISTS `decorations_skill_ranks`;
/*!40101 SET @saved_cs_client     = @@character_set_client */;
/*!40101 SET character_set_client = utf8 */;
CREATE TABLE `decorations_skill_ranks` (
  `decoration_id` int(10) unsigned NOT NULL,
  `skill_rank_id` int(10) unsigned NOT NULL,
  PRIMARY KEY (`decoration_id`,`skill_rank_id`),
  KEY `IDX_5D2A04FA3446DFC4` (`decoration_id`),
  KEY `IDX_5D2A04FA6CE3F9A6` (`skill_rank_id`),
  CONSTRAINT `FK_5D2A04FA3446DFC4` FOREIGN KEY (`decoration_id`) REFERENCES `decorations` (`id`),
  CONSTRAINT `FK_5D2A04FA6CE3F9A6` FOREIGN KEY (`skill_rank_id`) REFERENCES `skill_ranks` (`id`)
) ENGINE=InnoDB DEFAULT CHARSET=utf8mb4 COLLATE=utf8mb4_unicode_ci;
/*!40101 SET character_set_client = @saved_cs_client */;

--
-- Dumping data for table `decorations_skill_ranks`
--

LOCK TABLES `decorations_skill_ranks` WRITE;
/*!40000 ALTER TABLE `decorations_skill_ranks` DISABLE KEYS */;
INSERT INTO `decorations_skill_ranks` VALUES (1,1),(2,264),(3,193),(4,207),(5,234),(6,252),(7,255),(8,260),(9,273),(10,160),(11,282),(12,285),(13,291),(14,294),(15,297),(16,305),(17,185),(18,4),(19,179),(20,65),(21,17),(22,74),(23,62),(24,68),(25,20),(26,71),(27,7),(28,14),(29,235),(30,198),(31,80),(32,210),(33,215),(34,223),(35,226),(36,231),(37,56),(38,238),(39,10),(40,241),(41,59),(42,304),(43,46),(44,270),(45,33),(46,276),(47,28),(48,23),(49,53),(50,77),(51,186),(52,153),(53,85),(54,90),(55,95),(56,100),(57,105),(58,328),(59,123),(60,133),(61,150),(62,316),(63,156),(64,329),(65,327),(66,318),(67,332),(68,188),(69,139),(70,117),(71,180),(72,174),(73,108),(74,111),(75,218),(76,204),(77,114),(78,330),(79,331),(80,161),(81,166),(82,39),(83,171),(84,187),(85,267),(86,195),(87,130),(88,190),(89,244),(90,120),(91,119),(92,136),(93,142),(94,325),(95,314),(96,147),(97,118);
/*!40000 ALTER TABLE `decorations_skill_ranks` ENABLE KEYS */;
UNLOCK TABLES;

--
-- Table structure for table `items`
--

DROP TABLE IF EXISTS `items`;
/*!40101 SET @saved_cs_client     = @@character_set_client */;
/*!40101 SET character_set_client = utf8 */;
CREATE TABLE `items` (
  `id` int(10) unsigned NOT NULL AUTO_INCREMENT,
  `name` varchar(64) COLLATE utf8_unicode_ci NOT NULL,
  `description` longtext COLLATE utf8_unicode_ci NOT NULL,
  `rarity` smallint(5) unsigned NOT NULL,
  `sell_price` int(10) unsigned NOT NULL,
  `buy_price` int(10) unsigned NOT NULL,
  `carry_limit` int(10) unsigned NOT NULL,
  PRIMARY KEY (`id`),
  UNIQUE KEY `UNIQ_E11EE94D5E237E06` (`name`)
) ENGINE=InnoDB AUTO_INCREMENT=529 DEFAULT CHARSET=utf8 COLLATE=utf8_unicode_ci;
/*!40101 SET character_set_client = @saved_cs_client */;

--
-- Dumping data for table `items`
--

LOCK TABLES `items` WRITE;
/*!40000 ALTER TABLE `items` DISABLE KEYS */;
INSERT INTO `items` VALUES (1,'Potion','Restores a small amount of health.',1,8,0,10),(2,'Mega Potion','Restores a moderate amount of health.',2,2,0,10),(3,'Max Potion','Fully restores health and maximizes the size of your Health Gauge.',3,210,0,2),(4,'Ancient Potion','Fully restores health and maximizes the size of your Health and Stamina Gauges.',5,345,0,1),(5,'Antidote','A cure for poison.',1,6,0,10),(6,'Herbal Medicine','Removes all traces of poison and restores a slight amount of health.',2,25,0,5),(7,'Nulberry','A mysterious berry that cures various blights.',2,120,0,10),(8,'Energy Drink','A Guild-approved beverage that boosts your stamina. Helps shake off sleep, too!',2,6,0,10),(9,'Ration','Food that restores a bit of stamina.',1,3,0,10),(10,'Rare Steak','Provides a moderate boost to your stamina. This one\'s still red in the middle.',1,3,0,10),(11,'Well-done Steak','Provides a moderate boost to your stamina and keeps it at max for a longer period. Meat done right!',2,48,0,10),(12,'Burnt Meat','Provides a small boost to your stamina. Can be eaten quickly.',1,1,0,10),(13,'Cool Drink','Provides temporary relief from extreme heat.',1,30,0,5),(14,'Nutrients','Very slightly increases your maximum health level.',2,25,0,5),(15,'Mega Nutrients','Slightly increases your maximum health level.',3,92,0,5),(16,'Immunizer','Boosts your natural ability to heal.',3,92,0,10),(17,'Astera Jerky','Juicy, dried meat made by Astera\'s chef. Boosts natural healing and cures bleeding.',2,10,0,5),(18,'Dash Juice','Dulls one\'s sense of exhaustion. Reduces stamina depletion for a time.',2,29,0,5),(19,'Mega Dash Juice','Lets you dash without tiring for longer than regular dash juice does.',3,205,0,5),(20,'Might Seed','Temporarily strengthens your attacks when ingested by improving energy flow.',2,140,0,10),(21,'Demondrug','',0,0,0,0),(22,'Mega Demondrug','',0,0,0,0),(23,'Might Pill','',0,0,0,0),(24,'Adamant Seed','',0,0,0,0),(25,'Armorskin','',0,0,0,0),(26,'Mega Armorskin','',0,0,0,0),(27,'Adamant Pill','',0,0,0,0),(28,'Lifepowder','',0,0,0,0),(29,'Herbal Powder','',0,0,0,0),(30,'Demon Powder','',0,0,0,0),(31,'Hardshell Powder','A mysterious powder that produces a cloud around the area that temporarily strengthens defense.',4,315,0,3),(32,'Honey','Highly nutritious honey. Combine this with Potions to craft Mega Potions for maximum potency.',2,45,0,10),(33,'Herb','A primary ingredient in potions.',1,2,0,10),(34,'Antidote Herb','A primary ingredient in antidotes.',1,2,0,10),(35,'Fire Herb','A wondrous, flammable plant. Useful for crafting explosives.',2,4,0,20),(36,'Flowfern','This plant\'s leaves store a great amount of water. A component for making Water Ammo.',1,4,0,20),(37,'Snow Herb','A plant that radiates ice-cold air. Use in combinations to create freeze ammo.',2,6,0,20),(38,'Sleep Herb','A plant containing sleeping agents. Used to craft tranquilizers.',1,5,0,10),(39,'Ivy','A lightweight and extremely strong plant. Used to make nets for pitfall traps.',1,8,0,10),(40,'Smokenut','A nut that produces a copious amount of smoke. Combine with other items to create smoke with various properties.',1,4,0,10),(41,'Dragonfell Berry','A mysterious berry, rumored for eons to be loathed by dragons. Required to craft Dragon Ammo.',4,78,0,10),(42,'Blue Mushroom','A mushroom infused with power-enhancing effects. Used in restorative items.',2,2,0,10),(43,'Mandragora','A dangerous fungus said to draw the life out of people. Beware. Required to craft Max Potions.',3,40,0,10),(44,'Nitroshroom','A hard-to-find mushroom with the power to generate blazing heat. Required to craft Gunpowder.',2,6,0,20),(45,'Devil\'s Blight','A very rare fungus that pulses with extreme heat. Add to a barrel bomb for a dramatically stronger blast.',2,60,0,10),(46,'Parashroom','A mushroom that induces paralysis. Required to craft Tranq Bombs.',3,15,0,10),(47,'Toadstool','A poisonous fungus. Can be used as a toxin for knives.',2,8,0,10),(48,'Exciteshroom','This one has a very strange aroma. Is it edible? Only one way to find out! Required to craft Farcasters.',3,18,0,10),(49,'Chillshroom','This mushroom is a primary ingredient in cool drinks.',3,18,0,10),(50,'Bitterbug','A sharp-tasting bug with innate healing abilities. Used as an ingredient in many medicines.',1,2,0,10),(51,'Flashbug','An insect that emits a powerful flash when it dies. Required to craft Flash Pods.',2,48,0,10),(52,'Godbug','An insect said to live a millennium. Combine it with other items to add their properties to the powder.',4,120,0,10),(53,'Thunderbug','An insect that emits electricity when struck. Required to craft Shock Traps and Thunder Ammo.',4,80,0,10),(54,'Baitbug','An insect used as fishing bait. A fish favorite, it practically races down the nearest gilly gullet.',3,2,0,10),(55,'Kelbi Horn','While not practical when forging equipment, Kelbi horns are a vital component of many items.',4,52,0,99),(56,'Dash Extract','A mysterious substance culled from certain monsters that increases endurance.',4,56,0,20),(57,'Nourishing Extract','Can be obtained from certain large monsters. Has the ability to amplify the effects of certain medicines.',4,122,0,20),(58,'Screamer Sac','A monster organ that emits an earsplitting sonic blast when ruptured. Used to craft screamer pods.',2,15,0,10),(59,'Catalyst','Works with other materials to enhance their effects. Cannot be used by itself.',2,48,0,5),(60,'Tranq Bomb','A hand grenade used to capture monsters ensnared in traps. Can be slammed against the ground.',3,35,0,8),(61,'Flash Pod','Slinger ammo that flashes brightly on impact. Fire it right under a monster\'s nose to blind it.',2,57,0,3),(62,'Screamer Pod','Used as ammo for your slinger. Emits a harsh, high-frequency sound that can disrupt sensitive monsters.',2,45,0,3),(63,'Dung Pod','Slinger ammo that releases a strong odor on impact. Causes certain monsters to flee.',2,20,0,10),(64,'Smoke Bomb','Creates a large cloud of smoke wherever it lands.',2,44,0,3),(65,'Poison Smoke Bomb','Releases a toxic cloud of mist when used. Also popular as a household bug bomb.',2,60,0,5),(66,'Farcaster','Call for a wingdrake to transport you to the nearest camp. Can also be used during battles.',3,30,0,1),(67,'Raw Meat','Meat carved from a monster. Can be cooked, combined, or used to set a trap.',1,5,0,10),(68,'Poisoned Meat','Raw meat that poisons whatever eats it. Makes great bait for traps.',2,19,0,10),(69,'Tinged Meat','Raw meat that paralyzes whatever eats it. Makes great bait for traps.',2,30,0,10),(70,'Drugged Meat','Raw meat that puts whatever eats it to sleep. Makes great bait for traps.',2,32,0,10),(71,'Gunpowder','A dangerous substance that explodes when struct or heated.',2,45,0,20),(72,'Small Barrel','',0,0,0,0),(73,'Barrel Bomb','',0,0,0,0),(74,'Bounce Bomb','',0,0,0,0),(75,'Mega Bounce Bomb','',0,0,0,0),(76,'Large Barrel','A large, empty barrel. Combine with gunpowser to make it into a bomb.',2,21,0,5),(77,'Large Barrel Bomb','',0,0,0,0),(78,'Mega Barrel Bomb','An upgraded large barrel bomb. Effective against large monsters.',4,80,0,2),(79,'Spider Web','A very sticky web. Used to craft pitfall traps.',1,6,0,10),(80,'Net','A sturdy net that supports a certain amount of weight without breaking. Perfect for pitfall traps.',2,54,0,10),(81,'Trap Tool','A must-have item for putting together pitfall traps and other kinds of traps.',3,20,0,2),(82,'Pitfall Trap','A trap for catching certain large monsters. It is tripped by a heavy weight.',3,200,0,1),(83,'Shock Trap','A trap that immobilizes a target. Use it to capture monsters.',3,160,0,1),(84,'Rolled-up Dung','A ball of condensed monster dung. Used to make dung pods for your slinger.',1,10,0,20),(85,'Dung','Exudes a prodigious smell. Used to make ammo for your slinger called dung pods.',1,1,0,10),(86,'Arowana Bait','A ball of bait favored by fish of the Arowana family.',2,15,0,10),(87,'Gunpowderfish Bait','A ball of bait favored by fish of the Gunpowderfish family.',2,15,0,10),(88,'Goldenfish Bait','A ball of bait favored by fish of the Goldenfish family.',2,30,0,10),(89,'Boomerang','An unusually-shaped weapon from abroad that returns to its user when thrown.',4,15,0,5),(90,'Binoculars','Allows you to see farther and observe from a distance.',1,5,0,1),(91,'Powercharm','An amulet that strengthens attacks. Just carrying this gives you demonic strength.',5,3,0,1),(92,'Powertalon','A charm that strengthens attacks. Its effects are amplified by the dragon parts it contains.',5,6,0,1),(93,'Armorcharm','An amulet that increases defense. Just carrying this hardens your skin like stone.',5,2,0,1),(94,'Armortalon','A charm that increases defense. Its effects are amplified by the dragon parts it contains.',5,5,0,1),(95,'Needleberry','A nut covered in needle-like spines. Used to make spread ammo.',1,1,0,99),(96,'Blastnut','A nut used to make sticky ammo.',1,4,0,30),(97,'Dragonstrike nut','A nut that explodes on impact. Used to make wyvern ammo.',2,12,0,5),(98,'Slashberry','Used to make slicing ammo.',1,4,0,60),(99,'Latchberry','A nut that bears a spiral groove. Used to make pierce ammo.',1,4,0,99),(100,'Bomberry','A nut that ruptures on impact. Used to make cluster bombs.',2,12,0,10),(101,'Flamenut','Used to make gunpowder that increases ammo firepower.',2,12,0,80),(102,'Blazenut','Used to make gunpowder that greatly increases ammo firepower.',2,12,0,60),(103,'Gunpowder Level 2','Combustible powser. Combine with level 1 ammo to raise its level.',2,1,0,80),(104,'Gunpowser Level 3','Highly combustible powser. Combine with level 1 ammo to raise its level.',2,3,0,80),(105,'Whetfish Fin','A fish fin used to sharpen weapons. Restores sharpness greatly, but good for fewer uses than a whetstone.',2,45,0,10),(106,'Whetfish Fin+','A fish fin used to sharpen weapons. Works better than a whetstone, and can be reused if you\'re lucky.',4,45,0,5),(107,'Sushifish Scale','A scale from a Sushifish. Eat to restore a small amount of health. Also works to treat bleeding.',2,45,0,10),(108,'Great Sushifish Scale','Scale from a Great Sushifish. Eat to get large health boost, a natural healing boost, and treat bleeding.',4,45,0,5),(109,'Gunpowderfish Scale','The scales of a Gunpowderfish. Combine with a large barrel bomb to dramatically increase its firepower.',3,150,0,5),(110,'Great Gunpowderfish Scale','The scales of a Great Gunpowderfish. Combine with a large barrel bomb to make a mega barrel bomb.',4,150,0,5),(111,'Burst Arowana Scale','The scales of a Burst Arowana. Combine with fire herb to make a large amount of level 2 gunpowder.',2,45,0,5),(112,'Great Burst Arowana Scale','The scales of a Great Burst Arowana. Combine with fire herb to make a vast amount of level 2 gunpowder.',4,45,0,5),(113,'Bomb Arowana Scale','The scales of a Bomb Arowana. Combine with fire herb to make a large amount of Lv3 gunpowder.',2,135,0,5),(114,'Great Bomb Arowana Scale','The scales of a Great Bomb Arowana. Combine with fire herb to make a vast amount of Lv3 gunpowder.',4,135,0,5),(115,'Empty Phial','A regularly old empty phial. Nothing more, nothing less.',1,1,0,99),(116,'Iron Ore','Ore that can be smelted into metal and used for many different purposes.',0,0,0,0),(117,'Machalite Ore','Ore that\'s more difficult to procure than Iron Ore. Produces fine metal.',0,0,0,0),(118,'Dragonite Ore','An ore that yields metal superior to that of Machalite. Invaluable for making durable armor.',0,0,0,0),(119,'Carbalite Ore','Ore obtained from mining outcrops. Still under research, but known to yield highly pure metal.',0,0,0,0),(120,'Fucium Ore','Ore obtained from the Elder\'s Recess. A mysterious metal, capable of fusing nearly any two materials together.',0,0,0,0),(121,'Earth Crystal','Crystallized microbes prized as an abrasive when forging weapons. Mainly found in the Wildspire Waste.',0,0,0,0),(122,'Coral Crystal','Crystal prized at the Smithy for use in high-grade abrasives. Mainly found in the Coral Highlands.',0,0,0,0),(123,'Dragonvein Crystal','Mined from high rank areas. Many expect this newly-discovered crystal to usher in a new era of metalwork.',0,0,0,0),(124,'Lightcrystal','A precious and extremely hard substance with a faint glow. Sometimes used for crafting tools.',0,0,0,0),(125,'Novacrystal','High quality Lightcrystal. Highly coveted for its rarity, it\'s used for only the finest of metalworking.',0,0,0,0),(126,'Firecell Stone','A magma-like deposit that only trained hands can work with. Armor made from it is first-class.',0,0,0,0),(127,'Aquacore Ore','A valuable mineral used to create charms. Gives off a vibrant glow that mirrors the ocean.',0,0,0,0),(128,'Spiritcore Ore','A valuable mineral used to create charms. Gives off a warm, sunny glow.',0,0,0,0),(129,'Dreamcore Ore','A valuable mineral used to create charms. Gives off a blazing glow reminiscent of a bonfire.',0,0,0,0),(130,'Dragoncore Ore','A valuable mineral used to create charms. Gives off a mysterious glow that grants the holder sagely wisdom.',0,0,0,0),(131,'Armor Sphere','Reacts uniquely to heat. Fuse this to armor to improve it by a tiny amount.',0,0,0,0),(132,'Armor Sphere+','Reacts uniquely to heat. Fuse this to armor to improve it by a small amount.',0,0,0,0),(133,'Advanced Armor Sphere','Reacts uniquely to heat. Fuse this to armor to improve it.',0,0,0,0),(134,'Hard Armor Sphere','Reacts uniquely to heat. Fuse this to armor to significantly improve it.',0,0,0,0),(135,'Heavy Armor Sphere','Reacts uniquely to heat. Fuse this to armor to greatly improve it.',0,0,0,0),(136,'Sturdy Bone','A bone used as crafting material. Can be found in bonepiles in the Coral Highlands and Rotten Vale.',0,0,0,0),(137,'Quality Bone','A bone used as crafting material. Its ease of use and hardness allow it to be shaped into better gear.',0,0,0,0),(138,'Ancient Bone','A bone used as crafting material. Can be found in bonepiles in the Ancient Forest. Its size evokes a certain primal quality.',0,0,0,0),(139,'Boulder Bone','A bone used as crafting material. Can be found in bonepiles in the Wildspire Waste. Its size evokes a certain primal quality.',0,0,0,0),(140,'Coral Bone','A bone used as crafting material. Can be found in bonepiles in the Coral Highlands. Its size evokes a certain primal quality.',0,0,0,0),(141,'Warped Bone','A bone used as crafting material. Can be found in bonepiles in the Rotten Vale. Its size evokes a certain primal quality.',0,0,0,0),(142,'Brutal Bone','A bone used as crafting material. Can be found in bonepiles in the Elder\'s Recess. Its size evokes a certain primal quality.',0,0,0,0),(143,'Dragonbone Relic','A high quality material found in bone piles. The only remains left of a species of dragon now lost to time.',0,0,0,0),(144,'Unknown Skull','A rare material found in bonepiles in the Elder\'s Recess. It appears to be some kind of animal skull.',0,0,0,0),(145,'Great Hornfly','Discovered by Botanical Research. An insect with a giant horn, massive shell, and butterfly-like wings.',0,0,0,0),(146,'Sinister Cloth','Suspect cloth the Tailraider Safari dug up from who-knows-where. Drips with an aura of pure evil.',0,0,0,0),(147,'Monster Bone S','A material found in bonepiles. Indispensable for both hunting and daily life.',0,0,0,0),(148,'Monster Bone M','Bone obtained from large monsters. Strong yet flexible, it\'s as reliable as steel or wood.',0,0,0,0),(149,'Monster Bone L','Bone obtained from large monsters. Hard to work with due to its size, but vital when crafting larger items.',0,0,0,0),(150,'Monster Bone+','Bone obtained from large monsters. Hard to obtain, but vital for crafting powerful equipment.',0,0,0,0),(151,'Monster Keenbone','Bone obtained from high rank large monsters. It has a razor-sharp tip that retains its strength after forging.',0,0,0,0),(152,'Monster Hardbone','Precious bone obtained from high rank large monsters. Their rarity makes them highly sought after.',0,0,0,0),(153,'Elder Dragon Bone','A bone from an elder dragon. It exudes the great majesty of the beast that bore it.',0,0,0,0),(154,'Sharp Claw','Obtained from small fanged wyverns. Unlike wyvern claws, this is shaped to grip objects.',0,0,0,0),(155,'Piercing Claw','Material from high rank small fanged wyverns. Sharp enough that it might serve as a makeshift knife.',0,0,0,0),(156,'Monster Fluid','Material obtained from small insects. Mixes with insect gastric fluids to form adhesive.',0,0,0,0),(157,'Monster Broth','Material from high rank insects. A rich broth made from only the thickest of monster juices.',0,0,0,0),(158,'Poison Sac','A monster organ that contains a lethal toxin. Handle with extreme care.',0,0,0,0),(159,'Toxin Sac','A monster organ filled with an extremely potent toxin. Just touching it is dangerous.',0,0,0,0),(160,'Paralysis Sac','A monster organ that contains paralyzing neurotoxins.',0,0,0,0),(161,'Omniplegia Sac','A monster organ filled with potent neurotoxins. A single touch can cause paralysis.',0,0,0,0),(162,'Sleep Sac','A monster organ that contains a knockout powder capable of inducing sleep.',0,0,0,0),(163,'Coma Sac','A monster organ that contains dangerous powder. One whiff can induce a coma.',0,0,0,0),(164,'Flame Sac','A monster organ filled with flammable powder. Handle with extreme care.',0,0,0,0),(165,'Inferno Sac','A monster organ filled with powder that ignites if it so much as touches air. Danger!',0,0,0,0),(166,'Aqua Sac','A monster organ designed to hold and preserve water.',0,0,0,0),(167,'Torrent Sac','A monster organ designed to hold and preserve copious amounts of water.',0,0,0,0),(168,'Frost Sac','A monster internal organ, filled with extremely low temperature fluid. Handle with care.',0,0,0,0),(169,'Freezer Sac','A monster organ with tremendous freezing power. Turns its surroundings to ice.',0,0,0,0),(170,'Electro Sac','A monster organ that can store up electricity, which is released on impact.',0,0,0,0),(171,'Thunder Sac','A monster organ that can store up large amounts of high voltage electricity.',0,0,0,0),(172,'Bird Wyvern Gem','A valuable gem that can be harvested from bird wyverns. Said to fetch a high price on the market.',0,0,0,0),(173,'Wyvern Gem','Throughout a wyvern\'s life, impurities gather and form this peculiar gem.',0,0,0,0),(174,'Elder Dragon Blood','Contains an unknown compound. The object of much scholarly research.',0,0,0,0),(175,'Mosswine Hide','A musty hide covered in moss.',0,0,0,0),(176,'Warm Pelt','A pelt from a small animal. Used for many things, but mostly just regular clothes.',0,0,0,0),(177,'High-quality Pelt','Rare pelt from a small animal. Feels wonderful to the touch and valued highly by the Commission.',0,0,0,0),(178,'Vespoid Shell','Vespoid material. Obtained by carving. Used for many purposes.',0,0,0,0),(179,'Vespoid Carapace','Rare Vespoid material. Obtained by carving. Used for many purposes.',0,0,0,0),(180,'Vespoid Wing','Vespoid material. Obtained by carving. Light and sharp, used in many weapons.',0,0,0,0),(181,'Vespoid Innerwing','Rare Vespoid material. Obtained by carving. Light and sharp, used in many weapons.',0,0,0,0),(182,'Hornetaur Shell','Hornetaur material. Obtained by carving. Used for many purposes.',0,0,0,0),(183,'Hornetaur Wing','Hornetaur material. Obtained by carving. Used for many purposes.',0,0,0,0),(184,'Hornetaur Head','Hornetaur material. Obtained by carving. Unusual, used in select gear.',0,0,0,0),(185,'Hornetaur Carapace','Rare Hornetaur material. Obtained by carving. Used for many purposes.',0,0,0,0),(186,'Hornetaur Innerwing','Rare Hornetaur material. Obtained by carving. Light and sharp, used in many weapons.',0,0,0,0),(187,'Gajau Skin','Gajau material. Obtained by carving. Water resistant, used to craft gear.',0,0,0,0),(188,'Gajau Whisker','Gajau material. Obtained by carving. Hardy, used to craft gear.',0,0,0,0),(189,'Gajau Scale','Rare Gajau material. Obtained by carving. Water resistant, used to craft gear.',0,0,0,0),(190,'Grand Gajau Whisker','Rare Gajau material. Obtained by carving. Hardy, used to craft gear.',0,0,0,0),(191,'Wingdrake Hide','A material carved from wingdrakes. Lightweight and often used when crafting armor.',0,0,0,0),(192,'Wingdrake Hide+','A rare material carved from wingdrakes. Lightweight and often used when crafting armor.',0,0,0,0),(193,'Barnos Hide+','Rare Barnos material. Obtained by carving. Supple, used to craft gear.',0,0,0,0),(194,'Barnos Talon','Rare Barnos material. Obtained by carving. Unusual, used in select gear.',0,0,0,0),(195,'Kestodon Shell','Kestodon material. Obtained by carving. Sturdy, used to craft gear.',0,0,0,0),(196,'Kestodon Scalp','Kestodon material. Obtained by carving. Unusual, used in select gear.',0,0,0,0),(197,'Kestodon Carapace','Superior Kestodon material. Obtained by carving. Sturdy, used to craft gear.',0,0,0,0),(198,'Gastodon Carapace','Rare Gastodon material. Obtained by carving. Sturdy, used to craft gear.',0,0,0,0),(199,'Gastodon Horn','Rare Gastodon material. Obtained by carving. Unusual, used in select gear.',0,0,0,0),(200,'Jagras Scale','Jagras material. Obtained by carving. Used for many purposes.',0,0,0,0),(201,'Jagras Hide','Jagras material. Obtained by carving. Supple, used to craft gear.',0,0,0,0),(202,'Jagras Scale+','Rare Jagras material. Obtained by carving. Used for many purposes.',0,0,0,0),(203,'Jagras Hide+','Rare Jagras material. Obtained by carving. Supple, used to craft gear.',0,0,0,0),(204,'Shamos Scale','Shamos material. Obtained by carving. Used for many purposes.',0,0,0,0),(205,'Shamos Hide','Shamos material. Obtained by carving. Supple, used to craft gear.',0,0,0,0),(206,'Shamos Scale+','Rare Shamos material. Obtained by carving. Used for many purposes.',0,0,0,0),(207,'Shamos Hide+','Rare Shamos material. Obtained by carving. Supple, used to craft gear.',0,0,0,0),(208,'Girros Scale','Girros material. Obtained by carving Used for many purposes.',0,0,0,0),(209,'Girros Hide','Girros material. Obtained by carving. Supple, used to craft gear.',0,0,0,0),(210,'Girros Fang','Girros material. Obtained by carving. Grants paralytic properties.',0,0,0,0),(211,'Girros Scale+','Rare Girros material. Obtained by carving. Used for many purposes.',0,0,0,0),(212,'Girros Hide+','Rare Girros material. Obtained by carving. Supple, used to craft gear.',0,0,0,0),(213,'Great Jagras Scale','Great Jagras material. Mostly obtained by carving. Broadly used for many purposes.',0,0,0,0),(214,'Great Jagras Hide','Great Jagras material. Mostly obtained as a reward. Broadly used for many purposes.',0,0,0,0),(215,'Great Jagras Mane','Great Jagras material. Obtained by breaking its head. Used for many purposes.',0,0,0,0),(216,'Great Jagras Claw','Great Jagras material. Obtained by breaking its forelegs. Sharp, used in many weapons.',0,0,0,0),(217,'Great Jagras Scale+','Rare Great Jagras material. Mostly obtained by carving. Broadly used for many purposes.',0,0,0,0),(218,'Great Jagras Hide+','Rare Great Jagras material. Mostly obtained as a reward. Supple, used to craft gear.',0,0,0,0),(219,'Great Jagras Claw+','Rare Great Jagras material. Obtained by breaking its forelegs. Sharp, used in many weapons.',0,0,0,0),(220,'Kulu-Ya-Ku Scale','Kulu-Ya-Ku material. Mostly obtained as a reward. Broadly used for many purposes.',0,0,0,0),(221,'Kulu-Ya-Ku Hide','Kulu-Ya-Ku material. Mostly obtained by carving Supple, often used in gear.',0,0,0,0),(222,'Kulu-Ya-Ku Plume','Kulu-Ya-Ku material. Obtained by breaking its forelimbs. Used for many purposes.',0,0,0,0),(223,'Kulu-Ya-Ku Beak','Kulu-Ya-Ku material. Obtained by breaking its head. Hard, used in many weapons.',0,0,0,0),(224,'Kulu-Ya-Ku Scale+','Rare Kulu-Ya-Ku material. Mostly obtained by carving. Broadly used for many purposes.',0,0,0,0),(225,'Kulu-Ya-Ku Hide+','Rare Kulu-Ya-Ku material. Mostly obtained as a reward. Supple, often used in gear.',0,0,0,0),(226,'Kulu-Ya-Ku Plume+','Rare Kulu-Ya-Ku material. Obtained by breaking its forelimbs. Used for many purposes.',0,0,0,0),(227,'Kulu-Ya-Ku Beak+','Rare Kulu-Ya-Ku material. Obtained by breaking its head. Hard, used in many weapons.',0,0,0,0),(228,'Pukei-Pukei Scale','Pukei-Pukei material. Mostly obtained by carving. Broadly used for many purposes.',0,0,0,0),(229,'Pukei-Pukei Shell','Pukei-Pukei material. Mostly obtained as a reward. Solid, used to craft gear.',0,0,0,0),(230,'Pukei-Pukei Quill','Pukei-Pukei material. Obtained by breaking its wings. Used for many purposes.',0,0,0,0),(231,'Pukei-Pukei Sac','Pukei-Pukei material. Obtained by breaking its head. Grants poisonous properties.',0,0,0,0),(232,'Pukei-Pukei Tail','Rare Pukei-Pukei material. Obtained by carving its severed tail. Unusual, used to craft gear.',0,0,0,0),(233,'Pukei-Pukei Scale+','Rare Pukei-Pukei material. Mostly obtained by carving Broadly used for many purposes.',0,0,0,0),(234,'Pukei-Pukei Carapace','Rare Pukei-Pukei material. Mostly obtained as a reward. Solid, used to craft gear.',0,0,0,0),(235,'Pukei-Pukei Wing','Rare Pukei-Pukei material. Obtained by breaking its wings. Used for many purposes.',0,0,0,0),(236,'Pukei-Pukei Sac+','Rare Pukei-Pukei material. Obtained by breaking its head. Grants poisonous properties.',0,0,0,0),(237,'Barroth Shell','Barroth material. Mostly obtained by carving. Broadly used for many purposes.',0,0,0,0),(238,'Barroth Ridge','Barroth material. Mostly obtained as a reward. Solid, used to craft gear.',0,0,0,0),(239,'Barroth Claw','Barroth material. Obtained by breaking its forelimbs. Hardy, used in many weapons.',0,0,0,0),(240,'Barroth Scalp','Barroth material. Obtained by breaking its scalp. Tough, used in many weapons.',0,0,0,0),(241,'Barroth Tail','Barroth material. Obtained by carving its severed tail. Stiff, used to craft gear.',0,0,0,0),(242,'Fertile Mud','Barroth material. Obtained by breaking its mud covering Unusual, used in select gear.',0,0,0,0),(243,'Barroth Carapace','Rare Barroth material. Mostly obtained by carving. Broadly used for many purposes.',0,0,0,0),(244,'Barroth Ridge+','Rare Barroth material. Mostly obtained as a reward. Solid, used to craft gear.',0,0,0,0),(245,'Barroth Claw+','Rare Barroth material. Obtained by breaking its forelimbs. Hardy, used in many weapons.',0,0,0,0),(246,'Jyuratodus Scale','Jyuratodus material. Mostly obtained by carving. Used for many purposes.',0,0,0,0),(247,'Jyuratodus Shell','Jyuratodus material. Mostly obtained as a reward. Hardy, used to craft gear.',0,0,0,0),(248,'Jyuratodus Fang','Jyuratodus material. Obtained by breaking its head. Sharp, used in many weapons.',0,0,0,0),(249,'Jyuratodus Fin','Jyuratodus material. Obtained by breaking its back. Used for many purposes.',0,0,0,0),(250,'Jyuratodus Scale+','Rare Jyuratodus material. Mostly obtained by carving Used for many purposes.',0,0,0,0),(251,'Jyuratodus Carapace','Rare Jyuratodus material. Mostly obtained as a reward. Hardy, used to craft gear.',0,0,0,0),(252,'Jyuratodus Fang+','Rare Jyuratodus material. Obtained by breaking its head. Sharp, used in many weapons.',0,0,0,0),(253,'Jyuratodus Fin+','Rare Jyuratodus material. Obtained by breaking its back. Used for many purposes.',0,0,0,0),(254,'Tobi-Kadachi Scale','Tobi-Kadachi material. Mostly obtained by carving. Broadly used for many purposes.',0,0,0,0),(255,'Tobi-Kadachi Pelt','Tobi-Kadachi material. Mostly obtained as a reward. Highly thunder-resistant, used to craft gear.',0,0,0,0),(256,'Tobi-Kadachi Membrane','Tobi-Kadachi material. Mostly obtained by carving. Supple, used to craft gear.',0,0,0,0),(257,'Tobi-Kadachi Claw','Tobi-Kadachi material. Obtained by breaking its forelimbs. Sharp, used in many weapons.',0,0,0,0),(258,'Tobi-Kadachi Electrode','Tobi-Kadachi material. Obtained by breaking its head. Grants thunder element properties.',0,0,0,0),(259,'Tobi-Kadachi Scale+','Rare Tobi-Kadachi material. Mostly obtained by carving. Broadly used for many purposes.',0,0,0,0),(260,'Tobi-Kadachi Pelt+','Rare Tobi-Kadachi material. Mostly obtained as a reward. Highly thunder-resistant, used to craft gear.',0,0,0,0),(261,'Tobi-Kadachi Claw+','Rare Tobi-Kadachi material. Obtained by breaking its forelimbs. Sharp, used in many weapons.',0,0,0,0),(262,'Tobi-Kadachi Electrode+','Rare Tobi-Kadachi material. Obtained by breaking its head. Grants thunder element properties.',0,0,0,0),(263,'Anjanath Scale','Anjanath material. Mostly obtained by carving. Broadly used for many purposes.',0,0,0,0),(264,'Anjanath Pelt','Anjanath material. Mostly obtained as a reward. Highly heat-resistant, used to craft gear.',0,0,0,0),(265,'Anjanath Fang','Anjanath material. Obtained by breaking its head. Sharp, used in many weapons.',0,0,0,0),(266,'Anjanath Nosebone','Anjanath material. Obtained by breaking its head. Unusual and difficult to handle.',0,0,0,0),(267,'Anjanath Tail','Anjanath material. Obtained by carving its severed tail. Stiff, used to craft gear.',0,0,0,0),(268,'Anjanath Plate','Anjanath material. A valuable find, used to fortify gear. Said to be quite hard to come by.',0,0,0,0),(269,'Anjanath Scale+','Rare Anjanath material. Mostly obtained by carving. Broadly used for many purposes.',0,0,0,0),(270,'Anjanath Pelt+','Rare Anjanath material. Mostly obtained as a reward. Highly heat-resistant, used to craft gear.',0,0,0,0),(271,'Anjanath Fang+','Rare Anjanath material. Obtained by breaking its head. Sharp, used in many weapons.',0,0,0,0),(272,'Anjanath Nosebone+','Rare Anjanath material. Obtained by breaking its head. Unusual, used in select gear.',0,0,0,0),(273,'Anjanath Gem','A rare gem said to have formed within Anjanath tissue. Used to dramatically improve gear.',0,0,0,0),(274,'Rathian Scale','Rathian material. Mostly obtained by carving. Broadly used for many purposes.',0,0,0,0),(275,'Rathian Shell','Rathian material. Mostly obtained as a reward. Solid, used to craft gear.',0,0,0,0),(276,'Rathian Webbing','Rathian material. Obtained by breaking its wings. Supple, used to craft gear.',0,0,0,0),(277,'Rathian Spike','Rathian material. Obtained by carving its severed tail. Grants poisonous properties.',0,0,0,0),(278,'Rathian Plate','Rathian material. A valuable find, used to fortify gear. Said to be quite hard to come by.',0,0,0,0),(279,'Rathian Scale+','Rare Rathian material. Mostly obtained by carving. Broadly used for many purposes.',0,0,0,0),(280,'Rathian Carapace','Rare Rathian material. Mostly obtained as a reward. Solid, used to craft gear.',0,0,0,0),(281,'Rathian Spike+','Rare Rathian material. Obtained by carving its severed tail. Grants poisonous properties.',0,0,0,0),(282,'Rathian Ruby','A rare gem said to have formed within Rathian tissue. Used to dramatically improve gear.',0,0,0,0),(283,'Pink Rathian Scale+','Rare Pink Rathian material. Mostly obtained by carving. Broadly used for many purposes.',0,0,0,0),(284,'Pink Rathian Carapace','Rare Pink Rathian material. Mostly obtained as a reward. Solid, used to craft gear.',0,0,0,0),(285,'Tzitzi-Ya-Ku Scale','Tzitzi-Ya-Ku material. Mostly obtained by carving Broadly used for many purposes.',0,0,0,0),(286,'Tzitzi-Ya-Ku Hide','Tzitzi-Ya-Ku material. Mostly obtained as a reward. Supple, used to craft gear.',0,0,0,0),(287,'Tzitzi-Ya-Ku Claw','Tzitzi-Ya-Ku material. Mostly obtained by carving. Sharp, used in many weapons.',0,0,0,0),(288,'Tzitzi-Ya-Ku Photophore','Tzitzi-Ya-Ku material obtained by breaking its pulse organs. Unusual, used for many purposes.',0,0,0,0),(289,'Tzitzi-Ya-Ku Scale+','Rare Tzitzi-Ya-Ku material. Mostly obtained by carving. Broadly used for many purposes.',0,0,0,0),(290,'Tzitzi-Ya-Ku Hide+','Rare Tzitzi-Ya-Ku material. Mostly obtained as a reward. Supple, used to craft gear.',0,0,0,0),(291,'Tzitzi-Ya-Ku Claw+','Rare Tzitzi-Ya-Ku material. Mostly obtained by carving. Sharp, used in many weapons.',0,0,0,0),(292,'Tzitzi-Ya-Ku Photophore+','Rare Tzitzi-Ya-Ku material obtained by breaking its pulse organs. Unusual, used for many purposes.',0,0,0,0),(293,'Paolumu Pelt','Paolumu material. Mostly obtained as a reward. Broadly used for many purposes.',0,0,0,0),(294,'Paolumu Scale','Paolumu material. Mostly obtained by carving. Solid, used to craft gear.',0,0,0,0),(295,'Paolumu Shell','Paolumu material. Obtained by breaking its tail. Used for many purposes.',0,0,0,0),(296,'Paolumu Webbing','Paolumu material. Obtained by breaking its wings. Lightweight, used to craft gear.',0,0,0,0),(297,'Paolumu Pelt+','Rare Paolumu material. Mostly obtained as a reward. Broadly used for many purposes.',0,0,0,0),(298,'Paolumu Scale+','Rare Paolumu material. Mostly obtained by carving. Solid, used to craft gear.',0,0,0,0),(299,'Paolumu Carapace+','Rare Paolumu material. Obtained by breaking its tail. Used for many purposes.',0,0,0,0),(300,'Paolumu Wing','Rare Paolumu material. Obtained by breaking its wings. Lightweight, used to craft gear.',0,0,0,0),(301,'Great Girros Scale','Great Girros material. Mostly obtained by carving Broadly used for many purposes.',0,0,0,0),(302,'Great Girros Hide','Great Girros material. Mostly obtained as a reward. Supple, used to craft gear.',0,0,0,0),(303,'Great Girros Hood','Great Girros material. Obtained by breaking its head. Unusual and difficult to handle.',0,0,0,0),(304,'Great Girros Fang','Great Girros material. Obtained by breaking its head. Grants paralytic properties.',0,0,0,0),(305,'Great Girros Tail','Great Girros material. Obtained by carving its severed tail. Stiff, used to craft gear.',0,0,0,0),(306,'Great Girros Scale+','Rare Great Girros material. Mostly obtained by carving. Broadly used for many purposes.',0,0,0,0),(307,'Great Girros Hide+','Rare Great Girros material. Mostly obtained as a reward. Supple, used to craft gear.',0,0,0,0),(308,'Great Girros Hood+','Rare Great Girros material. Obtained by breaking its head. Unusual, used in select gear.',0,0,0,0),(309,'Great Girros Fang+','Rare Great Girros material. Obtained by breaking its head. Grants paralytic properties.',0,0,0,0),(310,'Radobaan Scale','Radobaan material. Mostly obtained by carving. Broadly used for many purposes.',0,0,0,0),(311,'Radobaan Shell','Radobaan material. Mostly obtained as a reward. Solid, used to craft gear.',0,0,0,0),(312,'Radobaan Oilshell','Radobaan material. Obtained by carving its severed tail. Impact resistant, used to craft gear.',0,0,0,0),(313,'Wyvern Bonemass','Radobaan material. Obtained by collecting rare drops. Highly dense, used for many purposes.',0,0,0,0),(314,'Radobaan Marrow','Radobaan material. A valuable find, used to fortify gear. Said to be quite hard to come by.',0,0,0,0),(315,'Radobaan Scale+','Rare Radobaan material. Mostly obtained by carving. Broadly used for many purposes.',0,0,0,0),(316,'Radobaan Carapace','Rare Radobaan material. Mostly obtained as a reward. Solid, used to craft gear.',0,0,0,0),(317,'Radobaan Medulla','Rare Radobaan material. A valuable find, used to fortify gear. Said to be quite hard to come by.',0,0,0,0),(318,'Legiana Scale','Legiana material. Mostly obtained by carving Broadly used for many purposes.',0,0,0,0),(319,'Legiana Hide','Legiana material. Mostly obtained as a reward. Solid, used to craft gear.',0,0,0,0),(320,'Legiana Claw','Legiana material. Mostly obtained by carving. Grants ice element properties.',0,0,0,0),(321,'Legiana Webbing','Legiana material. Obtained by breaking its wings. Supple, used to craft gear.',0,0,0,0),(322,'Legiana Tail Webbing','Legiana material. Obtained by breaking its tail. Supple, used to craft gear.',0,0,0,0),(323,'Legiana Plate','Legiana material. A valuable find, used to fortify gear. Said to be quite hard to come by.',0,0,0,0),(324,'Legiana Scale+','Rare Legiana material. Mostly obtained by carving Broadly used for many purposes.',0,0,0,0),(325,'Legiana Hide+','Rare Legiana material. Mostly obtained as a reward. Lightweight, used to craft gear.',0,0,0,0),(326,'Legiana Claw+','Rare Legiana material. Mostly obtained by carving. Grants ice element properties.',0,0,0,0),(327,'Legiana Wing','Rare Legiana material. Obtained by breaking its wings. Supple, used to craft gear.',0,0,0,0),(328,'Legiana Gem','A rare gem said to have formed within Legiana tissue. Used to dramatically improve gear.',0,0,0,0),(329,'Odogaron Scale','Odogaron material. Mostly obtained by carving. Broadly used for many purposes.',0,0,0,0),(330,'Odogaron Sinew','Odogaron material. Mostly obtained as a reward. Solid, used to craft gear.',0,0,0,0),(331,'Odogaron Claw','Odogaron material. Obtained by breaking its forelegs. Sharp, used in many weapons.',0,0,0,0),(332,'Odogaron Fang','Odogaron material. Obtained by breaking its head. Sharp, used in many weapons.',0,0,0,0),(333,'Odogaron Tail','Odogaron material. Obtained by carving its severed tail. Stiff, used to craft gear.',0,0,0,0),(334,'Odogaron Plate','Odogaron material. A valuable find, used to fortify gear. Said to be quite hard to come by.',0,0,0,0),(335,'Odogaron Scale+','Rare Odogaron material. Mostly obtained by carving Broadly used for many purposes.',0,0,0,0),(336,'Odogaron Sinew+','Rare Odogaron material. Mostly obtained as a reward. Solid, used to craft gear.',0,0,0,0),(337,'Odogaron Claw+','Rare Odogaron material. Obtained by breaking its forelegs. Sharp, used in many weapons.',0,0,0,0),(338,'Odogaron Fang+','Rare Odogaron material. Obtained by breaking its head. Sharp, used in many weapons.',0,0,0,0),(339,'Odogaron Gem','A rare gem said to have formed within Odogaron tissue. Used to dramatically improve gear.',0,0,0,0),(340,'Rathalos Scale','Rathalos material. Mostly obtained by carving. Broadly used for many purposes.',0,0,0,0),(341,'Rathalos Shell','Rathalos material. Mostly obtained as a reward. Solid, used to craft gear.',0,0,0,0),(342,'Rathalos Webbing','Rathalos material. Obtained by breaking its wings. Supple, used to craft gear.',0,0,0,0),(343,'Rathalos Tail','Rathalos material. Obtained by carving its severed tail. Compatible with fire element.',0,0,0,0),(344,'Rath Wingtalon','Material from Rathian and Rathalos. Obtained by breaking its wings. Sharp, used in many weapons.',0,0,0,0),(345,'Rathalos Marrow','Rathalos material. Mostly obtained by carving Grants fire element properties.',0,0,0,0),(346,'Rathalos Plate','Rathalos material. A valuable find, used to fortify gear. Said to be quite hard to come by.',0,0,0,0),(347,'Rathalos Scale+','Rare Rathalos material. Mostly obtained by carving. Broadly used for many purposes.',0,0,0,0),(348,'Rathalos Carapace','Rare Rathalos material. Mostly obtained as a reward. Solid, used to craft gear.',0,0,0,0),(349,'Rathalos Wing','Rare Rathalos material. Obtained by breaking its wings. Supple, used to craft gear.',0,0,0,0),(350,'Rathalos Medulla','Rare Rathalos material. Obtained by carving. Grants fire element properties.',0,0,0,0),(351,'Rathalos Ruby','A rare gem said to have formed within Rathalos tissue. Almost too nice to use.',0,0,0,0),(352,'Azure Rathalos Scale+','Rare Azure Rathalos material. Mostly obtained by carving. Broadly used for many purposes.',0,0,0,0),(353,'Azure Rathalos Carapace','Rare Azure Rathalos material. Mostly obtained as a reward. Solid, used to craft gear.',0,0,0,0),(354,'Azure Rathalos Tail','Rare Azure Rathalos material. Obtained by carving its severed tail. Compatible with fire element.',0,0,0,0),(355,'Azure Rathalos Wing','Rare Azure Rathalos material. Obtained by breaking its wings. Supple, used to craft gear.',0,0,0,0),(356,'Diablos Shell','Diablos material. Mostly obtained by carving. Broadly used for many purposes.',0,0,0,0),(357,'Diablos Ridge','Diablos material. Mostly obtained as a reward. Solid, used to craft gear.',0,0,0,0),(358,'Diablos Tailcase','Diablos material. Obtained by carving its severed tail. Sturdy, but difficult to handle.',0,0,0,0),(359,'Diablos Fang','Diablos material. Mostly obtained by carving. Sharp, used in many weapons.',0,0,0,0),(360,'Twisted Horn','Diablos material. Obtained by breaking its horns. Stout, used in many weapons.',0,0,0,0),(361,'Diablos Marrow','Diablos material. A valuable find, used to fortify gear. Said to be quite hard to come by.',0,0,0,0),(362,'Diablos Carapace','Rare Diablos material. Mostly obtained by carving. Broadly used for many purposes.',0,0,0,0),(363,'Diablos Ridge+','Rare Diablos material. Mostly obtained as a reward. Solid, used to craft gear.',0,0,0,0),(364,'Majestic Horn','Rare Diablos material. Obtained by breaking its horns. Stout, used in many weapons.',0,0,0,0),(365,'Blos Medulla','Rare Diablos material. A valuable find, used to fortify gear. Said to be quite hard to come by.',0,0,0,0),(366,'Black Diablos Carapace','Rare Black Diablos material. Mostly obtained by carving Broadly used for many purposes.',0,0,0,0),(367,'Black Diablos Ridge+','Rare Black Diablos material. Mostly obtained as a reward. Solid, used to craft gear.',0,0,0,0),(368,'Black Spiral Horn+','Rare Black Diablos material. Obtained by breaking its horns. Stout, used in many weapons.',0,0,0,0),(369,'Kirin Hide','Kirin material. Mostly obtained by carving. Broadly used for many purposes.',0,0,0,0),(370,'Kirin Tail','Kirin material. Mostly obtained as a reward. Compatible with thunder element.',0,0,0,0),(371,'Kirin Mane','Kirin material. Mostly obtained by carving. Highly thunder-resistant, used to craft gear.',0,0,0,0),(372,'Kirin Thunderhorn','Kirin material. Obtain by breaking its horn. Grants thunder element properties.',0,0,0,0),(373,'Kirin Hide+','Rare Kirin material. Mostly obtained by carving. Broadly used for many purposes.',0,0,0,0),(374,'Kirin Thundertail','Rare Kirin material. Mostly obtained as a reward. Compatible with thunder element.',0,0,0,0),(375,'Kirin Azure Horn','Rare Kirin material. Obtain by breaking its horn. Grants thunder element properties.',0,0,0,0),(376,'Zorah Magdaros Heat Scale','Zorah Magdaros material. Mostly obtained as a reward. Broadly used for many purposes.',0,0,0,0),(377,'Zorah Magdaros Carapace','Zorah Magdaros material. Obtained as a rare drop or by mining. Solid, used to craft gear.',0,0,0,0),(378,'Zorah Magdaros Ridge','Rare Zorah Magdaros material. Mostly obtained as a reward. Stout, used in many weapons.',0,0,0,0),(379,'Zorah Magdaros Pleura','Rare Zorah Magdaros material. Obtained by breaking its chest. Heavy, used to craft armor.',0,0,0,0),(380,'Zorah Magdaros Magma','Rare Zorah Magdaros material. Obtained by breaking its head. Unusual and difficult to handle.',0,0,0,0),(381,'Zorah Magdaros Gem','A rare gem said to have formed within Zorah Magdaros tissue. Holds untold potential.',0,0,0,0),(382,'Dodogama Scale+','Rare Dodogama material. Mostly obtained by carving. Broadly used for many purposes.',0,0,0,0),(383,'Dodogama Hide+','Rare Dodogama material. Mostly obtained as a reward. Supple, used to craft gear.',0,0,0,0),(384,'Dodogama Jaw','Rare Dodogama material. Obtained by breaking its head. Unusual and difficult to handle.',0,0,0,0),(385,'Dodogama Talon','Rare Dodogama material. Obtained by breaking its forelegs. Heavy, used to craft armor.',0,0,0,0),(386,'Dodogama Tail','Rare Dodogama material. Obtained by carving its severed tail. Tough, used in many weapons.',0,0,0,0),(387,'Lavasioth Scale+','Rare Lavasioth material. Mostly obtained by carving. Broadly used for many purposes.',0,0,0,0),(388,'Lavasioth Carapace','Rare Lavasioth material. Mostly obtained as a reward. Solid, used to craft gear.',0,0,0,0),(389,'Lavasioth Fang+','Rare Lavasioth material. Obtained by breaking its head. Sharp, used in many weapons.',0,0,0,0),(390,'Lavasioth Fin+','Rare Lavasioth material. Obtained by breaking its dorsal fin. Used for many purposes.',0,0,0,0),(391,'Uragaan Scale+','Rare Uragaan material. Mostly obtained by carving. Broadly used for many purposes.',0,0,0,0),(392,'Uragaan Carapace','Rare Uragaan material. Mostly obtained as a reward. Solid, used to craft gear.',0,0,0,0),(393,'Uragaan Jaw','Rare Uragaan material. Obtained from breaking its jaw. Unusual, used in select gear.',0,0,0,0),(394,'Uragaan Scute','Rare Uragaan material. Obtained by carving its severed tail. Highly heat resistant, used to craft gear.',0,0,0,0),(395,'Uragaan Marrow','Rare Uragaan material. A valuable find, used to fortify gear. Said to be quite hard to come by.',0,0,0,0),(396,'Uragaan Ruby','A rare gem said to have formed within Uragaan tissue. Used to dramatically improve gear.',0,0,0,0),(397,'Lava Nugget','A rare conglomerate or ore found growing on an Uragaan. Comprised of various ores, melted together.',0,0,0,0),(398,'Bazelgeuse Scale+','Rare Bazelgeuse material. Mostly obtained by carving. Broadly used for many purposes.',0,0,0,0),(399,'Bazelgeuse Carapace','Rare Bazelgeuse material. Mostly obtained as a reward. Solid, used to craft gear.',0,0,0,0),(400,'Bazelgeuse Tail','Rare Bazelgeuse material. Obtained by carving its severed tail. Stiff, used to craft gear.',0,0,0,0),(401,'Bazelgeuse Fuse','Rare Bazelgeuse material. Obtained by breaking its head. Grants blast element properties.',0,0,0,0),(402,'Bazelgeuse Talon','Rare Bazelgeuse material. Mostly obtained by carving. Compatible with blast element.',0,0,0,0),(403,'Bazelgeuse Wing','Rare Bazelgeuse material. Obtained by breaking its wings. Hard, used in many weapons.',0,0,0,0),(404,'Bazelgeuse Gem','A rare gem said to have formed within Bazelgeuse tissue. Used to dramatically improve gear.',0,0,0,0),(405,'Immortal Dragonscale','Rare Nergigante material. Mostly obtained by carving. Broadly used for many purposes.',0,0,0,0),(406,'Nergigante Carapace','Rare Nergigante material. Mostly obtained as a reward. Solid, used to craft gear.',0,0,0,0),(407,'Nergigante Tail','Rare Nergigante material. Obtained by carving its severed tail. Stiff, used to craft gear.',0,0,0,0),(408,'Nergigante Horn+','Rare Nergigante material. Obtained by breaking its horns. Stout, used in many weapons.',0,0,0,0),(409,'Nergigante Talon','Rare Nergigante material. Mostly obtained by carving. Sharp, used in many weapons.',0,0,0,0),(410,'Nergigante Regrowth Plate','Rare Nergigante material. Obtained by collecting rare drops. Unusual, used to craft gear.',0,0,0,0),(411,'Nergigante Gem','A rare gem said to have formed within Nergigante tissue. Holds untold potential.',0,0,0,0),(412,'Deceased Scale','Rare Vaal Hazak material. Mostly obtained by carving. Broadly used for many purposes.',0,0,0,0),(413,'Vaal Hazak Carapace','Rare Vaal Hazak material. Mostly obtained as a reward. Solid, used to craft gear.',0,0,0,0),(414,'Vaal Hazak Membrane','Rare Vaal Hazak material. Obtained by collecting rare drops. Grants dragon element properties.',0,0,0,0),(415,'Vaal Hazak Tail','Rare Vaal Hazak material. Obtained by carving its severed tail. Stiff, used to craft gear.',0,0,0,0),(416,'Vaal Hazak Fang+','Rare Vaal Hazak material. Obtained by breaking its head. Sharp, used in many weapons.',0,0,0,0),(417,'Vaal Hazak Talon','Rare Vaal Hazak material. Obtained by breaking its forelegs. Sharp, used in many weapons.',0,0,0,0),(418,'Vaal Hazak Wing','Rare Vaal Hazak material. Obtained by breaking its torso. Light yet firm, used to craft gear.',0,0,0,0),(419,'Vaal Hazak Gem','A rare gem said to have formed within Vaal Hazak tissue. Holds untold potential.',0,0,0,0),(420,'Teostra Carapace','Rare Teostra material. Mostly obtained as a reward. Solid, used to craft gear.',0,0,0,0),(421,'Teostra Mane','Rare Teostra material. Obtained by breaking its head. Highly fire-resistant, used to craft gear.',0,0,0,0),(422,'Teostra Tail','Rare Teostra material. Obtained by carving its severed tail. Stiff, used to craft gear.',0,0,0,0),(423,'Teostra Horn+','Rare Teostra material. Obtained by breaking its head. Stout, used in many weapons.',0,0,0,0),(424,'Fire Dragon Scale+','Rare Teostra material. Mostly obtained by carving. Broadly used for many purposes.',0,0,0,0),(425,'Teostra Claw+','Rare Teostra material. Mostly obtained by carving. Sharp, used in many weapons.',0,0,0,0),(426,'Teostra Webbing','Rare Teostra material. Obtained by breaking its wings. Supple, used to craft gear.',0,0,0,0),(427,'Teostra Powder','Rare Teostra material. Obtained by collecting rare drops. Unusual, used in select gear.',0,0,0,0),(428,'Teostra Gem','A rare gem said to have formed within Teostra tissue. Within it lies unimaginable power.',0,0,0,0),(429,'Daora Carapace','Rare Kushala Daora material. Mostly obtained as a reward. Solid, used to craft gear.',0,0,0,0),(430,'Daora Dragon Scale+','Rare Kushala Daora material. Mostly obtained by carving. Broadly used for many purposes.',0,0,0,0),(431,'Daora Webbing','Rare Kushala Daora material. Obtained by breaking its wings. Lightweight, used to craft gear.',0,0,0,0),(432,'Daora Horn+','Rare Kushala Daora material. Obtained by breaking its head. Stout, used in many weapons.',0,0,0,0),(433,'Daora Tail','Rare Kushala Daora material. Obtained by carving its severed tail. Stiff, used to craft gear.',0,0,0,0),(434,'Daora Claw+','Rare Kushala Daora material. Mostly obtained by carving. Imbued with potent ice element.',0,0,0,0),(435,'Daora Gem','A rare gem said to have formed within Kushala Daora tissue. Holds untold potential.',0,0,0,0),(436,'Xeno\'jiiva Soulscale','Rare Xeno\'jiiva material. The burnt scale still radiates vestiges of the hereafter.',0,0,0,0),(437,'Xeno\'jiiva Shell','A rare piece of Xeno\'jiiva shell, tempered to act as a vessel for the flames of the underworld.',0,0,0,0),(438,'Xeno\'jiiva Veil','A rare Xeno\'jiiva organ that stores energy that can be released in a violent torrent.',0,0,0,0),(439,'Xeno\'jiiva Tail','A rare, strong Xeno\'jiiva tail that can brush aside all enemies in a single lash.',0,0,0,0),(440,'Xeno\'jiiva Horn','A rare Xeno\'jiiva horn. During growth, it\'s theorized that it helps control the beast\'s power.',0,0,0,0),(441,'Xeno\'jiiva Claw','A rare Xeno\'jiiva claw, said to cleave soul from flesh.',0,0,0,0),(442,'Xeno\'jiiva Wing','A rare Xeno\'jiva wing. The wing membrane shines with the divine light of a powerful deity.',0,0,0,0),(443,'Xeno\'jiiva Gem','A phantasmal gem formed inside the tissue of Xeno\'jiiva. The power it holds defies comprehension.',0,0,0,0),(444,'Tailraider Voucher','Proof of friendship with the Lynians of the new continent. Show it to the Smithy and see what happens!',0,0,0,0),(445,'Gajalaka Sketch','Proof of friendship with the Gajalaka tribes of the new continent. Show it to the Smithy and see what happens!',0,0,0,0),(446,'Black Bandage','Cloth made from the glossy black hide of a monster. Not obtainable by normal means.',0,0,0,0),(447,'Black Crystal Ticket','A ticket you can trade for a crystal that emits a darkness-sucking light. Not obtainable by normal means.',0,0,0,0),(448,'Wiggler Ticket','A ticket given to those who help with Wiggler research. Comes with a rough sketch from a researcher.',0,0,0,0),(449,'Watcher Lens','Material obtained from a Machine. Its unusual circuitry can be used to craft special Palico equipment.',0,0,0,0),(450,'Nora Brave Trophy','Proof that you have completed the Proving. Grants you the right to craft special equipment.',0,0,0,0),(451,'SFV Ticket','A ticket for a special Street Fighter tie-in. Wait...does that mean that legendary fighter is going to...!?',0,0,0,0),(452,'Azure Star Shard','Special material given to those who complete USJ\'s challenge. Glows a beautiful, transparent blue.',0,0,0,0),(453,'Mysterious Feystone','A jewel that conceals faint traces of power within it. (Appraisal Item)',0,0,0,0),(454,'Glowing Feystone','A jewel that conceals an unknown power within it. (Appraisal Item)',0,0,0,0),(455,'Worn Feystone','A jewel that conceals considerable power within it. (Appraisal Item)',0,0,0,0),(456,'Warped Feystone','A jewel that conceals a mystical power within it. (Appraisal Item)',0,0,0,0),(457,'Sullied Streamstone','Though dirty, this stone pulses with undeniable power. (Appraisal Item)',0,0,0,0),(458,'Shining Streamstone','A stone that shines with the brilliance of endless possibility. (Appraisal Item)',0,0,0,0),(459,'Streamstone Shard','A rare stone taken from a tempered monster. The longer a beast\'s reign of terror, the larger the shard.',0,0,0,0),(460,'Streamstone','A rare stone taken from a tempered monster. A crystal of pure power, born of a beast\'s endless desires.',0,0,0,0),(461,'Gleaming Streamstone','A rare stone taken from a tempered monster. Proof that it ruled for an age as a tyrant unchallenged.',0,0,0,0),(462,'Warrior\'s Streamstone: Sword','A material used by champions of old. Used to bring out the hidden power in long swords and great swords.',0,0,0,0),(463,'Warrior\'s Streamstone: Blade','A material used by champions of old. Used to bring out the hidden power in swords and shields and dual blades.',0,0,0,0),(464,'Warrior\'s Streamstone: Hammer','A material used by champions of old. Used to bring out the hidden power in hammers and hunting horns.',0,0,0,0),(465,'Warrior\'s Streamstone: Lance','A material used by champions of old. Used to bring out the hidden power in lances and gunlances.',0,0,0,0),(466,'Warrior\'s Streamstone: Axe','A material used by champions of old. Used to bring out the hidden power in switch axes and charge blades.',0,0,0,0),(467,'Warrior\'s Streamstone: Shaft','A material used by champions of old. Used to bring out the hidden power in insect glaives and bows.',0,0,0,0),(468,'Warrior\'s Streamstone: Ranged','A material used by champions of old. Used to bring out the hidden power in light bowguns and heavy bowguns.',0,0,0,0),(469,'Hero\'s Streamstone: Sword','A material used by legendary heroes. Used to bring out the hidden power in long swords and great swords.',0,0,0,0),(470,'Hero\'s Streamstone: Blade','A material used by legendary heroes. Used to bring out the hidden power in swords and shields and dual blades.',0,0,0,0),(471,'Hero\'s Streamstone: Hammer','A material used by legendary heroes. Used to bring out the hidden power in hammers and hunting horns.',0,0,0,0),(472,'Hero\'s Streamstone: Lance','A material used by legendary heroes. Used to bring out the hidden power in lances and gunlances.',0,0,0,0),(473,'Hero\'s Streamstone: Axe','A material used by legendary heroes. Used to bring out the hidden power in switch axes and charge blades.',0,0,0,0),(474,'Hero\'s Streamstone: Shaft','A material used by legendary heroes. Used to bring out the hidden power in insect glaives and bows.',0,0,0,0),(475,'Hero\'s Streamstone: Ranged','A material used by legendary heroes. Used to bring out the hidden power in light bowguns and heavy bowguns.',0,0,0,0),(476,'Voucher','Redeem this for a special meal with stronger effects than usual.',0,0,0,0),(477,'First Wyverian Print','A ticket with a handprint, used by the First Wyverians. You can exchange it for items at the Melding Pot.',0,0,0,0),(478,'Deluxe First Wyverian Print','A ticket with a handprint, used by the First Wyverians. You can exchange it for items at the Melding Pot.',0,0,0,0),(479,'Steel Wyverian Print','A ticket with a handprint, used by the First Wyverians. Exchange it for materials at the Melding Pot.',0,0,0,0),(480,'Silver Wyverian Print','A ticket with a handprint, used by the First Wyverians. Exchange it for rare materials at the Melding Pot.',0,0,0,0),(481,'Gold Wyverian Print','A ticket with a handprint, used by the First Wyverians. Exchange it for very rare materials at the Melding Pot.',0,0,0,0),(482,'Commendation','A ticket awarded for demonstrating courage. Collect them and something wonderful may happen!',0,0,0,0),(483,'High Commendation','A ticket awarded for demonstrating tremendous courage. Collect them and something wonderful may happen!',0,0,0,0),(484,'Research Commission Ticket','A ticket issued by the commander to those who have aided the Research Commission. Show it to the Smithy!',0,0,0,0),(485,'Pukei Coin','A coin given to those who have bested a Pukei-Pukei in the Arena.',0,0,0,0),(486,'Kulu Coin','A coin given to those who have bested a Kulu-Ya-Ku in the Arena.',0,0,0,0),(487,'Rathian Coin','A coin given to those who have bested a Rathian in the Arena.',0,0,0,0),(488,'Tzitzi Coin','A coin given to those who have bested a Tzitzi-Ya-Ku in the Arena.',0,0,0,0),(489,'Barroth Coin','A coin given to those who have bested a Barroth in the Arena.',0,0,0,0),(490,'Gama Coin','A coin given to those who have bested a Dodogama in the Arena.',0,0,0,0),(491,'Rathalos Coin','A coin given to those who have bested a Rathalos in the Arena.',0,0,0,0),(492,'Brute Coin','A coin given to those who have bested multiple brute Wyverns at the same time in the Arena.',0,0,0,0),(493,'Flying Coin','A coin given to those who have bested multiple flying Wyverns at the same time in the Arena.',0,0,0,0),(494,'Pinnacle Coin','A commemorative coin bestowed on hunters who have mastered the craft. The value of its sheen? Priceless.',0,0,0,0),(495,'Hunter King Coin','A silver coin given to true hunters. It shines with all the glory of the Hunter King.',0,0,0,0),(496,'Ace Hunter Coin','A golden coin given to hunters at the pinnacle of their field. Only a small handful ever know such honor.',0,0,0,0),(497,'Steel Egg','An egg of glittering steel. Valuable and rare, but of no use to a hunter. (Trade-in Item)',0,0,0,0),(498,'Silver Egg','An egg of glittering silver. Valuable and rare, but of no use to a hunter. (Trade-in Item)',0,0,0,0),(499,'Golden Egg','An egg of glittering gold. Super valuable and rare, but of no use to a hunter. (Trade-in Item)',0,0,0,0),(500,'Chipped Scale','Acquired by using the Bandit Mantle. Chipped, but still prized by collectors. (Trade-in Item)',0,0,0,0),(501,'Large Scale','Acquired by using the Bandit Mantle. Consistently popular among collectors. (Trade-in Item)',0,0,0,0),(502,'Beautiful Scale','Acquired by using the Bandit Mantle. In perpetual demand among collectors. (Trade-in Item)',0,0,0,0),(503,'Lustrous Scale','Acquired by using the Bandit Mantle. A source of pride for any collector. (Trade-in Item)',0,0,0,0),(504,'Glimmering Scale','Acquired by using the Bandit Mantle. A must-have for any collector. (Trade-in Item)',0,0,0,0),(505,'Bhernastone','An Old World import. Beautiful, but not suitable for crafting (Trade-in Item)',0,0,0,0),(506,'Dundormarin','An Old World import. Beautiful, but not suitable for crafting (Trade-in Item)',0,0,0,0),(507,'Loc Lac Ore','An Old World import. Beautiful, but not suitable for crafting. (Trade-in Item)',0,0,0,0),(508,'Val Habar Quartz','An Old World import. Beautiful, but not suitable for crafting. (Trade-in Item)',0,0,0,0),(509,'Minegardenite','An Old World import. Beautiful, but not suitable for crafting. (Trade-in Item)',0,0,0,0),(510,'Golden Scale','The scales of a Goldenfish. They shimmer like only pure gold can. (Trade-in Item)',0,0,0,0),(511,'Golden Scale+','The scales of a Great Goldenfish. Trades at the same price as actual gold. (Trade-in Item)',0,0,0,0),(512,'Platinum Scale','The scales of a Platinumfish. They give off a beautiful gleam. (Trade-in Item)',0,0,0,0),(513,'Platinum Scale+','The scales of a Great Platinumfish. Their shine is nigh on blinding. (Trade-in Item)',0,0,0,0),(514,'Gilded Scale','The scales of a Goldenfry. Used by artisans in their crafts. (Trade-in Item)',0,0,0,0),(515,'Gilded Scale+','The scales of a Great Goldenfry. Used in the very finest of crafts. (Trade-in Item)',0,0,0,0),(516,'Deviljho Scale','Rare Deviljho material. Mostly obtained by carving. Broadly used for many purposes.',0,0,0,0),(517,'Deviljho Hide','Rare Deviljho material. Mostly obtained as a reward. Supple, used to craft gear.',0,0,0,0),(518,'Deviljho Tallfang','Rare Deviljho material. Obtained by breaking its head. Stout, used in many weapons.',0,0,0,0),(519,'Deviljho Talon','Rare Deviljho material. Mostly obtained by carving. Compatible with dragon element.',0,0,0,0),(520,'Deviljho Scalp','Rare Deviljho material. Obtained by breakin gits head. Unusual, used in select gear.',0,0,0,0),(521,'Deviljho Tail','Rare Deviljho material. Obtained by carving its severed tail. Stiff, used to craft gear.',0,0,0,0),(522,'Deviljho Saliva','Rare Deviljho material. Obtained by collecting rare drops. Unusual and difficult to handle.',0,0,0,0),(523,'Deviljho Gem','A rare gem said to have formed iwithin Deviljho tissue. Used to dramaticaly improve gear.',0,0,0,0),(524,'Kulu-Ya-Ku Ticket','',0,0,0,0),(525,'Spring Blossom Ticket','',0,0,0,0),(526,'Master Craftsman\'s Blueprint','',0,0,0,0),(527,'Nova Brave Trophy','',0,0,0,0),(528,'Spring Insect Field Guide','',0,0,0,0);
/*!40000 ALTER TABLE `items` ENABLE KEYS */;
UNLOCK TABLES;

--
-- Table structure for table `migration_versions`
--

DROP TABLE IF EXISTS `migration_versions`;
/*!40101 SET @saved_cs_client     = @@character_set_client */;
/*!40101 SET character_set_client = utf8 */;
CREATE TABLE `migration_versions` (
  `version` varchar(255) COLLATE utf8_unicode_ci NOT NULL,
  PRIMARY KEY (`version`)
) ENGINE=InnoDB DEFAULT CHARSET=utf8 COLLATE=utf8_unicode_ci;
/*!40101 SET character_set_client = @saved_cs_client */;

--
-- Dumping data for table `migration_versions`
--

LOCK TABLES `migration_versions` WRITE;
/*!40000 ALTER TABLE `migration_versions` DISABLE KEYS */;
INSERT INTO `migration_versions` VALUES ('20180305182815'),('20180305213108'),('20180311004633'),('20180314175357'),('20180319155834'),('20180320200544'),('20180323034352'),('20180324193558'),('20180325041554'),('20180330194208'),('20180401034729'),('20180406032338'),('20180417030407'),('20180420125649'),('20180420144556'),('20180420154806'),('20180420180120'),('20180423145852'),('20180424142246'),('20180424202745'),('20180425142735'),('20180425224813'),('20180426174437'),('20180501002023'),('20180504075817'),('20180508195230'),('20180509025030'),('20180509191153'),('20180510043211'),('20180510213010'),('20180511152554');
/*!40000 ALTER TABLE `migration_versions` ENABLE KEYS */;
UNLOCK TABLES;

--
-- Table structure for table `motion_values`
--

DROP TABLE IF EXISTS `motion_values`;
/*!40101 SET @saved_cs_client     = @@character_set_client */;
/*!40101 SET character_set_client = utf8 */;
CREATE TABLE `motion_values` (
  `id` int(10) unsigned NOT NULL AUTO_INCREMENT,
  `name` varchar(64) COLLATE utf8mb4_unicode_ci NOT NULL,
  `weapon_type` varchar(32) COLLATE utf8mb4_unicode_ci NOT NULL,
  `damage_type` varchar(32) COLLATE utf8mb4_unicode_ci DEFAULT NULL,
  `stun_potency` smallint(5) unsigned DEFAULT NULL,
  `exhaust_potency` smallint(5) unsigned DEFAULT NULL,
  `hits` longtext CHARACTER SET utf8mb4 COLLATE utf8mb4_bin NOT NULL,
  PRIMARY KEY (`id`),
  UNIQUE KEY `name_weapon_type_idx` (`weapon_type`,`name`)
) ENGINE=InnoDB AUTO_INCREMENT=365 DEFAULT CHARSET=utf8mb4 COLLATE=utf8mb4_unicode_ci;
/*!40101 SET character_set_client = @saved_cs_client */;

--
-- Dumping data for table `motion_values`
--

LOCK TABLES `motion_values` WRITE;
/*!40000 ALTER TABLE `motion_values` DISABLE KEYS */;
INSERT INTO `motion_values` VALUES (1,'Charged Slash Lv1','great-sword','sever',NULL,NULL,'[48]'),(2,'Charged Slash Lv2','great-sword','sever',NULL,NULL,'[77]'),(3,'Charged Slash Lv3','great-sword','sever',NULL,NULL,'[105]'),(4,'Charged Slash Lv4','great-sword','sever',NULL,NULL,'[77]'),(5,'Overhead Slash','great-sword','sever',NULL,NULL,'[48]'),(6,'Strong Charged Slash Lv1','great-sword','sever',NULL,NULL,'[65]'),(7,'Strong Charged Slash Lv2','great-sword','sever',NULL,NULL,'[90]'),(8,'Strong Charged Slash Lv3','great-sword','sever',NULL,NULL,'[115]'),(9,'Strong Charged Slash Lv4','great-sword','sever',NULL,NULL,'[90]'),(10,'True Charged Slash Lv1','great-sword','sever',NULL,NULL,'[15,165]'),(11,'True Charged Slash Lv2','great-sword','sever',NULL,NULL,'[20,182]'),(12,'True Charged Slash Lv3','great-sword','sever',NULL,NULL,'[22,211]'),(13,'True Charged Slash Lv4','great-sword','sever',NULL,NULL,'[20,182]'),(14,'Wide Slash','great-sword','sever',NULL,NULL,'[26]'),(15,'Rising Slash','great-sword','sever',NULL,NULL,'[38]'),(16,'Side Blow','great-sword','blunt',20,15,'[16]'),(17,'Tackle Lv1','great-sword','blunt',30,20,'[26]'),(18,'Tackle Lv2','great-sword','blunt',40,25,'[35]'),(19,'Tackle Lv3','great-sword','blunt',55,30,'[48]'),(20,'Jumping Wide Slash Lv1','great-sword','sever',NULL,NULL,'[71]'),(21,'Jumping Wide Slash Lv2','great-sword','sever',NULL,NULL,'[85]'),(22,'Jumping Wide Slash Lv3','great-sword','blunt',NULL,NULL,'[110]'),(23,'Jumping Slash','great-sword','sever',NULL,NULL,'[70]'),(24,'Midair Charged Slash Lv1','great-sword','sever',NULL,NULL,'[70]'),(25,'Midair Charged Slash Lv2','great-sword','sever',NULL,NULL,'[92]'),(26,'Midair Charged Slash Lv3','great-sword','sever',NULL,NULL,'[106]'),(27,'Strong Wide Slash Lv1','great-sword','sever',NULL,NULL,'[59]'),(28,'Strong Wide Slash Lv2','great-sword','sever',NULL,NULL,'[66]'),(29,'Strong Wide Slash Lv3','great-sword','sever',NULL,NULL,'[78]'),(30,'Charged Rising Slash Lv1','great-sword','sever',NULL,NULL,'[48]'),(31,'Charged Rising Slash Lv2','great-sword','sever',NULL,NULL,'[72]'),(32,'Charged Rising Slash Lv3','great-sword','sever',NULL,NULL,'[98]'),(33,'Plunging Thrust Lv1','great-sword','sever',NULL,NULL,'[16]'),(34,'Plunging Thrust Lv2','great-sword','sever',NULL,NULL,'[22]'),(35,'Plunging Thrust Lv3','great-sword','sever',NULL,NULL,'[27]'),(36,'Step Slash','long-sword','sever',NULL,NULL,'[24]'),(37,'Thrust','long-sword','sever',NULL,NULL,'[12]'),(38,'Overhead Slash','long-sword','sever',NULL,NULL,'[21]'),(39,'Rising Slash','long-sword','sever',NULL,NULL,'[18]'),(40,'Fade Slash','long-sword','sever',NULL,NULL,'[22]'),(41,'Lateral Fade Slash','long-sword','sever',NULL,NULL,'[22]'),(42,'Spirit Jumping Slash','long-sword','sever',NULL,NULL,'[18]'),(43,'Spirit Blade I','long-sword','sever',NULL,NULL,'[14]'),(44,'Spirit Blade II','long-sword','sever',NULL,NULL,'[30]'),(45,'Spirit Blade III','long-sword','sever',NULL,NULL,'[12,14,34]'),(46,'Spirit Roundslash','long-sword','sever',NULL,NULL,'[38]'),(47,'Spirit Thrust','long-sword','sever',NULL,NULL,'[42]'),(48,'Spirit Helm Breaker (White)','long-sword','sever',NULL,NULL,'[10,10,10,10,10,10,10]'),(49,'Spirit Helm Breaker (Yellow)','long-sword','sever',NULL,NULL,'[10,10,10,10,10,10,10]'),(50,'Spirit Helm Breaker (Red)','long-sword','sever',NULL,NULL,'[25,25,25,25,25,25,25]'),(51,'Foresight Slash','long-sword','sever',NULL,NULL,'[14]'),(52,'Jumping Slash','long-sword','sever',NULL,NULL,'[26]'),(53,'Jumping Rising Slash','long-sword','sever',NULL,NULL,'[20]'),(54,'Aerial Draw Spirit Blade','long-sword','sever',NULL,NULL,'[26]'),(55,'Jumping Spirit Blade','long-sword','sever',NULL,NULL,'[16]'),(56,'Jumping Spirit Blade II','long-sword','sever',NULL,NULL,'[4,16]'),(57,'Jumping Spirit Blade III','long-sword','sever',NULL,NULL,'[4,16,28]'),(58,'Chop','sword-and-shield','sever',NULL,NULL,'[14]'),(59,'Side Slash','sword-and-shield','sever',NULL,NULL,'[13]'),(60,'Sword/Shield Combo','sword-and-shield','sever + blunt',15,15,'[10,20]'),(61,'Spiral Slash (Right)','sword-and-shield','sever',NULL,NULL,'[16]'),(62,'Spiral Slash (Left)','sword-and-shield','sever',NULL,NULL,'[16]'),(63,'Spiral Slash (Back)','sword-and-shield','sever',NULL,NULL,'[17]'),(64,'Thrust','sword-and-shield','sever',NULL,NULL,'[22]'),(65,'Lateral Slash','sword-and-shield','sever',NULL,NULL,'[22]'),(66,'Return Stroke','sword-and-shield','sever',NULL,NULL,'[21]'),(67,'Advancing Slash','sword-and-shield','sever',NULL,NULL,'[18]'),(68,'Short Shield Bash','sword-and-shield','blunt',15,10,'[6]'),(69,'Round Slash','sword-and-shield','sever',NULL,NULL,'[30]'),(70,'Shield Attack','sword-and-shield','blunt',15,10,'[8]'),(71,'Shield Bash','sword-and-shield','blunt',15,25,'[16]'),(72,'Hard Bash','sword-and-shield','blunt',30,25,'[31]'),(73,'Sliding Slash','sword-and-shield','sever',NULL,NULL,'[10,35]'),(74,'Guard Slash','sword-and-shield','sever',NULL,NULL,'[14]'),(75,'Rising Slash','sword-and-shield','sever',NULL,NULL,'[14]'),(76,'Charged Slash','sword-and-shield','sever + blunt',15,25,'[29,40]'),(77,'Scaling Slash','sword-and-shield','sever',NULL,NULL,'[15]'),(78,'Jumping Slash','sword-and-shield','sever',NULL,NULL,'[20]'),(79,'Falling Bash','sword-and-shield','blunt',15,15,'[39]'),(80,'Jumping Rising Slash','sword-and-shield','sever',NULL,NULL,'[20]'),(81,'Jumping Advancing Slash','sword-and-shield','sever',NULL,NULL,'[18]'),(82,'Helm Breaker','sword-and-shield','sever',NULL,NULL,'[20]'),(83,'Double Slash','dual-blades','sever',NULL,NULL,'[8,10]'),(84,'Double Slash Return Stroke','dual-blades','sever',NULL,NULL,'[9,10]'),(85,'Circle Slash','dual-blades','sever',NULL,NULL,'[11,9,11]'),(86,'Lunging Strike','dual-blades','sever',NULL,NULL,'[3,3,5,5]'),(87,'Left RoundSlash','dual-blades','sever',NULL,NULL,'[7,5,15]'),(88,'Right RoundSlash','dual-blades','sever',NULL,NULL,'[7,5,15]'),(89,'Turn Slash','dual-blades','sever',NULL,NULL,'[5,5]'),(90,'Rising Slash','dual-blades','sever',NULL,NULL,'[7]'),(91,'Sliding Slash','dual-blades','sever',NULL,NULL,'[10,10,13,13]'),(92,'Demon Fangs','dual-blades','sever',NULL,NULL,'[11]'),(93,'Twofold Demon Slash','dual-blades','sever',NULL,NULL,'[7,14]'),(94,'Sixfold Demon Slash','dual-blades','sever',NULL,NULL,'[10,10,9,9,16,16]'),(95,'Demon Flurry Rush','dual-blades','sever',NULL,NULL,'[5,5,4,4,8,8]'),(96,'Right Fade Slash','dual-blades','sever',NULL,NULL,'[7]'),(97,'Left Fade Slash','dual-blades','sever',NULL,NULL,'[7]'),(98,'Right Double Roundslash','dual-blades','sever',NULL,NULL,'[19,7,11]'),(99,'Left Double Roundslash','dual-blades','sever',NULL,NULL,'[19,7,11]'),(100,'Blade Dance','dual-blades','sever',NULL,NULL,'[17,17,6,6,10,10,9,9,11,11,9,9,12,7,12]'),(101,'Demon Flurry','dual-blades','sever',NULL,NULL,'[9,9,7,7,3,17,17]'),(102,'Jumping Double Slash','dual-blades','sever',NULL,NULL,'[9,12]'),(103,'Heavenly Blade Dance','dual-blades','sever',NULL,NULL,'[17,11,11,17,20,20,12,12,21,21]'),(104,'Midair Spinning Blade Dance','dual-blades','sever',NULL,NULL,'[15,10,15,10]'),(105,'Spinning Blade Dance Finisher','dual-blades','sever',NULL,NULL,'[20,20,20,20,12,12]'),(106,'Swing','hammer','blunt',15,10,'[20]'),(107,'Backswing','hammer','blunt',15,10,'[16]'),(108,'Overhead Smash I','hammer','blunt',20,10,'[37]'),(109,'Side Smash','hammer','blunt',20,5,'[15]'),(110,'Overhead Smash II','hammer','blunt',25,15,'[23]'),(111,'Upswing','hammer','blunt',50,10,'[86]'),(112,'Big Bang I','hammer','blunt',5,5,'[28]'),(113,'Big Bang II','hammer','blunt',5,5,'[32]'),(114,'Big Bang III','hammer','blunt',10,10,'[45]'),(115,'Big Bang IV','hammer','blunt',10,10,'[65]'),(116,'Big Bang Finisher','hammer','blunt',NULL,NULL,'[28,28,0,100]'),(117,'Charged Side Blow','hammer','blunt',15,10,'[18]'),(118,'Charged Upswing','hammer','blunt',NULL,10,'[38]'),(119,'Charged Big Bang','hammer','blunt',NULL,40,'[15,76]'),(120,'Spinning Bludgeon','hammer','blunt',NULL,NULL,'[26,18,18,18,18,18,0,32]'),(121,'Charged Brutal Upswing','hammer','blunt',NULL,20,'[45]'),(122,'Charged Brutal Big Bang','hammer','blunt',NULL,NULL,'[15,15,0,85]'),(123,'Charged Follow Up','hammer','blunt',10,5,'[25]'),(124,'Charged Follow Up (Power Charge)','hammer','blunt',25,5,'[55]'),(125,'Spinning Side Smash','hammer','blunt',20,10,'[15]'),(126,'Spinning Follow Up','hammer','blunt',25,10,'[55]'),(127,'Spinning Strong Upswing','hammer','blunt',50,10,'[90]'),(128,'Jumping Smash','hammer','blunt',20,10,'[37]'),(129,'Midair Spinning Bludgeon','hammer','blunt',NULL,NULL,'[25,100]'),(130,'Jumping Charge Attack','hammer','blunt',40,10,'[65]'),(131,'Jumping Charge Attack II','hammer','blunt',45,10,'[70]'),(132,'Jumping Charge Attack III','hammer','blunt',55,10,'[80]'),(133,'Right Swing','hunting-horn','blunt',20,15,'[27]'),(134,'Left Swing','hunting-horn','blunt',20,15,'[22]'),(135,'Forward Swing','hunting-horn','blunt',20,20,'[28]'),(136,'Backward Slam','hunting-horn','blunt',20,25,'[34]'),(137,'Handle Poke','hunting-horn','sever',NULL,NULL,'[10]'),(138,'Forward Slam','hunting-horn','blunt',NULL,NULL,'[14,39]'),(139,'Double Right Swing','hunting-horn','blunt',NULL,NULL,'[15,22]'),(140,'Performance','hunting-horn','blunt',22,22,'[29]'),(141,'Encore','hunting-horn','blunt',27,22,'[35]'),(142,'Shockwave','hunting-horn','blunt',27,15,'[27]'),(143,'Jumping Smash','hunting-horn','blunt',20,20,'[35]'),(144,'Jumping Strong Overhead Smash','hunting-horn','blunt',30,20,'[55]'),(145,'Mid-air Performance','hunting-horn','blunt',22,22,'[35]'),(146,'Mid Thrust I','lance','sever',NULL,NULL,'[20]'),(147,'Mid Thrust II','lance','sever',NULL,NULL,'[20]'),(148,'Mid Thrust III','lance','sever',NULL,NULL,'[27]'),(149,'High Thrust I','lance','sever',NULL,NULL,'[22]'),(150,'High Thrust II','lance','sever',NULL,NULL,'[22]'),(151,'High Thrust III','lance','sever',NULL,NULL,'[27]'),(152,'Wide Sweep I','lance','sever',NULL,NULL,'[20]'),(153,'Wide Sweep II','lance','sever',NULL,NULL,'[20]'),(154,'Wide Sweep III','lance','sever',NULL,NULL,'[20]'),(155,'Counter Thrust','lance','sever',NULL,NULL,'[40]'),(156,'Cancel Thrust','lance','sever',NULL,NULL,'[22]'),(157,'Guard Thrust','lance','sever',NULL,NULL,'[20]'),(158,'Dash Attack','lance','sever',NULL,NULL,'[11]'),(159,'Mid-Air Dash Attack','lance','sever',NULL,NULL,'[25]'),(160,'Reverse Attack','lance','sever',NULL,NULL,'[50]'),(161,'Advancing Jump Thrust','lance','sever',NULL,NULL,'[50]'),(162,'Finishing Thrust','lance','sever',NULL,NULL,'[50]'),(163,'Finishing Twin Thrust','lance','sever',NULL,NULL,'[25,50]'),(164,'Shield Attack','lance','blunt',27,27,'[14]'),(165,'Leaping Thrust','lance','sever',NULL,NULL,'[8,8,8]'),(166,'Jumping Thrust','lance','sever',NULL,NULL,'[30]'),(167,'Lunging Upthrust','gunlance','sever',NULL,NULL,'[30]'),(168,'Lateral Thrust I, II, III','gunlance','sever',NULL,NULL,'[24]'),(169,'Rising Slash','gunlance','sever',NULL,NULL,'[30]'),(170,'Overhead Smash','gunlance','sever',NULL,NULL,'[48]'),(171,'Wide Sweep','gunlance','sever',NULL,NULL,'[68]'),(172,'Guard Thrust I, II, III','gunlance','sever',NULL,NULL,'[18]'),(173,'Jumping Thrust','gunlance','sever',NULL,NULL,'[25]'),(174,'Jumping Reload Smash','gunlance','sever',NULL,NULL,'[44]'),(175,'Jumping Smash','gunlance','sever',NULL,NULL,'[44]'),(176,'Jumping Rising Slash','gunlance','sever',NULL,NULL,'[35]'),(177,'Axe: Morph Slash','switch-axe','sever',NULL,NULL,'[29]'),(178,'Axe: Side Slash','switch-axe','sever',NULL,NULL,'[23]'),(179,'Axe: Forward Slash','switch-axe','sever',NULL,NULL,'[19]'),(180,'Axe: Rising Slash','switch-axe','sever',NULL,NULL,'[25]'),(181,'Axe: Overhead Slash','switch-axe','sever',NULL,NULL,'[40]'),(182,'Axe: Wild Swing','switch-axe','sever',NULL,NULL,'[21,23]'),(183,'Axe: Fade Slash','switch-axe','sever',NULL,NULL,'[23]'),(184,'Axe: Morph Sweep','switch-axe','sever',NULL,NULL,'[20,70,35]'),(185,'Axe: Jumping Slash','switch-axe','sever',NULL,NULL,'[43]'),(186,'Axe: Jumping Morph Slash','switch-axe','sever',NULL,NULL,'[35]'),(187,'Axe: Jumping Sweep','switch-axe','sever',NULL,NULL,'[74]'),(188,'Sword: Morph Slash','switch-axe','sever',NULL,NULL,'[23]'),(189,'Sword: Downward Fade Slash','switch-axe','sever',NULL,NULL,'[45]'),(190,'Sword: Overhead Slash','switch-axe','sever',NULL,NULL,'[29]'),(191,'Sword: Right Rising Slash','switch-axe','sever',NULL,NULL,'[21]'),(192,'Sword: Left Rising Slash','switch-axe','sever',NULL,NULL,'[18]'),(193,'Sword: Double Slash','switch-axe','sever',NULL,NULL,'[22,26]'),(194,'Sword: Heavensward Flurry','switch-axe','sever',NULL,NULL,'[24,32]'),(195,'Sword: Element Discharge','switch-axe','sever',NULL,NULL,'[10]'),(196,'Sword: Element Discharge (Bash )','switch-axe','sever',NULL,NULL,'[6]'),(197,'Element Discharge Finisher','switch-axe','sever',NULL,NULL,'[80]'),(198,'Element Discharge Finisher (Early release)','switch-axe','sever',NULL,NULL,'[67]'),(199,'Zero Sum Discharge (Initial hit)','switch-axe','sever',NULL,NULL,'[15]'),(200,'Zero Sum Discharge (Bash )','switch-axe','sever',NULL,NULL,'[12]'),(201,'Zero Sum Discharge Finisher','switch-axe','sever',NULL,NULL,'[96]'),(202,'Sword: Jumping Slash','switch-axe','sever',NULL,NULL,'[35]'),(203,'Sword: Jumping Element Discharge','switch-axe','sever',NULL,NULL,'[10]'),(204,'Sword: Jumping Morph Slash','switch-axe','sever',NULL,NULL,'[43]'),(205,'Sword: Jumping Rising Slash','switch-axe','sever',NULL,NULL,'[35]'),(206,'Sword: Forward Slash','charge-blade','sever',NULL,NULL,'[20]'),(207,'Sword: Weak Slash','charge-blade','sever',NULL,NULL,'[12]'),(208,'Sword: Charged Rising Slash','charge-blade','sever',NULL,NULL,'[13]'),(209,'Sword: Charged Double Slash','charge-blade','sever',NULL,NULL,'[27,18]'),(210,'Sword: Sliding Slash','charge-blade','sever',NULL,NULL,'[25]'),(211,'Sword: Return Stroke','charge-blade','sever',NULL,NULL,'[15]'),(212,'Sword: Shield Thrust','charge-blade','sever',NULL,NULL,'[12,8]'),(213,'Sword: Spinning Slash','charge-blade','sever',NULL,NULL,'[28]'),(214,'Sword: Morph Slash','charge-blade','sever',NULL,NULL,'[44]'),(215,'Sword: Condensed Element Slash','charge-blade','sever',NULL,NULL,'[75]'),(216,'Sword: Jumping Slash','charge-blade','sever',NULL,NULL,'[22]'),(217,'Sword: Jumping Morph Slash','charge-blade','sever',NULL,NULL,'[46]'),(218,'Sword: Jumping Rising Slash','charge-blade','sever',NULL,NULL,'[21]'),(219,'Axe: Smash','charge-blade','sever',NULL,NULL,'[44]'),(220,'Axe: Morph Slash','charge-blade','sever',NULL,NULL,'[28]'),(221,'Elemental Roundslash','charge-blade','sever',NULL,NULL,'[50]'),(222,'Axe: Rising Slash','charge-blade','sever',NULL,NULL,'[35]'),(223,'Axe: Overhead Slash','charge-blade','sever',NULL,NULL,'[37]'),(224,'Axe: Dash Slam','charge-blade','sever',NULL,NULL,'[45]'),(225,'Axe: ED I','charge-blade','sever',NULL,NULL,'[21]'),(226,'Axe: Rushing ED I','charge-blade','sever',NULL,NULL,'[21]'),(227,'Axe: ED II','charge-blade','sever',NULL,NULL,'[10,66]'),(228,'Axe: Amped Element Discharge','charge-blade','sever',NULL,NULL,'[90]'),(229,'Axe: Super AED (Has Phials)','charge-blade','sever',NULL,NULL,'[15,90,97]'),(230,'Axe: Super AED (No Phials)','charge-blade','sever',NULL,NULL,'[15,97]'),(231,'Axe: Jumping Slash','charge-blade','sever',NULL,NULL,'[46]'),(232,'Axe: Jumping Morph Slash','charge-blade','sever',NULL,NULL,'[22]'),(233,'Leaping Slash','insect-glaive','sever',NULL,NULL,'[26]'),(234,'Rising Slash Combo','insect-glaive','sever',NULL,NULL,'[16,14]'),(235,'Wide Sweep','insect-glaive','sever',NULL,NULL,'[22]'),(236,'Overhead Smash','insect-glaive','sever',NULL,NULL,'[30]'),(237,'Thrust','insect-glaive','sever',NULL,NULL,'[10]'),(238,'Reaping Slash','insect-glaive','sever',NULL,NULL,'[18]'),(239,'Double Slash','insect-glaive','sever',NULL,NULL,'[18,24]'),(240,'Strong Rising Slash Combo','insect-glaive','sever',NULL,NULL,'[16,14,15]'),(241,'Strong Wide Sweep','insect-glaive','sever',NULL,NULL,'[18,26]'),(242,'Tornado Slash','insect-glaive','sever',NULL,NULL,'[24,42]'),(243,'Strong Thrust','insect-glaive','sever',NULL,NULL,'[12,11]'),(244,'Strong Reaping Slash','insect-glaive','sever',NULL,NULL,'[15,19]'),(245,'Strong Double Slash','insect-glaive','sever',NULL,NULL,'[16,14,28]'),(246,'Dodge Slash','insect-glaive','sever',NULL,NULL,'[17]'),(247,'Jumping Slash','insect-glaive','sever',NULL,NULL,'[15]'),(248,'Strong Jumping Slash','insect-glaive','sever',NULL,NULL,'[10]'),(249,'Jumping Advancing Slash','insect-glaive','sever',NULL,NULL,'[28]'),(250,'Strong Jumping Advancing Slash','insect-glaive','sever',NULL,NULL,'[6,4,7,4,3,32]'),(251,'Kinsect (Mark Target)','insect-glaive','blunt',5,5,'[5]'),(252,'Kinsect: Harvest Extract','insect-glaive','blunt',NULL,NULL,'[20]'),(253,'Melee Attack','light-bowgun','blunt',30,30,'[25]'),(254,'Jumping Reload','light-bowgun','blunt',30,30,'[25]'),(255,'Wyvernblast (S)','light-bowgun','projectile',NULL,NULL,'[26]'),(256,'Wyvernblast (M)','light-bowgun','projectile',NULL,NULL,'[32]'),(257,'Wyvernblast (L)','light-bowgun','projectile',NULL,NULL,'[49]'),(258,'Normal 1','light-bowgun','projectile',NULL,NULL,'[10]'),(259,'Normal 2','light-bowgun','projectile',NULL,NULL,'[20]'),(260,'Normal 3','light-bowgun','projectile',NULL,NULL,'[32]'),(261,'Pierce 1','light-bowgun','projectile',NULL,NULL,'[7]'),(262,'Pierce 2','light-bowgun','projectile',NULL,NULL,'[7]'),(263,'Pierce 3','light-bowgun','projectile',NULL,NULL,'[8]'),(264,'Spread 1','light-bowgun','projectile',NULL,NULL,'[6]'),(265,'Spread 2','light-bowgun','projectile',NULL,NULL,'[7]'),(266,'Spread 3','light-bowgun','projectile',NULL,NULL,'[8]'),(267,'Sticky 1','light-bowgun','projectile',30,NULL,'[12]'),(268,'Sticky 2','light-bowgun','projectile',50,NULL,'[16]'),(269,'Sticky 3','light-bowgun','projectile',100,NULL,'[19]'),(270,'Sticky Projectile','light-bowgun','projectile',NULL,NULL,'[1]'),(271,'Cluster Bomb 1','light-bowgun','projectile',NULL,NULL,'[19]'),(272,'Cluster Bomb 2','light-bowgun','projectile',NULL,NULL,'[22]'),(273,'Cluster Bomb 3','light-bowgun','projectile',NULL,NULL,'[28]'),(274,'Cluster Projectile','light-bowgun','projectile',NULL,NULL,'[1]'),(275,'Recover 1','light-bowgun','projectile',NULL,NULL,'[0]'),(276,'Recover 2','light-bowgun','projectile',NULL,NULL,'[0]'),(277,'Poison 1','light-bowgun','projectile',NULL,NULL,'[1]'),(278,'Poison 2','light-bowgun','projectile',NULL,NULL,'[1]'),(279,'Paralysis 1','light-bowgun','projectile',NULL,NULL,'[1]'),(280,'Paralysis 2','light-bowgun','projectile',NULL,NULL,'[1]'),(281,'Sleep 1','light-bowgun','projectile',NULL,NULL,'[1]'),(282,'Sleep 2','light-bowgun','projectile',NULL,NULL,'[1]'),(283,'Exhaust 1','light-bowgun','projectile',20,50,'[1]'),(284,'Exhaust 2','light-bowgun','projectile',30,100,'[1]'),(285,'Flaming','light-bowgun','projectile',NULL,NULL,'[5]'),(286,'Water','light-bowgun','projectile',NULL,NULL,'[5]'),(287,'Freeze','light-bowgun','projectile',NULL,NULL,'[5]'),(288,'Thunder','light-bowgun','projectile',NULL,NULL,'[5]'),(289,'Dragon','light-bowgun','projectile',NULL,NULL,'[2]'),(290,'Slicing Projectile','light-bowgun','projectile',NULL,NULL,'[1]'),(291,'Slicing','light-bowgun','projectile',NULL,NULL,'[6]'),(292,'Wyvern (Primary)','light-bowgun','projectile',NULL,NULL,'[70]'),(293,'Wyvern (Additional)','light-bowgun','projectile',NULL,NULL,'[16]'),(294,'Demon','light-bowgun','projectile',NULL,NULL,'[0]'),(295,'Armor','light-bowgun','projectile',NULL,NULL,'[0]'),(296,'Tranq','light-bowgun','projectile',NULL,NULL,'[0]'),(297,'Normal 1','heavy-bowgun','projectile',NULL,NULL,'[10]'),(298,'Normal 2','heavy-bowgun','projectile',NULL,NULL,'[20]'),(299,'Normal 3','heavy-bowgun','projectile',NULL,NULL,'[32]'),(300,'Pierce 1','heavy-bowgun','projectile',NULL,NULL,'[7]'),(301,'Pierce 2','heavy-bowgun','projectile',NULL,NULL,'[7]'),(302,'Pierce 3','heavy-bowgun','projectile',NULL,NULL,'[8]'),(303,'Spread 1','heavy-bowgun','projectile',NULL,NULL,'[6]'),(304,'Spread 2','heavy-bowgun','projectile',NULL,NULL,'[7]'),(305,'Spread 3','heavy-bowgun','projectile',NULL,NULL,'[8]'),(306,'Sticky 1','heavy-bowgun','projectile',30,NULL,'[12]'),(307,'Sticky 2','heavy-bowgun','projectile',50,NULL,'[16]'),(308,'Sticky 3','heavy-bowgun','projectile',100,NULL,'[19]'),(309,'Sticky Projectile','heavy-bowgun','projectile',NULL,NULL,'[1]'),(310,'Cluster Bomb 1','heavy-bowgun','projectile',NULL,NULL,'[19]'),(311,'Cluster Bomb 2','heavy-bowgun','projectile',NULL,NULL,'[22]'),(312,'Cluster Bomb 3','heavy-bowgun','projectile',NULL,NULL,'[28]'),(313,'Cluster Projectile','heavy-bowgun','projectile',NULL,NULL,'[1]'),(314,'Recover 1','heavy-bowgun','projectile',NULL,NULL,'[0]'),(315,'Recover 2','heavy-bowgun','projectile',NULL,NULL,'[0]'),(316,'Poison 1','heavy-bowgun','projectile',NULL,NULL,'[1]'),(317,'Poison 2','heavy-bowgun','projectile',NULL,NULL,'[1]'),(318,'Paralysis 1','heavy-bowgun','projectile',NULL,NULL,'[1]'),(319,'Paralysis 2','heavy-bowgun','projectile',NULL,NULL,'[1]'),(320,'Sleep 1','heavy-bowgun','projectile',NULL,NULL,'[1]'),(321,'Sleep 2','heavy-bowgun','projectile',NULL,NULL,'[1]'),(322,'Exhaust 1','heavy-bowgun','projectile',20,50,'[1]'),(323,'Exhaust 2','heavy-bowgun','projectile',30,100,'[1]'),(324,'Flaming','heavy-bowgun','projectile',NULL,NULL,'[5]'),(325,'Water','heavy-bowgun','projectile',NULL,NULL,'[5]'),(326,'Freeze','heavy-bowgun','projectile',NULL,NULL,'[5]'),(327,'Thunder','heavy-bowgun','projectile',NULL,NULL,'[5]'),(328,'Dragon','heavy-bowgun','projectile',NULL,NULL,'[2]'),(329,'Slicing Projectile','heavy-bowgun','projectile',NULL,NULL,'[1]'),(330,'Slicing','heavy-bowgun','projectile',NULL,NULL,'[6]'),(331,'Wyvern (Primary)','heavy-bowgun','projectile',NULL,NULL,'[70]'),(332,'Wyvern (Additional)','heavy-bowgun','projectile',NULL,NULL,'[16]'),(333,'Demon','heavy-bowgun','projectile',NULL,NULL,'[0]'),(334,'Armor','heavy-bowgun','projectile',NULL,NULL,'[0]'),(335,'Tranq','heavy-bowgun','projectile',NULL,NULL,'[0]'),(336,'Melee Attack','heavy-bowgun','blunt',30,30,'[30]'),(337,'Jumping Reload','heavy-bowgun','blunt',30,30,'[30]'),(338,'Wyvernheart','heavy-bowgun','projectile',NULL,NULL,'[9]'),(339,'Wyvernsnipe','heavy-bowgun','projectile',NULL,NULL,'[20]'),(340,'Wyvernsnipe Explosion (S)','heavy-bowgun','blunt',20,NULL,'[38]'),(341,'Wyvernsnipe Explosion (M)','heavy-bowgun','blunt',35,NULL,'[49]'),(342,'Wyvernsnipe Explosion (L)','heavy-bowgun','blunt',55,NULL,'[81]'),(343,'Charged Shot (Lv 1)','bow','projectile',NULL,NULL,'[7]'),(344,'Charged Shot (Lv 2)','bow','projectile',NULL,NULL,'[10]'),(345,'Charged Shot (Lv 3)','bow','projectile',NULL,NULL,'[11]'),(346,'Charged Shot (Lv 4)','bow','projectile',NULL,NULL,'[12]'),(347,'Power Shot (Lv 1)','bow','projectile',NULL,NULL,'[6]'),(348,'Power Shot (Lv 2)','bow','projectile',NULL,NULL,'[9]'),(349,'Power Shot (Lv 3)','bow','projectile',NULL,NULL,'[11]'),(350,'Power Shot (Lv 4)','bow','projectile',NULL,NULL,'[13]'),(351,'Arc Shot (Lv 1)','bow','projectile',5,5,'[1]'),(352,'Arc Shot (Lv 2)','bow','projectile',5,10,'[2]'),(353,'Arc Shot (Lv 3)','bow','projectile',10,15,'[2]'),(354,'Arc Shot (Lv 4)','bow','projectile',15,20,'[2]'),(355,'Dragon Piercer (Lv 1)','bow','projectile',NULL,NULL,'[19]'),(356,'Dragon Piercer (Lv 2)','bow','projectile',NULL,NULL,'[20]'),(357,'Dragon Piercer (Lv 3)','bow','projectile',NULL,NULL,'[23]'),(358,'Quick Shot','bow','projectile',NULL,NULL,'[6]'),(359,'Lunging Melee Attack','bow','sever',NULL,NULL,'[35]'),(360,'Wall Climb Power Shot','bow','sever',NULL,NULL,'[35]'),(361,'Jumping Melee Attack','bow','sever',NULL,NULL,'[10]'),(362,'Mid-air Charged Shot (Lv 1)','bow','projectile',NULL,NULL,'[7]'),(363,'Mid-air Charged Shot (Lv 2)','bow','projectile',NULL,NULL,'[10]'),(364,'Mid-air Charged Shot (Lv 3)','bow','projectile',NULL,NULL,'[11]');
/*!40000 ALTER TABLE `motion_values` ENABLE KEYS */;
UNLOCK TABLES;

--
-- Table structure for table `skill_ranks`
--

DROP TABLE IF EXISTS `skill_ranks`;
/*!40101 SET @saved_cs_client     = @@character_set_client */;
/*!40101 SET character_set_client = utf8 */;
CREATE TABLE `skill_ranks` (
  `id` int(10) unsigned NOT NULL AUTO_INCREMENT,
  `skill_id` int(10) unsigned NOT NULL,
  `level` smallint(5) unsigned NOT NULL,
  `description` longtext COLLATE utf8_unicode_ci NOT NULL,
  `modifiers` longtext CHARACTER SET utf8mb4 COLLATE utf8mb4_bin NOT NULL,
  `slug` varchar(64) COLLATE utf8_unicode_ci NOT NULL,
  PRIMARY KEY (`id`),
  UNIQUE KEY `UNIQ_EECE3328989D9B62` (`slug`),
  UNIQUE KEY `skill_level_idx` (`skill_id`,`level`),
  KEY `IDX_EECE33285585C142` (`skill_id`),
  CONSTRAINT `FK_EECE33285585C142` FOREIGN KEY (`skill_id`) REFERENCES `skills` (`id`)
) ENGINE=InnoDB AUTO_INCREMENT=333 DEFAULT CHARSET=utf8 COLLATE=utf8_unicode_ci;
/*!40101 SET character_set_client = @saved_cs_client */;

--
-- Dumping data for table `skill_ranks`
--

LOCK TABLES `skill_ranks` WRITE;
/*!40000 ALTER TABLE `skill_ranks` DISABLE KEYS */;
INSERT INTO `skill_ranks` VALUES (1,1,1,'Reduces the duration of poison by 30%.','[]','poison-resistance-rank-1'),(2,1,2,'Reduces the duration of poison by 60%.','[]','poison-resistance-rank-2'),(3,1,3,'Prevents poison.','[]','poison-resistance-rank-3'),(4,2,1,'Reduces the duration of paralysis by 30%.','[]','paralysis-resistance-rank-1'),(5,2,2,'Reduces the duration of paralysis by 60%.','[]','paralysis-resistance-rank-2'),(6,2,3,'Prevents paralysis.','[]','paralysis-resistance-rank-3'),(7,3,1,'Reduces the duration of sleep by 30%.','[]','sleep-resistance-rank-1'),(8,3,2,'Reduces the duration of sleep by 60%.','[]','sleep-resistance-rank-2'),(9,3,3,'Prevents sleep.','[]','sleep-resistance-rank-3'),(10,4,1,'Reduces the duration of stun by 30%.','[]','stun-resistance-rank-1'),(11,4,2,'Reduces the duration of stun by 60%.','[]','stun-resistance-rank-2'),(12,4,3,'Prevents stun.','[]','stun-resistance-rank-3'),(13,5,1,'Reduces limits on movement speed and evasion.','[]','muck-resistance-rank-1'),(14,6,1,'Delays blastblight and reduces blast damage.','[]','blast-resistance-rank-1'),(15,6,2,'Greatly delays blastblight and greatly reduces blast damage.','[]','blast-resistance-rank-2'),(16,6,3,'Prevents blastblight.','[]','blast-resistance-rank-3'),(17,7,1,'Reduces damage while bleeding.','[]','bleeding-resistance-rank-1'),(18,7,2,'Greatly reduces damage while bleeding.','[]','bleeding-resistance-rank-2'),(19,7,3,'Prevents bleeding.','[]','bleeding-resistance-rank-3'),(20,8,1,'Reduces the duration of Defense Down by 30%.','[]','iron-skin-rank-1'),(21,8,2,'Reduces the duration of Defense Down by 60%.','[]','iron-skin-rank-2'),(22,8,3,'Prevents Defense Down.','[]','iron-skin-rank-3'),(23,9,1,'Slightly reduces the effects of weak monster roars.','[]','earplugs-rank-1'),(24,9,2,'Reduces the effects of weak monster roars.','[]','earplugs-rank-2'),(25,9,3,'Nullifies weak monster roars.','[]','earplugs-rank-3'),(26,9,4,'Nullifies weak monster roars and reduces the effects of strong monster roars.','[]','earplugs-rank-4'),(27,9,5,'Nullifies weak and strong monster roars.','[]','earplugs-rank-5'),(28,10,1,'Slightly reduces the effects of minor wind pressure.','[]','windproof-rank-1'),(29,10,2,'Reduces the effects of minor wind pressure.','[]','windproof-rank-2'),(30,10,3,'Negates minor wind pressure.','[]','windproof-rank-3'),(31,10,4,'Negates minor wind pressure and reduces the effects of major wind pressure.','[]','windproof-rank-4'),(32,10,5,'Negates minor and major wind pressure.','[]','windproof-rank-5'),(33,11,1,'Nullifies minor ground tremors.','[]','tremor-resistance-rank-1'),(34,11,2,'Nullifies minor ground tremors and reduces the effects of major ground tremors.','[]','tremor-resistance-rank-2'),(35,11,3,'Nullifies minor and major ground tremors.','[]','tremor-resistance-rank-3'),(36,12,1,'Makes slinger dung pods more effective at making monsters run away.','[]','dungmaster-rank-1'),(37,13,1,'Nullifies damage from effluvia and reduces damage from acids.','[]','effluvial-expert-rank-1'),(38,14,1,'Nullfies heat damage.','[]','heat-guard-rank-1'),(39,15,1,'Attack +3','{\"attack\":3}','attack-boost-rank-1'),(40,15,2,'Attack +6','{\"attack\":6}','attack-boost-rank-2'),(41,15,3,'Attack +9','{\"attack\":9}','attack-boost-rank-3'),(42,15,4,'Attack +12 Affinity +5%','{\"attack\":12,\"affinity\":5}','attack-boost-rank-4'),(43,15,5,'Attack +15 Affinity +5%','{\"attack\":15,\"affinity\":5}','attack-boost-rank-5'),(44,15,6,'Attack +18 Affinity +5%','{\"attack\":18,\"affinity\":5}','attack-boost-rank-6'),(45,15,7,'Attack +21 Affinity +5%','{\"attack\":21,\"affinity\":5}','attack-boost-rank-7'),(46,16,1,'Defense +5','{\"defense\":5}','defense-boost-rank-1'),(47,16,2,'Defense +10','{\"defense\":10}','defense-boost-rank-2'),(48,16,3,'Defense +15','{\"defense\":15}','defense-boost-rank-3'),(49,16,4,'Defense +20 All Elemental Resistances +3','{\"defense\":20,\"resistAll\":3}','defense-boost-rank-4'),(50,16,5,'Defense +25 All Elemental Resistances +3','{\"defense\":25,\"resistAll\":3}','defense-boost-rank-5'),(51,16,6,'Defense +30 All Elemental Resistances +3','{\"defense\":30,\"resistAll\":3}','defense-boost-rank-6'),(52,16,7,'Defense +35 All Elemental Resistances +3','{\"defense\":35,\"resistAll\":3}','defense-boost-rank-7'),(53,17,1,'Health +15','{\"health\":15}','health-boost-rank-1'),(54,17,2,'Health +30','{\"health\":30}','health-boost-rank-2'),(55,17,3,'Health +50','{\"health\":50}','health-boost-rank-3'),(56,18,1,'Recovery +10%','[]','recovery-up-rank-1'),(57,18,2,'Recovery +20%','[]','recovery-up-rank-2'),(58,18,3,'Recovery +30%','[]','recovery-up-rank-3'),(59,19,1,'Doubles the speed at which you heal recoverable damage.','[]','recovery-speed-rank-1'),(60,19,2,'Triples the speed at which you heal recoverable damage.','[]','recovery-speed-rank-2'),(61,19,3,'Quadruples the speed at which you heal recoverable damage.','[]','recovery-speed-rank-3'),(62,20,1,'Fire resistance +6','{\"resistFire\":6}','fire-resistance-rank-1'),(63,20,2,'Fire resistance +12','{\"resistFire\":12}','fire-resistance-rank-2'),(64,20,3,'Fire resistance +20 Defense +10','{\"defense\":10,\"resistFire\":20}','fire-resistance-rank-3'),(65,21,1,'Water resistance +6','{\"resistWater\":6}','water-resistance-rank-1'),(66,21,2,'Water resistance +12','{\"resistWater\":12}','water-resistance-rank-2'),(67,21,3,'Water resistance +20 Defense +10','{\"defense\":10,\"resistWater\":20}','water-resistance-rank-3'),(68,22,1,'Ice resistance +6','{\"resistIce\":6}','ice-resistance-rank-1'),(69,22,2,'Ice resistance +12','{\"resistIce\":12}','ice-resistance-rank-2'),(70,22,3,'Ice resistance +20 Defense +10','{\"defense\":10,\"resistIce\":20}','ice-resistance-rank-3'),(71,23,1,'Thunder resistance +6','{\"resistThunder\":6}','thunder-resistance-rank-1'),(72,23,2,'Thunder resistance +12','{\"resistThunder\":12}','thunder-resistance-rank-2'),(73,23,3,'Thunder resistance +20 Defense +10','{\"defense\":10,\"resistThunder\":20}','thunder-resistance-rank-3'),(74,24,1,'Dragon resistance +6','[]','dragon-resistance-rank-1'),(75,24,2,'Dragon resistance +12','[]','dragon-resistance-rank-2'),(76,24,3,'Dragon resistance +20 Defense +10','{\"defense\":10}','dragon-resistance-rank-3'),(77,25,1,'Reduces the duration of all elemental blights by 30%.','[]','blight-resistance-rank-1'),(78,25,2,'Reduces the duration of all elemental blights by 60%.','[]','blight-resistance-rank-2'),(79,25,3,'Nullifies all elemental blights.','[]','blight-resistance-rank-3'),(80,26,1,'Fire attack +30','{\"damageFire\":30}','fire-attack-rank-1'),(81,26,2,'Fire attack +60','{\"damageFire\":60}','fire-attack-rank-2'),(82,26,3,'Fire attack +100','{\"damageFire\":100}','fire-attack-rank-3'),(83,26,4,'Fire attack +5% Bonus: +100','{\"damageFire\":\"100+5%\"}','fire-attack-rank-4'),(84,26,5,'Fire attack +10% Bonus: +100','{\"damageFire\":\"100+10%\"}','fire-attack-rank-5'),(85,27,1,'Water attack +30','{\"damageWater\":30}','water-attack-rank-1'),(86,27,2,'Water attack +60','{\"damageWater\":60}','water-attack-rank-2'),(87,27,3,'Water attack +100','{\"damageWater\":100}','water-attack-rank-3'),(88,27,4,'Water attack +5% Bonus: +100','{\"damageWater\":\"100+5%\"}','water-attack-rank-4'),(89,27,5,'Water attack +10% Bonus: +100','{\"damageWater\":\"100+10%\"}','water-attack-rank-5'),(90,28,1,'Ice attack +30','{\"damageIce\":30}','ice-attack-rank-1'),(91,28,2,'Ice attack +60','{\"damageIce\":60}','ice-attack-rank-2'),(92,28,3,'Ice attack +100','{\"damageIce\":100}','ice-attack-rank-3'),(93,28,4,'Ice attack +5% Bonus: +100','{\"damageIce\":\"100+5%\"}','ice-attack-rank-4'),(94,28,5,'Ice attack +10% Bonus: +100','{\"damageIce\":\"100+10%\"}','ice-attack-rank-5'),(95,29,1,'Thunder attack +30','{\"damageThunder\":30}','thunder-attack-rank-1'),(96,29,2,'Thunder attack +60','{\"damageThunder\":60}','thunder-attack-rank-2'),(97,29,3,'Thunder attack +100','{\"damageThunder\":100}','thunder-attack-rank-3'),(98,29,4,'Thunder attack +5% Bonus: +100','{\"damageThunder\":\"100+5%\"}','thunder-attack-rank-4'),(99,29,5,'Thunder attack +10% Bonus: +100','{\"damageThunder\":\"100+10%\"}','thunder-attack-rank-5'),(100,30,1,'Dragon attack +30','[]','dragon-attack-rank-1'),(101,30,2,'Dragon attack +60','[]','dragon-attack-rank-2'),(102,30,3,'Dragon attack +100','[]','dragon-attack-rank-3'),(103,30,4,'Dragon attack +5% Bonus: +100','[]','dragon-attack-rank-4'),(104,30,5,'Dragon attack +10% Bonus: +100','[]','dragon-attack-rank-5'),(105,31,1,'Poison buildup +5% Bonus: +10','[]','poison-attack-rank-1'),(106,31,2,'Poison buildup +10% Bonus: +10','[]','poison-attack-rank-2'),(107,31,3,'Poison buildup +20% Bonus: +10','[]','poison-attack-rank-3'),(108,32,1,'Paralysis buildup +5% Bonus: +10','[]','paralysis-attack-rank-1'),(109,32,2,'Paralysis buildup +10% Bonus: +10','[]','paralysis-attack-rank-2'),(110,32,3,'Paralysis buildup +20% Bonus: +10','[]','paralysis-attack-rank-3'),(111,33,1,'Sleep buildup +5% Bonus: +10','[]','sleep-attack-rank-1'),(112,33,2,'Sleep buildup +10% Bonus: +10','[]','sleep-attack-rank-2'),(113,33,3,'Sleep buildup +20% Bonus: +10','[]','sleep-attack-rank-3'),(114,34,1,'Blast buildup +5% Bonus: +10','[]','blast-attack-rank-1'),(115,34,2,'Blast buildup +10% Bonus: +10','[]','blast-attack-rank-2'),(116,34,3,'Blast buildup +20% Bonus: +10','[]','blast-attack-rank-3'),(117,35,1,'Increases the power of normal ammo and normal arrows.','[]','normal-shots-rank-1'),(118,36,1,'Increases the power of piercing ammo and Dragon Piercer.','[]','piercing-shots-rank-1'),(119,37,1,'Increases the power of spread ammo and power shot arrows.','[]','spread/power-shots-rank-1'),(120,38,1,'Draws out 33% of hidden element and expands clip size for some ammo.','[]','free-elem/ammo-up-rank-1'),(121,38,2,'Draws out 66% of hidden element and expands clip size for some ammo.','[]','free-elem/ammo-up-rank-2'),(122,38,3,'Draws out 100% of hidden element and expands clip size for some ammo.','[]','free-elem/ammo-up-rank-3'),(123,39,1,'Affinity +3%','{\"affinity\":3}','critical-eye-rank-1'),(124,39,2,'Affinity +6%','{\"affinity\":6}','critical-eye-rank-2'),(125,39,3,'Affinity +10%','{\"affinity\":10}','critical-eye-rank-3'),(126,39,4,'Affinity +15%','{\"affinity\":15}','critical-eye-rank-4'),(127,39,5,'Affinity +20%','{\"affinity\":20}','critical-eye-rank-5'),(128,39,6,'Affinity +25%','{\"affinity\":25}','critical-eye-rank-6'),(129,39,7,'Affinity +30%','{\"affinity\":30}','critical-eye-rank-7'),(130,40,1,'Increases damage dealt by critical hits by 30%.','[]','critical-boost-rank-1'),(131,40,2,'Increases damage dealt by critical hits by 35%.','[]','critical-boost-rank-2'),(132,40,3,'Increases damage dealt by critical hits by 40%.','[]','critical-boost-rank-3'),(133,41,1,'Attacks that hit weak spots have 15% increased affinity.','[]','weakness-exploit-rank-1'),(134,41,2,'Attacks that hit weak spots have 30% increased affinity.','[]','weakness-exploit-rank-2'),(135,41,3,'Attacks that hit weak spots have 50% increased affinity.','[]','weakness-exploit-rank-3'),(136,42,1,'Increases gauge fill rate by 5% and reduces charge times by 5%.','[]','focus-rank-1'),(137,42,2,'Increases gauge fill rate by 10% and reduces charge times by 10%.','[]','focus-rank-2'),(138,42,3,'Increases gauge fill rate by 20% and reduces charge times by 20%.','[]','focus-rank-3'),(139,43,1,'Bonus duration +10%','[]','power-prolonger-rank-1'),(140,43,2,'Bonus duration +20%','[]','power-prolonger-rank-2'),(141,43,3,'Bonus duration +30%','[]','power-prolonger-rank-3'),(142,44,1,'Weapon sharpness +10','{\"sharpnessBonus\":10}','handicraft-rank-1'),(143,44,2,'Weapon sharpness +20','{\"sharpnessBonus\":20}','handicraft-rank-2'),(144,44,3,'Weapon sharpness +30','{\"sharpnessBonus\":30}','handicraft-rank-3'),(145,44,4,'Weapon sharpness +40','{\"sharpnessBonus\":40}','handicraft-rank-4'),(146,44,5,'Weapon sharpness +50','{\"sharpnessBonus\":50}','handicraft-rank-5'),(147,45,1,'Draw attack affinity +30%','[]','critical-draw-rank-1'),(148,45,2,'Draw attack affinity +60%','[]','critical-draw-rank-2'),(149,45,3,'Draw attack affinity +100%','[]','critical-draw-rank-3'),(150,46,1,'Part damage +10%','[]','partbreaker-rank-1'),(151,46,2,'Part damage +20%','[]','partbreaker-rank-2'),(152,46,3,'Part damage +30%','[]','partbreaker-rank-3'),(153,47,1,'Stun power +10%','[]','slugger-rank-1'),(154,47,2,'Stun power +20%','[]','slugger-rank-2'),(155,47,3,'Stun power +30%','[]','slugger-rank-3'),(156,48,1,'Exhaust power +10%','[]','stamina-thief-rank-1'),(157,48,2,'Exhaust power +20%','[]','stamina-thief-rank-2'),(158,48,3,'Exhaust power +30%','[]','stamina-thief-rank-3'),(159,49,1,'Makes it easier to mount monsters and down mounted monsters.','[]','master-mounter-rank-1'),(160,50,1,'Jumping attack power +10%','[]','airborne-rank-1'),(161,51,1,'While active, increases affinity by 10% and reduces stamina depletion by 10%.','[]','latent-power-rank-1'),(162,51,2,'While active, increases affinity by 20% and reduces stamina depletion by 10%.','[]','latent-power-rank-2'),(163,51,3,'While active, increases affinity by 30% and reduces stamina depletion by 30%.','[]','latent-power-rank-3'),(164,51,4,'While active, increases affinity by 40% and reduces stamina depletion by 30%.','[]','latent-power-rank-4'),(165,51,5,'While active, increases affinity by 50% and reduces stamina depletion by 50%.','[]','latent-power-rank-5'),(166,52,1,'While active, grants attack +4 and increases affinity by 3%.','[]','agitator-rank-1'),(167,52,2,'While active, grants attack +8 and increases affinity by 6%.','[]','agitator-rank-2'),(168,52,3,'While active, grants attack +12 and increases affinity by 9%.','[]','agitator-rank-3'),(169,52,4,'While active, grants attack +16 and increases affinity by 12%.','[]','agitator-rank-4'),(170,52,5,'While active, grants attack +20 and increases affinity by 15%.','[]','agitator-rank-5'),(171,53,1,'While active, grants attack +5.','[]','peak-performance-rank-1'),(172,53,2,'While active, grants attack +10.','[]','peak-performance-rank-2'),(173,53,3,'While active, grants attack +20.','[]','peak-performance-rank-3'),(174,54,1,'While active, increases attack power by 5% and increases defense by 15 points.','[]','heroics-rank-1'),(175,54,2,'While active, increases attack power by 10% and increases defense by 20 points.','[]','heroics-rank-2'),(176,54,3,'While active, increases attack power by 15% and increases defense by 25 points.','[]','heroics-rank-3'),(177,54,4,'While active, increases attack power by 20% and increases defense by 30 points.','[]','heroics-rank-4'),(178,54,5,'While active, increases attack power by 30% and increases defense by 40 points.','[]','heroics-rank-5'),(179,55,1,'Increases attack by 10% and defense by 15% with each use.','[]','fortify-rank-1'),(180,56,1,'While active, grants attack +5.','[]','resentment-rank-1'),(181,56,2,'While active, grants attack +10.','[]','resentment-rank-2'),(182,56,3,'While active, grants attack +15.','[]','resentment-rank-3'),(183,56,4,'While active, grants attack +20.','[]','resentment-rank-4'),(184,56,5,'While active, grants attack +25.','[]','resentment-rank-5'),(185,57,1,'While active, greatly improves evasion invulnerability time and reduces stamina depletion.','[]','resuscitate-rank-1'),(186,58,1,'Extends melody effect duration and increases health recovery.','[]','horn-maestro-rank-1'),(187,59,1,'Loading capacity +1','[]','capacity-boost-rank-1'),(188,60,1,'Increases the power of bowgun special ammo and Dragon Piercer by 10%.','[]','special-ammo-boost-rank-1'),(189,60,2,'Increases the power of bowgun special ammo and Dragon Piercer by 20%.','[]','special-ammo-boost-rank-2'),(190,61,1,'Increases power of each attack by 10% and reduces Wyvern\'s Fire cooldown by 15%.','[]','artillery-rank-1'),(191,61,2,'Increases power of each attack by 20% and reduces Wyvern\'s Fire cooldown by 30%.','[]','artillery-rank-2'),(192,61,3,'Increases power of each attack by 30% and reduces Wyvern\'s Fire cooldown by 50%.','[]','artillery-rank-3'),(193,62,1,'Firepower +10%','[]','heavy-artillery-rank-1'),(194,62,2,'Firepower +20%','[]','heavy-artillery-rank-2'),(195,63,1,'Reduces continuous stamina depletion by 15%.','[]','marathon-runner-rank-1'),(196,63,2,'Reduces continuous stamina depletion by 30%.','[]','marathon-runner-rank-2'),(197,63,3,'Reduces continuous stamina depletion by 50%.','[]','marathon-runner-rank-3'),(198,64,1,'Reduces fixed stamina depletion by 10%.','[]','constitution-rank-1'),(199,64,2,'Reduces fixed stamina depletion by 20%.','[]','constitution-rank-2'),(200,64,3,'Reduces fixed stamina depletion by 30%.','[]','constitution-rank-3'),(201,64,4,'Reduces fixed stamina depletion by 40%.','[]','constitution-rank-4'),(202,64,5,'Reduces fixed stamina depletion by 50%.','[]','constitution-rank-5'),(203,65,1,'Enables Leap of Faith.','[]','leap-of-faith-rank-1'),(204,66,1,'Stamina recovery speed +10%','[]','stamina-surge-rank-1'),(205,66,2,'Stamina recovery speed +20%','[]','stamina-surge-rank-2'),(206,66,3,'Stamina recovery speed +30%','[]','stamina-surge-rank-3'),(207,67,1,'Extends the time until your stamina cap decreases by 30%.','[]','hunger-resistance-rank-1'),(208,67,2,'Extends the time until your stamina cap decreases by 60%.','[]','hunger-resistance-rank-2'),(209,67,3,'Prevents your stamina cap from decreasing.','[]','hunger-resistance-rank-3'),(210,68,1,'Very slightly increases invulnerability window.','[]','evade-window-rank-1'),(211,68,2,'Slightly increases invulnerability window.','[]','evade-window-rank-2'),(212,68,3,'Increases invulnerability window.','[]','evade-window-rank-3'),(213,68,4,'Greatly increases invulnerability window.','[]','evade-window-rank-4'),(214,68,5,'Massively increases invulnerability window.','[]','evade-window-rank-5'),(215,69,1,'Slightly extends evasion distance.','[]','evade-extender-rank-1'),(216,69,2,'Extends evasion distance.','[]','evade-extender-rank-2'),(217,69,3,'Greatly extends evasion distance.','[]','evade-extender-rank-3'),(218,70,1,'Very slightly decreases the impact of attacks.','[]','guard-rank-1'),(219,70,2,'Slightly decreases the impact of attacks and reduces stamina depletion by 15%.','[]','guard-rank-2'),(220,70,3,'Greatly decreases the impact of attacks and redcues stamina depletion by 15%.','[]','guard-rank-3'),(221,70,4,'Greatly decreases the impact of attacks and redcues stamina depletion by 30%.','[]','guard-rank-4'),(222,70,5,'Greatly decreases the impact of attacks and redcues stamina depletion by 50%.','[]','guard-rank-5'),(223,71,1,'Slightly increases sheathing speed.','[]','quick-sheath-rank-1'),(224,71,2,'Moderately increases sheathing speed.','[]','quick-sheath-rank-2'),(225,71,3,'Greatly increases sheathing speed.','[]','quick-sheath-rank-3'),(226,72,1,'Items affect nearby allies with 33% of their efficacy.','[]','wide-range-rank-1'),(227,72,2,'Items affect nearby allies in a wider radius with 33% of their efficacy.','[]','wide-range-rank-2'),(228,72,3,'Items affect nearby allies in a wider radius with 66% of their efficacy.','[]','wide-range-rank-3'),(229,72,4,'Items affect nearby allies in a much wider radius with 66% of their efficacy.','[]','wide-range-rank-4'),(230,72,5,'Items affect nearby allies in a wider radius with full efficacy.','[]','wide-range-rank-5'),(231,73,1,'Item effect duration +10%','[]','item-prolonger-rank-1'),(232,73,2,'Item effect duration +25%','[]','item-prolonger-rank-2'),(233,73,3,'Item effect duration +50%','[]','item-prolonger-rank-3'),(234,74,1,'Activates 25% of the time.','[]','free-meal-rank-1'),(235,75,1,'Slightly increases item use speed.','[]','speed-eating-rank-1'),(236,75,2,'Moderately increases item use speed.','[]','speed-eating-rank-2'),(237,75,3,'Greatly increases item use speed.','[]','speed-eating-rank-3'),(238,76,1,'Removes one cycle from the sharpening process.','[]','speed-sharpening-rank-1'),(239,76,2,'Removes two cycles from the sharpening process.','[]','speed-sharpening-rank-2'),(240,76,3,'Removes three cycles from the sharpening process.','[]','speed-sharpening-rank-3'),(241,77,1,'Explosive power +10%','[]','bombardier-rank-1'),(242,77,2,'Explosive power +20%','[]','bombardier-rank-2'),(243,77,3,'Explosive power +30%','[]','bombardier-rank-3'),(244,78,1,'Lets you digest blue mushrooms and toadstools.','[]','mushroomancer-rank-1'),(245,78,2,'Additionally lets you digest nitroshrooms and parashrooms.','[]','mushroomancer-rank-2'),(246,78,3,'Additionally lets you digest mandragoras, devil\'s blight, and exciteshrooms.','[]','mushroomancer-rank-3'),(247,79,1,'Increases the time window for reeling in fish, and makes it easier to catch large fish.','[]','master-fisher-rank-1'),(248,80,1,'Increases movement speed while transporting and reduces downtime on landings.','[]','pro-transporter-rank-1'),(249,81,1,'Speeds up gathering and prevents knockbacks while gathering.','[]','master-gatherer-rank-1'),(250,82,1,'One extra honey per gather.','[]','honey-hunter-rank-1'),(251,83,1,'Prevents knockback while carving.','[]','carving-pro-rank-1'),(252,84,1,'While active, reduces damage taken by 15%.','[]','divine-blessing-rank-1'),(253,84,2,'While active, reduces damage taken by 30%.','[]','divine-blessing-rank-2'),(254,84,3,'While active, reduces damage taken by 50%.','[]','divine-blessing-rank-3'),(255,85,1,'Increases Palico attack power and defense by 5%.','[]','palico-rally-rank-1'),(256,85,2,'Increases Palico attack power and defense by 10%.','[]','palico-rally-rank-2'),(257,85,3,'Increases Palico attack power and defense by 15%.','[]','palico-rally-rank-3'),(258,85,4,'Increases Palico attack power and defense by 20%.','[]','palico-rally-rank-4'),(259,85,5,'Increases Palico attack power and defense by 25%.','[]','palico-rally-rank-5'),(260,86,1,'One extra consumable herb item per gather.','[]','botanist-rank-1'),(261,86,2,'One extra consumable herb, fruit, nut, or seed item per gather.','[]','botanist-rank-2'),(262,86,3,'One extra consumable herb, fruit, nut, seed, or insect item per gather.','[]','botanist-rank-3'),(263,86,4,'One extra consumable herb, fruit, nut, seed, insect or mushroom item per gather.','[]','botanist-rank-4'),(264,87,1,'Allows you to gather one extra time from bonepiles.','[]','geologist-rank-1'),(265,87,2,'Allows you to gather one extra time from bonepiles and special item gathering points.','[]','geologist-rank-2'),(266,87,3,'Allows you to gather one extra time from bonepiles, gathering points, and mining outcrops.','[]','geologist-rank-3'),(267,88,1,'While active, increases affinity by 10%.','[]','maximum-might-rank-1'),(268,88,2,'While active, increases affinity by 20%.','[]','maximum-might-rank-2'),(269,88,3,'While active, increases affinity by 30%.','[]','maximum-might-rank-3'),(270,89,1,'Increases the loading capacity for slinger ammo collected from the ground or plants.','[]','slinger-capacity-rank-1'),(271,89,2,'In addition, increases the loading capacity for some slinger ammo dropped by monsters.','[]','slinger-capacity-rank-2'),(272,89,3,'In addition, increases the loading capacity for all slinger ammo dropped by monsters.','[]','slinger-capacity-rank-3'),(273,90,1,'Makes it slightly easier for monsters to lose sight of you.','[]','stealth-rank-1'),(274,90,2,'Makes it moderately easier for monsters to lose sight of you.','[]','stealth-rank-2'),(275,90,3,'Makes it much easier for monsters to lose sight of you.','[]','stealth-rank-3'),(276,91,1,'Prevents knockbacks.','[]','flinch-free-rank-1'),(277,91,2,'Prevents standard knockbacks. Tripping is reduced to a knockback instead.','[]','flinch-free-rank-2'),(278,91,3,'Prevents knockbacks and tripping.','[]','flinch-free-rank-3'),(279,92,1,'Expands your scoutflies\' detection range.','[]','scoutfly-range-up-rank-1'),(280,93,1,'Increases movement speed while crouching.','[]','speed-crawler-rank-1'),(281,94,1,'Negates knockback during jumps.','[]','jump-master-rank-1'),(282,95,1,'Sporepuffs restore 20 health.','[]','sporepuff-expert-rank-1'),(283,95,2,'Sporepuffs restore 35 health.','[]','sporepuff-expert-rank-2'),(284,95,3,'Sporepuffs restore 60 health.','[]','sporepuff-expert-rank-3'),(285,96,1,'Prevents water from slowing movement.','[]','aquatic-expert-rank-1'),(286,96,2,'Prevents water from slowing movement and improves evasion while in water.','[]','aquatic-expert-rank-2'),(287,96,3,'Prevents water from slowing movement and greatly improves evasion while in water.','[]','aquatic-expert-rank-3'),(288,97,1,'Reduces stamina depletion while climbing by 25%.','[]','cliffhanger-rank-1'),(289,98,1,'Increases the success rate of flash effects.','[]','blindsider-rank-1'),(290,99,1,'Speeds up progress on research levels and special investigations.','[]','scholar-rank-1'),(291,100,1,'Increases the chances of a corpse being left behind.','[]','entomologist-rank-1'),(292,100,2,'Greatly increases the chances of a corpse being left behind.','[]','entomologist-rank-2'),(293,100,3,'Makes it so corpses will always be left behind.','[]','entomologist-rank-3'),(294,101,1,'Reduces effluvial buildup.','[]','effluvia-resistance-rank-1'),(295,101,2,'Greatly reduces effluvial buildup.','[]','effluvia-resistance-rank-2'),(296,101,3,'Prevents effluvial buildup.','[]','effluvia-resistance-rank-3'),(297,102,1,'Increases gauge fill rate by 50%.','[]','scenthound-rank-1'),(298,103,1,'Increases the likelihood of rare gathering points respawning.','[]','foragers-luck-rank-1'),(299,104,1,'Marks rare sites on the wildlife map.','[]','detector-rank-1'),(300,105,1,'Makes it easier to cook well-done steaks.','[]','bbq-master-rank-1'),(301,106,1,'Shortens time until reuse by 5%.','[]','tool-specialist-rank-1'),(302,106,2,'Shortens time until reuse by 10%.','[]','tool-specialist-rank-2'),(303,106,3,'Shortens time until reuse by 20%.','[]','tool-specialist-rank-3'),(304,107,1,'Increases affinity by 30% for a short time after sliding.','[]','affinity-sliding-rank-1'),(305,108,1,'Discourages monsters from engaging you even if you\'ve been spotted.','[]','intimidator-rank-1'),(306,108,2,'Highly discourages monsters from engaging you even if you\'ve been spotted.','[]','intimidator-rank-2'),(307,108,3,'Prevents monsters from engaging you even if you\'ve been spotted.','[]','intimidator-rank-3'),(308,109,1,'Regenerates your health as you continually attack a monster. Recovery varies by weapon.','[]','hasten-recovery-rank-1'),(309,110,1,'Allows recovery to exceed the red portion of the health gauge.','[]','super-recovery-rank-1'),(310,111,1,'Extends the duration of your poison\'s effect on monsters.','[]','poison-duration-up-rank-1'),(311,112,1,'Temporarily reduces stamina depletion when health is at 40% or lower.','[]','adrenaline-rank-1'),(312,113,1,'Increases stamina cap.','[]','stamina-cap-up-rank-1'),(313,114,1,'Increases elemental damage (fire, water, thunder, ice, dragon) when landing critical hits.','[]','critical-element-rank-1'),(314,115,1,'Prevents attacks from being deflected. Also shortens the distance before ammo and arrows reach maximum power.','[]','minds-eye/ballistics-rank-1'),(315,116,1,'Raises attack as your weapon loses sharpness. Also boosts ranged weapon melee attacks and odds of stunning.','[]','bludgeoner-rank-1'),(316,117,1,'Powers up non-elemental weapons you have equipped.','[]','non-elemental-boost-rank-1'),(317,118,1,'High chance of increased capture rewards. (No effect when joining mid-quest.)','[]','capture-master-rank-1'),(318,119,1,'Allows you to guard against ordinarily unblockable attacks.','[]','guard-up-rank-1'),(319,120,1,'Above a certain health threshold, you withstand an attack that would normally cart you (once only).','[]','guts-rank-1'),(320,121,1,'Prevents your weapon from losing sharpness during critical hits.','[]','masters-touch-rank-1'),(321,122,1,'Negates all wind pressure.','[]','nullify-wind-pressure-rank-1'),(322,123,1,'Halves sharpness loss. For bows and bowguns, shots have a chance not to expend coatings or ammo.','[]','razor-sharp/spare-shot-rank-1'),(323,124,1,'Increases abnormal status effect damage (paralysis, poison, sleep, blast) when landing critical hits.','[]','critical-status-rank-1'),(324,125,1,'Good chance of increased quest rewards. (No effect when joining mid-quest.)','[]','good-luck-rank-1'),(325,126,1,'Increases max bow charge level by one.','[]','bow-charge-plus-rank-1'),(326,127,1,'Adds a stun effect to draw attacks and slightly increases attack power.','[]','punishing-draw-rank-1'),(327,128,1,'Weapon sharpness does not decrease for a set time after sharpening.','[]','protective-polish-rank-1'),(328,129,1,'Lets you use poison coating.','[]','poison-functionality-rank-1'),(329,130,1,'Lets you use paralysis coating.','[]','para-functionality-rank-1'),(330,131,1,'Lets you use sleep coating.','[]','sleep-functionality-rank-1'),(331,132,1,'Lets you use blast coating.','[]','blast-functionality-rank-1'),(332,133,1,'Boosts Elderseal one level.','[]','elderseal-boost-rank-1');
/*!40000 ALTER TABLE `skill_ranks` ENABLE KEYS */;
UNLOCK TABLES;

--
-- Table structure for table `skills`
--

DROP TABLE IF EXISTS `skills`;
/*!40101 SET @saved_cs_client     = @@character_set_client */;
/*!40101 SET character_set_client = utf8 */;
CREATE TABLE `skills` (
  `id` int(10) unsigned NOT NULL AUTO_INCREMENT,
  `name` varchar(64) COLLATE utf8_unicode_ci NOT NULL,
  `slug` varchar(64) COLLATE utf8_unicode_ci NOT NULL,
  `description` longtext COLLATE utf8_unicode_ci NOT NULL,
  `ranks_length` int(10) unsigned NOT NULL DEFAULT 0,
  PRIMARY KEY (`id`),
  UNIQUE KEY `UNIQ_D53116705E237E06` (`name`),
  UNIQUE KEY `UNIQ_D5311670989D9B62` (`slug`)
) ENGINE=InnoDB AUTO_INCREMENT=134 DEFAULT CHARSET=utf8 COLLATE=utf8_unicode_ci;
/*!40101 SET character_set_client = @saved_cs_client */;

--
-- Dumping data for table `skills`
--

LOCK TABLES `skills` WRITE;
/*!40000 ALTER TABLE `skills` DISABLE KEYS */;
INSERT INTO `skills` VALUES (1,'Poison Resistance','poison-resistance','Grants protection against the effects of poison.',3),(2,'Paralysis Resistance','paralysis-resistance','Reduces the duration of paralysis.',3),(3,'Sleep Resistance','sleep-resistance','Reduces the duration of sleep.',3),(4,'Stun Resistance','stun-resistance','Reduces stun duration.',3),(5,'Muck Resistance','muck-resistance','Reduces impairments to mobility while stuck in monster muck.',1),(6,'Blast Resistance','blast-resistance','Grants protection against blastblight.',3),(7,'Bleeding Resistance','bleeding-resistance','Grants protection against bleeding.',3),(8,'Iron Skin','iron-skin','Grants protection against Defense Down.',3),(9,'Earplugs','earplugs','Grants protection from large monsters\' roars.',5),(10,'Windproof','windproof','Grants protection against wind pressure.',5),(11,'Tremor Resistance','tremor-resistance','Grants protection against ground tremors.',3),(12,'Dungmaster','dungmaster','Makes monsters hit with slinger dung pods more likely to run.',1),(13,'Effluvial Expert','effluvial-expert','Nullifies or reduces environmental damage in the Rotten Vale.',1),(14,'Heat Guard','heat-guard','Nullifies damage from heat.',1),(15,'Attack Boost','attack-boost','Increases attack power. Also improves affinity at higher levels.',7),(16,'Defense Boost','defense-boost','Increases defense. Level up to improve resistances as well.',7),(17,'Health Boost','health-boost','Increases health.',3),(18,'Recovery Up','recovery-up','Increases the amount recovered when restoring health.',3),(19,'Recovery Speed','recovery-speed','Speeds healing of recoverable damage (the red portion of the health gauge).',3),(20,'Fire Resistance','fire-resistance','Increases fire resistance. Also improves defense at higher levels.',3),(21,'Water Resistance','water-resistance','Increases water resistance. Also improves defense at higher levels.',3),(22,'Ice Resistance','ice-resistance','Increases ice resistance. Also improves defense at higher levels.',3),(23,'Thunder Resistance','thunder-resistance','Increases thunder resistance. Also improves defense at higher levels.',3),(24,'Dragon Resistance','dragon-resistance','Increases dragon resistance. Also improves defense at higher levels.',3),(25,'Blight Resistance','blight-resistance','Grants protection against all elemental blights.',3),(26,'Fire Attack','fire-attack','Increases fire element attack power. (Elemental attack power has a maximum limit.)',5),(27,'Water Attack','water-attack','Increases water element attack power. (Elemental attack power has a maximum limit.)',5),(28,'Ice Attack','ice-attack','Increases ice element attack power. (Elemental attack power has as maximum limit.)',5),(29,'Thunder Attack','thunder-attack','Increases thunder element attack power. (Elemental attack power has a maximum limit.)',5),(30,'Dragon Attack','dragon-attack','Increases dragon element attack power. (Elemental attack power has a maximum limit.)',5),(31,'Poison Attack','poison-attack','Increases the rate of poison buildup. (Elemental buildup has a maximum limit.)',3),(32,'Paralysis Attack','paralysis-attack','Increases the rate of paralysis buildup. (Elemental buildup has a maximum limit.)',3),(33,'Sleep Attack','sleep-attack','Increases the rate of sleep buildup. (Elemental buildup has maximum limit.)',3),(34,'Blast Attack','blast-attack','Increases the rate of the blast buildup. (Elemental buildup has a maximum limit.)',3),(35,'Normal Shots','normal-shots','Increases the attack power of normal ammo and normal arrows.',1),(36,'Piercing Shots','piercing-shots','Increases the attack power of piercing ammo and Dragon Piercer.',1),(37,'Spread/Power Shots','spread/power-shots','Increases the attack power of spread ammo and power shot arrows.',1),(38,'Free Elem/Ammo Up','free-elem/ammo-up','Unlocks your weapon\'s hidden element. Also increases bowgun loading capacity. (There is a cap to loading capacity.)',3),(39,'Critical Eye','critical-eye','Increases affinity.',7),(40,'Critical Boost','critical-boost','Increases the damage of critical hits.',3),(41,'Weakness Exploit','weakness-exploit','Increases the affinity of attacks that exploit a monster weak spot.',3),(42,'Focus','focus','Increases the fill rate for weapons with gauges and the charge rate for weapons with charge attacks.',3),(43,'Power Prolonger','power-prolonger','Allows long swords, dual blades, insect glaives, switch axes, and charge blades to stay powered up longer.',3),(44,'Handicraft','handicraft','Extends the weapon sharpness gauage. However, it will not increase the gauge past its maximum.',5),(45,'Critical Draw','critical-draw','Increases affinity when performing draw attacks.',3),(46,'Partbreaker','partbreaker','Makes it easier to break or sever parts of large monsters.',3),(47,'Slugger','slugger','Makes it easier to stun monsters.',3),(48,'Stamina Thief','stamina-thief','Increases certain attacks\' ability to exhaust monsters.',3),(49,'Master Mounter','master-mounter','Makes it easier to mount monsters.',1),(50,'Airborne','airborne','Increases the damage caused by jumping attacks.',1),(51,'Latent Power','latent-power','Temporarily increases affinity and reduces stamina depletion when certain conditions are met.',5),(52,'Agitator','agitator','Increases attack power and affinity when large monsters become enraged.',5),(53,'Peak Performance','peak-performance','Increases attack when your health is full.',3),(54,'Heroics','heroics','Increases attack power and defense when health drops to 35% or lower.',5),(55,'Fortify','fortify','Increases your attack and defense every time you fall in battle. (This effect can stack twice.)',1),(56,'Resentment','resentment','Increases attack when you have recoverable damage (the red portion of your health gauge).',5),(57,'Resuscitate','resuscitate','Improves evasion and reduces stamina depletion when afflicted with abnormal status effects.',1),(58,'Horn Maestro','horn-maestro','Increases the effect duration of hunting horn melodies.',1),(59,'Capacity Boost','capacity-boost','Increases the gunlance\'s shell capacity and charge blade\'s phial capacity.',1),(60,'Special Ammo Boost','special-ammo-boost','Increases the power of bowgun special ammo and Dragon Piercer.',2),(61,'Artillery','artillery','Strengthens explosive attacks like gunlance shells, Wyvern\'s Fire, charge blade phial attacks, and sticky ammo.',3),(62,'Heavy Artillery','heavy-artillery','Increases the firepower of ballistae and cannons.',2),(63,'Marathon Runner','marathon-runner','Slows down stamina depletion for actions which continuously drain stamina (such as dashing).',3),(64,'Constitution','constitution','Reduces stamina depletion when performing stamina-draining moves such as evading, etc.',5),(65,'Leap of Faith','leap-of-faith','Allows you to do a dive-evade when facing towards large monsters, and extends the dive-evade distance.',1),(66,'Stamina Surge','stamina-surge','Speeds up stamina recovery.',3),(67,'Hunger Resistance','hunger-resistance','Reduces maximum stamina depletion over time.',3),(68,'Evade Window','evade-window','Extends the invulnerability period when evading.',5),(69,'Evade Extender','evade-extender','Increases evade distance.',3),(70,'Guard','guard','Reduces knockbacks and stamina depletion when guarding.',5),(71,'Quick Sheath','quick-sheath','Speeds up weapon sheathing.',3),(72,'Wide-Range','wide-range','Allows the effects of certain items to also affect nearby allies.',5),(73,'Item Prolonger','item-prolonger','Extends the duration of some item effects.',3),(74,'Free Meal','free-meal','Gives you a predetermined chance of consuming a food or drink item for free.',1),(75,'Speed Eating','speed-eating','Increases meat-eating and item-consumption speed.',3),(76,'Speed Sharpening','speed-sharpening','Speeds up weapon sharpening when using a whetstone.',3),(77,'Bombardier','bombardier','Increases the damage of explosive items.',3),(78,'Mushroomancer','mushroomancer','Lets you digest mushrooms that would otherwise be inedible and gain their advantageous effects.',3),(79,'Master Fisher','master-fisher','Improves your skill at fishing.',1),(80,'Pro Transporter','pro-transporter','Increases your speed while transporting items and decreases the likelihood of dropping them.',1),(81,'Master Gatherer','master-gatherer','Allows you to gather more quickly, and also prevents attacks from knocking you back while gathering.',1),(82,'Honey Hunter','honey-hunter','Increases the quantity of honey you receive when gathering in the field.',1),(83,'Carving Pro','carving-pro','Prevents knockback from attacks while carving.',1),(84,'Divine Blessing','divine-blessing','Has a predetermined chance of reducing the damage you take.',3),(85,'Palico Rally','palico-rally','Powers up Palicoes.',5),(86,'Botanist','botanist','Increases the quantity of herbs and other consumable items you gather.',4),(87,'Geologist','geologist','Increases the number of times you can use a gathering point.',3),(88,'Maximum Might','maximum-might','Increases affinity when stamina is full.',3),(89,'Slinger Capacity','slinger-capacity','Increases the loading capacity for slinger ammo obtained in the field.',3),(90,'Stealth','stealth','Makes it easier for monsters to lose sight of you.',3),(91,'Flinch Free','flinch-free','Prevents knockbacks and other reactions to small damage.',3),(92,'Scoutfly Range Up','scoutfly-range-up','Expands your scoutflies\' detection range.',1),(93,'Speed Crawler','speed-crawler','Increases movement speed while crouching.',1),(94,'Jump Master','jump-master','Prevents attacks from knocking you back during a jump.',1),(95,'Sporepuff Expert','sporepuff-expert','Recover health when using sporepuffs.',3),(96,'Aquatic Expert','aquatic-expert','Improves mobility in water.',3),(97,'Cliffhanger','cliffhanger','Decreases stamina depletion when evading while clinging to walls or ivy.',1),(98,'Blindsider','blindsider','Improves the effectiveness of flash attacks and items.',1),(99,'Scholar','scholar','Speeds up progress on research levels and special investigations. (Effect is applied at the quest results screen.)',1),(100,'Entomologist','entomologist','Decreases the chances of destroying the bodies of small insect monsters, allowing them to be carved.',3),(101,'Effluvia Resistance','effluvia-resistance','Gain a resistance to effluvial buildup.',3),(102,'Scenthound','scenthound','Increases your scoutflies\' gauge fill rate when you find tracks and other traces left by monsters.',1),(103,'Forager\'s Luck','foragers-luck','Increases the chance of finding rare gathering points.',1),(104,'Detector','detector','Shows rare gathering points on the Wildlife Map.',1),(105,'BBQ Master','bbq-master','Improves your skill at cooking meat.',1),(106,'Tool Specialist','tool-specialist','Reduces the recharge time for specialized tools.',3),(107,'Affinity Sliding','affinity-sliding','Sliding increases your affinity for a short time.',1),(108,'Intimidator','intimidator','Reduces the chances small monsters will attack after spotting you. (No effect on certain monsters.)',3),(109,'Hasten Recovery','hasten-recovery','Regenerates your health as you continually attack a monster. Recovery varies by weapon.',1),(110,'Super Recovery','super-recovery','Allows recovery to exceed the red portion of the health gauge.',1),(111,'Poison Duration Up','poison-duration-up','Extends the duration of your poison\'s effect on monsters.',1),(112,'Adrenaline','adrenaline','Temporarily reduces stamina depletion when health is at 40% or lower.',1),(113,'Stamina Cap Up','stamina-cap-up','Increases stamina cap.',1),(114,'Critical Element','critical-element','Increases elemental damage (fire, water, thunder, ice, dragon) when landing critical hits.',1),(115,'Mind\'s Eye/Ballistics','minds-eye/ballistics','Prevents attacks from being deflected. Also shortens the distance before ammo and arrows reach maximum power.',1),(116,'Bludgeoner','bludgeoner','Raises attack as your weapon loses sharpness. Also boosts ranged weapon melee attacks and odds of stunning.',1),(117,'Non-elemental Boost','non-elemental-boost','Powers up non-elemental weapons you have equipped.',1),(118,'Capture Master','capture-master','High chance of increased capture rewards. (No effect when joining mid-quest.)',1),(119,'Guard Up','guard-up','Allows you to guard against ordinarily unblockable attacks.',1),(120,'Guts','guts','Above a certain health threshold, you withstand an attack that would normally cart you (once only).',1),(121,'Master\'s Touch','masters-touch','Prevents your weapon from losing sharpness during critical hits.',1),(122,'Nullify Wind Pressure','nullify-wind-pressure','Negates all wind pressure.',1),(123,'Razor Sharp/Spare Shot','razor-sharp/spare-shot','Halves sharpness loss. For bows and bowguns, shots have a chance not to expend coatings or ammo.',1),(124,'Critical Status','critical-status','Increases abnormal status effect damage (paralysis, poison, sleep, blast) when landing critical hits.',1),(125,'Good Luck','good-luck','Good chance of increased quest rewards. (No effect when joining mid-quest.)',1),(126,'Bow Charge Plus','bow-charge-plus','Increases max bow charge level by one.',1),(127,'Punishing Draw','punishing-draw','Adds a stun effect to draw attacks and slightly increases attack power.',1),(128,'Protective Polish','protective-polish','Weapon sharpness does not decrease for a set time after sharpening.',1),(129,'Poison Functionality','poison-functionality','Allows you to apply poison coatings.',1),(130,'Para Functionality','para-functionality','Allows you to apply paralysis coatings.',1),(131,'Sleep Functionality','sleep-functionality','Allows you to apply sleep coatings.',1),(132,'Blast Functionality','blast-functionality','Allows you to apply blast coatings.',1),(133,'Elderseal Boost','elderseal-boost','Increases the Elderseal of weapons and dragon ammo.',1);
/*!40000 ALTER TABLE `skills` ENABLE KEYS */;
UNLOCK TABLES;

--
-- Table structure for table `slots`
--

DROP TABLE IF EXISTS `slots`;
/*!40101 SET @saved_cs_client     = @@character_set_client */;
/*!40101 SET character_set_client = utf8 */;
CREATE TABLE `slots` (
  `id` int(10) unsigned NOT NULL AUTO_INCREMENT,
  `rank` smallint(5) unsigned NOT NULL,
  PRIMARY KEY (`id`)
) ENGINE=InnoDB AUTO_INCREMENT=6272 DEFAULT CHARSET=utf8mb4 COLLATE=utf8mb4_unicode_ci;
/*!40101 SET character_set_client = @saved_cs_client */;

--
-- Dumping data for table `slots`
--

LOCK TABLES `slots` WRITE;
/*!40000 ALTER TABLE `slots` DISABLE KEYS */;
INSERT INTO `slots` VALUES (3838,1),(3839,1),(3840,1),(3841,1),(3842,1),(3843,1),(3844,1),(3845,1),(3846,1),(3847,1),(3848,1),(3849,1),(3850,1),(3851,1),(3852,1),(3853,1),(3854,1),(3855,1),(3856,1),(3857,1),(3858,1),(3859,1),(3860,1),(3861,1),(3862,1),(3863,1),(3864,1),(3865,1),(3866,1),(3867,1),(3868,2),(3869,1),(3870,2),(3871,1),(3872,2),(3873,1),(3874,1),(3875,1),(3876,2),(3877,1),(3878,2),(3879,1),(3880,2),(3881,1),(3882,1),(3883,1),(3884,1),(3885,1),(3886,1),(3887,1),(3888,1),(3889,1),(3890,1),(3891,1),(3892,1),(3893,1),(3894,1),(3895,1),(3896,1),(3897,1),(3898,1),(3899,1),(3900,1),(3901,1),(3902,1),(3903,2),(3904,2),(3905,1),(3906,1),(3907,1),(3908,1),(3909,1),(3910,2),(3911,1),(3912,1),(3913,1),(3914,1),(3915,1),(3916,1),(3917,1),(3918,1),(3919,1),(3920,1),(3921,1),(3922,1),(3923,2),(3924,1),(3925,1),(3926,1),(3927,2),(3928,1),(3929,1),(3930,2),(3931,1),(3932,1),(3933,1),(3934,2),(3935,1),(3936,1),(3937,1),(3938,1),(3939,1),(3940,2),(3941,2),(3942,2),(3943,2),(3944,1),(3945,1),(3946,1),(3947,1),(3948,2),(3949,1),(3950,1),(3951,1),(3952,1),(3953,1),(3954,1),(3955,1),(3956,1),(3957,1),(3958,1),(3959,2),(3960,1),(3961,1),(3962,2),(3963,1),(3964,2),(3965,2),(3966,1),(3967,1),(3968,2),(3969,1),(3970,1),(3971,1),(3972,1),(3973,1),(3974,1),(3975,1),(3976,1),(3977,1),(3978,2),(3979,1),(3980,2),(3981,2),(3982,2),(3983,2),(3984,1),(3985,1),(3986,1),(3987,1),(3988,1),(3989,1),(3990,3),(3991,2),(3992,2),(3993,1),(3994,1),(3995,2),(3996,2),(3997,1),(3998,1),(3999,3),(4000,1),(4001,2),(4002,1),(4003,1),(4004,1),(4005,1),(4006,1),(4007,3),(4008,1),(4009,2),(4010,1),(4011,1),(4012,3),(4013,2),(4014,3),(4015,2),(4016,1),(4017,1),(4018,2),(4019,1),(4020,1),(4021,1),(4022,1),(4023,2),(4024,3),(4025,1),(4026,1),(4027,1),(4028,1),(4029,2),(4030,2),(4031,3),(4032,1),(4033,2),(4034,2),(4035,2),(4036,2),(4037,1),(4038,1),(4039,1),(4040,1),(4041,1),(4042,3),(4043,2),(4044,1),(4045,2),(4046,1),(4047,2),(4048,2),(4049,3),(4050,1),(4051,1),(4052,1),(4053,1),(4054,1),(4055,3),(4056,1),(4057,3),(4058,2),(4059,2),(4060,1),(4061,3),(4062,2),(4063,1),(4064,1),(4065,3),(4066,1),(4067,1),(4068,1),(4069,3),(4070,3),(4071,3),(4072,1),(4073,1),(4074,1),(4075,1),(4076,3),(4077,1),(4078,1),(4079,1),(4080,1),(4081,1),(4082,1),(4083,1),(4084,3),(4085,1),(4086,2),(4087,1),(4088,3),(4089,1),(4090,1),(4091,3),(4092,1),(4093,2),(4094,1),(4095,3),(4096,3),(4097,1),(4098,1),(4099,1),(4100,1),(4101,1),(4102,1),(4103,2),(4104,1),(4105,1),(4106,1),(4107,1),(4108,1),(4109,2),(4110,1),(4111,1),(4112,2),(4113,2),(4114,1),(4115,2),(4116,1),(4117,1),(4118,3),(4119,2),(4120,1),(4121,1),(4122,1),(4123,1),(4124,2),(4125,3),(4126,1),(4127,1),(4128,3),(4129,1),(4130,1),(4131,1),(4132,1),(4133,1),(4134,1),(4135,1),(4136,1),(4137,1),(4138,1),(4139,1),(4140,1),(4141,1),(4142,1),(4143,1),(4144,1),(4145,1),(4146,1),(4147,1),(4148,1),(4149,1),(4150,1),(4151,1),(4152,1),(4153,1),(4154,1),(4155,3),(4156,1),(4157,2),(4158,1),(4159,1),(4160,3),(4161,2),(4162,1),(4163,1),(4164,1),(4165,1),(4166,1),(4167,1),(4168,1),(4169,1),(4170,1),(4171,1),(4172,1),(4173,3),(4174,3),(4175,1),(4176,1),(4177,1),(4178,3),(4179,3),(4180,1),(4181,1),(4182,1),(4183,2),(4184,1),(4185,2),(4186,2),(4187,2),(4188,1),(4189,2),(4190,1),(4191,3),(4192,1),(4193,3),(4194,2),(4195,3),(4196,1),(4197,1),(4198,1),(4199,1),(4200,1),(4201,1),(4202,1),(4203,1),(4204,2),(4205,1),(4206,3),(4207,1),(4208,3),(4209,1),(4210,3),(4211,1),(4212,2),(4213,1),(4214,1),(4215,1),(4216,1),(4217,1),(4218,1),(4219,1),(4220,1),(4221,1),(4222,1),(4223,1),(4224,2),(4225,1),(4226,1),(4227,1),(4228,1),(4229,3),(4230,1),(4231,1),(4232,1),(5629,1),(5630,1),(5631,1),(5632,1),(5633,1),(5634,2),(5635,2),(5636,2),(5637,1),(5638,2),(5639,3),(5640,1),(5641,1),(5642,2),(5643,2),(5644,3),(5645,3),(5646,2),(5647,1),(5648,2),(5649,2),(5650,1),(5651,1),(5652,1),(5653,1),(5654,2),(5655,1),(5656,1),(5657,1),(5658,1),(5659,2),(5660,2),(5661,3),(5662,2),(5663,2),(5664,2),(5665,2),(5666,2),(5667,1),(5668,1),(5669,1),(5670,2),(5671,1),(5672,2),(5673,1),(5674,1),(5675,2),(5676,2),(5677,3),(5678,3),(5679,2),(5680,3),(5681,3),(5682,1),(5683,1),(5684,1),(5685,1),(5686,1),(5687,1),(5688,1),(5689,1),(5690,2),(5691,3),(5692,3),(5693,3),(5694,3),(5695,1),(5696,1),(5697,1),(5698,1),(5699,1),(5700,1),(5701,1),(5702,2),(5703,3),(5704,1),(5705,1),(5706,1),(5707,1),(5708,1),(5709,2),(5710,3),(5711,2),(5712,2),(5713,1),(5714,1),(5715,1),(5716,2),(5717,2),(5718,2),(5719,2),(5720,1),(5721,2),(5722,3),(5723,3),(5724,3),(5725,3),(5726,1),(5727,1),(5728,1),(5729,1),(5730,1),(5731,1),(5732,1),(5733,1),(5734,1),(5735,2),(5736,3),(5737,2),(5738,2),(5739,2),(5740,1),(5741,1),(5742,1),(5743,1),(5744,1),(5745,1),(5746,1),(5747,1),(5748,2),(5749,1),(5750,2),(5751,1),(5752,2),(5753,1),(5754,2),(5755,1),(5756,2),(5757,1),(5758,2),(5759,2),(5760,3),(5761,2),(5762,1),(5763,2),(5764,2),(5765,3),(5766,2),(5767,2),(5768,2),(5769,2),(5770,1),(5771,1),(5772,1),(5773,1),(5774,1),(5775,1),(5776,3),(5777,3),(5778,1),(5779,1),(5780,1),(5781,1),(5782,1),(5783,1),(5784,1),(5785,2),(5786,1),(5787,3),(5788,1),(5789,2),(5790,2),(5791,2),(5792,2),(5793,3),(5794,2),(5795,2),(5796,3),(5797,2),(5798,2),(5799,2),(5800,1),(5801,1),(5802,2),(5803,2),(5804,1),(5805,2),(5806,2),(5807,2),(5808,2),(5809,2),(5810,1),(5811,1),(5812,1),(5813,2),(5814,1),(5815,1),(5816,2),(5817,2),(5818,3),(5819,3),(5820,2),(5821,1),(5822,1),(5823,1),(5824,1),(5825,1),(5826,1),(5827,2),(5828,3),(5829,2),(5830,2),(5831,2),(5832,1),(5833,1),(5834,2),(5835,2),(5836,2),(5837,2),(5838,2),(5839,2),(5840,2),(5841,2),(5842,3),(5843,2),(5844,3),(5845,3),(5846,1),(5847,2),(5848,2),(5849,1),(5850,1),(5851,1),(5852,2),(5853,1),(5854,2),(5855,2),(5856,2),(5857,3),(5858,3),(5859,2),(5860,2),(5861,3),(5862,3),(5863,3),(5864,1),(5865,1),(5866,1),(5867,1),(5868,1),(5869,1),(5870,3),(5871,3),(5872,3),(5873,2),(5874,2),(5875,2),(5876,2),(5877,2),(5878,2),(5879,2),(5880,2),(5881,2),(5882,3),(5883,2),(5884,1),(5885,1),(5886,1),(5887,1),(5888,2),(5889,1),(5890,1),(5891,1),(5892,2),(5893,1),(5894,2),(5895,2),(5896,3),(5897,1),(5898,2),(5899,2),(5900,1),(5901,1),(5902,1),(5903,1),(5904,1),(5905,1),(5906,1),(5907,1),(5908,3),(5909,3),(5910,1),(5911,1),(5912,1),(5913,1),(5914,1),(5915,1),(5916,2),(5917,2),(5918,2),(5919,2),(5920,2),(5921,2),(5922,2),(5923,1),(5924,1),(5925,2),(5926,1),(5927,2),(5928,1),(5929,1),(5930,1),(5931,1),(5932,1),(5933,2),(5934,2),(5935,3),(5936,2),(5937,2),(5938,3),(5939,3),(5940,3),(5941,1),(5942,1),(5943,1),(5944,2),(5945,1),(5946,2),(5947,2),(5948,2),(5949,1),(5950,2),(5951,3),(5952,3),(5953,2),(5954,2),(5955,3),(5956,1),(5957,1),(5958,1),(5959,1),(5960,1),(5961,2),(5962,1),(5963,1),(5964,1),(5965,1),(5966,1),(5967,1),(5968,1),(5969,1),(5970,1),(5971,1),(5972,1),(5973,2),(5974,1),(5975,3),(5976,1),(5977,2),(5978,1),(5979,2),(5980,2),(5981,3),(5982,2),(5983,1),(5984,2),(5985,1),(5986,1),(5987,3),(5988,3),(5989,3),(5990,3),(5991,1),(5992,1),(5993,1),(5994,1),(5995,1),(5996,1),(5997,1),(5998,2),(5999,1),(6000,2),(6001,1),(6002,1),(6003,2),(6004,2),(6005,1),(6006,3),(6007,2),(6008,1),(6009,1),(6010,1),(6011,1),(6012,2),(6013,2),(6014,2),(6015,2),(6016,1),(6017,1),(6018,1),(6019,1),(6020,2),(6021,3),(6022,1),(6023,1),(6024,1),(6025,2),(6026,1),(6027,1),(6028,1),(6029,1),(6030,1),(6031,1),(6032,1),(6033,3),(6034,3),(6035,1),(6036,1),(6037,1),(6038,1),(6039,1),(6040,1),(6041,1),(6042,1),(6043,1),(6044,1),(6045,1),(6046,1),(6047,1),(6048,1),(6049,2),(6050,2),(6051,2),(6052,2),(6053,2),(6054,2),(6055,2),(6056,2),(6057,2),(6058,2),(6059,2),(6060,3),(6061,2),(6062,1),(6063,2),(6064,2),(6065,2),(6066,2),(6067,3),(6068,2),(6069,2),(6070,2),(6071,2),(6072,2),(6073,1),(6074,1),(6075,1),(6076,1),(6077,1),(6078,2),(6079,3),(6080,3),(6081,2),(6082,1),(6083,1),(6084,1),(6085,1),(6086,1),(6087,1),(6088,1),(6089,1),(6090,1),(6091,1),(6092,1),(6093,2),(6094,3),(6095,1),(6096,1),(6097,2),(6098,2),(6099,2),(6100,2),(6101,1),(6102,1),(6103,2),(6104,2),(6105,2),(6106,1),(6107,2),(6108,2),(6109,2),(6110,2),(6111,3),(6112,2),(6113,2),(6114,2),(6115,2),(6116,2),(6117,2),(6118,2),(6119,2),(6120,1),(6121,1),(6122,1),(6123,2),(6124,2),(6125,1),(6126,1),(6127,2),(6128,3),(6129,3),(6130,2),(6131,1),(6132,1),(6133,1),(6134,1),(6135,1),(6136,1),(6137,1),(6138,1),(6139,1),(6140,1),(6141,1),(6142,1),(6143,1),(6144,2),(6145,2),(6146,3),(6147,2),(6148,1),(6149,1),(6150,1),(6151,1),(6152,1),(6153,1),(6154,2),(6155,3),(6156,2),(6157,2),(6158,1),(6159,1),(6160,1),(6161,1),(6162,2),(6163,2),(6164,1),(6165,1),(6166,2),(6167,2),(6168,1),(6169,1),(6170,1),(6171,1),(6172,1),(6173,1),(6174,1),(6175,1),(6176,2),(6177,3),(6178,3),(6179,2),(6180,2),(6181,3),(6182,1),(6183,1),(6184,1),(6185,1),(6186,1),(6187,1),(6188,1),(6189,1),(6190,1),(6191,1),(6192,1),(6193,1),(6194,1),(6195,1),(6196,1),(6197,1),(6198,2),(6199,3),(6200,1),(6201,1),(6202,1),(6203,1),(6204,1),(6205,1),(6206,1),(6207,1),(6208,2),(6209,1),(6210,1),(6211,1),(6212,1),(6213,1),(6214,1),(6215,1),(6216,1),(6217,1),(6218,1),(6219,2),(6220,3),(6221,3),(6222,1),(6223,1),(6224,2),(6225,2),(6226,1),(6227,1),(6228,3),(6229,3),(6230,1),(6231,1),(6232,2),(6233,1),(6234,1),(6235,1),(6236,2),(6237,2),(6238,3),(6239,2),(6240,2),(6241,3),(6242,2),(6243,2),(6244,1),(6245,1),(6246,1),(6247,1),(6248,1),(6249,1),(6250,1),(6251,1),(6252,2),(6253,1),(6254,2),(6255,1),(6256,2),(6257,1),(6258,1),(6259,1),(6260,1),(6261,1),(6262,2),(6263,1),(6264,3),(6265,3),(6266,2),(6267,1),(6268,3),(6269,3),(6270,2),(6271,3);
/*!40000 ALTER TABLE `slots` ENABLE KEYS */;
UNLOCK TABLES;

--
-- Table structure for table `weapon_assets`
--

DROP TABLE IF EXISTS `weapon_assets`;
/*!40101 SET @saved_cs_client     = @@character_set_client */;
/*!40101 SET character_set_client = utf8 */;
CREATE TABLE `weapon_assets` (
  `id` int(10) unsigned NOT NULL AUTO_INCREMENT,
  `icon_id` int(10) unsigned DEFAULT NULL,
  `image_id` int(10) unsigned DEFAULT NULL,
  PRIMARY KEY (`id`),
  KEY `IDX_442452A954B9D732` (`icon_id`),
  KEY `IDX_442452A93DA5256D` (`image_id`),
  CONSTRAINT `FK_442452A93DA5256D` FOREIGN KEY (`image_id`) REFERENCES `assets` (`id`),
  CONSTRAINT `FK_442452A954B9D732` FOREIGN KEY (`icon_id`) REFERENCES `assets` (`id`)
) ENGINE=InnoDB AUTO_INCREMENT=1182 DEFAULT CHARSET=utf8 COLLATE=utf8_unicode_ci;
/*!40101 SET character_set_client = @saved_cs_client */;

--
-- Dumping data for table `weapon_assets`
--

LOCK TABLES `weapon_assets` WRITE;
/*!40000 ALTER TABLE `weapon_assets` DISABLE KEYS */;
INSERT INTO `weapon_assets` VALUES (1,1867,1965),(2,1867,1965),(3,1867,1982),(4,1867,1982),(5,1867,1965),(6,1867,1972),(7,1867,1977),(8,1867,1982),(9,1867,1987),(10,1867,1989),(11,1868,1965),(12,1868,1968),(13,1868,1972),(14,1868,1974),(15,1868,1977),(16,1868,1982),(17,1868,1986),(18,1868,1987),(19,1868,1989),(20,1868,1991),(21,1868,1993),(22,1869,1965),(23,1869,1968),(24,1869,1970),(25,1869,1972),(26,1869,1974),(27,1869,1977),(28,1869,1979),(29,1869,1982),(30,1869,1987),(31,1869,1989),(32,1869,1991),(33,1869,1993),(34,1869,1994),(35,1869,2001),(36,1870,1965),(37,1870,1969),(38,1870,1970),(39,1870,1973),(40,1870,1975),(41,1870,1978),(42,1870,1979),(43,1870,1982),(44,1870,1986),(45,1870,1988),(46,1870,1990),(47,1870,1992),(48,1870,1995),(49,1870,1996),(50,1871,1965),(51,1871,1965),(52,1871,1969),(53,1871,1969),(54,1871,1971),(55,1871,1971),(56,1871,1973),(57,1871,1973),(58,1871,1975),(59,1871,1975),(60,1871,1976),(61,1871,1978),(62,1871,1978),(63,1871,1980),(64,1871,1983),(65,1871,1983),(66,1871,1988),(67,1871,1988),(68,1871,1990),(69,1871,1990),(70,1871,1992),(71,1871,1992),(72,1871,1993),(73,1871,1996),(74,1871,1999),(75,1871,2000),(76,1872,1966),(77,1872,1976),(78,1872,1981),(79,1872,1984),(80,1872,1986),(81,1872,1994),(82,1872,1995),(83,1872,1997),(84,1872,2000),(85,1872,2001),(86,1873,1967),(87,1873,1981),(88,1873,1985),(89,1873,1994),(90,1873,1997),(91,1873,1998),(92,1873,1999),(93,1874,2002),(94,1874,2002),(95,1874,2014),(96,1874,2014),(97,1874,2002),(98,1874,2008),(99,1874,2014),(100,1874,2020),(101,1875,2002),(102,1875,2006),(103,1875,2008),(104,1875,2011),(105,1875,2014),(106,1875,2018),(107,1875,2020),(108,1875,2023),(109,1875,2023),(110,1875,2027),(111,1875,2029),(112,1875,2010),(113,1876,2002),(114,1876,2006),(115,1876,2008),(116,1876,2012),(117,1876,2014),(118,1876,2018),(119,1876,2020),(120,1876,2023),(121,1876,2025),(122,1876,2027),(123,1876,2029),(124,1877,2002),(125,1877,2007),(126,1877,2009),(127,1877,2011),(128,1877,2015),(129,1877,2019),(130,1877,2021),(131,1877,2024),(132,1877,2025),(133,1877,2028),(134,1877,2030),(135,1877,2031),(136,1878,2003),(137,1878,2003),(138,1878,2007),(139,1878,2007),(140,1878,2009),(141,1878,2009),(142,1878,2010),(143,1878,2012),(144,1878,2016),(145,1878,2016),(146,1878,2017),(147,1878,2019),(148,1878,2019),(149,1878,2021),(150,1878,2021),(151,1878,2024),(152,1878,2024),(153,1878,2026),(154,1878,2028),(155,1878,2028),(156,1878,2029),(157,1878,2031),(158,1878,2034),(159,1878,2492),(160,1879,2004),(161,1879,2010),(162,1879,2011),(163,1879,2013),(164,1879,2022),(165,1879,2022),(166,1879,2030),(167,1879,2032),(168,1879,2492),(169,1880,2005),(170,1880,2013),(171,1880,2017),(172,1880,2026),(173,1880,2032),(174,1880,2033),(175,1880,2034),(176,1881,2035),(177,1881,2035),(178,1881,2053),(179,1881,2053),(180,1881,2035),(181,1881,2035),(182,1881,2049),(183,1881,2053),(184,1881,2058),(185,1881,2061),(186,1882,2036),(187,1882,2035),(188,1882,2045),(189,1882,2047),(190,1882,2049),(191,1882,2051),(192,1882,2053),(193,1882,2056),(194,1882,2058),(195,1882,2053),(196,1882,2061),(197,1882,2063),(198,1882,2065),(199,1883,2036),(200,1883,2039),(201,1883,2041),(202,1883,2035),(203,1883,2043),(204,1883,2047),(205,1883,2049),(206,1883,2051),(207,1883,2053),(208,1883,2056),(209,1883,2058),(210,1883,2053),(211,1883,2061),(212,1883,2063),(213,1883,2065),(214,1883,2066),(215,1884,2036),(216,1884,2039),(217,1884,2042),(218,1884,2043),(219,1884,2045),(220,1884,2048),(221,1884,2050),(222,1884,2052),(223,1884,2054),(224,1884,2057),(225,1884,2059),(226,1884,2060),(227,1884,2062),(228,1884,2064),(229,1884,2068),(230,1885,2036),(231,1885,2036),(232,1885,2040),(233,1885,2041),(234,1885,2042),(235,1885,2042),(236,1885,2044),(237,1885,2046),(238,1885,2048),(239,1885,2048),(240,1885,2050),(241,1885,2050),(242,1885,2052),(243,1885,2052),(244,1885,2055),(245,1885,2055),(246,1885,2057),(247,1885,2057),(248,1885,2059),(249,1885,2059),(250,1885,2060),(251,1885,2060),(252,1885,2062),(253,1885,2062),(254,1885,2065),(255,1885,2067),(256,1885,2068),(257,1885,2471),(258,1886,2037),(259,1886,2040),(260,1886,2041),(261,1886,2046),(262,1886,2064),(263,1886,2067),(264,1886,2069),(265,1886,2472),(266,1887,2038),(267,1887,2044),(268,1887,2069),(269,1887,2070),(270,1888,2071),(271,1888,2071),(272,1888,2083),(273,1888,2083),(274,1888,2071),(275,1888,2080),(276,1888,2083),(277,1888,2089),(278,1888,2094),(279,1889,2072),(280,1889,2075),(281,1889,2080),(282,1889,2082),(283,1889,2084),(284,1889,2085),(285,1889,2089),(286,1889,2092),(287,1889,2094),(288,1889,2098),(289,1890,2072),(290,1890,2075),(291,1890,2078),(292,1890,2080),(293,1890,2084),(294,1890,2085),(295,1890,2087),(296,1890,2089),(297,1890,2092),(298,1890,2094),(299,1890,2096),(300,1890,2098),(301,1890,2100),(302,1891,2072),(303,1891,2076),(304,1891,2078),(305,1891,2081),(306,1891,2082),(307,1891,2084),(308,1891,2086),(309,1891,2087),(310,1891,2090),(311,1891,2093),(312,1891,2095),(313,1891,2096),(314,1891,2101),(315,1891,2102),(316,1892,2072),(317,1892,2072),(318,1892,2076),(319,1892,2076),(320,1892,2077),(321,1892,2079),(322,1892,2079),(323,1892,2081),(324,1892,2081),(325,1892,2084),(326,1892,2084),(327,1892,2086),(328,1892,2088),(329,1892,2090),(330,1892,2090),(331,1892,2091),(332,1892,2093),(333,1892,2093),(334,1892,2095),(335,1892,2095),(336,1892,2097),(337,1892,2102),(338,1892,2473),(339,1893,2073),(340,1893,2082),(341,1893,2086),(342,1893,2088),(343,1893,2091),(344,1893,2099),(345,1893,2100),(346,1893,2101),(347,1893,2103),(348,1893,2474),(349,1894,2074),(350,1894,2077),(351,1894,2097),(352,1894,2100),(353,1894,2103),(354,1894,2104),(355,1895,2105),(356,1895,2105),(357,1895,2119),(358,1895,2119),(359,1895,2105),(360,1895,2110),(361,1895,2114),(362,1895,2119),(363,1895,2127),(364,1895,2131),(365,1896,2106),(366,1896,2110),(367,1896,2112),(368,1896,2114),(369,1896,2117),(370,1896,2120),(371,1896,2124),(372,1896,2127),(373,1896,2131),(374,1896,2133),(375,1896,2135),(376,1897,2106),(377,1897,2109),(378,1897,2110),(379,1897,2112),(380,1897,2114),(381,1897,2117),(382,1897,2120),(383,1897,2124),(384,1897,2127),(385,1897,2129),(386,1897,2131),(387,1897,2133),(388,1897,2135),(389,1898,2106),(390,1898,2111),(391,1898,2113),(392,1898,2115),(393,1898,2118),(394,1898,2120),(395,1898,2125),(396,1898,2128),(397,1898,2129),(398,1898,2132),(399,1898,2134),(400,1898,2136),(401,1898,2137),(402,1899,2106),(403,1899,2106),(404,1899,2109),(405,1899,2111),(406,1899,2111),(407,1899,2113),(408,1899,2113),(409,1899,2118),(410,1899,2118),(411,1899,2121),(412,1899,2121),(413,1899,2125),(414,1899,2125),(415,1899,2126),(416,1899,2128),(417,1899,2128),(418,1899,2130),(419,1899,2132),(420,1899,2132),(421,1899,2134),(422,1899,2134),(423,1899,2135),(424,1899,2137),(425,1899,2140),(426,1899,2475),(427,1900,2107),(428,1900,2109),(429,1900,2116),(430,1900,2122),(431,1900,2126),(432,1900,2130),(433,1900,2138),(434,1900,2476),(435,1901,2108),(436,1901,2123),(437,1901,2136),(438,1901,2138),(439,1901,2139),(440,1901,2140),(441,1902,2141),(442,1902,2141),(443,1902,2156),(444,1902,2156),(445,1902,2141),(446,1902,2147),(447,1902,2151),(448,1902,2156),(449,1902,2161),(450,1902,2166),(451,1903,2142),(452,1903,2145),(453,1903,2147),(454,1903,2149),(455,1903,2151),(456,1903,2157),(457,1903,2159),(458,1903,2161),(459,1903,2163),(460,1903,2166),(461,1903,2168),(462,1903,2170),(463,1904,2142),(464,1904,2145),(465,1904,2147),(466,1904,2151),(467,1904,2153),(468,1904,2157),(469,1904,2159),(470,1904,2161),(471,1904,2163),(472,1904,2166),(473,1904,2168),(474,1904,2170),(475,1904,2171),(476,1905,2142),(477,1905,2146),(478,1905,2148),(479,1905,2149),(480,1905,2152),(481,1905,2153),(482,1905,2157),(483,1905,2160),(484,1905,2162),(485,1905,2164),(486,1905,2167),(487,1905,2169),(488,1905,2173),(489,1906,2142),(490,1906,2142),(491,1906,2146),(492,1906,2146),(493,1906,2148),(494,1906,2148),(495,1906,2150),(496,1906,2152),(497,1906,2152),(498,1906,2154),(499,1906,2157),(500,1906,2157),(501,1906,2158),(502,1906,2160),(503,1906,2160),(504,1906,2162),(505,1906,2162),(506,1906,2164),(507,1906,2164),(508,1906,2165),(509,1906,2167),(510,1906,2169),(511,1906,2169),(512,1906,2170),(513,1906,2172),(514,1906,2173),(515,1906,2477),(516,1907,2143),(517,1907,2150),(518,1907,2155),(519,1907,2158),(520,1907,2167),(521,1907,2172),(522,1907,2174),(523,1907,2478),(524,1908,2144),(525,1908,2165),(526,1908,2174),(527,1908,2175),(528,1909,2176),(529,1909,2176),(530,1909,2194),(531,1909,2194),(532,1909,2176),(533,1909,2184),(534,1909,2184),(535,1909,2189),(536,1909,2194),(537,1909,2200),(538,1909,2204),(539,1909,2204),(540,1910,2177),(541,1910,2187),(542,1910,2189),(543,1910,2195),(544,1910,2198),(545,1910,2200),(546,1910,2206),(547,1911,2178),(548,1911,2182),(549,1911,2184),(550,1911,2187),(551,1911,2189),(552,1911,2191),(553,1911,2195),(554,1911,2198),(555,1911,2200),(556,1911,2202),(557,1911,2204),(558,1911,2206),(559,1911,2208),(560,1912,2177),(561,1912,2182),(562,1912,2185),(563,1912,2188),(564,1912,2190),(565,1912,2191),(566,1912,2195),(567,1912,2199),(568,1912,2201),(569,1912,2202),(570,1912,2205),(571,1912,2210),(572,1913,2179),(573,1913,2179),(574,1913,2183),(575,1913,2185),(576,1913,2185),(577,1913,2186),(578,1913,2188),(579,1913,2188),(580,1913,2190),(581,1913,2190),(582,1913,2192),(583,1913,2195),(584,1913,2195),(585,1913,2199),(586,1913,2199),(587,1913,2201),(588,1913,2201),(589,1913,2203),(590,1913,2205),(591,1913,2205),(592,1913,2206),(593,1913,2207),(594,1913,2210),(595,1913,2213),(596,1913,2479),(597,1914,2180),(598,1914,2183),(599,1914,2186),(600,1914,2193),(601,1914,2196),(602,1914,2203),(603,1914,2209),(604,1914,2211),(605,1914,2480),(606,1915,2181),(607,1915,2193),(608,1915,2197),(609,1915,2207),(610,1915,2208),(611,1915,2211),(612,1915,2212),(613,1915,2213),(614,1916,2214),(615,1916,2214),(616,1916,2230),(617,1916,2230),(618,1916,2214),(619,1916,2218),(620,1916,2225),(621,1916,2230),(622,1916,2235),(623,1916,2231),(624,1917,2215),(625,1917,2218),(626,1917,2223),(627,1917,2225),(628,1917,2231),(629,1917,2235),(630,1917,2237),(631,1917,2231),(632,1917,2241),(633,1917,2244),(634,1918,2215),(635,1918,2218),(636,1918,2220),(637,1918,2225),(638,1918,2227),(639,1918,2231),(640,1918,2235),(641,1918,2237),(642,1918,2231),(643,1918,2241),(644,1918,2244),(645,1919,2215),(646,1919,2219),(647,1919,2220),(648,1919,2223),(649,1919,2226),(650,1919,2227),(651,1919,2231),(652,1919,2236),(653,1919,2238),(654,1919,2240),(655,1919,2243),(656,1919,2245),(657,1919,2246),(658,1920,2215),(659,1920,2215),(660,1920,NULL),(661,1920,2221),(662,1920,2224),(663,1920,2226),(664,1920,2226),(665,1920,2228),(666,1920,2231),(667,1920,2231),(668,1920,2233),(669,1920,2236),(670,1920,2236),(671,1920,2238),(672,1920,2238),(673,1920,2240),(674,1920,2240),(675,1920,2243),(676,1920,2243),(677,1920,2244),(678,1920,2246),(679,1920,2481),(680,1921,2216),(681,1921,2219),(682,1921,2222),(683,1921,2224),(684,1921,2228),(685,1921,2233),(686,1921,2239),(687,1921,2239),(688,1921,2247),(689,1921,2482),(690,1922,2217),(691,1922,2222),(692,1922,2245),(693,1922,2247),(694,1922,2248),(695,1923,2249),(696,1923,2249),(697,1923,2262),(698,1923,2262),(699,1923,2249),(700,1923,2257),(701,1923,2262),(702,1923,2265),(703,1923,2268),(704,1924,2249),(705,1924,2255),(706,1924,2257),(707,1924,2262),(708,1924,2265),(709,1924,2267),(710,1924,2268),(711,1924,2273),(712,1924,2274),(713,1925,2249),(714,1925,2253),(715,1925,2255),(716,1925,2257),(717,1925,2260),(718,1925,2260),(719,1925,2262),(720,1925,2265),(721,1925,2267),(722,1925,2270),(723,1925,2274),(724,1925,2275),(725,1926,2249),(726,1926,2253),(727,1926,2255),(728,1926,2258),(729,1926,2262),(730,1926,2266),(731,1926,2267),(732,1926,2268),(733,1926,2269),(734,1926,2270),(735,1926,2273),(736,1926,2276),(737,1927,2250),(738,1927,2250),(739,1927,2254),(740,1927,2255),(741,1927,2255),(742,1927,2256),(743,1927,2258),(744,1927,2258),(745,1927,2259),(746,1927,2261),(747,1927,2263),(748,1927,2263),(749,1927,2266),(750,1927,2267),(751,1927,2269),(752,1927,2269),(753,1927,2271),(754,1927,2274),(755,1927,2276),(756,1927,2483),(757,1928,2251),(758,1928,2254),(759,1928,2256),(760,1928,2259),(761,1928,2261),(762,1928,2264),(763,1928,2264),(764,1928,2266),(765,1928,2267),(766,1928,2272),(767,1928,2273),(768,1928,2275),(769,1928,2277),(770,1928,2483),(771,1929,2252),(772,1929,2272),(773,1929,2275),(774,1929,2278),(775,1929,2279),(776,1930,2280),(777,1930,2280),(778,1930,2295),(779,1930,2295),(780,1930,2280),(781,1930,2295),(782,1930,2299),(783,1930,2306),(784,1931,2280),(785,1931,2288),(786,1931,2288),(787,1931,2293),(788,1931,2296),(789,1931,2299),(790,1931,2303),(791,1931,2306),(792,1931,2310),(793,1932,2280),(794,1932,2285),(795,1932,2290),(796,1932,2296),(797,1932,2297),(798,1932,2299),(799,1932,2303),(800,1932,2306),(801,1932,2308),(802,1932,2310),(803,1933,2281),(804,1933,2285),(805,1933,2288),(806,1933,2289),(807,1933,2290),(808,1933,2293),(809,1933,2296),(810,1933,2297),(811,1933,2300),(812,1933,2304),(813,1933,2307),(814,1933,2308),(815,1933,2311),(816,1933,2312),(817,1934,2282),(818,1934,2282),(819,1934,2286),(820,1934,2289),(821,1934,2289),(822,1934,2291),(823,1934,2292),(824,1934,2294),(825,1934,2296),(826,1934,2296),(827,1934,2298),(828,1934,2301),(829,1934,2301),(830,1934,2302),(831,1934,2304),(832,1934,2304),(833,1934,2307),(834,1934,2307),(835,1934,2309),(836,1934,2310),(837,1934,2312),(838,1934,2484),(839,1935,2283),(840,1935,2287),(841,1935,2294),(842,1935,2298),(843,1935,2302),(844,1935,2305),(845,1935,2305),(846,1935,2313),(847,1935,2484),(848,1936,2284),(849,1936,2309),(850,1936,2311),(851,1936,2313),(852,1936,2314),(853,1937,2315),(854,1937,2315),(855,1937,2331),(856,1937,2331),(857,1937,2315),(858,1937,2322),(859,1937,2328),(860,1937,2331),(861,1937,2336),(862,1937,2340),(863,1938,2316),(864,1938,2322),(865,1938,2324),(866,1938,2328),(867,1938,2332),(868,1938,2335),(869,1938,2336),(870,1938,2340),(871,1938,2343),(872,1939,2316),(873,1939,2320),(874,1939,2322),(875,1939,2324),(876,1939,2326),(877,1939,2326),(878,1939,2328),(879,1939,2332),(880,1939,2336),(881,1939,2338),(882,1939,2340),(883,1939,2341),(884,1939,2343),(885,1939,2344),(886,1940,2316),(887,1940,2320),(888,1940,2323),(889,1940,2325),(890,1940,2329),(891,1940,2332),(892,1940,2335),(893,1940,2337),(894,1940,2338),(895,1940,2340),(896,1940,2341),(897,1940,2345),(898,1941,2317),(899,1941,2317),(900,1941,2321),(901,1941,2323),(902,1941,2323),(903,1941,2325),(904,1941,2325),(905,1941,2327),(906,1941,2327),(907,1941,2329),(908,1941,2329),(909,1941,2330),(910,1941,2333),(911,1941,2333),(912,1941,2337),(913,1941,2337),(914,1941,2339),(915,1941,2340),(916,1941,2340),(917,1941,2342),(918,1941,2343),(919,1941,2345),(920,1941,2485),(921,1942,2318),(922,1942,2321),(923,1942,2330),(924,1942,2334),(925,1942,2334),(926,1942,2335),(927,1942,2339),(928,1942,2344),(929,1942,2346),(930,1942,2486),(931,1943,2319),(932,1943,2342),(933,1943,2344),(934,1943,2347),(935,1943,2348),(936,1944,2349),(937,1944,2349),(938,1944,2370),(939,1944,2370),(940,1944,2349),(941,1944,2357),(942,1944,2370),(943,1944,2377),(944,1944,2381),(945,1945,2350),(946,1945,2354),(947,1945,2357),(948,1945,2362),(949,1945,2371),(950,1945,2375),(951,1945,2377),(952,1945,2382),(953,1945,2386),(954,1946,2350),(955,1946,2354),(956,1946,2357),(957,1946,2359),(958,1946,2363),(959,1946,2366),(960,1946,2371),(961,1946,2375),(962,1946,2377),(963,1946,2382),(964,1946,2384),(965,1946,2387),(966,1946,2389),(967,1947,2350),(968,1947,2355),(969,1947,2358),(970,1947,2360),(971,1947,2364),(972,1947,2367),(973,1947,2371),(974,1947,2376),(975,1947,2378),(976,1947,2383),(977,1947,2384),(978,1947,2390),(979,1948,2351),(980,1948,2351),(981,1948,2355),(982,1948,2356),(983,1948,2358),(984,1948,2358),(985,1948,2361),(986,1948,2365),(987,1948,2365),(988,1948,2368),(989,1948,2369),(990,1948,2372),(991,1948,2372),(992,1948,2376),(993,1948,2376),(994,1948,2379),(995,1948,2379),(996,1948,2380),(997,1948,2383),(998,1948,2383),(999,1948,2385),(1000,1948,2387),(1001,1948,2391),(1002,1948,2394),(1003,1948,2487),(1004,1949,2352),(1005,1949,2355),(1006,1949,2356),(1007,1949,2361),(1008,1949,2373),(1009,1949,2380),(1010,1949,2388),(1011,1949,2389),(1012,1949,2392),(1013,1949,2487),(1014,1950,2353),(1015,1950,2374),(1016,1950,2385),(1017,1950,2388),(1018,1950,2389),(1019,1950,2392),(1020,1950,2393),(1021,1950,2395),(1022,1951,2396),(1023,1951,2396),(1024,1951,2415),(1025,1951,2415),(1026,1951,2396),(1027,1951,2401),(1028,1951,2408),(1029,1951,2415),(1030,1951,2421),(1031,1951,2429),(1032,1952,2397),(1033,1952,2402),(1034,1952,2405),(1035,1952,2409),(1036,1952,2412),(1037,1952,2416),(1038,1952,2422),(1039,1952,2425),(1040,1952,2429),(1041,1952,2431),(1042,1953,2397),(1043,1953,2402),(1044,1953,2405),(1045,1953,2406),(1046,1953,2407),(1047,1953,2409),(1048,1953,2412),(1049,1953,2416),(1050,1953,2418),(1051,1953,2422),(1052,1953,2426),(1053,1953,2429),(1054,1953,2432),(1055,1953,2433),(1056,1954,2397),(1057,1954,2403),(1058,1954,2410),(1059,1954,2413),(1060,1954,2416),(1061,1954,2418),(1062,1954,2423),(1063,1954,2427),(1064,1954,2430),(1065,1954,2434),(1066,1954,2435),(1067,1955,2398),(1068,1955,2398),(1069,1955,2404),(1070,1955,2404),(1071,1955,2406),(1072,1955,2406),(1073,1955,2407),(1074,1955,2410),(1075,1955,2417),(1076,1955,2417),(1077,1955,2419),(1078,1955,2424),(1079,1955,2424),(1080,1955,2427),(1081,1955,2427),(1082,1955,2428),(1083,1955,2430),(1084,1955,2430),(1085,1955,2432),(1086,1955,2436),(1087,1955,2488),(1088,1956,2399),(1089,1956,2407),(1090,1956,2411),(1091,1956,2414),(1092,1956,2420),(1093,1956,2428),(1094,1956,2433),(1095,1956,2434),(1096,1956,2437),(1097,1956,2488),(1098,1957,2400),(1099,1957,2420),(1100,1957,2433),(1101,1957,2437),(1102,1957,2438),(1103,1958,2439),(1104,1958,2439),(1105,1958,2452),(1106,1958,2452),(1107,1958,2439),(1108,1958,2443),(1109,1958,2448),(1110,1958,2452),(1111,1958,2459),(1112,1958,2464),(1113,1959,2440),(1114,1959,2443),(1115,1959,2446),(1116,1959,2448),(1117,1959,2453),(1118,1959,2459),(1119,1959,2462),(1120,1959,2464),(1121,1959,2466),(1122,1960,2440),(1123,1960,2443),(1124,1960,2447),(1125,1960,2448),(1126,1960,2450),(1127,1960,2453),(1128,1960,2456),(1129,1960,2460),(1130,1960,2462),(1131,1960,2464),(1132,1960,2466),(1133,1961,2440),(1134,1961,2444),(1135,1961,2446),(1136,1961,2449),(1137,1961,2450),(1138,1961,2453),(1139,1961,2456),(1140,1961,2461),(1141,1961,2463),(1142,1961,2465),(1143,1961,2467),(1144,1961,2491),(1145,1962,2440),(1146,1962,2440),(1147,1962,2444),(1148,1962,2444),(1149,1962,2445),(1150,1962,2446),(1151,1962,2447),(1152,1962,2449),(1153,1962,2449),(1154,1962,2451),(1155,1962,2454),(1156,1962,2453),(1157,1962,2461),(1158,1962,2461),(1159,1962,2463),(1160,1962,2463),(1161,1962,2466),(1162,1962,2467),(1163,1962,2470),(1164,1962,2489),(1165,1962,2491),(1166,1963,2441),(1167,1963,2447),(1168,1963,2455),(1169,1963,2455),(1170,1963,2457),(1171,1963,2458),(1172,1963,2465),(1173,1963,2468),(1174,1963,2490),(1175,1964,2442),(1176,1964,2445),(1177,1964,2451),(1178,1964,2458),(1179,1964,2468),(1180,1964,2469),(1181,1964,2470);
/*!40000 ALTER TABLE `weapon_assets` ENABLE KEYS */;
UNLOCK TABLES;

--
-- Table structure for table `weapon_crafting_info`
--

DROP TABLE IF EXISTS `weapon_crafting_info`;
/*!40101 SET @saved_cs_client     = @@character_set_client */;
/*!40101 SET character_set_client = utf8 */;
CREATE TABLE `weapon_crafting_info` (
  `id` int(10) unsigned NOT NULL AUTO_INCREMENT,
  `previous_id` int(10) unsigned DEFAULT NULL,
  `craftable` tinyint(1) NOT NULL,
  `branches_length` int(10) unsigned NOT NULL DEFAULT 0,
  `crafting_materials_length` int(10) unsigned NOT NULL DEFAULT 0,
  `upgrade_materials_length` int(10) unsigned NOT NULL DEFAULT 0,
  PRIMARY KEY (`id`),
  KEY `IDX_BBF70A542DE62210` (`previous_id`),
  CONSTRAINT `FK_BBF70A542DE62210` FOREIGN KEY (`previous_id`) REFERENCES `weapons` (`id`)
) ENGINE=InnoDB AUTO_INCREMENT=1182 DEFAULT CHARSET=utf8 COLLATE=utf8_unicode_ci;
/*!40101 SET character_set_client = @saved_cs_client */;

--
-- Dumping data for table `weapon_crafting_info`
--

LOCK TABLES `weapon_crafting_info` WRITE;
/*!40000 ALTER TABLE `weapon_crafting_info` DISABLE KEYS */;
INSERT INTO `weapon_crafting_info` VALUES (1,NULL,1,1,1,0),(2,1,0,3,0,1),(3,2,0,2,0,3),(4,3,0,1,0,3),(5,4,0,1,0,4),(6,5,0,1,0,3),(7,6,0,2,0,4),(8,7,0,0,0,4),(9,7,0,1,0,4),(10,9,0,0,0,4),(11,3,0,2,0,4),(12,11,0,1,0,4),(13,12,0,1,0,4),(14,13,0,1,0,4),(15,14,0,0,0,4),(16,11,0,1,0,4),(17,16,0,1,0,4),(18,17,0,1,0,4),(19,18,0,0,0,4),(20,2,0,2,0,4),(21,20,0,1,0,4),(22,21,0,1,0,4),(23,22,0,1,0,4),(24,23,0,1,0,4),(25,24,0,0,0,4),(26,20,0,1,0,3),(27,26,0,1,0,4),(28,27,1,2,4,4),(29,28,0,1,0,4),(30,29,0,0,0,4),(31,28,0,1,0,3),(32,31,0,0,0,4),(33,2,0,2,0,3),(34,33,0,1,0,4),(35,34,0,1,0,4),(36,35,0,1,0,4),(37,36,0,1,0,4),(38,37,0,0,0,4),(39,33,0,1,0,4),(40,39,0,1,0,4),(41,40,0,1,0,4),(42,41,0,1,0,4),(43,42,0,0,0,4),(44,NULL,1,1,1,0),(45,44,0,3,0,1),(46,45,0,2,0,2),(47,46,0,1,0,3),(48,47,0,1,0,3),(49,48,0,1,0,3),(50,49,0,2,0,5),(51,50,0,0,0,4),(52,50,0,1,0,4),(53,52,0,0,0,4),(54,46,0,1,0,4),(55,54,0,1,0,4),(56,55,0,0,0,4),(57,45,0,1,0,4),(58,57,0,1,0,4),(59,58,0,1,0,4),(60,59,0,1,0,4),(61,60,0,1,0,4),(62,61,0,0,0,4),(63,45,0,2,0,3),(64,63,0,1,0,4),(65,64,0,1,0,4),(66,65,0,1,0,4),(67,66,0,1,0,4),(68,67,0,0,0,4),(69,63,0,1,0,3),(70,69,0,1,0,4),(71,70,0,1,0,4),(72,71,0,1,0,4),(73,72,0,0,0,4),(74,NULL,1,3,4,0),(75,74,0,1,0,3),(76,75,0,0,0,4),(77,74,0,1,0,4),(78,77,0,1,0,4),(79,78,0,0,0,4),(80,74,0,1,0,4),(81,80,0,0,0,4),(82,NULL,1,1,4,0),(83,82,0,2,0,4),(84,83,0,1,0,4),(85,84,0,0,0,4),(86,83,0,0,0,4),(87,NULL,1,1,4,0),(88,87,0,0,0,4),(89,NULL,1,1,1,0),(90,89,0,2,0,1),(91,90,0,2,0,3),(92,91,0,1,0,3),(93,92,0,1,0,4),(94,93,0,1,0,3),(95,94,0,2,0,4),(96,95,0,0,0,4),(97,95,0,1,0,4),(98,97,0,0,0,4),(99,91,0,1,0,3),(100,99,0,1,0,4),(101,100,0,1,0,4),(102,101,0,1,0,4),(103,102,0,0,0,4),(104,90,0,2,0,3),(105,104,0,1,0,4),(106,105,0,1,0,4),(107,106,0,2,0,3),(108,107,0,1,0,4),(109,108,0,0,0,4),(110,107,0,1,0,4),(111,110,0,0,0,4),(112,104,1,2,4,3),(113,112,0,1,0,4),(114,113,0,0,0,4),(115,112,0,1,0,4),(116,115,0,1,0,4),(117,116,0,1,0,4),(118,117,0,0,0,4),(119,NULL,1,1,1,0),(120,119,0,3,0,1),(121,120,0,2,0,2),(122,121,0,1,0,3),(123,122,0,1,0,3),(124,123,0,1,0,3),(125,124,0,2,0,3),(126,125,0,0,0,4),(127,125,0,1,0,4),(128,127,0,0,0,4),(129,121,0,1,0,3),(130,129,0,1,0,4),(131,130,0,1,0,4),(132,131,0,1,0,4),(133,132,0,0,0,4),(134,120,0,1,0,4),(135,134,0,1,0,4),(136,135,0,1,0,4),(137,136,1,1,4,4),(138,137,0,2,0,4),(139,138,0,0,0,4),(140,138,0,1,0,4),(141,140,0,0,0,4),(142,120,0,2,0,3),(143,142,0,2,0,4),(144,143,0,1,0,4),(145,144,0,1,0,4),(146,145,0,1,0,4),(147,146,0,0,0,4),(148,143,0,1,0,3),(149,148,0,1,0,4),(150,149,0,1,0,4),(151,150,0,0,0,4),(152,142,0,1,0,3),(153,152,0,1,0,4),(154,153,0,1,0,4),(155,154,0,1,0,4),(156,155,0,0,0,4),(157,NULL,1,2,4,0),(158,157,0,1,0,3),(159,158,0,0,0,4),(160,157,0,1,0,4),(161,160,0,0,0,4),(162,NULL,1,1,4,0),(163,162,0,2,0,4),(164,163,0,1,0,4),(165,164,0,0,0,4),(166,163,0,0,0,4),(167,NULL,1,1,3,0),(168,167,0,0,0,4),(169,NULL,1,0,4,0),(170,NULL,1,1,1,0),(171,170,0,3,0,1),(172,171,0,1,0,3),(173,172,0,3,0,3),(174,173,0,1,0,4),(175,174,0,1,0,3),(176,175,0,2,0,4),(177,176,0,0,0,4),(178,176,0,1,0,4),(179,178,0,0,0,4),(180,173,0,1,0,4),(181,180,0,1,0,4),(182,181,0,1,0,4),(183,182,0,0,0,4),(184,173,0,1,0,4),(185,184,0,1,0,4),(186,185,0,0,0,4),(187,171,0,3,0,4),(188,187,0,2,0,4),(189,188,0,1,0,4),(190,189,0,1,0,4),(191,190,0,1,0,4),(192,191,0,0,0,4),(193,188,0,1,0,3),(194,193,0,1,0,4),(195,194,0,1,0,4),(196,195,0,0,0,4),(197,187,1,1,4,3),(198,197,0,1,0,4),(199,198,0,1,0,4),(200,199,0,0,0,4),(201,187,0,1,0,3),(202,201,0,1,0,4),(203,202,0,1,0,4),(204,203,0,1,0,4),(205,204,0,0,0,4),(206,171,0,2,0,3),(207,206,0,1,0,4),(208,207,0,1,0,4),(209,208,0,1,0,4),(210,209,0,1,0,4),(211,210,0,0,0,4),(212,206,0,1,0,3),(213,212,0,1,0,4),(214,213,0,1,0,4),(215,214,0,1,0,4),(216,215,0,0,0,4),(217,NULL,1,1,1,0),(218,217,0,3,0,1),(219,218,0,2,0,2),(220,219,0,1,0,3),(221,220,0,1,0,3),(222,221,0,1,0,3),(223,222,0,1,0,3),(224,223,0,0,0,4),(225,219,0,1,0,3),(226,225,0,1,0,4),(227,226,0,1,0,4),(228,227,0,1,0,4),(229,228,0,0,0,4),(230,218,0,2,0,4),(231,230,0,1,0,4),(232,231,0,1,0,4),(233,232,0,1,0,4),(234,233,0,1,0,4),(235,234,0,0,0,4),(236,230,0,1,0,4),(237,236,0,1,0,4),(238,237,0,1,0,4),(239,238,0,1,0,4),(240,239,0,0,0,4),(241,218,0,2,0,3),(242,241,0,1,0,4),(243,242,0,1,0,4),(244,243,0,1,0,4),(245,244,0,1,0,4),(246,245,0,0,0,4),(247,241,0,1,0,3),(248,247,0,1,0,4),(249,248,1,1,4,4),(250,249,0,0,0,4),(251,NULL,1,2,4,0),(252,251,0,1,0,3),(253,252,0,0,0,4),(254,251,0,1,0,4),(255,254,0,1,0,4),(256,255,0,0,0,4),(257,NULL,1,1,4,0),(258,257,0,2,0,4),(259,258,0,1,0,4),(260,259,0,0,0,4),(261,258,0,0,0,4),(262,NULL,1,1,1,0),(263,262,0,1,0,1),(264,263,0,2,0,3),(265,264,0,1,0,3),(266,265,0,2,0,4),(267,266,0,1,0,3),(268,267,0,2,0,4),(269,268,0,0,0,4),(270,268,0,1,0,4),(271,270,0,0,0,4),(272,264,0,2,0,3),(273,272,0,1,0,4),(274,273,1,2,4,4),(275,274,0,1,0,4),(276,275,0,0,0,4),(277,274,0,1,0,4),(278,277,0,0,0,4),(279,272,0,2,0,4),(280,279,0,1,0,4),(281,280,0,1,0,4),(282,281,0,0,0,4),(283,266,0,2,0,3),(284,283,0,1,0,4),(285,284,0,1,0,4),(286,285,0,1,0,3),(287,286,0,1,0,4),(288,287,0,0,0,4),(289,283,0,1,0,4),(290,289,0,1,0,4),(291,290,0,0,0,4),(292,NULL,1,1,1,0),(293,292,0,3,0,1),(294,293,0,2,0,2),(295,294,0,1,0,3),(296,295,0,1,0,3),(297,296,0,1,0,3),(298,297,0,1,0,3),(299,298,0,0,0,4),(300,294,0,2,0,3),(301,300,0,1,0,4),(302,301,0,1,0,4),(303,302,0,1,0,4),(304,303,0,0,0,4),(305,300,0,1,0,4),(306,305,0,1,0,4),(307,306,0,1,0,4),(308,307,0,0,0,4),(309,293,0,2,0,4),(310,309,0,1,0,4),(311,310,0,1,0,4),(312,311,1,2,4,4),(313,312,0,1,0,4),(314,313,0,0,0,4),(315,312,0,1,0,3),(316,315,0,0,0,4),(317,309,0,1,0,3),(318,317,0,1,0,4),(319,318,0,1,0,4),(320,319,0,1,0,4),(321,320,0,0,0,4),(322,293,0,1,0,3),(323,322,0,2,0,4),(324,323,0,1,0,4),(325,324,0,1,0,4),(326,325,0,1,0,4),(327,326,0,0,0,4),(328,323,0,1,0,3),(329,328,0,1,0,4),(330,329,0,1,0,4),(331,330,0,0,0,4),(332,NULL,1,3,4,0),(333,332,0,1,0,3),(334,333,0,0,0,4),(335,332,0,1,0,4),(336,335,0,1,0,4),(337,336,0,0,0,4),(338,332,0,1,0,4),(339,338,0,0,0,4),(340,NULL,1,1,4,0),(341,340,0,2,0,4),(342,341,0,1,0,4),(343,342,0,0,0,4),(344,341,0,0,0,4),(345,NULL,1,1,1,0),(346,345,0,2,0,1),(347,NULL,0,1,0,3),(348,347,0,4,0,3),(349,348,0,1,0,4),(350,349,0,1,0,3),(351,350,0,2,0,4),(352,351,0,0,0,4),(353,351,0,1,0,4),(354,353,0,0,0,4),(355,348,0,1,0,4),(356,355,0,1,0,4),(357,356,0,0,0,4),(358,346,0,2,0,4),(359,358,0,1,0,4),(360,359,0,1,0,4),(361,360,0,1,0,4),(362,361,0,1,0,4),(363,362,0,0,0,4),(364,358,0,1,0,3),(365,364,0,1,0,4),(366,365,0,1,0,4),(367,366,0,1,0,4),(368,367,0,0,0,4),(369,346,0,2,0,3),(370,369,0,1,0,4),(371,370,0,1,0,4),(372,371,1,1,4,4),(373,372,0,0,0,4),(374,369,0,1,0,4),(375,374,0,1,0,4),(376,375,0,1,0,4),(377,376,0,1,0,4),(378,377,0,0,0,4),(379,NULL,1,1,1,0),(380,379,0,3,0,1),(381,380,0,2,0,2),(382,381,0,1,0,3),(383,382,0,1,0,3),(384,383,0,2,0,3),(385,384,0,2,0,3),(386,385,0,0,0,4),(387,384,0,1,0,4),(388,385,0,0,0,4),(389,381,0,1,0,3),(390,389,0,2,0,4),(391,390,1,1,4,4),(392,391,0,1,0,4),(393,392,0,0,0,4),(394,390,0,1,0,4),(395,394,0,0,0,4),(396,380,0,1,0,3),(397,396,0,2,0,4),(398,397,0,1,0,4),(399,398,0,1,0,3),(400,399,0,1,0,4),(401,400,0,0,0,4),(402,397,0,1,0,4),(403,402,0,1,0,4),(404,403,0,1,0,4),(405,404,0,0,0,4),(406,380,0,2,0,3),(407,406,0,1,0,4),(408,407,0,1,0,4),(409,408,0,1,0,4),(410,409,0,1,0,4),(411,410,0,0,0,4),(412,406,0,1,0,3),(413,412,0,1,0,4),(414,413,0,0,0,4),(415,NULL,0,0,0,4),(416,NULL,0,0,0,4),(417,NULL,1,2,4,0),(418,417,0,1,0,3),(419,418,0,0,0,4),(420,417,0,1,0,4),(421,420,0,0,0,4),(422,NULL,1,1,4,0),(423,422,0,2,0,4),(424,423,0,1,0,4),(425,424,0,0,0,4),(426,423,0,0,0,4),(427,NULL,1,1,4,0),(428,427,0,0,0,4),(429,NULL,1,1,1,0),(430,429,0,3,0,1),(431,430,0,2,0,3),(432,431,0,1,0,3),(433,432,0,1,0,4),(434,433,0,1,0,3),(435,434,0,2,0,4),(436,435,0,0,0,4),(437,435,0,1,0,4),(438,437,0,0,0,4),(439,431,0,1,0,4),(440,439,0,1,0,4),(441,440,0,1,0,4),(442,441,0,1,0,4),(443,442,0,0,0,4),(444,430,0,2,0,3),(445,444,0,1,0,4),(446,445,0,1,0,4),(447,446,0,1,0,3),(448,447,0,1,0,4),(449,448,0,0,0,4),(450,444,1,1,4,3),(451,450,0,1,0,4),(452,451,0,1,0,4),(453,452,0,0,0,4),(454,430,0,1,0,4),(455,454,0,2,0,4),(456,455,0,1,0,4),(457,456,0,1,0,4),(458,457,0,1,0,4),(459,458,0,0,0,4),(460,455,0,1,0,3),(461,460,0,1,0,4),(462,461,0,1,0,4),(463,462,0,0,0,4),(464,NULL,1,1,1,0),(465,464,0,3,0,1),(466,465,0,2,0,2),(467,466,0,1,0,3),(468,467,0,1,0,3),(469,468,0,2,0,3),(470,469,0,1,0,3),(471,470,0,0,0,4),(472,469,0,1,0,3),(473,472,0,0,0,4),(474,466,0,1,0,3),(475,474,0,1,0,4),(476,475,0,1,0,4),(477,476,0,1,0,4),(478,477,0,0,0,4),(479,465,0,2,0,3),(480,479,0,1,0,4),(481,480,0,1,0,4),(482,481,0,1,0,4),(483,482,0,1,0,4),(484,483,0,0,0,4),(485,479,0,1,0,3),(486,485,0,1,0,4),(487,486,1,2,4,4),(488,487,0,1,0,4),(489,488,0,0,0,4),(490,487,0,1,0,4),(491,490,0,0,0,4),(492,465,0,2,0,3),(493,492,0,1,0,4),(494,493,0,1,0,4),(495,494,0,1,0,4),(496,495,0,1,0,4),(497,496,0,0,0,4),(498,492,0,1,0,3),(499,498,0,1,0,4),(500,499,0,1,0,4),(501,500,0,1,0,4),(502,501,0,0,0,4),(503,NULL,1,2,4,0),(504,503,0,1,0,3),(505,504,0,0,0,4),(506,503,0,1,0,4),(507,506,0,1,0,4),(508,507,0,0,0,4),(509,NULL,1,1,4,0),(510,509,0,2,0,4),(511,510,0,1,0,4),(512,511,0,0,0,4),(513,510,0,0,0,4),(514,NULL,1,1,1,0),(515,514,0,3,0,1),(516,515,0,1,0,3),(517,516,0,2,0,3),(518,517,0,1,0,4),(519,518,0,1,0,3),(520,519,0,2,0,4),(521,520,0,0,0,4),(522,520,0,1,0,4),(523,522,0,0,0,4),(524,517,0,1,0,3),(525,524,0,1,0,4),(526,525,0,1,0,4),(527,526,0,0,0,4),(528,515,0,2,0,3),(529,528,0,1,0,4),(530,529,0,1,0,4),(531,530,1,2,4,3),(532,531,0,1,0,4),(533,532,0,0,0,4),(534,531,0,1,0,3),(535,534,0,0,0,4),(536,528,0,1,0,4),(537,536,0,1,0,4),(538,537,0,1,0,4),(539,538,0,1,0,4),(540,539,0,0,0,4),(541,515,0,1,0,3),(542,541,0,2,0,4),(543,542,0,1,0,4),(544,543,0,1,0,4),(545,544,0,1,0,4),(546,545,0,0,0,4),(547,542,0,1,0,4),(548,547,0,1,0,4),(549,548,0,1,0,4),(550,549,0,1,0,4),(551,550,0,0,0,4),(552,NULL,1,1,1,0),(553,552,0,2,0,1),(554,553,0,2,0,2),(555,554,0,1,0,3),(556,555,0,1,0,3),(557,556,0,1,0,3),(558,557,0,2,0,3),(559,558,0,0,0,4),(560,558,0,1,0,4),(561,560,0,0,0,4),(562,554,0,1,0,3),(563,562,0,1,0,4),(564,563,1,1,4,4),(565,564,0,1,0,4),(566,565,0,0,0,4),(567,553,0,1,0,3),(568,567,0,3,0,4),(569,568,0,1,0,4),(570,569,0,1,0,4),(571,570,0,1,0,4),(572,571,0,0,0,4),(573,568,0,1,0,3),(574,573,0,1,0,4),(575,574,0,1,0,4),(576,575,0,0,0,4),(577,568,0,1,0,4),(578,577,0,1,0,4),(579,578,0,1,0,4),(580,579,0,1,0,4),(581,580,0,1,0,4),(582,581,0,0,0,4),(583,NULL,1,2,4,0),(584,583,0,2,0,3),(585,584,0,0,0,4),(586,584,0,1,0,4),(587,586,0,0,0,4),(588,583,0,1,0,4),(589,588,0,1,0,4),(590,589,0,0,0,4),(591,NULL,1,1,4,0),(592,591,0,2,0,4),(593,592,0,1,0,4),(594,593,0,0,0,4),(595,592,0,0,0,4),(596,NULL,1,1,4,0),(597,596,0,0,0,4),(598,NULL,1,1,1,0),(599,598,0,3,0,1),(600,599,0,1,0,3),(601,600,0,1,0,3),(602,601,0,1,0,4),(603,602,0,1,0,3),(604,603,0,2,0,4),(605,604,0,0,0,4),(606,604,0,1,0,4),(607,606,0,0,0,4),(608,599,0,2,0,3),(609,608,0,2,0,4),(610,609,0,1,0,4),(611,610,1,1,4,4),(612,611,0,1,0,4),(613,612,0,0,0,4),(614,609,0,1,0,4),(615,614,0,1,0,4),(616,615,0,1,0,4),(617,616,0,1,0,4),(618,617,0,0,0,4),(619,608,0,1,0,3),(620,619,0,1,0,4),(621,620,0,1,0,4),(622,621,0,0,0,4),(623,599,0,1,0,4),(624,623,0,2,0,4),(625,624,0,1,0,4),(626,625,0,1,0,4),(627,626,0,1,0,4),(628,627,0,0,0,4),(629,624,0,1,0,3),(630,629,0,1,0,4),(631,630,0,1,0,4),(632,631,0,0,0,4),(633,NULL,1,1,1,0),(634,633,0,3,0,1),(635,634,0,1,0,2),(636,635,0,1,0,3),(637,636,0,1,0,3),(638,637,0,2,0,3),(639,638,0,1,0,3),(640,639,0,0,0,4),(641,638,0,1,0,4),(642,641,0,0,0,4),(643,634,0,2,0,4),(644,643,0,1,0,4),(645,644,0,1,0,4),(646,645,0,1,0,4),(647,646,0,1,0,4),(648,647,0,0,0,4),(649,643,0,1,0,3),(650,649,0,1,0,4),(651,650,1,1,4,4),(652,651,0,2,0,4),(653,652,0,0,0,4),(654,652,0,1,0,4),(655,654,0,0,0,4),(656,634,0,2,0,3),(657,656,0,1,0,4),(658,657,0,1,0,4),(659,658,0,1,0,4),(660,659,0,1,0,4),(661,660,0,0,0,4),(662,656,0,1,0,3),(663,662,0,1,0,4),(664,663,0,1,0,4),(665,664,0,1,0,4),(666,665,0,0,0,4),(667,NULL,1,2,4,0),(668,667,0,1,0,3),(669,668,0,0,0,4),(670,667,0,1,0,4),(671,670,0,0,0,4),(672,NULL,1,1,4,0),(673,672,0,2,0,4),(674,673,0,1,0,4),(675,674,0,0,0,4),(676,673,0,0,0,4),(677,NULL,1,1,1,0),(678,677,0,2,0,1),(679,678,0,2,0,3),(680,679,0,2,0,3),(681,680,0,1,0,4),(682,681,0,1,0,3),(683,682,0,2,0,4),(684,683,0,0,0,4),(685,683,0,1,0,4),(686,685,0,0,0,4),(687,680,0,1,0,3),(688,687,0,1,0,4),(689,688,0,1,0,4),(690,689,0,0,0,4),(691,679,0,1,0,4),(692,691,0,1,0,4),(693,692,1,2,4,4),(694,693,0,1,0,4),(695,694,0,0,0,4),(696,693,0,1,0,4),(697,696,0,0,0,4),(698,678,0,1,0,4),(699,698,0,2,0,4),(700,699,0,1,0,4),(701,700,0,2,0,4),(702,701,0,1,0,4),(703,702,0,0,0,4),(704,701,0,1,0,4),(705,704,0,0,0,4),(706,699,0,1,0,4),(707,706,0,1,0,4),(708,707,0,1,0,4),(709,708,0,0,0,4),(710,NULL,1,1,1,0),(711,710,0,3,0,1),(712,711,0,1,0,2),(713,712,0,1,0,3),(714,713,0,1,0,3),(715,714,0,1,0,3),(716,715,0,2,0,3),(717,716,0,0,0,4),(718,716,0,1,0,4),(719,718,0,0,0,4),(720,711,0,2,0,4),(721,720,0,1,0,4),(722,721,0,1,0,4),(723,722,1,1,4,4),(724,723,0,1,0,4),(725,724,0,0,0,4),(726,720,0,1,0,3),(727,726,0,1,0,4),(728,727,0,1,0,4),(729,728,0,1,0,4),(730,729,0,0,0,4),(731,711,0,2,0,3),(732,731,0,2,0,4),(733,732,0,1,0,4),(734,733,0,1,0,4),(735,734,0,1,0,4),(736,735,0,0,0,4),(737,732,0,1,0,4),(738,737,0,1,0,4),(739,738,0,1,0,4),(740,739,0,1,0,4),(741,740,0,0,0,4),(742,731,0,1,0,4),(743,742,0,1,0,4),(744,743,0,0,0,4),(745,NULL,1,2,4,0),(746,745,0,1,0,3),(747,746,0,0,0,4),(748,745,0,1,0,4),(749,748,0,1,0,4),(750,749,0,0,0,4),(751,NULL,1,1,4,0),(752,751,0,2,0,4),(753,752,0,1,0,4),(754,753,0,0,0,4),(755,752,0,0,0,4),(756,NULL,1,1,1,0),(757,756,0,2,0,1),(758,757,0,1,0,3),(759,758,0,2,0,3),(760,759,0,1,0,4),(761,760,0,1,0,3),(762,761,0,2,0,4),(763,762,0,0,0,4),(764,762,0,1,0,4),(765,764,0,0,0,4),(766,759,0,1,0,4),(767,766,0,1,0,4),(768,767,0,1,0,4),(769,768,0,0,0,4),(770,757,0,2,0,4),(771,770,0,2,0,4),(772,771,0,1,0,4),(773,772,0,1,0,4),(774,773,0,1,0,4),(775,774,0,0,0,4),(776,771,0,1,0,4),(777,776,0,1,0,4),(778,777,0,1,0,4),(779,778,0,0,0,4),(780,770,1,1,4,3),(781,780,0,1,0,4),(782,781,0,1,0,4),(783,782,0,0,0,4),(784,NULL,1,1,1,0),(785,784,0,3,0,1),(786,785,0,1,0,2),(787,786,0,2,0,3),(788,787,0,1,0,3),(789,788,0,1,0,3),(790,789,0,1,0,3),(791,790,0,0,0,4),(792,787,0,1,0,4),(793,792,0,1,0,4),(794,793,0,1,0,4),(795,794,0,0,0,4),(796,785,0,2,0,4),(797,796,0,1,0,4),(798,797,0,1,0,4),(799,798,0,2,0,4),(800,799,0,1,0,4),(801,800,0,0,0,4),(802,799,0,1,0,3),(803,802,0,0,0,4),(804,796,0,1,0,3),(805,804,0,1,0,4),(806,805,1,1,4,4),(807,806,0,2,0,4),(808,807,0,0,0,4),(809,807,0,1,0,4),(810,809,0,0,0,4),(811,785,0,1,0,3),(812,811,0,2,0,4),(813,812,0,1,0,4),(814,813,0,1,0,4),(815,814,0,1,0,4),(816,815,0,0,0,4),(817,812,0,1,0,3),(818,817,0,1,0,4),(819,818,0,1,0,4),(820,819,0,0,0,4),(821,NULL,1,2,4,0),(822,821,0,1,0,3),(823,822,0,0,0,4),(824,821,0,1,0,4),(825,824,0,0,0,4),(826,NULL,1,1,4,0),(827,826,0,2,0,4),(828,827,0,1,0,4),(829,828,0,0,0,4),(830,827,0,0,0,4),(831,NULL,1,1,1,0),(832,831,0,3,0,1),(833,832,0,1,0,3),(834,833,0,2,0,3),(835,834,0,1,0,4),(836,835,0,1,0,3),(837,836,0,2,0,4),(838,837,0,0,0,4),(839,837,0,1,0,4),(840,839,0,0,0,4),(841,834,0,1,0,4),(842,841,0,1,0,4),(843,842,0,1,0,4),(844,843,0,0,0,4),(845,832,0,2,0,3),(846,845,0,1,0,4),(847,846,0,1,0,4),(848,847,0,1,0,3),(849,848,0,1,0,4),(850,849,0,0,0,4),(851,845,0,2,0,3),(852,851,0,1,0,4),(853,852,0,1,0,4),(854,853,0,1,0,4),(855,854,0,0,0,4),(856,851,0,1,0,4),(857,856,0,1,0,4),(858,857,0,1,0,4),(859,858,0,0,0,4),(860,832,0,1,0,3),(861,860,0,1,0,4),(862,861,0,1,0,4),(863,862,1,2,4,4),(864,863,0,1,0,4),(865,864,0,0,0,4),(866,863,0,1,0,3),(867,866,0,0,0,4),(868,NULL,1,1,1,0),(869,868,0,3,0,1),(870,869,0,2,0,2),(871,870,0,1,0,3),(872,871,0,1,0,3),(873,872,0,1,0,3),(874,873,0,2,0,3),(875,874,0,0,0,4),(876,874,0,1,0,4),(877,876,0,0,0,4),(878,870,1,1,4,4),(879,878,0,1,0,4),(880,879,0,0,0,4),(881,869,0,1,0,4),(882,881,0,2,0,4),(883,882,0,1,0,4),(884,883,0,1,0,4),(885,884,0,1,0,4),(886,885,0,0,0,4),(887,882,0,1,0,4),(888,887,0,1,0,4),(889,888,0,1,0,4),(890,889,0,0,0,4),(891,869,0,1,0,3),(892,891,0,2,0,4),(893,892,0,1,0,4),(894,893,0,1,0,4),(895,894,0,1,0,4),(896,895,0,0,0,4),(897,892,0,1,0,3),(898,897,0,1,0,4),(899,898,0,1,0,4),(900,899,0,0,0,4),(901,NULL,1,2,4,0),(902,901,0,1,0,3),(903,902,0,0,0,4),(904,901,0,1,0,4),(905,904,0,1,0,4),(906,905,0,0,0,4),(907,NULL,1,1,4,0),(908,907,0,2,0,4),(909,908,0,1,0,4),(910,909,0,0,0,4),(911,908,0,0,0,4),(912,NULL,1,1,1,0),(913,912,0,2,0,1),(914,913,0,2,0,2),(915,914,0,1,0,3),(916,915,0,1,0,3),(917,916,0,1,0,3),(918,917,0,2,0,4),(919,918,0,0,0,4),(920,918,0,1,0,4),(921,920,0,0,0,4),(922,914,0,1,0,3),(923,922,0,1,0,4),(924,923,1,2,4,4),(925,924,0,0,0,4),(926,NULL,0,1,0,4),(927,924,0,2,0,4),(928,927,0,0,0,4),(929,913,0,2,0,4),(930,929,0,2,0,4),(931,930,0,1,0,4),(932,931,0,1,0,4),(933,932,0,1,0,4),(934,933,0,0,0,4),(935,930,0,1,0,4),(936,935,0,1,0,4),(937,936,0,1,0,4),(938,937,0,0,0,4),(939,929,0,2,0,4),(940,939,0,1,0,4),(941,940,0,1,0,4),(942,941,0,1,0,4),(943,942,0,0,0,4),(944,939,0,1,0,4),(945,944,0,1,0,4),(946,945,0,1,0,4),(947,946,0,0,0,4),(948,NULL,1,1,1,0),(949,948,0,3,0,1),(950,949,0,2,0,2),(951,950,0,1,0,3),(952,951,0,1,0,3),(953,952,0,1,0,3),(954,953,1,2,4,3),(955,954,0,0,0,4),(956,954,0,1,0,4),(957,956,0,0,0,4),(958,950,0,1,0,3),(959,958,0,1,0,4),(960,959,0,1,0,4),(961,960,0,1,0,4),(962,961,0,0,0,4),(963,949,0,1,0,4),(964,963,0,1,0,4),(965,964,0,1,0,4),(966,965,0,2,0,4),(967,966,0,1,0,4),(968,967,0,0,0,4),(969,966,0,1,0,3),(970,969,0,0,0,4),(971,949,0,1,0,3),(972,971,0,2,0,4),(973,972,0,1,0,4),(974,973,0,1,0,4),(975,974,0,1,0,4),(976,975,0,0,0,4),(977,972,0,1,0,3),(978,977,0,1,0,4),(979,978,0,1,0,4),(980,979,0,0,0,4),(981,NULL,1,2,4,0),(982,981,0,2,0,3),(983,982,0,0,0,4),(984,982,0,1,0,4),(985,984,0,0,0,4),(986,981,0,1,0,4),(987,986,0,1,0,4),(988,987,0,0,0,4),(989,NULL,1,1,4,0),(990,989,0,2,0,4),(991,990,0,1,0,4),(992,991,0,0,0,4),(993,990,0,0,0,4),(994,NULL,1,1,4,0),(995,994,0,0,0,4),(996,NULL,1,1,1,0),(997,996,0,3,0,1),(998,997,0,1,0,3),(999,998,0,1,0,3),(1000,999,0,1,0,4),(1001,1000,0,1,0,3),(1002,1001,0,2,0,4),(1003,1002,0,0,0,4),(1004,1002,0,1,0,4),(1005,1004,0,0,0,4),(1006,997,0,2,0,4),(1007,1006,0,1,0,4),(1008,1007,0,1,0,4),(1009,1008,0,1,0,4),(1010,1009,0,1,0,4),(1011,1010,0,0,0,4),(1012,1006,0,2,0,3),(1013,1012,0,1,0,4),(1014,1013,0,1,0,4),(1015,1014,0,1,0,4),(1016,1015,0,0,0,4),(1017,1012,1,1,4,3),(1018,1017,0,1,0,4),(1019,1018,0,0,0,4),(1020,997,0,2,0,4),(1021,1020,0,1,0,4),(1022,1021,0,1,0,4),(1023,1022,0,1,0,4),(1024,1023,0,1,0,4),(1025,1024,0,0,0,4),(1026,1020,0,1,0,3),(1027,1026,0,1,0,4),(1028,1027,0,1,0,4),(1029,1028,0,0,0,4),(1030,NULL,1,1,1,0),(1031,1030,0,3,0,1),(1032,1031,0,1,0,2),(1033,1032,0,2,0,3),(1034,1033,0,1,0,3),(1035,1034,0,1,0,3),(1036,1035,0,1,0,3),(1037,1036,0,0,0,4),(1038,1033,0,1,0,4),(1039,1038,0,1,0,4),(1040,1039,0,1,0,4),(1041,1040,0,1,0,4),(1042,1041,0,0,0,4),(1043,1031,0,2,0,3),(1044,1043,0,1,0,4),(1045,1044,0,1,0,4),(1046,1045,0,1,0,4),(1047,1046,0,1,0,4),(1048,1047,0,0,0,4),(1049,1043,0,1,0,3),(1050,1049,0,1,0,4),(1051,1050,1,2,4,4),(1052,1051,0,1,0,4),(1053,1052,0,0,0,4),(1054,1051,0,1,0,3),(1055,1054,0,0,0,4),(1056,1031,0,1,0,3),(1057,1056,0,1,0,4),(1058,1057,0,1,0,4),(1059,1058,0,1,0,4),(1060,1059,0,1,0,4),(1061,1060,0,0,0,4),(1062,NULL,1,3,4,0),(1063,1062,0,1,0,3),(1064,1063,0,0,0,4),(1065,1062,0,1,0,4),(1066,1065,0,1,0,4),(1067,1066,0,0,0,4),(1068,1062,0,1,0,4),(1069,1068,0,0,0,4),(1070,NULL,1,1,4,0),(1071,1070,0,2,0,4),(1072,1071,0,1,0,4),(1073,1072,0,0,0,4),(1074,1071,0,0,0,4),(1075,NULL,1,1,1,0),(1076,1075,0,3,0,1),(1077,1076,0,1,0,3),(1078,1077,0,1,0,3),(1079,1078,0,1,0,4),(1080,1079,0,1,0,3),(1081,1080,0,2,0,4),(1082,1081,0,0,0,4),(1083,1081,0,1,0,4),(1084,1083,0,0,0,4),(1085,1076,0,2,0,3),(1086,1085,0,1,0,4),(1087,1086,0,1,0,4),(1088,1087,1,2,4,3),(1089,1088,0,1,0,4),(1090,1089,0,0,0,4),(1091,1088,0,1,0,4),(1092,1091,0,0,0,4),(1093,1085,0,2,0,3),(1094,1093,0,1,0,4),(1095,1094,0,0,0,4),(1096,1093,0,1,0,4),(1097,1096,0,1,0,4),(1098,1097,0,0,0,4),(1099,1076,0,2,0,4),(1100,1099,0,2,0,4),(1101,1100,0,0,0,4),(1102,1099,0,2,0,4),(1103,1102,0,1,0,4),(1104,1103,0,0,0,4),(1105,1100,0,2,0,3),(1106,1105,0,0,0,4),(1107,1105,0,1,0,4),(1108,1107,0,0,0,4),(1109,NULL,1,1,1,0),(1110,1109,0,3,0,1),(1111,1110,0,1,0,2),(1112,1111,0,2,0,3),(1113,1112,0,1,0,3),(1114,1113,0,1,0,3),(1115,1114,0,2,0,3),(1116,1115,0,0,0,4),(1117,1115,0,1,0,4),(1118,1117,0,0,0,4),(1119,1112,0,1,0,4),(1120,1119,0,1,0,4),(1121,1120,1,1,4,4),(1122,1121,0,1,0,4),(1123,1122,0,0,0,4),(1124,1110,0,2,0,3),(1125,1124,0,1,0,4),(1126,1125,0,1,0,4),(1127,1126,0,1,0,4),(1128,1127,0,1,0,4),(1129,1128,0,0,0,4),(1130,1124,0,1,0,3),(1131,1130,0,1,0,4),(1132,1131,0,1,0,4),(1133,1132,0,1,0,4),(1134,1133,0,0,0,4),(1135,1110,0,1,0,3),(1136,1135,0,1,0,4),(1137,1136,0,1,0,4),(1138,1137,0,1,0,4),(1139,1138,0,0,0,4),(1140,NULL,1,1,4,0),(1141,1140,0,1,0,3),(1142,1141,0,0,0,4),(1143,NULL,1,1,4,0),(1144,1143,0,2,0,4),(1145,1144,0,1,0,4),(1146,1145,0,0,0,4),(1147,1144,0,0,0,4),(1148,NULL,1,1,4,0),(1149,1148,0,0,0,4),(1150,NULL,1,1,4,0),(1151,1150,0,0,0,4),(1152,NULL,1,1,4,0),(1153,1152,0,0,0,4),(1154,NULL,1,1,4,0),(1155,1154,0,0,0,4),(1156,NULL,1,1,4,0),(1157,1156,0,0,0,4),(1158,NULL,1,1,4,0),(1159,1158,0,0,0,4),(1160,NULL,1,1,4,0),(1161,1160,0,0,0,4),(1162,NULL,1,1,4,0),(1163,1162,0,0,0,4),(1164,NULL,1,1,4,0),(1165,1164,0,0,0,4),(1166,NULL,1,1,4,0),(1167,1166,0,0,0,4),(1168,NULL,1,1,4,0),(1169,1168,0,0,0,4),(1170,NULL,1,1,4,0),(1171,1170,0,0,0,4),(1172,NULL,1,1,4,0),(1173,1172,0,0,0,4),(1174,NULL,1,1,4,0),(1175,1174,0,0,0,4),(1176,NULL,1,1,4,0),(1177,1176,0,0,0,4),(1178,NULL,1,1,4,0),(1179,1178,0,0,0,4),(1180,NULL,1,1,4,0),(1181,1180,0,0,0,4);
/*!40000 ALTER TABLE `weapon_crafting_info` ENABLE KEYS */;
UNLOCK TABLES;

--
-- Table structure for table `weapon_crafting_info_branches`
--

DROP TABLE IF EXISTS `weapon_crafting_info_branches`;
/*!40101 SET @saved_cs_client     = @@character_set_client */;
/*!40101 SET character_set_client = utf8 */;
CREATE TABLE `weapon_crafting_info_branches` (
  `weapon_crafting_info_id` int(10) unsigned NOT NULL,
  `branch_id` int(10) unsigned NOT NULL,
  PRIMARY KEY (`weapon_crafting_info_id`,`branch_id`),
  KEY `IDX_960A7F5CD4C2CCD2` (`weapon_crafting_info_id`),
  KEY `IDX_960A7F5CDCD6CC49` (`branch_id`),
  CONSTRAINT `FK_960A7F5CD4C2CCD2` FOREIGN KEY (`weapon_crafting_info_id`) REFERENCES `weapon_crafting_info` (`id`),
  CONSTRAINT `FK_960A7F5CDCD6CC49` FOREIGN KEY (`branch_id`) REFERENCES `weapons` (`id`)
) ENGINE=InnoDB DEFAULT CHARSET=utf8 COLLATE=utf8_unicode_ci;
/*!40101 SET character_set_client = @saved_cs_client */;

--
-- Dumping data for table `weapon_crafting_info_branches`
--

LOCK TABLES `weapon_crafting_info_branches` WRITE;
/*!40000 ALTER TABLE `weapon_crafting_info_branches` DISABLE KEYS */;
INSERT INTO `weapon_crafting_info_branches` VALUES (1,2),(2,3),(2,20),(2,33),(3,4),(3,11),(4,5),(5,6),(6,7),(7,8),(7,9),(9,10),(11,12),(11,16),(12,13),(13,14),(14,15),(16,17),(17,18),(18,19),(20,21),(20,26),(21,22),(22,23),(23,24),(24,25),(26,27),(27,28),(28,29),(28,31),(29,30),(31,32),(33,34),(33,39),(34,35),(35,36),(36,37),(37,38),(39,40),(40,41),(41,42),(42,43),(44,45),(45,46),(45,57),(45,63),(46,47),(46,54),(47,48),(48,49),(49,50),(50,51),(50,52),(52,53),(54,55),(55,56),(57,58),(58,59),(59,60),(60,61),(61,62),(63,64),(63,69),(64,65),(65,66),(66,67),(67,68),(69,70),(70,71),(71,72),(72,73),(74,75),(74,77),(74,80),(75,76),(77,78),(78,79),(80,81),(82,83),(83,84),(83,86),(84,85),(87,88),(89,90),(90,91),(90,104),(91,92),(91,99),(92,93),(93,94),(94,95),(95,96),(95,97),(97,98),(99,100),(100,101),(101,102),(102,103),(104,105),(104,112),(105,106),(106,107),(107,108),(107,110),(108,109),(110,111),(112,113),(112,115),(113,114),(115,116),(116,117),(117,118),(119,120),(120,121),(120,134),(120,142),(121,122),(121,129),(122,123),(123,124),(124,125),(125,126),(125,127),(127,128),(129,130),(130,131),(131,132),(132,133),(134,135),(135,136),(136,137),(137,138),(138,139),(138,140),(140,141),(142,143),(142,152),(143,144),(143,148),(144,145),(145,146),(146,147),(148,149),(149,150),(150,151),(152,153),(153,154),(154,155),(155,156),(157,158),(157,160),(158,159),(160,161),(162,163),(163,164),(163,166),(164,165),(167,168),(170,171),(171,172),(171,187),(171,206),(172,173),(173,174),(173,180),(173,184),(174,175),(175,176),(176,177),(176,178),(178,179),(180,181),(181,182),(182,183),(184,185),(185,186),(187,188),(187,197),(187,201),(188,189),(188,193),(189,190),(190,191),(191,192),(193,194),(194,195),(195,196),(197,198),(198,199),(199,200),(201,202),(202,203),(203,204),(204,205),(206,207),(206,212),(207,208),(208,209),(209,210),(210,211),(212,213),(213,214),(214,215),(215,216),(217,218),(218,219),(218,230),(218,241),(219,220),(219,225),(220,221),(221,222),(222,223),(223,224),(225,226),(226,227),(227,228),(228,229),(230,231),(230,236),(231,232),(232,233),(233,234),(234,235),(236,237),(237,238),(238,239),(239,240),(241,242),(241,247),(242,243),(243,244),(244,245),(245,246),(247,248),(248,249),(249,250),(251,252),(251,254),(252,253),(254,255),(255,256),(257,258),(258,259),(258,261),(259,260),(262,263),(263,264),(264,265),(264,272),(265,266),(266,267),(266,283),(267,268),(268,269),(268,270),(270,271),(272,273),(272,279),(273,274),(274,275),(274,277),(275,276),(277,278),(279,280),(279,283),(280,281),(281,282),(283,284),(283,289),(284,285),(285,286),(286,287),(287,288),(289,290),(290,291),(292,293),(293,294),(293,309),(293,322),(294,295),(294,300),(295,296),(296,297),(297,298),(298,299),(300,301),(300,305),(301,302),(302,303),(303,304),(305,306),(306,307),(307,308),(309,310),(309,317),(310,311),(311,312),(312,313),(312,315),(313,314),(315,316),(317,318),(318,319),(319,320),(320,321),(322,323),(323,324),(323,328),(324,325),(325,326),(326,327),(328,329),(329,330),(330,331),(332,333),(332,335),(332,338),(333,334),(335,336),(336,337),(338,339),(340,341),(341,342),(341,344),(342,343),(345,346),(346,358),(346,369),(347,348),(348,349),(348,355),(348,358),(348,369),(349,350),(350,351),(351,352),(351,353),(353,354),(355,356),(356,357),(358,359),(358,364),(359,360),(360,361),(361,362),(362,363),(364,365),(365,366),(366,367),(367,368),(369,370),(369,374),(370,371),(371,372),(372,373),(374,375),(375,376),(376,377),(377,378),(379,380),(380,381),(380,396),(380,406),(381,382),(381,389),(382,383),(383,384),(384,385),(384,387),(385,386),(385,388),(387,388),(389,390),(390,391),(390,394),(391,392),(392,393),(394,395),(396,397),(397,398),(397,402),(398,399),(399,400),(400,401),(402,403),(403,404),(404,405),(406,407),(406,412),(407,408),(408,409),(409,410),(410,411),(412,413),(413,414),(417,418),(417,420),(418,419),(420,421),(422,423),(423,424),(423,426),(424,425),(427,428),(429,430),(430,431),(430,444),(430,454),(431,432),(431,439),(432,433),(433,434),(434,435),(435,436),(435,437),(437,438),(439,440),(440,441),(441,442),(442,443),(444,445),(444,450),(445,446),(446,447),(447,448),(448,449),(450,451),(451,452),(452,453),(454,455),(455,456),(455,460),(456,457),(457,458),(458,459),(460,461),(461,462),(462,463),(464,465),(465,466),(465,479),(465,492),(466,467),(466,474),(467,468),(468,469),(469,470),(469,472),(470,471),(472,473),(474,475),(475,476),(476,477),(477,478),(479,480),(479,485),(480,481),(481,482),(482,483),(483,484),(485,486),(486,487),(487,488),(487,490),(488,489),(490,491),(492,493),(492,498),(493,494),(494,495),(495,496),(496,497),(498,499),(499,500),(500,501),(501,502),(503,504),(503,506),(504,505),(506,507),(507,508),(509,510),(510,511),(510,513),(511,512),(514,515),(515,516),(515,528),(515,541),(516,517),(517,518),(517,524),(518,519),(519,520),(520,521),(520,522),(522,523),(524,525),(525,526),(526,527),(528,529),(528,536),(529,530),(530,531),(531,532),(531,534),(532,533),(534,535),(536,537),(537,538),(538,539),(539,540),(541,542),(542,543),(542,547),(543,544),(544,545),(545,546),(547,548),(548,549),(549,550),(550,551),(552,553),(553,554),(553,567),(554,555),(554,562),(555,556),(556,557),(557,558),(558,559),(558,560),(560,561),(562,563),(563,564),(564,565),(565,566),(567,568),(568,569),(568,573),(568,577),(569,570),(570,571),(571,572),(573,574),(574,575),(575,576),(577,578),(578,579),(579,580),(580,581),(581,582),(583,584),(583,588),(584,585),(584,586),(586,587),(588,589),(589,590),(591,592),(592,593),(592,595),(593,594),(596,597),(598,599),(599,600),(599,608),(599,623),(600,601),(601,602),(602,603),(603,604),(604,605),(604,606),(606,607),(608,609),(608,619),(609,610),(609,614),(610,611),(611,612),(612,613),(614,615),(615,616),(616,617),(617,618),(619,620),(620,621),(621,622),(623,624),(624,625),(624,629),(625,626),(626,627),(627,628),(629,630),(630,631),(631,632),(633,634),(634,635),(634,643),(634,656),(635,636),(636,637),(637,638),(638,639),(638,641),(639,640),(641,642),(643,644),(643,649),(644,645),(645,646),(646,647),(647,648),(649,650),(650,651),(651,652),(652,653),(652,654),(654,655),(656,657),(656,662),(657,658),(658,659),(659,660),(660,661),(662,663),(663,664),(664,665),(665,666),(667,668),(667,670),(668,669),(670,671),(672,673),(673,674),(673,676),(674,675),(677,678),(678,679),(678,698),(679,680),(679,691),(680,681),(680,687),(681,682),(682,683),(683,684),(683,685),(685,686),(687,688),(688,689),(689,690),(691,692),(692,693),(693,694),(693,696),(694,695),(696,697),(698,699),(699,700),(699,706),(700,701),(701,702),(701,704),(702,703),(704,705),(706,707),(707,708),(708,709),(710,711),(711,712),(711,720),(711,731),(712,713),(713,714),(714,715),(715,716),(716,717),(716,718),(718,719),(720,721),(720,726),(721,722),(722,723),(723,724),(724,725),(726,727),(727,728),(728,729),(729,730),(731,732),(731,742),(732,733),(732,737),(733,734),(734,735),(735,736),(737,738),(738,739),(739,740),(740,741),(742,743),(743,744),(745,746),(745,748),(746,747),(748,749),(749,750),(751,752),(752,753),(752,755),(753,754),(756,757),(757,758),(757,770),(758,759),(759,760),(759,766),(760,761),(761,762),(762,763),(762,764),(764,765),(766,767),(767,768),(768,769),(770,771),(770,780),(771,772),(771,776),(772,773),(773,774),(774,775),(776,777),(777,778),(778,779),(780,781),(781,782),(782,783),(784,785),(785,786),(785,796),(785,811),(786,787),(787,788),(787,792),(788,789),(789,790),(790,791),(792,793),(793,794),(794,795),(796,797),(796,804),(797,798),(798,799),(799,800),(799,802),(800,801),(802,803),(804,805),(805,806),(806,807),(807,808),(807,809),(809,810),(811,812),(812,813),(812,817),(813,814),(814,815),(815,816),(817,818),(818,819),(819,820),(821,822),(821,824),(822,823),(824,825),(826,827),(827,828),(827,830),(828,829),(831,832),(832,833),(832,845),(832,860),(833,834),(834,835),(834,841),(835,836),(836,837),(837,838),(837,839),(839,840),(841,842),(842,843),(843,844),(845,846),(845,851),(846,847),(847,848),(848,849),(849,850),(851,852),(851,856),(852,853),(853,854),(854,855),(856,857),(857,858),(858,859),(860,861),(861,862),(862,863),(863,864),(863,866),(864,865),(866,867),(868,869),(869,870),(869,881),(869,891),(870,871),(870,878),(871,872),(872,873),(873,874),(874,875),(874,876),(876,877),(878,879),(879,880),(881,882),(882,883),(882,887),(883,884),(884,885),(885,886),(887,888),(888,889),(889,890),(891,892),(892,893),(892,897),(893,894),(894,895),(895,896),(897,898),(898,899),(899,900),(901,902),(901,904),(902,903),(904,905),(905,906),(907,908),(908,909),(908,911),(909,910),(912,913),(913,914),(913,929),(914,915),(914,922),(915,916),(916,917),(917,918),(918,919),(918,920),(920,921),(922,923),(923,924),(924,925),(924,927),(926,927),(927,928),(927,929),(929,930),(929,939),(930,931),(930,935),(931,932),(932,933),(933,934),(935,936),(936,937),(937,938),(939,940),(939,944),(940,941),(941,942),(942,943),(944,945),(945,946),(946,947),(948,949),(949,950),(949,963),(949,971),(950,951),(950,958),(951,952),(952,953),(953,954),(954,955),(954,956),(956,957),(958,959),(959,960),(960,961),(961,962),(963,964),(964,965),(965,966),(966,967),(966,969),(967,968),(969,970),(971,972),(972,973),(972,977),(973,974),(974,975),(975,976),(977,978),(978,979),(979,980),(981,982),(981,986),(982,983),(982,984),(984,985),(986,987),(987,988),(989,990),(990,991),(990,993),(991,992),(994,995),(996,997),(997,998),(997,1006),(997,1020),(998,999),(999,1000),(1000,1001),(1001,1002),(1002,1003),(1002,1004),(1004,1005),(1006,1007),(1006,1012),(1007,1008),(1008,1009),(1009,1010),(1010,1011),(1012,1013),(1012,1017),(1013,1014),(1014,1015),(1015,1016),(1017,1018),(1018,1019),(1020,1021),(1020,1026),(1021,1022),(1022,1023),(1023,1024),(1024,1025),(1026,1027),(1027,1028),(1028,1029),(1030,1031),(1031,1032),(1031,1043),(1031,1056),(1032,1033),(1033,1034),(1033,1038),(1034,1035),(1035,1036),(1036,1037),(1038,1039),(1039,1040),(1040,1041),(1041,1042),(1043,1044),(1043,1049),(1044,1045),(1045,1046),(1046,1047),(1047,1048),(1049,1050),(1050,1051),(1051,1052),(1051,1054),(1052,1053),(1054,1055),(1056,1057),(1057,1058),(1058,1059),(1059,1060),(1060,1061),(1062,1063),(1062,1065),(1062,1068),(1063,1064),(1065,1066),(1066,1067),(1068,1069),(1070,1071),(1071,1072),(1071,1074),(1072,1073),(1075,1076),(1076,1077),(1076,1085),(1076,1099),(1077,1078),(1078,1079),(1079,1080),(1080,1081),(1081,1082),(1081,1083),(1083,1084),(1085,1086),(1085,1093),(1086,1087),(1087,1088),(1088,1089),(1088,1091),(1089,1090),(1091,1092),(1093,1094),(1093,1096),(1094,1095),(1096,1097),(1097,1098),(1099,1100),(1099,1102),(1100,1101),(1100,1105),(1102,1103),(1102,1105),(1103,1104),(1105,1106),(1105,1107),(1107,1108),(1109,1110),(1110,1111),(1110,1124),(1110,1135),(1111,1112),(1112,1113),(1112,1119),(1113,1114),(1114,1115),(1115,1116),(1115,1117),(1117,1118),(1119,1120),(1120,1121),(1121,1122),(1122,1123),(1124,1125),(1124,1130),(1125,1126),(1126,1127),(1127,1128),(1128,1129),(1130,1131),(1131,1132),(1132,1133),(1133,1134),(1135,1136),(1136,1137),(1137,1138),(1138,1139),(1140,1141),(1141,1142),(1143,1144),(1144,1145),(1144,1147),(1145,1146),(1148,1149),(1150,1151),(1152,1153),(1154,1155),(1156,1157),(1158,1159),(1160,1161),(1162,1163),(1164,1165),(1166,1167),(1168,1169),(1170,1171),(1172,1173),(1174,1175),(1176,1177),(1178,1179),(1180,1181);
/*!40000 ALTER TABLE `weapon_crafting_info_branches` ENABLE KEYS */;
UNLOCK TABLES;

--
-- Table structure for table `weapon_crafting_info_crafting_material_costs`
--

DROP TABLE IF EXISTS `weapon_crafting_info_crafting_material_costs`;
/*!40101 SET @saved_cs_client     = @@character_set_client */;
/*!40101 SET character_set_client = utf8 */;
CREATE TABLE `weapon_crafting_info_crafting_material_costs` (
  `weapon_crafting_info_id` int(10) unsigned NOT NULL,
  `crafting_material_cost_id` int(10) unsigned NOT NULL,
  PRIMARY KEY (`weapon_crafting_info_id`,`crafting_material_cost_id`),
  KEY `IDX_DCB3F113D4C2CCD2` (`weapon_crafting_info_id`),
  KEY `IDX_DCB3F113DD94392C` (`crafting_material_cost_id`),
  CONSTRAINT `FK_DCB3F113D4C2CCD2` FOREIGN KEY (`weapon_crafting_info_id`) REFERENCES `weapon_crafting_info` (`id`),
  CONSTRAINT `FK_DCB3F113DD94392C` FOREIGN KEY (`crafting_material_cost_id`) REFERENCES `crafting_material_costs` (`id`)
) ENGINE=InnoDB DEFAULT CHARSET=utf8 COLLATE=utf8_unicode_ci;
/*!40101 SET character_set_client = @saved_cs_client */;

--
-- Dumping data for table `weapon_crafting_info_crafting_material_costs`
--

LOCK TABLES `weapon_crafting_info_crafting_material_costs` WRITE;
/*!40000 ALTER TABLE `weapon_crafting_info_crafting_material_costs` DISABLE KEYS */;
INSERT INTO `weapon_crafting_info_crafting_material_costs` VALUES (1,51455),(28,51556),(28,51557),(28,51558),(28,51559),(44,51619),(74,51727),(74,51728),(74,51729),(74,51730),(82,51758),(82,51759),(82,51760),(82,51761),(87,51778),(87,51779),(87,51780),(87,51781),(89,51802),(112,51859),(112,51860),(112,51861),(112,51862),(119,51913),(137,51975),(137,51976),(137,51977),(137,51978),(157,52053),(157,52054),(157,52055),(157,52056),(162,52072),(162,52073),(162,52074),(162,52075),(167,52092),(167,52093),(167,52094),(169,52107),(169,52108),(169,52109),(169,52110),(170,52111),(197,52181),(197,52182),(197,52183),(197,52184),(217,52289),(249,52402),(249,52403),(249,52404),(249,52405),(251,52414),(251,52415),(251,52416),(251,52417),(257,52437),(257,52438),(257,52439),(257,52440),(262,52465),(274,52510),(274,52511),(274,52512),(274,52513),(292,52577),(312,52650),(312,52651),(312,52652),(312,52653),(332,52724),(332,52725),(332,52726),(332,52727),(340,52755),(340,52756),(340,52757),(340,52758),(345,52783),(372,52884),(372,52885),(372,52886),(372,52887),(379,52912),(391,52953),(391,52954),(391,52955),(391,52956),(417,53051),(417,53052),(417,53053),(417,53054),(422,53070),(422,53071),(422,53072),(422,53073),(427,53090),(427,53091),(427,53092),(427,53093),(429,53106),(450,53168),(450,53169),(450,53170),(450,53171),(464,53237),(487,53316),(487,53317),(487,53318),(487,53319),(503,53379),(503,53380),(503,53381),(503,53382),(509,53402),(509,53403),(509,53404),(509,53405),(514,53430),(531,53494),(531,53495),(531,53496),(531,53497),(552,53572),(564,53610),(564,53611),(564,53612),(564,53613),(583,53685),(583,53686),(583,53687),(583,53688),(591,53716),(591,53717),(591,53718),(591,53719),(596,53736),(596,53737),(596,53738),(596,53739),(598,53752),(611,53805),(611,53806),(611,53807),(611,53808),(633,53884),(651,53946),(651,53947),(651,53948),(651,53949),(667,54009),(667,54010),(667,54011),(667,54012),(672,54028),(672,54029),(672,54030),(672,54031),(677,54056),(693,54114),(693,54115),(693,54116),(693,54117),(710,54182),(723,54228),(723,54229),(723,54230),(723,54231),(745,54312),(745,54313),(745,54314),(745,54315),(751,54335),(751,54336),(751,54337),(751,54338),(756,54363),(780,54418),(780,54419),(780,54420),(780,54421),(784,54469),(806,54546),(806,54547),(806,54548),(806,54549),(821,54605),(821,54606),(821,54607),(821,54608),(826,54624),(826,54625),(826,54626),(826,54627),(831,54652),(863,54767),(863,54768),(863,54769),(863,54770),(868,54790),(878,54804),(878,54805),(878,54806),(878,54807),(901,54912),(901,54913),(901,54914),(901,54915),(907,54935),(907,54936),(907,54937),(907,54938),(912,54963),(924,55003),(924,55004),(924,55005),(924,55006),(948,55099),(954,55122),(954,55123),(954,55124),(954,55125),(981,55219),(981,55220),(981,55221),(981,55222),(989,55250),(989,55251),(989,55252),(989,55253),(994,55270),(994,55271),(994,55272),(994,55273),(996,55286),(1017,55352),(1017,55353),(1017,55354),(1017,55355),(1030,55414),(1051,55487),(1051,55488),(1051,55489),(1051,55490),(1062,55530),(1062,55531),(1062,55532),(1062,55533),(1070,55561),(1070,55562),(1070,55563),(1070,55564),(1075,55589),(1088,55638),(1088,55639),(1088,55640),(1088,55641),(1109,55716),(1121,55758),(1121,55759),(1121,55760),(1121,55761),(1140,55829),(1140,55830),(1140,55831),(1140,55832),(1143,55840),(1143,55841),(1143,55842),(1143,55843),(1148,55860),(1148,55861),(1148,55862),(1148,55863),(1150,51786),(1150,51787),(1150,51788),(1150,51789),(1152,52099),(1152,52100),(1152,52101),(1152,52102),(1154,52457),(1154,52458),(1154,52459),(1154,52460),(1156,52775),(1156,52776),(1156,52777),(1156,52778),(1158,53098),(1158,53099),(1158,53100),(1158,53101),(1160,53422),(1160,53423),(1160,53424),(1160,53425),(1162,53744),(1162,53745),(1162,53746),(1162,53747),(1164,54048),(1164,54049),(1164,54050),(1164,54051),(1166,54355),(1166,54356),(1166,54357),(1166,54358),(1168,54644),(1168,54645),(1168,54646),(1168,54647),(1170,54955),(1170,54956),(1170,54957),(1170,54958),(1172,55278),(1172,55279),(1172,55280),(1172,55281),(1174,55581),(1174,55582),(1174,55583),(1174,55584),(1176,55868),(1176,55869),(1176,55870),(1176,55871),(1178,55876),(1178,55877),(1178,55878),(1178,55879),(1180,51794),(1180,51795),(1180,51796),(1180,51797);
/*!40000 ALTER TABLE `weapon_crafting_info_crafting_material_costs` ENABLE KEYS */;
UNLOCK TABLES;

--
-- Table structure for table `weapon_crafting_info_upgrade_material_costs`
--

DROP TABLE IF EXISTS `weapon_crafting_info_upgrade_material_costs`;
/*!40101 SET @saved_cs_client     = @@character_set_client */;
/*!40101 SET character_set_client = utf8 */;
CREATE TABLE `weapon_crafting_info_upgrade_material_costs` (
  `weapon_crafting_info_id` int(10) unsigned NOT NULL,
  `crafting_material_cost_id` int(10) unsigned NOT NULL,
  PRIMARY KEY (`weapon_crafting_info_id`,`crafting_material_cost_id`),
  KEY `IDX_B0AB8CFDD4C2CCD2` (`weapon_crafting_info_id`),
  KEY `IDX_B0AB8CFDDD94392C` (`crafting_material_cost_id`),
  CONSTRAINT `FK_B0AB8CFDD4C2CCD2` FOREIGN KEY (`weapon_crafting_info_id`) REFERENCES `weapon_crafting_info` (`id`),
  CONSTRAINT `FK_B0AB8CFDDD94392C` FOREIGN KEY (`crafting_material_cost_id`) REFERENCES `crafting_material_costs` (`id`)
) ENGINE=InnoDB DEFAULT CHARSET=utf8 COLLATE=utf8_unicode_ci;
/*!40101 SET character_set_client = @saved_cs_client */;

--
-- Dumping data for table `weapon_crafting_info_upgrade_material_costs`
--

LOCK TABLES `weapon_crafting_info_upgrade_material_costs` WRITE;
/*!40000 ALTER TABLE `weapon_crafting_info_upgrade_material_costs` DISABLE KEYS */;
INSERT INTO `weapon_crafting_info_upgrade_material_costs` VALUES (2,51456),(3,51457),(3,51458),(3,51459),(4,51467),(4,51468),(4,51469),(5,51474),(5,51475),(5,51476),(5,51477),(6,51478),(6,51479),(6,51480),(7,51481),(7,51482),(7,51483),(7,51484),(8,51485),(8,51486),(8,51487),(8,51488),(9,51489),(9,51490),(9,51491),(9,51492),(10,51493),(10,51494),(10,51495),(10,51496),(11,51470),(11,51471),(11,51472),(11,51473),(12,51497),(12,51498),(12,51499),(12,51500),(13,51505),(13,51506),(13,51507),(13,51508),(14,51509),(14,51510),(14,51511),(14,51512),(15,51513),(15,51514),(15,51515),(15,51516),(16,51501),(16,51502),(16,51503),(16,51504),(17,51517),(17,51518),(17,51519),(17,51520),(18,51521),(18,51522),(18,51523),(18,51524),(19,51525),(19,51526),(19,51527),(19,51528),(20,51460),(20,51461),(20,51462),(20,51463),(21,51529),(21,51530),(21,51531),(21,51532),(22,51536),(22,51537),(22,51538),(22,51539),(23,51540),(23,51541),(23,51542),(23,51543),(24,51544),(24,51545),(24,51546),(24,51547),(25,51548),(25,51549),(25,51550),(25,51551),(26,51533),(26,51534),(26,51535),(27,51552),(27,51553),(27,51554),(27,51555),(28,51560),(28,51561),(28,51562),(28,51563),(29,51564),(29,51565),(29,51566),(29,51567),(30,51571),(30,51572),(30,51573),(30,51574),(31,51568),(31,51569),(31,51570),(32,51575),(32,51576),(32,51577),(32,51578),(33,51464),(33,51465),(33,51466),(34,51579),(34,51580),(34,51581),(34,51582),(35,51587),(35,51588),(35,51589),(35,51590),(36,51591),(36,51592),(36,51593),(36,51594),(37,51595),(37,51596),(37,51597),(37,51598),(38,51599),(38,51600),(38,51601),(38,51602),(39,51583),(39,51584),(39,51585),(39,51586),(40,51603),(40,51604),(40,51605),(40,51606),(41,51607),(41,51608),(41,51609),(41,51610),(42,51611),(42,51612),(42,51613),(42,51614),(43,51615),(43,51616),(43,51617),(43,51618),(45,51620),(46,51621),(46,51622),(47,51630),(47,51631),(47,51632),(48,51637),(48,51638),(48,51639),(49,51640),(49,51641),(49,51642),(50,51643),(50,51644),(50,51645),(50,51646),(50,51647),(51,51648),(51,51649),(51,51650),(51,51651),(52,51652),(52,51653),(52,51654),(52,51655),(53,51656),(53,51657),(53,51658),(53,51659),(54,51633),(54,51634),(54,51635),(54,51636),(55,51660),(55,51661),(55,51662),(55,51663),(56,51664),(56,51665),(56,51666),(56,51667),(57,51623),(57,51624),(57,51625),(57,51626),(58,51668),(58,51669),(58,51670),(58,51671),(59,51672),(59,51673),(59,51674),(59,51675),(60,51676),(60,51677),(60,51678),(60,51679),(61,51680),(61,51681),(61,51682),(61,51683),(62,51684),(62,51685),(62,51686),(62,51687),(63,51627),(63,51628),(63,51629),(64,51688),(64,51689),(64,51690),(64,51691),(65,51695),(65,51696),(65,51697),(65,51698),(66,51699),(66,51700),(66,51701),(66,51702),(67,51703),(67,51704),(67,51705),(67,51706),(68,51707),(68,51708),(68,51709),(68,51710),(69,51692),(69,51693),(69,51694),(70,51711),(70,51712),(70,51713),(70,51714),(71,51715),(71,51716),(71,51717),(71,51718),(72,51719),(72,51720),(72,51721),(72,51722),(73,51723),(73,51724),(73,51725),(73,51726),(75,51731),(75,51732),(75,51733),(76,51742),(76,51743),(76,51744),(76,51745),(77,51734),(77,51735),(77,51736),(77,51737),(78,51746),(78,51747),(78,51748),(78,51749),(79,51750),(79,51751),(79,51752),(79,51753),(80,51738),(80,51739),(80,51740),(80,51741),(81,51754),(81,51755),(81,51756),(81,51757),(83,51762),(83,51763),(83,51764),(83,51765),(84,51766),(84,51767),(84,51768),(84,51769),(85,51774),(85,51775),(85,51776),(85,51777),(86,51770),(86,51771),(86,51772),(86,51773),(88,51782),(88,51783),(88,51784),(88,51785),(90,51803),(91,51804),(91,51805),(91,51806),(92,51810),(92,51811),(92,51812),(93,51816),(93,51817),(93,51818),(93,51819),(94,51820),(94,51821),(94,51822),(95,51823),(95,51824),(95,51825),(95,51826),(96,51827),(96,51828),(96,51829),(96,51830),(97,51831),(97,51832),(97,51833),(97,51834),(98,51835),(98,51836),(98,51837),(98,51838),(99,51813),(99,51814),(99,51815),(100,51839),(100,51840),(100,51841),(100,51842),(101,51843),(101,51844),(101,51845),(101,51846),(102,51847),(102,51848),(102,51849),(102,51850),(103,51851),(103,51852),(103,51853),(103,51854),(104,51807),(104,51808),(104,51809),(105,51855),(105,51856),(105,51857),(105,51858),(106,51866),(106,51867),(106,51868),(106,51869),(107,51870),(107,51871),(107,51872),(108,51873),(108,51874),(108,51875),(108,51876),(109,51881),(109,51882),(109,51883),(109,51884),(110,51877),(110,51878),(110,51879),(110,51880),(111,51885),(111,51886),(111,51887),(111,51888),(112,51863),(112,51864),(112,51865),(113,51889),(113,51890),(113,51891),(113,51892),(114,51897),(114,51898),(114,51899),(114,51900),(115,51893),(115,51894),(115,51895),(115,51896),(116,51901),(116,51902),(116,51903),(116,51904),(117,51905),(117,51906),(117,51907),(117,51908),(118,51909),(118,51910),(118,51911),(118,51912),(120,51914),(121,51915),(121,51916),(122,51924),(122,51925),(122,51926),(123,51930),(123,51931),(123,51932),(124,51933),(124,51934),(124,51935),(125,51936),(125,51937),(125,51938),(126,51939),(126,51940),(126,51941),(126,51942),(127,51943),(127,51944),(127,51945),(127,51946),(128,51947),(128,51948),(128,51949),(128,51950),(129,51927),(129,51928),(129,51929),(130,51951),(130,51952),(130,51953),(130,51954),(131,51955),(131,51956),(131,51957),(131,51958),(132,51959),(132,51960),(132,51961),(132,51962),(133,51963),(133,51964),(133,51965),(133,51966),(134,51917),(134,51918),(134,51919),(134,51920),(135,51967),(135,51968),(135,51969),(135,51970),(136,51971),(136,51972),(136,51973),(136,51974),(137,51979),(137,51980),(137,51981),(137,51982),(138,51983),(138,51984),(138,51985),(138,51986),(139,51987),(139,51988),(139,51989),(139,51990),(140,51991),(140,51992),(140,51993),(140,51994),(141,51995),(141,51996),(141,51997),(141,51998),(142,51921),(142,51922),(142,51923),(143,51999),(143,52000),(143,52001),(143,52002),(144,52006),(144,52007),(144,52008),(144,52009),(145,52013),(145,52014),(145,52015),(145,52016),(146,52017),(146,52018),(146,52019),(146,52020),(147,52021),(147,52022),(147,52023),(147,52024),(148,52010),(148,52011),(148,52012),(149,52025),(149,52026),(149,52027),(149,52028),(150,52029),(150,52030),(150,52031),(150,52032),(151,52033),(151,52034),(151,52035),(151,52036),(152,52003),(152,52004),(152,52005),(153,52037),(153,52038),(153,52039),(153,52040),(154,52041),(154,52042),(154,52043),(154,52044),(155,52045),(155,52046),(155,52047),(155,52048),(156,52049),(156,52050),(156,52051),(156,52052),(158,52057),(158,52058),(158,52059),(159,52064),(159,52065),(159,52066),(159,52067),(160,52060),(160,52061),(160,52062),(160,52063),(161,52068),(161,52069),(161,52070),(161,52071),(163,52076),(163,52077),(163,52078),(163,52079),(164,52080),(164,52081),(164,52082),(164,52083),(165,52088),(165,52089),(165,52090),(165,52091),(166,52084),(166,52085),(166,52086),(166,52087),(168,52095),(168,52096),(168,52097),(168,52098),(171,52112),(172,52113),(172,52114),(172,52115),(173,52123),(173,52124),(173,52125),(174,52126),(174,52127),(174,52128),(174,52129),(175,52138),(175,52139),(175,52140),(176,52141),(176,52142),(176,52143),(176,52144),(177,52145),(177,52146),(177,52147),(177,52148),(178,52149),(178,52150),(178,52151),(178,52152),(179,52153),(179,52154),(179,52155),(179,52156),(180,52130),(180,52131),(180,52132),(180,52133),(181,52157),(181,52158),(181,52159),(181,52160),(182,52161),(182,52162),(182,52163),(182,52164),(183,52165),(183,52166),(183,52167),(183,52168),(184,52134),(184,52135),(184,52136),(184,52137),(185,52169),(185,52170),(185,52171),(185,52172),(186,52173),(186,52174),(186,52175),(186,52176),(187,52116),(187,52117),(187,52118),(187,52119),(188,52177),(188,52178),(188,52179),(188,52180),(189,52191),(189,52192),(189,52193),(189,52194),(190,52198),(190,52199),(190,52200),(190,52201),(191,52202),(191,52203),(191,52204),(191,52205),(192,52206),(192,52207),(192,52208),(192,52209),(193,52195),(193,52196),(193,52197),(194,52210),(194,52211),(194,52212),(194,52213),(195,52214),(195,52215),(195,52216),(195,52217),(196,52218),(196,52219),(196,52220),(196,52221),(197,52185),(197,52186),(197,52187),(198,52222),(198,52223),(198,52224),(198,52225),(199,52226),(199,52227),(199,52228),(199,52229),(200,52230),(200,52231),(200,52232),(200,52233),(201,52188),(201,52189),(201,52190),(202,52234),(202,52235),(202,52236),(202,52237),(203,52238),(203,52239),(203,52240),(203,52241),(204,52242),(204,52243),(204,52244),(204,52245),(205,52246),(205,52247),(205,52248),(205,52249),(206,52120),(206,52121),(206,52122),(207,52250),(207,52251),(207,52252),(207,52253),(208,52257),(208,52258),(208,52259),(208,52260),(209,52261),(209,52262),(209,52263),(209,52264),(210,52265),(210,52266),(210,52267),(210,52268),(211,52269),(211,52270),(211,52271),(211,52272),(212,52254),(212,52255),(212,52256),(213,52273),(213,52274),(213,52275),(213,52276),(214,52277),(214,52278),(214,52279),(214,52280),(215,52281),(215,52282),(215,52283),(215,52284),(216,52285),(216,52286),(216,52287),(216,52288),(218,52290),(219,52291),(219,52292),(220,52300),(220,52301),(220,52302),(221,52306),(221,52307),(221,52308),(222,52309),(222,52310),(222,52311),(223,52312),(223,52313),(223,52314),(224,52315),(224,52316),(224,52317),(224,52318),(225,52303),(225,52304),(225,52305),(226,52319),(226,52320),(226,52321),(226,52322),(227,52323),(227,52324),(227,52325),(227,52326),(228,52327),(228,52328),(228,52329),(228,52330),(229,52331),(229,52332),(229,52333),(229,52334),(230,52293),(230,52294),(230,52295),(230,52296),(231,52335),(231,52336),(231,52337),(231,52338),(232,52343),(232,52344),(232,52345),(232,52346),(233,52347),(233,52348),(233,52349),(233,52350),(234,52351),(234,52352),(234,52353),(234,52354),(235,52355),(235,52356),(235,52357),(235,52358),(236,52339),(236,52340),(236,52341),(236,52342),(237,52359),(237,52360),(237,52361),(237,52362),(238,52363),(238,52364),(238,52365),(238,52366),(239,52367),(239,52368),(239,52369),(239,52370),(240,52371),(240,52372),(240,52373),(240,52374),(241,52297),(241,52298),(241,52299),(242,52375),(242,52376),(242,52377),(242,52378),(243,52382),(243,52383),(243,52384),(243,52385),(244,52386),(244,52387),(244,52388),(244,52389),(245,52390),(245,52391),(245,52392),(245,52393),(246,52394),(246,52395),(246,52396),(246,52397),(247,52379),(247,52380),(247,52381),(248,52398),(248,52399),(248,52400),(248,52401),(249,52406),(249,52407),(249,52408),(249,52409),(250,52410),(250,52411),(250,52412),(250,52413),(252,52418),(252,52419),(252,52420),(253,52425),(253,52426),(253,52427),(253,52428),(254,52421),(254,52422),(254,52423),(254,52424),(255,52429),(255,52430),(255,52431),(255,52432),(256,52433),(256,52434),(256,52435),(256,52436),(258,52441),(258,52442),(258,52443),(258,52444),(259,52445),(259,52446),(259,52447),(259,52448),(260,52453),(260,52454),(260,52455),(260,52456),(261,52449),(261,52450),(261,52451),(261,52452),(263,52466),(264,52467),(264,52468),(264,52469),(265,52470),(265,52471),(265,52472),(266,52476),(266,52477),(266,52478),(266,52479),(267,52480),(267,52481),(267,52482),(268,52486),(268,52487),(268,52488),(268,52489),(269,52490),(269,52491),(269,52492),(269,52493),(270,52494),(270,52495),(270,52496),(270,52497),(271,52498),(271,52499),(271,52500),(271,52501),(272,52473),(272,52474),(272,52475),(273,52502),(273,52503),(273,52504),(273,52505),(274,52514),(274,52515),(274,52516),(274,52517),(275,52518),(275,52519),(275,52520),(275,52521),(276,52526),(276,52527),(276,52528),(276,52529),(277,52522),(277,52523),(277,52524),(277,52525),(278,52530),(278,52531),(278,52532),(278,52533),(279,52506),(279,52507),(279,52508),(279,52509),(280,52534),(280,52535),(280,52536),(280,52537),(281,52538),(281,52539),(281,52540),(281,52541),(282,52542),(282,52543),(282,52544),(282,52545),(283,52483),(283,52484),(283,52485),(284,52546),(284,52547),(284,52548),(284,52549),(285,52554),(285,52555),(285,52556),(285,52557),(286,52558),(286,52559),(286,52560),(287,52561),(287,52562),(287,52563),(287,52564),(288,52565),(288,52566),(288,52567),(288,52568),(289,52550),(289,52551),(289,52552),(289,52553),(290,52569),(290,52570),(290,52571),(290,52572),(291,52573),(291,52574),(291,52575),(291,52576),(293,52578),(294,52579),(294,52580),(295,52588),(295,52589),(295,52590),(296,52594),(296,52595),(296,52596),(297,52597),(297,52598),(297,52599),(298,52600),(298,52601),(298,52602),(299,52603),(299,52604),(299,52605),(299,52606),(300,52591),(300,52592),(300,52593),(301,52607),(301,52608),(301,52609),(301,52610),(302,52615),(302,52616),(302,52617),(302,52618),(303,52619),(303,52620),(303,52621),(303,52622),(304,52623),(304,52624),(304,52625),(304,52626),(305,52611),(305,52612),(305,52613),(305,52614),(306,52627),(306,52628),(306,52629),(306,52630),(307,52631),(307,52632),(307,52633),(307,52634),(308,52635),(308,52636),(308,52637),(308,52638),(309,52581),(309,52582),(309,52583),(309,52584),(310,52639),(310,52640),(310,52641),(310,52642),(311,52646),(311,52647),(311,52648),(311,52649),(312,52654),(312,52655),(312,52656),(312,52657),(313,52658),(313,52659),(313,52660),(313,52661),(314,52665),(314,52666),(314,52667),(314,52668),(315,52662),(315,52663),(315,52664),(316,52669),(316,52670),(316,52671),(316,52672),(317,52643),(317,52644),(317,52645),(318,52673),(318,52674),(318,52675),(318,52676),(319,52677),(319,52678),(319,52679),(319,52680),(320,52681),(320,52682),(320,52683),(320,52684),(321,52685),(321,52686),(321,52687),(321,52688),(322,52585),(322,52586),(322,52587),(323,52689),(323,52690),(323,52691),(323,52692),(324,52693),(324,52694),(324,52695),(324,52696),(325,52700),(325,52701),(325,52702),(325,52703),(326,52704),(326,52705),(326,52706),(326,52707),(327,52708),(327,52709),(327,52710),(327,52711),(328,52697),(328,52698),(328,52699),(329,52712),(329,52713),(329,52714),(329,52715),(330,52716),(330,52717),(330,52718),(330,52719),(331,52720),(331,52721),(331,52722),(331,52723),(333,52728),(333,52729),(333,52730),(334,52739),(334,52740),(334,52741),(334,52742),(335,52731),(335,52732),(335,52733),(335,52734),(336,52743),(336,52744),(336,52745),(336,52746),(337,52747),(337,52748),(337,52749),(337,52750),(338,52735),(338,52736),(338,52737),(338,52738),(339,52751),(339,52752),(339,52753),(339,52754),(341,52759),(341,52760),(341,52761),(341,52762),(342,52763),(342,52764),(342,52765),(342,52766),(343,52771),(343,52772),(343,52773),(343,52774),(344,52767),(344,52768),(344,52769),(344,52770),(346,52784),(347,52785),(347,52786),(347,52787),(348,52788),(348,52789),(348,52790),(349,52791),(349,52792),(349,52793),(349,52794),(350,52806),(350,52807),(350,52808),(351,52809),(351,52810),(351,52811),(351,52812),(352,52813),(352,52814),(352,52815),(352,52816),(353,52817),(353,52818),(353,52819),(353,52820),(354,52821),(354,52822),(354,52823),(354,52824),(355,52795),(355,52796),(355,52797),(355,52798),(356,52825),(356,52826),(356,52827),(356,52828),(357,52829),(357,52830),(357,52831),(357,52832),(358,52799),(358,52800),(358,52801),(358,52802),(359,52833),(359,52834),(359,52835),(359,52836),(360,52840),(360,52841),(360,52842),(360,52843),(361,52844),(361,52845),(361,52846),(361,52847),(362,52848),(362,52849),(362,52850),(362,52851),(363,52852),(363,52853),(363,52854),(363,52855),(364,52837),(364,52838),(364,52839),(365,52856),(365,52857),(365,52858),(365,52859),(366,52860),(366,52861),(366,52862),(366,52863),(367,52864),(367,52865),(367,52866),(367,52867),(368,52868),(368,52869),(368,52870),(368,52871),(369,52803),(369,52804),(369,52805),(370,52872),(370,52873),(370,52874),(370,52875),(371,52880),(371,52881),(371,52882),(371,52883),(372,52888),(372,52889),(372,52890),(372,52891),(373,52892),(373,52893),(373,52894),(373,52895),(374,52876),(374,52877),(374,52878),(374,52879),(375,52896),(375,52897),(375,52898),(375,52899),(376,52900),(376,52901),(376,52902),(376,52903),(377,52904),(377,52905),(377,52906),(377,52907),(378,52908),(378,52909),(378,52910),(378,52911),(380,52913),(381,52914),(381,52915),(382,52922),(382,52923),(382,52924),(383,52928),(383,52929),(383,52930),(384,52931),(384,52932),(384,52933),(385,52934),(385,52935),(385,52936),(386,52941),(386,52942),(386,52943),(386,52944),(387,52937),(387,52938),(387,52939),(387,52940),(388,52945),(388,52946),(388,52947),(388,52948),(389,52925),(389,52926),(389,52927),(390,52949),(390,52950),(390,52951),(390,52952),(391,52957),(391,52958),(391,52959),(391,52960),(392,52965),(392,52966),(392,52967),(392,52968),(393,52969),(393,52970),(393,52971),(393,52972),(394,52961),(394,52962),(394,52963),(394,52964),(395,52973),(395,52974),(395,52975),(395,52976),(396,52916),(396,52917),(396,52918),(397,52977),(397,52978),(397,52979),(397,52980),(398,52981),(398,52982),(398,52983),(398,52984),(399,52989),(399,52990),(399,52991),(400,52992),(400,52993),(400,52994),(400,52995),(401,52996),(401,52997),(401,52998),(401,52999),(402,52985),(402,52986),(402,52987),(402,52988),(403,53000),(403,53001),(403,53002),(403,53003),(404,53004),(404,53005),(404,53006),(404,53007),(405,53008),(405,53009),(405,53010),(405,53011),(406,52919),(406,52920),(406,52921),(407,53012),(407,53013),(407,53014),(407,53015),(408,53019),(408,53020),(408,53021),(408,53022),(409,53023),(409,53024),(409,53025),(409,53026),(410,53027),(410,53028),(410,53029),(410,53030),(411,53031),(411,53032),(411,53033),(411,53034),(412,53016),(412,53017),(412,53018),(413,53035),(413,53036),(413,53037),(413,53038),(414,53039),(414,53040),(414,53041),(414,53042),(415,53043),(415,53044),(415,53045),(415,53046),(416,53047),(416,53048),(416,53049),(416,53050),(418,53055),(418,53056),(418,53057),(419,53062),(419,53063),(419,53064),(419,53065),(420,53058),(420,53059),(420,53060),(420,53061),(421,53066),(421,53067),(421,53068),(421,53069),(423,53074),(423,53075),(423,53076),(423,53077),(424,53078),(424,53079),(424,53080),(424,53081),(425,53086),(425,53087),(425,53088),(425,53089),(426,53082),(426,53083),(426,53084),(426,53085),(428,53094),(428,53095),(428,53096),(428,53097),(430,53107),(431,53108),(431,53109),(431,53110),(432,53118),(432,53119),(432,53120),(433,53125),(433,53126),(433,53127),(433,53128),(434,53129),(434,53130),(434,53131),(435,53132),(435,53133),(435,53134),(435,53135),(436,53136),(436,53137),(436,53138),(436,53139),(437,53140),(437,53141),(437,53142),(437,53143),(438,53144),(438,53145),(438,53146),(438,53147),(439,53121),(439,53122),(439,53123),(439,53124),(440,53148),(440,53149),(440,53150),(440,53151),(441,53152),(441,53153),(441,53154),(441,53155),(442,53156),(442,53157),(442,53158),(442,53159),(443,53160),(443,53161),(443,53162),(443,53163),(444,53111),(444,53112),(444,53113),(445,53164),(445,53165),(445,53166),(445,53167),(446,53175),(446,53176),(446,53177),(446,53178),(447,53179),(447,53180),(447,53181),(448,53182),(448,53183),(448,53184),(448,53185),(449,53186),(449,53187),(449,53188),(449,53189),(450,53172),(450,53173),(450,53174),(451,53190),(451,53191),(451,53192),(451,53193),(452,53194),(452,53195),(452,53196),(452,53197),(453,53198),(453,53199),(453,53200),(453,53201),(454,53114),(454,53115),(454,53116),(454,53117),(455,53202),(455,53203),(455,53204),(455,53205),(456,53206),(456,53207),(456,53208),(456,53209),(457,53213),(457,53214),(457,53215),(457,53216),(458,53217),(458,53218),(458,53219),(458,53220),(459,53221),(459,53222),(459,53223),(459,53224),(460,53210),(460,53211),(460,53212),(461,53225),(461,53226),(461,53227),(461,53228),(462,53229),(462,53230),(462,53231),(462,53232),(463,53233),(463,53234),(463,53235),(463,53236),(465,53238),(466,53239),(466,53240),(467,53247),(467,53248),(467,53249),(468,53253),(468,53254),(468,53255),(469,53256),(469,53257),(469,53258),(470,53259),(470,53260),(470,53261),(471,53265),(471,53266),(471,53267),(471,53268),(472,53262),(472,53263),(472,53264),(473,53269),(473,53270),(473,53271),(473,53272),(474,53250),(474,53251),(474,53252),(475,53273),(475,53274),(475,53275),(475,53276),(476,53277),(476,53278),(476,53279),(476,53280),(477,53281),(477,53282),(477,53283),(477,53284),(478,53285),(478,53286),(478,53287),(478,53288),(479,53241),(479,53242),(479,53243),(480,53289),(480,53290),(480,53291),(480,53292),(481,53296),(481,53297),(481,53298),(481,53299),(482,53300),(482,53301),(482,53302),(482,53303),(483,53304),(483,53305),(483,53306),(483,53307),(484,53308),(484,53309),(484,53310),(484,53311),(485,53293),(485,53294),(485,53295),(486,53312),(486,53313),(486,53314),(486,53315),(487,53320),(487,53321),(487,53322),(487,53323),(488,53324),(488,53325),(488,53326),(488,53327),(489,53332),(489,53333),(489,53334),(489,53335),(490,53328),(490,53329),(490,53330),(490,53331),(491,53336),(491,53337),(491,53338),(491,53339),(492,53244),(492,53245),(492,53246),(493,53340),(493,53341),(493,53342),(493,53343),(494,53347),(494,53348),(494,53349),(494,53350),(495,53351),(495,53352),(495,53353),(495,53354),(496,53355),(496,53356),(496,53357),(496,53358),(497,53359),(497,53360),(497,53361),(497,53362),(498,53344),(498,53345),(498,53346),(499,53363),(499,53364),(499,53365),(499,53366),(500,53367),(500,53368),(500,53369),(500,53370),(501,53371),(501,53372),(501,53373),(501,53374),(502,53375),(502,53376),(502,53377),(502,53378),(504,53383),(504,53384),(504,53385),(505,53390),(505,53391),(505,53392),(505,53393),(506,53386),(506,53387),(506,53388),(506,53389),(507,53394),(507,53395),(507,53396),(507,53397),(508,53398),(508,53399),(508,53400),(508,53401),(510,53406),(510,53407),(510,53408),(510,53409),(511,53410),(511,53411),(511,53412),(511,53413),(512,53418),(512,53419),(512,53420),(512,53421),(513,53414),(513,53415),(513,53416),(513,53417),(515,53431),(516,53432),(516,53433),(516,53434),(517,53441),(517,53442),(517,53443),(518,53444),(518,53445),(518,53446),(518,53447),(519,53451),(519,53452),(519,53453),(520,53454),(520,53455),(520,53456),(520,53457),(521,53458),(521,53459),(521,53460),(521,53461),(522,53462),(522,53463),(522,53464),(522,53465),(523,53466),(523,53467),(523,53468),(523,53469),(524,53448),(524,53449),(524,53450),(525,53470),(525,53471),(525,53472),(525,53473),(526,53474),(526,53475),(526,53476),(526,53477),(527,53478),(527,53479),(527,53480),(527,53481),(528,53435),(528,53436),(528,53437),(529,53482),(529,53483),(529,53484),(529,53485),(530,53490),(530,53491),(530,53492),(530,53493),(531,53498),(531,53499),(531,53500),(532,53501),(532,53502),(532,53503),(532,53504),(533,53508),(533,53509),(533,53510),(533,53511),(534,53505),(534,53506),(534,53507),(535,53512),(535,53513),(535,53514),(535,53515),(536,53486),(536,53487),(536,53488),(536,53489),(537,53516),(537,53517),(537,53518),(537,53519),(538,53520),(538,53521),(538,53522),(538,53523),(539,53524),(539,53525),(539,53526),(539,53527),(540,53528),(540,53529),(540,53530),(540,53531),(541,53438),(541,53439),(541,53440),(542,53532),(542,53533),(542,53534),(542,53535),(543,53536),(543,53537),(543,53538),(543,53539),(544,53544),(544,53545),(544,53546),(544,53547),(545,53548),(545,53549),(545,53550),(545,53551),(546,53552),(546,53553),(546,53554),(546,53555),(547,53540),(547,53541),(547,53542),(547,53543),(548,53556),(548,53557),(548,53558),(548,53559),(549,53560),(549,53561),(549,53562),(549,53563),(550,53564),(550,53565),(550,53566),(550,53567),(551,53568),(551,53569),(551,53570),(551,53571),(553,53573),(554,53574),(554,53575),(555,53579),(555,53580),(555,53581),(556,53585),(556,53586),(556,53587),(557,53588),(557,53589),(557,53590),(558,53591),(558,53592),(558,53593),(559,53594),(559,53595),(559,53596),(559,53597),(560,53598),(560,53599),(560,53600),(560,53601),(561,53602),(561,53603),(561,53604),(561,53605),(562,53582),(562,53583),(562,53584),(563,53606),(563,53607),(563,53608),(563,53609),(564,53614),(564,53615),(564,53616),(564,53617),(565,53618),(565,53619),(565,53620),(565,53621),(566,53622),(566,53623),(566,53624),(566,53625),(567,53576),(567,53577),(567,53578),(568,53626),(568,53627),(568,53628),(568,53629),(569,53630),(569,53631),(569,53632),(569,53633),(570,53641),(570,53642),(570,53643),(570,53644),(571,53645),(571,53646),(571,53647),(571,53648),(572,53649),(572,53650),(572,53651),(572,53652),(573,53634),(573,53635),(573,53636),(574,53653),(574,53654),(574,53655),(574,53656),(575,53657),(575,53658),(575,53659),(575,53660),(576,53661),(576,53662),(576,53663),(576,53664),(577,53637),(577,53638),(577,53639),(577,53640),(578,53665),(578,53666),(578,53667),(578,53668),(579,53669),(579,53670),(579,53671),(579,53672),(580,53673),(580,53674),(580,53675),(580,53676),(581,53677),(581,53678),(581,53679),(581,53680),(582,53681),(582,53682),(582,53683),(582,53684),(584,53689),(584,53690),(584,53691),(585,53696),(585,53697),(585,53698),(585,53699),(586,53700),(586,53701),(586,53702),(586,53703),(587,53704),(587,53705),(587,53706),(587,53707),(588,53692),(588,53693),(588,53694),(588,53695),(589,53708),(589,53709),(589,53710),(589,53711),(590,53712),(590,53713),(590,53714),(590,53715),(592,53720),(592,53721),(592,53722),(592,53723),(593,53724),(593,53725),(593,53726),(593,53727),(594,53732),(594,53733),(594,53734),(594,53735),(595,53728),(595,53729),(595,53730),(595,53731),(597,53740),(597,53741),(597,53742),(597,53743),(599,53753),(600,53754),(600,53755),(600,53756),(601,53764),(601,53765),(601,53766),(602,53767),(602,53768),(602,53769),(602,53770),(603,53771),(603,53772),(603,53773),(604,53774),(604,53775),(604,53776),(604,53777),(605,53778),(605,53779),(605,53780),(605,53781),(606,53782),(606,53783),(606,53784),(606,53785),(607,53786),(607,53787),(607,53788),(607,53789),(608,53757),(608,53758),(608,53759),(609,53790),(609,53791),(609,53792),(609,53793),(610,53797),(610,53798),(610,53799),(610,53800),(611,53809),(611,53810),(611,53811),(611,53812),(612,53813),(612,53814),(612,53815),(612,53816),(613,53817),(613,53818),(613,53819),(613,53820),(614,53801),(614,53802),(614,53803),(614,53804),(615,53821),(615,53822),(615,53823),(615,53824),(616,53825),(616,53826),(616,53827),(616,53828),(617,53829),(617,53830),(617,53831),(617,53832),(618,53833),(618,53834),(618,53835),(618,53836),(619,53794),(619,53795),(619,53796),(620,53837),(620,53838),(620,53839),(620,53840),(621,53841),(621,53842),(621,53843),(621,53844),(622,53845),(622,53846),(622,53847),(622,53848),(623,53760),(623,53761),(623,53762),(623,53763),(624,53849),(624,53850),(624,53851),(624,53852),(625,53853),(625,53854),(625,53855),(625,53856),(626,53860),(626,53861),(626,53862),(626,53863),(627,53864),(627,53865),(627,53866),(627,53867),(628,53868),(628,53869),(628,53870),(628,53871),(629,53857),(629,53858),(629,53859),(630,53872),(630,53873),(630,53874),(630,53875),(631,53876),(631,53877),(631,53878),(631,53879),(632,53880),(632,53881),(632,53882),(632,53883),(634,53885),(635,53886),(635,53887),(636,53895),(636,53896),(636,53897),(637,53898),(637,53899),(637,53900),(638,53901),(638,53902),(638,53903),(639,53904),(639,53905),(639,53906),(640,53911),(640,53912),(640,53913),(640,53914),(641,53907),(641,53908),(641,53909),(641,53910),(642,53915),(642,53916),(642,53917),(642,53918),(643,53888),(643,53889),(643,53890),(643,53891),(644,53919),(644,53920),(644,53921),(644,53922),(645,53926),(645,53927),(645,53928),(645,53929),(646,53930),(646,53931),(646,53932),(646,53933),(647,53934),(647,53935),(647,53936),(647,53937),(648,53938),(648,53939),(648,53940),(648,53941),(649,53923),(649,53924),(649,53925),(650,53942),(650,53943),(650,53944),(650,53945),(651,53950),(651,53951),(651,53952),(651,53953),(652,53954),(652,53955),(652,53956),(652,53957),(653,53958),(653,53959),(653,53960),(653,53961),(654,53962),(654,53963),(654,53964),(654,53965),(655,53966),(655,53967),(655,53968),(655,53969),(656,53892),(656,53893),(656,53894),(657,53970),(657,53971),(657,53972),(657,53973),(658,53977),(658,53978),(658,53979),(658,53980),(659,53981),(659,53982),(659,53983),(659,53984),(660,53985),(660,53986),(660,53987),(660,53988),(661,53989),(661,53990),(661,53991),(661,53992),(662,53974),(662,53975),(662,53976),(663,53993),(663,53994),(663,53995),(663,53996),(664,53997),(664,53998),(664,53999),(664,54000),(665,54001),(665,54002),(665,54003),(665,54004),(666,54005),(666,54006),(666,54007),(666,54008),(668,54013),(668,54014),(668,54015),(669,54020),(669,54021),(669,54022),(669,54023),(670,54016),(670,54017),(670,54018),(670,54019),(671,54024),(671,54025),(671,54026),(671,54027),(673,54032),(673,54033),(673,54034),(673,54035),(674,54036),(674,54037),(674,54038),(674,54039),(675,54044),(675,54045),(675,54046),(675,54047),(676,54040),(676,54041),(676,54042),(676,54043),(678,54057),(679,54058),(679,54059),(679,54060),(680,54065),(680,54066),(680,54067),(681,54072),(681,54073),(681,54074),(681,54075),(682,54079),(682,54080),(682,54081),(683,54082),(683,54083),(683,54084),(683,54085),(684,54086),(684,54087),(684,54088),(684,54089),(685,54090),(685,54091),(685,54092),(685,54093),(686,54094),(686,54095),(686,54096),(686,54097),(687,54076),(687,54077),(687,54078),(688,54098),(688,54099),(688,54100),(688,54101),(689,54102),(689,54103),(689,54104),(689,54105),(690,54106),(690,54107),(690,54108),(690,54109),(691,54068),(691,54069),(691,54070),(691,54071),(692,54110),(692,54111),(692,54112),(692,54113),(693,54118),(693,54119),(693,54120),(693,54121),(694,54122),(694,54123),(694,54124),(694,54125),(695,54130),(695,54131),(695,54132),(695,54133),(696,54126),(696,54127),(696,54128),(696,54129),(697,54134),(697,54135),(697,54136),(697,54137),(698,54061),(698,54062),(698,54063),(698,54064),(699,54138),(699,54139),(699,54140),(699,54141),(700,54142),(700,54143),(700,54144),(700,54145),(701,54150),(701,54151),(701,54152),(701,54153),(702,54154),(702,54155),(702,54156),(702,54157),(703,54162),(703,54163),(703,54164),(703,54165),(704,54158),(704,54159),(704,54160),(704,54161),(705,54166),(705,54167),(705,54168),(705,54169),(706,54146),(706,54147),(706,54148),(706,54149),(707,54170),(707,54171),(707,54172),(707,54173),(708,54174),(708,54175),(708,54176),(708,54177),(709,54178),(709,54179),(709,54180),(709,54181),(711,54183),(712,54184),(712,54185),(713,54193),(713,54194),(713,54195),(714,54196),(714,54197),(714,54198),(715,54199),(715,54200),(715,54201),(716,54202),(716,54203),(716,54204),(717,54205),(717,54206),(717,54207),(717,54208),(718,54209),(718,54210),(718,54211),(718,54212),(719,54213),(719,54214),(719,54215),(719,54216),(720,54186),(720,54187),(720,54188),(720,54189),(721,54217),(721,54218),(721,54219),(721,54220),(722,54224),(722,54225),(722,54226),(722,54227),(723,54232),(723,54233),(723,54234),(723,54235),(724,54236),(724,54237),(724,54238),(724,54239),(725,54240),(725,54241),(725,54242),(725,54243),(726,54221),(726,54222),(726,54223),(727,54244),(727,54245),(727,54246),(727,54247),(728,54248),(728,54249),(728,54250),(728,54251),(729,54252),(729,54253),(729,54254),(729,54255),(730,54256),(730,54257),(730,54258),(730,54259),(731,54190),(731,54191),(731,54192),(732,54260),(732,54261),(732,54262),(732,54263),(733,54268),(733,54269),(733,54270),(733,54271),(734,54276),(734,54277),(734,54278),(734,54279),(735,54280),(735,54281),(735,54282),(735,54283),(736,54284),(736,54285),(736,54286),(736,54287),(737,54272),(737,54273),(737,54274),(737,54275),(738,54288),(738,54289),(738,54290),(738,54291),(739,54292),(739,54293),(739,54294),(739,54295),(740,54296),(740,54297),(740,54298),(740,54299),(741,54300),(741,54301),(741,54302),(741,54303),(742,54264),(742,54265),(742,54266),(742,54267),(743,54304),(743,54305),(743,54306),(743,54307),(744,54308),(744,54309),(744,54310),(744,54311),(746,54316),(746,54317),(746,54318),(747,54323),(747,54324),(747,54325),(747,54326),(748,54319),(748,54320),(748,54321),(748,54322),(749,54327),(749,54328),(749,54329),(749,54330),(750,54331),(750,54332),(750,54333),(750,54334),(752,54339),(752,54340),(752,54341),(752,54342),(753,54343),(753,54344),(753,54345),(753,54346),(754,54351),(754,54352),(754,54353),(754,54354),(755,54347),(755,54348),(755,54349),(755,54350),(757,54364),(758,54365),(758,54366),(758,54367),(759,54372),(759,54373),(759,54374),(760,54375),(760,54376),(760,54377),(760,54378),(761,54383),(761,54384),(761,54385),(762,54386),(762,54387),(762,54388),(762,54389),(763,54390),(763,54391),(763,54392),(763,54393),(764,54394),(764,54395),(764,54396),(764,54397),(765,54398),(765,54399),(765,54400),(765,54401),(766,54379),(766,54380),(766,54381),(766,54382),(767,54402),(767,54403),(767,54404),(767,54405),(768,54406),(768,54407),(768,54408),(768,54409),(769,54410),(769,54411),(769,54412),(769,54413),(770,54368),(770,54369),(770,54370),(770,54371),(771,54414),(771,54415),(771,54416),(771,54417),(772,54425),(772,54426),(772,54427),(772,54428),(773,54433),(773,54434),(773,54435),(773,54436),(774,54437),(774,54438),(774,54439),(774,54440),(775,54441),(775,54442),(775,54443),(775,54444),(776,54429),(776,54430),(776,54431),(776,54432),(777,54445),(777,54446),(777,54447),(777,54448),(778,54449),(778,54450),(778,54451),(778,54452),(779,54453),(779,54454),(779,54455),(779,54456),(780,54422),(780,54423),(780,54424),(781,54457),(781,54458),(781,54459),(781,54460),(782,54461),(782,54462),(782,54463),(782,54464),(783,54465),(783,54466),(783,54467),(783,54468),(785,54470),(786,54471),(786,54472),(787,54480),(787,54481),(787,54482),(788,54483),(788,54484),(788,54485),(789,54490),(789,54491),(789,54492),(790,54493),(790,54494),(790,54495),(791,54496),(791,54497),(791,54498),(791,54499),(792,54486),(792,54487),(792,54488),(792,54489),(793,54500),(793,54501),(793,54502),(793,54503),(794,54504),(794,54505),(794,54506),(794,54507),(795,54508),(795,54509),(795,54510),(795,54511),(796,54473),(796,54474),(796,54475),(796,54476),(797,54512),(797,54513),(797,54514),(797,54515),(798,54519),(798,54520),(798,54521),(798,54522),(799,54523),(799,54524),(799,54525),(799,54526),(800,54527),(800,54528),(800,54529),(800,54530),(801,54534),(801,54535),(801,54536),(801,54537),(802,54531),(802,54532),(802,54533),(803,54538),(803,54539),(803,54540),(803,54541),(804,54516),(804,54517),(804,54518),(805,54542),(805,54543),(805,54544),(805,54545),(806,54550),(806,54551),(806,54552),(806,54553),(807,54554),(807,54555),(807,54556),(807,54557),(808,54558),(808,54559),(808,54560),(808,54561),(809,54562),(809,54563),(809,54564),(809,54565),(810,54566),(810,54567),(810,54568),(810,54569),(811,54477),(811,54478),(811,54479),(812,54570),(812,54571),(812,54572),(812,54573),(813,54574),(813,54575),(813,54576),(813,54577),(814,54581),(814,54582),(814,54583),(814,54584),(815,54585),(815,54586),(815,54587),(815,54588),(816,54589),(816,54590),(816,54591),(816,54592),(817,54578),(817,54579),(817,54580),(818,54593),(818,54594),(818,54595),(818,54596),(819,54597),(819,54598),(819,54599),(819,54600),(820,54601),(820,54602),(820,54603),(820,54604),(822,54609),(822,54610),(822,54611),(823,54616),(823,54617),(823,54618),(823,54619),(824,54612),(824,54613),(824,54614),(824,54615),(825,54620),(825,54621),(825,54622),(825,54623),(827,54628),(827,54629),(827,54630),(827,54631),(828,54632),(828,54633),(828,54634),(828,54635),(829,54640),(829,54641),(829,54642),(829,54643),(830,54636),(830,54637),(830,54638),(830,54639),(832,54653),(833,54654),(833,54655),(833,54656),(834,54663),(834,54664),(834,54665),(835,54666),(835,54667),(835,54668),(835,54669),(836,54674),(836,54675),(836,54676),(837,54677),(837,54678),(837,54679),(837,54680),(838,54681),(838,54682),(838,54683),(838,54684),(839,54685),(839,54686),(839,54687),(839,54688),(840,54689),(840,54690),(840,54691),(840,54692),(841,54670),(841,54671),(841,54672),(841,54673),(842,54693),(842,54694),(842,54695),(842,54696),(843,54697),(843,54698),(843,54699),(843,54700),(844,54701),(844,54702),(844,54703),(844,54704),(845,54657),(845,54658),(845,54659),(846,54705),(846,54706),(846,54707),(846,54708),(847,54712),(847,54713),(847,54714),(847,54715),(848,54716),(848,54717),(848,54718),(849,54719),(849,54720),(849,54721),(849,54722),(850,54723),(850,54724),(850,54725),(850,54726),(851,54709),(851,54710),(851,54711),(852,54727),(852,54728),(852,54729),(852,54730),(853,54735),(853,54736),(853,54737),(853,54738),(854,54739),(854,54740),(854,54741),(854,54742),(855,54743),(855,54744),(855,54745),(855,54746),(856,54731),(856,54732),(856,54733),(856,54734),(857,54747),(857,54748),(857,54749),(857,54750),(858,54751),(858,54752),(858,54753),(858,54754),(859,54755),(859,54756),(859,54757),(859,54758),(860,54660),(860,54661),(860,54662),(861,54759),(861,54760),(861,54761),(861,54762),(862,54763),(862,54764),(862,54765),(862,54766),(863,54771),(863,54772),(863,54773),(863,54774),(864,54775),(864,54776),(864,54777),(864,54778),(865,54782),(865,54783),(865,54784),(865,54785),(866,54779),(866,54780),(866,54781),(867,54786),(867,54787),(867,54788),(867,54789),(869,54791),(870,54792),(870,54793),(871,54801),(871,54802),(871,54803),(872,54812),(872,54813),(872,54814),(873,54815),(873,54816),(873,54817),(874,54818),(874,54819),(874,54820),(875,54821),(875,54822),(875,54823),(875,54824),(876,54825),(876,54826),(876,54827),(876,54828),(877,54829),(877,54830),(877,54831),(877,54832),(878,54808),(878,54809),(878,54810),(878,54811),(879,54833),(879,54834),(879,54835),(879,54836),(880,54837),(880,54838),(880,54839),(880,54840),(881,54794),(881,54795),(881,54796),(881,54797),(882,54841),(882,54842),(882,54843),(882,54844),(883,54845),(883,54846),(883,54847),(883,54848),(884,54853),(884,54854),(884,54855),(884,54856),(885,54857),(885,54858),(885,54859),(885,54860),(886,54861),(886,54862),(886,54863),(886,54864),(887,54849),(887,54850),(887,54851),(887,54852),(888,54865),(888,54866),(888,54867),(888,54868),(889,54869),(889,54870),(889,54871),(889,54872),(890,54873),(890,54874),(890,54875),(890,54876),(891,54798),(891,54799),(891,54800),(892,54877),(892,54878),(892,54879),(892,54880),(893,54881),(893,54882),(893,54883),(893,54884),(894,54888),(894,54889),(894,54890),(894,54891),(895,54892),(895,54893),(895,54894),(895,54895),(896,54896),(896,54897),(896,54898),(896,54899),(897,54885),(897,54886),(897,54887),(898,54900),(898,54901),(898,54902),(898,54903),(899,54904),(899,54905),(899,54906),(899,54907),(900,54908),(900,54909),(900,54910),(900,54911),(902,54916),(902,54917),(902,54918),(903,54923),(903,54924),(903,54925),(903,54926),(904,54919),(904,54920),(904,54921),(904,54922),(905,54927),(905,54928),(905,54929),(905,54930),(906,54931),(906,54932),(906,54933),(906,54934),(908,54939),(908,54940),(908,54941),(908,54942),(909,54943),(909,54944),(909,54945),(909,54946),(910,54951),(910,54952),(910,54953),(910,54954),(911,54947),(911,54948),(911,54949),(911,54950),(913,54964),(914,54965),(914,54966),(915,54971),(915,54972),(915,54973),(916,54977),(916,54978),(916,54979),(917,54980),(917,54981),(917,54982),(918,54983),(918,54984),(918,54985),(918,54986),(919,54987),(919,54988),(919,54989),(919,54990),(920,54991),(920,54992),(920,54993),(920,54994),(921,54995),(921,54996),(921,54997),(921,54998),(922,54974),(922,54975),(922,54976),(923,54999),(923,55000),(923,55001),(923,55002),(924,55007),(924,55008),(924,55009),(924,55010),(925,55011),(925,55012),(925,55013),(925,55014),(926,55019),(926,55020),(926,55021),(926,55022),(927,55015),(927,55016),(927,55017),(927,55018),(928,55023),(928,55024),(928,55025),(928,55026),(929,54967),(929,54968),(929,54969),(929,54970),(930,55027),(930,55028),(930,55029),(930,55030),(931,55035),(931,55036),(931,55037),(931,55038),(932,55043),(932,55044),(932,55045),(932,55046),(933,55047),(933,55048),(933,55049),(933,55050),(934,55051),(934,55052),(934,55053),(934,55054),(935,55039),(935,55040),(935,55041),(935,55042),(936,55055),(936,55056),(936,55057),(936,55058),(937,55059),(937,55060),(937,55061),(937,55062),(938,55063),(938,55064),(938,55065),(938,55066),(939,55031),(939,55032),(939,55033),(939,55034),(940,55067),(940,55068),(940,55069),(940,55070),(941,55075),(941,55076),(941,55077),(941,55078),(942,55079),(942,55080),(942,55081),(942,55082),(943,55083),(943,55084),(943,55085),(943,55086),(944,55071),(944,55072),(944,55073),(944,55074),(945,55087),(945,55088),(945,55089),(945,55090),(946,55091),(946,55092),(946,55093),(946,55094),(947,55095),(947,55096),(947,55097),(947,55098),(949,55100),(950,55101),(950,55102),(951,55110),(951,55111),(951,55112),(952,55116),(952,55117),(952,55118),(953,55119),(953,55120),(953,55121),(954,55126),(954,55127),(954,55128),(955,55129),(955,55130),(955,55131),(955,55132),(956,55133),(956,55134),(956,55135),(956,55136),(957,55137),(957,55138),(957,55139),(957,55140),(958,55113),(958,55114),(958,55115),(959,55141),(959,55142),(959,55143),(959,55144),(960,55145),(960,55146),(960,55147),(960,55148),(961,55149),(961,55150),(961,55151),(961,55152),(962,55153),(962,55154),(962,55155),(962,55156),(963,55103),(963,55104),(963,55105),(963,55106),(964,55157),(964,55158),(964,55159),(964,55160),(965,55161),(965,55162),(965,55163),(965,55164),(966,55165),(966,55166),(966,55167),(966,55168),(967,55169),(967,55170),(967,55171),(967,55172),(968,55176),(968,55177),(968,55178),(968,55179),(969,55173),(969,55174),(969,55175),(970,55180),(970,55181),(970,55182),(970,55183),(971,55107),(971,55108),(971,55109),(972,55184),(972,55185),(972,55186),(972,55187),(973,55188),(973,55189),(973,55190),(973,55191),(974,55195),(974,55196),(974,55197),(974,55198),(975,55199),(975,55200),(975,55201),(975,55202),(976,55203),(976,55204),(976,55205),(976,55206),(977,55192),(977,55193),(977,55194),(978,55207),(978,55208),(978,55209),(978,55210),(979,55211),(979,55212),(979,55213),(979,55214),(980,55215),(980,55216),(980,55217),(980,55218),(982,55223),(982,55224),(982,55225),(983,55230),(983,55231),(983,55232),(983,55233),(984,55234),(984,55235),(984,55236),(984,55237),(985,55238),(985,55239),(985,55240),(985,55241),(986,55226),(986,55227),(986,55228),(986,55229),(987,55242),(987,55243),(987,55244),(987,55245),(988,55246),(988,55247),(988,55248),(988,55249),(990,55254),(990,55255),(990,55256),(990,55257),(991,55258),(991,55259),(991,55260),(991,55261),(992,55266),(992,55267),(992,55268),(992,55269),(993,55262),(993,55263),(993,55264),(993,55265),(995,55274),(995,55275),(995,55276),(995,55277),(997,55287),(998,55288),(998,55289),(998,55290),(999,55299),(999,55300),(999,55301),(1000,55302),(1000,55303),(1000,55304),(1000,55305),(1001,55306),(1001,55307),(1001,55308),(1002,55309),(1002,55310),(1002,55311),(1002,55312),(1003,55313),(1003,55314),(1003,55315),(1003,55316),(1004,55317),(1004,55318),(1004,55319),(1004,55320),(1005,55321),(1005,55322),(1005,55323),(1005,55324),(1006,55291),(1006,55292),(1006,55293),(1006,55294),(1007,55325),(1007,55326),(1007,55327),(1007,55328),(1008,55332),(1008,55333),(1008,55334),(1008,55335),(1009,55336),(1009,55337),(1009,55338),(1009,55339),(1010,55340),(1010,55341),(1010,55342),(1010,55343),(1011,55344),(1011,55345),(1011,55346),(1011,55347),(1012,55329),(1012,55330),(1012,55331),(1013,55348),(1013,55349),(1013,55350),(1013,55351),(1014,55359),(1014,55360),(1014,55361),(1014,55362),(1015,55363),(1015,55364),(1015,55365),(1015,55366),(1016,55367),(1016,55368),(1016,55369),(1016,55370),(1017,55356),(1017,55357),(1017,55358),(1018,55371),(1018,55372),(1018,55373),(1018,55374),(1019,55375),(1019,55376),(1019,55377),(1019,55378),(1020,55295),(1020,55296),(1020,55297),(1020,55298),(1021,55379),(1021,55380),(1021,55381),(1021,55382),(1022,55386),(1022,55387),(1022,55388),(1022,55389),(1023,55390),(1023,55391),(1023,55392),(1023,55393),(1024,55394),(1024,55395),(1024,55396),(1024,55397),(1025,55398),(1025,55399),(1025,55400),(1025,55401),(1026,55383),(1026,55384),(1026,55385),(1027,55402),(1027,55403),(1027,55404),(1027,55405),(1028,55406),(1028,55407),(1028,55408),(1028,55409),(1029,55410),(1029,55411),(1029,55412),(1029,55413),(1031,55415),(1032,55416),(1032,55417),(1033,55424),(1033,55425),(1033,55426),(1034,55427),(1034,55428),(1034,55429),(1035,55434),(1035,55435),(1035,55436),(1036,55437),(1036,55438),(1036,55439),(1037,55440),(1037,55441),(1037,55442),(1037,55443),(1038,55430),(1038,55431),(1038,55432),(1038,55433),(1039,55444),(1039,55445),(1039,55446),(1039,55447),(1040,55448),(1040,55449),(1040,55450),(1040,55451),(1041,55452),(1041,55453),(1041,55454),(1041,55455),(1042,55456),(1042,55457),(1042,55458),(1042,55459),(1043,55418),(1043,55419),(1043,55420),(1044,55460),(1044,55461),(1044,55462),(1044,55463),(1045,55467),(1045,55468),(1045,55469),(1045,55470),(1046,55471),(1046,55472),(1046,55473),(1046,55474),(1047,55475),(1047,55476),(1047,55477),(1047,55478),(1048,55479),(1048,55480),(1048,55481),(1048,55482),(1049,55464),(1049,55465),(1049,55466),(1050,55483),(1050,55484),(1050,55485),(1050,55486),(1051,55491),(1051,55492),(1051,55493),(1051,55494),(1052,55495),(1052,55496),(1052,55497),(1052,55498),(1053,55502),(1053,55503),(1053,55504),(1053,55505),(1054,55499),(1054,55500),(1054,55501),(1055,55506),(1055,55507),(1055,55508),(1055,55509),(1056,55421),(1056,55422),(1056,55423),(1057,55510),(1057,55511),(1057,55512),(1057,55513),(1058,55514),(1058,55515),(1058,55516),(1058,55517),(1059,55518),(1059,55519),(1059,55520),(1059,55521),(1060,55522),(1060,55523),(1060,55524),(1060,55525),(1061,55526),(1061,55527),(1061,55528),(1061,55529),(1063,55534),(1063,55535),(1063,55536),(1064,55545),(1064,55546),(1064,55547),(1064,55548),(1065,55537),(1065,55538),(1065,55539),(1065,55540),(1066,55549),(1066,55550),(1066,55551),(1066,55552),(1067,55553),(1067,55554),(1067,55555),(1067,55556),(1068,55541),(1068,55542),(1068,55543),(1068,55544),(1069,55557),(1069,55558),(1069,55559),(1069,55560),(1071,55565),(1071,55566),(1071,55567),(1071,55568),(1072,55569),(1072,55570),(1072,55571),(1072,55572),(1073,55577),(1073,55578),(1073,55579),(1073,55580),(1074,55573),(1074,55574),(1074,55575),(1074,55576),(1076,55590),(1077,55591),(1077,55592),(1077,55593),(1078,55601),(1078,55602),(1078,55603),(1079,55604),(1079,55605),(1079,55606),(1079,55607),(1080,55608),(1080,55609),(1080,55610),(1081,55611),(1081,55612),(1081,55613),(1081,55614),(1082,55615),(1082,55616),(1082,55617),(1082,55618),(1083,55619),(1083,55620),(1083,55621),(1083,55622),(1084,55623),(1084,55624),(1084,55625),(1084,55626),(1085,55594),(1085,55595),(1085,55596),(1086,55627),(1086,55628),(1086,55629),(1086,55630),(1087,55634),(1087,55635),(1087,55636),(1087,55637),(1088,55642),(1088,55643),(1088,55644),(1089,55645),(1089,55646),(1089,55647),(1089,55648),(1090,55653),(1090,55654),(1090,55655),(1090,55656),(1091,55649),(1091,55650),(1091,55651),(1091,55652),(1092,55657),(1092,55658),(1092,55659),(1092,55660),(1093,55631),(1093,55632),(1093,55633),(1094,55661),(1094,55662),(1094,55663),(1094,55664),(1095,55669),(1095,55670),(1095,55671),(1095,55672),(1096,55665),(1096,55666),(1096,55667),(1096,55668),(1097,55673),(1097,55674),(1097,55675),(1097,55676),(1098,55677),(1098,55678),(1098,55679),(1098,55680),(1099,55597),(1099,55598),(1099,55599),(1099,55600),(1100,55681),(1100,55682),(1100,55683),(1100,55684),(1101,55689),(1101,55690),(1101,55691),(1101,55692),(1102,55685),(1102,55686),(1102,55687),(1102,55688),(1103,55696),(1103,55697),(1103,55698),(1103,55699),(1104,55700),(1104,55701),(1104,55702),(1104,55703),(1105,55693),(1105,55694),(1105,55695),(1106,55704),(1106,55705),(1106,55706),(1106,55707),(1107,55708),(1107,55709),(1107,55710),(1107,55711),(1108,55712),(1108,55713),(1108,55714),(1108,55715),(1110,55717),(1111,55718),(1111,55719),(1112,55726),(1112,55727),(1112,55728),(1113,55729),(1113,55730),(1113,55731),(1114,55736),(1114,55737),(1114,55738),(1115,55739),(1115,55740),(1115,55741),(1116,55742),(1116,55743),(1116,55744),(1116,55745),(1117,55746),(1117,55747),(1117,55748),(1117,55749),(1118,55750),(1118,55751),(1118,55752),(1118,55753),(1119,55732),(1119,55733),(1119,55734),(1119,55735),(1120,55754),(1120,55755),(1120,55756),(1120,55757),(1121,55762),(1121,55763),(1121,55764),(1121,55765),(1122,55766),(1122,55767),(1122,55768),(1122,55769),(1123,55770),(1123,55771),(1123,55772),(1123,55773),(1124,55720),(1124,55721),(1124,55722),(1125,55774),(1125,55775),(1125,55776),(1125,55777),(1126,55781),(1126,55782),(1126,55783),(1126,55784),(1127,55785),(1127,55786),(1127,55787),(1127,55788),(1128,55789),(1128,55790),(1128,55791),(1128,55792),(1129,55793),(1129,55794),(1129,55795),(1129,55796),(1130,55778),(1130,55779),(1130,55780),(1131,55797),(1131,55798),(1131,55799),(1131,55800),(1132,55801),(1132,55802),(1132,55803),(1132,55804),(1133,55805),(1133,55806),(1133,55807),(1133,55808),(1134,55809),(1134,55810),(1134,55811),(1134,55812),(1135,55723),(1135,55724),(1135,55725),(1136,55813),(1136,55814),(1136,55815),(1136,55816),(1137,55817),(1137,55818),(1137,55819),(1137,55820),(1138,55821),(1138,55822),(1138,55823),(1138,55824),(1139,55825),(1139,55826),(1139,55827),(1139,55828),(1141,55833),(1141,55834),(1141,55835),(1142,55836),(1142,55837),(1142,55838),(1142,55839),(1144,55844),(1144,55845),(1144,55846),(1144,55847),(1145,55848),(1145,55849),(1145,55850),(1145,55851),(1146,55856),(1146,55857),(1146,55858),(1146,55859),(1147,55852),(1147,55853),(1147,55854),(1147,55855),(1149,55864),(1149,55865),(1149,55866),(1149,55867),(1151,51790),(1151,51791),(1151,51792),(1151,51793),(1153,52103),(1153,52104),(1153,52105),(1153,52106),(1155,52461),(1155,52462),(1155,52463),(1155,52464),(1157,52779),(1157,52780),(1157,52781),(1157,52782),(1159,53102),(1159,53103),(1159,53104),(1159,53105),(1161,53426),(1161,53427),(1161,53428),(1161,53429),(1163,53748),(1163,53749),(1163,53750),(1163,53751),(1165,54052),(1165,54053),(1165,54054),(1165,54055),(1167,54359),(1167,54360),(1167,54361),(1167,54362),(1169,54648),(1169,54649),(1169,54650),(1169,54651),(1171,54959),(1171,54960),(1171,54961),(1171,54962),(1173,55282),(1173,55283),(1173,55284),(1173,55285),(1175,55585),(1175,55586),(1175,55587),(1175,55588),(1177,55872),(1177,55873),(1177,55874),(1177,55875),(1179,55880),(1179,55881),(1179,55882),(1179,55883),(1181,51798),(1181,51799),(1181,51800),(1181,51801);
/*!40000 ALTER TABLE `weapon_crafting_info_upgrade_material_costs` ENABLE KEYS */;
UNLOCK TABLES;

--
-- Table structure for table `weapon_elements`
--

DROP TABLE IF EXISTS `weapon_elements`;
/*!40101 SET @saved_cs_client     = @@character_set_client */;
/*!40101 SET character_set_client = utf8 */;
CREATE TABLE `weapon_elements` (
  `id` int(10) unsigned NOT NULL AUTO_INCREMENT,
  `weapon_id` int(10) unsigned NOT NULL,
  `type` varchar(16) COLLATE utf8mb4_unicode_ci NOT NULL,
  `damage` smallint(5) unsigned NOT NULL,
  `hidden` tinyint(1) NOT NULL,
  PRIMARY KEY (`id`),
  UNIQUE KEY `element_idx` (`weapon_id`,`type`),
  KEY `IDX_355EB59495B82273` (`weapon_id`),
  CONSTRAINT `FK_355EB59495B82273` FOREIGN KEY (`weapon_id`) REFERENCES `weapons` (`id`)
) ENGINE=InnoDB AUTO_INCREMENT=1609 DEFAULT CHARSET=utf8mb4 COLLATE=utf8mb4_unicode_ci;
/*!40101 SET character_set_client = @saved_cs_client */;

--
-- Dumping data for table `weapon_elements`
--

LOCK TABLES `weapon_elements` WRITE;
/*!40000 ALTER TABLE `weapon_elements` DISABLE KEYS */;
INSERT INTO `weapon_elements` VALUES (805,33,'poison',240,0),(806,11,'thunder',120,0),(807,6,'poison',240,1),(808,7,'poison',330,1),(809,8,'poison',420,1),(810,9,'dragon',120,0),(811,10,'dragon',150,0),(812,12,'thunder',150,0),(813,16,'ice',240,0),(814,13,'thunder',180,0),(815,14,'thunder',210,0),(816,15,'thunder',240,0),(817,17,'ice',270,0),(818,18,'ice',330,0),(819,19,'ice',390,0),(820,26,'paralysis',210,0),(821,23,'ice',210,1),(822,24,'ice',240,1),(823,25,'ice',300,1),(824,27,'paralysis',240,0),(825,28,'paralysis',270,0),(826,29,'paralysis',360,0),(827,31,'fire',270,0),(828,30,'paralysis',450,0),(829,32,'fire',330,0),(830,34,'poison',300,0),(831,39,'fire',120,0),(832,35,'poison',360,0),(833,36,'poison',420,0),(834,37,'poison',480,0),(835,38,'poison',540,0),(836,40,'fire',150,0),(837,41,'fire',180,0),(838,42,'fire',210,0),(839,43,'fire',240,0),(840,57,'water',120,0),(841,54,'fire',240,0),(842,49,'ice',180,1),(843,50,'ice',240,1),(844,51,'ice',300,1),(845,52,'dragon',300,0),(846,53,'dragon',300,0),(847,55,'fire',300,0),(848,56,'fire',360,0),(849,58,'water',150,0),(850,59,'water',180,0),(851,60,'water',240,0),(852,61,'water',270,0),(853,62,'water',300,0),(854,69,'sleep',150,0),(855,66,'paralysis',270,1),(856,67,'paralysis',330,1),(857,68,'paralysis',390,1),(858,70,'sleep',180,0),(859,71,'sleep',210,0),(860,72,'sleep',240,0),(861,73,'sleep',270,0),(862,74,'dragon',270,0),(863,75,'dragon',330,0),(864,77,'thunder',390,0),(865,80,'blast',330,0),(866,76,'dragon',420,0),(867,78,'thunder',480,0),(868,79,'thunder',540,0),(869,81,'blast',420,0),(870,82,'dragon',90,0),(871,83,'dragon',120,0),(872,84,'ice',210,0),(873,86,'dragon',210,0),(874,85,'ice',270,0),(875,87,'blast',240,1),(876,88,'blast',330,1),(877,1150,'dragon',180,0),(878,1151,'dragon',240,0),(879,1181,'fire',240,1),(880,94,'water',120,1),(881,95,'water',150,1),(882,96,'water',180,1),(883,97,'dragon',90,0),(884,98,'dragon',120,0),(885,101,'thunder',240,1),(886,102,'thunder',300,1),(887,103,'thunder',360,1),(888,112,'poison',240,0),(889,107,'sleep',210,1),(890,108,'sleep',240,1),(891,110,'fire',90,0),(892,109,'sleep',270,1),(893,111,'fire',120,0),(894,113,'poison',270,0),(895,115,'fire',150,0),(896,114,'poison',330,0),(897,116,'fire',180,0),(898,117,'fire',210,0),(899,118,'fire',240,0),(900,134,'water',150,0),(901,142,'thunder',120,0),(902,129,'fire',150,0),(903,124,'sleep',210,1),(904,125,'sleep',240,1),(905,126,'sleep',270,1),(906,127,'blast',150,0),(907,128,'blast',210,0),(908,130,'fire',210,0),(909,131,'fire',270,0),(910,132,'fire',330,0),(911,133,'fire',390,0),(912,135,'water',180,0),(913,136,'water',210,0),(914,137,'water',240,0),(915,138,'water',300,0),(916,139,'water',360,0),(917,140,'dragon',210,0),(918,141,'dragon',270,0),(919,143,'thunder',150,0),(920,144,'thunder',180,0),(921,148,'ice',210,0),(922,145,'thunder',210,0),(923,146,'thunder',240,0),(924,147,'thunder',270,0),(925,149,'ice',240,0),(926,150,'ice',300,0),(927,151,'ice',360,0),(928,154,'paralysis',180,1),(929,155,'paralysis',210,1),(930,156,'paralysis',240,1),(931,157,'dragon',270,0),(932,158,'dragon',330,0),(933,160,'blast',300,0),(934,159,'dragon',420,0),(935,161,'blast',360,0),(936,162,'dragon',120,0),(937,163,'dragon',150,0),(938,164,'blast',300,0),(939,166,'dragon',180,0),(940,165,'blast',300,0),(941,167,'dragon',120,1),(942,168,'dragon',150,1),(943,1152,'dragon',150,0),(944,1153,'dragon',210,0),(945,169,'water',120,0),(946,187,'water',90,0),(947,206,'poison',210,0),(948,180,'fire',120,0),(949,175,'sleep',120,1),(950,176,'sleep',150,1),(951,177,'sleep',240,1),(952,178,'dragon',120,0),(953,179,'dragon',150,0),(954,181,'fire',120,0),(955,182,'fire',150,0),(956,183,'fire',180,0),(957,185,'thunder',270,1),(958,186,'thunder',330,1),(959,188,'water',120,0),(960,197,'poison',150,0),(961,189,'water',150,0),(962,193,'ice',210,0),(963,190,'water',180,0),(964,191,'water',210,0),(965,192,'water',240,0),(966,194,'ice',240,0),(967,195,'ice',300,0),(968,196,'ice',330,0),(969,198,'poison',180,0),(970,199,'poison',210,0),(971,200,'poison',240,0),(972,203,'blast',270,1),(973,204,'blast',300,1),(974,205,'blast',330,1),(975,207,'poison',240,0),(976,212,'paralysis',120,0),(977,208,'poison',270,0),(978,209,'poison',330,0),(979,210,'poison',360,0),(980,211,'poison',390,0),(981,213,'paralysis',150,0),(982,214,'paralysis',180,0),(983,215,'paralysis',210,0),(984,216,'paralysis',240,0),(985,225,'sleep',120,0),(986,222,'paralysis',180,1),(987,223,'paralysis',240,1),(988,224,'paralysis',300,1),(989,226,'sleep',120,0),(990,227,'sleep',150,0),(991,228,'sleep',180,0),(992,229,'sleep',210,0),(993,236,'thunder',90,0),(994,233,'water',300,1),(995,234,'water',330,1),(996,235,'water',360,1),(997,237,'thunder',120,0),(998,238,'thunder',150,0),(999,239,'thunder',180,0),(1000,240,'thunder',210,0),(1001,247,'fire',150,0),(1002,244,'paralysis',120,1),(1003,245,'paralysis',150,1),(1004,246,'paralysis',180,1),(1005,248,'fire',180,0),(1006,249,'fire',210,0),(1007,250,'fire',240,0),(1008,251,'dragon',270,0),(1009,252,'dragon',330,0),(1010,254,'thunder',270,0),(1011,253,'dragon',450,0),(1012,255,'thunder',300,0),(1013,256,'thunder',360,0),(1014,257,'dragon',120,0),(1015,258,'dragon',150,0),(1016,259,'blast',210,0),(1017,261,'dragon',270,0),(1018,260,'blast',240,0),(1019,1154,'dragon',150,0),(1020,1155,'dragon',210,0),(1021,267,'poison',210,1),(1022,268,'poison',240,1),(1023,269,'poison',270,1),(1024,270,'dragon',90,0),(1025,271,'dragon',120,0),(1026,279,'ice',60,0),(1027,274,'thunder',120,1),(1028,275,'thunder',150,1),(1029,277,'blast',120,0),(1030,276,'thunder',210,1),(1031,278,'blast',150,0),(1032,280,'ice',60,0),(1033,281,'ice',120,0),(1034,282,'ice',150,0),(1035,289,'water',90,0),(1036,286,'sleep',90,1),(1037,287,'sleep',90,1),(1038,288,'sleep',120,1),(1039,290,'water',90,0),(1040,291,'water',120,0),(1041,309,'water',90,0),(1042,322,'thunder',60,0),(1043,300,'fire',90,0),(1044,297,'blast',120,1),(1045,298,'blast',150,1),(1046,299,'blast',180,1),(1047,301,'fire',120,0),(1048,302,'fire',150,0),(1049,303,'fire',180,0),(1050,304,'fire',210,0),(1051,306,'ice',90,1),(1052,307,'ice',90,1),(1053,308,'ice',90,1),(1054,310,'water',90,0),(1055,311,'water',120,0),(1056,312,'water',150,0),(1057,313,'water',180,0),(1058,315,'fire',120,0),(1059,314,'water',210,0),(1060,316,'fire',150,0),(1061,319,'paralysis',90,1),(1062,320,'paralysis',90,1),(1063,321,'paralysis',90,1),(1064,323,'thunder',60,0),(1065,324,'thunder',60,0),(1066,325,'thunder',90,0),(1067,326,'thunder',120,0),(1068,327,'thunder',150,0),(1069,329,'fire',180,1),(1070,330,'fire',180,1),(1071,331,'fire',180,1),(1072,332,'dragon',120,0),(1073,333,'dragon',120,0),(1074,335,'thunder',210,0),(1075,338,'blast',180,0),(1076,334,'dragon',270,0),(1077,336,'thunder',240,0),(1078,337,'thunder',270,0),(1079,339,'blast',210,0),(1080,340,'dragon',90,0),(1081,341,'dragon',120,0),(1082,342,'ice',210,0),(1083,342,'blast',210,0),(1084,344,'dragon',150,0),(1085,343,'ice',240,0),(1086,343,'blast',240,0),(1087,1156,'dragon',120,0),(1088,1157,'dragon',180,0),(1089,355,'ice',270,0),(1090,358,'water',90,0),(1091,369,'poison',300,0),(1092,350,'blast',210,1),(1093,351,'blast',240,1),(1094,352,'blast',270,1),(1095,353,'dragon',90,0),(1096,354,'dragon',120,0),(1097,356,'ice',390,0),(1098,357,'ice',450,0),(1099,359,'water',120,0),(1100,364,'paralysis',210,0),(1101,360,'water',150,0),(1102,361,'water',180,0),(1103,362,'water',210,0),(1104,363,'water',240,0),(1105,365,'paralysis',270,0),(1106,366,'paralysis',330,0),(1107,367,'paralysis',360,0),(1108,368,'paralysis',390,0),(1109,370,'poison',360,0),(1110,374,'thunder',180,0),(1111,371,'poison',420,0),(1112,372,'poison',480,0),(1113,373,'poison',540,0),(1114,375,'thunder',210,0),(1115,376,'thunder',832,0),(1116,377,'thunder',270,0),(1117,378,'thunder',300,0),(1118,389,'sleep',150,0),(1119,384,'thunder',360,1),(1120,385,'thunder',390,1),(1121,387,'dragon',210,0),(1122,386,'thunder',420,1),(1123,388,'dragon',270,0),(1124,390,'sleep',180,0),(1125,391,'sleep',210,0),(1126,394,'fire',120,0),(1127,392,'sleep',240,0),(1128,393,'sleep',270,0),(1129,395,'fire',120,0),(1130,399,'sleep',240,1),(1131,400,'sleep',300,1),(1132,401,'sleep',360,1),(1133,403,'ice',120,1),(1134,404,'ice',150,1),(1135,405,'ice',150,1),(1136,412,'fire',210,0),(1137,409,'paralysis',270,1),(1138,410,'paralysis',330,1),(1139,411,'paralysis',390,1),(1140,413,'fire',270,0),(1141,414,'fire',330,0),(1142,415,'fire',360,0),(1143,416,'fire',390,0),(1144,417,'dragon',300,0),(1145,418,'dragon',360,0),(1146,420,'blast',330,0),(1147,419,'dragon',420,0),(1148,421,'blast',420,0),(1149,422,'dragon',120,0),(1150,423,'dragon',150,0),(1151,424,'ice',120,0),(1152,426,'dragon',180,0),(1153,425,'ice',150,0),(1154,427,'paralysis',180,0),(1155,428,'paralysis',210,0),(1156,1158,'dragon',150,0),(1157,1159,'dragon',210,0),(1158,454,'water',120,0),(1159,439,'thunder',120,0),(1160,434,'paralysis',210,1),(1161,435,'paralysis',240,1),(1162,436,'paralysis',270,1),(1163,437,'dragon',120,0),(1164,438,'dragon',150,0),(1165,440,'thunder',150,0),(1166,441,'thunder',180,0),(1167,442,'thunder',210,0),(1168,443,'thunder',240,0),(1169,450,'fire',150,0),(1170,447,'sleep',240,1),(1171,448,'sleep',300,1),(1172,449,'sleep',360,1),(1173,451,'fire',180,0),(1174,452,'fire',210,0),(1175,453,'fire',240,0),(1176,455,'water',150,0),(1177,456,'water',180,0),(1178,460,'ice',240,0),(1179,457,'water',210,0),(1180,458,'water',240,0),(1181,459,'water',270,0),(1182,461,'ice',300,0),(1183,462,'ice',330,0),(1184,463,'ice',360,0),(1185,479,'poison',240,0),(1186,492,'paralysis',120,0),(1187,474,'fire',210,0),(1188,469,'ice',180,1),(1189,470,'ice',210,1),(1190,472,'blast',120,0),(1191,471,'ice',240,1),(1192,473,'blast',150,0),(1193,475,'fire',240,0),(1194,476,'fire',270,0),(1195,477,'fire',330,0),(1196,478,'fire',450,0),(1197,480,'poison',300,0),(1198,481,'poison',360,0),(1199,482,'poison',420,0),(1200,483,'poison',480,0),(1201,484,'poison',540,0),(1202,487,'water',420,0),(1203,488,'water',480,0),(1204,490,'blast',180,0),(1205,489,'water',570,0),(1206,491,'blast',210,0),(1207,493,'paralysis',150,0),(1208,498,'sleep',150,0),(1209,494,'paralysis',180,0),(1210,495,'paralysis',240,0),(1211,496,'paralysis',270,0),(1212,497,'paralysis',300,0),(1213,499,'sleep',180,0),(1214,500,'sleep',210,0),(1215,501,'sleep',240,0),(1216,502,'sleep',270,0),(1217,503,'dragon',300,0),(1218,504,'dragon',360,0),(1219,506,'thunder',390,0),(1220,505,'dragon',420,0),(1221,507,'thunder',480,0),(1222,508,'thunder',540,0),(1223,509,'dragon',120,0),(1224,510,'dragon',150,0),(1225,511,'blast',330,0),(1226,513,'dragon',180,0),(1227,512,'blast',390,0),(1228,1160,'dragon',180,0),(1229,1161,'dragon',240,0),(1230,541,'poison',240,0),(1231,524,'ice',270,0),(1232,519,'paralysis',210,1),(1233,520,'paralysis',240,1),(1234,521,'paralysis',270,1),(1235,522,'dragon',120,0),(1236,523,'dragon',150,0),(1237,525,'ice',300,0),(1238,526,'ice',330,0),(1239,527,'ice',360,0),(1240,536,'thunder',120,0),(1241,531,'sleep',300,1),(1242,532,'sleep',330,1),(1243,534,'blast',180,0),(1244,533,'sleep',360,1),(1245,535,'blast',210,0),(1246,537,'thunder',150,0),(1247,538,'thunder',180,0),(1248,539,'thunder',210,0),(1249,540,'thunder',240,0),(1250,542,'poison',300,0),(1251,543,'poison',360,0),(1252,547,'fire',180,0),(1253,544,'poison',420,0),(1254,545,'poison',480,0),(1255,546,'poison',540,0),(1256,548,'fire',210,0),(1257,549,'fire',240,0),(1258,550,'fire',210,0),(1259,551,'fire',300,0),(1260,557,'poison',180,1),(1261,558,'poison',210,1),(1262,559,'poison',240,1),(1263,560,'dragon',240,0),(1264,561,'dragon',270,0),(1265,564,'blast',180,1),(1266,565,'blast',210,1),(1267,566,'blast',240,1),(1268,577,'water',150,0),(1269,570,'paralysis',300,1),(1270,571,'paralysis',330,1),(1271,572,'paralysis',390,1),(1272,574,'fire',150,1),(1273,575,'fire',180,1),(1274,576,'fire',210,1),(1275,578,'water',180,0),(1276,579,'water',210,0),(1277,580,'water',240,0),(1278,581,'water',270,0),(1279,582,'water',300,0),(1280,583,'dragon',300,0),(1281,584,'dragon',360,0),(1282,588,'thunder',420,0),(1283,585,'dragon',420,0),(1284,586,'blast',180,0),(1285,587,'blast',210,0),(1286,589,'thunder',480,0),(1287,590,'thunder',540,0),(1288,591,'dragon',120,0),(1289,592,'dragon',150,0),(1290,593,'ice',210,0),(1291,595,'dragon',180,0),(1292,594,'ice',240,0),(1293,596,'fire',270,1),(1294,597,'fire',330,1),(1295,1162,'dragon',150,0),(1296,1163,'dragon',210,0),(1297,608,'thunder',120,0),(1298,623,'water',210,0),(1299,604,'blast',240,1),(1300,605,'blast',270,1),(1301,606,'dragon',120,0),(1302,607,'dragon',150,0),(1303,609,'thunder',150,0),(1304,619,'poison',240,0),(1305,610,'thunder',180,0),(1306,614,'fire',120,0),(1307,611,'thunder',210,0),(1308,612,'thunder',240,0),(1309,613,'thunder',270,0),(1310,615,'fire',150,0),(1311,616,'fire',180,0),(1312,617,'fire',210,0),(1313,618,'fire',240,0),(1314,620,'poison',270,0),(1315,621,'poison',300,0),(1316,622,'poison',330,0),(1317,624,'water',240,0),(1318,625,'water',270,0),(1319,629,'ice',180,0),(1320,626,'water',300,0),(1321,627,'water',330,0),(1322,628,'water',360,0),(1323,630,'ice',240,0),(1324,631,'ice',300,0),(1325,632,'ice',360,0),(1326,638,'thunder',210,1),(1327,639,'thunder',240,1),(1328,641,'blast',180,0),(1329,640,'thunder',270,1),(1330,642,'blast',210,0),(1331,649,'paralysis',210,0),(1332,646,'sleep',240,1),(1333,647,'sleep',270,1),(1334,648,'sleep',300,1),(1335,650,'paralysis',270,0),(1336,651,'paralysis',330,0),(1337,652,'paralysis',390,0),(1338,653,'paralysis',450,0),(1339,654,'dragon',240,0),(1340,655,'dragon',270,0),(1341,662,'fire',210,0),(1342,659,'paralysis',270,1),(1343,660,'paralysis',330,1),(1344,661,'paralysis',390,1),(1345,663,'fire',240,0),(1346,664,'fire',270,0),(1347,665,'fire',330,0),(1348,666,'fire',450,0),(1349,667,'dragon',360,0),(1350,668,'dragon',390,0),(1351,670,'blast',330,0),(1352,669,'dragon',420,0),(1353,671,'blast',420,0),(1354,672,'dragon',120,0),(1355,673,'dragon',150,0),(1356,674,'ice',210,0),(1357,676,'dragon',180,0),(1358,675,'ice',240,0),(1359,1164,'dragon',180,0),(1360,1165,'dragon',240,0),(1361,691,'thunder',90,0),(1362,687,'ice',210,0),(1363,682,'poison',300,1),(1364,683,'poison',360,1),(1365,684,'poison',420,1),(1366,685,'dragon',120,0),(1367,686,'dragon',150,0),(1368,688,'ice',240,0),(1369,689,'ice',270,0),(1370,690,'ice',300,0),(1371,692,'thunder',90,0),(1372,693,'thunder',120,0),(1373,694,'thunder',150,0),(1374,696,'fire',120,0),(1375,695,'thunder',180,0),(1376,697,'fire',120,0),(1377,706,'fire',120,0),(1378,701,'sleep',180,1),(1379,702,'sleep',210,1),(1380,704,'blast',150,0),(1381,703,'sleep',240,1),(1382,705,'blast',180,0),(1383,707,'fire',120,0),(1384,708,'fire',150,0),(1385,709,'fire',150,0),(1386,720,'water',150,0),(1387,718,'dragon',180,0),(1388,719,'dragon',210,0),(1389,721,'water',180,0),(1390,722,'water',210,0),(1391,723,'water',240,0),(1392,724,'water',270,0),(1393,725,'water',300,0),(1394,728,'blast',360,1),(1395,729,'blast',390,1),(1396,730,'blast',420,1),(1397,742,'fire',180,0),(1398,734,'paralysis',240,1),(1399,735,'paralysis',270,1),(1400,736,'paralysis',300,1),(1401,738,'ice',90,1),(1402,739,'ice',120,1),(1403,740,'ice',150,1),(1404,741,'ice',180,1),(1405,743,'fire',240,0),(1406,744,'fire',300,0),(1407,745,'dragon',210,0),(1408,746,'dragon',270,0),(1409,748,'thunder',360,0),(1410,747,'dragon',330,0),(1411,749,'thunder',390,0),(1412,750,'thunder',420,0),(1413,751,'dragon',120,0),(1414,752,'dragon',150,0),(1415,753,'blast',300,0),(1416,755,'dragon',150,0),(1417,754,'blast',300,0),(1418,1166,'dragon',120,0),(1419,1167,'dragon',180,0),(1420,770,'water',120,0),(1421,766,'fire',150,0),(1422,761,'thunder',120,1),(1423,762,'thunder',150,1),(1424,763,'thunder',270,1),(1425,764,'dragon',120,0),(1426,765,'dragon',150,0),(1427,767,'fire',180,0),(1428,768,'fire',210,0),(1429,769,'fire',240,0),(1430,771,'water',150,0),(1431,780,'poison',240,0),(1432,772,'water',180,0),(1433,776,'ice',150,0),(1434,773,'water',210,0),(1435,774,'water',240,0),(1436,775,'water',270,0),(1437,777,'ice',180,0),(1438,778,'ice',210,0),(1439,779,'ice',240,0),(1440,781,'poison',270,0),(1441,782,'poison',300,0),(1442,783,'poison',330,0),(1443,811,'thunder',90,0),(1444,789,'blast',180,1),(1445,790,'blast',210,1),(1446,791,'blast',240,1),(1447,793,'ice',90,1),(1448,794,'ice',120,1),(1449,795,'ice',180,1),(1450,804,'paralysis',180,0),(1451,799,'sleep',120,1),(1452,800,'sleep',150,1),(1453,802,'blast',150,0),(1454,801,'sleep',180,1),(1455,803,'blast',180,0),(1456,805,'paralysis',210,0),(1457,806,'paralysis',240,0),(1458,807,'paralysis',270,0),(1459,808,'paralysis',300,0),(1460,809,'dragon',210,0),(1461,810,'dragon',270,0),(1462,812,'thunder',120,0),(1463,813,'thunder',120,0),(1464,814,'thunder',150,0),(1465,815,'thunder',180,0),(1466,816,'thunder',210,0),(1467,818,'fire',120,1),(1468,819,'fire',150,1),(1469,820,'fire',180,1),(1470,821,'dragon',270,0),(1471,822,'dragon',300,0),(1472,824,'blast',180,0),(1473,823,'dragon',360,0),(1474,825,'blast',210,0),(1475,826,'dragon',120,0),(1476,827,'dragon',150,0),(1477,828,'ice',150,0),(1478,830,'dragon',180,0),(1479,829,'ice',180,0),(1480,1168,'dragon',150,0),(1481,1169,'dragon',210,0),(1482,860,'poison',240,0),(1483,841,'fire',90,0),(1484,836,'blast',210,1),(1485,837,'blast',240,1),(1486,838,'blast',270,1),(1487,839,'dragon',120,0),(1488,840,'dragon',150,0),(1489,842,'fire',120,0),(1490,843,'fire',150,0),(1491,844,'fire',180,0),(1492,848,'sleep',150,1),(1493,849,'sleep',180,1),(1494,850,'sleep',210,1),(1495,856,'ice',150,0),(1496,853,'thunder',240,1),(1497,854,'thunder',270,1),(1498,855,'thunder',300,1),(1499,857,'ice',180,0),(1500,858,'ice',210,0),(1501,859,'ice',240,0),(1502,861,'poison',270,0),(1503,862,'poison',300,0),(1504,863,'poison',330,0),(1505,864,'poison',360,0),(1506,866,'blast',120,0),(1507,865,'poison',390,0),(1508,867,'blast',150,0),(1509,881,'water',60,0),(1510,891,'thunder',90,0),(1511,878,'fire',210,0),(1512,873,'paralysis',180,1),(1513,874,'paralysis',210,1),(1514,875,'paralysis',210,1),(1515,876,'dragon',150,0),(1516,877,'dragon',180,0),(1517,879,'fire',240,0),(1518,880,'fire',270,0),(1519,882,'water',90,0),(1520,883,'water',120,0),(1521,884,'water',150,0),(1522,885,'water',180,0),(1523,886,'water',210,0),(1524,888,'ice',120,1),(1525,889,'ice',150,1),(1526,890,'ice',180,1),(1527,892,'thunder',120,0),(1528,893,'thunder',150,0),(1529,894,'thunder',180,0),(1530,895,'thunder',210,0),(1531,896,'thunder',240,0),(1532,898,'fire',90,1),(1533,899,'fire',120,1),(1534,900,'fire',150,1),(1535,901,'dragon',300,0),(1536,902,'dragon',330,0),(1537,904,'thunder',300,0),(1538,903,'dragon',390,0),(1539,905,'thunder',330,0),(1540,906,'thunder',360,0),(1541,907,'dragon',60,0),(1542,908,'dragon',90,0),(1543,909,'ice',150,0),(1544,911,'dragon',120,0),(1545,910,'ice',180,0),(1546,1170,'dragon',150,0),(1547,1171,'dragon',210,0),(1548,1099,'water',90,0),(1549,1080,'thunder',90,1),(1550,1081,'thunder',120,1),(1551,1082,'thunder',150,1),(1552,1083,'dragon',120,0),(1553,1084,'dragon',150,0),(1554,1088,'blast',210,1),(1555,1089,'blast',240,1),(1556,1091,'fire',120,0),(1557,1090,'blast',270,1),(1558,1092,'fire',150,0),(1559,1094,'dragon',180,1),(1560,1096,'fire',150,0),(1561,1095,'dragon',240,1),(1562,1097,'fire',210,0),(1563,1098,'fire',240,0),(1564,1100,'water',120,0),(1565,1102,'water',180,0),(1566,1101,'water',150,0),(1567,1105,'ice',270,0),(1568,1103,'water',210,0),(1569,1104,'water',240,0),(1570,1106,'ice',330,0),(1571,1107,'ice',360,0),(1572,1108,'ice',390,0),(1573,1135,'thunder',150,0),(1574,1114,'water',240,1),(1575,1115,'water',300,1),(1576,1116,'water',360,1),(1577,1117,'dragon',240,0),(1578,1118,'dragon',270,0),(1579,1120,'ice',60,1),(1580,1121,'ice',90,1),(1581,1122,'ice',120,1),(1582,1123,'ice',150,1),(1583,1130,'fire',210,0),(1584,1127,'blast',180,1),(1585,1128,'blast',210,1),(1586,1129,'blast',240,1),(1587,1131,'fire',270,0),(1588,1132,'fire',330,0),(1589,1133,'fire',360,0),(1590,1134,'fire',390,0),(1591,1136,'thunder',180,0),(1592,1137,'thunder',210,0),(1593,1138,'thunder',250,0),(1594,1139,'thunder',270,0),(1595,1140,'dragon',300,0),(1596,1141,'dragon',360,0),(1597,1142,'dragon',420,0),(1598,1143,'dragon',120,0),(1599,1144,'dragon',150,0),(1600,1145,'ice',210,0),(1601,1147,'dragon',180,0),(1602,1146,'ice',240,0),(1603,1148,'blast',120,0),(1604,1149,'blast',150,0),(1605,1176,'dragon',150,0),(1606,1177,'dragon',210,0),(1607,1178,'thunder',180,1),(1608,1179,'thunder',240,1);
/*!40000 ALTER TABLE `weapon_elements` ENABLE KEYS */;
UNLOCK TABLES;

--
-- Table structure for table `weapon_sharpnesses`
--

DROP TABLE IF EXISTS `weapon_sharpnesses`;
/*!40101 SET @saved_cs_client     = @@character_set_client */;
/*!40101 SET character_set_client = utf8 */;
CREATE TABLE `weapon_sharpnesses` (
  `id` int(10) unsigned NOT NULL AUTO_INCREMENT,
  `red` int(10) unsigned NOT NULL,
  `orange` int(10) unsigned NOT NULL,
  `yellow` int(10) unsigned NOT NULL,
  `green` int(10) unsigned NOT NULL,
  `blue` int(10) unsigned NOT NULL,
  `white` int(10) unsigned NOT NULL,
  PRIMARY KEY (`id`)
) ENGINE=InnoDB AUTO_INCREMENT=1182 DEFAULT CHARSET=utf8mb4 COLLATE=utf8mb4_unicode_ci;
/*!40101 SET character_set_client = @saved_cs_client */;

--
-- Dumping data for table `weapon_sharpnesses`
--

LOCK TABLES `weapon_sharpnesses` WRITE;
/*!40000 ALTER TABLE `weapon_sharpnesses` DISABLE KEYS */;
INSERT INTO `weapon_sharpnesses` VALUES (1,25,12,13,0,0,0),(2,17,18,7,8,0,0),(3,15,17,8,10,0,0),(4,17,13,20,12,0,0),(5,15,12,20,15,0,0),(6,25,12,13,20,5,0),(7,22,13,12,20,8,0),(8,15,15,5,37,15,0),(9,30,30,10,12,18,0),(10,27,30,10,13,20,0),(11,17,13,20,12,0,0),(12,15,12,20,15,0,0),(13,25,12,20,18,0,0),(14,25,12,13,20,5,0),(15,25,30,10,12,10,0),(16,15,12,20,15,0,0),(17,25,12,20,18,0,0),(18,22,13,12,20,8,0),(19,20,15,20,20,12,0),(20,20,17,8,5,0,0),(21,20,12,20,10,0,0),(22,15,12,20,15,0,0),(23,25,12,20,18,0,0),(24,27,13,12,20,3,0),(25,27,30,10,13,7,0),(26,20,12,20,10,0,0),(27,15,12,20,15,0,0),(28,27,13,12,20,3,0),(29,25,12,13,20,5,0),(30,20,15,15,25,12,0),(31,25,12,13,20,5,0),(32,22,15,15,25,10,0),(33,15,17,8,10,0,0),(34,17,13,20,12,0,0),(35,15,12,20,15,0,0),(36,27,13,12,20,3,0),(37,25,12,13,20,5,0),(38,27,30,10,13,7,0),(39,17,13,20,12,0,0),(40,25,12,20,18,0,0),(41,25,12,13,20,5,0),(42,27,30,10,13,7,0),(43,22,15,15,25,10,0),(44,25,15,10,0,0,0),(45,22,15,13,0,0,0),(46,22,13,12,3,0,0),(47,32,18,7,5,0,0),(48,30,17,8,7,0,0),(49,30,15,20,10,0,0),(50,27,25,10,10,3,0),(51,27,30,10,13,7,0),(52,27,15,20,20,5,0),(53,50,17,5,5,10,0),(54,30,17,8,7,0,0),(55,27,25,10,10,3,0),(56,30,30,10,12,5,0),(57,22,18,7,3,0,0),(58,32,18,7,5,0,0),(59,30,17,8,7,0,0),(60,35,17,8,15,0,0),(61,32,18,7,18,0,0),(62,47,18,5,12,5,0),(63,20,17,8,5,0,0),(64,30,17,8,7,0,0),(65,27,18,7,10,0,0),(66,27,25,10,10,3,0),(67,25,25,10,10,5,0),(68,27,30,10,13,7,0),(69,30,17,8,7,0,0),(70,27,18,7,10,0,0),(71,35,17,8,15,0,0),(72,27,25,10,10,3,0),(73,27,30,10,13,7,0),(74,27,18,7,10,0,0),(75,25,17,8,12,0,0),(76,30,27,10,10,10,0),(77,15,12,20,15,0,0),(78,27,5,5,40,10,0),(79,27,5,5,38,12,0),(80,27,13,20,15,0,0),(81,52,8,10,17,0,0),(82,37,28,10,0,0,0),(83,35,27,10,3,0,0),(84,27,15,20,20,5,0),(85,22,15,20,20,10,0),(86,32,8,15,20,10,2),(87,30,30,10,12,5,0),(88,27,30,10,13,7,0),(89,25,12,13,0,0,0),(90,20,17,8,5,0,0),(91,15,17,8,10,0,0),(92,20,12,20,10,0,0),(93,17,13,20,12,0,0),(94,22,13,12,20,8,0),(95,17,13,12,20,13,0),(96,12,15,5,38,17,0),(97,30,30,10,12,18,0),(98,27,30,10,13,20,0),(99,17,13,20,12,0,0),(100,15,12,20,15,0,0),(101,25,12,13,20,5,0),(102,22,13,12,20,8,0),(103,20,12,15,30,10,0),(104,17,18,7,8,0,0),(105,20,12,20,10,0,0),(106,15,12,20,15,0,0),(107,27,13,12,20,3,0),(108,20,12,13,20,10,0),(109,20,15,20,20,12,0),(110,25,12,13,20,5,0),(111,22,13,12,20,20,0),(112,22,13,20,7,0,0),(113,27,13,12,20,3,0),(114,20,15,15,25,12,0),(115,20,12,20,10,0,0),(116,27,13,12,20,3,0),(117,25,15,20,20,7,0),(118,17,13,15,30,12,0),(119,25,15,10,0,0,0),(120,22,13,15,0,0,0),(121,17,15,15,3,0,0),(122,32,18,7,5,0,0),(123,27,18,7,10,0,0),(124,35,17,8,15,0,0),(125,25,25,10,10,5,0),(126,25,30,10,12,10,0),(127,25,25,10,10,5,0),(128,15,30,20,15,7,0),(129,32,18,7,5,0,0),(130,30,17,8,7,0,0),(131,35,17,8,15,0,0),(132,25,25,10,10,5,0),(133,27,30,10,13,7,0),(134,20,17,8,5,0,0),(135,30,17,8,7,0,0),(136,27,18,7,10,0,0),(137,35,17,8,15,0,0),(138,27,25,10,10,3,0),(139,42,25,8,7,5,0),(140,40,25,7,8,7,0),(141,50,17,5,5,10,0),(142,15,17,8,10,0,0),(143,25,17,8,12,0,0),(144,22,18,7,15,0,0),(145,25,25,10,10,5,0),(146,22,25,10,10,8,0),(147,37,25,8,7,10,0),(148,22,18,7,15,0,0),(149,22,25,10,10,8,0),(150,20,25,10,10,10,0),(151,60,5,5,5,7,5),(152,20,17,8,17,0,0),(153,17,18,7,20,0,0),(154,25,25,10,10,5,0),(155,20,25,10,10,10,0),(156,27,8,15,20,10,7),(157,27,18,7,10,0,0),(158,25,17,8,12,0,0),(159,37,25,8,7,10,0),(160,27,13,20,15,0,0),(161,52,8,10,17,0,0),(162,37,28,10,0,0,0),(163,35,27,10,3,0,0),(164,25,15,20,20,7,0),(165,17,13,15,30,12,0),(166,32,8,15,20,10,2),(167,25,12,13,20,5,0),(168,25,15,15,25,7,0),(169,25,17,8,13,0,0),(170,22,13,15,0,0,0),(171,17,18,7,8,0,0),(172,12,18,7,13,0,0),(173,17,13,20,12,0,0),(174,12,13,20,17,0,0),(175,25,12,13,20,5,0),(176,20,12,13,20,10,0),(177,12,15,5,38,17,0),(178,27,30,10,13,20,0),(179,22,30,10,13,25,0),(180,15,12,20,15,0,0),(181,25,12,20,18,0,0),(182,22,13,12,20,8,0),(183,22,15,15,25,10,0),(184,10,12,20,20,0,0),(185,20,12,13,20,10,0),(186,22,30,10,13,12,0),(187,17,18,7,8,0,0),(188,20,12,20,10,0,0),(189,17,13,20,12,0,0),(190,25,12,20,18,0,0),(191,25,12,13,20,5,0),(192,25,15,15,25,7,0),(193,15,12,20,15,0,0),(194,25,12,13,20,5,0),(195,20,12,13,20,10,0),(196,30,7,15,20,10,5),(197,15,12,20,15,0,0),(198,27,13,12,20,3,0),(199,25,12,13,20,5,0),(200,22,15,15,25,10,0),(201,17,13,20,12,0,0),(202,15,12,20,15,0,0),(203,25,12,13,20,5,0),(204,22,13,12,20,8,0),(205,20,12,15,30,10,0),(206,15,17,8,10,0,0),(207,15,12,20,15,0,0),(208,10,12,20,20,0,0),(209,22,13,12,20,8,0),(210,20,12,13,20,10,0),(211,22,30,10,13,12,0),(212,17,13,20,12,0,0),(213,12,13,20,17,0,0),(214,25,12,13,20,5,0),(215,22,13,12,20,8,0),(216,20,12,15,30,10,0),(217,22,15,13,0,0,0),(218,20,12,18,0,0,0),(219,20,12,13,5,0,0),(220,27,18,7,10,0,0),(221,25,17,8,12,0,0),(222,32,18,7,18,0,0),(223,25,25,10,10,5,0),(224,22,30,10,13,12,0),(225,30,17,8,7,0,0),(226,27,18,7,10,0,0),(227,35,17,8,15,0,0),(228,25,25,10,10,5,0),(229,25,30,10,12,10,0),(230,17,13,12,8,0,0),(231,25,17,8,12,0,0),(232,20,17,8,17,0,0),(233,25,25,10,10,5,0),(234,22,25,10,10,8,0),(235,22,30,10,13,12,0),(236,27,18,7,10,0,0),(237,25,17,8,12,0,0),(238,35,17,8,15,0,0),(239,25,25,10,10,5,0),(240,25,30,10,12,10,0),(241,20,12,13,5,0,0),(242,30,17,8,7,0,0),(243,27,18,7,10,0,0),(244,35,17,8,15,0,0),(245,27,25,10,10,3,0),(246,25,30,10,12,10,0),(247,30,17,8,7,0,0),(248,25,17,8,12,0,0),(249,25,25,10,10,5,0),(250,25,30,10,12,10,0),(251,27,18,7,10,0,0),(252,17,18,7,20,0,0),(253,37,25,8,7,10,0),(254,10,12,20,20,0,0),(255,27,5,5,38,12,0),(256,27,5,5,33,17,0),(257,37,28,10,0,0,0),(258,35,27,10,3,0,0),(259,25,15,15,25,7,0),(260,17,13,15,30,12,0),(261,32,8,15,20,10,2),(262,22,13,15,0,0,0),(263,17,18,7,8,0,0),(264,12,18,7,13,0,0),(265,15,12,20,15,0,0),(266,12,13,20,17,0,0),(267,22,13,12,20,8,0),(268,20,12,13,20,10,0),(269,15,15,5,37,15,0),(270,27,30,10,13,20,0),(271,22,30,10,13,25,0),(272,17,13,20,12,0,0),(273,15,12,20,15,0,0),(274,25,12,13,20,5,0),(275,22,13,12,20,8,0),(276,20,12,15,30,10,0),(277,25,12,13,20,5,0),(278,15,30,20,15,7,0),(279,12,13,20,17,0,0),(280,25,12,13,20,5,0),(281,22,13,12,20,8,0),(282,20,12,15,30,10,0),(283,15,17,8,10,0,0),(284,15,12,20,15,0,0),(285,12,13,20,17,0,0),(286,22,13,12,20,8,0),(287,20,12,13,20,10,0),(288,20,15,15,25,12,0),(289,12,13,20,17,0,0),(290,22,13,12,20,8,0),(291,15,12,15,30,15,0),(292,25,15,10,0,0,0),(293,22,13,15,0,0,0),(294,20,17,8,5,0,0),(295,27,18,7,10,0,0),(296,22,18,7,15,0,0),(297,30,17,8,20,0,0),(298,15,15,15,25,5,0),(299,27,13,12,20,15,0),(300,30,17,8,7,0,0),(301,25,17,8,12,0,0),(302,35,17,8,15,0,0),(303,32,18,7,18,0,0),(304,25,30,10,12,10,0),(305,27,18,7,10,0,0),(306,35,17,8,15,0,0),(307,25,25,10,10,5,0),(308,22,13,15,30,7,0),(309,20,12,13,5,0,0),(310,30,17,8,7,0,0),(311,27,18,7,10,0,0),(312,35,17,8,15,0,0),(313,25,25,10,10,5,0),(314,40,25,7,8,7,0),(315,25,25,10,10,5,0),(316,50,17,5,5,10,0),(317,25,17,8,12,0,0),(318,20,17,8,17,0,0),(319,22,25,10,10,8,0),(320,20,25,10,10,10,0),(321,27,8,15,20,10,7),(322,17,13,12,8,0,0),(323,25,17,8,12,0,0),(324,22,18,7,15,0,0),(325,25,25,10,10,5,0),(326,22,25,10,10,8,0),(327,50,17,5,5,10,0),(328,20,17,8,17,0,0),(329,22,25,10,10,8,0),(330,20,25,10,10,10,0),(331,50,17,5,5,13,10),(332,27,18,7,10,0,0),(333,17,18,7,20,0,0),(334,27,28,10,10,12,0),(335,17,18,7,20,0,0),(336,27,5,5,35,15,0),(337,27,5,5,30,20,0),(338,27,13,20,15,0,0),(339,45,7,15,20,0,0),(340,37,28,10,0,0,0),(341,35,27,10,3,0,0),(342,25,15,20,20,7,0),(343,15,12,15,30,15,0),(344,30,7,15,20,10,5),(345,25,12,13,0,0,0),(346,20,17,8,5,0,0),(347,15,17,8,10,0,0),(348,17,13,20,12,0,0),(349,15,12,20,15,0,0),(350,25,12,13,20,5,0),(351,22,13,12,20,8,0),(352,15,15,5,37,15,0),(353,30,30,10,12,18,0),(354,27,30,10,13,20,0),(355,12,13,20,17,0,0),(356,22,13,12,20,8,0),(357,27,30,10,13,7,0),(358,20,17,8,5,0,0),(359,22,13,20,7,0,0),(360,20,12,20,10,0,0),(361,27,15,20,13,0,0),(362,25,12,13,20,5,0),(363,22,15,20,20,10,0),(364,20,12,20,10,0,0),(365,17,13,20,12,0,0),(366,15,12,20,28,0,0),(367,22,13,12,20,8,0),(368,22,15,15,25,10,0),(369,17,18,7,8,0,0),(370,17,13,20,12,0,0),(371,12,13,20,17,0,0),(372,25,12,20,18,0,0),(373,25,30,10,12,10,0),(374,20,12,20,10,0,0),(375,17,13,20,12,0,0),(376,27,13,20,15,0,0),(377,25,25,10,10,5,0),(378,37,25,8,7,10,0),(379,27,15,8,0,0,0),(380,22,15,13,0,0,0),(381,22,13,12,3,0,0),(382,32,18,7,5,0,0),(383,30,17,8,7,0,0),(384,27,18,7,23,0,0),(385,27,25,10,10,3,0),(386,27,30,10,13,7,0),(387,35,27,10,10,5,0),(388,50,17,5,5,10,0),(389,30,17,8,7,0,0),(390,27,18,7,10,0,0),(391,27,25,10,10,3,0),(392,25,25,10,10,5,0),(393,27,30,10,13,7,0),(394,27,25,10,10,3,0),(395,30,30,10,12,5,0),(396,15,17,8,10,0,0),(397,27,18,7,10,0,0),(398,25,17,8,12,0,0),(399,35,17,8,15,0,0),(400,32,18,7,18,0,0),(401,30,27,10,10,10,0),(402,22,18,7,15,0,0),(403,32,18,7,18,0,0),(404,30,17,8,20,0,0),(405,25,12,15,30,5,0),(406,17,13,12,8,0,0),(407,27,18,7,10,0,0),(408,25,17,8,12,0,0),(409,32,18,7,18,0,0),(410,27,18,7,23,0,0),(411,27,30,10,13,7,0),(412,30,17,8,7,0,0),(413,27,18,7,10,0,0),(414,27,15,20,13,0,0),(415,27,25,10,10,3,0),(416,30,30,10,12,5,0),(417,27,18,7,10,0,0),(418,17,18,7,20,0,0),(419,30,27,10,10,10,0),(420,27,13,20,15,0,0),(421,47,8,15,17,0,0),(422,37,28,10,0,0,0),(423,35,27,10,3,0,0),(424,27,15,20,20,5,0),(425,22,15,20,20,10,0),(426,32,8,15,20,10,2),(427,30,30,10,12,5,0),(428,40,25,7,8,7,0),(429,25,12,13,0,0,0),(430,20,17,8,5,0,0),(431,15,17,8,10,0,0),(432,17,13,20,12,0,0),(433,15,12,20,15,0,0),(434,25,12,13,20,5,0),(435,22,13,12,20,8,0),(436,15,15,5,37,15,0),(437,30,30,10,12,18,0),(438,27,30,10,13,20,0),(439,20,12,20,10,0,0),(440,17,13,20,12,0,0),(441,27,13,20,15,0,0),(442,25,12,13,20,5,0),(443,22,15,20,20,10,0),(444,17,18,7,8,0,0),(445,20,12,20,10,0,0),(446,17,13,20,12,0,0),(447,27,13,20,15,0,0),(448,25,12,13,20,5,0),(449,22,15,20,20,10,0),(450,15,12,20,15,0,0),(451,25,12,13,20,5,0),(452,20,12,13,20,10,0),(453,17,13,15,30,12,0),(454,15,17,8,10,0,0),(455,17,13,20,12,0,0),(456,15,12,20,15,0,0),(457,25,12,20,18,0,0),(458,22,13,12,20,8,0),(459,22,15,20,20,10,0),(460,12,13,20,17,0,0),(461,27,13,12,20,3,0),(462,25,12,13,20,5,0),(463,32,8,15,20,10,2),(464,27,15,8,0,0,0),(465,22,15,13,0,0,0),(466,20,12,13,5,0,0),(467,30,17,8,7,0,0),(468,27,18,7,10,0,0),(469,35,17,8,15,0,0),(470,27,25,10,10,3,0),(471,27,30,10,13,7,0),(472,25,25,10,10,5,0),(473,30,27,10,10,10,0),(474,32,18,7,5,0,0),(475,30,17,8,7,0,0),(476,35,17,8,15,0,0),(477,32,18,7,18,0,0),(478,30,30,10,12,5,0),(479,17,13,12,8,0,0),(480,27,18,7,10,0,0),(481,25,17,8,12,0,0),(482,27,25,10,10,3,0),(483,25,25,10,10,5,0),(484,27,30,10,13,7,0),(485,30,17,8,7,0,0),(486,25,17,8,12,0,0),(487,27,25,10,10,3,0),(488,22,25,10,10,8,0),(489,20,12,15,30,10,0),(490,27,25,10,10,3,0),(491,17,30,20,15,5,0),(492,15,17,8,10,0,0),(493,25,17,8,12,0,0),(494,20,17,8,17,0,0),(495,22,25,10,10,8,0),(496,20,25,10,10,10,0),(497,27,8,15,20,10,7),(498,27,18,7,10,0,0),(499,22,18,7,15,0,0),(500,27,25,10,10,3,0),(501,25,25,10,10,5,0),(502,27,30,10,13,7,0),(503,27,18,7,10,0,0),(504,17,18,7,20,0,0),(505,30,27,10,10,10,0),(506,15,12,20,15,0,0),(507,27,5,5,38,12,0),(508,27,5,5,35,15,0),(509,37,28,10,0,0,0),(510,35,27,10,3,0,0),(511,27,15,20,20,5,0),(512,22,15,15,25,10,0),(513,32,8,15,20,10,2),(514,25,12,13,0,0,0),(515,20,17,8,5,0,0),(516,15,17,8,10,0,0),(517,20,12,20,10,0,0),(518,17,13,20,12,0,0),(519,22,13,12,20,8,0),(520,17,13,12,20,13,0),(521,15,15,5,37,15,0),(522,30,30,10,12,18,0),(523,27,30,10,13,20,0),(524,25,17,8,12,0,0),(525,27,25,10,10,3,0),(526,25,25,10,10,5,0),(527,32,8,15,20,10,2),(528,17,18,7,8,0,0),(529,20,12,20,10,0,0),(530,15,12,20,15,0,0),(531,27,13,12,20,3,0),(532,22,13,12,20,8,0),(533,22,15,15,25,10,0),(534,25,12,13,20,5,0),(535,22,15,20,20,10,0),(536,22,13,20,7,0,0),(537,20,12,20,10,0,0),(538,15,12,20,28,0,0),(539,27,13,12,20,3,0),(540,22,15,20,20,10,0),(541,15,17,8,10,0,0),(542,17,13,20,12,0,0),(543,15,12,20,15,0,0),(544,27,13,12,20,3,0),(545,25,12,13,20,5,0),(546,25,30,10,12,10,0),(547,12,13,20,17,0,0),(548,22,13,20,20,0,0),(549,27,13,12,20,3,0),(550,27,15,20,20,5,0),(551,22,15,15,25,10,0),(552,25,15,10,0,0,0),(553,22,13,15,0,0,0),(554,20,12,13,5,0,0),(555,30,17,8,7,0,0),(556,27,18,7,10,0,0),(557,35,17,8,15,0,0),(558,25,25,10,10,5,0),(559,25,30,10,12,10,0),(560,35,27,10,10,5,0),(561,50,17,5,5,10,0),(562,27,18,7,10,0,0),(563,25,17,8,12,0,0),(564,25,25,10,10,5,0),(565,22,25,10,10,8,0),(566,27,8,15,20,10,7),(567,17,13,12,8,0,0),(568,27,18,7,10,0,0),(569,25,17,8,12,0,0),(570,32,18,7,18,0,0),(571,27,18,7,23,0,0),(572,25,30,10,12,10,0),(573,22,18,7,15,0,0),(574,25,25,10,10,5,0),(575,20,25,10,10,10,0),(576,42,25,8,7,10,8),(577,20,12,13,5,0,0),(578,30,17,8,7,0,0),(579,27,18,7,10,0,0),(580,35,17,8,15,0,0),(581,25,25,10,10,5,0),(582,27,30,10,13,7,0),(583,27,18,7,10,0,0),(584,17,18,7,20,0,0),(585,30,27,10,10,10,0),(586,27,25,10,10,3,0),(587,17,30,20,15,5,0),(588,15,12,20,15,0,0),(589,27,5,5,38,12,0),(590,27,5,5,35,15,0),(591,37,28,10,0,0,0),(592,35,27,10,3,0,0),(593,27,15,20,20,5,0),(594,22,15,20,20,10,0),(595,32,8,15,20,10,2),(596,30,30,10,12,5,0),(597,27,30,10,13,7,0),(598,25,12,13,0,0,0),(599,17,18,7,8,0,0),(600,15,17,8,10,0,0),(601,20,12,20,10,0,0),(602,17,13,20,12,0,0),(603,22,13,12,20,8,0),(604,17,13,12,20,13,0),(605,15,15,5,37,15,0),(606,30,30,10,12,18,0),(607,27,30,10,13,20,0),(608,17,18,7,8,0,0),(609,20,12,20,10,0,0),(610,17,13,20,12,0,0),(611,27,13,12,20,3,0),(612,25,12,13,20,5,0),(613,25,15,15,25,7,0),(614,15,12,20,15,0,0),(615,22,13,20,20,0,0),(616,27,13,12,20,3,0),(617,27,15,20,20,5,0),(618,20,12,15,30,10,0),(619,17,13,20,12,0,0),(620,25,12,13,20,5,0),(621,22,13,12,20,8,0),(622,20,15,15,25,12,0),(623,15,17,8,10,0,0),(624,17,13,20,12,0,0),(625,15,12,20,15,0,0),(626,25,12,20,18,0,0),(627,27,13,12,20,3,0),(628,27,15,20,20,5,0),(629,12,13,20,17,0,0),(630,25,12,13,20,5,0),(631,20,12,13,20,10,0),(632,32,8,15,20,10,2),(633,25,15,10,0,0,0),(634,20,12,18,0,0,0),(635,20,12,13,5,0,0),(636,30,17,8,7,0,0),(637,27,18,7,10,0,0),(638,35,17,8,15,0,0),(639,25,25,10,10,5,0),(640,25,30,10,12,10,0),(641,25,25,10,10,5,0),(642,15,30,20,15,7,0),(643,22,13,12,3,0,0),(644,27,18,7,10,0,0),(645,22,18,7,15,0,0),(646,32,18,7,18,0,0),(647,27,13,12,20,3,0),(648,22,30,10,13,12,0),(649,30,17,8,7,0,0),(650,27,18,7,10,0,0),(651,35,17,8,15,0,0),(652,25,25,10,10,5,0),(653,37,25,8,7,10,0),(654,35,27,10,10,5,0),(655,50,17,5,5,10,0),(656,20,12,13,5,0,0),(657,27,18,7,10,0,0),(658,22,18,7,15,0,0),(659,30,17,8,20,0,0),(660,25,12,13,20,5,0),(661,30,17,8,25,7,0),(662,30,17,8,7,0,0),(663,27,18,7,10,0,0),(664,35,17,8,15,0,0),(665,32,18,7,18,0,0),(666,32,18,7,25,5,0),(667,27,18,7,10,0,0),(668,17,18,7,20,0,0),(669,30,27,10,10,10,0),(670,27,13,20,15,0,0),(671,52,8,10,17,0,0),(672,37,28,10,0,0,0),(673,35,27,10,3,0,0),(674,27,15,20,20,5,0),(675,22,15,20,20,10,0),(676,32,8,15,20,10,2),(677,25,12,13,0,0,0),(678,20,17,8,5,0,0),(679,15,17,8,10,0,0),(680,17,13,20,12,0,0),(681,15,12,20,15,0,0),(682,22,13,12,20,8,0),(683,17,13,12,20,13,0),(684,15,15,5,37,15,0),(685,30,30,10,12,18,0),(686,27,30,10,13,20,0),(687,15,12,20,15,0,0),(688,25,12,13,20,5,0),(689,22,13,12,20,8,0),(690,32,8,15,20,10,2),(691,22,13,20,7,0,0),(692,20,12,20,10,0,0),(693,27,13,20,15,0,0),(694,25,12,13,20,5,0),(695,22,15,20,20,10,0),(696,22,13,12,20,8,0),(697,20,12,20,25,10,0),(698,15,17,8,10,0,0),(699,17,13,20,12,0,0),(700,12,13,20,17,0,0),(701,27,13,12,20,3,0),(702,25,12,13,20,5,0),(703,27,30,10,13,7,0),(704,25,12,13,20,5,0),(705,17,30,20,15,5,0),(706,15,12,20,15,0,0),(707,25,12,20,18,0,0),(708,22,13,12,20,8,0),(709,22,15,20,20,10,0),(710,25,15,10,0,0,0),(711,22,13,15,0,0,0),(712,20,12,13,5,0,0),(713,30,17,8,7,0,0),(714,27,18,7,10,0,0),(715,35,17,8,15,0,0),(716,25,25,10,10,5,0),(717,25,30,10,12,10,0),(718,35,27,10,10,5,0),(719,50,17,5,5,10,0),(720,20,12,13,5,0,0),(721,30,17,8,7,0,0),(722,27,18,7,10,0,0),(723,27,15,20,13,0,0),(724,27,25,10,10,3,0),(725,35,27,10,10,5,0),(726,30,17,8,7,0,0),(727,25,17,8,12,0,0),(728,32,18,7,18,0,0),(729,22,25,10,10,8,0),(730,35,25,7,8,12,0),(731,22,13,12,3,0,0),(732,27,18,7,10,0,0),(733,22,18,7,15,0,0),(734,32,18,7,18,0,0),(735,30,17,8,20,0,0),(736,30,17,8,25,7,0),(737,25,17,8,12,0,0),(738,35,17,8,15,0,0),(739,27,13,12,20,3,0),(740,35,27,10,10,5,0),(741,22,13,15,30,7,0),(742,30,17,8,7,0,0),(743,27,25,10,10,3,0),(744,27,30,10,13,7,0),(745,27,18,7,10,0,0),(746,17,18,7,20,0,0),(747,30,27,10,10,10,0),(748,15,12,20,15,0,0),(749,27,5,5,38,12,0),(750,27,5,5,35,15,0),(751,37,28,10,0,0,0),(752,35,27,10,3,0,0),(753,27,15,20,20,5,0),(754,22,15,15,25,10,0),(755,32,8,15,20,10,2),(756,22,13,15,0,0,0),(757,17,18,7,8,0,0),(758,12,18,7,13,0,0),(759,17,13,20,12,0,0),(760,12,13,20,17,0,0),(761,25,12,13,20,5,0),(762,20,12,13,20,10,0),(763,15,15,5,37,15,0),(764,27,30,10,13,20,0),(765,25,30,10,12,23,0),(766,15,12,20,15,0,0),(767,25,12,20,18,0,0),(768,22,13,12,20,8,0),(769,17,13,15,30,12,0),(770,20,17,8,5,0,0),(771,22,13,20,7,0,0),(772,20,12,20,10,0,0),(773,27,13,20,15,0,0),(774,27,13,12,20,3,0),(775,25,15,15,25,7,0),(776,17,13,20,12,0,0),(777,25,12,20,18,0,0),(778,25,12,13,20,5,0),(779,22,15,20,20,10,0),(780,17,13,20,12,0,0),(781,25,12,13,20,5,0),(782,22,13,12,20,8,0),(783,17,13,15,30,12,0),(784,22,15,13,0,0,0),(785,20,12,18,0,0,0),(786,20,12,13,5,0,0),(787,27,18,7,10,0,0),(788,25,17,8,12,0,0),(789,32,18,7,18,0,0),(790,22,25,10,10,8,0),(791,22,30,10,13,12,0),(792,25,17,8,12,0,0),(793,35,17,8,15,0,0),(794,27,25,10,10,3,0),(795,22,13,15,30,7,0),(796,17,13,12,8,0,0),(797,25,17,8,12,0,0),(798,22,18,7,15,0,0),(799,32,18,7,18,0,0),(800,22,25,10,10,8,0),(801,25,30,10,12,10,0),(802,20,25,10,10,10,0),(803,27,28,10,10,12,0),(804,27,18,7,10,0,0),(805,25,17,8,12,0,0),(806,27,25,10,10,3,0),(807,25,25,10,10,5,0),(808,27,28,10,10,12,0),(809,32,28,10,10,7,0),(810,50,17,5,5,10,0),(811,15,17,8,10,0,0),(812,25,17,8,12,0,0),(813,20,17,8,17,0,0),(814,22,25,10,10,8,0),(815,20,25,10,10,10,0),(816,47,18,5,5,12,0),(817,22,18,7,15,0,0),(818,25,25,10,10,5,0),(819,22,25,10,10,8,0),(820,50,17,5,5,13,10),(821,27,18,7,10,0,0),(822,17,18,7,20,0,0),(823,30,27,10,10,10,0),(824,27,13,20,15,0,0),(825,52,8,10,17,0,0),(826,37,28,10,0,0,0),(827,35,27,10,3,0,0),(828,27,15,20,20,5,0),(829,22,15,20,20,10,0),(830,32,8,15,20,10,2),(831,22,13,15,0,0,0),(832,17,18,7,8,0,0),(833,12,18,7,13,0,0),(834,17,13,20,12,0,0),(835,12,13,20,17,0,0),(836,25,12,13,20,5,0),(837,20,12,13,20,10,0),(838,15,15,5,37,15,0),(839,27,30,10,13,20,0),(840,25,30,10,12,23,0),(841,15,12,20,15,0,0),(842,25,12,20,18,0,0),(843,22,13,12,20,8,0),(844,22,15,15,25,10,0),(845,15,17,8,10,0,0),(846,15,12,20,15,0,0),(847,12,13,20,17,0,0),(848,22,13,12,20,8,0),(849,20,12,13,20,10,0),(850,20,15,15,25,12,0),(851,17,13,20,12,0,0),(852,15,12,20,15,0,0),(853,25,12,13,20,5,0),(854,22,13,12,20,8,0),(855,20,12,15,30,10,0),(856,12,13,20,17,0,0),(857,22,13,20,20,0,0),(858,25,12,13,20,5,0),(859,22,15,20,20,10,0),(860,17,18,7,8,0,0),(861,17,13,20,12,0,0),(862,12,13,20,17,0,0),(863,22,13,20,20,0,0),(864,22,13,12,20,8,0),(865,22,30,10,13,12,0),(866,25,25,10,10,5,0),(867,32,28,10,10,7,0),(868,22,15,13,0,0,0),(869,20,12,18,0,0,0),(870,17,13,12,8,0,0),(871,27,18,7,10,0,0),(872,25,17,8,12,0,0),(873,32,18,7,18,0,0),(874,25,25,10,10,5,0),(875,22,30,10,13,12,0),(876,32,28,10,10,7,0),(877,50,17,5,5,10,0),(878,30,17,8,7,0,0),(879,25,25,10,10,5,0),(880,25,30,10,12,10,0),(881,20,12,13,5,0,0),(882,30,17,8,7,0,0),(883,25,17,8,12,0,0),(884,35,17,8,15,0,0),(885,25,25,10,10,5,0),(886,27,30,10,13,7,0),(887,27,18,7,10,0,0),(888,27,15,20,13,0,0),(889,27,25,10,10,3,0),(890,22,13,15,30,7,0),(891,15,17,8,10,0,0),(892,25,17,8,12,0,0),(893,20,17,8,17,0,0),(894,22,25,10,10,8,0),(895,20,25,10,10,10,0),(896,47,18,5,5,12,0),(897,22,18,7,15,0,0),(898,25,25,10,10,5,0),(899,22,25,10,10,8,0),(900,50,17,5,5,13,10),(901,27,18,7,10,0,0),(902,17,18,7,20,0,0),(903,30,27,10,10,10,0),(904,10,12,20,20,0,0),(905,27,5,5,35,15,0),(906,27,5,5,30,20,0),(907,37,28,10,0,0,0),(908,35,27,10,3,0,0),(909,27,15,20,20,5,0),(910,22,15,20,20,10,0),(911,32,8,15,20,10,2),(912,0,0,0,0,0,0),(913,0,0,0,0,0,0),(914,0,0,0,0,0,0),(915,0,0,0,0,0,0),(916,0,0,0,0,0,0),(917,0,0,0,0,0,0),(918,0,0,0,0,0,0),(919,0,0,0,0,0,0),(920,0,0,0,0,0,0),(921,0,0,0,0,0,0),(922,0,0,0,0,0,0),(923,0,0,0,0,0,0),(924,0,0,0,0,0,0),(925,0,0,0,0,0,0),(926,0,0,0,0,0,0),(927,0,0,0,0,0,0),(928,0,0,0,0,0,0),(929,0,0,0,0,0,0),(930,0,0,0,0,0,0),(931,0,0,0,0,0,0),(932,0,0,0,0,0,0),(933,0,0,0,0,0,0),(934,0,0,0,0,0,0),(935,0,0,0,0,0,0),(936,0,0,0,0,0,0),(937,0,0,0,0,0,0),(938,0,0,0,0,0,0),(939,0,0,0,0,0,0),(940,0,0,0,0,0,0),(941,0,0,0,0,0,0),(942,0,0,0,0,0,0),(943,0,0,0,0,0,0),(944,0,0,0,0,0,0),(945,0,0,0,0,0,0),(946,0,0,0,0,0,0),(947,0,0,0,0,0,0),(948,0,0,0,0,0,0),(949,0,0,0,0,0,0),(950,0,0,0,0,0,0),(951,0,0,0,0,0,0),(952,0,0,0,0,0,0),(953,0,0,0,0,0,0),(954,0,0,0,0,0,0),(955,0,0,0,0,0,0),(956,0,0,0,0,0,0),(957,0,0,0,0,0,0),(958,0,0,0,0,0,0),(959,0,0,0,0,0,0),(960,0,0,0,0,0,0),(961,0,0,0,0,0,0),(962,0,0,0,0,0,0),(963,0,0,0,0,0,0),(964,0,0,0,0,0,0),(965,0,0,0,0,0,0),(966,0,0,0,0,0,0),(967,0,0,0,0,0,0),(968,0,0,0,0,0,0),(969,0,0,0,0,0,0),(970,0,0,0,0,0,0),(971,0,0,0,0,0,0),(972,0,0,0,0,0,0),(973,0,0,0,0,0,0),(974,0,0,0,0,0,0),(975,0,0,0,0,0,0),(976,0,0,0,0,0,0),(977,0,0,0,0,0,0),(978,0,0,0,0,0,0),(979,0,0,0,0,0,0),(980,0,0,0,0,0,0),(981,0,0,0,0,0,0),(982,0,0,0,0,0,0),(983,0,0,0,0,0,0),(984,0,0,0,0,0,0),(985,0,0,0,0,0,0),(986,0,0,0,0,0,0),(987,0,0,0,0,0,0),(988,0,0,0,0,0,0),(989,0,0,0,0,0,0),(990,0,0,0,0,0,0),(991,0,0,0,0,0,0),(992,0,0,0,0,0,0),(993,0,0,0,0,0,0),(994,0,0,0,0,0,0),(995,0,0,0,0,0,0),(996,0,0,0,0,0,0),(997,0,0,0,0,0,0),(998,0,0,0,0,0,0),(999,0,0,0,0,0,0),(1000,0,0,0,0,0,0),(1001,0,0,0,0,0,0),(1002,0,0,0,0,0,0),(1003,0,0,0,0,0,0),(1004,0,0,0,0,0,0),(1005,0,0,0,0,0,0),(1006,0,0,0,0,0,0),(1007,0,0,0,0,0,0),(1008,0,0,0,0,0,0),(1009,0,0,0,0,0,0),(1010,0,0,0,0,0,0),(1011,0,0,0,0,0,0),(1012,0,0,0,0,0,0),(1013,0,0,0,0,0,0),(1014,0,0,0,0,0,0),(1015,0,0,0,0,0,0),(1016,0,0,0,0,0,0),(1017,0,0,0,0,0,0),(1018,0,0,0,0,0,0),(1019,0,0,0,0,0,0),(1020,0,0,0,0,0,0),(1021,0,0,0,0,0,0),(1022,0,0,0,0,0,0),(1023,0,0,0,0,0,0),(1024,0,0,0,0,0,0),(1025,0,0,0,0,0,0),(1026,0,0,0,0,0,0),(1027,0,0,0,0,0,0),(1028,0,0,0,0,0,0),(1029,0,0,0,0,0,0),(1030,0,0,0,0,0,0),(1031,0,0,0,0,0,0),(1032,0,0,0,0,0,0),(1033,0,0,0,0,0,0),(1034,0,0,0,0,0,0),(1035,0,0,0,0,0,0),(1036,0,0,0,0,0,0),(1037,0,0,0,0,0,0),(1038,0,0,0,0,0,0),(1039,0,0,0,0,0,0),(1040,0,0,0,0,0,0),(1041,0,0,0,0,0,0),(1042,0,0,0,0,0,0),(1043,0,0,0,0,0,0),(1044,0,0,0,0,0,0),(1045,0,0,0,0,0,0),(1046,0,0,0,0,0,0),(1047,0,0,0,0,0,0),(1048,0,0,0,0,0,0),(1049,0,0,0,0,0,0),(1050,0,0,0,0,0,0),(1051,0,0,0,0,0,0),(1052,0,0,0,0,0,0),(1053,0,0,0,0,0,0),(1054,0,0,0,0,0,0),(1055,0,0,0,0,0,0),(1056,0,0,0,0,0,0),(1057,0,0,0,0,0,0),(1058,0,0,0,0,0,0),(1059,0,0,0,0,0,0),(1060,0,0,0,0,0,0),(1061,0,0,0,0,0,0),(1062,0,0,0,0,0,0),(1063,0,0,0,0,0,0),(1064,0,0,0,0,0,0),(1065,0,0,0,0,0,0),(1066,0,0,0,0,0,0),(1067,0,0,0,0,0,0),(1068,0,0,0,0,0,0),(1069,0,0,0,0,0,0),(1070,0,0,0,0,0,0),(1071,0,0,0,0,0,0),(1072,0,0,0,0,0,0),(1073,0,0,0,0,0,0),(1074,0,0,0,0,0,0),(1075,0,0,0,0,0,0),(1076,0,0,0,0,0,0),(1077,0,0,0,0,0,0),(1078,0,0,0,0,0,0),(1079,0,0,0,0,0,0),(1080,0,0,0,0,0,0),(1081,0,0,0,0,0,0),(1082,0,0,0,0,0,0),(1083,0,0,0,0,0,0),(1084,0,0,0,0,0,0),(1085,0,0,0,0,0,0),(1086,0,0,0,0,0,0),(1087,0,0,0,0,0,0),(1088,0,0,0,0,0,0),(1089,0,0,0,0,0,0),(1090,0,0,0,0,0,0),(1091,0,0,0,0,0,0),(1092,0,0,0,0,0,0),(1093,0,0,0,0,0,0),(1094,0,0,0,0,0,0),(1095,0,0,0,0,0,0),(1096,0,0,0,0,0,0),(1097,0,0,0,0,0,0),(1098,0,0,0,0,0,0),(1099,0,0,0,0,0,0),(1100,0,0,0,0,0,0),(1101,0,0,0,0,0,0),(1102,0,0,0,0,0,0),(1103,0,0,0,0,0,0),(1104,0,0,0,0,0,0),(1105,0,0,0,0,0,0),(1106,0,0,0,0,0,0),(1107,0,0,0,0,0,0),(1108,0,0,0,0,0,0),(1109,0,0,0,0,0,0),(1110,0,0,0,0,0,0),(1111,0,0,0,0,0,0),(1112,0,0,0,0,0,0),(1113,0,0,0,0,0,0),(1114,0,0,0,0,0,0),(1115,0,0,0,0,0,0),(1116,0,0,0,0,0,0),(1117,0,0,0,0,0,0),(1118,0,0,0,0,0,0),(1119,0,0,0,0,0,0),(1120,0,0,0,0,0,0),(1121,0,0,0,0,0,0),(1122,0,0,0,0,0,0),(1123,0,0,0,0,0,0),(1124,0,0,0,0,0,0),(1125,0,0,0,0,0,0),(1126,0,0,0,0,0,0),(1127,0,0,0,0,0,0),(1128,0,0,0,0,0,0),(1129,0,0,0,0,0,0),(1130,0,0,0,0,0,0),(1131,0,0,0,0,0,0),(1132,0,0,0,0,0,0),(1133,0,0,0,0,0,0),(1134,0,0,0,0,0,0),(1135,0,0,0,0,0,0),(1136,0,0,0,0,0,0),(1137,0,0,0,0,0,0),(1138,0,0,0,0,0,0),(1139,0,0,0,0,0,0),(1140,0,0,0,0,0,0),(1141,0,0,0,0,0,0),(1142,0,0,0,0,0,0),(1143,0,0,0,0,0,0),(1144,0,0,0,0,0,0),(1145,0,0,0,0,0,0),(1146,0,0,0,0,0,0),(1147,0,0,0,0,0,0),(1148,0,0,0,0,0,0),(1149,0,0,0,0,0,0),(1150,17,30,20,15,5,0),(1151,15,30,20,15,7,0),(1152,15,30,20,15,7,0),(1153,12,30,20,15,10,0),(1154,15,30,20,15,7,0),(1155,12,30,20,15,10,0),(1156,12,30,20,15,10,0),(1157,10,30,20,15,12,0),(1158,15,30,20,15,7,0),(1159,12,30,20,15,10,0),(1160,15,30,20,15,7,0),(1161,12,30,20,15,10,0),(1162,15,30,20,15,7,0),(1163,12,30,20,15,10,0),(1164,12,30,20,15,10,0),(1165,10,30,20,15,12,0),(1166,15,30,20,15,7,0),(1167,12,30,20,15,10,0),(1168,15,30,20,15,7,0),(1169,12,30,20,15,10,0),(1170,15,30,20,15,7,0),(1171,12,30,20,15,10,0),(1172,0,0,0,0,0,0),(1173,0,0,0,0,0,0),(1174,0,0,0,0,0,0),(1175,0,0,0,0,0,0),(1176,0,0,0,0,0,0),(1177,0,0,0,0,0,0),(1178,0,0,0,0,0,0),(1179,0,0,0,0,0,0),(1180,45,17,5,5,3,0),(1181,62,5,5,5,7,3);
/*!40000 ALTER TABLE `weapon_sharpnesses` ENABLE KEYS */;
UNLOCK TABLES;

--
-- Table structure for table `weapon_slots`
--

DROP TABLE IF EXISTS `weapon_slots`;
/*!40101 SET @saved_cs_client     = @@character_set_client */;
/*!40101 SET character_set_client = utf8 */;
CREATE TABLE `weapon_slots` (
  `weapon_id` int(10) unsigned NOT NULL,
  `slot_id` int(10) unsigned NOT NULL,
  PRIMARY KEY (`weapon_id`,`slot_id`),
  KEY `IDX_E5CEC5B595B82273` (`weapon_id`),
  KEY `IDX_E5CEC5B559E5119C` (`slot_id`),
  CONSTRAINT `FK_E5CEC5B559E5119C` FOREIGN KEY (`slot_id`) REFERENCES `slots` (`id`),
  CONSTRAINT `FK_E5CEC5B595B82273` FOREIGN KEY (`weapon_id`) REFERENCES `weapons` (`id`)
) ENGINE=InnoDB DEFAULT CHARSET=utf8mb4 COLLATE=utf8mb4_unicode_ci;
/*!40101 SET character_set_client = @saved_cs_client */;

--
-- Dumping data for table `weapon_slots`
--

LOCK TABLES `weapon_slots` WRITE;
/*!40000 ALTER TABLE `weapon_slots` DISABLE KEYS */;
INSERT INTO `weapon_slots` VALUES (7,5629),(8,5630),(8,5631),(9,5632),(10,5633),(13,5634),(14,5635),(15,5636),(17,5637),(18,5638),(19,5639),(23,5640),(23,5641),(24,5642),(24,5643),(25,5644),(25,5645),(31,5646),(31,5647),(32,5648),(32,5649),(36,5650),(36,5651),(37,5652),(37,5653),(38,5654),(38,5655),(41,5656),(42,5657),(43,5658),(49,5659),(50,5660),(51,5661),(52,5662),(53,5663),(60,5664),(61,5665),(62,5666),(66,5667),(67,5668),(67,5669),(68,5670),(68,5671),(76,5673),(76,5674),(80,5672),(81,5675),(84,5676),(85,5679),(86,5677),(86,5678),(87,5680),(88,5681),(94,5684),(95,5685),(96,5686),(96,5687),(97,5688),(98,5689),(101,5690),(102,5691),(103,5692),(110,5693),(111,5694),(111,5695),(113,5696),(114,5697),(116,5698),(117,5699),(118,5700),(124,5701),(125,5702),(126,5703),(127,5704),(127,5705),(128,5706),(128,5707),(137,5708),(138,5709),(139,5710),(140,5711),(141,5712),(145,5713),(146,5714),(147,5715),(154,5716),(155,5717),(156,5718),(159,5720),(160,5719),(161,5721),(166,5722),(166,5723),(167,5724),(168,5725),(175,5726),(176,5727),(177,5728),(177,5729),(178,5730),(179,5731),(181,5732),(182,5733),(183,5734),(185,5735),(186,5736),(190,5737),(191,5738),(192,5739),(194,5740),(195,5741),(196,5742),(198,5743),(199,5744),(200,5745),(203,5746),(203,5747),(204,5748),(204,5749),(205,5750),(205,5751),(209,5752),(209,5753),(210,5754),(210,5755),(211,5756),(211,5757),(222,5758),(223,5759),(224,5760),(233,5761),(233,5762),(234,5763),(234,5764),(235,5765),(235,5766),(238,5767),(239,5768),(240,5769),(244,5770),(245,5771),(245,5772),(246,5773),(246,5774),(253,5775),(261,5776),(261,5777),(267,5778),(268,5779),(269,5780),(269,5781),(270,5782),(271,5783),(274,5784),(275,5785),(276,5787),(277,5786),(278,5788),(280,5789),(281,5790),(282,5791),(290,5792),(291,5793),(297,5794),(298,5795),(299,5796),(306,5797),(307,5798),(308,5799),(312,5800),(313,5801),(314,5804),(315,5802),(315,5803),(316,5805),(316,5806),(319,5807),(320,5808),(321,5809),(325,5810),(326,5811),(327,5812),(334,5814),(334,5815),(338,5813),(339,5816),(342,5817),(343,5820),(344,5818),(344,5819),(350,5821),(351,5822),(352,5823),(352,5824),(353,5825),(354,5826),(356,5827),(357,5828),(361,5829),(362,5830),(363,5831),(372,5832),(372,5833),(373,5834),(373,5835),(376,5836),(377,5837),(378,5838),(384,5839),(385,5840),(386,5842),(387,5841),(388,5843),(394,5844),(395,5845),(403,5846),(404,5847),(405,5848),(409,5849),(410,5850),(410,5851),(411,5852),(411,5853),(420,5854),(421,5855),(424,5856),(425,5859),(426,5857),(426,5858),(427,5860),(428,5861),(434,5864),(435,5865),(436,5866),(436,5867),(437,5868),(438,5869),(441,5870),(442,5871),(443,5872),(451,5873),(452,5874),(453,5875),(457,5876),(458,5877),(459,5878),(469,5879),(470,5880),(471,5882),(472,5881),(473,5883),(482,5884),(482,5885),(483,5886),(483,5887),(484,5888),(484,5889),(487,5890),(487,5891),(488,5892),(488,5893),(489,5896),(489,5897),(490,5894),(490,5895),(491,5898),(491,5899),(495,5900),(495,5901),(496,5902),(496,5903),(497,5904),(497,5905),(505,5906),(505,5907),(513,5908),(513,5909),(519,5910),(520,5911),(521,5912),(521,5913),(522,5914),(523,5915),(534,5916),(534,5917),(535,5918),(535,5919),(538,5920),(539,5921),(540,5922),(544,5923),(544,5924),(545,5925),(545,5926),(546,5927),(546,5928),(548,5929),(549,5930),(550,5931),(551,5932),(557,5933),(558,5934),(559,5935),(560,5936),(561,5937),(564,5938),(565,5939),(566,5940),(570,5941),(571,5942),(571,5943),(572,5944),(572,5945),(580,5946),(581,5947),(582,5948),(585,5949),(593,5950),(594,5953),(595,5951),(595,5952),(596,5954),(597,5955),(603,5956),(604,5957),(605,5958),(605,5959),(606,5960),(607,5961),(611,5962),(612,5963),(613,5964),(615,5965),(616,5966),(617,5967),(618,5968),(620,5969),(621,5970),(622,5971),(638,5972),(639,5973),(640,5975),(641,5974),(642,5976),(646,5977),(646,5978),(647,5979),(647,5980),(648,5981),(648,5982),(654,5983),(655,5984),(669,5985),(669,5986),(674,5987),(675,5990),(676,5988),(676,5989),(682,5991),(683,5992),(684,5993),(684,5994),(685,5995),(686,5996),(693,5997),(694,5998),(695,6000),(696,5999),(697,6001),(701,6002),(702,6003),(702,6004),(703,6006),(703,6007),(704,6005),(705,6008),(707,6009),(708,6010),(709,6011),(715,6012),(716,6013),(718,6014),(719,6015),(723,6016),(724,6017),(725,6018),(728,6019),(729,6020),(730,6021),(734,6022),(735,6023),(735,6024),(736,6025),(736,6026),(738,6027),(739,6028),(740,6029),(741,6030),(747,6031),(747,6032),(755,6033),(755,6034),(761,6035),(762,6036),(763,6037),(763,6038),(764,6039),(765,6040),(767,6041),(768,6042),(769,6043),(773,6044),(774,6045),(775,6046),(777,6047),(777,6048),(778,6049),(778,6050),(779,6051),(779,6052),(781,6053),(781,6054),(782,6055),(782,6056),(783,6057),(783,6058),(790,6059),(791,6060),(799,6061),(799,6062),(800,6063),(800,6064),(801,6067),(801,6068),(802,6065),(802,6066),(803,6069),(803,6070),(809,6071),(810,6072),(814,6073),(815,6074),(816,6075),(823,6076),(823,6077),(828,6078),(829,6081),(829,6082),(830,6079),(830,6080),(836,6083),(837,6084),(838,6085),(838,6086),(839,6087),(840,6088),(842,6089),(843,6090),(844,6091),(853,6092),(854,6093),(855,6094),(857,6095),(857,6096),(858,6097),(858,6098),(859,6099),(859,6100),(864,6101),(864,6102),(865,6105),(865,6106),(866,6103),(866,6104),(867,6107),(867,6108),(873,6109),(874,6110),(875,6111),(876,6112),(877,6113),(884,6114),(885,6115),(886,6116),(888,6117),(889,6118),(890,6119),(894,6120),(895,6121),(896,6122),(899,6123),(900,6124),(903,6125),(903,6126),(909,6127),(910,6130),(911,6128),(911,6129),(917,6131),(918,6132),(919,6133),(919,6134),(920,6135),(921,6136),(924,6137),(925,6138),(926,6140),(927,6139),(928,6141),(932,6142),(932,6143),(933,6144),(933,6145),(934,6146),(934,6147),(936,6148),(937,6149),(938,6150),(941,6151),(942,6152),(943,6153),(954,6154),(955,6155),(956,6156),(957,6157),(966,6158),(966,6159),(967,6160),(967,6161),(968,6164),(968,6165),(969,6162),(969,6163),(970,6166),(970,6167),(974,6168),(975,6169),(976,6170),(979,6171),(980,6172),(983,6173),(984,6174),(985,6175),(991,6176),(992,6179),(993,6177),(993,6178),(994,6180),(995,6181),(1001,6182),(1002,6183),(1003,6184),(1003,6185),(1004,6186),(1005,6187),(1014,6188),(1015,6189),(1016,6190),(1018,6191),(1019,6192),(1023,6193),(1024,6194),(1025,6195),(1028,6196),(1035,6197),(1036,6198),(1037,6199),(1039,6200),(1040,6201),(1041,6202),(1042,6203),(1046,6204),(1046,6205),(1047,6206),(1047,6207),(1048,6208),(1048,6209),(1054,6210),(1055,6211),(1059,6212),(1060,6213),(1061,6214),(1064,6216),(1066,6217),(1067,6218),(1068,6215),(1069,6219),(1074,6220),(1074,6221),(1080,6222),(1081,6223),(1082,6224),(1082,6225),(1083,6226),(1084,6227),(1091,6228),(1092,6229),(1094,6230),(1094,6231),(1095,6232),(1095,6233),(1097,6234),(1098,6235),(1102,6236),(1103,6237),(1104,6238),(1114,6239),(1115,6240),(1116,6241),(1117,6242),(1118,6243),(1120,6244),(1120,6245),(1121,6246),(1121,6247),(1122,6248),(1122,6249),(1123,6250),(1123,6251),(1127,6252),(1127,6253),(1128,6254),(1128,6255),(1129,6256),(1129,6257),(1138,6258),(1139,6259),(1142,6260),(1142,6261),(1145,6262),(1145,6263),(1146,6266),(1146,6267),(1147,6264),(1147,6265),(1148,6268),(1149,6269),(1158,5862),(1159,5863),(1178,6270),(1179,6271),(1181,5682),(1181,5683);
/*!40000 ALTER TABLE `weapon_slots` ENABLE KEYS */;
UNLOCK TABLES;

--
-- Table structure for table `weapons`
--

DROP TABLE IF EXISTS `weapons`;
/*!40101 SET @saved_cs_client     = @@character_set_client */;
/*!40101 SET character_set_client = utf8 */;
CREATE TABLE `weapons` (
  `id` int(10) unsigned NOT NULL AUTO_INCREMENT,
  `name` varchar(64) COLLATE utf8_unicode_ci NOT NULL,
  `type` varchar(32) COLLATE utf8_unicode_ci NOT NULL,
  `rarity` smallint(5) unsigned NOT NULL,
  `slug` varchar(64) COLLATE utf8_unicode_ci NOT NULL,
  `attributes` longtext CHARACTER SET utf8mb4 COLLATE utf8mb4_bin NOT NULL,
  `crafting_id` int(10) unsigned DEFAULT NULL,
  `assets_id` int(10) unsigned DEFAULT NULL,
  `sharpness_id` int(10) unsigned NOT NULL,
  `attack_display` smallint(5) unsigned NOT NULL,
  `attack_raw` smallint(5) unsigned NOT NULL,
  `elements_length` int(10) unsigned NOT NULL DEFAULT 0,
  `slots_length` int(10) unsigned NOT NULL DEFAULT 0,
  PRIMARY KEY (`id`),
  UNIQUE KEY `UNIQ_520EBBE15E237E06` (`name`),
  UNIQUE KEY `UNIQ_520EBBE1989D9B62` (`slug`),
  UNIQUE KEY `UNIQ_520EBBE1537ED785` (`sharpness_id`),
  UNIQUE KEY `UNIQ_520EBBE123BE98B5` (`crafting_id`),
  UNIQUE KEY `UNIQ_520EBBE1E6AF163A` (`assets_id`),
  KEY `type_idx` (`type`),
  CONSTRAINT `FK_520EBBE123BE98B5` FOREIGN KEY (`crafting_id`) REFERENCES `weapon_crafting_info` (`id`),
  CONSTRAINT `FK_520EBBE1537ED785` FOREIGN KEY (`sharpness_id`) REFERENCES `weapon_sharpnesses` (`id`),
  CONSTRAINT `FK_520EBBE1E6AF163A` FOREIGN KEY (`assets_id`) REFERENCES `weapon_assets` (`id`)
) ENGINE=InnoDB AUTO_INCREMENT=1182 DEFAULT CHARSET=utf8 COLLATE=utf8_unicode_ci;
/*!40101 SET character_set_client = @saved_cs_client */;

--
-- Dumping data for table `weapons`
--

LOCK TABLES `weapons` WRITE;
/*!40000 ALTER TABLE `weapons` DISABLE KEYS */;
INSERT INTO `weapons` VALUES (1,'Buster Sword 1','great-sword',1,'buster-sword-1','{\"attack\":\"384\"}',1,1,1,384,80,0,0),(2,'Buster Sword 2','great-sword',1,'buster-sword-2','{\"attack\":\"432\"}',2,2,2,432,90,0,0),(3,'Buster Sword 3','great-sword',2,'buster-sword-3','{\"attack\":\"480\"}',3,5,3,480,100,0,0),(4,'Buster Blade 1','great-sword',3,'buster-blade-1','{\"attack\":\"576\"}',4,11,4,576,120,0,0),(5,'Buster Blade 2','great-sword',4,'buster-blade-2','{\"attack\":\"624\"}',5,22,5,624,130,0,0),(6,'Buster Blade 3','great-sword',5,'buster-blade-3','{\"attack\":\"672\"}',6,36,6,672,140,0,0),(7,'Chrome Razor 1','great-sword',6,'chrome-razor-1','{\"attack\":\"720\"}',7,50,7,720,150,1,1),(8,'Chrome Razor 2','great-sword',6,'chrome-razor-2','{\"attack\":\"864\"}',8,51,8,864,180,1,2),(9,'Nergal Judicator','great-sword',7,'nergal-judicator','{\"attack\":\"912\"}',9,76,9,912,190,1,1),(10,'Purgation\'s Atrocity','great-sword',8,'purgations-atrocity','{\"attack\":\"1008\"}',10,86,10,1008,210,1,1),(11,'Thunder Blade 1','great-sword',3,'thunder-blade-1','{\"attack\":\"528\"}',11,12,11,528,110,0,0),(12,'Thunder Blade 2','great-sword',4,'thunder-blade-2','{\"attack\":\"624\"}',12,23,12,624,130,0,0),(13,'Lightning Punisher 1','great-sword',5,'lightning-punisher-1','{\"attack\":\"672\"}',13,37,13,672,140,1,1),(14,'Lightning Punisher 2','great-sword',6,'lightning-punisher-2','{\"attack\":\"816\"}',14,52,14,816,170,1,1),(15,'Lightning Punisher 3','great-sword',6,'lightning-punisher-3','{\"attack\":\"912\"}',15,53,15,912,190,1,1),(16,'Freeze Blade 1','great-sword',4,'freeze-blade-1','{\"attack\":\"576\"}',16,24,16,576,120,0,0),(17,'Freeze Blade 2','great-sword',5,'freeze-blade-2','{\"attack\":\"624\"}',17,38,17,624,130,1,1),(18,'Frost Blaze 1','great-sword',6,'frost-blaze-1','{\"attack\":\"720\"}',18,54,18,720,150,1,1),(19,'Frost Blaze 2','great-sword',6,'frost-blaze-2','{\"attack\":\"768\"}',19,55,19,768,160,1,1),(20,'Jagras Blade 1','great-sword',2,'jagras-blade-1','{\"attack\":\"528\"}',20,6,20,528,110,0,0),(21,'Jagras Blade 2','great-sword',3,'jagras-blade-2','{\"attack\":\"576\"}',21,13,21,576,120,0,0),(22,'Jagras Blade 3','great-sword',4,'jagras-blade-3','{\"attack\":\"672\"}',22,25,22,672,140,0,0),(23,'Jagras Hacker 1','great-sword',5,'jagras-hacker-1','{\"attack\":\"816\"}',23,39,23,816,170,1,2),(24,'Jagras Hacker 2','great-sword',6,'jagras-hacker-2','{\"attack\":\"864\"}',24,56,24,864,180,1,2),(25,'Jagras Hacker 3','great-sword',6,'jagras-hacker-3','{\"attack\":\"912\"}',25,57,25,912,190,1,2),(26,'Girros Blade 1','great-sword',3,'girros-blade-1','{\"attack\":\"528\",\"affinity\":15}',26,14,26,528,110,0,0),(27,'Girros Blade 2','great-sword',4,'girros-blade-2','{\"attack\":\"624\",\"affinity\":15}',27,26,27,624,130,0,0),(28,'Malady\'s Kiss 1','great-sword',5,'maladys-kiss-1','{\"attack\":\"672\",\"affinity\":20}',28,40,28,672,140,0,0),(29,'Malady\'s Kiss 2','great-sword',6,'maladys-kiss-2','{\"attack\":\"720\",\"affinity\":20}',29,58,29,720,150,0,0),(30,'Malady\'s Kiss 3','great-sword',6,'maladys-kiss-3','{\"attack\":\"768\",\"affinity\":20}',30,59,30,768,160,0,0),(31,'Lava Blaze 1','great-sword',6,'lava-blaze-1','{\"attack\":\"768\"}',31,60,31,768,160,1,2),(32,'Lava Blaze 2','great-sword',7,'lava-blaze-2','{\"attack\":\"864\"}',32,77,32,864,180,1,2),(33,'Blooming Blade 1','great-sword',2,'blooming-blade-1','{\"attack\":\"528\"}',33,7,33,528,110,0,0),(34,'Blooming Blade 2','great-sword',3,'blooming-blade-2','{\"attack\":\"576\"}',34,15,34,576,120,0,0),(35,'Blooming Blade 3','great-sword',4,'blooming-blade-3','{\"attack\":\"624\"}',35,27,35,624,130,0,0),(36,'Datura Blaze 1','great-sword',5,'datura-blaze-1','{\"attack\":\"720\"}',36,41,36,720,150,1,2),(37,'Datura Blaze 2','great-sword',6,'datura-blaze-2','{\"attack\":\"768\"}',37,61,37,768,160,1,2),(38,'Datura Blaze 3','great-sword',6,'datura-blaze-3','{\"attack\":\"816\"}',38,62,38,816,170,1,2),(39,'Flame Blade 1','great-sword',4,'flame-blade-1','{\"attack\":\"672\",\"affinity\":10}',39,28,39,672,140,0,0),(40,'Flame Blade 2','great-sword',5,'flame-blade-2','{\"attack\":\"720\",\"affinity\":10}',40,42,40,720,150,0,0),(41,'Red Wing','great-sword',6,'red-wing','{\"attack\":\"768\",\"affinity\":15}',41,63,41,768,160,1,1),(42,'Blue Wing','great-sword',7,'blue-wing','{\"attack\":\"816\",\"affinity\":15}',42,78,42,816,170,1,1),(43,'Rathalos Glinsword','great-sword',8,'rathalos-glinsword','{\"attack\":\"912\",\"affinity\":15}',43,87,43,912,190,1,1),(44,'Bone Blade 1','great-sword',1,'bone-blade-1','{\"attack\":\"480\"}',44,3,44,480,100,0,0),(45,'Bone Blade 2','great-sword',1,'bone-blade-2','{\"attack\":\"528\"}',45,4,45,528,110,0,0),(46,'Bone Blade 3','great-sword',2,'bone-blade-3','{\"attack\":\"576\"}',46,8,46,576,120,0,0),(47,'Bone Slasher 1','great-sword',3,'bone-slasher-1','{\"attack\":\"672\"}',47,16,47,672,140,0,0),(48,'Bone Slasher 2','great-sword',4,'bone-slasher-2','{\"attack\":\"720\"}',48,29,48,720,150,0,0),(49,'Bone Slasher 3','great-sword',5,'bone-slasher-3','{\"attack\":\"768\"}',49,43,49,768,160,1,1),(50,'Giant Jawblade 1','great-sword',6,'giant-jawblade-1','{\"attack\":\"816\",\"defense\":10}',50,64,50,816,170,1,1),(51,'Giant Jawblade 2','great-sword',6,'giant-jawblade-2','{\"attack\":\"912\",\"defense\":10}',51,65,51,912,190,1,1),(52,'Hazak Kys','great-sword',7,'hazak-kys','{\"attack\":\"912\"}',52,79,52,912,190,1,1),(53,'Leviathan\'s Fury','great-sword',8,'leviathans-fury','{\"attack\":\"960\"}',53,88,53,960,200,1,1),(54,'Flammenzahn','great-sword',3,'flammenzahn','{\"attack\":\"720\",\"affinity\":-30}',54,17,54,720,150,0,0),(55,'Flammenzahn+','great-sword',5,'flammenzahn+','{\"attack\":\"864\",\"affinity\":-30}',55,44,55,864,180,0,0),(56,'Gnashing Flammenzahn','great-sword',7,'gnashing-flammenzahn','{\"attack\":\"1008\",\"affinity\":-30}',56,80,56,1008,210,0,0),(57,'Aqua Slasher 1','great-sword',2,'aqua-slasher-1','{\"attack\":\"576\"}',57,9,57,576,120,0,0),(58,'Aqua Slasher 2','great-sword',3,'aqua-slasher-2','{\"attack\":\"624\"}',58,18,58,624,130,0,0),(59,'Aqua Slasher 3','great-sword',4,'aqua-slasher-3','{\"attack\":\"672\"}',59,30,59,672,140,0,0),(60,'Water Golem 1','great-sword',5,'water-golem-1','{\"attack\":\"768\"}',60,45,60,768,160,1,1),(61,'Water Golem 2','great-sword',6,'water-golem-2','{\"attack\":\"816\"}',61,66,61,816,170,1,1),(62,'Water Golem 3','great-sword',6,'water-golem-3','{\"attack\":\"912\"}',62,67,62,912,190,1,1),(63,'Carapace Buster 1','great-sword',2,'carapace-buster-1','{\"attack\":\"624\",\"defense\":10,\"affinity\":-20}',63,10,63,624,130,0,0),(64,'Carapace Buster 2','great-sword',3,'carapace-buster-2','{\"attack\":\"672\",\"defense\":10,\"affinity\":-20}',64,19,64,672,140,0,0),(65,'Carapace Buster 3','great-sword',4,'carapace-buster-3','{\"attack\":\"720\",\"defense\":10,\"affinity\":-20}',65,31,65,720,150,0,0),(66,'Barroth Shredder 1','great-sword',5,'barroth-shredder-1','{\"attack\":\"816\",\"defense\":15,\"affinity\":-20}',66,46,66,816,170,1,1),(67,'Barroth Shredder 2','great-sword',6,'barroth-shredder-2','{\"attack\":\"864\",\"defense\":15,\"affinity\":-20}',67,68,67,864,180,1,2),(68,'Barroth Shredder 3','great-sword',6,'barroth-shredder-3','{\"attack\":\"960\",\"defense\":15,\"affinity\":-20}',68,69,68,960,200,1,2),(69,'Spiked Blade 1','great-sword',3,'spiked-blade-1','{\"attack\":\"624\",\"defense\":15}',69,20,69,624,130,0,0),(70,'Spiked Blade 2','great-sword',4,'spiked-blade-2','{\"attack\":\"672\",\"defense\":15}',70,32,70,672,140,0,0),(71,'Radobaan Slab 1','great-sword',5,'radobaan-slab-1','{\"attack\":\"768\",\"defense\":20}',71,47,71,768,160,0,0),(72,'Radobaan Slab 2','great-sword',6,'radobaan-slab-2','{\"attack\":\"816\",\"defense\":20}',72,70,72,816,170,0,0),(73,'Radobaan Slab 3','great-sword',6,'radobaan-slab-3','{\"attack\":\"912\",\"defense\":20}',73,71,73,912,190,0,0),(74,'Dragonbone Cleaver 1','great-sword',3,'dragonbone-cleaver-1','{\"attack\":\"480\"}',74,21,74,480,100,0,0),(75,'Dragonbone Cleaver 2','great-sword',4,'dragonbone-cleaver-2','{\"attack\":\"576\"}',75,33,75,576,120,0,0),(76,'Dragonbone Cleaver 3','great-sword',6,'dragonbone-cleaver-3','{\"attack\":\"768\"}',76,72,76,768,160,1,2),(77,'Thundersword','great-sword',4,'thundersword','{\"attack\":\"528\"}',77,34,77,528,110,0,0),(78,'Kirin Thundersword','great-sword',7,'kirin-thundersword','{\"attack\":\"720\"}',78,81,78,720,150,0,0),(79,'King Thundersword','great-sword',8,'king-thundersword','{\"attack\":\"768\"}',79,89,79,768,160,0,0),(80,'Magda Potestas 1','great-sword',5,'magda-potestas-1','{\"attack\":\"768\",\"defense\":20,\"affinity\":-20}',80,48,80,768,160,1,1),(81,'Magda Potestas 2','great-sword',7,'magda-potestas-2','{\"attack\":\"1056\",\"defense\":20,\"affinity\":-20}',81,82,81,1056,220,1,1),(82,'Blacksteel Chopper 1','great-sword',5,'blacksteel-chopper-1','{\"attack\":\"480\",\"affinity\":10}',82,49,82,480,100,0,0),(83,'Blacksteel Chopper 2','great-sword',6,'blacksteel-chopper-2','{\"attack\":\"576\",\"affinity\":10}',83,73,83,576,120,0,0),(84,'Icesteel Edge','great-sword',7,'icesteel-edge','{\"attack\":\"816\"}',84,83,84,816,170,1,1),(85,'Daora\'s Decimator','great-sword',8,'daoras-decimator','{\"attack\":\"864\"}',85,90,85,864,180,1,1),(86,'Xeno Maliq','great-sword',8,'xeno-maliq','{\"attack\":\"816\",\"affinity\":15}',86,91,86,816,170,1,2),(87,'Wyvern Jawblade','great-sword',6,'wyvern-jawblade','{\"attack\":\"864\",\"defense\":20}',87,74,87,864,180,1,1),(88,'Great Wyvern Jawblade','great-sword',8,'great-wyvern-jawblade','{\"attack\":\"960\",\"defense\":20}',88,92,88,960,200,1,1),(89,'Iron Katana 1','long-sword',1,'iron-katana-1','{\"attack\":\"264\"}',89,93,89,264,80,0,0),(90,'Iron Katana 2','long-sword',1,'iron-katana-2','{\"attack\":\"297\"}',90,94,90,297,90,0,0),(91,'Iron Katana 3','long-sword',2,'iron-katana-3','{\"attack\":\"330\"}',91,97,91,330,100,0,0),(92,'Iron Grace 1','long-sword',3,'iron-grace-1','{\"attack\":\"363\"}',92,101,92,363,110,0,0),(93,'Iron Grace 2','long-sword',4,'iron-grace-2','{\"attack\":\"429\"}',93,113,93,429,130,0,0),(94,'Iron Grace 3','long-sword',5,'iron-grace-3','{\"attack\":\"462\"}',94,124,94,462,140,1,1),(95,'Iron Gospel 1','long-sword',6,'iron-gospel-1','{\"attack\":\"528\"}',95,136,95,528,160,1,1),(96,'Iron Gospel 2','long-sword',6,'iron-gospel-2','{\"attack\":\"594\"}',96,137,96,594,180,1,2),(97,'Nergal Reaver','long-sword',7,'nergal-reaver','{\"attack\":\"627\"}',97,160,97,627,190,1,1),(98,'Extermination\'s Edge','long-sword',8,'exterminations-edge','{\"attack\":\"693\"}',98,169,98,693,210,1,1),(99,'Flickering Glow 1','long-sword',3,'flickering-glow-1','{\"attack\":\"429\"}',99,102,99,429,130,0,0),(100,'Flickering Glow 2','long-sword',4,'flickering-glow-2','{\"attack\":\"462\"}',100,114,100,462,140,0,0),(101,'Dazzling Flash 1','long-sword',5,'dazzling-flash-1','{\"attack\":\"528\"}',101,125,101,528,160,1,1),(102,'Dazzling Flash 2','long-sword',6,'dazzling-flash-2','{\"attack\":\"561\"}',102,138,102,561,170,1,1),(103,'Dazzling Flash 3','long-sword',6,'dazzling-flash-3','{\"attack\":\"594\"}',103,139,103,594,180,1,1),(104,'First Dance 1','long-sword',2,'first-dance-1','{\"attack\":\"330\",\"affinity\":15}',104,98,104,330,100,0,0),(105,'First Dance 2','long-sword',3,'first-dance-2','{\"attack\":\"363\",\"affinity\":15}',105,103,105,363,110,0,0),(106,'First Dance 3','long-sword',4,'first-dance-3','{\"attack\":\"429\",\"affinity\":15}',106,115,106,429,130,0,0),(107,'Last Dance 1','long-sword',5,'last-dance-1','{\"attack\":\"495\",\"affinity\":20}',107,126,107,495,150,0,0),(108,'Last Dance 2','long-sword',6,'last-dance-2','{\"attack\":\"528\",\"affinity\":20}',108,140,108,528,160,0,0),(109,'Last Dance 3','long-sword',6,'last-dance-3','{\"attack\":\"561\",\"affinity\":20}',109,141,109,561,170,0,0),(110,'Brazenridge 1','long-sword',6,'brazenridge-1','{\"attack\":\"594\",\"defense\":25,\"affinity\":-10}',110,142,110,594,180,1,1),(111,'Brazenridge 2','long-sword',7,'brazenridge-2','{\"attack\":\"660\",\"defense\":25,\"affinity\":-10}',111,161,111,660,200,1,2),(112,'Wyvern Blade \"Leaf\"','long-sword',3,'wyvern-blade-leaf','{\"attack\":\"363\",\"affinity\":10}',112,104,112,363,110,0,0),(113,'Wyvern Blade \"Verde\"','long-sword',5,'wyvern-blade-verde','{\"attack\":\"495\",\"affinity\":10}',113,127,113,495,150,1,1),(114,'Wyvern Blade \"Holly\"','long-sword',7,'wyvern-blade-holly','{\"attack\":\"627\",\"affinity\":10}',114,162,114,627,190,1,1),(115,'Wyvern Blade \"Fall\"','long-sword',4,'wyvern-blade-fall','{\"attack\":\"396\",\"affinity\":15}',115,116,115,396,120,0,0),(116,'Wyvern Blade \"Blood\"','long-sword',6,'wyvern-blade-blood','{\"attack\":\"528\",\"affinity\":15}',116,143,116,528,160,1,1),(117,'Wyvern Blade \"Azure\"','long-sword',7,'wyvern-blade-azure','{\"attack\":\"561\",\"affinity\":15}',117,163,117,561,170,1,1),(118,'Wyvern Blade \"Indigo\"','long-sword',8,'wyvern-blade-indigo','{\"attack\":\"627\",\"affinity\":15}',118,170,118,627,190,1,1),(119,'Bone Shotel 1','long-sword',1,'bone-shotel-1','{\"attack\":\"297\"}',119,95,119,297,90,0,0),(120,'Bone Shotel 2','long-sword',1,'bone-shotel-2','{\"attack\":\"330\"}',120,96,120,330,100,0,0),(121,'Bone Shotel 3','long-sword',2,'bone-shotel-3','{\"attack\":\"396\"}',121,99,121,396,120,0,0),(122,'Hard Bone Shotel 1','long-sword',3,'hard-bone-shotel-1','{\"attack\":\"429\"}',122,105,122,429,130,0,0),(123,'Hard Bone Shotel 2','long-sword',4,'hard-bone-shotel-2','{\"attack\":\"495\"}',123,117,123,495,150,0,0),(124,'Hard Bone Shotel 3','long-sword',5,'hard-bone-shotel-3','{\"attack\":\"528\"}',124,128,124,528,160,1,1),(125,'Bone Reaper 1','long-sword',6,'bone-reaper-1','{\"attack\":\"561\",\"defense\":10}',125,144,125,561,170,1,1),(126,'Bone Reaper 2','long-sword',6,'bone-reaper-2','{\"attack\":\"627\",\"defense\":10}',126,145,126,627,190,1,1),(127,'Rookslayer Long Sword','long-sword',6,'rookslayer-long-sword','{\"attack\":\"561\",\"affinity\":-10}',127,146,127,561,170,1,2),(128,'Bazel Varga Rookslayer','long-sword',8,'bazel-varga-rookslayer','{\"attack\":\"660\",\"affinity\":-10}',128,171,128,660,200,1,2),(129,'Blazing Shotel 1','long-sword',3,'blazing-shotel-1','{\"attack\":\"462\",\"affinity\":-20}',129,106,129,462,140,0,0),(130,'Blazing Shotel 2','long-sword',4,'blazing-shotel-2','{\"attack\":\"528\",\"affinity\":-20}',130,118,130,528,160,0,0),(131,'Anja Scimitar 1','long-sword',5,'anja-scimitar-1','{\"attack\":\"594\",\"affinity\":-20}',131,129,131,594,180,0,0),(132,'Anja Scimitar 2','long-sword',6,'anja-scimitar-2','{\"attack\":\"660\",\"affinity\":-20}',132,147,132,660,200,0,0),(133,'Anja Scimitar 3','long-sword',6,'anja-scimitar-3','{\"attack\":\"693\",\"affinity\":-20}',133,148,133,693,210,0,0),(134,'Jyura Shotel 1','long-sword',2,'jyura-shotel-1','{\"attack\":\"396\"}',134,100,134,396,120,0,0),(135,'Jyura Shotel 2','long-sword',3,'jyura-shotel-2','{\"attack\":\"429\"}',135,107,135,429,130,0,0),(136,'Jyura Shotel 3','long-sword',4,'jyura-shotel-3','{\"attack\":\"462\"}',136,119,136,462,140,0,0),(137,'Dipterus 1','long-sword',5,'dipterus-1','{\"attack\":\"495\"}',137,130,137,495,150,1,1),(138,'Dipterus 2','long-sword',6,'dipterus-2','{\"attack\":\"561\"}',138,149,138,561,170,1,1),(139,'Dipterus 3','long-sword',6,'dipterus-3','{\"attack\":\"627\"}',139,150,139,627,190,1,1),(140,'Hazak Grosser 1','long-sword',7,'hazak-grosser-1','{\"attack\":\"627\"}',140,164,140,627,190,1,1),(141,'Hazak Grosser 2','long-sword',7,'hazak-grosser-2','{\"attack\":\"660\"}',141,165,141,660,200,1,1),(142,'Pulsar Shotel 1','long-sword',3,'pulsar-shotel-1','{\"attack\":\"363\",\"affinity\":10}',142,108,142,363,110,0,0),(143,'Pulsar Shotel 2','long-sword',3,'pulsar-shotel-2','{\"attack\":\"396\",\"affinity\":10}',143,109,143,396,120,0,0),(144,'Pulsar Shotel 3','long-sword',4,'pulsar-shotel-3','{\"attack\":\"462\",\"affinity\":10}',144,120,144,462,140,0,0),(145,'Kadachi Fang 1','long-sword',5,'kadachi-fang-1','{\"attack\":\"528\",\"affinity\":15}',145,131,145,528,160,1,1),(146,'Kadachi Fang 2','long-sword',6,'kadachi-fang-2','{\"attack\":\"561\",\"affinity\":15}',146,151,146,561,170,1,1),(147,'Kadachi Fang 3','long-sword',6,'kadachi-fang-3','{\"attack\":\"594\",\"affinity\":15}',147,152,147,594,180,1,1),(148,'Glacial Shotel 1','long-sword',4,'glacial-shotel-1','{\"attack\":\"429\"}',148,121,148,429,130,0,0),(149,'Glacial Shotel 2','long-sword',5,'glacial-shotel-2','{\"attack\":\"462\"}',149,132,149,462,140,0,0),(150,'Stealer','long-sword',6,'stealer','{\"attack\":\"495\"}',150,153,150,495,150,0,0),(151,'Legia Stealer','long-sword',8,'legia-stealer','{\"attack\":\"528\"}',151,172,151,528,160,0,0),(152,'Dark Shotel 1','long-sword',3,'dark-shotel-1','{\"attack\":\"396\"}',152,110,152,396,120,0,0),(153,'Dark Shotel 2','long-sword',4,'dark-shotel-2','{\"attack\":\"429\"}',153,122,153,429,130,0,0),(154,'Dark Scimitar 1','long-sword',5,'dark-scimitar-1','{\"attack\":\"462\"}',154,133,154,462,140,1,1),(155,'Dark Scimitar 2','long-sword',6,'dark-scimitar-2','{\"attack\":\"495\"}',155,154,155,495,150,1,1),(156,'Dark Scimitar 3','long-sword',6,'dark-scimitar-3','{\"attack\":\"528\"}',156,155,156,528,160,1,1),(157,'Dragonbone Stabber 1','long-sword',3,'dragonbone-stabber-1','{\"attack\":\"330\"}',157,111,157,330,100,0,0),(158,'Dragonbone Stabber 2','long-sword',4,'dragonbone-stabber-2','{\"attack\":\"363\"}',158,123,158,363,110,0,0),(159,'Dragonbone Stabber 3','long-sword',6,'dragonbone-stabber-3','{\"attack\":\"528\"}',159,156,159,528,160,1,1),(160,'Magda Facultas 1','long-sword',5,'magda-facultas-1','{\"attack\":\"528\",\"defense\":20,\"affinity\":-20}',160,134,160,528,160,1,1),(161,'Magda Facultas 2','long-sword',7,'magda-facultas-2','{\"attack\":\"726\",\"defense\":20,\"affinity\":-20}',161,166,161,726,220,1,1),(162,'Blacksteel Long Sword 1','long-sword',5,'blacksteel-long-sword-1','{\"attack\":\"330\"}',162,135,162,330,100,0,0),(163,'Blacksteel Long Sword 2','long-sword',6,'blacksteel-long-sword-2','{\"attack\":\"363\"}',163,157,163,363,110,0,0),(164,'Imperial Saber','long-sword',7,'imperial-saber','{\"attack\":\"561\"}',164,167,164,561,170,0,0),(165,'Imperial Shimmer','long-sword',8,'imperial-shimmer','{\"attack\":\"627\"}',165,173,165,627,190,0,0),(166,'Xeno Cypher','long-sword',8,'xeno-cypher','{\"attack\":\"594\",\"affinity\":15}',166,174,166,594,180,1,2),(167,'Supremacy Blade','long-sword',6,'supremacy-blade','{\"attack\":\"561\",\"defense\":20}',167,158,167,561,170,1,1),(168,'Divine Slasher','long-sword',8,'divine-slasher','{\"attack\":\"693\",\"defense\":20}',168,175,168,693,210,1,1),(169,'Azure Star Blade','long-sword',3,'azure-star-blade','{\"attack\":\"363\",\"affinity\":20}',169,112,169,363,110,0,0),(170,'Hunter\'s Knife 1','sword-and-shield',1,'hunters-knife-1','{\"attack\":\"112\"}',170,176,170,112,80,0,0),(171,'Hunter\'s Knife 2','sword-and-shield',1,'hunters-knife-2','{\"attack\":\"126\"}',171,177,171,126,90,0,0),(172,'Hunter\'s Knife 3','sword-and-shield',2,'hunters-knife-3','{\"attack\":\"140\"}',172,180,172,140,100,0,0),(173,'Steel Knife 1','sword-and-shield',3,'steel-knife-1','{\"attack\":\"168\"}',173,186,173,168,120,0,0),(174,'Steel Knife 2','sword-and-shield',4,'steel-knife-2','{\"attack\":\"182\"}',174,199,174,182,130,0,0),(175,'Steel Knife 3','sword-and-shield',5,'steel-knife-3','{\"attack\":\"196\"}',175,215,175,196,140,1,1),(176,'Chrome Slicer 1','sword-and-shield',6,'chrome-slicer-1','{\"attack\":\"224\"}',176,230,176,224,160,1,1),(177,'Chrome Slicer 2','sword-and-shield',6,'chrome-slicer-2','{\"attack\":\"252\"}',177,231,177,252,180,1,2),(178,'Nergal Jack','sword-and-shield',7,'nergal-jack','{\"attack\":\"280\"}',178,258,178,280,200,1,1),(179,'Eradication Vanguard','sword-and-shield',8,'eradication-vanguard','{\"attack\":\"294\"}',179,266,179,294,210,1,1),(180,'Flame Knife 1','sword-and-shield',4,'flame-knife-1','{\"attack\":\"182\",\"affinity\":10}',180,200,180,182,130,0,0),(181,'Flame Knife 2','sword-and-shield',5,'flame-knife-2','{\"attack\":\"196\",\"affinity\":10}',181,216,181,196,140,1,1),(182,'Heat Edge','sword-and-shield',6,'heat-edge','{\"attack\":\"224\",\"affinity\":20}',182,232,182,224,160,1,1),(183,'Corona','sword-and-shield',7,'corona','{\"attack\":\"266\",\"affinity\":20}',183,259,183,266,190,1,1),(184,'Heavy Bang','sword-and-shield',4,'heavy-bang','{\"attack\":\"210\",\"defense\":20}',184,201,184,210,150,0,0),(185,'Heavy Bang+','sword-and-shield',6,'heavy-bang+','{\"attack\":\"252\",\"defense\":20}',185,233,185,252,180,1,1),(186,'Master Bang','sword-and-shield',7,'master-bang','{\"attack\":\"280\",\"defense\":20}',186,260,186,280,200,1,1),(187,'Aqua Messer 1','sword-and-shield',2,'aqua-messer-1','{\"attack\":\"140\"}',187,181,187,140,100,0,0),(188,'Aqua Messer 2','sword-and-shield',3,'aqua-messer-2','{\"attack\":\"168\"}',188,187,188,168,120,0,0),(189,'Aqua Messer 3','sword-and-shield',4,'aqua-messer-3','{\"attack\":\"196\"}',189,202,189,196,140,0,0),(190,'Rogue Wave 1','sword-and-shield',5,'rogue-wave-1','{\"attack\":\"210\"}',190,217,190,210,150,1,1),(191,'Rogue Wave 2','sword-and-shield',6,'rogue-wave-2','{\"attack\":\"224\"}',191,234,191,224,160,1,1),(192,'Rogue Wave 3','sword-and-shield',6,'rogue-wave-3','{\"attack\":\"252\"}',192,235,192,252,180,1,1),(193,'Glacial Grace 1','sword-and-shield',4,'glacial-grace-1','{\"attack\":\"182\"}',193,203,193,182,130,0,0),(194,'Glacial Grace 2','sword-and-shield',5,'glacial-grace-2','{\"attack\":\"196\"}',194,218,194,196,140,1,1),(195,'Rimespire','sword-and-shield',6,'rimespire','{\"attack\":\"210\"}',195,236,195,210,150,1,1),(196,'Legia Rimespire','sword-and-shield',8,'legia-rimespire','{\"attack\":\"224\"}',196,267,196,224,160,1,1),(197,'Princess Rapier','sword-and-shield',3,'princess-rapier','{\"attack\":\"168\",\"affinity\":10}',197,188,197,168,120,0,0),(198,'Queen Rapier','sword-and-shield',5,'queen-rapier','{\"attack\":\"210\",\"affinity\":10}',198,219,198,210,150,1,1),(199,'Queen Rose','sword-and-shield',6,'queen-rose','{\"attack\":\"238\",\"affinity\":10}',199,237,199,238,170,1,1),(200,'Royal Rose','sword-and-shield',7,'royal-rose','{\"attack\":\"266\",\"affinity\":10}',200,261,200,266,190,1,1),(201,'Lumu Knife 1','sword-and-shield',3,'lumu-knife-1','{\"attack\":\"168\"}',201,189,201,168,120,0,0),(202,'Lumu Knife 2','sword-and-shield',4,'lumu-knife-2','{\"attack\":\"182\"}',202,204,202,182,130,0,0),(203,'Lumu Tabar 1','sword-and-shield',5,'lumu-tabar-1','{\"attack\":\"210\"}',203,220,203,210,150,1,2),(204,'Lumu Tabar 2','sword-and-shield',6,'lumu-tabar-2','{\"attack\":\"224\"}',204,238,204,224,160,1,2),(205,'Lumu Tabar 3','sword-and-shield',6,'lumu-tabar-3','{\"attack\":\"238\"}',205,239,205,238,170,1,2),(206,'Blooming Knife 1','sword-and-shield',2,'blooming-knife-1','{\"attack\":\"154\"}',206,182,206,154,110,0,0),(207,'Blooming Knife 2','sword-and-shield',3,'blooming-knife-2','{\"attack\":\"182\"}',207,190,207,182,130,0,0),(208,'Blooming Knife 3','sword-and-shield',4,'blooming-knife-3','{\"attack\":\"196\"}',208,205,208,196,140,0,0),(209,'Datura Blossom 1','sword-and-shield',5,'datura-blossom-1','{\"attack\":\"210\"}',209,221,209,210,150,1,2),(210,'Datura Blossom 2','sword-and-shield',6,'datura-blossom-2','{\"attack\":\"224\"}',210,240,210,224,160,1,2),(211,'Datura Blossom 3','sword-and-shield',6,'datura-blossom-3','{\"attack\":\"238\"}',211,241,211,238,170,1,2),(212,'Girros Knife 1','sword-and-shield',3,'girros-knife-1','{\"attack\":\"168\",\"affinity\":10}',212,191,212,168,120,0,0),(213,'Girros Knife 2','sword-and-shield',4,'girros-knife-2','{\"attack\":\"182\",\"affinity\":10}',213,206,213,182,130,0,0),(214,'Malady\'s Tabar 1','sword-and-shield',5,'maladys-tabar-1','{\"attack\":\"196\",\"affinity\":20}',214,222,214,196,140,0,0),(215,'Malady\'s Tabar 2','sword-and-shield',6,'maladys-tabar-2','{\"attack\":\"210\",\"affinity\":20}',215,242,215,210,150,0,0),(216,'Malady\'s Tabar 3','sword-and-shield',6,'maladys-tabar-3','{\"attack\":\"224\",\"affinity\":20}',216,243,216,224,160,0,0),(217,'Bone Kukri 1','sword-and-shield',1,'bone-kukri-1','{\"attack\":\"140\"}',217,178,217,140,100,0,0),(218,'Bone Kukri 2','sword-and-shield',1,'bone-kukri-2','{\"attack\":\"154\"}',218,179,218,154,110,0,0),(219,'Bone Kukri 3','sword-and-shield',2,'bone-kukri-3','{\"attack\":\"168\"}',219,183,219,168,120,0,0),(220,'Chief Kukri 1','sword-and-shield',3,'chief-kukri-1','{\"attack\":\"196\"}',220,192,220,196,140,0,0),(221,'Chief Kukri 2','sword-and-shield',4,'chief-kukri-2','{\"attack\":\"210\"}',221,207,221,210,150,0,0),(222,'Chief Kukri 3','sword-and-shield',5,'chief-kukri-3','{\"attack\":\"224\"}',222,223,222,224,160,1,1),(223,'Grand Barong 1','sword-and-shield',6,'grand-barong-1','{\"attack\":\"238\",\"defense\":10}',223,244,223,238,170,1,1),(224,'Grand Barong 2','sword-and-shield',6,'grand-barong-2','{\"attack\":\"266\"}',224,245,224,266,190,1,1),(225,'Spiked Edge 1','sword-and-shield',3,'spiked-edge-1','{\"attack\":\"182\",\"defense\":15}',225,193,225,182,130,0,0),(226,'Spiked Edge 2','sword-and-shield',4,'spiked-edge-2','{\"attack\":\"196\",\"defense\":15}',226,208,226,196,140,0,0),(227,'Baan Claw 1','sword-and-shield',5,'baan-claw-1','{\"attack\":\"238\",\"defense\":20}',227,224,227,238,170,0,0),(228,'Baan Claw 2','sword-and-shield',6,'baan-claw-2','{\"attack\":\"252\",\"defense\":20}',228,246,228,252,180,0,0),(229,'Baan Claw 3','sword-and-shield',6,'baan-claw-3','{\"attack\":\"266\",\"defense\":20}',229,247,229,266,190,0,0),(230,'Jagras Edge 1','sword-and-shield',2,'jagras-edge-1','{\"attack\":\"168\"}',230,184,230,168,120,0,0),(231,'Jagras Edge 2','sword-and-shield',3,'jagras-edge-2','{\"attack\":\"196\"}',231,194,231,196,140,0,0),(232,'Jagras Edge 3','sword-and-shield',4,'jagras-edge-3','{\"attack\":\"210\"}',232,209,232,210,150,0,0),(233,'Jagras Garotte 1','sword-and-shield',5,'jagras-garotte-1','{\"attack\":\"238\"}',233,225,233,238,170,1,2),(234,'Jagras Garotte 2','sword-and-shield',6,'jagras-garotte-2','{\"attack\":\"252\"}',234,248,234,252,180,1,2),(235,'Jagras Garotte 3','sword-and-shield',6,'jagras-garotte-3','{\"attack\":\"266\"}',235,249,235,266,190,1,2),(236,'Thunder Edge 1','sword-and-shield',3,'thunder-edge-1','{\"attack\":\"182\"}',236,195,236,182,130,0,0),(237,'Thunder Edge 2','sword-and-shield',4,'thunder-edge-2','{\"attack\":\"210\"}',237,210,237,210,150,0,0),(238,'Lightning Nemesis 1','sword-and-shield',5,'lightning-nemesis-1','{\"attack\":\"224\"}',238,226,238,224,160,1,1),(239,'Lightning Nemesis 2','sword-and-shield',6,'lightning-nemesis-2','{\"attack\":\"252\"}',239,250,239,252,180,1,1),(240,'Lightning Nemesis 3','sword-and-shield',6,'lightning-nemesis-3','{\"attack\":\"266\"}',240,251,240,266,190,1,1),(241,'Carapace Edge 1','sword-and-shield',2,'carapace-edge-1','{\"attack\":\"182\",\"defense\":10}',241,185,241,182,130,0,0),(242,'Carapace Edge 2','sword-and-shield',3,'carapace-edge-2','{\"attack\":\"196\",\"defense\":10}',242,196,242,196,140,0,0),(243,'Carapace Edge 3','sword-and-shield',4,'carapace-edge-3','{\"attack\":\"224\",\"defense\":10}',243,211,243,224,160,0,0),(244,'Barroth Club 1','sword-and-shield',5,'barroth-club-1','{\"attack\":\"252\",\"defense\":15,\"affinity\":-10}',244,227,244,252,180,1,1),(245,'Barroth Club 2','sword-and-shield',6,'barroth-club-2','{\"attack\":\"266\",\"defense\":15,\"affinity\":-10}',245,252,245,266,190,1,2),(246,'Barroth Club 3','sword-and-shield',6,'barroth-club-3','{\"attack\":\"294\",\"defense\":15,\"affinity\":-10}',246,253,246,294,210,1,2),(247,'Blazing Edge 1','sword-and-shield',3,'blazing-edge-1','{\"attack\":\"196\",\"affinity\":-20}',247,197,247,196,140,0,0),(248,'Blazing Edge 2','sword-and-shield',4,'blazing-edge-2','{\"attack\":\"224\",\"affinity\":-20}',248,212,248,224,160,0,0),(249,'Flammensucher','sword-and-shield',5,'flammensucher','{\"attack\":\"266\",\"affinity\":-20}',249,228,249,266,190,0,0),(250,'Gnashing Flammensucher','sword-and-shield',7,'gnashing-flammensucher','{\"attack\":\"294\",\"affinity\":-20}',250,262,250,294,210,0,0),(251,'Dragonbone Sword 1','sword-and-shield',3,'dragonbone-sword-1','{\"attack\":\"140\"}',251,198,251,140,100,0,0),(252,'Dragonbone Sword 2','sword-and-shield',4,'dragonbone-sword-2','{\"attack\":\"154\"}',252,213,252,154,110,0,0),(253,'Dragonbone Sword 3','sword-and-shield',6,'dragonbone-sword-3','{\"attack\":\"196\"}',253,254,253,196,140,1,1),(254,'Fulminator','sword-and-shield',4,'fulminator','{\"attack\":\"154\"}',254,214,254,154,110,0,0),(255,'Thunderbolt Sword 1','sword-and-shield',6,'thunderbolt-sword-1','{\"attack\":\"210\"}',255,255,255,210,150,0,0),(256,'Thunderbolt Sword 2','sword-and-shield',7,'thunderbolt-sword-2','{\"attack\":\"224\"}',256,263,256,224,160,0,0),(257,'Blacksteel Sword 1','sword-and-shield',5,'blacksteel-sword-1','{\"attack\":\"140\"}',257,229,257,140,100,0,0),(258,'Blacksteel Sword 2','sword-and-shield',6,'blacksteel-sword-2','{\"attack\":\"154\"}',258,256,258,154,110,0,0),(259,'Teostra\'s Spada','sword-and-shield',7,'teostras-spada','{\"attack\":\"252\"}',259,264,259,252,180,0,0),(260,'Teostra\'s Emblem','sword-and-shield',8,'teostras-emblem','{\"attack\":\"266\"}',260,268,260,266,190,0,0),(261,'Xeno Mabura','sword-and-shield',8,'xeno-mabura','{\"attack\":\"238\",\"affinity\":15}',261,269,261,238,170,1,2),(262,'Matched Slicers 1','dual-blades',1,'matched-slicers-1','{\"attack\":\"112\"}',262,270,262,112,80,0,0),(263,'Matched Slicers 2','dual-blades',1,'matched-slicers-2','{\"attack\":\"126\"}',263,271,263,126,90,0,0),(264,'Matched Slicers 3','dual-blades',2,'matched-slicers-3','{\"attack\":\"140\"}',264,274,264,140,100,0,0),(265,'Dual Slicers 1','dual-blades',3,'dual-slicers-1','{\"attack\":\"154\"}',265,279,265,154,110,0,0),(266,'Dual Slicers 2','dual-blades',4,'dual-slicers-2','{\"attack\":\"182\"}',266,289,266,182,130,0,0),(267,'Dual Slicers 3','dual-blades',5,'dual-slicers-3','{\"attack\":\"196\"}',267,302,267,196,140,1,1),(268,'Chrome Slicers 1','dual-blades',6,'chrome-slicers-1','{\"attack\":\"224\"}',268,316,268,224,160,1,1),(269,'Chrome Slicers 2','dual-blades',6,'chrome-slicers-2','{\"attack\":\"252\"}',269,317,269,252,180,1,2),(270,'Nergal Gouge','dual-blades',7,'nergal-gouge','{\"attack\":\"280\"}',270,339,270,280,200,1,1),(271,'Decimation Claws','dual-blades',8,'decimation-claws','{\"attack\":\"294\"}',271,349,271,294,210,1,1),(272,'Luminous Daggers 1','dual-blades',3,'luminous-daggers-1','{\"attack\":\"168\"}',272,280,272,168,120,0,0),(273,'Luminous Daggers 2','dual-blades',4,'luminous-daggers-2','{\"attack\":\"196\"}',273,290,273,196,140,0,0),(274,'Dual Destroyers 1','dual-blades',5,'dual-destroyers-1','{\"attack\":\"224\"}',274,303,274,224,160,1,1),(275,'Dual Destroyers 2','dual-blades',6,'dual-destroyers-2','{\"attack\":\"238\"}',275,318,275,238,170,1,1),(276,'Dual Destroyers 3','dual-blades',6,'dual-destroyers-3','{\"attack\":\"252\"}',276,319,276,252,180,1,1),(277,'Rookslayer Handaxes','dual-blades',6,'rookslayer-handaxes','{\"attack\":\"252\",\"affinity\":-10}',277,320,277,252,180,1,1),(278,'Bazelhawk Rookslayer','dual-blades',8,'bazelhawk-rookslayer','{\"attack\":\"280\",\"affinity\":-10}',278,350,278,280,200,1,1),(279,'Freeze Daggers 1','dual-blades',4,'freeze-daggers-1','{\"attack\":\"182\"}',279,291,279,182,130,0,0),(280,'Freeze Daggers 2','dual-blades',5,'freeze-daggers-2','{\"attack\":\"210\"}',280,304,280,210,150,1,1),(281,'Freeze Chain 1','dual-blades',6,'freeze-chain-1','{\"attack\":\"238\"}',281,321,281,238,170,1,1),(282,'Freeze Chain 2','dual-blades',6,'freeze-chain-2','{\"attack\":\"252\"}',282,322,282,252,180,1,1),(283,'Rending Beaks 1','dual-blades',2,'rending-beaks-1','{\"attack\":\"154\",\"affinity\":15}',283,275,283,154,110,0,0),(284,'Rending Beaks 2','dual-blades',3,'rending-beaks-2','{\"attack\":\"168\",\"affinity\":15}',284,281,284,168,120,0,0),(285,'Rending Beaks 3','dual-blades',4,'rending-beaks-3','{\"attack\":\"182\",\"affinity\":15}',285,292,285,182,130,0,0),(286,'Arcanaria 1','dual-blades',5,'arcanaria-1','{\"attack\":\"210\",\"affinity\":20}',286,305,286,210,150,0,0),(287,'Arcanaria 2','dual-blades',6,'arcanaria-2','{\"attack\":\"224\",\"affinity\":20}',287,323,287,224,160,0,0),(288,'Arcanaria 3','dual-blades',6,'arcanaria-3','{\"attack\":\"238\",\"affinity\":20}',288,324,288,238,170,0,0),(289,'Sworn Rapiers','dual-blades',3,'sworn-rapiers','{\"attack\":\"182\"}',289,282,289,182,130,0,0),(290,'Sworn Rapiers+','dual-blades',5,'sworn-rapiers+','{\"attack\":\"210\"}',290,306,290,210,150,1,1),(291,'Holy Sabers','dual-blades',7,'holy-sabers','{\"attack\":\"252\"}',291,340,291,252,180,1,1),(292,'Bone Hatchets 1','dual-blades',1,'bone-hatchets-1','{\"attack\":\"140\"}',292,272,292,140,100,0,0),(293,'Bone Hatchets 2','dual-blades',1,'bone-hatchets-2','{\"attack\":\"154\"}',293,273,293,154,110,0,0),(294,'Bone Hatchets 3','dual-blades',2,'bone-hatchets-3','{\"attack\":\"168\"}',294,276,294,168,120,0,0),(295,'Wild Hatchets 1','dual-blades',3,'wild-hatchets-1','{\"attack\":\"196\"}',295,283,295,196,140,0,0),(296,'Wild Hatchets 2','dual-blades',4,'wild-hatchets-2','{\"attack\":\"210\"}',296,293,296,210,150,0,0),(297,'Wild Hatchets 3','dual-blades',5,'wild-hatchets-3','{\"attack\":\"224\"}',297,307,297,224,160,1,1),(298,'Strong Hatchets 1','dual-blades',6,'strong-hatchets-1','{\"attack\":\"238\",\"defense\":10}',298,325,298,238,170,1,1),(299,'Strong Hatchets 2','dual-blades',6,'strong-hatchets-2','{\"attack\":\"266\",\"defense\":10}',299,326,299,266,190,1,1),(300,'Blazing Hatchets 1','dual-blades',3,'blazing-hatchets-1','{\"attack\":\"196\",\"affinity\":-20}',300,284,300,196,140,0,0),(301,'Blazing Hatchets 2','dual-blades',4,'blazing-hatchets-2','{\"attack\":\"210\",\"affinity\":-20}',301,294,301,210,150,0,0),(302,'Anja Cyclone 1','dual-blades',5,'anja-cyclone-1','{\"attack\":\"238\",\"affinity\":-20}',302,308,302,238,170,0,0),(303,'Anja Cyclone 2','dual-blades',6,'anja-cyclone-2','{\"attack\":\"266\",\"affinity\":-20}',303,327,303,266,190,0,0),(304,'Anja Cyclone 3','dual-blades',7,'anja-cyclone-3','{\"attack\":\"294\",\"affinity\":-20}',304,341,304,294,210,0,0),(305,'Diablos Hatchets 1','dual-blades',4,'diablos-hatchets-1','{\"attack\":\"224\",\"defense\":10,\"affinity\":-10}',305,295,305,224,160,0,0),(306,'Diablos Hatchets 2','dual-blades',5,'diablos-hatchets-2','{\"attack\":\"266\",\"defense\":10,\"affinity\":-10}',306,309,306,266,190,1,1),(307,'Diablos Clubs 1','dual-blades',6,'diablos-clubs-1','{\"attack\":\"294\",\"defense\":15,\"affinity\":-10}',307,328,307,294,210,1,1),(308,'Diablos Clubs 2','dual-blades',7,'diablos-clubs-2','{\"attack\":\"322\",\"defense\":10,\"affinity\":-10}',308,342,308,322,230,1,1),(309,'Madness Pangas 1','dual-blades',2,'madness-pangas-1','{\"attack\":\"154\"}',309,277,309,154,110,0,0),(310,'Madness Pangas 2','dual-blades',3,'madness-pangas-2','{\"attack\":\"182\"}',310,285,310,182,130,0,0),(311,'Madness Pangas 3','dual-blades',4,'madness-pangas-3','{\"attack\":\"210\"}',311,296,311,210,150,0,0),(312,'Jyura Hatchets 1','dual-blades',5,'jyura-hatchets-1','{\"attack\":\"238\"}',312,310,312,238,170,1,1),(313,'Jyura Hatchets 2','dual-blades',6,'jyura-hatchets-2','{\"attack\":\"252\"}',313,329,313,252,180,1,1),(314,'Jyura Hatchets 3','dual-blades',6,'jyura-hatchets-3','{\"attack\":\"266\"}',314,330,314,266,190,1,1),(315,'Lava Cyclone 1','dual-blades',6,'lava-cyclone-1','{\"attack\":\"252\"}',315,331,315,252,180,1,2),(316,'Lava Cyclone 2','dual-blades',7,'lava-cyclone-2','{\"attack\":\"252\"}',316,343,316,252,180,1,2),(317,'Taurus Pangas 1','dual-blades',3,'taurus-pangas-1','{\"attack\":\"168\"}',317,286,317,168,120,0,0),(318,'Taurus Pangas 2','dual-blades',4,'taurus-pangas-2','{\"attack\":\"182\"}',318,297,318,182,130,0,0),(319,'Dark Ripper 1','dual-blades',5,'dark-ripper-1','{\"attack\":\"196\"}',319,311,319,196,140,1,1),(320,'Dark Ripper 2','dual-blades',6,'dark-ripper-2','{\"attack\":\"210\"}',320,332,320,210,150,1,1),(321,'Dark Ripper 3','dual-blades',6,'dark-ripper-3','{\"attack\":\"224\"}',321,333,321,224,160,1,1),(322,'Pulsar Hatchets 1','dual-blades',2,'pulsar-hatchets-1','{\"attack\":\"154\",\"affinity\":10}',322,278,322,154,110,0,0),(323,'Pulsar Hatchets 2','dual-blades',3,'pulsar-hatchets-2','{\"attack\":\"168\",\"affinity\":10}',323,287,323,168,120,0,0),(324,'Pulsar Hatchets 3','dual-blades',4,'pulsar-hatchets-3','{\"attack\":\"196\",\"affinity\":10}',324,298,324,196,140,0,0),(325,'Kadachi Claws 1','dual-blades',5,'kadachi-claws-1','{\"attack\":\"224\",\"affinity\":10}',325,312,325,224,160,1,1),(326,'Kadachi Claws 2','dual-blades',6,'kadachi-claws-2','{\"attack\":\"238\",\"affinity\":10}',326,334,326,238,170,1,1),(327,'Kadachi Claws 3','dual-blades',6,'kadachi-claws-3','{\"attack\":\"252\",\"affinity\":10}',327,335,327,252,180,1,1),(328,'Garon Hatchets 1','dual-blades',4,'garon-hatchets-1','{\"attack\":\"182\",\"affinity\":20}',328,299,328,182,130,0,0),(329,'Garon Hatchets 2','dual-blades',5,'garon-hatchets-2','{\"attack\":\"196\",\"affinity\":20}',329,313,329,196,140,0,0),(330,'Blood-drinker Chainblade','dual-blades',6,'blood-drinker-chainblade','{\"attack\":\"210\",\"affinity\":20}',330,336,330,210,150,0,0),(331,'Sin','dual-blades',8,'sin','{\"attack\":\"224\",\"affinity\":20}',331,351,331,224,160,0,0),(332,'Dragonbone Twinblades 1','dual-blades',3,'dragonbone-twinblades-1','{\"attack\":\"140\"}',332,288,332,140,100,0,0),(333,'Dragonbone Twinblades 2','dual-blades',4,'dragonbone-twinblades-2','{\"attack\":\"168\"}',333,300,333,168,120,0,0),(334,'Enduring Schism','dual-blades',7,'enduring-schism','{\"attack\":\"196\"}',334,344,334,196,140,1,2),(335,'Kirin Bolts','dual-blades',4,'kirin-bolts','{\"attack\":\"154\"}',335,301,335,154,110,0,0),(336,'Kirin Bolts+','dual-blades',7,'kirin-bolts+','{\"attack\":\"196\"}',336,345,336,196,140,0,0),(337,'Monarch','dual-blades',8,'monarch','{\"attack\":\"224\"}',337,352,337,224,160,0,0),(338,'Magda Ungulae 1','dual-blades',5,'magda-ungulae-1','{\"attack\":\"224\",\"defense\":20,\"affinity\":-20}',338,314,338,224,160,1,1),(339,'Magda Ungulae 2','dual-blades',7,'magda-ungulae-2','{\"attack\":\"308\",\"defense\":20,\"affinity\":-20}',339,346,339,308,220,1,1),(340,'Blacksteel Twins 1','dual-blades',5,'blacksteel-twins-1','{\"attack\":\"140\"}',340,315,340,140,100,0,0),(341,'Blacksteel Twins 2','dual-blades',6,'blacksteel-twins-2','{\"attack\":\"154\"}',341,337,341,154,110,0,0),(342,'Twin Nails','dual-blades',7,'twin-nails','{\"attack\":\"238\"}',342,347,342,238,170,2,1),(343,'Fire and Ice','dual-blades',8,'fire-and-ice','{\"attack\":\"252\"}',343,353,343,252,180,2,1),(344,'Xeno Raqs','dual-blades',8,'xeno-raqs','{\"attack\":\"238\"}',344,354,344,238,170,1,2),(345,'Iron Hammer 1','hammer',1,'iron-hammer-1','{\"attack\":\"416\"}',345,355,345,416,80,0,0),(346,'Iron Hammer 2','hammer',1,'iron-hammer-2','{\"attack\":\"468\"}',346,356,346,468,90,0,0),(347,'Iron Hammer 3','hammer',2,'iron-hammer-3','{\"attack\":\"520\"}',347,359,347,520,100,0,0),(348,'Iron Demon 1','hammer',3,'iron-demon-1','{\"attack\":\"572\"}',348,365,348,572,110,0,0),(349,'Iron Demon 2','hammer',4,'iron-demon-2','{\"attack\":\"676\"}',349,376,349,676,130,0,0),(350,'Iron Demon 3','hammer',5,'iron-demon-3','{\"attack\":\"728\"}',350,389,350,728,140,1,1),(351,'Iron Archdemon 1','hammer',6,'iron-archdemon-1','{\"attack\":\"832\"}',351,402,351,832,160,1,1),(352,'Iron Archdemon 2','hammer',6,'iron-archdemon-2','{\"attack\":\"936\"}',352,403,352,936,180,1,2),(353,'Nergal Crusher','hammer',7,'nergal-crusher','{\"attack\":\"1040\"}',353,427,353,1040,200,1,1),(354,'Obliteration\'s Footfall','hammer',8,'obliterations-footfall','{\"attack\":\"1092\"}',354,435,354,1092,210,1,1),(355,'Frozen Core','hammer',4,'frozen-core','{\"attack\":\"624\"}',355,377,355,624,120,0,0),(356,'Frozen Core+','hammer',6,'frozen-core+','{\"attack\":\"832\"}',356,404,356,832,160,1,1),(357,'Cocytus','hammer',7,'cocytus','{\"attack\":\"936\"}',357,428,357,936,180,1,1),(358,'Aqua Hammer 1','hammer',2,'aqua-hammer-1','{\"attack\":\"572\"}',358,360,358,572,110,0,0),(359,'Aqua Hammer 2','hammer',3,'aqua-hammer-2','{\"attack\":\"624\"}',359,366,359,624,120,0,0),(360,'Aqua Hammer 3','hammer',4,'aqua-hammer-3','{\"attack\":\"676\"}',360,378,360,676,130,0,0),(361,'Water Basher 1','hammer',5,'water-basher-1','{\"attack\":\"780\"}',361,390,361,780,150,1,1),(362,'Water Basher 2','hammer',6,'water-basher-2','{\"attack\":\"832\"}',362,405,362,832,160,1,1),(363,'Water Basher 3','hammer',6,'water-basher-3','{\"attack\":\"936\"}',363,406,363,936,180,1,1),(364,'Girros Hammer 1','hammer',3,'girros-hammer-1','{\"attack\":\"624\"}',364,367,364,624,120,0,0),(365,'Girros Hammer 2','hammer',4,'girros-hammer-2','{\"attack\":\"676\"}',365,379,365,676,130,0,0),(366,'Malady\'s Fist 1','hammer',5,'maladys-fist-1','{\"attack\":\"728\",\"affinity\":20}',366,391,366,728,140,0,0),(367,'Malady\'s Fist 2','hammer',6,'maladys-fist-2','{\"attack\":\"780\",\"affinity\":20}',367,407,367,780,150,0,0),(368,'Malady\'s Fist 3','hammer',6,'maladys-fist-3','{\"attack\":\"832\",\"affinity\":20}',368,408,368,832,160,0,0),(369,'Blooming Hammer 1','hammer',2,'blooming-hammer-1','{\"attack\":\"520\"}',369,361,369,520,100,0,0),(370,'Blooming Hammer 2','hammer',3,'blooming-hammer-2','{\"attack\":\"624\"}',370,368,370,624,120,0,0),(371,'Blooming Hammer 3','hammer',4,'blooming-hammer-3','{\"attack\":\"728\"}',371,380,371,728,140,0,0),(372,'Buon Fiore','hammer',5,'buon-fiore','{\"attack\":\"780\"}',372,392,372,780,150,1,2),(373,'Buona Flora','hammer',7,'buona-flora','{\"attack\":\"936\"}',373,429,373,936,180,1,2),(374,'Thunder Hammer 1','hammer',3,'thunder-hammer-1','{\"attack\":\"676\"}',374,369,374,676,130,0,0),(375,'Thunder Hammer 2','hammer',4,'thunder-hammer-2','{\"attack\":\"780\"}',375,381,375,780,150,0,0),(376,'Lightning Bash 1','hammer',5,'lightning-bash-1','{\"attack\":\"832\"}',376,393,376,832,160,1,1),(377,'Lightning Bash 2','hammer',6,'lightning-bash-2','{\"attack\":\"884\"}',377,409,377,884,170,1,1),(378,'Lightning Bash 3','hammer',6,'lightning-bash-3','{\"attack\":\"988\"}',378,410,378,988,190,1,1),(379,'Bone Bludgeon 1','hammer',1,'bone-bludgeon-1','{\"attack\":\"520\"}',379,357,379,520,100,0,0),(380,'Bone Bludgeon 2','hammer',1,'bone-bludgeon-2','{\"attack\":\"572\"}',380,358,380,572,110,0,0),(381,'Bone Bludgeon 3','hammer',2,'bone-bludgeon-3','{\"attack\":\"624\"}',381,362,381,624,120,0,0),(382,'Fossil Bludgeon 1','hammer',3,'fossil-bludgeon-1','{\"attack\":\"728\"}',382,370,382,728,140,0,0),(383,'Fossil Bludgeon 2','hammer',4,'fossil-bludgeon-2','{\"attack\":\"780\"}',383,382,383,780,150,0,0),(384,'Fossil Bludgeon 3','hammer',5,'fossil-bludgeon-3','{\"attack\":\"832\"}',384,394,384,832,160,1,1),(385,'Grandrock 1','hammer',6,'grandrock-1','{\"attack\":\"884\",\"defense\":10}',385,411,385,884,170,1,1),(386,'Grandrock 2','hammer',6,'grandrock-2','{\"attack\":\"988\",\"defense\":10}',386,412,386,988,190,1,1),(387,'Hazak Vlafos','hammer',7,'hazak-vlafos','{\"attack\":\"988\"}',387,430,387,988,190,1,1),(388,'Pandemonium\'s Root','hammer',8,'pandemoniums-root','{\"attack\":\"1040\"}',388,436,388,1040,200,1,1),(389,'Bone Spike 1','hammer',3,'bone-spike-1','{\"attack\":\"676\",\"defense\":15}',389,371,389,676,130,0,0),(390,'Bone Spike 2','hammer',4,'bone-spike-2','{\"attack\":\"728\",\"defense\":15}',390,383,390,728,140,0,0),(391,'Baan Strike 1','hammer',5,'baan-strike-1','{\"attack\":\"780\",\"defense\":20}',391,395,391,780,150,0,0),(392,'Baan Strike 2','hammer',6,'baan-strike-2','{\"attack\":\"884\",\"defense\":20}',392,413,392,884,170,0,0),(393,'Baan Strike 3','hammer',6,'baan-strike-3','{\"attack\":\"988\",\"defense\":20}',393,414,393,988,190,0,0),(394,'Brazenbreak 1','hammer',6,'brazenbreak-1','{\"attack\":\"988\",\"defense\":30}',394,415,394,988,190,1,1),(395,'Brazenbreak 2','hammer',7,'brazenbreak-2','{\"attack\":\"1092\",\"defense\":30}',395,431,395,1092,210,1,1),(396,'Kulu Beak 1','hammer',2,'kulu-beak-1','{\"attack\":\"624\",\"affinity\":15}',396,363,396,624,120,0,0),(397,'Kulu Beak 2','hammer',3,'kulu-beak-2','{\"attack\":\"676\",\"affinity\":15}',397,372,397,676,130,0,0),(398,'Kulu Beak 3','hammer',4,'kulu-beak-3','{\"attack\":\"728\",\"affinity\":15}',398,384,398,728,140,0,0),(399,'Crushing Beak 1','hammer',5,'crushing-beak-1','{\"attack\":\"780\",\"affinity\":25}',399,396,399,780,150,0,0),(400,'Crushing Beak 2','hammer',6,'crushing-beak-2','{\"attack\":\"832\",\"affinity\":25}',400,416,400,832,160,0,0),(401,'Crushing Beak 3','hammer',6,'crushing-beak-3','{\"attack\":\"884\",\"affinity\":25}',401,417,401,884,170,0,0),(402,'Diablos Sledge 1','hammer',4,'diablos-sledge-1','{\"attack\":\"884\",\"defense\":10,\"affinity\":-25}',402,385,402,884,170,0,0),(403,'Diablos Sledge 2','hammer',5,'diablos-sledge-2','{\"attack\":\"988\",\"defense\":10,\"affinity\":-25}',403,397,403,988,190,1,1),(404,'Diablos Shatterer 1','hammer',6,'diablos-shatterer-1','{\"attack\":\"1092\",\"defense\":15,\"affinity\":-25}',404,418,404,1092,210,1,1),(405,'Diablos Shatterer 2','hammer',7,'diablos-shatterer-2','{\"attack\":\"1196\",\"defense\":15,\"affinity\":-25}',405,432,405,1196,230,1,1),(406,'Carapace Sledge 1','hammer',2,'carapace-sledge-1','{\"attack\":\"676\",\"defense\":10,\"affinity\":-10}',406,364,406,676,130,0,0),(407,'Carapace Sledge 2','hammer',3,'carapace-sledge-2','{\"attack\":\"728\",\"defense\":10,\"affinity\":-10}',407,373,407,728,140,0,0),(408,'Carapace Sledge 3','hammer',4,'carapace-sledge-3','{\"attack\":\"832\",\"defense\":10,\"affinity\":-10}',408,386,408,832,160,0,0),(409,'Barroth Breaker 1','hammer',5,'barroth-breaker-1','{\"attack\":\"936\",\"defense\":15,\"affinity\":-10}',409,398,409,936,180,1,1),(410,'Barroth Breaker 2','hammer',6,'barroth-breaker-2','{\"attack\":\"988\",\"defense\":15,\"affinity\":-10}',410,419,410,988,190,1,2),(411,'Barroth Breaker 3','hammer',6,'barroth-breaker-3','{\"attack\":\"1040\",\"defense\":15,\"affinity\":-10}',411,420,411,1040,200,1,2),(412,'Blazing Hammer 1','hammer',3,'blazing-hammer-1','{\"attack\":\"780\",\"affinity\":-20}',412,374,412,780,150,0,0),(413,'Blazing Hammer 2','hammer',4,'blazing-hammer-2','{\"attack\":\"832\",\"affinity\":-20}',413,387,413,832,160,0,0),(414,'Anja Striker 1','hammer',5,'anja-striker-1','{\"attack\":\"884\",\"affinity\":-20}',414,399,414,884,170,0,0),(415,'Anja Striker 2','hammer',6,'anja-striker-2','{\"attack\":\"988\",\"affinity\":-20}',415,421,415,988,190,0,0),(416,'Anja Striker 3','hammer',6,'anja-striker-3','{\"attack\":\"1092\",\"affinity\":-20}',416,422,416,1092,210,0,0),(417,'Dragonbone Basher 1','hammer',3,'dragonbone-basher-1','{\"attack\":\"520\"}',417,375,417,520,100,0,0),(418,'Dragonbone Basher 2','hammer',4,'dragonbone-basher-2','{\"attack\":\"572\"}',418,388,418,572,110,0,0),(419,'Dragonbone Basher 3','hammer',6,'dragonbone-basher-3','{\"attack\":\"832\"}',419,423,419,832,160,0,0),(420,'Magda Floga','hammer',5,'magda-floga','{\"attack\":\"832\",\"defense\":20,\"affinity\":-20}',420,400,420,832,160,1,1),(421,'Ragefire Magda Floga','hammer',8,'ragefire-magda-floga','{\"attack\":\"1144\",\"defense\":20,\"affinity\":-20}',421,437,421,1144,220,1,1),(422,'Blacksteel Hammer 1','hammer',5,'blacksteel-hammer-1','{\"attack\":\"520\"}',422,401,422,520,100,0,0),(423,'Blacksteel Hammer 2','hammer',6,'blacksteel-hammer-2','{\"attack\":\"572\"}',423,424,423,572,110,0,0),(424,'Icesteel Hammer','hammer',7,'icesteel-hammer','{\"attack\":\"988\"}',424,433,424,988,190,1,1),(425,'Daora\'s Colossus','hammer',8,'daoras-colossus','{\"attack\":\"1040\"}',425,438,425,1040,200,1,1),(426,'Xeno Maph\'agarna','hammer',8,'xeno-maphagarna','{\"attack\":\"884\",\"affinity\":10}',426,439,426,884,170,1,2),(427,'Jail Hammer','hammer',6,'jail-hammer','{\"attack\":\"832\",\"defense\":20}',427,425,427,832,160,1,1),(428,'Binder Mace','hammer',8,'binder-mace','{\"attack\":\"936\",\"defense\":20}',428,440,428,936,180,1,1),(429,'Metal Bagpipe 1','hunting-horn',1,'metal-bagpipe-1','{\"attack\":\"336\"}',429,441,429,336,80,0,0),(430,'Metal Bagpipe 2','hunting-horn',1,'metal-bagpipe-2','{\"attack\":\"378\"}',430,442,430,378,90,0,0),(431,'Metal Bagpipe 3','hunting-horn',2,'metal-bagpipe-3','{\"attack\":\"420\"}',431,445,431,420,100,0,0),(432,'Great Bagpipe 1','hunting-horn',3,'great-bagpipe-1','{\"attack\":\"462\"}',432,451,432,462,110,0,0),(433,'Great Bagpipe 2','hunting-horn',4,'great-bagpipe-2','{\"attack\":\"546\"}',433,463,433,546,130,0,0),(434,'Great Bagpipe 3','hunting-horn',5,'great-bagpipe-3','{\"attack\":\"588\"}',434,476,434,588,140,1,1),(435,'Fortissimo 1','hunting-horn',6,'fortissimo-1','{\"attack\":\"672\"}',435,489,435,672,160,1,1),(436,'Fortissimo 2','hunting-horn',6,'fortissimo-2','{\"attack\":\"756\"}',436,490,436,756,180,1,2),(437,'Nergal Groove','hunting-horn',7,'nergal-groove','{\"attack\":\"840\"}',437,516,437,840,200,1,1),(438,'Desolation\'s Overture','hunting-horn',8,'desolations-overture','{\"attack\":\"882\"}',438,524,438,882,210,1,1),(439,'Thunder Gaida 1','hunting-horn',3,'thunder-gaida-1','{\"attack\":\"504\"}',439,452,439,504,120,0,0),(440,'Thunder Gaida 2','hunting-horn',4,'thunder-gaida-2','{\"attack\":\"546\"}',440,464,440,546,130,0,0),(441,'Lightning Drum 1','hunting-horn',5,'lightning-drum-1','{\"attack\":\"630\"}',441,477,441,630,150,1,1),(442,'Lightning Drum 2','hunting-horn',6,'lightning-drum-2','{\"attack\":\"714\"}',442,491,442,714,170,1,1),(443,'Lightning Drum 3','hunting-horn',6,'lightning-drum-3','{\"attack\":\"756\"}',443,492,443,756,180,1,1),(444,'Kulu Duda 1','hunting-horn',2,'kulu-duda-1','{\"attack\":\"420\",\"affinity\":15}',444,446,444,420,100,0,0),(445,'Kulu Duda 2','hunting-horn',3,'kulu-duda-2','{\"attack\":\"504\",\"affinity\":15}',445,453,445,504,120,0,0),(446,'Kulu Duda 3','hunting-horn',4,'kulu-duda-3','{\"attack\":\"588\",\"affinity\":15}',446,465,446,588,140,0,0),(447,'Dancing Davul 1','hunting-horn',5,'dancing-davul-1','{\"attack\":\"630\",\"affinity\":25}',447,478,447,630,150,0,0),(448,'Dancing Davul 2','hunting-horn',6,'dancing-davul-2','{\"attack\":\"672\",\"affinity\":25}',448,493,448,672,160,0,0),(449,'Dancing Davul 3','hunting-horn',6,'dancing-davul-3','{\"attack\":\"714\",\"affinity\":25}',449,494,449,714,170,0,0),(450,'Valkyrie Chordmaker','hunting-horn',3,'valkyrie-chordmaker','{\"attack\":\"462\",\"affinity\":15}',450,454,450,462,110,0,0),(451,'Queen Chordmaker','hunting-horn',5,'queen-chordmaker','{\"attack\":\"630\",\"affinity\":15}',451,479,451,630,150,1,1),(452,'Coral Chordmaker','hunting-horn',6,'coral-chordmaker','{\"attack\":\"714\",\"affinity\":25}',452,495,452,714,170,1,1),(453,'Royal Chordmaker','hunting-horn',7,'royal-chordmaker','{\"attack\":\"798\",\"affinity\":25}',453,517,453,798,190,1,1),(454,'Aqua Bagpipe 1','hunting-horn',2,'aqua-bagpipe-1','{\"attack\":\"420\"}',454,447,454,420,100,0,0),(455,'Aqua Bagpipe 2','hunting-horn',3,'aqua-bagpipe-2','{\"attack\":\"504\"}',455,455,455,504,120,0,0),(456,'Aqua Bagpipe 3','hunting-horn',4,'aqua-bagpipe-3','{\"attack\":\"546\"}',456,466,456,546,130,0,0),(457,'Water Tamtam 1','hunting-horn',5,'water-tamtam-1','{\"attack\":\"588\"}',457,480,457,588,140,1,1),(458,'Water Tamtam 2','hunting-horn',6,'water-tamtam-2','{\"attack\":\"672\"}',458,496,458,672,160,1,1),(459,'Water Tamtam 3','hunting-horn',6,'water-tamtam-3','{\"attack\":\"756\"}',459,497,459,756,180,1,1),(460,'Glacial Bagpipe 1','hunting-horn',4,'glacial-bagpipe-1','{\"attack\":\"546\"}',460,467,460,546,130,0,0),(461,'Glacial Bagpipe 2','hunting-horn',5,'glacial-bagpipe-2','{\"attack\":\"588\"}',461,481,461,588,140,0,0),(462,'Sectored','hunting-horn',6,'sectored','{\"attack\":\"630\"}',462,498,462,630,150,0,0),(463,'Legia Sectored','hunting-horn',7,'legia-sectored','{\"attack\":\"672\"}',463,518,463,672,160,0,0),(464,'Bone Horn 1','hunting-horn',1,'bone-horn-1','{\"attack\":\"420\"}',464,443,464,420,100,0,0),(465,'Bone Horn 2','hunting-horn',1,'bone-horn-2','{\"attack\":\"462\"}',465,444,465,462,110,0,0),(466,'Bone Horn 3','hunting-horn',2,'bone-horn-3','{\"attack\":\"504\"}',466,448,466,504,120,0,0),(467,'Hard Bone Horn 1','hunting-horn',3,'hard-bone-horn-1','{\"attack\":\"588\"}',467,456,467,588,140,0,0),(468,'Hard Bone Horn 2','hunting-horn',4,'hard-bone-horn-2','{\"attack\":\"630\"}',468,468,468,630,150,0,0),(469,'Hard Bone Horn 3','hunting-horn',5,'hard-bone-horn-3','{\"attack\":\"672\"}',469,482,469,672,160,1,1),(470,'Heavy Bone Horn 1','hunting-horn',6,'heavy-bone-horn-1','{\"attack\":\"714\",\"defense\":10}',470,499,470,714,170,1,1),(471,'Heavy Bone Horn 2','hunting-horn',6,'heavy-bone-horn-2','{\"attack\":\"798\",\"defense\":10}',471,500,471,798,190,1,1),(472,'Gama Horn 1','hunting-horn',6,'gama-horn-1','{\"attack\":\"756\"}',472,501,472,756,180,1,1),(473,'Gama Horn 2','hunting-horn',7,'gama-horn-2','{\"attack\":\"798\"}',473,519,473,798,190,1,1),(474,'Blazing Horn 1','hunting-horn',3,'blazing-horn-1','{\"attack\":\"546\",\"affinity\":-20}',474,457,474,546,130,0,0),(475,'Blazing Horn 2','hunting-horn',4,'blazing-horn-2','{\"attack\":\"630\",\"affinity\":-20}',475,469,475,630,150,0,0),(476,'Anja Barone 1','hunting-horn',5,'anja-barone-1','{\"attack\":\"672\",\"affinity\":-20}',476,483,476,672,160,0,0),(477,'Anja Barone 2','hunting-horn',6,'anja-barone-2','{\"attack\":\"798\",\"affinity\":-20}',477,502,477,798,190,0,0),(478,'Anja Barone 3','hunting-horn',6,'anja-barone-3','{\"attack\":\"882\",\"affinity\":-20}',478,503,478,882,210,0,0),(479,'Blooming Horn 1','hunting-horn',2,'blooming-horn-1','{\"attack\":\"504\"}',479,449,479,504,120,0,0),(480,'Blooming Horn 2','hunting-horn',3,'blooming-horn-2','{\"attack\":\"546\"}',480,458,480,546,130,0,0),(481,'Blooming Horn 3','hunting-horn',4,'blooming-horn-3','{\"attack\":\"588\"}',481,470,481,588,140,0,0),(482,'Datura Horn 1','hunting-horn',5,'datura-horn-1','{\"attack\":\"630\"}',482,484,482,630,150,1,2),(483,'Datura Horn 2','hunting-horn',6,'datura-horn-2','{\"attack\":\"672\"}',483,504,483,672,160,1,2),(484,'Datura Horn 3','hunting-horn',6,'datura-horn-3','{\"attack\":\"714\"}',484,505,484,714,170,1,2),(485,'Lumu Horn 1','hunting-horn',3,'lumu-horn-1','{\"attack\":\"546\",\"affinity\":10}',485,459,485,546,130,0,0),(486,'Lumu Horn 2','hunting-horn',4,'lumu-horn-2','{\"attack\":\"588\",\"affinity\":10}',486,471,486,588,140,0,0),(487,'Lumu Barone 1','hunting-horn',5,'lumu-barone-1','{\"attack\":\"630\",\"affinity\":10}',487,485,487,630,150,1,2),(488,'Lumu Barone 2','hunting-horn',6,'lumu-barone-2','{\"attack\":\"672\",\"affinity\":10}',488,506,488,672,160,1,2),(489,'Lumu Barone 3','hunting-horn',6,'lumu-barone-3','{\"attack\":\"714\",\"affinity\":10}',489,507,489,714,170,1,2),(490,'Rookslayer Drum','hunting-horn',6,'rookslayer-drum','{\"attack\":\"756\",\"affinity\":-10}',490,508,490,756,180,1,2),(491,'Bazelreid Rookslayer','hunting-horn',8,'bazelreid-rookslayer','{\"attack\":\"840\",\"affinity\":-10}',491,525,491,840,200,1,2),(492,'Sonic Horn 1','hunting-horn',2,'sonic-horn-1','{\"attack\":\"462\"}',492,450,492,462,110,0,0),(493,'Sonic Horn 2','hunting-horn',3,'sonic-horn-2','{\"attack\":\"504\"}',493,460,493,504,120,0,0),(494,'Sonic Horn 3','hunting-horn',4,'sonic-horn-3','{\"attack\":\"546\"}',494,472,494,546,130,0,0),(495,'Glass Royale','hunting-horn',5,'glass-royale','{\"attack\":\"588\"}',495,486,495,588,140,1,2),(496,'Glass Royale+','hunting-horn',6,'glass-royale+','{\"attack\":\"630\"}',496,509,496,630,150,1,2),(497,'Queen Vespoid Horn','hunting-horn',7,'queen-vespoid-horn','{\"attack\":\"672\"}',497,520,497,672,160,1,2),(498,'Spiked Horn 1','hunting-horn',3,'spiked-horn-1','{\"attack\":\"546\",\"defense\":15}',498,461,498,546,130,0,0),(499,'Spiked Horn 2','hunting-horn',4,'spiked-horn-2','{\"attack\":\"588\",\"defense\":15}',499,473,499,588,140,0,0),(500,'Baan Horn 1','hunting-horn',5,'baan-horn-1','{\"attack\":\"672\",\"defense\":20}',500,487,500,672,160,0,0),(501,'Baan Horn 2','hunting-horn',6,'baan-horn-2','{\"attack\":\"756\",\"defense\":20}',501,510,501,756,180,0,0),(502,'Baan Horn 3','hunting-horn',6,'baan-horn-3','{\"attack\":\"798\",\"defense\":20}',502,511,502,798,190,0,0),(503,'Dragonbone Auldhorn 1','hunting-horn',3,'dragonbone-auldhorn-1','{\"attack\":\"420\"}',503,462,503,420,100,0,0),(504,'Dragonbone Auldhorn 2','hunting-horn',4,'dragonbone-auldhorn-2','{\"attack\":\"462\"}',504,474,504,462,110,0,0),(505,'Dragonbone Auldhorn 3','hunting-horn',6,'dragonbone-auldhorn-3','{\"attack\":\"672\"}',505,512,505,672,160,1,2),(506,'Thundercry Horn','hunting-horn',4,'thundercry-horn','{\"attack\":\"504\"}',506,475,506,504,120,0,0),(507,'Thunderbolt Horn 1','hunting-horn',6,'thunderbolt-horn-1','{\"attack\":\"588\"}',507,513,507,588,140,0,0),(508,'Thunderbolt Horn 2','hunting-horn',7,'thunderbolt-horn-2','{\"attack\":\"672\"}',508,521,508,672,160,0,0),(509,'Blacksteel Dragonhorn 1','hunting-horn',5,'blacksteel-dragonhorn-1','{\"attack\":\"420\"}',509,488,509,420,100,0,0),(510,'Blacksteel Dragonhorn 2','hunting-horn',6,'blacksteel-dragonhorn-2','{\"attack\":\"462\"}',510,514,510,462,110,0,0),(511,'Teostra\'s Tiple','hunting-horn',7,'teostras-tiple','{\"attack\":\"756\"}',511,522,511,756,180,0,0),(512,'Teostra\'s Orphe','hunting-horn',8,'teostras-orphe','{\"attack\":\"798\"}',512,526,512,798,190,0,0),(513,'Xeno Manasheena','hunting-horn',8,'xeno-manasheena','{\"attack\":\"714\",\"affinity\":15}',513,527,513,714,170,1,2),(514,'Iron Lance 1','lance',1,'iron-lance-1','{\"attack\":\"184\"}',514,528,514,184,80,0,0),(515,'Iron Lance 2','lance',1,'iron-lance-2','{\"attack\":\"207\"}',515,529,515,207,90,0,0),(516,'Iron Lance 3','lance',2,'iron-lance-3','{\"attack\":\"230\"}',516,532,516,230,100,0,0),(517,'Steel Lance 1','lance',3,'steel-lance-1','{\"attack\":\"253\"}',517,540,517,253,110,0,0),(518,'Steel Lance 2','lance',4,'steel-lance-2','{\"attack\":\"299\"}',518,547,518,299,130,0,0),(519,'Steel Lance 3','lance',5,'steel-lance-3','{\"attack\":\"322\"}',519,560,519,322,140,1,1),(520,'Chrome Lance 1','lance',6,'chrome-lance-1','{\"attack\":\"368\"}',520,572,520,368,160,1,1),(521,'Chrome Lance 2','lance',6,'chrome-lance-2','{\"attack\":\"414\"}',521,573,521,414,180,1,2),(522,'Nergal Impaler','lance',7,'nergal-impaler','{\"attack\":\"460\"}',522,597,522,460,200,1,1),(523,'Perdition\'s Hand','lance',8,'perditions-hand','{\"attack\":\"483\"}',523,606,523,483,210,1,1),(524,'Glacial Lance 1','lance',4,'glacial-lance-1','{\"attack\":\"299\"}',524,548,524,299,130,0,0),(525,'Glacial Lance 2','lance',5,'glacial-lance-2','{\"attack\":\"322\"}',525,561,525,322,140,0,0),(526,'Legiana Halberd 1','lance',6,'legiana-halberd-1','{\"attack\":\"345\"}',526,574,526,345,150,0,0),(527,'Legiana Halberd 2','lance',7,'legiana-halberd-2','{\"attack\":\"368\"}',527,598,527,368,160,0,0),(528,'Kulu Lance 1','lance',2,'kulu-lance-1','{\"attack\":\"253\",\"affinity\":15}',528,533,528,253,110,0,0),(529,'Kulu Lance 2','lance',2,'kulu-lance-2','{\"attack\":\"276\",\"affinity\":15}',529,534,529,276,120,0,0),(530,'Kulu Lance 3','lance',4,'kulu-lance-3','{\"attack\":\"299\",\"affinity\":15}',530,549,530,299,130,0,0),(531,'Kulu Hasta 1','lance',5,'kulu-hasta-1','{\"attack\":\"345\",\"affinity\":25}',531,562,531,345,150,0,0),(532,'Kulu Hasta 2','lance',6,'kulu-hasta-2','{\"attack\":\"368\",\"affinity\":25}',532,575,532,368,160,0,0),(533,'Kulu Hasta 3','lance',6,'kulu-hasta-3','{\"attack\":\"391\",\"affinity\":25}',533,576,533,391,170,0,0),(534,'Gama Pilebunker 1','lance',6,'gama-pilebunker-1','{\"attack\":\"368\"}',534,577,534,368,160,1,2),(535,'Gama Pilebunker 2','lance',7,'gama-pilebunker-2','{\"attack\":\"391\"}',535,599,535,391,170,1,2),(536,'Thunder Lance 1','lance',3,'thunder-lance-1','{\"attack\":\"276\"}',536,541,536,276,120,0,0),(537,'Thunder Lance 2','lance',4,'thunder-lance-2','{\"attack\":\"322\"}',537,550,537,322,140,0,0),(538,'Lightning Spire 1','lance',5,'lightning-spire-1','{\"attack\":\"368\"}',538,563,538,368,160,1,1),(539,'Lightning Spire 2','lance',6,'lightning-spire-2','{\"attack\":\"391\"}',539,578,539,391,170,1,1),(540,'Lightning Spire 3','lance',6,'lightning-spire-3','{\"attack\":\"414\"}',540,579,540,414,180,1,1),(541,'Blooming Lance 1','lance',2,'blooming-lance-1','{\"attack\":\"230\"}',541,535,541,230,100,0,0),(542,'Blooming Lance 2','lance',3,'blooming-lance-2','{\"attack\":\"253\"}',542,542,542,253,110,0,0),(543,'Blooming Lance 3','lance',4,'blooming-lance-3','{\"attack\":\"299\"}',543,551,543,299,130,0,0),(544,'Datura Pike 1','lance',5,'datura-pike-1','{\"attack\":\"345\"}',544,564,544,345,150,1,2),(545,'Datura Pike 2','lance',6,'datura-pike-2','{\"attack\":\"368\"}',545,580,545,368,160,1,2),(546,'Datura Pike 3','lance',6,'datura-pike-3','{\"attack\":\"391\"}',546,581,546,391,170,1,2),(547,'Flame Lance 1','lance',4,'flame-lance-1','{\"attack\":\"299\",\"affinity\":10}',547,552,547,299,130,0,0),(548,'Flame Lance 2','lance',5,'flame-lance-2','{\"attack\":\"322\",\"affinity\":10}',548,565,548,322,140,1,1),(549,'Red Tail','lance',6,'red-tail','{\"attack\":\"391\",\"affinity\":10}',549,582,549,391,170,1,1),(550,'Blue Tail','lance',7,'blue-tail','{\"attack\":\"414\",\"affinity\":20}',550,600,550,414,180,1,1),(551,'Blue Prominence','lance',8,'blue-prominence','{\"attack\":\"437\",\"affinity\":20}',551,607,551,437,190,1,1),(552,'Bone Lance 1','lance',1,'bone-lance-1','{\"attack\":\"207\"}',552,530,552,207,90,0,0),(553,'Bone Lance 2','lance',1,'bone-lance-2','{\"attack\":\"230\"}',553,531,553,230,100,0,0),(554,'Bone Lance 3','lance',2,'bone-lance-3','{\"attack\":\"253\"}',554,536,554,253,110,0,0),(555,'Hard Bone Lance 1','lance',3,'hard-bone-lance-1','{\"attack\":\"322\"}',555,543,555,322,140,0,0),(556,'Hard Bone Lance 2','lance',4,'hard-bone-lance-2','{\"attack\":\"345\"}',556,553,556,345,150,0,0),(557,'Hard Bone Lance 3','lance',5,'hard-bone-lance-3','{\"attack\":\"368\"}',557,566,557,368,160,1,1),(558,'Heavy Bone Lance 1','lance',6,'heavy-bone-lance-1','{\"attack\":\"391\",\"defense\":10}',558,583,558,391,170,1,1),(559,'Heavy Bone Lance 2','lance',6,'heavy-bone-lance-2','{\"attack\":\"437\",\"defense\":10}',559,584,559,437,190,1,1),(560,'Hazak Wchter','lance',7,'hazak-wchter','{\"attack\":\"437\"}',560,601,560,437,190,1,1),(561,'Love\'s Sorrow','lance',8,'loves-sorrow','{\"attack\":\"460\"}',561,608,561,460,200,1,1),(562,'Taurus Lance 1','lance',3,'taurus-lance-1','{\"attack\":\"276\"}',562,544,562,276,120,0,0),(563,'Taurus Lance 2','lance',4,'taurus-lance-2','{\"attack\":\"299\"}',563,554,563,299,130,0,0),(564,'Dark Stinger 1','lance',5,'dark-stinger-1','{\"attack\":\"322\"}',564,567,564,322,140,1,1),(565,'Dark Stinger 2','lance',6,'dark-stinger-2','{\"attack\":\"345\"}',565,585,565,345,150,1,1),(566,'Dark Stinger 3','lance',6,'dark-stinger-3','{\"attack\":\"368\"}',566,586,566,368,160,1,1),(567,'Carapace Lance 1','lance',2,'carapace-lance-1','{\"attack\":\"253\",\"defense\":10,\"affinity\":-20}',567,537,567,253,110,0,0),(568,'Carapace Lance 2','lance',3,'carapace-lance-2','{\"attack\":\"276\",\"defense\":10,\"affinity\":-20}',568,545,568,276,120,0,0),(569,'Carapace Lance 3','lance',4,'carapace-lance-3','{\"attack\":\"345\",\"defense\":10,\"affinity\":-20}',569,555,569,345,150,0,0),(570,'Barroth Stinger 1','lance',5,'barroth-stinger-1','{\"attack\":\"391\",\"defense\":15,\"affinity\":-20}',570,568,570,391,170,1,1),(571,'Barroth Stinger 2','lance',6,'barroth-stinger-2','{\"attack\":\"437\",\"defense\":15,\"affinity\":-20}',571,587,571,437,190,1,2),(572,'Barroth Stinger 3','lance',6,'barroth-stinger-3','{\"attack\":\"460\",\"defense\":15,\"affinity\":-20}',572,588,572,460,200,1,2),(573,'Garon Lance 1','lance',4,'garon-lance-1','{\"attack\":\"299\",\"affinity\":15}',573,556,573,299,130,0,0),(574,'Garon Lance 2','lance',5,'garon-lance-2','{\"attack\":\"322\"}',574,569,574,322,140,0,0),(575,'Garon Dhara 1','lance',6,'garon-dhara-1','{\"attack\":\"345\",\"affinity\":30}',575,589,575,345,150,0,0),(576,'Garon Dhara 2','lance',7,'garon-dhara-2','{\"attack\":\"391\",\"affinity\":30}',576,602,576,391,170,0,0),(577,'Aqua Horn 1','lance',2,'aqua-horn-1','{\"attack\":\"253\"}',577,538,577,253,110,0,0),(578,'Aqua Horn 2','lance',2,'aqua-horn-2','{\"attack\":\"276\"}',578,539,578,276,120,0,0),(579,'Aqua Horn 3','lance',4,'aqua-horn-3','{\"attack\":\"322\"}',579,557,579,322,140,0,0),(580,'Water Spike 1','lance',5,'water-spike-1','{\"attack\":\"345\"}',580,570,580,345,150,1,1),(581,'Water Spike 2','lance',6,'water-spike-2','{\"attack\":\"391\"}',581,590,581,391,170,1,1),(582,'Water Spike 3','lance',6,'water-spike-3','{\"attack\":\"437\"}',582,591,582,437,190,1,1),(583,'Dragonbone Lance 1','lance',3,'dragonbone-lance-1','{\"attack\":\"230\"}',583,546,583,230,100,0,0),(584,'Dragonbone Lance 2','lance',4,'dragonbone-lance-2','{\"attack\":\"253\"}',584,558,584,253,110,0,0),(585,'Dragonbone Lance 3','lance',6,'dragonbone-lance-3','{\"attack\":\"368\"}',585,592,585,368,160,1,1),(586,'Rookslayer Lance','lance',6,'rookslayer-lance','{\"attack\":\"414\",\"affinity\":-10}',586,593,586,414,180,0,0),(587,'Bazel Myniad Rookslayer','lance',8,'bazel-myniad-rookslayer','{\"attack\":\"460\",\"affinity\":-10}',587,609,587,460,200,0,0),(588,'Thunderpike','lance',4,'thunderpike','{\"attack\":\"253\"}',588,559,588,253,110,0,0),(589,'Thunderspear','lance',7,'thunderspear','{\"attack\":\"345\",\"affinity\":10}',589,603,589,345,150,0,0),(590,'Thunderpiercer','lance',8,'thunderpiercer','{\"attack\":\"368\",\"affinity\":10}',590,610,590,368,160,0,0),(591,'Blacksteel Lance 1','lance',5,'blacksteel-lance-1','{\"attack\":\"230\"}',591,571,591,230,100,0,0),(592,'Blacksteel Lance 2','lance',6,'blacksteel-lance-2','{\"attack\":\"253\"}',592,594,592,253,110,0,0),(593,'Icesteel Spear','lance',7,'icesteel-spear','{\"attack\":\"391\",\"affinity\":10}',593,604,593,391,170,1,1),(594,'Daora\'s Fang','lance',8,'daoras-fang','{\"attack\":\"414\",\"affinity\":10}',594,611,594,414,180,1,1),(595,'Xeno Zauta','lance',8,'xeno-zauta','{\"attack\":\"391\",\"affinity\":15}',595,612,595,391,170,1,2),(596,'Babel Spear','lance',6,'babel-spear','{\"attack\":\"414\",\"defense\":20}',596,595,596,414,180,1,1),(597,'Elder Babel Spear','lance',8,'elder-babel-spear','{\"attack\":\"460\",\"defense\":20}',597,613,597,460,200,1,1),(598,'Iron Gunlance 1','gunlance',1,'iron-gunlance-1','{\"attack\":\"184\",\"shellingType\":\"Normal LV1\"}',598,614,598,184,80,0,0),(599,'Iron Gunlance 2','gunlance',1,'iron-gunlance-2','{\"attack\":\"207\",\"shellingType\":\"Normal LV1\"}',599,615,599,207,90,0,0),(600,'Iron Gunlance 3','gunlance',2,'iron-gunlance-3','{\"attack\":\"230\",\"shellingType\":\"Normal LV1\"}',600,618,600,230,100,0,0),(601,'Steel Gunlance 1','gunlance',3,'steel-gunlance-1','{\"attack\":\"253\",\"shellingType\":\"Normal LV2\"}',601,624,601,253,110,0,0),(602,'Steel Gunlance 2','gunlance',4,'steel-gunlance-2','{\"attack\":\"299\",\"shellingType\":\"Normal LV2\"}',602,634,602,299,130,0,0),(603,'Steel Gunlance 3','gunlance',5,'steel-gunlance-3','{\"attack\":\"322\",\"shellingType\":\"Normal LV2\"}',603,645,603,322,140,0,1),(604,'Chrome Gunlance 1','gunlance',6,'chrome-gunlance-1','{\"attack\":\"368\",\"shellingType\":\"Normal LV3\"}',604,658,604,368,160,1,1),(605,'Chrome Gunlance 2','gunlance',6,'chrome-gunlance-2','{\"attack\":\"414\",\"shellingType\":\"Normal LV3\"}',605,659,605,414,180,1,2),(606,'Nergal Ram','gunlance',7,'nergal-ram','{\"attack\":\"460\",\"shellingType\":\"Wide LV2\"}',606,680,606,460,200,1,1),(607,'Eradication Flame','gunlance',8,'eradication-flame','{\"attack\":\"483\",\"shellingType\":\"Wide LV2\"}',607,690,607,483,210,1,1),(608,'Pulsar Gunlance 1','gunlance',2,'pulsar-gunlance-1','{\"attack\":\"230\",\"affinity\":10,\"shellingType\":\"Long LV1\"}',608,619,608,230,100,0,0),(609,'Pulsar Gunlance 2','gunlance',3,'pulsar-gunlance-2','{\"attack\":\"253\",\"affinity\":10,\"shellingType\":\"Long LV1\"}',609,625,609,253,110,0,0),(610,'Pulsar Gunlance 3','gunlance',4,'pulsar-gunlance-3','{\"attack\":\"299\",\"affinity\":10,\"shellingType\":\"Long LV1\"}',610,635,610,299,130,0,0),(611,'Kadachi Striker','gunlance',5,'kadachi-striker','{\"attack\":\"345\",\"affinity\":20,\"shellingType\":\"Long LV2\"}',611,646,611,345,150,1,1),(612,'Kadachi Striker+','gunlance',6,'kadachi-striker+','{\"attack\":\"391\",\"affinity\":20,\"shellingType\":\"Long LV2\"}',612,660,612,391,170,1,1),(613,'Mythic Kadachi Striker','gunlance',7,'mythic-kadachi-striker','{\"attack\":\"414\",\"affinity\":20,\"shellingType\":\"Long LV3\"}',613,681,613,414,180,1,1),(614,'Rath Gunlance 1','gunlance',4,'rath-gunlance-1','{\"attack\":\"276\",\"affinity\":15,\"shellingType\":\"Long LV1\"}',614,636,614,276,120,0,0),(615,'Rath Gunlance 2','gunlance',5,'rath-gunlance-2','{\"attack\":\"322\",\"affinity\":15,\"shellingType\":\"Long LV1\"}',615,647,615,322,140,1,1),(616,'Red Rook','gunlance',6,'red-rook','{\"attack\":\"345\",\"affinity\":20,\"shellingType\":\"Long LV2\"}',616,661,616,345,150,1,1),(617,'Blue Rook','gunlance',7,'blue-rook','{\"attack\":\"414\",\"affinity\":20,\"shellingType\":\"Long LV2\"}',617,682,617,414,180,1,1),(618,'Blue Chariot','gunlance',8,'blue-chariot','{\"attack\":\"437\",\"affinity\":20,\"shellingType\":\"Long LV3\"}',618,691,618,437,190,1,1),(619,'Princess Panoply','gunlance',3,'princess-panoply','{\"attack\":\"276\",\"affinity\":10,\"shellingType\":\"Normal LV2\"}',619,626,619,276,120,0,0),(620,'Princess Panoply+','gunlance',5,'princess-panoply+','{\"attack\":\"345\",\"affinity\":10,\"shellingType\":\"Normal LV2\"}',620,648,620,345,150,1,1),(621,'Rose Burst','gunlance',6,'rose-burst','{\"attack\":\"391\",\"affinity\":15,\"shellingType\":\"Normal LV3\"}',621,662,621,391,170,1,1),(622,'Royal Burst','gunlance',7,'royal-burst','{\"attack\":\"437\",\"affinity\":15,\"shellingType\":\"Normal LV4\"}',622,683,622,437,190,1,1),(623,'Madness Gunlance 1','gunlance',2,'madness-gunlance-1','{\"attack\":\"253\",\"shellingType\":\"Wide LV1\"}',623,620,623,253,110,0,0),(624,'Madness Gunlance 2','gunlance',3,'madness-gunlance-2','{\"attack\":\"276\",\"shellingType\":\"Wide LV1\"}',624,627,624,276,120,0,0),(625,'Madness Gunlance 3','gunlance',4,'madness-gunlance-3','{\"attack\":\"299\",\"shellingType\":\"Wide LV1\"}',625,637,625,299,130,0,0),(626,'Jyura Buster 1','gunlance',5,'jyura-buster-1','{\"attack\":\"345\",\"shellingType\":\"Wide LV2\"}',626,649,626,345,150,0,0),(627,'Jyura Buster 2','gunlance',6,'jyura-buster-2','{\"attack\":\"368\",\"shellingType\":\"Wide LV2\"}',627,663,627,368,160,0,0),(628,'Jyura Buster 3','gunlance',6,'jyura-buster-3','{\"attack\":\"437\",\"shellingType\":\"Wide LV3\"}',628,664,628,437,190,0,0),(629,'Glacial Gunlance 1','gunlance',4,'glacial-gunlance-1','{\"attack\":\"299\",\"shellingType\":\"Normal LV2\"}',629,638,629,299,130,0,0),(630,'Glacial Gunlance 2','gunlance',5,'glacial-gunlance-2','{\"attack\":\"322\",\"shellingType\":\"Normal LV2\"}',630,650,630,322,140,0,0),(631,'Legiana Cannon 1','gunlance',6,'legiana-cannon-1','{\"attack\":\"345\",\"shellingType\":\"Normal LV3\"}',631,665,631,345,150,0,0),(632,'Legiana Cannon 2','gunlance',7,'legiana-cannon-2','{\"attack\":\"368\",\"shellingType\":\"Normal LV3\"}',632,684,632,368,160,0,0),(633,'Bone Gunlance 1','gunlance',1,'bone-gunlance-1','{\"attack\":\"207\",\"shellingType\":\"Normal LV1\"}',633,616,633,207,90,0,0),(634,'Bone Gunlance 2','gunlance',1,'bone-gunlance-2','{\"attack\":\"230\",\"shellingType\":\"Normal LV1\"}',634,617,634,230,100,0,0),(635,'Bone Gunlance 3','gunlance',2,'bone-gunlance-3','{\"attack\":\"253\",\"shellingType\":\"Normal LV1\"}',635,621,635,253,110,0,0),(636,'Bone Cannon 1','gunlance',3,'bone-cannon-1','{\"attack\":\"276\",\"shellingType\":\"Long LV1\"}',636,628,636,276,120,0,0),(637,'Bone Cannon 2','gunlance',4,'bone-cannon-2','{\"attack\":\"322\",\"shellingType\":\"Long LV1\"}',637,639,637,322,140,0,0),(638,'Bone Cannon 3','gunlance',5,'bone-cannon-3','{\"attack\":\"368\",\"shellingType\":\"Long LV1\"}',638,651,638,368,160,1,1),(639,'Great Bone Gunlance 1','gunlance',6,'great-bone-gunlance-1','{\"attack\":\"391\",\"defense\":10,\"shellingType\":\"Long LV2\"}',639,666,639,391,170,1,1),(640,'Great Bone Gunlance 2','gunlance',6,'great-bone-gunlance-2','{\"attack\":\"437\",\"defense\":10,\"shellingType\":\"Long LV2\"}',640,667,640,437,190,1,1),(641,'Bazel Buster 1','gunlance',6,'bazel-buster-1','{\"attack\":\"437\",\"affinity\":-10,\"shellingType\":\"Wide LV3\"}',641,668,641,437,190,1,1),(642,'Bazel Buster 2','gunlance',7,'bazel-buster-2','{\"attack\":\"460\",\"affinity\":-10,\"shellingType\":\"Wide LV3\"}',642,685,642,460,200,1,1),(643,'Jagras Gunlance 1','gunlance',2,'jagras-gunlance-1','{\"attack\":\"253\",\"shellingType\":\"Normal LV2\"}',643,622,643,253,110,0,0),(644,'Jagras Gunlance 2','gunlance',3,'jagras-gunlance-2','{\"attack\":\"276\",\"shellingType\":\"Normal LV2\"}',644,629,644,276,120,0,0),(645,'Jagras Gunlance 3','gunlance',4,'jagras-gunlance-3','{\"attack\":\"322\",\"shellingType\":\"Normal LV2\"}',645,640,645,322,140,0,0),(646,'Glutton Gunlance 1','gunlance',5,'glutton-gunlance-1','{\"attack\":\"345\",\"shellingType\":\"Normal LV3\"}',646,652,646,345,150,1,2),(647,'Glutton Gunlance 2','gunlance',6,'glutton-gunlance-2','{\"attack\":\"437\",\"shellingType\":\"Normal LV3\"}',647,669,647,437,190,1,2),(648,'Glutton Gunlance 3','gunlance',6,'glutton-gunlance-3','{\"attack\":\"437\",\"shellingType\":\"Normal LV3\"}',648,670,648,437,190,1,2),(649,'Girros Gunlance 1','gunlance',3,'girros-gunlance-1','{\"attack\":\"276\",\"shellingType\":\"Normal LV2\"}',649,630,649,276,120,0,0),(650,'Girros Gunlance 2','gunlance',4,'girros-gunlance-2','{\"attack\":\"299\",\"shellingType\":\"Normal LV2\"}',650,641,650,299,130,0,0),(651,'Deathfang Gunlance 1','gunlance',5,'deathfang-gunlance-1','{\"attack\":\"322\",\"affinity\":10,\"shellingType\":\"Normal LV3\"}',651,653,651,322,140,0,0),(652,'Deathfang Gunlance 2','gunlance',6,'deathfang-gunlance-2','{\"attack\":\"345\",\"affinity\":10,\"shellingType\":\"Normal LV3\"}',652,671,652,345,150,0,0),(653,'Deathfang Gunlance 3','gunlance',6,'deathfang-gunlance-3','{\"attack\":\"368\",\"affinity\":10,\"shellingType\":\"Normal LV3\"}',653,672,653,368,160,0,0),(654,'Hazak Spysa 1','gunlance',7,'hazak-spysa-1','{\"attack\":\"437\",\"shellingType\":\"Long LV3\"}',654,686,654,437,190,1,1),(655,'Hazak Spysa 2','gunlance',7,'hazak-spysa-2','{\"attack\":\"460\",\"shellingType\":\"Long LV3\"}',655,687,655,460,200,1,1),(656,'Carapace Cannon 1','gunlance',2,'carapace-cannon-1','{\"attack\":\"276\",\"defense\":10,\"affinity\":-10,\"shellingType\":\"Wide LV1\"}',656,623,656,276,120,0,0),(657,'Carapace Cannon 2','gunlance',3,'carapace-cannon-2','{\"attack\":\"299\",\"defense\":10,\"affinity\":-10,\"shellingType\":\"Wide LV1\"}',657,631,657,299,130,0,0),(658,'Carapace Cannon 3','gunlance',4,'carapace-cannon-3','{\"attack\":\"345\",\"defense\":10,\"affinity\":-10,\"shellingType\":\"Wide LV1\"}',658,642,658,345,150,0,0),(659,'Barroth Blaster 1','gunlance',5,'barroth-blaster-1','{\"attack\":\"391\",\"defense\":15,\"affinity\":-10,\"shellingType\":\"Wide LV2\"}',659,654,659,391,170,0,0),(660,'Barroth Blaster 2','gunlance',6,'barroth-blaster-2','{\"attack\":\"437\",\"defense\":15,\"affinity\":-10,\"shellingType\":\"Wide LV2\"}',660,673,660,437,190,0,0),(661,'Barroth Blaster 3','gunlance',6,'barroth-blaster-3','{\"attack\":\"460\",\"defense\":15,\"affinity\":-10,\"shellingType\":\"Wide LV3\"}',661,674,661,460,200,0,0),(662,'Blazing Gunlance 1','gunlance',3,'blazing-gunlance-1','{\"attack\":\"299\",\"affinity\":-20,\"shellingType\":\"Long LV1\"}',662,632,662,299,130,0,0),(663,'Blazing Gunlance 2','gunlance',4,'blazing-gunlance-2','{\"attack\":\"322\",\"affinity\":-20,\"shellingType\":\"Long LV1\"}',663,643,663,322,140,0,0),(664,'Anja Cannon 1','gunlance',5,'anja-cannon-1','{\"attack\":\"368\",\"affinity\":-20,\"shellingType\":\"Long LV2\"}',664,655,664,368,160,0,0),(665,'Anja Cannon 2','gunlance',6,'anja-cannon-2','{\"attack\":\"414\",\"affinity\":-20,\"shellingType\":\"Long LV2\"}',665,675,665,414,180,0,0),(666,'Anja Cannon 3','gunlance',6,'anja-cannon-3','{\"attack\":\"483\",\"affinity\":-20,\"shellingType\":\"Long LV3\"}',666,676,666,483,210,0,0),(667,'Dragonbone Gunlance 1','gunlance',3,'dragonbone-gunlance-1','{\"attack\":\"230\",\"shellingType\":\"Normal LV2\"}',667,633,667,230,100,0,0),(668,'Dragonbone Gunlance 2','gunlance',4,'dragonbone-gunlance-2','{\"attack\":\"253\",\"shellingType\":\"Normal LV2\"}',668,644,668,253,110,0,0),(669,'Dragonbone Gunlance 3','gunlance',6,'dragonbone-gunlance-3','{\"attack\":\"368\",\"shellingType\":\"Normal LV3\"}',669,677,669,368,160,1,2),(670,'Magda Lahat','gunlance',5,'magda-lahat','{\"attack\":\"368\",\"defense\":20,\"affinity\":-10,\"shellingType\":\"Long LV3\"}',670,656,670,368,160,0,0),(671,'Earthshaker Magda Lahat','gunlance',8,'earthshaker-magda-lahat','{\"attack\":\"460\",\"defense\":20,\"affinity\":-10,\"shellingType\":\"Long LV4\"}',671,692,671,460,200,0,0),(672,'Blacksteel Gunlance 1','gunlance',5,'blacksteel-gunlance-1','{\"attack\":\"230\",\"shellingType\":\"Normal LV2\"}',672,657,672,230,100,0,0),(673,'Blacksteel Gunlance 2','gunlance',6,'blacksteel-gunlance-2','{\"attack\":\"253\",\"shellingType\":\"Normal LV2\"}',673,678,673,253,110,0,0),(674,'Icesteel Gunlance','gunlance',7,'icesteel-gunlance','{\"attack\":\"391\",\"affinity\":10,\"shellingType\":\"Long LV3\"}',674,688,674,391,170,1,1),(675,'Daora\'s Brigia','gunlance',8,'daoras-brigia','{\"attack\":\"414\",\"affinity\":10,\"shellingType\":\"Long LV3\"}',675,693,675,414,180,1,1),(676,'Xeno Hemta','gunlance',8,'xeno-hemta','{\"attack\":\"391\",\"affinity\":15,\"shellingType\":\"Long LV3\"}',676,694,676,391,170,1,2),(677,'Proto Iron Axe 1','switch-axe',1,'proto-iron-axe-1','{\"attack\":\"280\",\"phialType\":\"Power Phial\"}',677,695,677,280,80,0,0),(678,'Proto Iron Axe 2','switch-axe',1,'proto-iron-axe-2','{\"attack\":\"315\",\"phialType\":\"Power Phial\"}',678,696,678,315,90,0,0),(679,'Proto Iron Axe 3','switch-axe',2,'proto-iron-axe-3','{\"attack\":\"350\",\"phialType\":\"Power Phial\"}',679,699,679,350,100,0,0),(680,'Improved Steel Axe 1','switch-axe',3,'improved-steel-axe-1','{\"attack\":\"385\",\"phialType\":\"Poison Phial 300\"}',680,704,680,385,110,0,0),(681,'Improved Steel Axe 2','switch-axe',4,'improved-steel-axe-2','{\"attack\":\"455\",\"phialType\":\"Poison Phial 300\"}',681,713,681,455,130,0,0),(682,'Improved Steel Axe 3','switch-axe',5,'improved-steel-axe-3','{\"attack\":\"490\",\"phialType\":\"Poison Phial 300\"}',682,725,682,490,140,1,1),(683,'Perfected Alloy Axe 1','switch-axe',6,'perfected-alloy-axe-1','{\"attack\":\"560\",\"phialType\":\"Poison Phial 420\"}',683,737,683,560,160,1,1),(684,'Perfected Alloy Axe 2','switch-axe',6,'perfected-alloy-axe-2','{\"attack\":\"630\",\"phialType\":\"Poison Phial 420\"}',684,738,684,630,180,1,2),(685,'Nergal Gash','switch-axe',7,'nergal-gash','{\"attack\":\"665\",\"phialType\":\"Power Phial\"}',685,757,685,665,190,1,1),(686,'Dying Light','switch-axe',8,'dying-light','{\"attack\":\"700\",\"phialType\":\"Power Phial\"}',686,771,686,700,200,1,1),(687,'Glacial Axe 1','switch-axe',4,'glacial-axe-1','{\"attack\":\"455\",\"phialType\":\"Power Element Phial\"}',687,714,687,455,130,0,0),(688,'Glacial Axe 2','switch-axe',5,'glacial-axe-2','{\"attack\":\"490\",\"phialType\":\"Power Element Phial\"}',688,726,688,490,140,0,0),(689,'Frostreaver','switch-axe',6,'frostreaver','{\"attack\":\"525\",\"phialType\":\"Power Element Phial\"}',689,739,689,525,150,0,0),(690,'Legia Frostreaver','switch-axe',7,'legia-frostreaver','{\"attack\":\"560\",\"phialType\":\"Power Element Phial\"}',690,758,690,560,160,0,0),(691,'Thunder Axe 1','switch-axe',3,'thunder-axe-1','{\"attack\":\"420\",\"phialType\":\"Power Phial\"}',691,705,691,420,120,0,0),(692,'Thunder Axe 2','switch-axe',4,'thunder-axe-2','{\"attack\":\"490\",\"phialType\":\"Power Phial\"}',692,715,692,490,140,0,0),(693,'Lightning Chopper 1','switch-axe',5,'lightning-chopper-1','{\"attack\":\"560\",\"phialType\":\"Power Phial\"}',693,727,693,560,160,1,1),(694,'Lightning Chopper 2','switch-axe',6,'lightning-chopper-2','{\"attack\":\"595\",\"phialType\":\"Power Phial\"}',694,740,694,595,170,1,1),(695,'Lightning Chopper 3','switch-axe',6,'lightning-chopper-3','{\"attack\":\"630\",\"phialType\":\"Power Phial\"}',695,741,695,630,180,1,1),(696,'Motor Chopper 1','switch-axe',6,'motor-chopper-1','{\"attack\":\"630\",\"defense\":30,\"phialType\":\"Power Phial\"}',696,742,696,630,180,1,1),(697,'Motor Chopper 2','switch-axe',7,'motor-chopper-2','{\"attack\":\"735\",\"defense\":30,\"phialType\":\"Power Phial\"}',697,759,697,735,210,1,1),(698,'Jagras Axe 1','switch-axe',2,'jagras-axe-1','{\"attack\":\"385\",\"phialType\":\"Exhaust Phial 120\"}',698,700,698,385,110,0,0),(699,'Jagras Axe 2','switch-axe',3,'jagras-axe-2','{\"attack\":\"420\",\"phialType\":\"Exhaust Phial 120\"}',699,706,699,420,120,0,0),(700,'Jagras Axe 3','switch-axe',4,'jagras-axe-3','{\"attack\":\"490\",\"phialType\":\"Exhaust Phial 150\"}',700,716,700,490,140,0,0),(701,'Jagras Raider 1','switch-axe',5,'jagras-raider-1','{\"attack\":\"560\",\"phialType\":\"Exhaust Phial 180\"}',701,728,701,560,160,1,1),(702,'Jagras Raider 2','switch-axe',6,'jagras-raider-2','{\"attack\":\"630\",\"phialType\":\"Exhaust Phial 180\"}',702,743,702,630,180,1,2),(703,'Jagras Raider 3','switch-axe',6,'jagras-raider-3','{\"attack\":\"665\",\"phialType\":\"Exhaust Phial 210\"}',703,744,703,665,190,1,2),(704,'Bazel Raider 1','switch-axe',6,'bazel-raider-1','{\"attack\":\"665\",\"affinity\":-15,\"phialType\":\"Power Phial\"}',704,745,704,665,190,1,1),(705,'Bazel Raider 2','switch-axe',7,'bazel-raider-2','{\"attack\":\"700\",\"affinity\":-15,\"phialType\":\"Power Phial\"}',705,760,705,700,200,1,1),(706,'Rathalos Axe 1','switch-axe',4,'rathalos-axe-1','{\"attack\":\"455\",\"affinity\":10,\"phialType\":\"Power Phial\"}',706,717,706,455,130,0,0),(707,'Rathalos Axe 2','switch-axe',4,'rathalos-axe-2','{\"attack\":\"490\",\"affinity\":10,\"phialType\":\"Power Phial\"}',707,718,707,490,140,1,1),(708,'Rathbringer Axe 1','switch-axe',6,'rathbringer-axe-1','{\"attack\":\"560\",\"affinity\":15,\"phialType\":\"Power Phial\"}',708,746,708,560,160,1,1),(709,'Rathbringer Axe 2','switch-axe',7,'rathbringer-axe-2','{\"attack\":\"665\",\"affinity\":15,\"phialType\":\"Power Phial\"}',709,761,709,665,190,1,1),(710,'Bone Axe 1','switch-axe',1,'bone-axe-1','{\"attack\":\"315\",\"phialType\":\"Power Phial\"}',710,697,710,315,90,0,0),(711,'Bone Axe 2','switch-axe',1,'bone-axe-2','{\"attack\":\"350\",\"phialType\":\"Power Phial\"}',711,698,711,350,100,0,0),(712,'Bone Axe 3','switch-axe',2,'bone-axe-3','{\"attack\":\"385\",\"phialType\":\"Power Phial\"}',712,701,712,385,110,0,0),(713,'Bone Smasher 1','switch-axe',3,'bone-smasher-1','{\"attack\":\"490\",\"phialType\":\"Power Phial\"}',713,707,713,490,140,0,0),(714,'Bone Smasher 2','switch-axe',4,'bone-smasher-2','{\"attack\":\"525\",\"phialType\":\"Power Phial\"}',714,719,714,525,150,0,0),(715,'Bone Smasher 3','switch-axe',5,'bone-smasher-3','{\"attack\":\"560\",\"phialType\":\"Power Phial\"}',715,729,715,560,160,0,1),(716,'Power Smasher 1','switch-axe',6,'power-smasher-1','{\"attack\":\"595\",\"defense\":10,\"phialType\":\"Dragon Phial 300\"}',716,747,716,595,170,0,1),(717,'Power Smasher 2','switch-axe',6,'power-smasher-2','{\"attack\":\"665\",\"defense\":10,\"affinity\":10,\"phialType\":\"Dragon Phial 420\"}',717,748,717,665,190,0,0),(718,'Hazak Demios 1','switch-axe',7,'hazak-demios-1','{\"attack\":\"665\",\"phialType\":\"Power Element Phial\"}',718,762,718,665,190,1,1),(719,'Hazak Demios 2','switch-axe',7,'hazak-demios-2','{\"attack\":\"700\",\"phialType\":\"Power Element Phial\"}',719,763,719,700,200,1,1),(720,'Madness Axe 1','switch-axe',2,'madness-axe-1','{\"attack\":\"385\",\"phialType\":\"Power Element Phial\"}',720,702,720,385,110,0,0),(721,'Madness Axe 2','switch-axe',3,'madness-axe-2','{\"attack\":\"420\",\"phialType\":\"Power Element Phial\"}',721,708,721,420,120,0,0),(722,'Madness Axe 3','switch-axe',4,'madness-axe-3','{\"attack\":\"490\",\"phialType\":\"Power Element Phial\"}',722,720,722,490,140,0,0),(723,'Jyura Drought 1','switch-axe',5,'jyura-drought-1','{\"attack\":\"560\",\"phialType\":\"Power Element Phial\"}',723,730,723,560,160,1,1),(724,'Jyura Drought 2','switch-axe',6,'jyura-drought-2','{\"attack\":\"630\",\"phialType\":\"Power Element Phial\"}',724,749,724,630,180,1,1),(725,'Jyura Drought 3','switch-axe',7,'jyura-drought-3','{\"attack\":\"665\",\"phialType\":\"Power Element Phial\"}',725,764,725,665,190,1,1),(726,'Lumu Axe 1','switch-axe',3,'lumu-axe-1','{\"attack\":\"420\",\"affinity\":10,\"phialType\":\"Power Phial\"}',726,709,726,420,120,0,0),(727,'Lumu Axe 2','switch-axe',4,'lumu-axe-2','{\"attack\":\"490\",\"affinity\":10,\"phialType\":\"Power Phial\"}',727,721,727,490,140,0,0),(728,'Lumu Smasher 1','switch-axe',5,'lumu-smasher-1','{\"attack\":\"525\",\"affinity\":20,\"phialType\":\"Power Phial\"}',728,731,728,525,150,1,1),(729,'Lumu Smasher 2','switch-axe',6,'lumu-smasher-2','{\"attack\":\"560\",\"affinity\":20,\"phialType\":\"Power Phial\"}',729,750,729,560,160,1,1),(730,'Lumu Smasher 3','switch-axe',7,'lumu-smasher-3','{\"attack\":\"595\",\"affinity\":20,\"phialType\":\"Power Phial\"}',730,765,730,595,170,1,1),(731,'Carapace Axe 1','switch-axe',2,'carapace-axe-1','{\"attack\":\"420\",\"defense\":10,\"affinity\":-20,\"phialType\":\"Para Phial 180\"}',731,703,731,420,120,0,0),(732,'Carapace Axe 2','switch-axe',3,'carapace-axe-2','{\"attack\":\"490\",\"defense\":10,\"affinity\":-20,\"phialType\":\"Para Phial 180\"}',732,710,732,490,140,0,0),(733,'Carapace Axe 3','switch-axe',5,'carapace-axe-3','{\"attack\":\"560\",\"defense\":10,\"affinity\":-20,\"phialType\":\"Para Phial 180\"}',733,732,733,560,160,0,0),(734,'Barroth Grinder 1','switch-axe',5,'barroth-grinder-1','{\"attack\":\"595\",\"defense\":15,\"affinity\":-20,\"phialType\":\"Para Phial 210\"}',734,733,734,595,170,1,1),(735,'Barroth Grinder 2','switch-axe',6,'barroth-grinder-2','{\"attack\":\"665\",\"defense\":15,\"affinity\":-20,\"phialType\":\"Para Phial 240\"}',735,751,735,665,190,1,2),(736,'Barroth Grinder 3','switch-axe',6,'barroth-grinder-3','{\"attack\":\"735\",\"defense\":15,\"affinity\":-20,\"phialType\":\"Para Phial 270\"}',736,752,736,735,210,1,2),(737,'Diablos Axe 1','switch-axe',4,'diablos-axe-1','{\"attack\":\"595\",\"defense\":10,\"affinity\":-30,\"phialType\":\"Power Phial\"}',737,722,737,595,170,0,0),(738,'Diablos Axe 2','switch-axe',5,'diablos-axe-2','{\"attack\":\"630\",\"defense\":10,\"affinity\":-30,\"phialType\":\"Power Phial\"}',738,734,738,630,180,1,1),(739,'Axe Semper Tyrannis','switch-axe',6,'axe-semper-tyrannis','{\"attack\":\"735\",\"defense\":15,\"affinity\":-30,\"phialType\":\"Power Phial\"}',739,753,739,735,210,1,1),(740,'Axe of Thanatos','switch-axe',7,'axe-of-thanatos','{\"attack\":\"770\",\"defense\":15,\"affinity\":-30,\"phialType\":\"Power Phial\"}',740,766,740,770,220,1,1),(741,'Axe of Demons','switch-axe',8,'axe-of-demons','{\"attack\":\"805\",\"defense\":15,\"affinity\":-30,\"phialType\":\"Power Phial\"}',741,772,741,805,230,1,1),(742,'Flammenbeil','switch-axe',3,'flammenbeil','{\"attack\":\"455\",\"affinity\":-20,\"phialType\":\"Power Element Phial\"}',742,711,742,455,130,0,0),(743,'Flammenbeil+','switch-axe',5,'flammenbeil+','{\"attack\":\"560\",\"affinity\":-20,\"phialType\":\"Power Element Phial\"}',743,735,743,560,160,0,0),(744,'Gnashing Flammenbeil','switch-axe',7,'gnashing-flammenbeil','{\"attack\":\"735\",\"affinity\":-20,\"phialType\":\"Power Element Phial\"}',744,767,744,735,210,0,0),(745,'Dragonbone Slicer 1','switch-axe',3,'dragonbone-slicer-1','{\"attack\":\"350\",\"phialType\":\"Power Element Phial\"}',745,712,745,350,100,0,0),(746,'Dragonbone Slicer 2','switch-axe',4,'dragonbone-slicer-2','{\"attack\":\"385\",\"phialType\":\"Power Element Phial\"}',746,723,746,385,110,0,0),(747,'Dragonbone Slicer 3','switch-axe',6,'dragonbone-slicer-3','{\"attack\":\"560\",\"phialType\":\"Power Element Phial\"}',747,754,747,560,160,1,2),(748,'Peal','switch-axe',4,'peal','{\"attack\":\"385\",\"phialType\":\"Power Element Phial\"}',748,724,748,385,110,0,0),(749,'Peal+','switch-axe',7,'peal+','{\"attack\":\"490\",\"phialType\":\"Power Element Phial\"}',749,768,749,490,140,0,0),(750,'Kirin Thunderpeal','switch-axe',8,'kirin-thunderpeal','{\"attack\":\"560\",\"phialType\":\"Power Element Phial\"}',750,773,750,560,160,0,0),(751,'Blacksteel Switch Axe 1','switch-axe',5,'blacksteel-switch-axe-1','{\"attack\":\"350\",\"affinity\":15,\"phialType\":\"Power Phial\"}',751,736,751,350,100,0,0),(752,'Blacksteel Switch Axe 2','switch-axe',6,'blacksteel-switch-axe-2','{\"attack\":\"385\",\"affinity\":15,\"phialType\":\"Power Phial\"}',752,755,752,385,110,0,0),(753,'Teostra\'s Arx','switch-axe',7,'teostras-arx','{\"attack\":\"630\",\"phialType\":\"Power Phial\"}',753,769,753,630,180,0,0),(754,'Teostra\'s Castle','switch-axe',8,'teostras-castle','{\"attack\":\"665\",\"phialType\":\"Power Phial\"}',754,774,754,665,190,0,0),(755,'Xeno Martshu','switch-axe',8,'xeno-martshu','{\"attack\":\"595\",\"phialType\":\"Power Phial\"}',755,775,755,595,170,1,2),(756,'Proto Commission Axe 1','charge-blade',1,'proto-commission-axe-1','{\"attack\":\"288\",\"phialType\":\"Impact Phial\"}',756,776,756,288,80,0,0),(757,'Proto Commission Axe 2','charge-blade',1,'proto-commission-axe-2','{\"attack\":\"324\",\"phialType\":\"Impact Phial\"}',757,777,757,324,90,0,0),(758,'Proto Commission Axe 3','charge-blade',2,'proto-commission-axe-3','{\"attack\":\"360\",\"phialType\":\"Impact Phial\"}',758,780,758,360,100,0,0),(759,'Elite Commission Axe 1','charge-blade',3,'elite-commission-axe-1','{\"attack\":\"396\",\"phialType\":\"Impact Phial\"}',759,784,759,396,110,0,0),(760,'Elite Commission Axe 2','charge-blade',4,'elite-commission-axe-2','{\"attack\":\"468\",\"phialType\":\"Impact Phial\"}',760,793,760,468,130,0,0),(761,'Elite Commission Axe 3','charge-blade',5,'elite-commission-axe-3','{\"attack\":\"504\",\"phialType\":\"Impact Phial\"}',761,803,761,504,140,1,1),(762,'Chrome Guardian 1','charge-blade',6,'chrome-guardian-1','{\"attack\":\"576\",\"phialType\":\"Impact Phial\"}',762,817,762,576,160,1,1),(763,'Chrome Guardian 2','charge-blade',6,'chrome-guardian-2','{\"attack\":\"648\",\"phialType\":\"Impact Phial\"}',763,818,763,648,180,1,2),(764,'Nergal Lacerator','charge-blade',7,'nergal-lacerator','{\"attack\":\"720\",\"phialType\":\"Impact Phial\"}',764,839,764,720,200,1,1),(765,'Devastation\'s Thorns','charge-blade',8,'devastations-thorns','{\"attack\":\"756\",\"phialType\":\"Impact Phial\"}',765,848,765,756,210,1,1),(766,'Rathsblade 1','charge-blade',4,'rathsblade-1','{\"attack\":\"432\",\"affinity\":10,\"phialType\":\"Power Element Phial\"}',766,794,766,432,120,0,0),(767,'Rathsblade 2','charge-blade',5,'rathsblade-2','{\"attack\":\"576\",\"affinity\":10,\"phialType\":\"Power Element Phial\"}',767,804,767,576,160,1,1),(768,'Axelion Blade','charge-blade',6,'axelion-blade','{\"attack\":\"612\",\"affinity\":20,\"phialType\":\"Power Element Phial\"}',768,819,768,612,170,1,1),(769,'Halberion Blade','charge-blade',7,'halberion-blade','{\"attack\":\"684\",\"affinity\":20,\"phialType\":\"Power Element Phial\"}',769,840,769,684,190,1,1),(770,'Mudslide Blade 1','charge-blade',3,'mudslide-blade-1','{\"attack\":\"396\",\"phialType\":\"Power Element Phial\"}',770,785,770,396,110,0,0),(771,'Mudslide Blade 2','charge-blade',3,'mudslide-blade-2','{\"attack\":\"432\",\"phialType\":\"Power Element Phial\"}',771,786,771,432,120,0,0),(772,'Mudslide Blade 3','charge-blade',5,'mudslide-blade-3','{\"attack\":\"504\",\"phialType\":\"Power Element Phial\"}',772,805,772,504,140,0,0),(773,'Jyura Depth 1','charge-blade',5,'jyura-depth-1','{\"attack\":\"576\",\"phialType\":\"Power Element Phial\"}',773,806,773,576,160,1,1),(774,'Jyura Depth 2','charge-blade',6,'jyura-depth-2','{\"attack\":\"648\",\"phialType\":\"Power Element Phial\"}',774,820,774,648,180,1,1),(775,'Jyura Depth 3','charge-blade',6,'jyura-depth-3','{\"attack\":\"684\",\"phialType\":\"Power Element Phial\"}',775,821,775,684,190,1,1),(776,'Everfrost Blade 1','charge-blade',4,'everfrost-blade-1','{\"attack\":\"504\",\"phialType\":\"Power Element Phial\"}',776,795,776,504,140,0,0),(777,'Everfrost Blade 2','charge-blade',5,'everfrost-blade-2','{\"attack\":\"540\",\"phialType\":\"Power Element Phial\"}',777,807,777,540,150,1,2),(778,'Gigafrost 1','charge-blade',6,'gigafrost-1','{\"attack\":\"576\",\"phialType\":\"Power Element Phial\"}',778,822,778,576,160,1,2),(779,'Gigafrost 2','charge-blade',6,'gigafrost-2','{\"attack\":\"612\",\"phialType\":\"Power Element Phial\"}',779,823,779,612,170,1,2),(780,'Dear Lutemis','charge-blade',3,'dear-lutemis','{\"attack\":\"468\",\"phialType\":\"Impact Phial\"}',780,787,780,468,130,0,0),(781,'Dear Lutemia','charge-blade',5,'dear-lutemia','{\"attack\":\"540\",\"phialType\":\"Impact Phial\"}',781,808,781,540,150,1,2),(782,'Dear Hecatel','charge-blade',6,'dear-hecatel','{\"attack\":\"612\",\"phialType\":\"Impact Phial\"}',782,824,782,612,170,1,2),(783,'Dear Hecatelia','charge-blade',7,'dear-hecatelia','{\"attack\":\"684\",\"phialType\":\"Impact Phial\"}',783,841,783,684,190,1,2),(784,'Bone Strongarm 1','charge-blade',1,'bone-strongarm-1','{\"attack\":\"324\",\"phialType\":\"Impact Phial\"}',784,778,784,324,90,0,0),(785,'Bone Strongarm 2','charge-blade',1,'bone-strongarm-2','{\"attack\":\"360\",\"phialType\":\"Impact Phial\"}',785,779,785,360,100,0,0),(786,'Bone Strongarm 3','charge-blade',2,'bone-strongarm-3','{\"attack\":\"396\",\"phialType\":\"Impact Phial\"}',786,781,786,396,110,0,0),(787,'Hard Bone Strongarm 1','charge-blade',3,'hard-bone-strongarm-1','{\"attack\":\"432\",\"phialType\":\"Impact Phial\"}',787,788,787,432,120,0,0),(788,'Hard Bone Strongarm 2','charge-blade',4,'hard-bone-strongarm-2','{\"attack\":\"504\",\"phialType\":\"Impact Phial\"}',788,796,788,504,140,0,0),(789,'Hard Bone Strongarm 3','charge-blade',5,'hard-bone-strongarm-3','{\"attack\":\"576\",\"phialType\":\"Impact Phial\"}',789,809,789,576,160,0,0),(790,'Mighty Strongarm 1','charge-blade',6,'mighty-strongarm-1','{\"attack\":\"612\",\"defense\":10,\"phialType\":\"Impact Phial\"}',790,825,790,612,170,1,1),(791,'Mighty Strongarm 2','charge-blade',6,'mighty-strongarm-2','{\"attack\":\"684\",\"defense\":10,\"phialType\":\"Impact Phial\"}',791,826,791,684,190,1,1),(792,'Diablos Wall 1','charge-blade',4,'diablos-wall-1','{\"attack\":\"612\",\"defense\":10,\"affinity\":-30,\"phialType\":\"Impact Phial\"}',792,797,792,612,170,0,0),(793,'Diablos Wall 2','charge-blade',5,'diablos-wall-2','{\"attack\":\"684\",\"defense\":10,\"affinity\":-30,\"phialType\":\"Impact Phial\"}',793,810,793,684,190,0,0),(794,'Diablos Tyrannis 1','charge-blade',6,'diablos-tyrannis-1','{\"attack\":\"756\",\"defense\":15,\"affinity\":-30,\"phialType\":\"Impact Phial\"}',794,827,794,756,210,0,0),(795,'Diablos Tyrannis 2','charge-blade',7,'diablos-tyrannis-2','{\"attack\":\"828\",\"defense\":15,\"affinity\":-30,\"phialType\":\"Impact Phial\"}',795,842,795,828,230,0,0),(796,'Jagras Strongarm 1','charge-blade',2,'jagras-strongarm-1','{\"attack\":\"396\",\"phialType\":\"Impact Phial\"}',796,782,796,396,110,0,0),(797,'Jagras Strongarm 2','charge-blade',3,'jagras-strongarm-2','{\"attack\":\"432\",\"phialType\":\"Impact Phial\"}',797,789,797,432,120,0,0),(798,'Jagras Strongarm 3','charge-blade',4,'jagras-strongarm-3','{\"attack\":\"468\",\"phialType\":\"Impact Phial\"}',798,798,798,468,130,0,0),(799,'Jagras Escudo 1','charge-blade',5,'jagras-escudo-1','{\"attack\":\"540\",\"phialType\":\"Impact Phial\"}',799,811,799,540,150,1,2),(800,'Jagras Escudo 2','charge-blade',6,'jagras-escudo-2','{\"attack\":\"648\",\"phialType\":\"Impact Phial\"}',800,828,800,648,180,1,2),(801,'Jagras Escudo 3','charge-blade',6,'jagras-escudo-3','{\"attack\":\"684\",\"phialType\":\"Impact Phial\"}',801,829,801,684,190,1,2),(802,'Gama Silt 1','charge-blade',6,'gama-silt-1','{\"attack\":\"576\",\"phialType\":\"Impact Phial\"}',802,830,802,576,160,1,2),(803,'Gama Silt 2','charge-blade',7,'gama-silt-2','{\"attack\":\"612\",\"phialType\":\"Impact Phial\"}',803,843,803,612,170,1,2),(804,'Girros Strongarm 1','charge-blade',3,'girros-strongarm-1','{\"attack\":\"432\",\"affinity\":15,\"phialType\":\"Impact Phial\"}',804,790,804,432,120,0,0),(805,'Girros Strongarm 2','charge-blade',4,'girros-strongarm-2','{\"attack\":\"468\",\"affinity\":15,\"phialType\":\"Impact Phial\"}',805,799,805,468,130,0,0),(806,'Girros Nadja 1','charge-blade',5,'girros-nadja-1','{\"attack\":\"504\",\"affinity\":20,\"phialType\":\"Impact Phial\"}',806,812,806,504,140,0,0),(807,'Girros Nadja 2','charge-blade',6,'girros-nadja-2','{\"attack\":\"540\",\"affinity\":20,\"phialType\":\"Impact Phial\"}',807,831,807,540,150,0,0),(808,'Girros Nadja 3','charge-blade',6,'girros-nadja-3','{\"attack\":\"576\",\"affinity\":20,\"phialType\":\"Impact Phial\"}',808,832,808,576,160,0,0),(809,'Hazak Aspida 1','charge-blade',7,'hazak-aspida-1','{\"attack\":\"648\",\"phialType\":\"Power Element Phial\"}',809,844,809,648,180,1,1),(810,'Hazak Aspida 2','charge-blade',7,'hazak-aspida-2','{\"attack\":\"684\",\"phialType\":\"Power Element Phial\"}',810,845,810,684,190,1,1),(811,'Pulsar Strongarm 1','charge-blade',2,'pulsar-strongarm-1','{\"attack\":\"396\",\"affinity\":10,\"phialType\":\"Power Element Phial\"}',811,783,811,396,110,0,0),(812,'Pulsar Strongarm 2','charge-blade',3,'pulsar-strongarm-2','{\"attack\":\"432\",\"affinity\":10,\"phialType\":\"Power Element Phial\"}',812,791,812,432,120,0,0),(813,'Pulsar Strongarm 3','charge-blade',4,'pulsar-strongarm-3','{\"attack\":\"468\",\"affinity\":10,\"phialType\":\"Power Element Phial\"}',813,800,813,468,130,0,0),(814,'Kadachi Kaina 1','charge-blade',5,'kadachi-kaina-1','{\"attack\":\"504\",\"affinity\":15,\"phialType\":\"Power Element Phial\"}',814,813,814,504,140,1,1),(815,'Kadachi Kaina 2','charge-blade',6,'kadachi-kaina-2','{\"attack\":\"576\",\"affinity\":15,\"phialType\":\"Power Element Phial\"}',815,833,815,576,160,1,1),(816,'Kadachi Kaina 3','charge-blade',6,'kadachi-kaina-3','{\"attack\":\"648\",\"affinity\":15,\"phialType\":\"Power Element Phial\"}',816,834,816,648,180,1,1),(817,'Garon Strongarm 1','charge-blade',4,'garon-strongarm-1','{\"attack\":\"468\",\"affinity\":20,\"phialType\":\"Impact Phial\"}',817,801,817,468,130,0,0),(818,'Garon Strongarm 2','charge-blade',5,'garon-strongarm-2','{\"attack\":\"504\",\"affinity\":20,\"phialType\":\"Impact Phial\"}',818,814,818,504,140,0,0),(819,'Hate\'s Undying Flame','charge-blade',6,'hates-undying-flame','{\"attack\":\"540\",\"affinity\":25,\"phialType\":\"Impact Phial\"}',819,835,819,540,150,0,0),(820,'Odium','charge-blade',8,'odium','{\"attack\":\"576\",\"affinity\":25,\"phialType\":\"Impact Phial\"}',820,849,820,576,160,0,0),(821,'Dragonbone Cutter 1','charge-blade',3,'dragonbone-cutter-1','{\"attack\":\"360\",\"phialType\":\"Impact Phial\"}',821,792,821,360,100,0,0),(822,'Dragonbone Cutter 2','charge-blade',4,'dragonbone-cutter-2','{\"attack\":\"396\",\"phialType\":\"Impact Phial\"}',822,802,822,396,110,0,0),(823,'Dragonbone Cutter 3','charge-blade',6,'dragonbone-cutter-3','{\"attack\":\"576\",\"phialType\":\"Impact Phial\"}',823,836,823,576,160,1,2),(824,'Magda Manus','charge-blade',5,'magda-manus','{\"attack\":\"576\",\"defense\":20,\"affinity\":-10,\"phialType\":\"Impact Phial\"}',824,815,824,576,160,0,0),(825,'Avenging Magda Manus','charge-blade',8,'avenging-magda-manus','{\"attack\":\"756\",\"defense\":20,\"affinity\":-10,\"phialType\":\"Impact Phial\"}',825,850,825,756,210,0,0),(826,'Blacksteel Charger 1','charge-blade',5,'blacksteel-charger-1','{\"attack\":\"360\",\"phialType\":\"Impact Phial\"}',826,816,826,360,100,0,0),(827,'Blacksteel Charger 2','charge-blade',6,'blacksteel-charger-2','{\"attack\":\"396\",\"phialType\":\"Impact Phial\"}',827,837,827,396,110,0,0),(828,'Daora\'s Casca','charge-blade',7,'daoras-casca','{\"attack\":\"612\",\"affinity\":10,\"phialType\":\"Impact Phial\"}',828,846,828,612,170,1,1),(829,'Daora\'s Thwartoise','charge-blade',8,'daoras-thwartoise','{\"attack\":\"648\",\"affinity\":15,\"phialType\":\"Impact Phial\"}',829,851,829,648,180,1,2),(830,'Xeno Ra\'atz','charge-blade',8,'xeno-raatz','{\"attack\":\"648\",\"affinity\":15,\"phialType\":\"Impact Phial\"}',830,852,830,648,180,1,2),(831,'Iron Blade 1','insect-glaive',1,'iron-blade-1','{\"attack\":\"248\",\"boostType\":\"Sever Boost\"}',831,853,831,248,80,0,0),(832,'Iron Blade 2','insect-glaive',1,'iron-blade-2','{\"attack\":\"279\",\"boostType\":\"Sever Boost\"}',832,854,832,279,90,0,0),(833,'Iron Blade 3','insect-glaive',2,'iron-blade-3','{\"attack\":\"310\",\"boostType\":\"Sever Boost\"}',833,857,833,310,100,0,0),(834,'Steel Blade 1','insect-glaive',3,'steel-blade-1','{\"attack\":\"341\",\"boostType\":\"Sever Boost\"}',834,863,834,341,110,0,0),(835,'Steel Blade 2','insect-glaive',4,'steel-blade-2','{\"attack\":\"403\",\"boostType\":\"Sever Boost\"}',835,872,835,403,130,0,0),(836,'Steel Blade 3','insect-glaive',5,'steel-blade-3','{\"attack\":\"434\",\"boostType\":\"Sever Boost\"}',836,886,836,434,140,1,1),(837,'Chrome Blade 1','insect-glaive',6,'chrome-blade-1','{\"attack\":\"496\",\"boostType\":\"Sever Boost\"}',837,898,837,496,160,1,1),(838,'Chrome Blade 2','insect-glaive',6,'chrome-blade-2','{\"attack\":\"558\",\"boostType\":\"Sever Boost\"}',838,899,838,558,180,1,2),(839,'Nergal Reaper','insect-glaive',7,'nergal-reaper','{\"attack\":\"620\",\"boostType\":\"Sever Boost\"}',839,921,839,620,200,1,1),(840,'Catastrophe\'s Light','insect-glaive',8,'catastrophes-light','{\"attack\":\"651\",\"boostType\":\"Sever Boost\"}',840,931,840,651,210,1,1),(841,'Flame Glaive 1','insect-glaive',4,'flame-glaive-1','{\"attack\":\"372\",\"affinity\":10,\"boostType\":\"Sever Boost\"}',841,873,841,372,120,0,0),(842,'Flame Glaive 2','insect-glaive',5,'flame-glaive-2','{\"attack\":\"465\",\"affinity\":10,\"boostType\":\"Sever Boost\"}',842,887,842,465,150,1,1),(843,'Rathmaul','insect-glaive',6,'rathmaul','{\"attack\":\"527\",\"affinity\":20,\"boostType\":\"Sever Boost\"}',843,900,843,527,170,1,1),(844,'Firedance Rathmaul','insect-glaive',7,'firedance-rathmaul','{\"attack\":\"589\",\"affinity\":20,\"boostType\":\"Sever Boost\"}',844,922,844,589,190,1,1),(845,'Kulu Blade 1','insect-glaive',2,'kulu-blade-1','{\"attack\":\"310\",\"affinity\":10,\"boostType\":\"Speed Boost\"}',845,858,845,310,100,0,0),(846,'Kulu Blade 2','insect-glaive',3,'kulu-blade-2','{\"attack\":\"341\",\"affinity\":10,\"boostType\":\"Speed Boost\"}',846,864,846,341,110,0,0),(847,'Kulu Blade 3','insect-glaive',4,'kulu-blade-3','{\"attack\":\"434\",\"affinity\":10,\"boostType\":\"Speed Boost\"}',847,874,847,434,140,0,0),(848,'Ya-Ku Wrath 1','insect-glaive',5,'ya-ku-wrath-1','{\"attack\":\"465\",\"affinity\":20,\"boostType\":\"Speed Boost\"}',848,888,848,465,150,0,0),(849,'Ya-Ku Wrath 2','insect-glaive',6,'ya-ku-wrath-2','{\"attack\":\"496\",\"affinity\":20,\"boostType\":\"Speed Boost\"}',849,901,849,496,160,0,0),(850,'Ya-Ku Wrath 3','insect-glaive',6,'ya-ku-wrath-3','{\"attack\":\"527\",\"affinity\":20,\"boostType\":\"Speed Boost\"}',850,902,850,527,170,0,0),(851,'Luminous Blade 1','insect-glaive',3,'luminous-blade-1','{\"attack\":\"372\",\"boostType\":\"Speed Boost\"}',851,865,851,372,120,0,0),(852,'Luminous Blade 2','insect-glaive',4,'luminous-blade-2','{\"attack\":\"434\",\"boostType\":\"Speed Boost\"}',852,875,852,434,140,0,0),(853,'Destroyer Bo 1','insect-glaive',5,'destroyer-bo-1','{\"attack\":\"496\",\"boostType\":\"Speed Boost\"}',853,889,853,496,160,1,1),(854,'Destroyer Bo 2','insect-glaive',6,'destroyer-bo-2','{\"attack\":\"527\",\"boostType\":\"Speed Boost\"}',854,903,854,527,170,1,1),(855,'Destroyer Bo 3','insect-glaive',6,'destroyer-bo-3','{\"attack\":\"558\",\"boostType\":\"Speed Boost\"}',855,904,855,558,180,1,1),(856,'Frost Blade 1','insect-glaive',4,'frost-blade-1','{\"attack\":\"434\",\"boostType\":\"Element Boost\"}',856,876,856,434,140,0,0),(857,'Frost Blade 2','insect-glaive',4,'frost-blade-2','{\"attack\":\"465\",\"boostType\":\"Element Boost\"}',857,877,857,465,150,1,2),(858,'Freeze Gale 1','insect-glaive',6,'freeze-gale-1','{\"attack\":\"496\",\"boostType\":\"Element Boost\"}',858,905,858,496,160,1,2),(859,'Freeze Gale 2','insect-glaive',6,'freeze-gale-2','{\"attack\":\"527\",\"boostType\":\"Element Boost\"}',859,906,859,527,170,1,2),(860,'Blooming Glaive 1','insect-glaive',2,'blooming-glaive-1','{\"attack\":\"310\",\"boostType\":\"Health Boost\"}',860,859,860,310,100,0,0),(861,'Blooming Glaive 2','insect-glaive',3,'blooming-glaive-2','{\"attack\":\"341\",\"boostType\":\"Health Boost\"}',861,866,861,341,110,0,0),(862,'Blooming Glaive 3','insect-glaive',4,'blooming-glaive-3','{\"attack\":\"403\",\"boostType\":\"Health Boost\"}',862,878,862,403,130,0,0),(863,'Datura Blade 1','insect-glaive',5,'datura-blade-1','{\"attack\":\"465\",\"boostType\":\"Health Boost\"}',863,890,863,465,150,0,0),(864,'Datura Blade 2','insect-glaive',6,'datura-blade-2','{\"attack\":\"496\",\"boostType\":\"Health Boost\"}',864,907,864,496,160,1,2),(865,'Datura Blade 3','insect-glaive',6,'datura-blade-3','{\"attack\":\"527\",\"boostType\":\"Health Boost\"}',865,908,865,527,170,1,2),(866,'Gama Cane 1','insect-glaive',6,'gama-cane-1','{\"attack\":\"496\",\"boostType\":\"Stamina Boost\"}',866,909,866,496,160,1,2),(867,'Gama Cane 2','insect-glaive',7,'gama-cane-2','{\"attack\":\"527\",\"boostType\":\"Stamina Boost\"}',867,923,867,527,170,1,2),(868,'Bone Rod 1','insect-glaive',1,'bone-rod-1','{\"attack\":\"279\",\"boostType\":\"Blunt Boost\"}',868,855,868,279,90,0,0),(869,'Bone Rod 2','insect-glaive',1,'bone-rod-2','{\"attack\":\"310\",\"boostType\":\"Blunt Boost\"}',869,856,869,310,100,0,0),(870,'Bone Rod 3','insect-glaive',2,'bone-rod-3','{\"attack\":\"341\",\"boostType\":\"Blunt Boost\"}',870,860,870,341,110,0,0),(871,'Hard Bone Rod 1','insect-glaive',3,'hard-bone-rod-1','{\"attack\":\"434\",\"boostType\":\"Blunt Boost\"}',871,867,871,434,140,0,0),(872,'Hard Bone Rod 2','insect-glaive',4,'hard-bone-rod-2','{\"attack\":\"465\",\"boostType\":\"Blunt Boost\"}',872,879,872,465,150,0,0),(873,'Hard Bone Rod 3','insect-glaive',5,'hard-bone-rod-3','{\"attack\":\"496\",\"boostType\":\"Blunt Boost\"}',873,891,873,496,160,1,1),(874,'Aerial Rod 1','insect-glaive',6,'aerial-rod-1','{\"attack\":\"527\",\"defense\":10,\"boostType\":\"Blunt Boost\"}',874,910,874,527,170,1,1),(875,'Aerial Rod 2','insect-glaive',6,'aerial-rod-2','{\"attack\":\"589\",\"defense\":10,\"boostType\":\"Blunt Boost\"}',875,911,875,589,190,1,1),(876,'Hazak Entoma 1','insect-glaive',7,'hazak-entoma-1','{\"attack\":\"589\",\"boostType\":\"Blunt Boost\"}',876,924,876,589,190,1,1),(877,'Hazak Entoma 2','insect-glaive',7,'hazak-entoma-2','{\"attack\":\"620\",\"boostType\":\"Blunt Boost\"}',877,925,877,620,200,1,1),(878,'Flammenkaefer','insect-glaive',3,'flammenkaefer','{\"attack\":\"403\",\"affinity\":-20,\"boostType\":\"Blunt Boost\"}',878,868,878,403,130,0,0),(879,'Flammenkaefer+','insect-glaive',5,'flammenkaefer+','{\"attack\":\"558\",\"affinity\":-20,\"boostType\":\"Blunt Boost\"}',879,892,879,558,180,0,0),(880,'Gnashing Flammenkaefer','insect-glaive',7,'gnashing-flammenkaefer','{\"attack\":\"651\",\"affinity\":-20,\"boostType\":\"Blunt Boost\"}',880,926,880,651,210,0,0),(881,'Aqua Rod 1','insect-glaive',2,'aqua-rod-1','{\"attack\":\"341\",\"boostType\":\"Element Boost\"}',881,861,881,341,110,0,0),(882,'Aqua Rod 2','insect-glaive',3,'aqua-rod-2','{\"attack\":\"372\",\"boostType\":\"Element Boost\"}',882,869,882,372,120,0,0),(883,'Aqua Rod 3','insect-glaive',4,'aqua-rod-3','{\"attack\":\"434\",\"boostType\":\"Element Boost\"}',883,880,883,434,140,0,0),(884,'Water Glaive 1','insect-glaive',5,'water-glaive-1','{\"attack\":\"465\",\"boostType\":\"Element Boost\"}',884,893,884,465,150,1,1),(885,'Water Glaive 2','insect-glaive',6,'water-glaive-2','{\"attack\":\"527\",\"boostType\":\"Element Boost\"}',885,912,885,527,170,1,1),(886,'Water Glaive 3','insect-glaive',6,'water-glaive-3','{\"attack\":\"589\",\"boostType\":\"Element Boost\"}',886,913,886,589,190,1,1),(887,'Diablos Rod 1','insect-glaive',4,'diablos-rod-1','{\"attack\":\"496\",\"defense\":10,\"affinity\":-30,\"boostType\":\"Stamina Boost\"}',887,881,887,496,160,0,0),(888,'Diablos Rod 2','insect-glaive',5,'diablos-rod-2','{\"attack\":\"620\",\"defense\":10,\"affinity\":-30,\"boostType\":\"Stamina Boost\"}',888,894,888,620,200,1,1),(889,'Tyrannis Glaive 1','insect-glaive',6,'tyrannis-glaive-1','{\"attack\":\"682\",\"defense\":15,\"affinity\":-30,\"boostType\":\"Stamina Boost\"}',889,914,889,682,220,1,1),(890,'Tyrannis Glaive 2','insect-glaive',7,'tyrannis-glaive-2','{\"attack\":\"713\",\"defense\":15,\"affinity\":-30,\"boostType\":\"Stamina Boost\"}',890,927,890,713,230,1,1),(891,'Pulsar Rod 1','insect-glaive',2,'pulsar-rod-1','{\"attack\":\"341\",\"affinity\":10,\"boostType\":\"Speed Boost\"}',891,862,891,341,110,0,0),(892,'Pulsar Rod 2','insect-glaive',3,'pulsar-rod-2','{\"attack\":\"372\",\"affinity\":10,\"boostType\":\"Speed Boost\"}',892,870,892,372,120,0,0),(893,'Pulsar Rod 3','insect-glaive',4,'pulsar-rod-3','{\"attack\":\"434\",\"affinity\":10,\"boostType\":\"Speed Boost\"}',893,882,893,434,140,0,0),(894,'Kadachi Pillar 1','insect-glaive',5,'kadachi-pillar-1','{\"attack\":\"465\",\"affinity\":10,\"boostType\":\"Speed Boost\"}',894,895,894,465,150,1,1),(895,'Kadachi Pillar 2','insect-glaive',6,'kadachi-pillar-2','{\"attack\":\"527\",\"affinity\":10,\"boostType\":\"Speed Boost\"}',895,915,895,527,170,1,1),(896,'Kadachi Pillar 3','insect-glaive',6,'kadachi-pillar-3','{\"attack\":\"558\",\"affinity\":10,\"boostType\":\"Speed Boost\"}',896,916,896,558,180,1,1),(897,'Garon Rod 1','insect-glaive',4,'garon-rod-1','{\"attack\":\"403\",\"affinity\":10,\"boostType\":\"Speed Boost\"}',897,883,897,403,130,0,0),(898,'Garon Rod 2','insect-glaive',5,'garon-rod-2','{\"attack\":\"434\",\"affinity\":10,\"boostType\":\"Speed Boost\"}',898,896,898,434,140,0,0),(899,'Temptation\'s Trident','insect-glaive',6,'temptations-trident','{\"attack\":\"465\",\"affinity\":20,\"boostType\":\"Speed Boost\"}',899,917,899,465,150,1,1),(900,'Vice','insect-glaive',8,'vice','{\"attack\":\"496\",\"affinity\":20,\"boostType\":\"Speed Boost\"}',900,932,900,496,160,1,1),(901,'Dragonbone Glaive 1','insect-glaive',3,'dragonbone-glaive-1','{\"attack\":\"310\",\"boostType\":\"Element Boost\"}',901,871,901,310,100,0,0),(902,'Dragonbone Glaive 2','insect-glaive',4,'dragonbone-glaive-2','{\"attack\":\"341\",\"boostType\":\"Element Boost\"}',902,884,902,341,110,0,0),(903,'Dragonbone Glaive 3','insect-glaive',6,'dragonbone-glaive-3','{\"attack\":\"496\",\"boostType\":\"Element Boost\"}',903,918,903,496,160,1,2),(904,'Indigo Flash','insect-glaive',4,'indigo-flash','{\"attack\":\"341\",\"boostType\":\"Element Boost\"}',904,885,904,341,110,0,0),(905,'Azure Bolt','insect-glaive',7,'azure-bolt','{\"attack\":\"434\",\"boostType\":\"Element Boost\"}',905,928,905,434,140,0,0),(906,'Verdant Levin','insect-glaive',8,'verdant-levin','{\"attack\":\"496\",\"boostType\":\"Element Boost\"}',906,933,906,496,160,0,0),(907,'Blacksteel Glaive 1','insect-glaive',5,'blacksteel-glaive-1','{\"attack\":\"310\",\"boostType\":\"Health Boost\"}',907,897,907,310,100,0,0),(908,'Blacksteel Glaive 2','insect-glaive',6,'blacksteel-glaive-2','{\"attack\":\"341\",\"boostType\":\"Health Boost\"}',908,919,908,341,110,0,0),(909,'Daora\'s Entom','insect-glaive',7,'daoras-entom','{\"attack\":\"527\",\"affinity\":10,\"boostType\":\"Health Boost\"}',909,929,909,527,170,1,1),(910,'Daora\'s Tethidine','insect-glaive',8,'daoras-tethidine','{\"attack\":\"558\",\"affinity\":10,\"boostType\":\"Health Boost\"}',910,934,910,558,180,1,1),(911,'Xeno Shmaena','insect-glaive',8,'xeno-shmaena','{\"attack\":\"558\",\"affinity\":15,\"boostType\":\"Stamina Boost\"}',911,935,911,558,180,1,2),(912,'Chain Blitz 1','light-bowgun',1,'chain-blitz-1','{\"ammoCapacities\":{\"normal\":[6,4,3],\"piercing\":[5,3,2],\"spread\":[4,0,0],\"sticky\":[2,0,0],\"cluster\":[0,0,0],\"recover\":[0,0],\"poison\":[5,1],\"paralysis\":[0,0],\"sleep\":[0,0],\"exhaust\":[0,0],\"flaming\":[0],\"water\":[0],\"freeze\":[0],\"thunder\":[0],\"dragon\":[0],\"slicing\":[1],\"wyvern\":[0],\"demon\":[0],\"armor\":[0],\"tranq\":[2]},\"attack\":\"130\",\"deviation\":\"Low\",\"specialAmmo\":\"Wyvernblast\"}',912,936,912,130,100,0,0),(913,'Chain Blitz 2','light-bowgun',1,'chain-blitz-2','{\"ammoCapacities\":{\"normal\":[6,4,3],\"piercing\":[5,3,2],\"spread\":[4,0,0],\"sticky\":[2,0,0],\"cluster\":[0,0,0],\"recover\":[0,0],\"poison\":[5,1],\"paralysis\":[0,0],\"sleep\":[0,0],\"exhaust\":[0,0],\"flaming\":[0],\"water\":[0],\"freeze\":[0],\"thunder\":[0],\"dragon\":[0],\"slicing\":[1],\"wyvern\":[0],\"demon\":[0],\"armor\":[0],\"tranq\":[2]},\"attack\":\"143\",\"deviation\":\"Low\",\"specialAmmo\":\"Wyvernblast\"}',913,937,913,143,110,0,0),(914,'Chain Blitz 3','light-bowgun',2,'chain-blitz-3','{\"ammoCapacities\":{\"normal\":[6,4,3],\"piercing\":[5,3,2],\"spread\":[4,0,0],\"sticky\":[2,0,0],\"cluster\":[0,0,0],\"recover\":[0,0],\"poison\":[5,1],\"paralysis\":[0,0],\"sleep\":[0,0],\"exhaust\":[0,0],\"flaming\":[0],\"water\":[0],\"freeze\":[0],\"thunder\":[0],\"dragon\":[0],\"slicing\":[1],\"wyvern\":[0],\"demon\":[0],\"armor\":[0],\"tranq\":[2]},\"attack\":\"156\",\"deviation\":\"Low\",\"specialAmmo\":\"Wyvernblast\"}',914,940,914,156,120,0,0),(915,'High Chain Blitz 1','light-bowgun',3,'high-chain-blitz-1','{\"ammoCapacities\":{\"normal\":[6,4,3],\"piercing\":[5,3,2],\"spread\":[4,0,0],\"sticky\":[2,0,0],\"cluster\":[0,0,0],\"recover\":[0,0],\"poison\":[5,1],\"paralysis\":[0,0],\"sleep\":[0,0],\"exhaust\":[0,0],\"flaming\":[0],\"water\":[0],\"freeze\":[0],\"thunder\":[0],\"dragon\":[0],\"slicing\":[1],\"wyvern\":[0],\"demon\":[0],\"armor\":[0],\"tranq\":[2]},\"attack\":\"169\",\"deviation\":\"Low\",\"specialAmmo\":\"Wyvernblast\"}',915,945,915,169,130,0,0),(916,'High Chain Blitz 2','light-bowgun',4,'high-chain-blitz-2','{\"ammoCapacities\":{\"normal\":[6,4,3],\"piercing\":[5,3,2],\"spread\":[4,0,0],\"sticky\":[2,0,0],\"cluster\":[0,0,0],\"recover\":[0,0],\"poison\":[5,1],\"paralysis\":[0,0],\"sleep\":[0,0],\"exhaust\":[0,0],\"flaming\":[0],\"water\":[0],\"freeze\":[0],\"thunder\":[0],\"dragon\":[0],\"slicing\":[1],\"wyvern\":[0],\"demon\":[0],\"armor\":[0],\"tranq\":[2]},\"attack\":\"182\",\"deviation\":\"Low\",\"specialAmmo\":\"Wyvernblast\"}',916,954,916,182,140,0,0),(917,'High Chain Blitz 3','light-bowgun',5,'high-chain-blitz-3','{\"ammoCapacities\":{\"normal\":[6,4,3],\"piercing\":[5,3,2],\"spread\":[4,0,0],\"sticky\":[2,0,0],\"cluster\":[0,0,0],\"recover\":[0,0],\"poison\":[5,1],\"paralysis\":[0,0],\"sleep\":[0,0],\"exhaust\":[0,0],\"flaming\":[0],\"water\":[0],\"freeze\":[0],\"thunder\":[0],\"dragon\":[0],\"slicing\":[1],\"wyvern\":[0],\"demon\":[0],\"armor\":[0],\"tranq\":[2]},\"attack\":\"195\",\"deviation\":\"Low\",\"specialAmmo\":\"Wyvernblast\"}',917,967,917,195,150,0,1),(918,'Cross Blitz 1','light-bowgun',6,'cross-blitz-1','{\"ammoCapacities\":{\"normal\":[6,4,3],\"piercing\":[5,3,2],\"spread\":[4,0,0],\"sticky\":[2,0,0],\"cluster\":[0,0,0],\"recover\":[0,0],\"poison\":[5,1],\"paralysis\":[0,0],\"sleep\":[0,0],\"exhaust\":[0,0],\"flaming\":[0],\"water\":[0],\"freeze\":[0],\"thunder\":[0],\"dragon\":[0],\"slicing\":[1],\"wyvern\":[0],\"demon\":[0],\"armor\":[0],\"tranq\":[2]},\"attack\":\"208\",\"deviation\":\"Low\",\"specialAmmo\":\"Wyvernblast\"}',918,979,918,208,160,0,1),(919,'Cross Blitz 2','light-bowgun',6,'cross-blitz-2','{\"ammoCapacities\":{\"normal\":[6,4,3],\"piercing\":[5,3,2],\"spread\":[4,0,0],\"sticky\":[2,0,0],\"cluster\":[0,0,0],\"recover\":[0,0],\"poison\":[5,1],\"paralysis\":[0,0],\"sleep\":[0,0],\"exhaust\":[0,0],\"flaming\":[0],\"water\":[0],\"freeze\":[0],\"thunder\":[0],\"dragon\":[0],\"slicing\":[1],\"wyvern\":[0],\"demon\":[0],\"armor\":[0],\"tranq\":[2]},\"attack\":\"234\",\"deviation\":\"Low\",\"specialAmmo\":\"Wyvernblast\"}',919,980,919,234,180,0,2),(920,'Nergal Spitter','light-bowgun',7,'nergal-spitter','{\"ammoCapacities\":{\"normal\":[4,3,2],\"piercing\":[5,0,0],\"spread\":[3,2,2],\"sticky\":[2,0,0],\"cluster\":[0,0,0],\"recover\":[3,3],\"poison\":[0,0],\"paralysis\":[0,3],\"sleep\":[0,3],\"exhaust\":[0,0],\"flaming\":[0],\"water\":[4],\"freeze\":[0],\"thunder\":[0],\"dragon\":[1],\"slicing\":[1],\"wyvern\":[0],\"demon\":[1],\"armor\":[1],\"tranq\":[2]},\"attack\":\"247\",\"deviation\":\"Average\",\"specialAmmo\":\"Wyvernblast\"}',920,1004,920,247,190,0,1),(921,'Cataclysm\'s Trigger','light-bowgun',8,'cataclysms-trigger','{\"ammoCapacities\":{\"normal\":[4,3,2],\"piercing\":[5,0,0],\"spread\":[3,2,2],\"sticky\":[2,0,0],\"cluster\":[0,0,0],\"recover\":[3,3],\"poison\":[0,0],\"paralysis\":[0,3],\"sleep\":[0,3],\"exhaust\":[0,0],\"flaming\":[0],\"water\":[4],\"freeze\":[0],\"thunder\":[0],\"dragon\":[1],\"slicing\":[1],\"wyvern\":[0],\"demon\":[1],\"armor\":[1],\"tranq\":[2]},\"attack\":\"260\",\"deviation\":\"Average\",\"specialAmmo\":\"Wyvernblast\"}',921,1014,921,260,200,0,1),(922,'Lumu Blitz 1','light-bowgun',3,'lumu-blitz-1','{\"ammoCapacities\":{\"normal\":[6,4,3],\"piercing\":[5,3,0],\"spread\":[4,3,0],\"sticky\":[2,1,0],\"cluster\":[0,0,0],\"recover\":[3,2],\"poison\":[5,1],\"paralysis\":[1,0],\"sleep\":[5,0],\"exhaust\":[0,0],\"flaming\":[0],\"water\":[4],\"freeze\":[4],\"thunder\":[0],\"dragon\":[0],\"slicing\":[1],\"wyvern\":[0],\"demon\":[0],\"armor\":[0],\"tranq\":[2]},\"attack\":\"169\",\"affinity\":10,\"deviation\":\"Low\",\"specialAmmo\":\"Wyvernblast\"}',922,946,922,169,130,0,0),(923,'Lumu Blitz 2','light-bowgun',4,'lumu-blitz-2','{\"ammoCapacities\":{\"normal\":[6,4,3],\"piercing\":[5,3,0],\"spread\":[4,3,0],\"sticky\":[2,1,0],\"cluster\":[0,0,0],\"recover\":[3,2],\"poison\":[5,1],\"paralysis\":[1,0],\"sleep\":[5,0],\"exhaust\":[0,0],\"flaming\":[0],\"water\":[4],\"freeze\":[4],\"thunder\":[0],\"dragon\":[0],\"slicing\":[1],\"wyvern\":[0],\"demon\":[0],\"armor\":[0],\"tranq\":[2]},\"attack\":\"182\",\"affinity\":10,\"deviation\":\"Low\",\"specialAmmo\":\"Wyvernblast\"}',923,955,923,182,140,0,0),(924,'Lumu Typhon 1','light-bowgun',5,'lumu-typhon-1','{\"ammoCapacities\":{\"normal\":[6,4,3],\"piercing\":[5,3,0],\"spread\":[4,3,0],\"sticky\":[2,1,0],\"cluster\":[0,0,0],\"recover\":[3,2],\"poison\":[5,1],\"paralysis\":[1,0],\"sleep\":[5,0],\"exhaust\":[0,0],\"flaming\":[0],\"water\":[4],\"freeze\":[4],\"thunder\":[0],\"dragon\":[0],\"slicing\":[1],\"wyvern\":[0],\"demon\":[0],\"armor\":[0],\"tranq\":[2]},\"attack\":\"195\",\"affinity\":15,\"deviation\":\"Low\",\"specialAmmo\":\"Wyvernblast\"}',924,968,924,195,150,0,1),(925,'Lumu Typhon 2','light-bowgun',6,'lumu-typhon-2','{\"ammoCapacities\":{\"normal\":[6,4,3],\"piercing\":[5,3,0],\"spread\":[4,3,0],\"sticky\":[2,1,0],\"cluster\":[0,0,0],\"recover\":[3,2],\"poison\":[5,1],\"paralysis\":[1,0],\"sleep\":[5,0],\"exhaust\":[0,0],\"flaming\":[0],\"water\":[4],\"freeze\":[4],\"thunder\":[0],\"dragon\":[0],\"slicing\":[1],\"wyvern\":[0],\"demon\":[0],\"armor\":[0],\"tranq\":[2]},\"attack\":\"208\",\"affinity\":15,\"deviation\":\"Low\",\"specialAmmo\":\"Wyvernblast\"}',925,981,925,208,160,0,1),(926,'Lumu Typhon 3','light-bowgun',7,'lumu-typhon-3','{\"ammoCapacities\":{\"normal\":[6,4,3],\"piercing\":[5,3,0],\"spread\":[4,3,0],\"sticky\":[2,1,0],\"cluster\":[0,0,0],\"recover\":[3,2],\"poison\":[5,1],\"paralysis\":[1,0],\"sleep\":[5,0],\"exhaust\":[0,0],\"flaming\":[0],\"water\":[4],\"freeze\":[4],\"thunder\":[0],\"dragon\":[0],\"slicing\":[1],\"wyvern\":[0],\"demon\":[0],\"armor\":[0],\"tranq\":[2]},\"attack\":\"221\",\"affinity\":15,\"deviation\":\"Low\",\"specialAmmo\":\"Wyvernblast\"}',926,1005,926,221,170,0,1),(927,'Bazel Typhoon 1','light-bowgun',6,'bazel-typhoon-1','{\"ammoCapacities\":{\"normal\":[1,1,3],\"piercing\":[1,3,2],\"spread\":[0,0,0],\"sticky\":[2,2,1],\"cluster\":[0,0,0],\"recover\":[0,0],\"poison\":[0,4],\"paralysis\":[0,3],\"sleep\":[0,0],\"exhaust\":[5,4],\"flaming\":[4],\"water\":[0],\"freeze\":[0],\"thunder\":[4],\"dragon\":[1],\"slicing\":[0],\"wyvern\":[0],\"demon\":[1],\"armor\":[0],\"tranq\":[2]},\"attack\":\"247\",\"affinity\":-10,\"deviation\":\"Average\",\"specialAmmo\":\"Wyvernblast\"}',927,982,927,247,190,0,1),(928,'Bazel Typhoon 2','light-bowgun',7,'bazel-typhoon-2','{\"ammoCapacities\":{\"normal\":[1,1,3],\"piercing\":[1,3,2],\"spread\":[0,0,0],\"sticky\":[2,2,1],\"cluster\":[0,0,0],\"recover\":[0,0],\"poison\":[0,4],\"paralysis\":[0,3],\"sleep\":[0,0],\"exhaust\":[5,4],\"flaming\":[4],\"water\":[0],\"freeze\":[0],\"thunder\":[4],\"dragon\":[1],\"slicing\":[0],\"wyvern\":[0],\"demon\":[1],\"armor\":[0],\"tranq\":[2]},\"attack\":\"260\",\"affinity\":-10,\"deviation\":\"Average\",\"specialAmmo\":\"Wyvernblast\"}',928,1006,928,260,200,0,1),(929,'Jagras Blitz 1','light-bowgun',2,'jagras-blitz-1','{\"ammoCapacities\":{\"normal\":[1,1,3],\"piercing\":[1,3,0],\"spread\":[1,3,0],\"sticky\":[2,0,0],\"cluster\":[0,0,0],\"recover\":[3,2],\"poison\":[1,0],\"paralysis\":[5,0],\"sleep\":[1,0],\"exhaust\":[5,0],\"flaming\":[4],\"water\":[4],\"freeze\":[0],\"thunder\":[0],\"dragon\":[0],\"slicing\":[1],\"wyvern\":[0],\"demon\":[0],\"armor\":[2],\"tranq\":[2]},\"attack\":\"169\",\"deviation\":\"Average\",\"specialAmmo\":\"Wyvernblast\"}',929,941,929,169,130,0,0),(930,'Jagras Blitz 2','light-bowgun',3,'jagras-blitz-2','{\"ammoCapacities\":{\"normal\":[1,1,3],\"piercing\":[1,3,0],\"spread\":[1,3,0],\"sticky\":[2,0,0],\"cluster\":[0,0,0],\"recover\":[3,2],\"poison\":[1,0],\"paralysis\":[5,0],\"sleep\":[1,0],\"exhaust\":[5,0],\"flaming\":[4],\"water\":[4],\"freeze\":[0],\"thunder\":[0],\"dragon\":[0],\"slicing\":[1],\"wyvern\":[0],\"demon\":[0],\"armor\":[2],\"tranq\":[2]},\"attack\":\"182\",\"deviation\":\"Average\",\"specialAmmo\":\"Wyvernblast\"}',930,947,930,182,140,0,0),(931,'Jagras Blitz 3','light-bowgun',4,'jagras-blitz-3','{\"ammoCapacities\":{\"normal\":[1,1,3],\"piercing\":[1,3,0],\"spread\":[1,3,0],\"sticky\":[2,0,0],\"cluster\":[0,0,0],\"recover\":[3,2],\"poison\":[1,0],\"paralysis\":[5,0],\"sleep\":[1,0],\"exhaust\":[5,0],\"flaming\":[4],\"water\":[4],\"freeze\":[0],\"thunder\":[0],\"dragon\":[0],\"slicing\":[1],\"wyvern\":[0],\"demon\":[0],\"armor\":[2],\"tranq\":[2]},\"attack\":\"195\",\"deviation\":\"Average\",\"specialAmmo\":\"Wyvernblast\"}',931,956,931,195,150,0,0),(932,'Jagras Fire 1','light-bowgun',5,'jagras-fire-1','{\"ammoCapacities\":{\"normal\":[1,1,3],\"piercing\":[1,3,0],\"spread\":[1,3,0],\"sticky\":[2,0,0],\"cluster\":[0,0,0],\"recover\":[3,2],\"poison\":[1,0],\"paralysis\":[5,0],\"sleep\":[1,0],\"exhaust\":[5,0],\"flaming\":[4],\"water\":[4],\"freeze\":[0],\"thunder\":[0],\"dragon\":[0],\"slicing\":[1],\"wyvern\":[0],\"demon\":[0],\"armor\":[2],\"tranq\":[2]},\"attack\":\"208\",\"deviation\":\"Average\",\"specialAmmo\":\"Wyvernblast\"}',932,969,932,208,160,0,2),(933,'Jagras Fire 2','light-bowgun',6,'jagras-fire-2','{\"ammoCapacities\":{\"normal\":[1,1,3],\"piercing\":[1,3,0],\"spread\":[1,3,0],\"sticky\":[2,0,0],\"cluster\":[0,0,0],\"recover\":[3,2],\"poison\":[1,0],\"paralysis\":[5,0],\"sleep\":[1,0],\"exhaust\":[5,0],\"flaming\":[4],\"water\":[4],\"freeze\":[0],\"thunder\":[0],\"dragon\":[0],\"slicing\":[1],\"wyvern\":[0],\"demon\":[0],\"armor\":[2],\"tranq\":[2]},\"attack\":\"234\",\"deviation\":\"Average\",\"specialAmmo\":\"Wyvernblast\"}',933,983,933,234,180,0,2),(934,'Jagras Fire 3','light-bowgun',6,'jagras-fire-3','{\"ammoCapacities\":{\"normal\":[1,1,3],\"piercing\":[1,3,0],\"spread\":[1,3,0],\"sticky\":[2,0,0],\"cluster\":[0,0,0],\"recover\":[3,2],\"poison\":[1,0],\"paralysis\":[5,0],\"sleep\":[1,0],\"exhaust\":[5,0],\"flaming\":[4],\"water\":[4],\"freeze\":[0],\"thunder\":[0],\"dragon\":[0],\"slicing\":[1],\"wyvern\":[0],\"demon\":[0],\"armor\":[2],\"tranq\":[2]},\"attack\":\"247\",\"deviation\":\"Average\",\"specialAmmo\":\"Wyvernblast\"}',934,984,934,247,190,0,2),(935,'Flame Blitz 1','light-bowgun',4,'flame-blitz-1','{\"ammoCapacities\":{\"normal\":[4,4,2],\"piercing\":[3,2,2],\"spread\":[3,0,0],\"sticky\":[2,0,0],\"cluster\":[0,0,0],\"recover\":[3,0],\"poison\":[6,5],\"paralysis\":[0,0],\"sleep\":[0,0],\"exhaust\":[0,0],\"flaming\":[3],\"water\":[0],\"freeze\":[0],\"thunder\":[0],\"dragon\":[0],\"slicing\":[2],\"wyvern\":[0],\"demon\":[2],\"armor\":[0],\"tranq\":[2]},\"attack\":\"195\",\"affinity\":10,\"deviation\":\"Low\",\"specialAmmo\":\"Wyvernblast\"}',935,957,935,195,150,0,0),(936,'Flame Blitz 2','light-bowgun',5,'flame-blitz-2','{\"ammoCapacities\":{\"normal\":[4,4,2],\"piercing\":[3,2,2],\"spread\":[3,0,0],\"sticky\":[2,0,0],\"cluster\":[0,0,0],\"recover\":[3,0],\"poison\":[6,5],\"paralysis\":[0,0],\"sleep\":[0,0],\"exhaust\":[0,0],\"flaming\":[3],\"water\":[0],\"freeze\":[0],\"thunder\":[0],\"dragon\":[0],\"slicing\":[2],\"wyvern\":[0],\"demon\":[2],\"armor\":[0],\"tranq\":[2]},\"attack\":\"208\",\"affinity\":10,\"deviation\":\"Low\",\"specialAmmo\":\"Wyvernblast\"}',936,970,936,208,160,0,1),(937,'Rathbuster 1','light-bowgun',6,'rathbuster-1','{\"ammoCapacities\":{\"normal\":[4,4,2],\"piercing\":[3,2,2],\"spread\":[3,0,0],\"sticky\":[2,0,0],\"cluster\":[0,0,0],\"recover\":[3,0],\"poison\":[6,5],\"paralysis\":[0,0],\"sleep\":[0,0],\"exhaust\":[0,0],\"flaming\":[3],\"water\":[0],\"freeze\":[0],\"thunder\":[0],\"dragon\":[0],\"slicing\":[2],\"wyvern\":[0],\"demon\":[2],\"armor\":[0],\"tranq\":[2]},\"attack\":\"221\",\"affinity\":20,\"deviation\":\"Low\",\"specialAmmo\":\"Wyvernblast\"}',937,985,937,221,170,0,1),(938,'Rathbuster 2','light-bowgun',7,'rathbuster-2','{\"ammoCapacities\":{\"normal\":[4,4,2],\"piercing\":[3,2,2],\"spread\":[3,0,0],\"sticky\":[2,0,0],\"cluster\":[0,0,0],\"recover\":[3,0],\"poison\":[6,5],\"paralysis\":[0,0],\"sleep\":[0,0],\"exhaust\":[0,0],\"flaming\":[3],\"water\":[0],\"freeze\":[0],\"thunder\":[0],\"dragon\":[0],\"slicing\":[2],\"wyvern\":[0],\"demon\":[2],\"armor\":[0],\"tranq\":[2]},\"attack\":\"247\",\"affinity\":20,\"deviation\":\"Low\",\"specialAmmo\":\"Wyvernblast\"}',938,1007,938,247,190,0,1),(939,'Thunder Blitz 1','light-bowgun',3,'thunder-blitz-1','{\"ammoCapacities\":{\"normal\":[3,2,0],\"piercing\":[4,4,0],\"spread\":[3,0,0],\"sticky\":[2,1,0],\"cluster\":[0,0,0],\"recover\":[3,2],\"poison\":[0,5],\"paralysis\":[3,3],\"sleep\":[0,0],\"exhaust\":[0,0],\"flaming\":[0],\"water\":[0],\"freeze\":[0],\"thunder\":[3],\"dragon\":[0],\"slicing\":[2],\"wyvern\":[0],\"demon\":[0],\"armor\":[0],\"tranq\":[2]},\"attack\":\"182\",\"deviation\":\"Low\",\"specialAmmo\":\"Wyvernblast\"}',939,948,939,182,140,0,0),(940,'Thunder Blitz 2','light-bowgun',4,'thunder-blitz-2','{\"ammoCapacities\":{\"normal\":[3,2,0],\"piercing\":[4,4,0],\"spread\":[3,0,0],\"sticky\":[2,1,0],\"cluster\":[0,0,0],\"recover\":[3,2],\"poison\":[0,5],\"paralysis\":[3,3],\"sleep\":[0,0],\"exhaust\":[0,0],\"flaming\":[0],\"water\":[0],\"freeze\":[0],\"thunder\":[3],\"dragon\":[0],\"slicing\":[2],\"wyvern\":[0],\"demon\":[0],\"armor\":[0],\"tranq\":[2]},\"attack\":\"195\",\"deviation\":\"Low\",\"specialAmmo\":\"Wyvernblast\"}',940,958,940,195,150,0,0),(941,'Lightning Blitz 1','light-bowgun',5,'lightning-blitz-1','{\"ammoCapacities\":{\"normal\":[3,2,0],\"piercing\":[4,4,0],\"spread\":[3,0,0],\"sticky\":[2,1,0],\"cluster\":[0,0,0],\"recover\":[3,2],\"poison\":[0,5],\"paralysis\":[3,3],\"sleep\":[0,0],\"exhaust\":[0,0],\"flaming\":[0],\"water\":[0],\"freeze\":[0],\"thunder\":[3],\"dragon\":[0],\"slicing\":[2],\"wyvern\":[0],\"demon\":[0],\"armor\":[0],\"tranq\":[2]},\"attack\":\"208\",\"deviation\":\"Low\",\"specialAmmo\":\"Wyvernblast\"}',941,971,941,208,160,0,1),(942,'Lightning Blitz 2','light-bowgun',6,'lightning-blitz-2','{\"ammoCapacities\":{\"normal\":[3,2,0],\"piercing\":[4,4,0],\"spread\":[3,0,0],\"sticky\":[2,1,0],\"cluster\":[0,0,0],\"recover\":[3,2],\"poison\":[0,5],\"paralysis\":[3,3],\"sleep\":[0,0],\"exhaust\":[0,0],\"flaming\":[0],\"water\":[0],\"freeze\":[0],\"thunder\":[3],\"dragon\":[0],\"slicing\":[2],\"wyvern\":[0],\"demon\":[0],\"armor\":[0],\"tranq\":[2]},\"attack\":\"221\",\"deviation\":\"Low\",\"specialAmmo\":\"Wyvernblast\"}',942,986,942,221,170,0,1),(943,'Lightning Blitz 3','light-bowgun',6,'lightning-blitz-3','{\"ammoCapacities\":{\"normal\":[3,2,0],\"piercing\":[4,4,0],\"spread\":[3,0,0],\"sticky\":[2,1,0],\"cluster\":[0,0,0],\"recover\":[3,2],\"poison\":[0,5],\"paralysis\":[3,3],\"sleep\":[0,0],\"exhaust\":[0,0],\"flaming\":[0],\"water\":[0],\"freeze\":[0],\"thunder\":[3],\"dragon\":[0],\"slicing\":[2],\"wyvern\":[0],\"demon\":[0],\"armor\":[0],\"tranq\":[2]},\"attack\":\"234\",\"deviation\":\"Low\",\"specialAmmo\":\"Wyvernblast\"}',943,987,943,234,180,0,1),(944,'Snow Blitz 1','light-bowgun',4,'snow-blitz-1','{\"ammoCapacities\":{\"normal\":[1,1,0],\"piercing\":[1,3,0],\"spread\":[1,3,2],\"sticky\":[2,0,0],\"cluster\":[0,0,0],\"recover\":[3,2],\"poison\":[0,0],\"paralysis\":[0,0],\"sleep\":[0,0],\"exhaust\":[0,0],\"flaming\":[0],\"water\":[0],\"freeze\":[4],\"thunder\":[0],\"dragon\":[0],\"slicing\":[1],\"wyvern\":[0],\"demon\":[1],\"armor\":[2],\"tranq\":[2]},\"attack\":\"182\",\"deviation\":\"Low\",\"specialAmmo\":\"Wyvernblast\"}',944,959,944,182,140,0,0),(945,'Snow Blitz 2','light-bowgun',5,'snow-blitz-2','{\"ammoCapacities\":{\"normal\":[1,1,0],\"piercing\":[1,3,0],\"spread\":[1,3,2],\"sticky\":[2,0,0],\"cluster\":[0,0,0],\"recover\":[3,2],\"poison\":[0,0],\"paralysis\":[0,0],\"sleep\":[0,0],\"exhaust\":[0,0],\"flaming\":[0],\"water\":[0],\"freeze\":[4],\"thunder\":[0],\"dragon\":[0],\"slicing\":[1],\"wyvern\":[0],\"demon\":[1],\"armor\":[2],\"tranq\":[2]},\"attack\":\"195\",\"deviation\":\"Low\",\"specialAmmo\":\"Wyvernblast\"}',945,972,945,195,150,0,0),(946,'Frost Blitz 1','light-bowgun',6,'frost-blitz-1','{\"ammoCapacities\":{\"normal\":[1,1,0],\"piercing\":[1,3,0],\"spread\":[1,3,2],\"sticky\":[2,0,0],\"cluster\":[0,0,0],\"recover\":[3,2],\"poison\":[0,0],\"paralysis\":[0,0],\"sleep\":[0,0],\"exhaust\":[0,0],\"flaming\":[0],\"water\":[0],\"freeze\":[4],\"thunder\":[0],\"dragon\":[0],\"slicing\":[1],\"wyvern\":[0],\"demon\":[1],\"armor\":[2],\"tranq\":[2]},\"attack\":\"221\",\"deviation\":\"Low\",\"specialAmmo\":\"Wyvernblast\"}',946,988,946,221,170,0,0),(947,'Frost Blitz 2','light-bowgun',6,'frost-blitz-2','{\"ammoCapacities\":{\"normal\":[1,1,0],\"piercing\":[1,3,0],\"spread\":[1,3,2],\"sticky\":[2,0,0],\"cluster\":[0,0,0],\"recover\":[3,2],\"poison\":[0,0],\"paralysis\":[0,0],\"sleep\":[0,0],\"exhaust\":[0,0],\"flaming\":[0],\"water\":[0],\"freeze\":[4],\"thunder\":[0],\"dragon\":[0],\"slicing\":[1],\"wyvern\":[0],\"demon\":[1],\"armor\":[2],\"tranq\":[2]},\"attack\":\"247\",\"deviation\":\"Low\",\"specialAmmo\":\"Wyvernblast\"}',947,989,947,247,190,0,0),(948,'Hunter\'s Rifle 1','light-bowgun',1,'hunters-rifle-1','{\"ammoCapacities\":{\"normal\":[6,4,3],\"piercing\":[5,0,0],\"spread\":[4,3,2],\"sticky\":[2,0,0],\"cluster\":[0,0,0],\"recover\":[3,2],\"poison\":[0,0],\"paralysis\":[1,4],\"sleep\":[0,0],\"exhaust\":[0,0],\"flaming\":[4],\"water\":[0],\"freeze\":[0],\"thunder\":[4],\"dragon\":[1],\"slicing\":[0],\"wyvern\":[0],\"demon\":[2],\"armor\":[2],\"tranq\":[2]},\"attack\":\"143\",\"deviation\":\"Average\",\"specialAmmo\":\"Wyvernblast\"}',948,938,948,143,110,0,0),(949,'Hunter\'s Rifle 2','light-bowgun',1,'hunters-rifle-2','{\"ammoCapacities\":{\"normal\":[6,4,3],\"piercing\":[5,0,0],\"spread\":[4,3,2],\"sticky\":[2,0,0],\"cluster\":[0,0,0],\"recover\":[3,2],\"poison\":[0,0],\"paralysis\":[1,4],\"sleep\":[0,0],\"exhaust\":[0,0],\"flaming\":[4],\"water\":[0],\"freeze\":[0],\"thunder\":[4],\"dragon\":[1],\"slicing\":[0],\"wyvern\":[0],\"demon\":[2],\"armor\":[2],\"tranq\":[2]},\"attack\":\"156\",\"deviation\":\"Average\",\"specialAmmo\":\"Wyvernblast\"}',949,939,949,156,120,0,0),(950,'Hunter\'s Rifle 3','light-bowgun',2,'hunters-rifle-3','{\"ammoCapacities\":{\"normal\":[6,4,3],\"piercing\":[5,0,0],\"spread\":[4,3,2],\"sticky\":[2,0,0],\"cluster\":[0,0,0],\"recover\":[3,2],\"poison\":[0,0],\"paralysis\":[1,4],\"sleep\":[0,0],\"exhaust\":[0,0],\"flaming\":[4],\"water\":[0],\"freeze\":[0],\"thunder\":[4],\"dragon\":[1],\"slicing\":[0],\"wyvern\":[0],\"demon\":[2],\"armor\":[2],\"tranq\":[2]},\"attack\":\"169\",\"deviation\":\"Average\",\"specialAmmo\":\"Wyvernblast\"}',950,942,950,169,130,0,0),(951,'Power Rifle 1','light-bowgun',3,'power-rifle-1','{\"ammoCapacities\":{\"normal\":[6,4,3],\"piercing\":[5,0,0],\"spread\":[4,3,2],\"sticky\":[2,0,0],\"cluster\":[0,0,0],\"recover\":[3,2],\"poison\":[0,0],\"paralysis\":[1,4],\"sleep\":[0,0],\"exhaust\":[0,0],\"flaming\":[4],\"water\":[0],\"freeze\":[0],\"thunder\":[4],\"dragon\":[1],\"slicing\":[0],\"wyvern\":[0],\"demon\":[2],\"armor\":[2],\"tranq\":[2]},\"attack\":\"182\",\"deviation\":\"Average\",\"specialAmmo\":\"Wyvernblast\"}',951,949,951,182,140,0,0),(952,'Power Rifle 2','light-bowgun',4,'power-rifle-2','{\"ammoCapacities\":{\"normal\":[6,4,3],\"piercing\":[5,0,0],\"spread\":[4,3,2],\"sticky\":[2,0,0],\"cluster\":[0,0,0],\"recover\":[3,2],\"poison\":[0,0],\"paralysis\":[1,4],\"sleep\":[0,0],\"exhaust\":[0,0],\"flaming\":[4],\"water\":[0],\"freeze\":[0],\"thunder\":[4],\"dragon\":[1],\"slicing\":[0],\"wyvern\":[0],\"demon\":[2],\"armor\":[2],\"tranq\":[2]},\"attack\":\"195\",\"deviation\":\"Average\",\"specialAmmo\":\"Wyvernblast\"}',952,960,952,195,150,0,0),(953,'Power Rifle 3','light-bowgun',5,'power-rifle-3','{\"ammoCapacities\":{\"normal\":[6,4,3],\"piercing\":[5,0,0],\"spread\":[4,3,2],\"sticky\":[2,0,0],\"cluster\":[0,0,0],\"recover\":[3,2],\"poison\":[0,0],\"paralysis\":[1,4],\"sleep\":[0,0],\"exhaust\":[0,0],\"flaming\":[4],\"water\":[0],\"freeze\":[0],\"thunder\":[4],\"dragon\":[1],\"slicing\":[0],\"wyvern\":[0],\"demon\":[2],\"armor\":[2],\"tranq\":[2]},\"attack\":\"208\",\"deviation\":\"Average\",\"specialAmmo\":\"Wyvernblast\"}',953,973,953,208,160,0,0),(954,'Sniper Shot 1','light-bowgun',6,'sniper-shot-1','{\"ammoCapacities\":{\"normal\":[6,4,3],\"piercing\":[5,0,0],\"spread\":[4,3,2],\"sticky\":[2,0,0],\"cluster\":[0,0,0],\"recover\":[3,2],\"poison\":[0,0],\"paralysis\":[1,4],\"sleep\":[0,0],\"exhaust\":[0,0],\"flaming\":[4],\"water\":[0],\"freeze\":[0],\"thunder\":[4],\"dragon\":[1],\"slicing\":[0],\"wyvern\":[0],\"demon\":[2],\"armor\":[2],\"tranq\":[2]},\"attack\":\"221\",\"defense\":10,\"deviation\":\"Average\",\"specialAmmo\":\"Wyvernblast\"}',954,990,954,221,170,0,1),(955,'Sniper Shot 2','light-bowgun',6,'sniper-shot-2','{\"ammoCapacities\":{\"normal\":[6,4,3],\"piercing\":[5,0,0],\"spread\":[4,3,2],\"sticky\":[2,0,0],\"cluster\":[0,0,0],\"recover\":[3,2],\"poison\":[0,0],\"paralysis\":[1,4],\"sleep\":[0,0],\"exhaust\":[0,0],\"flaming\":[4],\"water\":[0],\"freeze\":[0],\"thunder\":[4],\"dragon\":[1],\"slicing\":[0],\"wyvern\":[0],\"demon\":[2],\"armor\":[2],\"tranq\":[2]},\"attack\":\"247\",\"defense\":10,\"deviation\":\"Average\",\"specialAmmo\":\"Wyvernblast\"}',955,991,955,247,190,0,1),(956,'Hazak Ereipia','light-bowgun',7,'hazak-ereipia','{\"ammoCapacities\":{\"normal\":[3,2,1],\"piercing\":[4,0,2],\"spread\":[3,0,2],\"sticky\":[2,0,0],\"cluster\":[0,0,0],\"recover\":[0,0],\"poison\":[6,0],\"paralysis\":[3,0],\"sleep\":[5,0],\"exhaust\":[5,5],\"flaming\":[0],\"water\":[0],\"freeze\":[0],\"thunder\":[0],\"dragon\":[3],\"slicing\":[2],\"wyvern\":[0],\"demon\":[2],\"armor\":[0],\"tranq\":[2]},\"attack\":\"247\",\"deviation\":\"Low\",\"specialAmmo\":\"Wyvernblast\"}',956,1008,956,247,190,0,1),(957,'Gulgoleth\'s Wail','light-bowgun',8,'gulgoleths-wail','{\"ammoCapacities\":{\"normal\":[3,2,1],\"piercing\":[4,0,2],\"spread\":[3,0,2],\"sticky\":[2,0,0],\"cluster\":[0,0,0],\"recover\":[0,0],\"poison\":[6,0],\"paralysis\":[3,0],\"sleep\":[5,0],\"exhaust\":[5,5],\"flaming\":[0],\"water\":[0],\"freeze\":[0],\"thunder\":[0],\"dragon\":[3],\"slicing\":[2],\"wyvern\":[0],\"demon\":[2],\"armor\":[0],\"tranq\":[2]},\"attack\":\"260\",\"deviation\":\"Low\",\"specialAmmo\":\"Wyvernblast\"}',957,1015,957,260,200,0,1),(958,'Blazing Rifle 1','light-bowgun',3,'blazing-rifle-1','{\"ammoCapacities\":{\"normal\":[4,3,2],\"piercing\":[5,2,2],\"spread\":[3,0,0],\"sticky\":[2,1,1],\"cluster\":[0,0,0],\"recover\":[0,0],\"poison\":[5,3],\"paralysis\":[0,0],\"sleep\":[0,0],\"exhaust\":[0,0],\"flaming\":[4],\"water\":[0],\"freeze\":[0],\"thunder\":[0],\"dragon\":[0],\"slicing\":[0],\"wyvern\":[0],\"demon\":[1],\"armor\":[0],\"tranq\":[2]},\"attack\":\"195\",\"affinity\":-30,\"deviation\":\"High\",\"specialAmmo\":\"Wyvernblast\"}',958,950,958,195,150,0,0),(959,'Blazing Rifle 2','light-bowgun',4,'blazing-rifle-2','{\"ammoCapacities\":{\"normal\":[4,3,2],\"piercing\":[5,2,2],\"spread\":[3,0,0],\"sticky\":[2,1,1],\"cluster\":[0,0,0],\"recover\":[0,0],\"poison\":[5,3],\"paralysis\":[0,0],\"sleep\":[0,0],\"exhaust\":[0,0],\"flaming\":[4],\"water\":[0],\"freeze\":[0],\"thunder\":[0],\"dragon\":[0],\"slicing\":[0],\"wyvern\":[0],\"demon\":[1],\"armor\":[0],\"tranq\":[2]},\"attack\":\"221\",\"affinity\":-30,\"deviation\":\"High\",\"specialAmmo\":\"Wyvernblast\"}',959,961,959,221,170,0,0),(960,'Anja Buster 1','light-bowgun',5,'anja-buster-1','{\"ammoCapacities\":{\"normal\":[4,3,2],\"piercing\":[5,2,2],\"spread\":[3,0,0],\"sticky\":[2,1,1],\"cluster\":[0,0,0],\"recover\":[0,0],\"poison\":[5,3],\"paralysis\":[0,0],\"sleep\":[0,0],\"exhaust\":[0,0],\"flaming\":[4],\"water\":[0],\"freeze\":[0],\"thunder\":[0],\"dragon\":[0],\"slicing\":[0],\"wyvern\":[0],\"demon\":[1],\"armor\":[0],\"tranq\":[2]},\"attack\":\"234\",\"affinity\":-30,\"deviation\":\"High\",\"specialAmmo\":\"Wyvernblast\"}',960,974,960,234,180,0,0),(961,'Anja Buster 2','light-bowgun',6,'anja-buster-2','{\"ammoCapacities\":{\"normal\":[4,3,2],\"piercing\":[5,2,2],\"spread\":[3,0,0],\"sticky\":[2,1,1],\"cluster\":[0,0,0],\"recover\":[0,0],\"poison\":[5,3],\"paralysis\":[0,0],\"sleep\":[0,0],\"exhaust\":[0,0],\"flaming\":[4],\"water\":[0],\"freeze\":[0],\"thunder\":[0],\"dragon\":[0],\"slicing\":[0],\"wyvern\":[0],\"demon\":[1],\"armor\":[0],\"tranq\":[2]},\"attack\":\"260\",\"affinity\":-30,\"deviation\":\"High\",\"specialAmmo\":\"Wyvernblast\"}',961,992,961,260,200,0,0),(962,'Anja Buster 3','light-bowgun',6,'anja-buster-3','{\"ammoCapacities\":{\"normal\":[4,3,2],\"piercing\":[5,2,2],\"spread\":[3,0,0],\"sticky\":[2,1,1],\"cluster\":[0,0,0],\"recover\":[0,0],\"poison\":[5,3],\"paralysis\":[0,0],\"sleep\":[0,0],\"exhaust\":[0,0],\"flaming\":[4],\"water\":[0],\"freeze\":[0],\"thunder\":[0],\"dragon\":[0],\"slicing\":[0],\"wyvern\":[0],\"demon\":[1],\"armor\":[0],\"tranq\":[2]},\"attack\":\"273\",\"affinity\":-30,\"deviation\":\"High\",\"specialAmmo\":\"Wyvernblast\"}',962,993,962,273,210,0,0),(963,'Madness Rifle 1','light-bowgun',2,'madness-rifle-1','{\"ammoCapacities\":{\"normal\":[3,2,0],\"piercing\":[3,2,0],\"spread\":[4,4,2],\"sticky\":[2,1,1],\"cluster\":[0,0,0],\"recover\":[3,2],\"poison\":[6,5],\"paralysis\":[3,0],\"sleep\":[5,4],\"exhaust\":[0,0],\"flaming\":[0],\"water\":[3],\"freeze\":[0],\"thunder\":[0],\"dragon\":[0],\"slicing\":[0],\"wyvern\":[0],\"demon\":[2],\"armor\":[0],\"tranq\":[2]},\"attack\":\"169\",\"deviation\":\"Low\",\"specialAmmo\":\"Wyvernblast\"}',963,943,963,169,130,0,0),(964,'Madness Rifle 2','light-bowgun',3,'madness-rifle-2','{\"ammoCapacities\":{\"normal\":[3,2,0],\"piercing\":[3,2,0],\"spread\":[4,4,2],\"sticky\":[2,1,1],\"cluster\":[0,0,0],\"recover\":[3,2],\"poison\":[6,5],\"paralysis\":[3,0],\"sleep\":[5,4],\"exhaust\":[0,0],\"flaming\":[0],\"water\":[3],\"freeze\":[0],\"thunder\":[0],\"dragon\":[0],\"slicing\":[0],\"wyvern\":[0],\"demon\":[2],\"armor\":[0],\"tranq\":[2]},\"attack\":\"182\",\"deviation\":\"Low\",\"specialAmmo\":\"Wyvernblast\"}',964,951,964,182,140,0,0),(965,'Madness Rifle 3','light-bowgun',4,'madness-rifle-3','{\"ammoCapacities\":{\"normal\":[3,2,0],\"piercing\":[3,2,0],\"spread\":[4,4,2],\"sticky\":[2,1,1],\"cluster\":[0,0,0],\"recover\":[3,2],\"poison\":[6,5],\"paralysis\":[3,0],\"sleep\":[5,4],\"exhaust\":[0,0],\"flaming\":[0],\"water\":[3],\"freeze\":[0],\"thunder\":[0],\"dragon\":[0],\"slicing\":[0],\"wyvern\":[0],\"demon\":[2],\"armor\":[0],\"tranq\":[2]},\"attack\":\"195\",\"deviation\":\"Low\",\"specialAmmo\":\"Wyvernblast\"}',965,962,965,195,150,0,0),(966,'Jyura Bullet 1','light-bowgun',5,'jyura-bullet-1','{\"ammoCapacities\":{\"normal\":[3,2,0],\"piercing\":[3,2,0],\"spread\":[4,4,2],\"sticky\":[2,1,1],\"cluster\":[0,0,0],\"recover\":[3,2],\"poison\":[6,5],\"paralysis\":[3,0],\"sleep\":[5,4],\"exhaust\":[0,0],\"flaming\":[0],\"water\":[3],\"freeze\":[0],\"thunder\":[0],\"dragon\":[0],\"slicing\":[0],\"wyvern\":[0],\"demon\":[2],\"armor\":[0],\"tranq\":[2]},\"attack\":\"208\",\"deviation\":\"Low\",\"specialAmmo\":\"Wyvernblast\"}',966,975,966,208,160,0,2),(967,'Jyura Bullet 2','light-bowgun',6,'jyura-bullet-2','{\"ammoCapacities\":{\"normal\":[3,2,0],\"piercing\":[3,2,0],\"spread\":[4,4,2],\"sticky\":[2,1,1],\"cluster\":[0,0,0],\"recover\":[3,2],\"poison\":[6,5],\"paralysis\":[3,0],\"sleep\":[5,4],\"exhaust\":[0,0],\"flaming\":[0],\"water\":[3],\"freeze\":[0],\"thunder\":[0],\"dragon\":[0],\"slicing\":[0],\"wyvern\":[0],\"demon\":[2],\"armor\":[0],\"tranq\":[2]},\"attack\":\"234\",\"deviation\":\"Low\",\"specialAmmo\":\"Wyvernblast\"}',967,994,967,234,180,0,2),(968,'Jyura Bullet 3','light-bowgun',6,'jyura-bullet-3','{\"ammoCapacities\":{\"normal\":[3,2,0],\"piercing\":[3,2,0],\"spread\":[4,4,2],\"sticky\":[2,1,1],\"cluster\":[0,0,0],\"recover\":[3,2],\"poison\":[6,5],\"paralysis\":[3,0],\"sleep\":[5,4],\"exhaust\":[0,0],\"flaming\":[0],\"water\":[3],\"freeze\":[0],\"thunder\":[0],\"dragon\":[0],\"slicing\":[0],\"wyvern\":[0],\"demon\":[2],\"armor\":[0],\"tranq\":[2]},\"attack\":\"247\",\"deviation\":\"Low\",\"specialAmmo\":\"Wyvernblast\"}',968,995,968,247,190,0,2),(969,'Lava Bullet 1','light-bowgun',6,'lava-bullet-1','{\"ammoCapacities\":{\"normal\":[4,4,2],\"piercing\":[3,0,0],\"spread\":[0,2,1],\"sticky\":[2,1,1],\"cluster\":[0,0,0],\"recover\":[0,0],\"poison\":[0,0],\"paralysis\":[0,0],\"sleep\":[5,0],\"exhaust\":[0,0],\"flaming\":[3],\"water\":[0],\"freeze\":[0],\"thunder\":[0],\"dragon\":[2],\"slicing\":[0],\"wyvern\":[0],\"demon\":[0],\"armor\":[2],\"tranq\":[2]},\"attack\":\"221\",\"deviation\":\"Average\",\"specialAmmo\":\"Wyvernblast\"}',969,996,969,221,170,0,2),(970,'Lava Bullet 2','light-bowgun',7,'lava-bullet-2','{\"ammoCapacities\":{\"normal\":[4,4,2],\"piercing\":[3,0,0],\"spread\":[0,2,1],\"sticky\":[2,1,1],\"cluster\":[0,0,0],\"recover\":[0,0],\"poison\":[0,0],\"paralysis\":[0,0],\"sleep\":[5,0],\"exhaust\":[0,0],\"flaming\":[3],\"water\":[0],\"freeze\":[0],\"thunder\":[0],\"dragon\":[2],\"slicing\":[0],\"wyvern\":[0],\"demon\":[0],\"armor\":[2],\"tranq\":[2]},\"attack\":\"234\",\"deviation\":\"Average\",\"specialAmmo\":\"Wyvernblast\"}',970,1009,970,234,180,0,2),(971,'Carapace Rifle 1','light-bowgun',2,'carapace-rifle-1','{\"ammoCapacities\":{\"normal\":[4,3,2],\"piercing\":[5,0,0],\"spread\":[3,2,2],\"sticky\":[2,0,0],\"cluster\":[0,0,0],\"recover\":[3,0],\"poison\":[0,0],\"paralysis\":[4,3],\"sleep\":[0,0],\"exhaust\":[0,0],\"flaming\":[0],\"water\":[0],\"freeze\":[0],\"thunder\":[0],\"dragon\":[1],\"slicing\":[0],\"wyvern\":[0],\"demon\":[0],\"armor\":[1],\"tranq\":[2]},\"attack\":\"169\",\"defense\":10,\"affinity\":-20,\"deviation\":\"Average\",\"specialAmmo\":\"Wyvernblast\"}',971,944,971,169,130,0,0),(972,'Carapace Rifle 2','light-bowgun',3,'carapace-rifle-2','{\"ammoCapacities\":{\"normal\":[4,3,2],\"piercing\":[5,0,0],\"spread\":[3,2,2],\"sticky\":[2,0,0],\"cluster\":[0,0,0],\"recover\":[3,0],\"poison\":[0,0],\"paralysis\":[4,3],\"sleep\":[0,0],\"exhaust\":[0,0],\"flaming\":[0],\"water\":[0],\"freeze\":[0],\"thunder\":[0],\"dragon\":[1],\"slicing\":[0],\"wyvern\":[0],\"demon\":[0],\"armor\":[1],\"tranq\":[2]},\"attack\":\"182\",\"defense\":10,\"affinity\":-20,\"deviation\":\"Average\",\"specialAmmo\":\"Wyvernblast\"}',972,952,972,182,140,0,0),(973,'Carapace Rifle 3','light-bowgun',4,'carapace-rifle-3','{\"ammoCapacities\":{\"normal\":[4,3,2],\"piercing\":[5,0,0],\"spread\":[3,2,2],\"sticky\":[2,0,0],\"cluster\":[0,0,0],\"recover\":[3,0],\"poison\":[0,0],\"paralysis\":[4,3],\"sleep\":[0,0],\"exhaust\":[0,0],\"flaming\":[0],\"water\":[0],\"freeze\":[0],\"thunder\":[0],\"dragon\":[1],\"slicing\":[0],\"wyvern\":[0],\"demon\":[0],\"armor\":[1],\"tranq\":[2]},\"attack\":\"208\",\"defense\":10,\"affinity\":-20,\"deviation\":\"Average\",\"specialAmmo\":\"Wyvernblast\"}',973,963,973,208,160,0,0),(974,'Barroth Shot 1','light-bowgun',5,'barroth-shot-1','{\"ammoCapacities\":{\"normal\":[4,3,2],\"piercing\":[5,0,0],\"spread\":[3,2,2],\"sticky\":[2,0,0],\"cluster\":[0,0,0],\"recover\":[3,0],\"poison\":[0,0],\"paralysis\":[4,3],\"sleep\":[0,0],\"exhaust\":[0,0],\"flaming\":[0],\"water\":[0],\"freeze\":[0],\"thunder\":[0],\"dragon\":[1],\"slicing\":[0],\"wyvern\":[0],\"demon\":[0],\"armor\":[1],\"tranq\":[2]},\"attack\":\"234\",\"defense\":15,\"affinity\":-20,\"deviation\":\"Average\",\"specialAmmo\":\"Wyvernblast\"}',974,976,974,234,180,0,1),(975,'Barroth Shot 2','light-bowgun',6,'barroth-shot-2','{\"ammoCapacities\":{\"normal\":[4,3,2],\"piercing\":[5,0,0],\"spread\":[3,2,2],\"sticky\":[2,0,0],\"cluster\":[0,0,0],\"recover\":[3,0],\"poison\":[0,0],\"paralysis\":[4,3],\"sleep\":[0,0],\"exhaust\":[0,0],\"flaming\":[0],\"water\":[0],\"freeze\":[0],\"thunder\":[0],\"dragon\":[1],\"slicing\":[0],\"wyvern\":[0],\"demon\":[0],\"armor\":[1],\"tranq\":[2]},\"attack\":\"247\",\"defense\":15,\"affinity\":-20,\"deviation\":\"Average\",\"specialAmmo\":\"Wyvernblast\"}',975,997,975,247,190,0,1),(976,'Barroth Shot 3','light-bowgun',6,'barroth-shot-3','{\"ammoCapacities\":{\"normal\":[4,3,2],\"piercing\":[5,0,0],\"spread\":[3,2,2],\"sticky\":[2,0,0],\"cluster\":[0,0,0],\"recover\":[3,0],\"poison\":[0,0],\"paralysis\":[4,3],\"sleep\":[0,0],\"exhaust\":[0,0],\"flaming\":[0],\"water\":[0],\"freeze\":[0],\"thunder\":[0],\"dragon\":[1],\"slicing\":[0],\"wyvern\":[0],\"demon\":[0],\"armor\":[1],\"tranq\":[2]},\"attack\":\"260\",\"defense\":15,\"affinity\":-20,\"deviation\":\"Average\",\"specialAmmo\":\"Wyvernblast\"}',976,998,976,260,200,0,1),(977,'Garon Rifle 1','light-bowgun',4,'garon-rifle-1','{\"ammoCapacities\":{\"normal\":[4,3,0],\"piercing\":[5,2,2],\"spread\":[3,2,0],\"sticky\":[2,0,0],\"cluster\":[0,0,0],\"recover\":[0,0],\"poison\":[5,0],\"paralysis\":[4,0],\"sleep\":[5,0],\"exhaust\":[4,0],\"flaming\":[0],\"water\":[0],\"freeze\":[0],\"thunder\":[4],\"dragon\":[0],\"slicing\":[1],\"wyvern\":[0],\"demon\":[1],\"armor\":[0],\"tranq\":[2]},\"attack\":\"195\",\"affinity\":15,\"deviation\":\"None\",\"specialAmmo\":\"Wyvernblast\"}',977,964,977,195,150,0,0),(978,'Garon Rifle 2','light-bowgun',5,'garon-rifle-2','{\"ammoCapacities\":{\"normal\":[4,3,0],\"piercing\":[5,2,2],\"spread\":[3,2,0],\"sticky\":[2,0,0],\"cluster\":[0,0,0],\"recover\":[0,0],\"poison\":[5,0],\"paralysis\":[4,0],\"sleep\":[5,0],\"exhaust\":[4,0],\"flaming\":[0],\"water\":[0],\"freeze\":[0],\"thunder\":[4],\"dragon\":[0],\"slicing\":[1],\"wyvern\":[0],\"demon\":[1],\"armor\":[0],\"tranq\":[2]},\"attack\":\"208\",\"affinity\":15,\"deviation\":\"None\",\"specialAmmo\":\"Wyvernblast\"}',978,977,978,208,160,0,0),(979,'Fate\'s Ember','light-bowgun',6,'fates-ember','{\"ammoCapacities\":{\"normal\":[4,3,0],\"piercing\":[5,2,2],\"spread\":[3,2,0],\"sticky\":[2,0,0],\"cluster\":[0,0,0],\"recover\":[0,0],\"poison\":[5,0],\"paralysis\":[4,0],\"sleep\":[5,0],\"exhaust\":[4,0],\"flaming\":[0],\"water\":[0],\"freeze\":[0],\"thunder\":[4],\"dragon\":[0],\"slicing\":[1],\"wyvern\":[0],\"demon\":[1],\"armor\":[0],\"tranq\":[2]},\"attack\":\"221\",\"affinity\":30,\"deviation\":\"None\",\"specialAmmo\":\"Wyvernblast\"}',979,999,979,221,170,0,1),(980,'Karma','light-bowgun',8,'karma','{\"ammoCapacities\":{\"normal\":[4,3,0],\"piercing\":[5,2,2],\"spread\":[3,2,0],\"sticky\":[2,0,0],\"cluster\":[0,0,0],\"recover\":[0,0],\"poison\":[5,0],\"paralysis\":[4,0],\"sleep\":[5,0],\"exhaust\":[4,0],\"flaming\":[0],\"water\":[0],\"freeze\":[0],\"thunder\":[4],\"dragon\":[0],\"slicing\":[1],\"wyvern\":[0],\"demon\":[1],\"armor\":[0],\"tranq\":[2]},\"attack\":\"234\",\"affinity\":30,\"deviation\":\"None\",\"specialAmmo\":\"Wyvernblast\"}',980,1016,980,234,180,0,1),(981,'Dragonbone Bowgun 1','light-bowgun',3,'dragonbone-bowgun-1','{\"ammoCapacities\":{\"normal\":[3,0,0],\"piercing\":[4,0,0],\"spread\":[3,0,0],\"sticky\":[0,0,0],\"cluster\":[0,0,0],\"recover\":[0,0],\"poison\":[6,0],\"paralysis\":[3,0],\"sleep\":[5,0],\"exhaust\":[5,0],\"flaming\":[5],\"water\":[0],\"freeze\":[0],\"thunder\":[0],\"dragon\":[3],\"slicing\":[0],\"wyvern\":[0],\"demon\":[2],\"armor\":[2],\"tranq\":[2]},\"attack\":\"130\",\"deviation\":\"Low\",\"specialAmmo\":\"Wyvernblast\"}',981,953,981,130,100,0,0),(982,'Dragonbone Bowgun 2','light-bowgun',4,'dragonbone-bowgun-2','{\"ammoCapacities\":{\"normal\":[3,0,0],\"piercing\":[4,0,0],\"spread\":[3,0,0],\"sticky\":[0,0,0],\"cluster\":[0,0,0],\"recover\":[0,0],\"poison\":[6,0],\"paralysis\":[3,0],\"sleep\":[5,0],\"exhaust\":[5,0],\"flaming\":[5],\"water\":[0],\"freeze\":[0],\"thunder\":[0],\"dragon\":[3],\"slicing\":[0],\"wyvern\":[0],\"demon\":[2],\"armor\":[2],\"tranq\":[2]},\"attack\":\"143\",\"deviation\":\"Low\",\"specialAmmo\":\"Wyvernblast\"}',982,965,982,143,110,0,0),(983,'Dragonbone Bowgun 3','light-bowgun',6,'dragonbone-bowgun-3','{\"ammoCapacities\":{\"normal\":[3,0,0],\"piercing\":[4,0,0],\"spread\":[3,0,0],\"sticky\":[0,0,0],\"cluster\":[0,0,0],\"recover\":[0,0],\"poison\":[6,0],\"paralysis\":[3,0],\"sleep\":[5,0],\"exhaust\":[5,0],\"flaming\":[5],\"water\":[0],\"freeze\":[0],\"thunder\":[0],\"dragon\":[3],\"slicing\":[0],\"wyvern\":[0],\"demon\":[2],\"armor\":[2],\"tranq\":[2]},\"attack\":\"208\",\"deviation\":\"Low\",\"specialAmmo\":\"Wyvernblast\"}',983,1000,983,208,160,0,1),(984,'Onigashima','light-bowgun',7,'onigashima','{\"ammoCapacities\":{\"normal\":[1,1,0],\"piercing\":[1,0,0],\"spread\":[1,3,2],\"sticky\":[2,2,1],\"cluster\":[0,0,0],\"recover\":[0,0],\"poison\":[0,0],\"paralysis\":[0,0],\"sleep\":[0,0],\"exhaust\":[0,0],\"flaming\":[0],\"water\":[0],\"freeze\":[0],\"thunder\":[0],\"dragon\":[1],\"slicing\":[1],\"wyvern\":[0],\"demon\":[0],\"armor\":[0],\"tranq\":[2]},\"attack\":\"208\",\"deviation\":\"High\",\"specialAmmo\":\"Wyvernblast\"}',984,1010,984,208,160,0,1),(985,'Dai-Onigashima','light-bowgun',8,'dai-onigashima','{\"ammoCapacities\":{\"normal\":[1,1,0],\"piercing\":[1,0,0],\"spread\":[1,3,2],\"sticky\":[2,2,1],\"cluster\":[0,0,0],\"recover\":[0,0],\"poison\":[0,0],\"paralysis\":[0,0],\"sleep\":[0,0],\"exhaust\":[0,0],\"flaming\":[0],\"water\":[0],\"freeze\":[0],\"thunder\":[0],\"dragon\":[1],\"slicing\":[1],\"wyvern\":[0],\"demon\":[0],\"armor\":[0],\"tranq\":[2]},\"attack\":\"221\",\"deviation\":\"High\",\"specialAmmo\":\"Wyvernblast\"}',985,1017,985,221,170,0,1),(986,'Mythical Horn','light-bowgun',4,'mythical-horn','{\"ammoCapacities\":{\"normal\":[3,2,1],\"piercing\":[4,4,0],\"spread\":[0,0,0],\"sticky\":[0,0,0],\"cluster\":[0,0,0],\"recover\":[3,0],\"poison\":[0,0],\"paralysis\":[3,3],\"sleep\":[0,0],\"exhaust\":[0,5],\"flaming\":[0],\"water\":[5],\"freeze\":[5],\"thunder\":[3],\"dragon\":[0],\"slicing\":[0],\"wyvern\":[0],\"demon\":[0],\"armor\":[2],\"tranq\":[2]},\"attack\":\"143\",\"deviation\":\"Low\",\"specialAmmo\":\"Wyvernblast\"}',986,966,986,143,110,0,0),(987,'Mythical Horn+','light-bowgun',7,'mythical-horn+','{\"ammoCapacities\":{\"normal\":[3,2,1],\"piercing\":[4,4,0],\"spread\":[0,0,0],\"sticky\":[0,0,0],\"cluster\":[0,0,0],\"recover\":[3,0],\"poison\":[0,0],\"paralysis\":[3,3],\"sleep\":[0,0],\"exhaust\":[0,5],\"flaming\":[0],\"water\":[5],\"freeze\":[5],\"thunder\":[3],\"dragon\":[0],\"slicing\":[0],\"wyvern\":[0],\"demon\":[0],\"armor\":[2],\"tranq\":[2]},\"attack\":\"182\",\"deviation\":\"Low\",\"specialAmmo\":\"Wyvernblast\"}',987,1011,987,182,140,0,0),(988,'Mythical Three-Horn','light-bowgun',8,'mythical-three-horn','{\"ammoCapacities\":{\"normal\":[3,2,1],\"piercing\":[4,4,0],\"spread\":[0,0,0],\"sticky\":[0,0,0],\"cluster\":[0,0,0],\"recover\":[3,0],\"poison\":[0,0],\"paralysis\":[3,3],\"sleep\":[0,0],\"exhaust\":[0,5],\"flaming\":[0],\"water\":[5],\"freeze\":[5],\"thunder\":[3],\"dragon\":[0],\"slicing\":[0],\"wyvern\":[0],\"demon\":[0],\"armor\":[2],\"tranq\":[2]},\"attack\":\"208\",\"deviation\":\"Low\",\"specialAmmo\":\"Wyvernblast\"}',988,1018,988,208,160,0,0),(989,'Blacksteel Crossbow 1','light-bowgun',5,'blacksteel-crossbow-1','{\"ammoCapacities\":{\"normal\":[3,0,0],\"piercing\":[4,0,0],\"spread\":[3,0,0],\"sticky\":[0,0,0],\"cluster\":[0,0,0],\"recover\":[0,0],\"poison\":[6,0],\"paralysis\":[3,0],\"sleep\":[5,0],\"exhaust\":[5,0],\"flaming\":[5],\"water\":[0],\"freeze\":[0],\"thunder\":[0],\"dragon\":[3],\"slicing\":[0],\"wyvern\":[0],\"demon\":[2],\"armor\":[2],\"tranq\":[2]},\"attack\":\"130\",\"deviation\":\"Low\",\"specialAmmo\":\"Wyvernblast\"}',989,978,989,130,100,0,0),(990,'Blacksteel Crossbow 2','light-bowgun',6,'blacksteel-crossbow-2','{\"ammoCapacities\":{\"normal\":[3,0,0],\"piercing\":[4,0,0],\"spread\":[3,0,0],\"sticky\":[0,0,0],\"cluster\":[0,0,0],\"recover\":[0,0],\"poison\":[6,0],\"paralysis\":[3,0],\"sleep\":[5,0],\"exhaust\":[5,0],\"flaming\":[5],\"water\":[0],\"freeze\":[0],\"thunder\":[0],\"dragon\":[3],\"slicing\":[0],\"wyvern\":[0],\"demon\":[2],\"armor\":[2],\"tranq\":[2]},\"attack\":\"143\",\"deviation\":\"Low\",\"specialAmmo\":\"Wyvernblast\"}',990,1001,990,143,110,0,0),(991,'Icesteel Wasp','light-bowgun',7,'icesteel-wasp','{\"ammoCapacities\":{\"normal\":[3,2,2],\"piercing\":[3,2,1],\"spread\":[4,4,0],\"sticky\":[2,0,0],\"cluster\":[0,0,0],\"recover\":[0,0],\"poison\":[0,0],\"paralysis\":[3,0],\"sleep\":[5,0],\"exhaust\":[5,5],\"flaming\":[0],\"water\":[0],\"freeze\":[3],\"thunder\":[0],\"dragon\":[0],\"slicing\":[2],\"wyvern\":[0],\"demon\":[0],\"armor\":[2],\"tranq\":[2]},\"attack\":\"221\",\"affinity\":10,\"deviation\":\"Low\",\"specialAmmo\":\"Wyvernblast\"}',991,1012,991,221,170,0,1),(992,'Daora\'s Hornet','light-bowgun',8,'daoras-hornet','{\"ammoCapacities\":{\"normal\":[3,2,2],\"piercing\":[3,2,1],\"spread\":[4,4,0],\"sticky\":[2,0,0],\"cluster\":[0,0,0],\"recover\":[0,0],\"poison\":[0,0],\"paralysis\":[3,0],\"sleep\":[5,0],\"exhaust\":[5,5],\"flaming\":[0],\"water\":[0],\"freeze\":[3],\"thunder\":[0],\"dragon\":[0],\"slicing\":[2],\"wyvern\":[0],\"demon\":[0],\"armor\":[2],\"tranq\":[2]},\"attack\":\"234\",\"affinity\":10,\"deviation\":\"Low\",\"specialAmmo\":\"Wyvernblast\"}',992,1019,992,234,180,0,1),(993,'Xeno Neqiina','light-bowgun',8,'xeno-neqiina','{\"ammoCapacities\":{\"normal\":[6,0,3],\"piercing\":[0,3,2],\"spread\":[0,3,2],\"sticky\":[0,0,1],\"cluster\":[0,0,0],\"recover\":[0,0],\"poison\":[0,1],\"paralysis\":[0,4],\"sleep\":[0,1],\"exhaust\":[0,4],\"flaming\":[4],\"water\":[4],\"freeze\":[4],\"thunder\":[4],\"dragon\":[1],\"slicing\":[1],\"wyvern\":[0],\"demon\":[0],\"armor\":[0],\"tranq\":[2]},\"attack\":\"234\",\"deviation\":\"Average\",\"specialAmmo\":\"Wyvernblast\"}',993,1020,993,234,180,0,2),(994,'Cross Bowgun','light-bowgun',6,'cross-bowgun','{\"ammoCapacities\":{\"normal\":[6,4,3],\"piercing\":[5,3,0],\"spread\":[4,0,0],\"sticky\":[2,1,0],\"cluster\":[0,0,0],\"recover\":[3,2],\"poison\":[5,1],\"paralysis\":[1,4],\"sleep\":[5,1],\"exhaust\":[0,0],\"flaming\":[0],\"water\":[0],\"freeze\":[0],\"thunder\":[0],\"dragon\":[0],\"slicing\":[0],\"wyvern\":[0],\"demon\":[0],\"armor\":[0],\"tranq\":[2]},\"attack\":\"234\",\"defense\":20,\"deviation\":\"None\",\"specialAmmo\":\"Wyvernblast\"}',994,1002,994,234,180,0,1),(995,'Great Bowgun','light-bowgun',8,'great-bowgun','{\"ammoCapacities\":{\"normal\":[6,4,3],\"piercing\":[5,3,0],\"spread\":[4,0,0],\"sticky\":[2,1,0],\"cluster\":[0,0,0],\"recover\":[3,2],\"poison\":[5,1],\"paralysis\":[1,4],\"sleep\":[5,1],\"exhaust\":[0,0],\"flaming\":[0],\"water\":[0],\"freeze\":[0],\"thunder\":[0],\"dragon\":[0],\"slicing\":[0],\"wyvern\":[0],\"demon\":[0],\"armor\":[0],\"tranq\":[2]},\"attack\":\"260\",\"defense\":20,\"deviation\":\"None\",\"specialAmmo\":\"Wyvernblast\"}',995,1021,995,260,200,0,1),(996,'Iron Assault 1','heavy-bowgun',1,'iron-assault-1','{\"ammoCapacities\":{\"normal\":[9,6,5],\"piercing\":[7,5,4],\"spread\":[6,0,0],\"sticky\":[3,0,0],\"cluster\":[2,0,0],\"recover\":[2,0],\"poison\":[4,3],\"paralysis\":[0,0],\"sleep\":[0,0],\"exhaust\":[0,0],\"flaming\":[0],\"water\":[0],\"freeze\":[0],\"thunder\":[0],\"dragon\":[0],\"slicing\":[3],\"wyvern\":[1],\"demon\":[0],\"armor\":[2],\"tranq\":[3]},\"attack\":\"150\",\"deviation\":\"Low\",\"specialAmmo\":\"Wyvernheart\"}',996,1022,996,150,100,0,0),(997,'Iron Assault 2','heavy-bowgun',1,'iron-assault-2','{\"ammoCapacities\":{\"normal\":[9,6,5],\"piercing\":[7,5,4],\"spread\":[6,0,0],\"sticky\":[3,0,0],\"cluster\":[2,0,0],\"recover\":[2,0],\"poison\":[4,3],\"paralysis\":[0,0],\"sleep\":[0,0],\"exhaust\":[0,0],\"flaming\":[0],\"water\":[0],\"freeze\":[0],\"thunder\":[0],\"dragon\":[0],\"slicing\":[3],\"wyvern\":[1],\"demon\":[0],\"armor\":[2],\"tranq\":[3]},\"attack\":\"165\",\"deviation\":\"Low\",\"specialAmmo\":\"Wyvernheart\"}',997,1023,997,165,110,0,0),(998,'Iron Assault 3','heavy-bowgun',2,'iron-assault-3','{\"ammoCapacities\":{\"normal\":[9,6,5],\"piercing\":[7,5,4],\"spread\":[6,0,0],\"sticky\":[3,0,0],\"cluster\":[2,0,0],\"recover\":[2,0],\"poison\":[4,3],\"paralysis\":[0,0],\"sleep\":[0,0],\"exhaust\":[0,0],\"flaming\":[0],\"water\":[0],\"freeze\":[0],\"thunder\":[0],\"dragon\":[0],\"slicing\":[3],\"wyvern\":[1],\"demon\":[0],\"armor\":[2],\"tranq\":[3]},\"attack\":\"180\",\"deviation\":\"Low\",\"specialAmmo\":\"Wyvernheart\"}',998,1026,998,180,120,0,0),(999,'Steel Assault 1','heavy-bowgun',3,'steel-assault-1','{\"ammoCapacities\":{\"normal\":[9,6,5],\"piercing\":[7,5,4],\"spread\":[6,0,0],\"sticky\":[3,0,0],\"cluster\":[2,0,0],\"recover\":[2,0],\"poison\":[4,3],\"paralysis\":[0,0],\"sleep\":[0,0],\"exhaust\":[0,0],\"flaming\":[0],\"water\":[0],\"freeze\":[0],\"thunder\":[0],\"dragon\":[0],\"slicing\":[3],\"wyvern\":[1],\"demon\":[0],\"armor\":[2],\"tranq\":[3]},\"attack\":\"195\",\"deviation\":\"Low\",\"specialAmmo\":\"Wyvernheart\"}',999,1032,999,195,130,0,0),(1000,'Steel Assault 2','heavy-bowgun',4,'steel-assault-2','{\"ammoCapacities\":{\"normal\":[9,6,5],\"piercing\":[7,5,4],\"spread\":[6,0,0],\"sticky\":[3,0,0],\"cluster\":[2,0,0],\"recover\":[2,0],\"poison\":[4,3],\"paralysis\":[0,0],\"sleep\":[0,0],\"exhaust\":[0,0],\"flaming\":[0],\"water\":[0],\"freeze\":[0],\"thunder\":[0],\"dragon\":[0],\"slicing\":[3],\"wyvern\":[1],\"demon\":[0],\"armor\":[2],\"tranq\":[3]},\"attack\":\"210\",\"deviation\":\"Low\",\"specialAmmo\":\"Wyvernheart\"}',1000,1042,1000,210,140,0,0),(1001,'Steel Assault 3','heavy-bowgun',5,'steel-assault-3','{\"ammoCapacities\":{\"normal\":[9,6,5],\"piercing\":[7,5,4],\"spread\":[6,0,0],\"sticky\":[3,0,0],\"cluster\":[2,0,0],\"recover\":[2,0],\"poison\":[4,3],\"paralysis\":[0,0],\"sleep\":[0,0],\"exhaust\":[0,0],\"flaming\":[0],\"water\":[0],\"freeze\":[0],\"thunder\":[0],\"dragon\":[0],\"slicing\":[3],\"wyvern\":[1],\"demon\":[0],\"armor\":[2],\"tranq\":[3]},\"attack\":\"225\",\"deviation\":\"Low\",\"specialAmmo\":\"Wyvernheart\"}',1001,1056,1001,225,150,0,1),(1002,'Chrome Assault 1','heavy-bowgun',6,'chrome-assault-1','{\"ammoCapacities\":{\"normal\":[9,6,5],\"piercing\":[7,5,4],\"spread\":[6,0,0],\"sticky\":[3,0,0],\"cluster\":[2,0,0],\"recover\":[2,0],\"poison\":[4,3],\"paralysis\":[0,0],\"sleep\":[0,0],\"exhaust\":[0,0],\"flaming\":[0],\"water\":[0],\"freeze\":[0],\"thunder\":[0],\"dragon\":[0],\"slicing\":[3],\"wyvern\":[1],\"demon\":[0],\"armor\":[2],\"tranq\":[3]},\"attack\":\"240\",\"deviation\":\"Low\",\"specialAmmo\":\"Wyvernheart\"}',1002,1067,1002,240,160,0,1),(1003,'Chrome Assault 2','heavy-bowgun',6,'chrome-assault-2','{\"ammoCapacities\":{\"normal\":[9,6,5],\"piercing\":[7,5,4],\"spread\":[6,0,0],\"sticky\":[3,0,0],\"cluster\":[2,0,0],\"recover\":[2,0],\"poison\":[4,3],\"paralysis\":[0,0],\"sleep\":[0,0],\"exhaust\":[0,0],\"flaming\":[0],\"water\":[0],\"freeze\":[0],\"thunder\":[0],\"dragon\":[0],\"slicing\":[3],\"wyvern\":[1],\"demon\":[0],\"armor\":[2],\"tranq\":[3]},\"attack\":\"255\",\"deviation\":\"Low\",\"specialAmmo\":\"Wyvernheart\"}',1003,1068,1003,255,170,0,2),(1004,'Nergal Roar','heavy-bowgun',7,'nergal-roar','{\"ammoCapacities\":{\"normal\":[1,5,3],\"piercing\":[4,0,0],\"spread\":[1,3,3],\"sticky\":[0,2,1],\"cluster\":[0,0,0],\"recover\":[1,1],\"poison\":[0,0],\"paralysis\":[0,1],\"sleep\":[0,1],\"exhaust\":[0,0],\"flaming\":[0],\"water\":[4],\"freeze\":[4],\"thunder\":[0],\"dragon\":[2],\"slicing\":[0],\"wyvern\":[1],\"demon\":[1],\"armor\":[1],\"tranq\":[3]},\"attack\":\"270\",\"deviation\":\"Average\",\"specialAmmo\":\"Wyvernheart\"}',1004,1088,1004,270,180,0,1),(1005,'Destruction\'s Fusillade','heavy-bowgun',8,'destructions-fusillade','{\"ammoCapacities\":{\"normal\":[1,5,3],\"piercing\":[4,0,0],\"spread\":[1,3,3],\"sticky\":[0,2,1],\"cluster\":[0,0,0],\"recover\":[1,1],\"poison\":[0,0],\"paralysis\":[0,1],\"sleep\":[0,1],\"exhaust\":[0,0],\"flaming\":[0],\"water\":[4],\"freeze\":[4],\"thunder\":[0],\"dragon\":[2],\"slicing\":[0],\"wyvern\":[1],\"demon\":[1],\"armor\":[1],\"tranq\":[3]},\"attack\":\"285\",\"deviation\":\"Average\",\"specialAmmo\":\"Wyvernheart\"}',1005,1098,1005,285,190,0,1),(1006,'Aqua Assault 1','heavy-bowgun',2,'aqua-assault-1','{\"ammoCapacities\":{\"normal\":[7,6,4],\"piercing\":[6,5,0],\"spread\":[6,3,0],\"sticky\":[4,3,0],\"cluster\":[1,0,0],\"recover\":[0,0],\"poison\":[7,5],\"paralysis\":[1,0],\"sleep\":[0,0],\"exhaust\":[0,0],\"flaming\":[0],\"water\":[7],\"freeze\":[0],\"thunder\":[0],\"dragon\":[0],\"slicing\":[2],\"wyvern\":[1],\"demon\":[0],\"armor\":[0],\"tranq\":[3]},\"attack\":\"180\",\"deviation\":\"Low\",\"specialAmmo\":\"Wyvernheart\"}',1006,1027,1006,180,120,0,0),(1007,'Aqua Assault 2','heavy-bowgun',3,'aqua-assault-2','{\"ammoCapacities\":{\"normal\":[7,6,4],\"piercing\":[6,5,0],\"spread\":[6,3,0],\"sticky\":[4,3,0],\"cluster\":[1,0,0],\"recover\":[0,0],\"poison\":[7,5],\"paralysis\":[1,0],\"sleep\":[0,0],\"exhaust\":[0,0],\"flaming\":[0],\"water\":[7],\"freeze\":[0],\"thunder\":[0],\"dragon\":[0],\"slicing\":[2],\"wyvern\":[1],\"demon\":[0],\"armor\":[0],\"tranq\":[3]},\"attack\":\"195\",\"deviation\":\"Low\",\"specialAmmo\":\"Wyvernheart\"}',1007,1033,1007,195,130,0,0),(1008,'Aqua Assault 3','heavy-bowgun',4,'aqua-assault-3','{\"ammoCapacities\":{\"normal\":[7,6,4],\"piercing\":[6,5,0],\"spread\":[6,3,0],\"sticky\":[4,3,0],\"cluster\":[1,0,0],\"recover\":[0,0],\"poison\":[7,5],\"paralysis\":[1,0],\"sleep\":[0,0],\"exhaust\":[0,0],\"flaming\":[0],\"water\":[7],\"freeze\":[0],\"thunder\":[0],\"dragon\":[0],\"slicing\":[2],\"wyvern\":[1],\"demon\":[0],\"armor\":[0],\"tranq\":[3]},\"attack\":\"210\",\"deviation\":\"Low\",\"specialAmmo\":\"Wyvernheart\"}',1008,1043,1008,210,140,0,0),(1009,'Water Cannon 1','heavy-bowgun',5,'water-cannon-1','{\"ammoCapacities\":{\"normal\":[7,6,4],\"piercing\":[6,5,0],\"spread\":[6,3,0],\"sticky\":[4,3,0],\"cluster\":[1,0,0],\"recover\":[0,0],\"poison\":[7,5],\"paralysis\":[1,0],\"sleep\":[0,0],\"exhaust\":[0,0],\"flaming\":[0],\"water\":[7],\"freeze\":[0],\"thunder\":[0],\"dragon\":[0],\"slicing\":[2],\"wyvern\":[1],\"demon\":[0],\"armor\":[0],\"tranq\":[3]},\"attack\":\"225\",\"deviation\":\"Low\",\"specialAmmo\":\"Wyvernheart\"}',1009,1057,1009,225,150,0,0),(1010,'Water Cannon 2','heavy-bowgun',6,'water-cannon-2','{\"ammoCapacities\":{\"normal\":[7,6,4],\"piercing\":[6,5,0],\"spread\":[6,3,0],\"sticky\":[4,3,0],\"cluster\":[1,0,0],\"recover\":[0,0],\"poison\":[7,5],\"paralysis\":[1,0],\"sleep\":[0,0],\"exhaust\":[0,0],\"flaming\":[0],\"water\":[7],\"freeze\":[0],\"thunder\":[0],\"dragon\":[0],\"slicing\":[2],\"wyvern\":[1],\"demon\":[0],\"armor\":[0],\"tranq\":[3]},\"attack\":\"240\",\"deviation\":\"Low\",\"specialAmmo\":\"Wyvernheart\"}',1010,1069,1010,240,160,0,0),(1011,'Water Cannon 3','heavy-bowgun',6,'water-cannon-3','{\"ammoCapacities\":{\"normal\":[7,6,4],\"piercing\":[6,5,0],\"spread\":[6,3,0],\"sticky\":[4,3,0],\"cluster\":[1,0,0],\"recover\":[0,0],\"poison\":[7,5],\"paralysis\":[1,0],\"sleep\":[0,0],\"exhaust\":[0,0],\"flaming\":[0],\"water\":[7],\"freeze\":[0],\"thunder\":[0],\"dragon\":[0],\"slicing\":[2],\"wyvern\":[1],\"demon\":[0],\"armor\":[0],\"tranq\":[3]},\"attack\":\"255\",\"deviation\":\"Low\",\"specialAmmo\":\"Wyvernheart\"}',1011,1070,1011,255,170,0,0),(1012,'Luminous Assault 1','heavy-bowgun',3,'luminous-assault-1','{\"ammoCapacities\":{\"normal\":[7,6,0],\"piercing\":[6,0,0],\"spread\":[6,3,3],\"sticky\":[4,0,0],\"cluster\":[1,0,0],\"recover\":[2,2],\"poison\":[0,0],\"paralysis\":[1,4],\"sleep\":[5,3],\"exhaust\":[0,0],\"flaming\":[0],\"water\":[0],\"freeze\":[0],\"thunder\":[0],\"dragon\":[0],\"slicing\":[0],\"wyvern\":[1],\"demon\":[0],\"armor\":[0],\"tranq\":[3]},\"attack\":\"195\",\"deviation\":\"Low\",\"specialAmmo\":\"Wyvernheart\"}',1012,1034,1012,195,130,0,0),(1013,'Luminous Assault 2','heavy-bowgun',4,'luminous-assault-2','{\"ammoCapacities\":{\"normal\":[7,6,0],\"piercing\":[6,0,0],\"spread\":[6,3,3],\"sticky\":[4,0,0],\"cluster\":[1,0,0],\"recover\":[2,2],\"poison\":[0,0],\"paralysis\":[1,4],\"sleep\":[5,3],\"exhaust\":[0,0],\"flaming\":[0],\"water\":[0],\"freeze\":[0],\"thunder\":[0],\"dragon\":[0],\"slicing\":[0],\"wyvern\":[1],\"demon\":[0],\"armor\":[0],\"tranq\":[3]},\"attack\":\"210\",\"deviation\":\"Low\",\"specialAmmo\":\"Wyvernheart\"}',1013,1044,1013,210,140,0,0),(1014,'Arma Destroyer 1','heavy-bowgun',4,'arma-destroyer-1','{\"ammoCapacities\":{\"normal\":[7,6,0],\"piercing\":[6,0,0],\"spread\":[6,3,3],\"sticky\":[4,0,0],\"cluster\":[1,0,0],\"recover\":[2,2],\"poison\":[0,0],\"paralysis\":[1,4],\"sleep\":[5,3],\"exhaust\":[0,0],\"flaming\":[0],\"water\":[0],\"freeze\":[0],\"thunder\":[0],\"dragon\":[0],\"slicing\":[0],\"wyvern\":[1],\"demon\":[0],\"armor\":[0],\"tranq\":[3]},\"attack\":\"225\",\"deviation\":\"Low\",\"specialAmmo\":\"Wyvernheart\"}',1014,1045,1014,225,150,0,1),(1015,'Arma Destroyer 2','heavy-bowgun',6,'arma-destroyer-2','{\"ammoCapacities\":{\"normal\":[7,6,0],\"piercing\":[6,0,0],\"spread\":[6,3,3],\"sticky\":[4,0,0],\"cluster\":[1,0,0],\"recover\":[2,2],\"poison\":[0,0],\"paralysis\":[1,4],\"sleep\":[5,3],\"exhaust\":[0,0],\"flaming\":[0],\"water\":[0],\"freeze\":[0],\"thunder\":[0],\"dragon\":[0],\"slicing\":[0],\"wyvern\":[1],\"demon\":[0],\"armor\":[0],\"tranq\":[3]},\"attack\":\"240\",\"deviation\":\"Low\",\"specialAmmo\":\"Wyvernheart\"}',1015,1071,1015,240,160,0,1),(1016,'Arma Destroyer 3','heavy-bowgun',6,'arma-destroyer-3','{\"ammoCapacities\":{\"normal\":[7,6,0],\"piercing\":[6,0,0],\"spread\":[6,3,3],\"sticky\":[4,0,0],\"cluster\":[1,0,0],\"recover\":[2,2],\"poison\":[0,0],\"paralysis\":[1,4],\"sleep\":[5,3],\"exhaust\":[0,0],\"flaming\":[0],\"water\":[0],\"freeze\":[0],\"thunder\":[0],\"dragon\":[0],\"slicing\":[0],\"wyvern\":[1],\"demon\":[0],\"armor\":[0],\"tranq\":[3]},\"attack\":\"255\",\"deviation\":\"Low\",\"specialAmmo\":\"Wyvernheart\"}',1016,1072,1016,255,170,0,1),(1017,'Shattercryst','heavy-bowgun',4,'shattercryst','{\"ammoCapacities\":{\"normal\":[5,4,0],\"piercing\":[10,8,6],\"spread\":[0,0,0],\"sticky\":[2,0,0],\"cluster\":[3,3,0],\"recover\":[1,0],\"poison\":[0,0],\"paralysis\":[0,0],\"sleep\":[2,1],\"exhaust\":[1,4],\"flaming\":[5],\"water\":[0],\"freeze\":[5],\"thunder\":[0],\"dragon\":[0],\"slicing\":[1],\"wyvern\":[1],\"demon\":[0],\"armor\":[1],\"tranq\":[3]},\"attack\":\"210\",\"deviation\":\"None\",\"specialAmmo\":\"Wyvernheart\"}',1017,1046,1017,210,140,0,0),(1018,'Shattercryst+','heavy-bowgun',6,'shattercryst+','{\"ammoCapacities\":{\"normal\":[5,4,0],\"piercing\":[10,8,6],\"spread\":[0,0,0],\"sticky\":[2,0,0],\"cluster\":[3,3,0],\"recover\":[1,0],\"poison\":[0,0],\"paralysis\":[0,0],\"sleep\":[2,1],\"exhaust\":[1,4],\"flaming\":[5],\"water\":[0],\"freeze\":[5],\"thunder\":[0],\"dragon\":[0],\"slicing\":[1],\"wyvern\":[1],\"demon\":[0],\"armor\":[1],\"tranq\":[3]},\"attack\":\"240\",\"deviation\":\"None\",\"specialAmmo\":\"Wyvernheart\"}',1018,1073,1018,240,160,0,1),(1019,'Legia Shattercryst','heavy-bowgun',7,'legia-shattercryst','{\"ammoCapacities\":{\"normal\":[5,4,0],\"piercing\":[10,8,6],\"spread\":[0,0,0],\"sticky\":[2,0,0],\"cluster\":[3,3,0],\"recover\":[1,0],\"poison\":[0,0],\"paralysis\":[0,0],\"sleep\":[2,1],\"exhaust\":[1,4],\"flaming\":[5],\"water\":[0],\"freeze\":[5],\"thunder\":[0],\"dragon\":[0],\"slicing\":[1],\"wyvern\":[1],\"demon\":[0],\"armor\":[1],\"tranq\":[3]},\"attack\":\"255\",\"deviation\":\"None\",\"specialAmmo\":\"Wyvernheart\"}',1019,1089,1019,255,170,0,1),(1020,'Jagras Assault 1','heavy-bowgun',2,'jagras-assault-1','{\"ammoCapacities\":{\"normal\":[5,4,0],\"piercing\":[5,0,0],\"spread\":[10,6,0],\"sticky\":[2,0,0],\"cluster\":[1,1,0],\"recover\":[1,1],\"poison\":[0,0],\"paralysis\":[2,0],\"sleep\":[0,0],\"exhaust\":[1,0],\"flaming\":[0],\"water\":[0],\"freeze\":[0],\"thunder\":[0],\"dragon\":[0],\"slicing\":[0],\"wyvern\":[0],\"demon\":[1],\"armor\":[1],\"tranq\":[3]},\"attack\":\"180\",\"deviation\":\"Average\",\"specialAmmo\":\"Wyvernheart\"}',1020,1028,1020,180,120,0,0),(1021,'Jagras Assault 2','heavy-bowgun',3,'jagras-assault-2','{\"ammoCapacities\":{\"normal\":[5,4,0],\"piercing\":[5,0,0],\"spread\":[10,6,0],\"sticky\":[2,0,0],\"cluster\":[1,1,0],\"recover\":[1,1],\"poison\":[0,0],\"paralysis\":[2,0],\"sleep\":[0,0],\"exhaust\":[1,0],\"flaming\":[0],\"water\":[0],\"freeze\":[0],\"thunder\":[0],\"dragon\":[0],\"slicing\":[0],\"wyvern\":[0],\"demon\":[1],\"armor\":[1],\"tranq\":[3]},\"attack\":\"195\",\"deviation\":\"Average\",\"specialAmmo\":\"Wyvernheart\"}',1021,1035,1021,195,130,0,0),(1022,'Jagras Assault 3','heavy-bowgun',4,'jagras-assault-3','{\"ammoCapacities\":{\"normal\":[5,4,0],\"piercing\":[5,0,0],\"spread\":[10,6,0],\"sticky\":[2,0,0],\"cluster\":[1,1,0],\"recover\":[1,1],\"poison\":[0,0],\"paralysis\":[2,0],\"sleep\":[0,0],\"exhaust\":[1,0],\"flaming\":[0],\"water\":[0],\"freeze\":[0],\"thunder\":[0],\"dragon\":[0],\"slicing\":[0],\"wyvern\":[0],\"demon\":[1],\"armor\":[1],\"tranq\":[3]},\"attack\":\"210\",\"deviation\":\"Average\",\"specialAmmo\":\"Wyvernheart\"}',1022,1047,1022,210,140,0,0),(1023,'Jagras Cannon 1','heavy-bowgun',5,'jagras-cannon-1','{\"ammoCapacities\":{\"normal\":[5,4,0],\"piercing\":[5,0,0],\"spread\":[10,6,0],\"sticky\":[2,0,0],\"cluster\":[1,1,0],\"recover\":[1,1],\"poison\":[0,0],\"paralysis\":[2,0],\"sleep\":[0,0],\"exhaust\":[1,0],\"flaming\":[0],\"water\":[0],\"freeze\":[0],\"thunder\":[0],\"dragon\":[0],\"slicing\":[0],\"wyvern\":[0],\"demon\":[1],\"armor\":[1],\"tranq\":[3]},\"attack\":\"240\",\"deviation\":\"Average\",\"specialAmmo\":\"Wyvernheart\"}',1023,1058,1023,240,160,0,1),(1024,'Jagras Cannon 2','heavy-bowgun',6,'jagras-cannon-2','{\"ammoCapacities\":{\"normal\":[5,4,0],\"piercing\":[5,0,0],\"spread\":[10,6,0],\"sticky\":[2,0,0],\"cluster\":[1,1,0],\"recover\":[1,1],\"poison\":[0,0],\"paralysis\":[2,0],\"sleep\":[0,0],\"exhaust\":[1,0],\"flaming\":[0],\"water\":[0],\"freeze\":[0],\"thunder\":[0],\"dragon\":[0],\"slicing\":[0],\"wyvern\":[0],\"demon\":[1],\"armor\":[1],\"tranq\":[3]},\"attack\":\"255\",\"deviation\":\"Average\",\"specialAmmo\":\"Wyvernheart\"}',1024,1074,1024,255,170,0,1),(1025,'Jagras Cannon 3','heavy-bowgun',7,'jagras-cannon-3','{\"ammoCapacities\":{\"normal\":[5,4,0],\"piercing\":[5,0,0],\"spread\":[10,6,0],\"sticky\":[2,0,0],\"cluster\":[1,1,0],\"recover\":[1,1],\"poison\":[0,0],\"paralysis\":[2,0],\"sleep\":[0,0],\"exhaust\":[1,0],\"flaming\":[0],\"water\":[0],\"freeze\":[0],\"thunder\":[0],\"dragon\":[0],\"slicing\":[0],\"wyvern\":[0],\"demon\":[1],\"armor\":[1],\"tranq\":[3]},\"attack\":\"270\",\"deviation\":\"Average\",\"specialAmmo\":\"Wyvernheart\"}',1025,1090,1025,270,180,0,1),(1026,'Blazing Assault 1','heavy-bowgun',3,'blazing-assault-1','{\"ammoCapacities\":{\"normal\":[10,9,6],\"piercing\":[9,7,0],\"spread\":[9,6,5],\"sticky\":[4,3,0],\"cluster\":[3,2,0],\"recover\":[0,0],\"poison\":[5,5],\"paralysis\":[4,0],\"sleep\":[0,0],\"exhaust\":[0,0],\"flaming\":[7],\"water\":[0],\"freeze\":[0],\"thunder\":[0],\"dragon\":[3],\"slicing\":[0],\"wyvern\":[1],\"demon\":[2],\"armor\":[0],\"tranq\":[3]},\"attack\":\"210\",\"affinity\":-20,\"deviation\":\"High\",\"specialAmmo\":\"Wyvernheart\"}',1026,1036,1026,210,140,0,0),(1027,'Blazing Assault 2','heavy-bowgun',4,'blazing-assault-2','{\"ammoCapacities\":{\"normal\":[10,9,6],\"piercing\":[9,7,0],\"spread\":[9,6,5],\"sticky\":[4,3,0],\"cluster\":[3,2,0],\"recover\":[0,0],\"poison\":[5,5],\"paralysis\":[4,0],\"sleep\":[0,0],\"exhaust\":[0,0],\"flaming\":[7],\"water\":[0],\"freeze\":[0],\"thunder\":[0],\"dragon\":[3],\"slicing\":[0],\"wyvern\":[1],\"demon\":[2],\"armor\":[0],\"tranq\":[3]},\"attack\":\"225\",\"affinity\":-20,\"deviation\":\"High\",\"specialAmmo\":\"Wyvernheart\"}',1027,1048,1027,225,150,0,0),(1028,'Flammenkanone','heavy-bowgun',5,'flammenkanone','{\"ammoCapacities\":{\"normal\":[10,9,6],\"piercing\":[9,7,0],\"spread\":[9,6,5],\"sticky\":[4,3,0],\"cluster\":[3,2,0],\"recover\":[0,0],\"poison\":[5,5],\"paralysis\":[4,0],\"sleep\":[0,0],\"exhaust\":[0,0],\"flaming\":[7],\"water\":[0],\"freeze\":[0],\"thunder\":[0],\"dragon\":[3],\"slicing\":[0],\"wyvern\":[1],\"demon\":[2],\"armor\":[0],\"tranq\":[3]},\"attack\":\"255\",\"affinity\":-20,\"deviation\":\"High\",\"specialAmmo\":\"Wyvernheart\"}',1028,1059,1028,255,170,0,1),(1029,'Gnashing Flammenkanone','heavy-bowgun',7,'gnashing-flammenkanone','{\"ammoCapacities\":{\"normal\":[10,9,6],\"piercing\":[9,7,0],\"spread\":[9,6,5],\"sticky\":[4,3,0],\"cluster\":[3,2,0],\"recover\":[0,0],\"poison\":[5,5],\"paralysis\":[4,0],\"sleep\":[0,0],\"exhaust\":[0,0],\"flaming\":[7],\"water\":[0],\"freeze\":[0],\"thunder\":[0],\"dragon\":[3],\"slicing\":[0],\"wyvern\":[1],\"demon\":[2],\"armor\":[0],\"tranq\":[3]},\"attack\":\"300\",\"affinity\":-20,\"deviation\":\"High\",\"specialAmmo\":\"Wyvernheart\"}',1029,1091,1029,300,200,0,0),(1030,'Bone Shooter 1','heavy-bowgun',1,'bone-shooter-1','{\"ammoCapacities\":{\"normal\":[9,6,5],\"piercing\":[7,0,0],\"spread\":[6,4,0],\"sticky\":[3,0,0],\"cluster\":[2,0,0],\"recover\":[2,0],\"poison\":[4,0],\"paralysis\":[3,0],\"sleep\":[3,0],\"exhaust\":[0,0],\"flaming\":[0],\"water\":[0],\"freeze\":[0],\"thunder\":[0],\"dragon\":[0],\"slicing\":[3],\"wyvern\":[1],\"demon\":[2],\"armor\":[0],\"tranq\":[3]},\"attack\":\"150\",\"deviation\":\"Average\",\"specialAmmo\":\"Wyvernsnipe\"}',1030,1024,1030,150,100,0,0),(1031,'Bone Shooter 2','heavy-bowgun',1,'bone-shooter-2','{\"ammoCapacities\":{\"normal\":[9,6,5],\"piercing\":[7,0,0],\"spread\":[6,4,0],\"sticky\":[3,0,0],\"cluster\":[2,0,0],\"recover\":[2,0],\"poison\":[4,0],\"paralysis\":[3,0],\"sleep\":[3,0],\"exhaust\":[0,0],\"flaming\":[0],\"water\":[0],\"freeze\":[0],\"thunder\":[0],\"dragon\":[0],\"slicing\":[3],\"wyvern\":[1],\"demon\":[2],\"armor\":[0],\"tranq\":[3]},\"attack\":\"165\",\"deviation\":\"Average\",\"specialAmmo\":\"Wyvernsnipe\"}',1031,1025,1031,165,110,0,0),(1032,'Bone Shooter 3','heavy-bowgun',2,'bone-shooter-3','{\"ammoCapacities\":{\"normal\":[9,6,5],\"piercing\":[7,0,0],\"spread\":[6,4,0],\"sticky\":[3,0,0],\"cluster\":[2,0,0],\"recover\":[2,0],\"poison\":[4,0],\"paralysis\":[3,0],\"sleep\":[3,0],\"exhaust\":[0,0],\"flaming\":[0],\"water\":[0],\"freeze\":[0],\"thunder\":[0],\"dragon\":[0],\"slicing\":[3],\"wyvern\":[1],\"demon\":[2],\"armor\":[0],\"tranq\":[3]},\"attack\":\"195\",\"deviation\":\"Average\",\"specialAmmo\":\"Wyvernsnipe\"}',1032,1029,1032,195,130,0,0),(1033,'Heavy Shooter 1','heavy-bowgun',3,'heavy-shooter-1','{\"ammoCapacities\":{\"normal\":[9,6,5],\"piercing\":[7,0,0],\"spread\":[6,4,0],\"sticky\":[3,0,0],\"cluster\":[2,0,0],\"recover\":[2,0],\"poison\":[4,0],\"paralysis\":[3,0],\"sleep\":[3,0],\"exhaust\":[0,0],\"flaming\":[0],\"water\":[0],\"freeze\":[0],\"thunder\":[0],\"dragon\":[0],\"slicing\":[3],\"wyvern\":[1],\"demon\":[2],\"armor\":[0],\"tranq\":[3]},\"attack\":\"210\",\"deviation\":\"Average\",\"specialAmmo\":\"Wyvernsnipe\"}',1033,1037,1033,210,140,0,0),(1034,'Heavy Shooter 2','heavy-bowgun',4,'heavy-shooter-2','{\"ammoCapacities\":{\"normal\":[9,6,5],\"piercing\":[7,0,0],\"spread\":[6,4,0],\"sticky\":[3,0,0],\"cluster\":[2,0,0],\"recover\":[2,0],\"poison\":[4,0],\"paralysis\":[3,0],\"sleep\":[3,0],\"exhaust\":[0,0],\"flaming\":[0],\"water\":[0],\"freeze\":[0],\"thunder\":[0],\"dragon\":[0],\"slicing\":[3],\"wyvern\":[1],\"demon\":[2],\"armor\":[0],\"tranq\":[3]},\"attack\":\"225\",\"deviation\":\"Average\",\"specialAmmo\":\"Wyvernsnipe\"}',1034,1049,1034,225,150,0,0),(1035,'Heavy Shooter 3','heavy-bowgun',5,'heavy-shooter-3','{\"ammoCapacities\":{\"normal\":[9,6,5],\"piercing\":[7,0,0],\"spread\":[6,4,0],\"sticky\":[3,0,0],\"cluster\":[2,0,0],\"recover\":[2,0],\"poison\":[4,0],\"paralysis\":[3,0],\"sleep\":[3,0],\"exhaust\":[0,0],\"flaming\":[0],\"water\":[0],\"freeze\":[0],\"thunder\":[0],\"dragon\":[0],\"slicing\":[3],\"wyvern\":[1],\"demon\":[2],\"armor\":[0],\"tranq\":[3]},\"attack\":\"240\",\"deviation\":\"Average\",\"specialAmmo\":\"Wyvernsnipe\"}',1035,1060,1035,240,160,0,1),(1036,'Power Shooter 1','heavy-bowgun',6,'power-shooter-1','{\"ammoCapacities\":{\"normal\":[9,6,5],\"piercing\":[7,0,0],\"spread\":[6,4,0],\"sticky\":[3,0,0],\"cluster\":[2,0,0],\"recover\":[2,0],\"poison\":[4,0],\"paralysis\":[3,0],\"sleep\":[3,0],\"exhaust\":[0,0],\"flaming\":[0],\"water\":[0],\"freeze\":[0],\"thunder\":[0],\"dragon\":[0],\"slicing\":[3],\"wyvern\":[1],\"demon\":[2],\"armor\":[0],\"tranq\":[3]},\"attack\":\"255\",\"defense\":10,\"deviation\":\"Average\",\"specialAmmo\":\"Wyvernsnipe\"}',1036,1075,1036,255,170,0,1),(1037,'Power Shooter 2','heavy-bowgun',6,'power-shooter-2','{\"ammoCapacities\":{\"normal\":[9,6,5],\"piercing\":[7,0,0],\"spread\":[6,4,0],\"sticky\":[3,0,0],\"cluster\":[2,0,0],\"recover\":[2,0],\"poison\":[4,0],\"paralysis\":[3,0],\"sleep\":[3,0],\"exhaust\":[0,0],\"flaming\":[0],\"water\":[0],\"freeze\":[0],\"thunder\":[0],\"dragon\":[0],\"slicing\":[3],\"wyvern\":[1],\"demon\":[2],\"armor\":[0],\"tranq\":[3]},\"attack\":\"270\",\"defense\":10,\"deviation\":\"Average\",\"specialAmmo\":\"Wyvernsnipe\"}',1037,1076,1037,270,180,0,1),(1038,'Diablos Shooter 1','heavy-bowgun',4,'diablos-shooter-1','{\"ammoCapacities\":{\"normal\":[1,5,3],\"piercing\":[4,3,2],\"spread\":[0,0,0],\"sticky\":[2,0,0],\"cluster\":[1,0,0],\"recover\":[1,0],\"poison\":[3,0],\"paralysis\":[2,0],\"sleep\":[0,0],\"exhaust\":[1,0],\"flaming\":[0],\"water\":[0],\"freeze\":[0],\"thunder\":[0],\"dragon\":[0],\"slicing\":[0],\"wyvern\":[1],\"demon\":[1],\"armor\":[0],\"tranq\":[3]},\"attack\":\"240\",\"defense\":10,\"affinity\":-20,\"deviation\":\"High\",\"specialAmmo\":\"Wyvernsnipe\"}',1038,1050,1038,240,160,0,0),(1039,'Diablos Shooter 2','heavy-bowgun',5,'diablos-shooter-2','{\"ammoCapacities\":{\"normal\":[1,5,3],\"piercing\":[4,3,2],\"spread\":[0,0,0],\"sticky\":[2,0,0],\"cluster\":[1,0,0],\"recover\":[1,0],\"poison\":[3,0],\"paralysis\":[2,0],\"sleep\":[0,0],\"exhaust\":[1,0],\"flaming\":[0],\"water\":[0],\"freeze\":[0],\"thunder\":[0],\"dragon\":[0],\"slicing\":[0],\"wyvern\":[1],\"demon\":[1],\"armor\":[0],\"tranq\":[3]},\"attack\":\"270\",\"defense\":10,\"affinity\":-20,\"deviation\":\"High\",\"specialAmmo\":\"Wyvernsnipe\"}',1039,1061,1039,270,180,0,1),(1040,'Dual Threat','heavy-bowgun',6,'dual-threat','{\"ammoCapacities\":{\"normal\":[1,5,3],\"piercing\":[4,3,2],\"spread\":[0,0,0],\"sticky\":[2,0,0],\"cluster\":[1,0,0],\"recover\":[1,0],\"poison\":[3,0],\"paralysis\":[2,0],\"sleep\":[0,0],\"exhaust\":[1,0],\"flaming\":[0],\"water\":[0],\"freeze\":[0],\"thunder\":[0],\"dragon\":[0],\"slicing\":[0],\"wyvern\":[1],\"demon\":[1],\"armor\":[0],\"tranq\":[3]},\"attack\":\"300\",\"defense\":15,\"affinity\":-20,\"deviation\":\"High\",\"specialAmmo\":\"Wyvernsnipe\"}',1040,1077,1040,300,200,0,1),(1041,'Nero\'s Blazooka','heavy-bowgun',7,'neros-blazooka','{\"ammoCapacities\":{\"normal\":[1,5,3],\"piercing\":[4,3,2],\"spread\":[0,0,0],\"sticky\":[2,0,0],\"cluster\":[1,0,0],\"recover\":[1,0],\"poison\":[3,0],\"paralysis\":[2,0],\"sleep\":[0,0],\"exhaust\":[1,0],\"flaming\":[0],\"water\":[0],\"freeze\":[0],\"thunder\":[0],\"dragon\":[0],\"slicing\":[0],\"wyvern\":[1],\"demon\":[1],\"armor\":[0],\"tranq\":[3]},\"attack\":\"315\",\"defense\":15,\"affinity\":-20,\"deviation\":\"High\",\"specialAmmo\":\"Wyvernsnipe\"}',1041,1092,1041,315,210,0,1),(1042,'Griffon Blazooka','heavy-bowgun',8,'griffon-blazooka','{\"ammoCapacities\":{\"normal\":[1,5,3],\"piercing\":[4,3,2],\"spread\":[0,0,0],\"sticky\":[2,0,0],\"cluster\":[1,0,0],\"recover\":[1,0],\"poison\":[3,0],\"paralysis\":[2,0],\"sleep\":[0,0],\"exhaust\":[1,0],\"flaming\":[0],\"water\":[0],\"freeze\":[0],\"thunder\":[0],\"dragon\":[0],\"slicing\":[0],\"wyvern\":[1],\"demon\":[1],\"armor\":[0],\"tranq\":[3]},\"attack\":\"330\",\"defense\":15,\"affinity\":-20,\"deviation\":\"High\",\"specialAmmo\":\"Wyvernsnipe\"}',1042,1099,1042,330,220,0,1),(1043,'Blooming Shooter 1','heavy-bowgun',2,'blooming-shooter-1','{\"ammoCapacities\":{\"normal\":[5,4,3],\"piercing\":[10,8,0],\"spread\":[3,2,1],\"sticky\":[2,0,0],\"cluster\":[3,0,0],\"recover\":[1,1],\"poison\":[3,2],\"paralysis\":[2,0],\"sleep\":[2,0],\"exhaust\":[0,0],\"flaming\":[5],\"water\":[0],\"freeze\":[0],\"thunder\":[0],\"dragon\":[0],\"slicing\":[0],\"wyvern\":[1],\"demon\":[0],\"armor\":[0],\"tranq\":[3]},\"attack\":\"180\",\"deviation\":\"Low\",\"specialAmmo\":\"Wyvernsnipe\"}',1043,1030,1043,180,120,0,0),(1044,'Blooming Shooter 2','heavy-bowgun',3,'blooming-shooter-2','{\"ammoCapacities\":{\"normal\":[5,4,3],\"piercing\":[10,8,0],\"spread\":[3,2,1],\"sticky\":[2,0,0],\"cluster\":[3,0,0],\"recover\":[1,1],\"poison\":[3,2],\"paralysis\":[2,0],\"sleep\":[2,0],\"exhaust\":[0,0],\"flaming\":[5],\"water\":[0],\"freeze\":[0],\"thunder\":[0],\"dragon\":[0],\"slicing\":[0],\"wyvern\":[1],\"demon\":[0],\"armor\":[0],\"tranq\":[3]},\"attack\":\"195\",\"deviation\":\"Low\",\"specialAmmo\":\"Wyvernsnipe\"}',1044,1038,1044,195,130,0,0),(1045,'Blooming Shooter 3','heavy-bowgun',4,'blooming-shooter-3','{\"ammoCapacities\":{\"normal\":[5,4,3],\"piercing\":[10,8,0],\"spread\":[3,2,1],\"sticky\":[2,0,0],\"cluster\":[3,0,0],\"recover\":[1,1],\"poison\":[3,2],\"paralysis\":[2,0],\"sleep\":[2,0],\"exhaust\":[0,0],\"flaming\":[5],\"water\":[0],\"freeze\":[0],\"thunder\":[0],\"dragon\":[0],\"slicing\":[0],\"wyvern\":[1],\"demon\":[0],\"armor\":[0],\"tranq\":[3]},\"attack\":\"210\",\"deviation\":\"Low\",\"specialAmmo\":\"Wyvernsnipe\"}',1045,1051,1045,210,140,0,0),(1046,'Datura Blaster 1','heavy-bowgun',5,'datura-blaster-1','{\"ammoCapacities\":{\"normal\":[5,4,3],\"piercing\":[10,8,0],\"spread\":[3,2,1],\"sticky\":[2,0,0],\"cluster\":[3,0,0],\"recover\":[1,1],\"poison\":[3,2],\"paralysis\":[2,0],\"sleep\":[2,0],\"exhaust\":[0,0],\"flaming\":[5],\"water\":[0],\"freeze\":[0],\"thunder\":[0],\"dragon\":[0],\"slicing\":[0],\"wyvern\":[1],\"demon\":[0],\"armor\":[0],\"tranq\":[3]},\"attack\":\"225\",\"deviation\":\"Low\",\"specialAmmo\":\"Wyvernsnipe\"}',1046,1062,1046,225,150,0,2),(1047,'Datura Blaster 2','heavy-bowgun',6,'datura-blaster-2','{\"ammoCapacities\":{\"normal\":[5,4,3],\"piercing\":[10,8,0],\"spread\":[3,2,1],\"sticky\":[2,0,0],\"cluster\":[3,0,0],\"recover\":[1,1],\"poison\":[3,2],\"paralysis\":[2,0],\"sleep\":[2,0],\"exhaust\":[0,0],\"flaming\":[5],\"water\":[0],\"freeze\":[0],\"thunder\":[0],\"dragon\":[0],\"slicing\":[0],\"wyvern\":[1],\"demon\":[0],\"armor\":[0],\"tranq\":[3]},\"attack\":\"240\",\"deviation\":\"Low\",\"specialAmmo\":\"Wyvernsnipe\"}',1047,1078,1047,240,160,0,2),(1048,'Datura Blaster 3','heavy-bowgun',6,'datura-blaster-3','{\"ammoCapacities\":{\"normal\":[5,4,3],\"piercing\":[10,8,0],\"spread\":[3,2,1],\"sticky\":[2,0,0],\"cluster\":[3,0,0],\"recover\":[1,1],\"poison\":[3,2],\"paralysis\":[2,0],\"sleep\":[2,0],\"exhaust\":[0,0],\"flaming\":[5],\"water\":[0],\"freeze\":[0],\"thunder\":[0],\"dragon\":[0],\"slicing\":[0],\"wyvern\":[1],\"demon\":[0],\"armor\":[0],\"tranq\":[3]},\"attack\":\"255\",\"deviation\":\"Low\",\"specialAmmo\":\"Wyvernsnipe\"}',1048,1079,1048,255,170,0,2),(1049,'Spiked Shooter 1','heavy-bowgun',3,'spiked-shooter-1','{\"ammoCapacities\":{\"normal\":[1,5,3],\"piercing\":[4,3,2],\"spread\":[1,0,0],\"sticky\":[2,0,0],\"cluster\":[1,1,0],\"recover\":[0,0],\"poison\":[3,0],\"paralysis\":[2,1],\"sleep\":[2,1],\"exhaust\":[0,0],\"flaming\":[4],\"water\":[4],\"freeze\":[0],\"thunder\":[0],\"dragon\":[0],\"slicing\":[0],\"wyvern\":[1],\"demon\":[0],\"armor\":[1],\"tranq\":[3]},\"attack\":\"195\",\"defense\":15,\"deviation\":\"Average\",\"specialAmmo\":\"Wyvernsnipe\"}',1049,1039,1049,195,130,0,0),(1050,'Spiked Shooter 2','heavy-bowgun',4,'spiked-shooter-2','{\"ammoCapacities\":{\"normal\":[1,5,3],\"piercing\":[4,3,2],\"spread\":[1,0,0],\"sticky\":[2,0,0],\"cluster\":[1,1,0],\"recover\":[0,0],\"poison\":[3,0],\"paralysis\":[2,1],\"sleep\":[2,1],\"exhaust\":[0,0],\"flaming\":[4],\"water\":[4],\"freeze\":[0],\"thunder\":[0],\"dragon\":[0],\"slicing\":[0],\"wyvern\":[1],\"demon\":[0],\"armor\":[1],\"tranq\":[3]},\"attack\":\"210\",\"defense\":15,\"deviation\":\"Average\",\"specialAmmo\":\"Wyvernsnipe\"}',1050,1052,1050,210,140,0,0),(1051,'Baan Roar 1','heavy-bowgun',5,'baan-roar-1','{\"ammoCapacities\":{\"normal\":[1,5,3],\"piercing\":[4,3,2],\"spread\":[1,0,0],\"sticky\":[2,0,0],\"cluster\":[1,1,0],\"recover\":[0,0],\"poison\":[3,0],\"paralysis\":[2,1],\"sleep\":[2,1],\"exhaust\":[0,0],\"flaming\":[4],\"water\":[4],\"freeze\":[0],\"thunder\":[0],\"dragon\":[0],\"slicing\":[0],\"wyvern\":[1],\"demon\":[0],\"armor\":[1],\"tranq\":[3]},\"attack\":\"225\",\"defense\":20,\"deviation\":\"Average\",\"specialAmmo\":\"Wyvernsnipe\"}',1051,1063,1051,225,150,0,0),(1052,'Baan Roar 2','heavy-bowgun',6,'baan-roar-2','{\"ammoCapacities\":{\"normal\":[1,5,3],\"piercing\":[4,3,2],\"spread\":[1,0,0],\"sticky\":[2,0,0],\"cluster\":[1,1,0],\"recover\":[0,0],\"poison\":[3,0],\"paralysis\":[2,1],\"sleep\":[2,1],\"exhaust\":[0,0],\"flaming\":[4],\"water\":[4],\"freeze\":[0],\"thunder\":[0],\"dragon\":[0],\"slicing\":[0],\"wyvern\":[1],\"demon\":[0],\"armor\":[1],\"tranq\":[3]},\"attack\":\"255\",\"defense\":20,\"deviation\":\"Average\",\"specialAmmo\":\"Wyvernsnipe\"}',1052,1080,1052,255,170,0,0),(1053,'Baan Roar 3','heavy-bowgun',6,'baan-roar-3','{\"ammoCapacities\":{\"normal\":[1,5,3],\"piercing\":[4,3,2],\"spread\":[1,0,0],\"sticky\":[2,0,0],\"cluster\":[1,1,0],\"recover\":[0,0],\"poison\":[3,0],\"paralysis\":[2,1],\"sleep\":[2,1],\"exhaust\":[0,0],\"flaming\":[4],\"water\":[4],\"freeze\":[0],\"thunder\":[0],\"dragon\":[0],\"slicing\":[0],\"wyvern\":[1],\"demon\":[0],\"armor\":[1],\"tranq\":[3]},\"attack\":\"270\",\"defense\":20,\"deviation\":\"Average\",\"specialAmmo\":\"Wyvernsnipe\"}',1053,1081,1053,270,180,0,0),(1054,'Gama Cannon 1','heavy-bowgun',6,'gama-cannon-1','{\"ammoCapacities\":{\"normal\":[1,5,3],\"piercing\":[4,3,0],\"spread\":[1,3,0],\"sticky\":[2,2,1],\"cluster\":[0,1,1],\"recover\":[0,0],\"poison\":[0,0],\"paralysis\":[0,0],\"sleep\":[2,0],\"exhaust\":[0,0],\"flaming\":[0],\"water\":[0],\"freeze\":[0],\"thunder\":[4],\"dragon\":[0],\"slicing\":[2],\"wyvern\":[1],\"demon\":[1],\"armor\":[0],\"tranq\":[3]},\"attack\":\"240\",\"deviation\":\"Average\",\"specialAmmo\":\"Wyvernsnipe\"}',1054,1082,1054,240,160,0,1),(1055,'Gama Cannon 2','heavy-bowgun',7,'gama-cannon-2','{\"ammoCapacities\":{\"normal\":[1,5,3],\"piercing\":[4,3,0],\"spread\":[1,3,0],\"sticky\":[2,2,1],\"cluster\":[0,1,1],\"recover\":[0,0],\"poison\":[0,0],\"paralysis\":[0,0],\"sleep\":[2,0],\"exhaust\":[0,0],\"flaming\":[0],\"water\":[0],\"freeze\":[0],\"thunder\":[4],\"dragon\":[0],\"slicing\":[2],\"wyvern\":[1],\"demon\":[1],\"armor\":[0],\"tranq\":[3]},\"attack\":\"255\",\"deviation\":\"Average\",\"specialAmmo\":\"Wyvernsnipe\"}',1055,1093,1055,255,170,0,1),(1056,'Pulsar Shooter 1','heavy-bowgun',2,'pulsar-shooter-1','{\"ammoCapacities\":{\"normal\":[10,9,0],\"piercing\":[9,7,5],\"spread\":[9,0,0],\"sticky\":[0,3,0],\"cluster\":[0,2,0],\"recover\":[0,0],\"poison\":[0,0],\"paralysis\":[4,3],\"sleep\":[4,0],\"exhaust\":[0,0],\"flaming\":[0],\"water\":[0],\"freeze\":[0],\"thunder\":[7],\"dragon\":[3],\"slicing\":[4],\"wyvern\":[1],\"demon\":[2],\"armor\":[0],\"tranq\":[3]},\"attack\":\"180\",\"affinity\":10,\"deviation\":\"None\",\"specialAmmo\":\"Wyvernsnipe\"}',1056,1031,1056,180,120,0,0),(1057,'Pulsar Shooter 2','heavy-bowgun',3,'pulsar-shooter-2','{\"ammoCapacities\":{\"normal\":[10,9,0],\"piercing\":[9,7,5],\"spread\":[9,0,0],\"sticky\":[0,3,0],\"cluster\":[0,2,0],\"recover\":[0,0],\"poison\":[0,0],\"paralysis\":[4,3],\"sleep\":[4,0],\"exhaust\":[0,0],\"flaming\":[0],\"water\":[0],\"freeze\":[0],\"thunder\":[7],\"dragon\":[3],\"slicing\":[4],\"wyvern\":[1],\"demon\":[2],\"armor\":[0],\"tranq\":[3]},\"attack\":\"195\",\"deviation\":\"None\",\"specialAmmo\":\"Wyvernsnipe\"}',1057,1040,1057,195,130,0,0),(1058,'Pulsar Shooter 3','heavy-bowgun',4,'pulsar-shooter-3','{\"ammoCapacities\":{\"normal\":[10,9,0],\"piercing\":[9,7,5],\"spread\":[9,0,0],\"sticky\":[0,3,0],\"cluster\":[0,2,0],\"recover\":[0,0],\"poison\":[0,0],\"paralysis\":[4,3],\"sleep\":[4,0],\"exhaust\":[0,0],\"flaming\":[0],\"water\":[0],\"freeze\":[0],\"thunder\":[7],\"dragon\":[3],\"slicing\":[4],\"wyvern\":[1],\"demon\":[2],\"armor\":[0],\"tranq\":[3]},\"attack\":\"210\",\"deviation\":\"None\",\"specialAmmo\":\"Wyvernsnipe\"}',1058,1053,1058,210,140,0,0),(1059,'Kadachi Lion 1','heavy-bowgun',5,'kadachi-lion-1','{\"ammoCapacities\":{\"normal\":[10,9,0],\"piercing\":[9,7,5],\"spread\":[9,0,0],\"sticky\":[0,3,0],\"cluster\":[0,2,0],\"recover\":[0,0],\"poison\":[0,0],\"paralysis\":[4,3],\"sleep\":[4,0],\"exhaust\":[0,0],\"flaming\":[0],\"water\":[0],\"freeze\":[0],\"thunder\":[7],\"dragon\":[3],\"slicing\":[4],\"wyvern\":[1],\"demon\":[2],\"armor\":[0],\"tranq\":[3]},\"attack\":\"225\",\"affinity\":15,\"deviation\":\"None\",\"specialAmmo\":\"Wyvernsnipe\"}',1059,1064,1059,225,150,0,1),(1060,'Kadachi Lion 2','heavy-bowgun',6,'kadachi-lion-2','{\"ammoCapacities\":{\"normal\":[10,9,0],\"piercing\":[9,7,5],\"spread\":[9,0,0],\"sticky\":[0,3,0],\"cluster\":[0,2,0],\"recover\":[0,0],\"poison\":[0,0],\"paralysis\":[4,3],\"sleep\":[4,0],\"exhaust\":[0,0],\"flaming\":[0],\"water\":[0],\"freeze\":[0],\"thunder\":[7],\"dragon\":[3],\"slicing\":[4],\"wyvern\":[1],\"demon\":[2],\"armor\":[0],\"tranq\":[3]},\"attack\":\"240\",\"affinity\":15,\"deviation\":\"None\",\"specialAmmo\":\"Wyvernsnipe\"}',1060,1083,1060,240,160,0,1),(1061,'Kadachi Lion 3','heavy-bowgun',6,'kadachi-lion-3','{\"ammoCapacities\":{\"normal\":[10,9,0],\"piercing\":[9,7,5],\"spread\":[9,0,0],\"sticky\":[0,3,0],\"cluster\":[0,2,0],\"recover\":[0,0],\"poison\":[0,0],\"paralysis\":[4,3],\"sleep\":[4,0],\"exhaust\":[0,0],\"flaming\":[0],\"water\":[0],\"freeze\":[0],\"thunder\":[7],\"dragon\":[3],\"slicing\":[4],\"wyvern\":[1],\"demon\":[2],\"armor\":[0],\"tranq\":[3]},\"attack\":\"255\",\"affinity\":15,\"deviation\":\"None\",\"specialAmmo\":\"Wyvernsnipe\"}',1061,1084,1061,255,170,0,1),(1062,'Dragonbone Cannon 1','heavy-bowgun',3,'dragonbone-cannon-1','{\"ammoCapacities\":{\"normal\":[7,0,0],\"piercing\":[6,0,0],\"spread\":[6,0,0],\"sticky\":[0,0,0],\"cluster\":[0,0,0],\"recover\":[0,0],\"poison\":[7,0],\"paralysis\":[1,4],\"sleep\":[5,0],\"exhaust\":[7,0],\"flaming\":[0],\"water\":[0],\"freeze\":[0],\"thunder\":[0],\"dragon\":[3],\"slicing\":[0],\"wyvern\":[1],\"demon\":[3],\"armor\":[2],\"tranq\":[3]},\"attack\":\"150\",\"deviation\":\"Low\",\"specialAmmo\":\"Wyvernsnipe\"}',1062,1041,1062,150,100,0,0),(1063,'Dragonbone Cannon 2','heavy-bowgun',4,'dragonbone-cannon-2','{\"ammoCapacities\":{\"normal\":[7,0,0],\"piercing\":[6,0,0],\"spread\":[6,0,0],\"sticky\":[0,0,0],\"cluster\":[0,0,0],\"recover\":[0,0],\"poison\":[7,0],\"paralysis\":[1,4],\"sleep\":[5,0],\"exhaust\":[7,0],\"flaming\":[0],\"water\":[0],\"freeze\":[0],\"thunder\":[0],\"dragon\":[3],\"slicing\":[0],\"wyvern\":[1],\"demon\":[3],\"armor\":[2],\"tranq\":[3]},\"attack\":\"210\",\"deviation\":\"Low\",\"specialAmmo\":\"Wyvernsnipe\"}',1063,1054,1063,210,140,0,0),(1064,'Dragonbone Cannon 3','heavy-bowgun',6,'dragonbone-cannon-3','{\"ammoCapacities\":{\"normal\":[7,0,0],\"piercing\":[6,0,0],\"spread\":[6,0,0],\"sticky\":[0,0,0],\"cluster\":[0,0,0],\"recover\":[0,0],\"poison\":[7,0],\"paralysis\":[1,4],\"sleep\":[5,0],\"exhaust\":[7,0],\"flaming\":[0],\"water\":[0],\"freeze\":[0],\"thunder\":[0],\"dragon\":[3],\"slicing\":[0],\"wyvern\":[1],\"demon\":[3],\"armor\":[2],\"tranq\":[3]},\"attack\":\"255\",\"deviation\":\"Low\",\"specialAmmo\":\"Wyvernsnipe\"}',1064,1085,1064,255,170,0,1),(1065,'Quickcaster','heavy-bowgun',4,'quickcaster','{\"ammoCapacities\":{\"normal\":[7,6,0],\"piercing\":[6,5,3],\"spread\":[0,0,0],\"sticky\":[4,0,0],\"cluster\":[0,0,0],\"recover\":[2,0],\"poison\":[0,0],\"paralysis\":[1,4],\"sleep\":[0,0],\"exhaust\":[0,6],\"flaming\":[0],\"water\":[0],\"freeze\":[7],\"thunder\":[7],\"dragon\":[0],\"slicing\":[0],\"wyvern\":[1],\"demon\":[0],\"armor\":[2],\"tranq\":[3]},\"attack\":\"195\",\"deviation\":\"Low\",\"specialAmmo\":\"Wyvernsnipe\"}',1065,1055,1065,195,130,0,0),(1066,'Quickcaster+','heavy-bowgun',7,'quickcaster+','{\"ammoCapacities\":{\"normal\":[7,6,0],\"piercing\":[6,5,3],\"spread\":[0,0,0],\"sticky\":[4,0,0],\"cluster\":[0,0,0],\"recover\":[2,0],\"poison\":[0,0],\"paralysis\":[1,4],\"sleep\":[0,0],\"exhaust\":[0,6],\"flaming\":[0],\"water\":[0],\"freeze\":[7],\"thunder\":[7],\"dragon\":[0],\"slicing\":[0],\"wyvern\":[1],\"demon\":[0],\"armor\":[2],\"tranq\":[3]},\"attack\":\"240\",\"deviation\":\"Low\",\"specialAmmo\":\"Wyvernsnipe\"}',1066,1094,1066,240,160,0,1),(1067,'Quickquiver','heavy-bowgun',8,'quickquiver','{\"ammoCapacities\":{\"normal\":[7,6,0],\"piercing\":[6,5,3],\"spread\":[0,0,0],\"sticky\":[4,0,0],\"cluster\":[0,0,0],\"recover\":[2,0],\"poison\":[0,0],\"paralysis\":[1,4],\"sleep\":[0,0],\"exhaust\":[0,6],\"flaming\":[0],\"water\":[0],\"freeze\":[7],\"thunder\":[7],\"dragon\":[0],\"slicing\":[0],\"wyvern\":[1],\"demon\":[0],\"armor\":[2],\"tranq\":[3]},\"attack\":\"255\",\"deviation\":\"Low\",\"specialAmmo\":\"Wyvernsnipe\"}',1067,1100,1067,255,170,0,1),(1068,'Magda Gemitus 1','heavy-bowgun',5,'magda-gemitus-1','{\"ammoCapacities\":{\"normal\":[7,6,4],\"piercing\":[0,0,3],\"spread\":[0,0,3],\"sticky\":[0,3,3],\"cluster\":[0,1,1],\"recover\":[2,0],\"poison\":[0,5],\"paralysis\":[0,4],\"sleep\":[0,3],\"exhaust\":[7,6],\"flaming\":[7],\"water\":[0],\"freeze\":[0],\"thunder\":[0],\"dragon\":[3],\"slicing\":[0],\"wyvern\":[1],\"demon\":[0],\"armor\":[2],\"tranq\":[3]},\"attack\":\"240\",\"defense\":20,\"affinity\":-20,\"deviation\":\"High\",\"specialAmmo\":\"Wyvernsnipe\"}',1068,1065,1068,240,160,0,1),(1069,'Magda Gemitus 2','heavy-bowgun',7,'magda-gemitus-2','{\"ammoCapacities\":{\"normal\":[7,6,4],\"piercing\":[0,0,3],\"spread\":[0,0,3],\"sticky\":[0,3,3],\"cluster\":[0,1,1],\"recover\":[2,0],\"poison\":[0,5],\"paralysis\":[0,4],\"sleep\":[0,3],\"exhaust\":[7,6],\"flaming\":[7],\"water\":[0],\"freeze\":[0],\"thunder\":[0],\"dragon\":[3],\"slicing\":[0],\"wyvern\":[1],\"demon\":[0],\"armor\":[2],\"tranq\":[3]},\"attack\":\"315\",\"defense\":20,\"affinity\":-20,\"deviation\":\"High\",\"specialAmmo\":\"Wyvernsnipe\"}',1069,1095,1069,315,210,0,1),(1070,'Blacksteel Cannon 1','heavy-bowgun',5,'blacksteel-cannon-1','{\"ammoCapacities\":{\"normal\":[3,0,0],\"piercing\":[4,0,0],\"spread\":[3,0,0],\"sticky\":[0,0,0],\"cluster\":[0,0,0],\"recover\":[0,0],\"poison\":[6,0],\"paralysis\":[3,0],\"sleep\":[5,0],\"exhaust\":[5,0],\"flaming\":[5],\"water\":[0],\"freeze\":[0],\"thunder\":[0],\"dragon\":[0],\"slicing\":[1],\"wyvern\":[2],\"demon\":[1],\"armor\":[0],\"tranq\":[3]},\"attack\":\"150\",\"deviation\":\"Low\",\"specialAmmo\":\"Wyvernheart\"}',1070,1066,1070,150,100,0,0),(1071,'Blacksteel Cannon 2','heavy-bowgun',6,'blacksteel-cannon-2','{\"ammoCapacities\":{\"normal\":[3,0,0],\"piercing\":[4,0,0],\"spread\":[3,0,0],\"sticky\":[0,0,0],\"cluster\":[0,0,0],\"recover\":[0,0],\"poison\":[6,0],\"paralysis\":[3,0],\"sleep\":[5,0],\"exhaust\":[5,0],\"flaming\":[5],\"water\":[0],\"freeze\":[0],\"thunder\":[0],\"dragon\":[0],\"slicing\":[1],\"wyvern\":[2],\"demon\":[1],\"armor\":[0],\"tranq\":[3]},\"attack\":\"165\",\"deviation\":\"Low\",\"specialAmmo\":\"Wyvernheart\"}',1071,1086,1071,165,110,0,0),(1072,'Teostra\'s Artillery','heavy-bowgun',7,'teostras-artillery','{\"ammoCapacities\":{\"normal\":[5,4,3],\"piercing\":[5,4,2],\"spread\":[10,0,0],\"sticky\":[2,2,1],\"cluster\":[1,1,1],\"recover\":[0,0],\"poison\":[3,2],\"paralysis\":[0,0],\"sleep\":[0,0],\"exhaust\":[0,0],\"flaming\":[5],\"water\":[0],\"freeze\":[0],\"thunder\":[0],\"dragon\":[0],\"slicing\":[1],\"wyvern\":[2],\"demon\":[1],\"armor\":[0],\"tranq\":[3]},\"attack\":\"255\",\"deviation\":\"Low\",\"specialAmmo\":\"Wyvernheart\"}',1072,1096,1072,255,170,0,0),(1073,'Teostra\'s Flames','heavy-bowgun',8,'teostras-flames','{\"ammoCapacities\":{\"normal\":[5,4,3],\"piercing\":[5,4,2],\"spread\":[10,0,0],\"sticky\":[2,2,1],\"cluster\":[1,1,1],\"recover\":[0,0],\"poison\":[3,2],\"paralysis\":[0,0],\"sleep\":[0,0],\"exhaust\":[0,0],\"flaming\":[5],\"water\":[0],\"freeze\":[0],\"thunder\":[0],\"dragon\":[0],\"slicing\":[1],\"wyvern\":[2],\"demon\":[1],\"armor\":[0],\"tranq\":[3]},\"attack\":\"270\",\"deviation\":\"Low\",\"specialAmmo\":\"Wyvernheart\"}',1073,1101,1073,270,180,0,0),(1074,'Xeno Jiiqa','heavy-bowgun',8,'xeno-jiiqa','{\"ammoCapacities\":{\"normal\":[10,0,6],\"piercing\":[0,7,5],\"spread\":[0,6,5],\"sticky\":[0,0,2],\"cluster\":[0,0,1],\"recover\":[0,2],\"poison\":[0,0],\"paralysis\":[0,0],\"sleep\":[0,0],\"exhaust\":[0,6],\"flaming\":[7],\"water\":[7],\"freeze\":[7],\"thunder\":[7],\"dragon\":[3],\"slicing\":[0],\"wyvern\":[1],\"demon\":[2],\"armor\":[3],\"tranq\":[3]},\"attack\":\"255\",\"deviation\":\"Average\",\"specialAmmo\":\"Wyvernheart\"}',1074,1102,1074,255,170,0,2),(1075,'Iron Bow 1','bow',1,'iron-bow-1','{\"attack\":\"96\",\"coatings\":[\"Close Range\",\"Power\"]}',1075,1103,1075,96,80,0,0),(1076,'Iron Bow 2','bow',1,'iron-bow-2','{\"attack\":\"108\",\"coatings\":[\"Close Range\",\"Power\"]}',1076,1104,1076,108,90,0,0),(1077,'Iron Bow 3','bow',2,'iron-bow-3','{\"attack\":\"120\",\"coatings\":[\"Close Range\",\"Power\"]}',1077,1107,1077,120,100,0,0),(1078,'Steel Bow 1','bow',3,'steel-bow-1','{\"attack\":\"132\",\"coatings\":[\"Close Range\",\"Power\"]}',1078,1113,1078,132,110,0,0),(1079,'Steel Bow 2','bow',4,'steel-bow-2','{\"attack\":\"156\",\"coatings\":[\"Close Range\",\"Power\"]}',1079,1122,1079,156,130,0,0),(1080,'Steel Bow 3','bow',5,'steel-bow-3','{\"attack\":\"168\",\"coatings\":[\"Close Range\",\"Power\"]}',1080,1133,1080,168,140,1,1),(1081,'Alloy Bow 1','bow',6,'alloy-bow-1','{\"attack\":\"180\",\"coatings\":[\"Close Range\",\"Power\"]}',1081,1145,1081,180,150,1,1),(1082,'Alloy Bow 2','bow',6,'alloy-bow-2','{\"attack\":\"204\",\"coatings\":[\"Close Range\",\"Power\"]}',1082,1146,1082,204,170,1,2),(1083,'Nergal Whisper','bow',7,'nergal-whisper','{\"attack\":\"228\",\"coatings\":[\"Close Range\",\"Power\"]}',1083,1166,1083,228,190,1,1),(1084,'Doom\'s Shaft','bow',8,'dooms-shaft','{\"attack\":\"240\",\"coatings\":[\"Close Range\",\"Power\"]}',1084,1175,1084,240,200,1,1),(1085,'Kulu Arrow 1','bow',2,'kulu-arrow-1','{\"attack\":\"120\",\"affinity\":15,\"coatings\":[\"Close Range\",\"Paralysis\",\"Sleep\",\"Blast\"]}',1085,1108,1085,120,100,0,0),(1086,'Kulu Arrow 2','bow',3,'kulu-arrow-2','{\"attack\":\"132\",\"affinity\":15,\"coatings\":[\"Close Range\",\"Paralysis\",\"Sleep\",\"Blast\"]}',1086,1114,1086,132,110,0,0),(1087,'Kulu Arrow 3','bow',4,'kulu-arrow-3','{\"attack\":\"156\",\"affinity\":15,\"coatings\":[\"Close Range\",\"Paralysis\",\"Sleep\",\"Blast\"]}',1087,1123,1087,156,130,0,0),(1088,'Archer\'s Dance 1','bow',5,'archers-dance-1','{\"attack\":\"180\",\"affinity\":20,\"coatings\":[\"Close Range\",\"Paralysis\",\"Sleep\",\"Blast\"]}',1088,1134,1088,180,150,0,0),(1089,'Archer\'s Dance 2','bow',6,'archers-dance-2','{\"attack\":\"192\",\"affinity\":20,\"coatings\":[\"Close Range\",\"Paralysis\",\"Sleep\",\"Blast\"]}',1089,1147,1089,192,160,0,0),(1090,'Archer\'s Dance 3','bow',6,'archers-dance-3','{\"attack\":\"204\",\"affinity\":20,\"coatings\":[\"Close Range\",\"Paralysis\",\"Sleep\",\"Blast\"]}',1090,1148,1090,204,170,0,0),(1091,'Brazencord','bow',6,'brazencord','{\"attack\":\"204\",\"defense\":30,\"coatings\":[\"Close Range\",\"Sleep\",\"Blast\"]}',1091,1149,1091,204,170,1,1),(1092,'Gigacles','bow',8,'gigacles','{\"attack\":\"228\",\"defense\":30,\"coatings\":[\"Close Range\",\"Sleep\",\"Blast\"]}',1092,1176,1092,228,190,1,1),(1093,'Princess Arrow 1','bow',3,'princess-arrow-1','{\"attack\":\"132\",\"affinity\":10,\"coatings\":[\"Close Range\",\"Power\",\"Poison\"]}',1093,1115,1093,132,110,0,0),(1094,'Princess Arrow 2','bow',5,'princess-arrow-2','{\"attack\":\"192\",\"affinity\":10,\"coatings\":[\"Close Range\",\"Power\",\"Poison\"]}',1094,1135,1094,192,160,1,2),(1095,'Princess Arrow 3','bow',6,'princess-arrow-3','{\"attack\":\"216\",\"affinity\":10,\"coatings\":[\"Close Range\",\"Power\",\"Poison\"]}',1095,1150,1095,216,180,1,2),(1096,'Rathslinger 1','bow',4,'rathslinger-1','{\"attack\":\"144\",\"affinity\":15,\"coatings\":[\"Close Range\",\"Power\",\"Poison\"]}',1096,1124,1096,144,120,0,0),(1097,'Rathslinger 2','bow',6,'rathslinger-2','{\"attack\":\"204\",\"affinity\":15,\"coatings\":[\"Close Range\",\"Power\",\"Poison\"]}',1097,1151,1097,204,170,1,1),(1098,'Rathslinger 3','bow',7,'rathslinger-3','{\"attack\":\"216\",\"affinity\":15,\"coatings\":[\"Close Range\",\"Power\",\"Poison\"]}',1098,1167,1098,216,180,1,1),(1099,'Aqua Arrow 1','bow',2,'aqua-arrow-1','{\"attack\":\"120\",\"coatings\":[\"Close Range\",\"Power\"]}',1099,1109,1099,120,100,0,0),(1100,'Aqua Arrow 2','bow',3,'aqua-arrow-2','{\"attack\":\"132\",\"coatings\":[\"Close Range\",\"Power\"]}',1100,1116,1100,132,110,0,0),(1101,'Aqua Arrow 3','bow',4,'aqua-arrow-3','{\"attack\":\"144\",\"coatings\":[\"Close Range\",\"Power\"]}',1101,1125,1101,144,120,0,0),(1102,'Water Shot 1','bow',5,'water-shot-1','{\"attack\":\"168\",\"coatings\":[\"Close Range\",\"Power\"]}',1102,1136,1102,168,140,1,1),(1103,'Water Shot 2','bow',6,'water-shot-2','{\"attack\":\"180\",\"coatings\":[\"Close Range\",\"Power\"]}',1103,1152,1103,180,150,1,1),(1104,'Water Shot 3','bow',6,'water-shot-3','{\"attack\":\"204\",\"coatings\":[\"Close Range\",\"Power\"]}',1104,1153,1104,204,170,1,1),(1105,'Glacial Arrow 1','bow',4,'glacial-arrow-1','{\"attack\":\"144\",\"coatings\":[\"Close Range\",\"Power\",\"Poison\",\"Sleep\"]}',1105,1126,1105,144,120,0,0),(1106,'Glacial Arrow 2','bow',5,'glacial-arrow-2','{\"attack\":\"156\",\"coatings\":[\"Close Range\",\"Power\",\"Poison\",\"Sleep\"]}',1106,1137,1106,156,130,0,0),(1107,'Snowfletcher','bow',6,'snowfletcher','{\"attack\":\"168\",\"coatings\":[\"Close Range\",\"Power\",\"Poison\",\"Sleep\"]}',1107,1154,1107,168,140,0,0),(1108,'Legia Snowfletcher','bow',8,'legia-snowfletcher','{\"attack\":\"180\",\"coatings\":[\"Close Range\",\"Power\",\"Poison\",\"Sleep\"]}',1108,1177,1108,180,150,0,0),(1109,'Hunter\'s Bow 1','bow',1,'hunters-bow-1','{\"attack\":\"120\",\"coatings\":[\"Close Range\",\"Paralysis\",\"Poison\"]}',1109,1105,1109,120,100,0,0),(1110,'Hunter\'s Bow 2','bow',1,'hunters-bow-2','{\"attack\":\"132\",\"coatings\":[\"Close Range\",\"Paralysis\",\"Poison\"]}',1110,1106,1110,132,110,0,0),(1111,'Hunter\'s Bow 3','bow',2,'hunters-bow-3','{\"attack\":\"144\",\"coatings\":[\"Close Range\",\"Paralysis\",\"Poison\"]}',1111,1110,1111,144,120,0,0),(1112,'Hunter\'s Stoutbow 1','bow',3,'hunters-stoutbow-1','{\"attack\":\"156\",\"coatings\":[\"Close Range\",\"Paralysis\",\"Poison\"]}',1112,1117,1112,156,130,0,0),(1113,'Hunter\'s Stoutbow 2','bow',4,'hunters-stoutbow-2','{\"attack\":\"168\",\"coatings\":[\"Close Range\",\"Paralysis\",\"Poison\"]}',1113,1127,1113,168,140,0,0),(1114,'Hunter\'s Stoutbow 3','bow',5,'hunters-stoutbow-3','{\"attack\":\"180\",\"coatings\":[\"Close Range\",\"Paralysis\",\"Poison\"]}',1114,1138,1114,180,150,1,1),(1115,'Hunter\'s Proudbow 1','bow',6,'hunters-proudbow-1','{\"attack\":\"192\",\"defense\":10,\"coatings\":[\"Close Range\",\"Paralysis\",\"Poison\"]}',1115,1155,1115,192,160,1,1),(1116,'Hunter\'s Proudbow 2','bow',6,'hunters-proudbow-2','{\"attack\":\"216\",\"defense\":10,\"coatings\":[\"Close Range\",\"Paralysis\",\"Poison\"]}',1116,1156,1116,216,180,1,1),(1117,'Hazak Velos 1','bow',7,'hazak-velos-1','{\"attack\":\"216\",\"coatings\":[\"Close Range\",\"Power\",\"Sleep\"]}',1117,1168,1117,216,180,1,1),(1118,'Hazak Velos 2','bow',7,'hazak-velos-2','{\"attack\":\"228\",\"coatings\":[\"Close Range\",\"Power\",\"Sleep\"]}',1118,1169,1118,228,190,1,1),(1119,'Diablos Bow 1','bow',4,'diablos-bow-1','{\"attack\":\"192\",\"defense\":10,\"affinity\":-30,\"coatings\":[\"Close Range\",\"Power\",\"Paralysis\"]}',1119,1128,1119,192,160,0,0),(1120,'Diablos Bow 2','bow',5,'diablos-bow-2','{\"attack\":\"216\",\"defense\":10,\"affinity\":-30,\"coatings\":[\"Close Range\",\"Power\",\"Paralysis\"]}',1120,1139,1120,216,180,1,2),(1121,'Diablos Coilbender','bow',7,'diablos-coilbender','{\"attack\":\"240\",\"defense\":15,\"affinity\":-30,\"coatings\":[\"Close Range\",\"Power\",\"Paralysis\"]}',1121,1170,1121,240,200,1,2),(1122,'Galebender','bow',7,'galebender','{\"attack\":\"252\",\"defense\":15,\"affinity\":-30,\"coatings\":[\"Close Range\",\"Power\",\"Paralysis\"]}',1122,1171,1122,252,210,1,2),(1123,'Cera Coilbender','bow',8,'cera-coilbender','{\"attack\":\"264\",\"defense\":15,\"affinity\":-30,\"coatings\":[\"Close Range\",\"Power\",\"Paralysis\"]}',1123,1178,1123,264,220,1,2),(1124,'Blooming Arch 1','bow',2,'blooming-arch-1','{\"attack\":\"144\",\"coatings\":[\"Close Range\",\"Paralysis\",\"Poison\"]}',1124,1111,1124,144,120,0,0),(1125,'Blooming Arch 2','bow',3,'blooming-arch-2','{\"attack\":\"156\",\"coatings\":[\"Close Range\",\"Paralysis\",\"Poison\"]}',1125,1118,1125,156,130,0,0),(1126,'Blooming Arch 3','bow',4,'blooming-arch-3','{\"attack\":\"168\",\"coatings\":[\"Close Range\",\"Paralysis\",\"Poison\"]}',1126,1129,1126,168,140,0,0),(1127,'Datura String 1','bow',5,'datura-string-1','{\"attack\":\"180\",\"coatings\":[\"Close Range\",\"Paralysis\",\"Poison\"]}',1127,1140,1127,180,150,1,2),(1128,'Datura String 2','bow',6,'datura-string-2','{\"attack\":\"192\",\"coatings\":[\"Close Range\",\"Paralysis\",\"Poison\"]}',1128,1157,1128,192,160,1,2),(1129,'Datura String 3','bow',6,'datura-string-3','{\"attack\":\"204\",\"coatings\":[\"Close Range\",\"Paralysis\",\"Poison\"]}',1129,1158,1129,204,170,1,2),(1130,'Blazing Bow 1','bow',3,'blazing-bow-1','{\"attack\":\"156\",\"affinity\":-20,\"coatings\":[\"Close Range\",\"Power\",\"Blast\"]}',1130,1119,1130,156,130,0,0),(1131,'Blazing Bow 2','bow',4,'blazing-bow-2','{\"attack\":\"168\",\"affinity\":-20,\"coatings\":[\"Close Range\",\"Power\",\"Blast\"]}',1131,1130,1131,168,140,0,0),(1132,'Anja Arch 1','bow',5,'anja-arch-1','{\"attack\":\"192\",\"affinity\":-20,\"coatings\":[\"Close Range\",\"Power\",\"Blast\"]}',1132,1141,1132,192,160,0,0),(1133,'Anja Arch 2','bow',6,'anja-arch-2','{\"attack\":\"216\",\"affinity\":-20,\"coatings\":[\"Close Range\",\"Power\",\"Blast\"]}',1133,1159,1133,216,180,0,0),(1134,'Anja Arch 3','bow',6,'anja-arch-3','{\"attack\":\"240\",\"affinity\":-20,\"coatings\":[\"Close Range\",\"Power\",\"Blast\"]}',1134,1160,1134,240,200,0,0),(1135,'Pulsar Bow 1','bow',2,'pulsar-bow-1','{\"attack\":\"144\",\"affinity\":10,\"coatings\":[\"Close Range\",\"Power\",\"Paralysis\"]}',1135,1112,1135,144,120,0,0),(1136,'Pulsar Bow 2','bow',3,'pulsar-bow-2','{\"attack\":\"156\",\"affinity\":10,\"coatings\":[\"Close Range\",\"Power\",\"Paralysis\"]}',1136,1120,1136,156,130,0,0),(1137,'Pulsar Bow 3','bow',4,'pulsar-bow-3','{\"attack\":\"168\",\"affinity\":10,\"coatings\":[\"Close Range\",\"Power\",\"Paralysis\"]}',1137,1131,1137,168,140,0,0),(1138,'Kadachi Strikebow','bow',5,'kadachi-strikebow','{\"attack\":\"180\",\"affinity\":15,\"coatings\":[\"Close Range\",\"Power\",\"Paralysis\"]}',1138,1142,1138,180,150,1,1),(1139,'Flying Kadachi Strikebow','bow',7,'flying-kadachi-strikebow','{\"attack\":\"204\",\"affinity\":15,\"coatings\":[\"Close Range\",\"Power\",\"Paralysis\"]}',1139,1172,1139,204,170,1,1),(1140,'Dragonbone Bow 1','bow',3,'dragonbone-bow-1','{\"attack\":\"120\",\"coatings\":[\"Close Range\",\"Paralysis\",\"Sleep\"]}',1140,1121,1140,120,100,0,0),(1141,'Dragonbone Bow 2','bow',4,'dragonbone-bow-2','{\"attack\":\"132\",\"coatings\":[\"Close Range\",\"Paralysis\",\"Sleep\"]}',1141,1132,1141,132,110,0,0),(1142,'Dragonbone Bow 3','bow',6,'dragonbone-bow-3','{\"attack\":\"180\",\"coatings\":[\"Close Range\",\"Paralysis\",\"Sleep\"]}',1142,1161,1142,180,150,1,2),(1143,'Blacksteel Bow 1','bow',5,'blacksteel-bow-1','{\"attack\":\"120\",\"coatings\":[\"Close Range\",\"Paralysis\",\"Sleep\"]}',1143,1143,1143,120,100,0,0),(1144,'Blacksteel Bow 2','bow',6,'blacksteel-bow-2','{\"attack\":\"132\",\"coatings\":[\"Close Range\",\"Paralysis\",\"Sleep\"]}',1144,1162,1144,132,110,0,0),(1145,'Icesteel Bow','bow',7,'icesteel-bow','{\"attack\":\"192\",\"coatings\":[\"Close Range\",\"Power\"]}',1145,1173,1145,192,160,1,2),(1146,'Daora\'s Sagittarii','bow',8,'daoras-sagittarii','{\"attack\":\"204\",\"coatings\":[\"Close Range\",\"Power\"]}',1146,1179,1146,204,170,1,2),(1147,'Xeno Metora','bow',8,'xeno-metora','{\"attack\":\"204\",\"affinity\":15,\"coatings\":[\"Close Range\",\"Power\",\"Poison\",\"Blast\"]}',1147,1180,1147,204,170,1,2),(1148,'Cross Hunter\'s Bow','bow',6,'cross-hunters-bow','{\"attack\":\"216\",\"defense\":20,\"coatings\":[\"Close Range\",\"Paralysis\",\"Poison\",\"Sleep\",\"Blast\"]}',1148,1163,1148,216,180,1,1),(1149,'Great Hunter\'s Bow','bow',8,'great-hunters-bow','{\"attack\":\"228\",\"defense\":20,\"coatings\":[\"Close Range\",\"Paralysis\",\"Poison\",\"Sleep\",\"Blast\"]}',1149,1181,1149,228,190,1,1),(1150,'Berserker Sword','great-sword',6,'berserker-sword','{\"attack\":\"1008\",\"affinity\":-30}',1150,75,1150,1008,210,0,0),(1151,'Anguish','great-sword',7,'anguish','{\"attack\":\"1104\",\"affinity\":-30}',1151,84,1151,1104,230,0,0),(1152,'Reaver \"Cruelty\"','long-sword',6,'reaver-cruelty','{\"attack\":\"693\",\"affinity\":-25}',1152,159,1152,693,210,0,0),(1153,'Reaver \"Calamity\"','long-sword',7,'reaver-calamity','{\"attack\":\"759\",\"affinity\":-25}',1153,168,1153,759,230,0,0),(1154,'Fatal Jho','sword-and-shield',6,'fatal-jho','{\"attack\":\"280\",\"affinity\":-20}',1154,257,1154,280,200,0,0),(1155,'Fatal Bite','sword-and-shield',7,'fatal-bite','{\"attack\":\"308\",\"affinity\":-20}',1155,265,1155,308,220,0,0),(1156,'Wrath & Rancor','dual-blades',6,'wrath-&-rancor','{\"attack\":\"280\",\"affinity\":-20}',1156,338,1156,280,200,0,0),(1157,'Wrathful Predation','dual-blades',7,'wrathful-predation','{\"attack\":\"308\",\"affinity\":-20}',1157,348,1157,308,220,0,0),(1158,'Devil\'s Due','hammer',6,'devils-due','{\"attack\":\"1092\",\"affinity\":-30}',1158,426,1158,1092,210,1,1),(1159,'Devil\'s Crush','hammer',7,'devils-crush','{\"attack\":\"1196\",\"affinity\":-30}',1159,434,1159,1196,230,1,1),(1160,'Devil\'s Maestro','hunting-horn',6,'devils-maestro','{\"attack\":\"840\",\"affinity\":-30}',1160,515,1160,840,200,0,0),(1161,'Deep Vero','hunting-horn',7,'deep-vero','{\"attack\":\"924\",\"affinity\":-30}',1161,523,1161,924,220,0,0),(1162,'Grief Lance','lance',6,'grief-lance','{\"attack\":\"483\",\"affinity\":-25}',1162,596,1162,483,210,0,0),(1163,'Fiendish Tower','lance',7,'fiendish-tower','{\"attack\":\"529\",\"affinity\":-25}',1163,605,1163,529,230,0,0),(1164,'Ravenous Gunlance','gunlance',6,'ravenous-gunlance','{\"attack\":\"483\",\"affinity\":-30,\"shellingType\":\"Long LV3\"}',1164,679,1164,483,210,0,0),(1165,'Insatiable Gunlance','gunlance',7,'insatiable-gunlance','{\"attack\":\"529\",\"affinity\":-30,\"shellingType\":\"Long LV3\"}',1165,689,1165,529,230,0,0),(1166,'Tyrannos','switch-axe',6,'tyrannos','{\"attack\":\"700\",\"affinity\":-25,\"phialType\":\"Power Phial\"}',1166,756,1166,700,200,0,0),(1167,'Terror Tyrannos','switch-axe',7,'terror-tyrannos','{\"attack\":\"770\",\"affinity\":-25,\"phialType\":\"Power Phial\"}',1167,770,1167,770,220,0,0),(1168,'Tyrant\'s Charge Blade','charge-blade',6,'tyrants-charge-blade','{\"attack\":\"720\",\"affinity\":-25,\"phialType\":\"Power Element Phial\"}',1168,838,1168,720,200,0,0),(1169,'Oppressor\'s Charge Blade','charge-blade',7,'oppressors-charge-blade','{\"attack\":\"792\",\"affinity\":-25,\"phialType\":\"Power Element Phial\"}',1169,847,1169,792,220,0,0),(1170,'Bad Wing','insect-glaive',6,'bad-wing','{\"attack\":\"620\",\"affinity\":-25,\"boostType\":\"Health Boost\"}',1170,920,1170,620,200,0,0),(1171,'Grunge Storm','insect-glaive',7,'grunge-storm','{\"attack\":\"682\",\"affinity\":-25,\"boostType\":\"Health Boost\"}',1171,930,1171,682,220,0,0),(1172,'Devil\'s Grin','light-bowgun',6,'devils-grin','{\"ammoCapacities\":{\"normal\":[3,2,1],\"piercing\":[0,0,2],\"spread\":[0,0,2],\"sticky\":[2,1,1],\"cluster\":[0,0,0],\"recover\":[0,0],\"poison\":[0,5],\"paralysis\":[0,0],\"sleep\":[5,0],\"exhaust\":[5,5],\"flaming\":[0],\"water\":[0],\"freeze\":[0],\"thunder\":[0],\"dragon\":[3],\"slicing\":[2],\"wyvern\":[0],\"demon\":[2],\"armor\":[0],\"tranq\":[2]},\"attack\":\"273\",\"affinity\":-25,\"deviation\":\"High\",\"specialAmmo\":\"Wyvernblast\"}',1172,1003,1172,273,210,0,0),(1173,'Devil\'s Madness','light-bowgun',7,'devils-madness','{\"ammoCapacities\":{\"normal\":[3,2,1],\"piercing\":[0,0,2],\"spread\":[0,0,2],\"sticky\":[2,1,1],\"cluster\":[0,0,0],\"recover\":[0,0],\"poison\":[0,5],\"paralysis\":[0,0],\"sleep\":[5,0],\"exhaust\":[5,5],\"flaming\":[0],\"water\":[0],\"freeze\":[0],\"thunder\":[0],\"dragon\":[3],\"slicing\":[2],\"wyvern\":[0],\"demon\":[2],\"armor\":[0],\"tranq\":[2]},\"attack\":\"299\",\"affinity\":-25,\"deviation\":\"High\",\"specialAmmo\":\"Wyvernblast\"}',1173,1013,1173,299,230,0,0),(1174,'Gluttonous Cannon','heavy-bowgun',6,'gluttonous-cannon','{\"ammoCapacities\":{\"normal\":[7,6,4],\"piercing\":[0,0,3],\"spread\":[0,0,3],\"sticky\":[0,3,3],\"cluster\":[0,1,1],\"recover\":[0,0],\"poison\":[0,5],\"paralysis\":[0,0],\"sleep\":[5,3],\"exhaust\":[7,6],\"flaming\":[0],\"water\":[0],\"freeze\":[0],\"thunder\":[0],\"dragon\":[3],\"slicing\":[2],\"wyvern\":[1],\"demon\":[3],\"armor\":[0],\"tranq\":[3]},\"attack\":\"315\",\"affinity\":-25,\"deviation\":\"High\",\"specialAmmo\":\"Wyvernheart\"}',1174,1087,1174,315,210,0,0),(1175,'Dark Devourer','heavy-bowgun',7,'dark-devourer','{\"ammoCapacities\":{\"normal\":[7,6,4],\"piercing\":[0,0,3],\"spread\":[0,0,3],\"sticky\":[0,3,3],\"cluster\":[0,1,1],\"recover\":[0,0],\"poison\":[0,5],\"paralysis\":[0,0],\"sleep\":[5,3],\"exhaust\":[7,6],\"flaming\":[0],\"water\":[0],\"freeze\":[0],\"thunder\":[0],\"dragon\":[3],\"slicing\":[2],\"wyvern\":[1],\"demon\":[3],\"armor\":[0],\"tranq\":[3]},\"attack\":\"345\",\"affinity\":-25,\"deviation\":\"High\",\"specialAmmo\":\"Wyvernheart\"}',1175,1097,1175,345,230,0,0),(1176,'Insurgent\'s Bow','bow',6,'insurgents-bow','{\"attack\":\"252\",\"affinity\":-25,\"coatings\":[\"Close Range\",\"Power\",\"Poison\"]}',1176,1164,1176,252,210,0,0),(1177,'Villainous Brace','bow',7,'villainous-brace','{\"attack\":\"276\",\"affinity\":-25,\"coatings\":[\"Close Range\",\"Power\",\"Poison\"]}',1177,1174,1177,276,230,0,0),(1178,'Aloy\'s Bow','bow',5,'aloys-bow','{\"attack\":\"168\",\"affinity\":20,\"coatings\":[\"Close Range\",\"Paralysis\",\"Poison\"]}',1178,1144,1178,168,140,1,1),(1179,'Aloy\'s War Bow','bow',6,'aloys-war-bow','{\"attack\":\"192\",\"affinity\":30,\"coatings\":[\"Close Range\",\"Paralysis\",\"Poison\"]}',1179,1165,1179,192,160,1,1),(1180,'Wyvern Ignition \"Steel\"','great-sword',4,'wyvern-ignition-steel','{\"attack\":\"720\",\"affinity\":-15}',1180,35,1180,720,150,0,0),(1181,'Wyvern Ignition \"Impact\"','great-sword',7,'wyvern-ignition-impact','{\"attack\":\"1008\",\"affinity\":-15}',1181,85,1181,1008,210,1,2);
/*!40000 ALTER TABLE `weapons` ENABLE KEYS */;
UNLOCK TABLES;
/*!40103 SET TIME_ZONE=@OLD_TIME_ZONE */;

/*!40101 SET SQL_MODE=@OLD_SQL_MODE */;
/*!40014 SET FOREIGN_KEY_CHECKS=@OLD_FOREIGN_KEY_CHECKS */;
/*!40014 SET UNIQUE_CHECKS=@OLD_UNIQUE_CHECKS */;
/*!40101 SET CHARACTER_SET_CLIENT=@OLD_CHARACTER_SET_CLIENT */;
/*!40101 SET CHARACTER_SET_RESULTS=@OLD_CHARACTER_SET_RESULTS */;
/*!40101 SET COLLATION_CONNECTION=@OLD_COLLATION_CONNECTION */;
/*!40111 SET SQL_NOTES=@OLD_SQL_NOTES */;

-- Dump completed on 2018-05-11 15:49:16
